solid OpenSCAD_Model
  facet normal 0.99786 0.0653894 0
    outer loop
      vertex 7.43959 0.92172 11.4878
      vertex 7.43584 0.978946 10.99
      vertex 7.43584 0.978946 11.4449
    endloop
  endfacet
  facet normal 0.997858 0.0654126 2.46439e-05
    outer loop
      vertex 7.47774 0.339561 11.9855
      vertex 7.43959 0.92172 11.4878
      vertex 7.43963 0.921084 11.5563
    endloop
  endfacet
  facet normal 0.997859 0.0653969 6.14174e-06
    outer loop
      vertex 7.5 0 10.99
      vertex 7.43959 0.92172 11.4878
      vertex 7.47774 0.339561 11.9855
    endloop
  endfacet
  facet normal 0.997864 0.0653186 -0.000104476
    outer loop
      vertex 7.5 0 12.2997
      vertex 7.47774 0.339561 11.9855
      vertex 7.47779 0.338908 12.0548
    endloop
  endfacet
  facet normal 0.997858 0.0654148 -0
    outer loop
      vertex 7.5 0 10.99
      vertex 7.47774 0.339561 11.9855
      vertex 7.5 0 12.2997
    endloop
  endfacet
  facet normal 0.997859 0.0653996 1.17261e-06
    outer loop
      vertex 7.43959 0.92172 11.4878
      vertex 7.5 0 10.99
      vertex 7.43584 0.978946 10.99
    endloop
  endfacet
  facet normal 0.99786 0.065388 6.22868e-06
    outer loop
      vertex 7.5 0 49.6556
      vertex 7.43584 0.978946 51.4879
      vertex 7.46395 0.54994 51.8064
    endloop
  endfacet
  facet normal 0.99786 0.0653904 0
    outer loop
      vertex 7.43584 0.978946 51.4879
      vertex 7.47014 0.455527 49.3176
      vertex 7.43584 0.978946 48.8677
    endloop
  endfacet
  facet normal 0.997864 0.0653202 -0.000108231
    outer loop
      vertex 7.5 0 52.2761
      vertex 7.46395 0.54994 51.8064
      vertex 7.464 0.549291 51.8757
    endloop
  endfacet
  facet normal 0.997858 0.0654227 3.76685e-05
    outer loop
      vertex 7.43584 0.978946 48.8677
      vertex 7.47014 0.455527 49.3176
      vertex 7.4701 0.456177 49.2483
    endloop
  endfacet
  facet normal 0.997858 0.0654122 0
    outer loop
      vertex 7.46395 0.54994 51.8064
      vertex 7.5 0 52.2761
      vertex 7.5 0 49.6556
    endloop
  endfacet
  facet normal 0.997859 0.0654071 -4.03686e-06
    outer loop
      vertex 7.43584 0.978946 51.4879
      vertex 7.5 0 49.6556
      vertex 7.47014 0.455527 49.3176
    endloop
  endfacet
  facet normal -0.99786 0.0653891 -5.80868e-06
    outer loop
      vertex -7.5 0 32.2878
      vertex -7.43584 0.978946 30.5233
      vertex -7.44642 0.817481 30.4027
    endloop
  endfacet
  facet normal -0.997861 0.0653728 0
    outer loop
      vertex -7.43584 0.978946 30.5233
      vertex -7.45247 0.725103 32.8915
      vertex -7.43584 0.978946 33.1429
    endloop
  endfacet
  facet normal -0.997858 0.065422 -2.93356e-05
    outer loop
      vertex -7.48467 0.233845 29.9049
      vertex -7.44642 0.817481 30.4027
      vertex -7.44646 0.81684 30.3338
    endloop
  endfacet
  facet normal -0.997858 0.0654118 -3.95683e-05
    outer loop
      vertex -7.43584 0.978946 33.1429
      vertex -7.45247 0.725103 32.8915
      vertex -7.45243 0.725755 32.9606
    endloop
  endfacet
  facet normal -0.997859 0.0653986 -1.70064e-06
    outer loop
      vertex -7.44642 0.817481 30.4027
      vertex -7.48467 0.233845 29.9049
      vertex -7.5 0 32.2878
    endloop
  endfacet
  facet normal -0.997858 0.0654099 3.98974e-06
    outer loop
      vertex -7.43584 0.978946 30.5233
      vertex -7.49071 0.141764 32.3937
      vertex -7.45247 0.725103 32.8915
    endloop
  endfacet
  facet normal -0.997865 0.0653101 0.000104859
    outer loop
      vertex -7.5 0 29.6681
      vertex -7.48467 0.233845 29.9049
      vertex -7.48472 0.233192 29.8358
    endloop
  endfacet
  facet normal -0.997857 0.0654375 -2.85302e-05
    outer loop
      vertex -7.45247 0.725103 32.8915
      vertex -7.49071 0.141764 32.3937
      vertex -7.49067 0.142404 32.4626
    endloop
  endfacet
  facet normal -0.997858 0.0654158 0
    outer loop
      vertex -7.48467 0.233845 29.9049
      vertex -7.5 0 29.6681
      vertex -7.5 0 32.2878
    endloop
  endfacet
  facet normal -0.99786 0.0653936 -3.29947e-06
    outer loop
      vertex -7.43584 0.978946 30.5233
      vertex -7.5 0 32.2878
      vertex -7.49071 0.141764 32.3937
    endloop
  endfacet
  facet normal -0.997859 0.0653962 -1.78958e-06
    outer loop
      vertex -7.5 0 72.3315
      vertex -7.43584 0.978946 70.4991
      vertex -7.46012 0.608458 70.2236
    endloop
  endfacet
  facet normal -0.997859 0.0653969 0
    outer loop
      vertex -7.43584 0.978946 70.4991
      vertex -7.4663 0.514172 72.7124
      vertex -7.43584 0.978946 73.1189
    endloop
  endfacet
  facet normal -0.997858 0.0654242 -3.57948e-05
    outer loop
      vertex -7.49861 0.0211317 69.7258
      vertex -7.46012 0.608458 70.2236
      vertex -7.46016 0.60781 70.1543
    endloop
  endfacet
  facet normal -0.997857 0.0654306 -3.86876e-05
    outer loop
      vertex -7.43584 0.978946 73.1189
      vertex -7.4663 0.514172 72.7124
      vertex -7.46626 0.514823 72.7817
    endloop
  endfacet
  facet normal -0.997859 0.0653956 -1.95854e-06
    outer loop
      vertex -7.46012 0.608458 70.2236
      vertex -7.49861 0.0211317 69.7258
      vertex -7.5 0 72.3315
    endloop
  endfacet
  facet normal -0.997871 0.0652122 0.000108397
    outer loop
      vertex -7.5 0 69.6428
      vertex -7.49861 0.0211317 69.7258
      vertex -7.49866 0.0204803 69.6574
    endloop
  endfacet
  facet normal -0.997844 0.0656361 0
    outer loop
      vertex -7.5 0 72.3315
      vertex -7.49861 0.0211317 69.7258
      vertex -7.5 0 69.6428
    endloop
  endfacet
  facet normal -0.997859 0.0654013 9.14111e-07
    outer loop
      vertex -7.43584 0.978946 70.4991
      vertex -7.5 0 72.3315
      vertex -7.4663 0.514172 72.7124
    endloop
  endfacet
  facet normal 0.0654316 0.997857 -4.06437e-05
    outer loop
      vertex 0.978946 7.43584 43.1368
      vertex 0.672233 7.45594 42.8467
      vertex 0.672886 7.4559 42.9159
    endloop
  endfacet
  facet normal 0.0654169 0.997858 -2.65552e-05
    outer loop
      vertex 0.672233 7.45594 42.8467
      vertex 0.0896402 7.49412 42.349
      vertex 0.0902782 7.49408 42.4176
    endloop
  endfacet
  facet normal 0.0653933 0.99786 -0
    outer loop
      vertex 0.978946 7.43584 40.5174
      vertex 0.672233 7.45594 42.8467
      vertex 0.978946 7.43584 43.1368
    endloop
  endfacet
  facet normal 0.0653942 0.99786 1.23641e-07
    outer loop
      vertex 0.978946 7.43584 40.5174
      vertex 0.0896402 7.49412 42.349
      vertex 0.672233 7.45594 42.8467
    endloop
  endfacet
  facet normal 0.0654387 0.997857 2.17852e-05
    outer loop
      vertex 0.978946 7.43584 40.5174
      vertex 0 7.5 42.2819
      vertex 0.0896402 7.49412 42.349
    endloop
  endfacet
  facet normal 0.0653921 0.99786 -4.15377e-06
    outer loop
      vertex 0.765301 7.44984 40.3579
      vertex 0 7.5 42.2819
      vertex 0.978946 7.43584 40.5174
    endloop
  endfacet
  facet normal 0.0654333 0.997857 -3.12948e-05
    outer loop
      vertex 0.180836 7.48815 39.8601
      vertex 0.765301 7.44984 40.3579
      vertex 0.764658 7.44988 40.2889
    endloop
  endfacet
  facet normal 0.0654057 0.997859 1.27056e-06
    outer loop
      vertex 0.765301 7.44984 40.3579
      vertex 0.180836 7.48815 39.8601
      vertex 0 7.5 42.2819
    endloop
  endfacet
  facet normal 0.0654323 0.997857 -3.98777e-05
    outer loop
      vertex 0 7.5 39.6618
      vertex 0.180836 7.48815 39.8601
      vertex 0.180184 7.48819 39.7912
    endloop
  endfacet
  facet normal 0.0653887 0.99786 0
    outer loop
      vertex 0.180836 7.48815 39.8601
      vertex 0 7.5 39.6618
      vertex 0 7.5 42.2819
    endloop
  endfacet
  facet normal 0.751817 0.659371 -1.85246e-05
    outer loop
      vertex 5.95015 4.56571 45.5143
      vertex 5.3033 5.3033 47.279
      vertex 5.34532 5.25539 47.3266
    endloop
  endfacet
  facet normal 0.751835 0.659351 0
    outer loop
      vertex 5.3033 5.3033 47.279
      vertex 5.40525 5.18705 44.8378
      vertex 5.3033 5.3033 44.6587
    endloop
  endfacet
  facet normal 0.751842 0.659343 1.03651e-05
    outer loop
      vertex 5.73004 4.81669 47.8243
      vertex 5.34532 5.25539 47.3266
      vertex 5.34574 5.25491 47.3952
    endloop
  endfacet
  facet normal 0.751837 0.659349 -3.03701e-06
    outer loop
      vertex 5.3033 5.3033 44.6587
      vertex 5.40525 5.18705 44.8378
      vertex 5.40482 5.18754 44.7689
    endloop
  endfacet
  facet normal 0.751846 0.659339 3.4553e-06
    outer loop
      vertex 5.34532 5.25539 47.3266
      vertex 5.73004 4.81669 47.8243
      vertex 5.95015 4.56571 45.5143
    endloop
  endfacet
  facet normal 0.751842 0.659343 7.06286e-07
    outer loop
      vertex 5.3033 5.3033 47.279
      vertex 5.79173 4.74635 45.3355
      vertex 5.40525 5.18705 44.8378
    endloop
  endfacet
  facet normal 0.751832 0.659355 -2.94344e-06
    outer loop
      vertex 5.95015 4.56571 48.1338
      vertex 5.73004 4.81669 47.8243
      vertex 5.73047 4.8162 47.8936
    endloop
  endfacet
  facet normal 0.751783 0.65941 0.000106544
    outer loop
      vertex 5.40525 5.18705 44.8378
      vertex 5.79173 4.74635 45.3355
      vertex 5.79131 4.74684 45.2664
    endloop
  endfacet
  facet normal 0.75183 0.659357 0
    outer loop
      vertex 5.73004 4.81669 47.8243
      vertex 5.95015 4.56571 48.1338
      vertex 5.95015 4.56571 45.5143
    endloop
  endfacet
  facet normal 0.751835 0.659351 -3.37633e-06
    outer loop
      vertex 5.3033 5.3033 47.279
      vertex 5.95015 4.56571 45.5143
      vertex 5.79173 4.74635 45.3355
    endloop
  endfacet
  facet normal -0.659342 0.751844 -1.74817e-05
    outer loop
      vertex -4.56571 5.95015 77.69
      vertex -5.3033 5.3033 77.3283
      vertex -4.93569 5.62569 77.69
    endloop
  endfacet
  facet normal -0.659346 0.751839 0
    outer loop
      vertex -4.56571 5.95015 75.4959
      vertex -5.3033 5.3033 77.3283
      vertex -4.56571 5.95015 77.69
    endloop
  endfacet
  facet normal -0.659345 0.75184 7.99076e-07
    outer loop
      vertex -4.86459 5.68804 75.2012
      vertex -5.3033 5.3033 77.3283
      vertex -4.56571 5.95015 75.4959
    endloop
  endfacet
  facet normal -0.659345 0.75184 -3.05864e-06
    outer loop
      vertex -5.3033 5.3033 74.7075
      vertex -4.86459 5.68804 75.2012
      vertex -4.86508 5.68761 75.1319
    endloop
  endfacet
  facet normal -0.659347 0.751838 0
    outer loop
      vertex -4.86459 5.68804 75.2012
      vertex -5.3033 5.3033 74.7075
      vertex -5.3033 5.3033 77.3283
    endloop
  endfacet
  facet normal -0.659337 0.751848 -1.65439e-05
    outer loop
      vertex -4.56571 5.95015 38.1399
      vertex -4.7769 5.76494 37.8691
      vertex -4.7764 5.76538 37.9383
    endloop
  endfacet
  facet normal -0.659348 0.751838 1.03973e-05
    outer loop
      vertex -4.7769 5.76494 37.8691
      vertex -5.21613 5.37975 37.3713
      vertex -5.21565 5.38017 37.4401
    endloop
  endfacet
  facet normal -0.659349 0.751837 0
    outer loop
      vertex -4.56571 5.95015 35.5204
      vertex -4.7769 5.76494 37.8691
      vertex -4.56571 5.95015 38.1399
    endloop
  endfacet
  facet normal -0.659342 0.751843 1.00016e-06
    outer loop
      vertex -4.56571 5.95015 35.5204
      vertex -5.21613 5.37975 37.3713
      vertex -4.7769 5.76494 37.8691
    endloop
  endfacet
  facet normal -0.65936 0.751828 -9.81572e-06
    outer loop
      vertex -4.56571 5.95015 35.5204
      vertex -5.3033 5.3033 37.2848
      vertex -5.21613 5.37975 37.3713
    endloop
  endfacet
  facet normal -0.659355 0.751831 -6.72646e-06
    outer loop
      vertex -4.70702 5.82622 35.3803
      vertex -5.3033 5.3033 37.2848
      vertex -4.56571 5.95015 35.5204
    endloop
  endfacet
  facet normal -0.659349 0.751837 1.03774e-05
    outer loop
      vertex -5.14707 5.44031 34.8825
      vertex -4.70702 5.82622 35.3803
      vertex -4.7075 5.8258 35.3113
    endloop
  endfacet
  facet normal -0.659343 0.751843 3.51906e-07
    outer loop
      vertex -4.70702 5.82622 35.3803
      vertex -5.14707 5.44031 34.8825
      vertex -5.3033 5.3033 37.2848
    endloop
  endfacet
  facet normal -0.659343 0.751842 -3.09942e-06
    outer loop
      vertex -5.3033 5.3033 34.665
      vertex -5.14707 5.44031 34.8825
      vertex -5.14756 5.43988 34.8135
    endloop
  endfacet
  facet normal -0.659346 0.75184 0
    outer loop
      vertex -5.14707 5.44031 34.8825
      vertex -5.3033 5.3033 34.665
      vertex -5.3033 5.3033 37.2848
    endloop
  endfacet
  facet normal -0.321435 0.946932 6.26656e-06
    outer loop
      vertex -2.33063 7.11223 77.6207
      vertex -2.87012 6.9291 77.69
      vertex -2.33001 7.11244 77.69
    endloop
  endfacet
  facet normal -0.321436 0.946931 0
    outer loop
      vertex -2.87012 6.9291 77.69
      vertex -2.33063 7.11223 77.6207
      vertex -2.87012 6.9291 77.2061
    endloop
  endfacet
  facet normal -0.32142 0.946937 6.12275e-06
    outer loop
      vertex -1.94114 7.24444 40.6384
      vertex -2.21967 7.1499 40.3579
      vertex -2.21905 7.15011 40.4271
    endloop
  endfacet
  facet normal -0.321521 0.946902 9.80724e-05
    outer loop
      vertex -2.21967 7.1499 40.3579
      vertex -2.7727 6.96217 39.8601
      vertex -2.77209 6.96237 39.9289
    endloop
  endfacet
  facet normal -0.321414 0.946939 0
    outer loop
      vertex -1.94114 7.24444 38.0189
      vertex -2.21967 7.1499 40.3579
      vertex -1.94114 7.24444 40.6384
    endloop
  endfacet
  facet normal -0.321439 0.94693 -3.29312e-06
    outer loop
      vertex -1.94114 7.24444 38.0189
      vertex -2.7727 6.96217 39.8601
      vertex -2.21967 7.1499 40.3579
    endloop
  endfacet
  facet normal -0.32144 0.94693 -3.68208e-06
    outer loop
      vertex -1.94114 7.24444 38.0189
      vertex -2.87012 6.9291 39.7833
      vertex -2.7727 6.96217 39.8601
    endloop
  endfacet
  facet normal -0.321411 0.94694 1.3405e-05
    outer loop
      vertex -2.1315 7.17983 37.8691
      vertex -2.87012 6.9291 39.7833
      vertex -1.94114 7.24444 38.0189
    endloop
  endfacet
  facet normal -0.321417 0.946938 -4.04754e-05
    outer loop
      vertex -2.68593 6.99162 37.3713
      vertex -2.1315 7.17983 37.8691
      vertex -2.13211 7.17962 37.8001
    endloop
  endfacet
  facet normal -0.321447 0.946927 -2.27711e-06
    outer loop
      vertex -2.1315 7.17983 37.8691
      vertex -2.68593 6.99162 37.3713
      vertex -2.87012 6.9291 39.7833
    endloop
  endfacet
  facet normal -0.321427 0.946934 6.21902e-06
    outer loop
      vertex -2.87012 6.9291 37.1634
      vertex -2.68593 6.99162 37.3713
      vertex -2.68655 6.99141 37.3024
    endloop
  endfacet
  facet normal -0.321421 0.946937 0
    outer loop
      vertex -2.68593 6.99162 37.3713
      vertex -2.87012 6.9291 37.1634
      vertex -2.87012 6.9291 39.7833
    endloop
  endfacet
  facet normal 0.946918 0.321475 -2.42577e-05
    outer loop
      vertex 7.24444 1.94114 48.0128
      vertex 6.9291 2.87012 49.7775
      vertex 6.94539 2.82214 49.8154
    endloop
  endfacet
  facet normal 0.946935 0.321424 0
    outer loop
      vertex 6.9291 2.87012 49.7775
      vertex 6.97452 2.73631 47.3266
      vertex 6.9291 2.87012 47.1571
    endloop
  endfacet
  facet normal 0.946905 0.321512 9.84148e-05
    outer loop
      vertex 7.13289 2.26977 50.3131
      vertex 6.94539 2.82214 49.8154
      vertex 6.94559 2.82153 49.8839
    endloop
  endfacet
  facet normal 0.946933 0.321432 6.2648e-06
    outer loop
      vertex 6.9291 2.87012 47.1571
      vertex 6.97452 2.73631 47.3266
      vertex 6.97431 2.73693 47.2577
    endloop
  endfacet
  facet normal 0.946933 0.321432 -8.26319e-07
    outer loop
      vertex 6.94539 2.82214 49.8154
      vertex 7.13289 2.26977 50.3131
      vertex 7.24444 1.94114 48.0128
    endloop
  endfacet
  facet normal 0.946928 0.321446 -1.28538e-06
    outer loop
      vertex 6.9291 2.87012 49.7775
      vertex 7.16301 2.18105 47.8243
      vertex 6.97452 2.73631 47.3266
    endloop
  endfacet
  facet normal 0.946933 0.321432 6.23706e-06
    outer loop
      vertex 7.24444 1.94114 50.6323
      vertex 7.13289 2.26977 50.3131
      vertex 7.1331 2.26915 50.3824
    endloop
  endfacet
  facet normal 0.946939 0.321414 -4.04425e-05
    outer loop
      vertex 6.97452 2.73631 47.3266
      vertex 7.16301 2.18105 47.8243
      vertex 7.1628 2.18166 47.7552
    endloop
  endfacet
  facet normal 0.946934 0.321427 0
    outer loop
      vertex 7.13289 2.26977 50.3131
      vertex 7.24444 1.94114 50.6323
      vertex 7.24444 1.94114 48.0128
    endloop
  endfacet
  facet normal 0.946938 0.321417 1.00915e-05
    outer loop
      vertex 6.9291 2.87012 49.7775
      vertex 7.24444 1.94114 48.0128
      vertex 7.16301 2.18105 47.8243
    endloop
  endfacet
  facet normal 0.980784 0.195096 -0
    outer loop
      vertex 7.43584 0.978946 10.99
      vertex 7.33232 1.49936 11.0593
      vertex 7.43584 0.978946 11.4449
    endloop
  endfacet
  facet normal 0.980783 0.195101 -3.80541e-05
    outer loop
      vertex 7.33232 1.49936 11.0593
      vertex 7.43584 0.978946 10.99
      vertex 7.33219 1.5 10.99
    endloop
  endfacet
  facet normal 0.980783 0.195104 -3.37262e-06
    outer loop
      vertex 7.43584 0.978946 48.8677
      vertex 7.24444 1.94114 50.6323
      vertex 7.29126 1.70578 50.8109
    endloop
  endfacet
  facet normal 0.980784 0.195095 0
    outer loop
      vertex 7.24444 1.94114 50.6323
      vertex 7.30951 1.61402 48.3221
      vertex 7.24444 1.94114 48.0128
    endloop
  endfacet
  facet normal 0.980793 0.195054 -3.86206e-05
    outer loop
      vertex 7.40561 1.13089 51.3087
      vertex 7.29126 1.70578 50.8109
      vertex 7.29139 1.70514 50.88
    endloop
  endfacet
  facet normal 0.980791 0.195061 -3.84435e-05
    outer loop
      vertex 7.24444 1.94114 48.0128
      vertex 7.30951 1.61402 48.3221
      vertex 7.30938 1.61466 48.2528
    endloop
  endfacet
  facet normal 0.980786 0.195088 2.73775e-06
    outer loop
      vertex 7.29126 1.70578 50.8109
      vertex 7.40561 1.13089 51.3087
      vertex 7.43584 0.978946 48.8677
    endloop
  endfacet
  facet normal 0.980784 0.195097 -2.84339e-07
    outer loop
      vertex 7.24444 1.94114 50.6323
      vertex 7.42335 1.04173 48.8199
      vertex 7.30951 1.61402 48.3221
    endloop
  endfacet
  facet normal 0.98078 0.195119 -9.79331e-06
    outer loop
      vertex 7.43584 0.978946 51.4879
      vertex 7.40561 1.13089 51.3087
      vertex 7.40574 1.13024 51.3775
    endloop
  endfacet
  facet normal 0.980795 0.195041 -6.73558e-05
    outer loop
      vertex 7.30951 1.61402 48.3221
      vertex 7.42335 1.04173 48.8199
      vertex 7.42322 1.04236 48.7512
    endloop
  endfacet
  facet normal 0.980777 0.19513 0
    outer loop
      vertex 7.40561 1.13089 51.3087
      vertex 7.43584 0.978946 51.4879
      vertex 7.43584 0.978946 48.8677
    endloop
  endfacet
  facet normal 0.980782 0.195108 -5.91454e-06
    outer loop
      vertex 7.24444 1.94114 50.6323
      vertex 7.43584 0.978946 48.8677
      vertex 7.42335 1.04173 48.8199
    endloop
  endfacet
  facet normal 0.896877 0.442281 5.17832e-06
    outer loop
      vertex 6.9291 2.87012 47.1571
      vertex 6.49519 3.75 48.9895
      vertex 6.69115 3.35262 49.3176
    endloop
  endfacet
  facet normal 0.896876 0.442282 0
    outer loop
      vertex 6.49519 3.75 48.9895
      vertex 6.733 3.26776 46.8288
      vertex 6.49519 3.75 46.3691
    endloop
  endfacet
  facet normal 0.896887 0.44226 -5.1752e-05
    outer loop
      vertex 6.9291 2.87012 49.7775
      vertex 6.69115 3.35262 49.3176
      vertex 6.69144 3.35204 49.3869
    endloop
  endfacet
  facet normal 0.896822 0.442392 0.00014287
    outer loop
      vertex 6.49519 3.75 46.3691
      vertex 6.733 3.26776 46.8288
      vertex 6.73272 3.26835 46.7595
    endloop
  endfacet
  facet normal 0.896867 0.4423 0
    outer loop
      vertex 6.69115 3.35262 49.3176
      vertex 6.9291 2.87012 49.7775
      vertex 6.9291 2.87012 47.1571
    endloop
  endfacet
  facet normal 0.896869 0.442296 -3.96262e-06
    outer loop
      vertex 6.49519 3.75 48.9895
      vertex 6.9291 2.87012 47.1571
      vertex 6.733 3.26776 46.8288
    endloop
  endfacet
  facet normal 0.442302 0.896866 -1.25246e-05
    outer loop
      vertex 3.75 6.49519 45.6353
      vertex 3.46246 6.63699 45.3355
      vertex 3.46305 6.6367 45.4047
    endloop
  endfacet
  facet normal 0.442304 0.896865 -1.44475e-05
    outer loop
      vertex 3.46246 6.63699 45.3355
      vertex 2.93899 6.89514 44.8378
      vertex 2.93956 6.89486 44.9064
    endloop
  endfacet
  facet normal 0.442291 0.896872 -0
    outer loop
      vertex 3.75 6.49519 43.0159
      vertex 3.46246 6.63699 45.3355
      vertex 3.75 6.49519 45.6353
    endloop
  endfacet
  facet normal 0.442293 0.896871 2.67604e-07
    outer loop
      vertex 3.75 6.49519 43.0159
      vertex 2.93899 6.89514 44.8378
      vertex 3.46246 6.63699 45.3355
    endloop
  endfacet
  facet normal 0.442267 0.896883 -1.38521e-05
    outer loop
      vertex 3.75 6.49519 43.0159
      vertex 2.87012 6.9291 44.7804
      vertex 2.93899 6.89514 44.8378
    endloop
  endfacet
  facet normal 0.442281 0.896877 -5.57308e-06
    outer loop
      vertex 3.54624 6.59567 42.8467
      vertex 2.87012 6.9291 44.7804
      vertex 3.75 6.49519 43.0159
    endloop
  endfacet
  facet normal 0.442196 0.896919 0.000116735
    outer loop
      vertex 3.02073 6.85482 42.349
      vertex 3.54624 6.59567 42.8467
      vertex 3.54567 6.59596 42.7777
    endloop
  endfacet
  facet normal 0.442287 0.896874 -2.8519e-06
    outer loop
      vertex 3.54624 6.59567 42.8467
      vertex 3.02073 6.85482 42.349
      vertex 2.87012 6.9291 44.7804
    endloop
  endfacet
  facet normal 0.442272 0.896881 5.1854e-05
    outer loop
      vertex 2.87012 6.9291 42.1603
      vertex 3.02073 6.85482 42.349
      vertex 3.02015 6.85511 42.28
    endloop
  endfacet
  facet normal 0.442324 0.896855 0
    outer loop
      vertex 3.02073 6.85482 42.349
      vertex 2.87012 6.9291 42.1603
      vertex 2.87012 6.9291 44.7804
    endloop
  endfacet
  facet normal 0.321402 0.946943 4.04408e-05
    outer loop
      vertex 2.87012 6.9291 44.7804
      vertex 2.3856 7.09357 44.34
      vertex 2.38621 7.09336 44.4093
    endloop
  endfacet
  facet normal 0.321435 0.946932 -0
    outer loop
      vertex 2.87012 6.9291 42.1603
      vertex 2.3856 7.09357 44.34
      vertex 2.87012 6.9291 44.7804
    endloop
  endfacet
  facet normal 0.321433 0.946932 -6.69366e-07
    outer loop
      vertex 2.87012 6.9291 42.1603
      vertex 1.94114 7.24444 43.9926
      vertex 2.3856 7.09357 44.34
    endloop
  endfacet
  facet normal 0.321432 0.946933 -1.23735e-06
    outer loop
      vertex 2.47518 7.06316 41.8512
      vertex 1.94114 7.24444 43.9926
      vertex 2.87012 6.9291 42.1603
    endloop
  endfacet
  facet normal 0.321441 0.94693 -6.32458e-06
    outer loop
      vertex 1.94114 7.24444 41.372
      vertex 2.47518 7.06316 41.8512
      vertex 2.47456 7.06337 41.7819
    endloop
  endfacet
  facet normal 0.321436 0.946931 0
    outer loop
      vertex 2.47518 7.06316 41.8512
      vertex 1.94114 7.24444 41.372
      vertex 1.94114 7.24444 43.9926
    endloop
  endfacet
  facet normal 0.55564 0.831423 -9.12887e-05
    outer loop
      vertex 4.56571 5.95015 46.4911
      vertex 4.45904 6.02142 46.331
      vertex 4.45959 6.02106 46.3999
    endloop
  endfacet
  facet normal 0.555609 0.831444 -5.01765e-05
    outer loop
      vertex 4.45904 6.02142 46.331
      vertex 3.9713 6.34732 45.8333
      vertex 3.97183 6.34697 45.9024
    endloop
  endfacet
  facet normal 0.555545 0.831486 -0
    outer loop
      vertex 4.56571 5.95015 43.8706
      vertex 4.45904 6.02142 46.331
      vertex 4.56571 5.95015 46.4911
    endloop
  endfacet
  facet normal 0.555572 0.831468 1.67418e-06
    outer loop
      vertex 4.56571 5.95015 43.8706
      vertex 3.9713 6.34732 45.8333
      vertex 4.45904 6.02142 46.331
    endloop
  endfacet
  facet normal 0.555574 0.831467 2.53896e-06
    outer loop
      vertex 4.56571 5.95015 43.8706
      vertex 3.75 6.49519 45.6353
      vertex 3.9713 6.34732 45.8333
    endloop
  endfacet
  facet normal 0.5556 0.83145 2.003e-05
    outer loop
      vertex 4.53418 5.97122 43.8422
      vertex 3.75 6.49519 45.6353
      vertex 4.56571 5.95015 43.8706
    endloop
  endfacet
  facet normal 0.555598 0.831451 -5.0502e-05
    outer loop
      vertex 4.0493 6.2952 43.3445
      vertex 4.53418 5.97122 43.8422
      vertex 4.53365 5.97157 43.7737
    endloop
  endfacet
  facet normal 0.555564 0.831473 -2.59872e-06
    outer loop
      vertex 4.53418 5.97122 43.8422
      vertex 4.0493 6.2952 43.3445
      vertex 3.75 6.49519 45.6353
    endloop
  endfacet
  facet normal 0.555494 0.831521 0.000111052
    outer loop
      vertex 3.75 6.49519 43.0159
      vertex 4.0493 6.2952 43.3445
      vertex 4.04876 6.29557 43.2752
    endloop
  endfacet
  facet normal 0.555578 0.831464 0
    outer loop
      vertex 4.0493 6.2952 43.3445
      vertex 3.75 6.49519 43.0159
      vertex 3.75 6.49519 45.6353
    endloop
  endfacet
  facet normal -0.896872 0.442289 -1.50086e-07
    outer loop
      vertex -6.9291 2.87012 34.7863
      vertex -6.49519 3.75 33.0218
      vertex -6.57254 3.59315 32.8915
    endloop
  endfacet
  facet normal -0.896865 0.442305 0
    outer loop
      vertex -6.49519 3.75 33.0218
      vertex -6.61357 3.50996 35.3803
      vertex -6.49519 3.75 35.6414
    endloop
  endfacet
  facet normal -0.896866 0.442302 -1.43662e-05
    outer loop
      vertex -6.83132 3.0684 32.3937
      vertex -6.57254 3.59315 32.8915
      vertex -6.57282 3.59258 32.8226
    endloop
  endfacet
  facet normal -0.896887 0.442259 5.19076e-05
    outer loop
      vertex -6.49519 3.75 35.6414
      vertex -6.61357 3.50996 35.3803
      vertex -6.61328 3.51054 35.4494
    endloop
  endfacet
  facet normal -0.896872 0.442291 5.58566e-07
    outer loop
      vertex -6.57254 3.59315 32.8915
      vertex -6.83132 3.0684 32.3937
      vertex -6.9291 2.87012 34.7863
    endloop
  endfacet
  facet normal -0.896873 0.442287 -2.22992e-06
    outer loop
      vertex -6.49519 3.75 33.0218
      vertex -6.87204 2.98583 34.8825
      vertex -6.61357 3.50996 35.3803
    endloop
  endfacet
  facet normal -0.896898 0.442237 5.22138e-05
    outer loop
      vertex -6.9291 2.87012 32.1665
      vertex -6.83132 3.0684 32.3937
      vertex -6.83161 3.06782 32.3247
    endloop
  endfacet
  facet normal -0.896918 0.442196 0.000116901
    outer loop
      vertex -6.61357 3.50996 35.3803
      vertex -6.87204 2.98583 34.8825
      vertex -6.87175 2.9864 34.9514
    endloop
  endfacet
  facet normal -0.896874 0.442286 0
    outer loop
      vertex -6.83132 3.0684 32.3937
      vertex -6.9291 2.87012 32.1665
      vertex -6.9291 2.87012 34.7863
    endloop
  endfacet
  facet normal -0.896877 0.442281 -5.50675e-06
    outer loop
      vertex -6.49519 3.75 33.0218
      vertex -6.9291 2.87012 34.7863
      vertex -6.87204 2.98583 34.8825
    endloop
  endfacet
  facet normal -0.89687 0.442294 2.4246e-06
    outer loop
      vertex -6.9291 2.87012 74.8299
      vertex -6.49519 3.75 72.9975
      vertex -6.66521 3.40524 72.7124
    endloop
  endfacet
  facet normal -0.896873 0.442288 0
    outer loop
      vertex -6.49519 3.75 72.9975
      vertex -6.70702 3.32045 75.2012
      vertex -6.49519 3.75 75.6174
    endloop
  endfacet
  facet normal -0.896823 0.44239 -0.000142856
    outer loop
      vertex -6.92565 2.87711 72.2146
      vertex -6.66521 3.40524 72.7124
      vertex -6.66549 3.40465 72.6431
    endloop
  endfacet
  facet normal -0.896868 0.442297 -1.24616e-05
    outer loop
      vertex -6.49519 3.75 75.6174
      vertex -6.70702 3.32045 75.2012
      vertex -6.70673 3.32104 75.2705
    endloop
  endfacet
  facet normal -0.896876 0.442283 -1.01878e-06
    outer loop
      vertex -6.66521 3.40524 72.7124
      vertex -6.92565 2.87711 72.2146
      vertex -6.9291 2.87012 74.8299
    endloop
  endfacet
  facet normal -0.896948 0.442135 5.37497e-05
    outer loop
      vertex -6.9291 2.87012 72.1412
      vertex -6.92565 2.87711 72.2146
      vertex -6.92594 2.87653 72.1462
    endloop
  endfacet
  facet normal -0.896872 0.442291 8.25407e-07
    outer loop
      vertex -6.49519 3.75 72.9975
      vertex -6.9291 2.87012 74.8299
      vertex -6.70702 3.32045 75.2012
    endloop
  endfacet
  facet normal -0.896724 0.442589 0
    outer loop
      vertex -6.9291 2.87012 74.8299
      vertex -6.92565 2.87711 72.2146
      vertex -6.9291 2.87012 72.1412
    endloop
  endfacet
  facet normal -0.946929 0.321444 5.88295e-06
    outer loop
      vertex -7.24444 1.94114 33.999
      vertex -6.9291 2.87012 32.1665
      vertex -7.04629 2.5249 31.896
    endloop
  endfacet
  facet normal -0.946931 0.321438 0
    outer loop
      vertex -6.9291 2.87012 32.1665
      vertex -7.07665 2.43545 34.3848
      vertex -6.9291 2.87012 34.7863
    endloop
  endfacet
  facet normal -0.946893 0.321549 -0.000144033
    outer loop
      vertex -7.23544 1.96767 31.3982
      vertex -7.04629 2.5249 31.896
      vertex -7.04649 2.52428 31.8267
    endloop
  endfacet
  facet normal -0.946942 0.321405 4.04161e-05
    outer loop
      vertex -6.9291 2.87012 34.7863
      vertex -7.07665 2.43545 34.3848
      vertex -7.07644 2.43606 34.4541
    endloop
  endfacet
  facet normal -0.946933 0.321432 1.99397e-06
    outer loop
      vertex -7.04629 2.5249 31.896
      vertex -7.23544 1.96767 31.3982
      vertex -7.24444 1.94114 33.999
    endloop
  endfacet
  facet normal -0.946988 0.32127 -4.67368e-06
    outer loop
      vertex -7.24444 1.94114 31.3103
      vertex -7.23544 1.96767 31.3982
      vertex -7.23565 1.96705 31.3297
    endloop
  endfacet
  facet normal -0.946992 0.321256 0
    outer loop
      vertex -7.24444 1.94114 33.999
      vertex -7.23544 1.96767 31.3982
      vertex -7.24444 1.94114 31.3103
    endloop
  endfacet
  facet normal -0.946933 0.321431 -1.61879e-06
    outer loop
      vertex -6.9291 2.87012 32.1665
      vertex -7.24444 1.94114 33.999
      vertex -7.07665 2.43545 34.3848
    endloop
  endfacet
  facet normal -0.946932 0.321433 0
    outer loop
      vertex -6.95538 2.7927 74.7034
      vertex -6.9291 2.87012 74.8299
      vertex -6.9291 2.87012 72.1412
    endloop
  endfacet
  facet normal -0.946929 0.321443 -6.3968e-06
    outer loop
      vertex -6.9291 2.87012 74.8299
      vertex -6.95538 2.7927 74.7034
      vertex -6.95517 2.79332 74.7721
    endloop
  endfacet
  facet normal -0.946932 0.321435 5.05665e-07
    outer loop
      vertex -7.24444 1.94114 73.974
      vertex -6.9291 2.87012 72.1412
      vertex -7.11393 2.32562 71.7169
    endloop
  endfacet
  facet normal -0.946933 0.321432 -4.42485e-08
    outer loop
      vertex -6.9291 2.87012 72.1412
      vertex -7.1442 2.23644 74.2057
      vertex -6.95538 2.7927 74.7034
    endloop
  endfacet
  facet normal -0.946931 0.321437 -6.28666e-06
    outer loop
      vertex -7.24444 1.94114 71.3544
      vertex -7.11393 2.32562 71.7169
      vertex -7.11414 2.325 71.6476
    endloop
  endfacet
  facet normal -0.946906 0.32151 -9.73992e-05
    outer loop
      vertex -6.95538 2.7927 74.7034
      vertex -7.1442 2.23644 74.2057
      vertex -7.144 2.23705 74.2749
    endloop
  endfacet
  facet normal -0.946933 0.321432 0
    outer loop
      vertex -7.11393 2.32562 71.7169
      vertex -7.24444 1.94114 71.3544
      vertex -7.24444 1.94114 73.974
    endloop
  endfacet
  facet normal -0.946931 0.321436 1.31837e-06
    outer loop
      vertex -6.9291 2.87012 72.1412
      vertex -7.24444 1.94114 73.974
      vertex -7.1442 2.23644 74.2057
    endloop
  endfacet
  facet normal -0.442453 0.896792 0
    outer loop
      vertex -2.88672 6.92091 77.1922
      vertex -2.87012 6.9291 77.69
      vertex -2.87012 6.9291 77.2061
    endloop
  endfacet
  facet normal -0.44229 0.896872 -6.78012e-06
    outer loop
      vertex -2.87012 6.9291 77.69
      vertex -2.88672 6.92091 77.1922
      vertex -3.75 6.49519 77.69
    endloop
  endfacet
  facet normal -0.442305 0.896865 1.44961e-05
    outer loop
      vertex -3.40952 6.66309 76.6945
      vertex -2.88672 6.92091 77.1922
      vertex -2.88729 6.92063 77.1238
    endloop
  endfacet
  facet normal -0.442289 0.896872 -5.76366e-06
    outer loop
      vertex -2.88672 6.92091 77.1922
      vertex -3.40952 6.66309 76.6945
      vertex -3.75 6.49519 77.69
    endloop
  endfacet
  facet normal -0.442391 0.896822 0.000142868
    outer loop
      vertex -3.75 6.49519 76.3514
      vertex -3.40952 6.66309 76.6945
      vertex -3.41011 6.66281 76.6252
    endloop
  endfacet
  facet normal -0.442276 0.896879 0
    outer loop
      vertex -3.40952 6.66309 76.6945
      vertex -3.75 6.49519 76.3514
      vertex -3.75 6.49519 77.69
    endloop
  endfacet
  facet normal -0.442255 0.896889 -5.18048e-05
    outer loop
      vertex -2.87012 6.9291 39.7833
      vertex -3.30544 6.71442 39.3624
      vertex -3.30486 6.71471 39.4317
    endloop
  endfacet
  facet normal -0.442295 0.89687 0
    outer loop
      vertex -2.87012 6.9291 37.1634
      vertex -3.30544 6.71442 39.3624
      vertex -2.87012 6.9291 39.7833
    endloop
  endfacet
  facet normal -0.442286 0.896874 2.31653e-06
    outer loop
      vertex -2.87012 6.9291 37.1634
      vertex -3.75 6.49519 38.9958
      vertex -3.30544 6.71442 39.3624
    endloop
  endfacet
  facet normal -0.442293 0.896871 -1.92272e-06
    outer loop
      vertex -3.22064 6.75624 36.8736
      vertex -3.75 6.49519 38.9958
      vertex -2.87012 6.9291 37.1634
    endloop
  endfacet
  facet normal -0.442299 0.896867 1.24824e-05
    outer loop
      vertex -3.74888 6.49574 36.3758
      vertex -3.22064 6.75624 36.8736
      vertex -3.22123 6.75595 36.8043
    endloop
  endfacet
  facet normal -0.442289 0.896872 -7.95466e-07
    outer loop
      vertex -3.22064 6.75624 36.8736
      vertex -3.74888 6.49574 36.3758
      vertex -3.75 6.49519 38.9958
    endloop
  endfacet
  facet normal -0.44042 0.897792 -7.47827e-06
    outer loop
      vertex -3.75 6.49519 36.307
      vertex -3.74888 6.49574 36.3758
      vertex -3.74947 6.49545 36.3074
    endloop
  endfacet
  facet normal -0.440791 0.89761 0
    outer loop
      vertex -3.74888 6.49574 36.3758
      vertex -3.75 6.49519 36.307
      vertex -3.75 6.49519 38.9958
    endloop
  endfacet
  facet normal -0.195072 0.980789 -3.86115e-05
    outer loop
      vertex -0.978946 7.43584 41.4942
      vertex -1.07862 7.41601 41.3534
      vertex -1.07798 7.41614 41.4222
    endloop
  endfacet
  facet normal -0.195147 0.980774 7.58657e-05
    outer loop
      vertex -1.07862 7.41601 41.3534
      vertex -1.65442 7.30148 40.8557
      vertex -1.65379 7.3016 40.9249
    endloop
  endfacet
  facet normal -0.195124 0.980778 0
    outer loop
      vertex -0.978946 7.43584 38.8735
      vertex -1.07862 7.41601 41.3534
      vertex -0.978946 7.43584 41.4942
    endloop
  endfacet
  facet normal -0.195086 0.980786 1.62683e-06
    outer loop
      vertex -0.978946 7.43584 38.8735
      vertex -1.65442 7.30148 40.8557
      vertex -1.07862 7.41601 41.3534
    endloop
  endfacet
  facet normal -0.195111 0.980781 -7.32073e-06
    outer loop
      vertex -0.978946 7.43584 38.8735
      vertex -1.94114 7.24444 40.6384
      vertex -1.65442 7.30148 40.8557
    endloop
  endfacet
  facet normal -0.195186 0.980766 -4.96759e-05
    outer loop
      vertex -0.990551 7.43353 38.8646
      vertex -1.94114 7.24444 40.6384
      vertex -0.978946 7.43584 38.8735
    endloop
  endfacet
  facet normal -0.195026 0.980798 -8.49082e-05
    outer loop
      vertex -1.56219 7.31982 38.3669
      vertex -0.990551 7.43353 38.8646
      vertex -0.991175 7.4334 38.7962
    endloop
  endfacet
  facet normal -0.195097 0.980784 -1.6929e-07
    outer loop
      vertex -0.990551 7.43353 38.8646
      vertex -1.56219 7.31982 38.3669
      vertex -1.94114 7.24444 40.6384
    endloop
  endfacet
  facet normal -0.195062 0.980791 -3.84316e-05
    outer loop
      vertex -1.94114 7.24444 38.0189
      vertex -1.56219 7.31982 38.3669
      vertex -1.56283 7.31969 38.2976
    endloop
  endfacet
  facet normal -0.195096 0.980784 0
    outer loop
      vertex -1.56219 7.31982 38.3669
      vertex -1.94114 7.24444 38.0189
      vertex -1.94114 7.24444 40.6384
    endloop
  endfacet
  facet normal 0.4423 -0.896867 1.24925e-05
    outer loop
      vertex 2.87012 -6.9291 19.7952
      vertex 3.21087 -6.76106 19.4519
      vertex 3.21028 -6.76135 19.5212
    endloop
  endfacet
  facet normal 0.442305 -0.896865 1.44961e-05
    outer loop
      vertex 3.21087 -6.76106 19.4519
      vertex 3.73367 -6.50324 18.9542
      vertex 3.7331 -6.50352 19.0226
    endloop
  endfacet
  facet normal 0.44229 -0.896872 0
    outer loop
      vertex 2.87012 -6.9291 17.1757
      vertex 3.21087 -6.76106 19.4519
      vertex 2.87012 -6.9291 19.7952
    endloop
  endfacet
  facet normal 0.442293 -0.896871 -5.62693e-07
    outer loop
      vertex 2.87012 -6.9291 17.1757
      vertex 3.73367 -6.50324 18.9542
      vertex 3.21087 -6.76106 19.4519
    endloop
  endfacet
  facet normal 0.442193 -0.89692 5.97321e-05
    outer loop
      vertex 2.87012 -6.9291 17.1757
      vertex 3.75 -6.49519 18.9406
      vertex 3.73367 -6.50324 18.9542
    endloop
  endfacet
  facet normal 0.442295 -0.89687 -3.09032e-06
    outer loop
      vertex 3.12657 -6.80263 16.9631
      vertex 3.75 -6.49519 18.9406
      vertex 2.87012 -6.9291 17.1757
    endloop
  endfacet
  facet normal 0.442254 -0.89689 -5.19653e-05
    outer loop
      vertex 3.653 -6.54302 16.4654
      vertex 3.12657 -6.80263 16.9631
      vertex 3.12715 -6.80234 16.894
    endloop
  endfacet
  facet normal 0.442292 -0.896871 -2.00647e-06
    outer loop
      vertex 3.12657 -6.80263 16.9631
      vertex 3.653 -6.54302 16.4654
      vertex 3.75 -6.49519 18.9406
    endloop
  endfacet
  facet normal 0.442265 -0.896884 1.22121e-05
    outer loop
      vertex 3.75 -6.49519 16.3199
      vertex 3.653 -6.54302 16.4654
      vertex 3.65359 -6.54273 16.3966
    endloop
  endfacet
  facet normal 0.442251 -0.896891 0
    outer loop
      vertex 3.653 -6.54302 16.4654
      vertex 3.75 -6.49519 16.3199
      vertex 3.75 -6.49519 18.9406
    endloop
  endfacet
  facet normal 0.447253 -0.894407 6.58064e-05
    outer loop
      vertex 2.87012 -6.9291 59.8396
      vertex 2.87151 -6.92841 59.7706
      vertex 2.87092 -6.9287 59.839
    endloop
  endfacet
  facet normal 0.442342 -0.896846 7.85236e-05
    outer loop
      vertex 2.87151 -6.92841 59.7706
      vertex 3.39974 -6.66792 59.2728
      vertex 3.39916 -6.6682 59.3421
    endloop
  endfacet
  facet normal 0.444634 -0.895712 0
    outer loop
      vertex 2.87012 -6.9291 57.1508
      vertex 2.87151 -6.92841 59.7706
      vertex 2.87012 -6.9291 59.8396
    endloop
  endfacet
  facet normal 0.442284 -0.896875 1.5531e-06
    outer loop
      vertex 2.87012 -6.9291 57.1508
      vertex 3.39974 -6.66792 59.2728
      vertex 2.87151 -6.92841 59.7706
    endloop
  endfacet
  facet normal 0.44229 -0.896872 -3.55896e-07
    outer loop
      vertex 2.87012 -6.9291 57.1508
      vertex 3.75 -6.49519 58.9832
      vertex 3.39974 -6.66792 59.2728
    endloop
  endfacet
  facet normal 0.442294 -0.89687 -2.43583e-06
    outer loop
      vertex 3.31495 -6.70973 56.784
      vertex 3.75 -6.49519 58.9832
      vertex 2.87012 -6.9291 57.1508
    endloop
  endfacet
  facet normal 0.442345 -0.896845 7.85494e-05
    outer loop
      vertex 3.75 -6.49519 56.3633
      vertex 3.31495 -6.70973 56.784
      vertex 3.31553 -6.70945 56.7147
    endloop
  endfacet
  facet normal 0.442284 -0.896875 0
    outer loop
      vertex 3.31495 -6.70973 56.784
      vertex 3.75 -6.49519 56.3633
      vertex 3.75 -6.49519 58.9832
    endloop
  endfacet
  facet normal -0.321434 -0.946932 -6.25e-06
    outer loop
      vertex -2.87012 -6.9291 24.7922
      vertex -2.48537 -7.0597 24.4296
      vertex -2.48599 -7.05949 24.4989
    endloop
  endfacet
  facet normal -0.321428 -0.946934 0
    outer loop
      vertex -2.87012 -6.9291 22.1727
      vertex -2.48537 -7.0597 24.4296
      vertex -2.87012 -6.9291 24.7922
    endloop
  endfacet
  facet normal -0.321437 -0.946931 1.54958e-06
    outer loop
      vertex -2.87012 -6.9291 22.1727
      vertex -1.94114 -7.24444 24.0055
      vertex -2.48537 -7.0597 24.4296
    endloop
  endfacet
  facet normal -0.321433 -0.946932 -6.00739e-07
    outer loop
      vertex -2.57455 -7.02943 21.9407
      vertex -1.94114 -7.24444 24.0055
      vertex -2.87012 -6.9291 22.1727
    endloop
  endfacet
  facet normal -0.321415 -0.946938 4.03749e-05
    outer loop
      vertex -2.01829 -7.21826 21.443
      vertex -2.57455 -7.02943 21.9407
      vertex -2.57394 -7.02964 21.8715
    endloop
  endfacet
  facet normal -0.321445 -0.946928 3.45938e-06
    outer loop
      vertex -2.57455 -7.02943 21.9407
      vertex -2.01829 -7.21826 21.443
      vertex -1.94114 -7.24444 24.0055
    endloop
  endfacet
  facet normal -0.32135 -0.946961 -5.45846e-06
    outer loop
      vertex -1.94114 -7.24444 21.3167
      vertex -2.01829 -7.21826 21.443
      vertex -2.01767 -7.21847 21.3743
    endloop
  endfacet
  facet normal -0.321342 -0.946963 0
    outer loop
      vertex -2.01829 -7.21826 21.443
      vertex -1.94114 -7.24444 21.3167
      vertex -1.94114 -7.24444 24.0055
    endloop
  endfacet
  facet normal -0.321402 -0.946943 4.09173e-05
    outer loop
      vertex -2.87012 -6.9291 64.8364
      vertex -2.84332 -6.9382 64.7482
      vertex -2.84393 -6.93799 64.8167
    endloop
  endfacet
  facet normal -0.321406 -0.946941 4.04633e-05
    outer loop
      vertex -2.84332 -6.9382 64.7482
      vertex -2.2861 -7.12735 64.2505
      vertex -2.28671 -7.12714 64.3197
    endloop
  endfacet
  facet normal -0.321523 -0.946902 0
    outer loop
      vertex -2.87012 -6.9291 62.1476
      vertex -2.84332 -6.9382 64.7482
      vertex -2.87012 -6.9291 64.8364
    endloop
  endfacet
  facet normal -0.321439 -0.94693 -9.59592e-07
    outer loop
      vertex -2.87012 -6.9291 62.1476
      vertex -2.2861 -7.12735 64.2505
      vertex -2.84332 -6.9382 64.7482
    endloop
  endfacet
  facet normal -0.321424 -0.946936 -5.80831e-06
    outer loop
      vertex -2.87012 -6.9291 62.1476
      vertex -1.94114 -7.24444 63.9801
      vertex -2.2861 -7.12735 64.2505
    endloop
  endfacet
  facet normal -0.321429 -0.946934 -2.766e-06
    outer loop
      vertex -2.37554 -7.09698 61.7616
      vertex -1.94114 -7.24444 63.9801
      vertex -2.87012 -6.9291 62.1476
    endloop
  endfacet
  facet normal -0.321408 -0.946941 4.03841e-05
    outer loop
      vertex -1.94114 -7.24444 61.3603
      vertex -2.37554 -7.09698 61.7616
      vertex -2.37493 -7.09719 61.6923
    endloop
  endfacet
  facet normal -0.321442 -0.946929 0
    outer loop
      vertex -2.37554 -7.09698 61.7616
      vertex -1.94114 -7.24444 61.3603
      vertex -1.94114 -7.24444 63.9801
    endloop
  endfacet
  facet normal -0.896873 -0.442289 3.30753e-07
    outer loop
      vertex -6.49519 -3.75 29.0022
      vertex -6.9291 -2.87012 27.1696
      vertex -6.77945 -3.17358 26.9184
    endloop
  endfacet
  facet normal -0.896868 -0.442298 0
    outer loop
      vertex -6.9291 -2.87012 27.1696
      vertex -6.73772 -3.25819 29.4072
      vertex -6.9291 -2.87012 29.7892
    endloop
  endfacet
  facet normal -0.896893 -0.442249 -5.18707e-05
    outer loop
      vertex -6.51941 -3.70089 26.4206
      vertex -6.77945 -3.17358 26.9184
      vertex -6.77916 -3.17416 26.8491
    endloop
  endfacet
  facet normal -0.896888 -0.442257 -5.17822e-05
    outer loop
      vertex -6.9291 -2.87012 29.7892
      vertex -6.73772 -3.25819 29.4072
      vertex -6.73801 -3.25761 29.4765
    endloop
  endfacet
  facet normal -0.896873 -0.442288 5.72005e-07
    outer loop
      vertex -6.77945 -3.17358 26.9184
      vertex -6.51941 -3.70089 26.4206
      vertex -6.49519 -3.75 29.0022
    endloop
  endfacet
  facet normal -0.89685 -0.442335 1.29952e-05
    outer loop
      vertex -6.49519 -3.75 26.3135
      vertex -6.51941 -3.70089 26.4206
      vertex -6.51912 -3.70148 26.352
    endloop
  endfacet
  facet normal -0.896861 -0.442313 -0
    outer loop
      vertex -6.49519 -3.75 29.0022
      vertex -6.51941 -3.70089 26.4206
      vertex -6.49519 -3.75 26.3135
    endloop
  endfacet
  facet normal -0.896875 -0.442285 2.83879e-06
    outer loop
      vertex -6.9291 -2.87012 27.1696
      vertex -6.49519 -3.75 29.0022
      vertex -6.73772 -3.25819 29.4072
    endloop
  endfacet
  facet normal -0.896884 -0.442266 0
    outer loop
      vertex -6.90475 -2.9195 69.7258
      vertex -6.9291 -2.87012 69.8331
      vertex -6.9291 -2.87012 67.1444
    endloop
  endfacet
  facet normal -0.89693 -0.442173 -5.31916e-05
    outer loop
      vertex -6.9291 -2.87012 69.8331
      vertex -6.90475 -2.9195 69.7258
      vertex -6.90504 -2.91892 69.7944
    endloop
  endfacet
  facet normal -0.896871 -0.442292 -1.45897e-06
    outer loop
      vertex -6.49519 -3.75 68.977
      vertex -6.9291 -2.87012 67.1444
      vertex -6.68643 -3.3622 66.7393
    endloop
  endfacet
  facet normal -0.89687 -0.442294 -6.60283e-07
    outer loop
      vertex -6.9291 -2.87012 67.1444
      vertex -6.64471 -3.4468 69.2281
      vertex -6.90475 -2.9195 69.7258
    endloop
  endfacet
  facet normal -0.896895 -0.442244 -5.18409e-05
    outer loop
      vertex -6.49519 -3.75 66.3574
      vertex -6.68643 -3.3622 66.7393
      vertex -6.68614 -3.36278 66.6699
    endloop
  endfacet
  facet normal -0.896889 -0.442255 -5.18752e-05
    outer loop
      vertex -6.90475 -2.9195 69.7258
      vertex -6.64471 -3.4468 69.2281
      vertex -6.645 -3.44622 69.2973
    endloop
  endfacet
  facet normal -0.896874 -0.442285 0
    outer loop
      vertex -6.68643 -3.3622 66.7393
      vertex -6.49519 -3.75 66.3574
      vertex -6.49519 -3.75 68.977
    endloop
  endfacet
  facet normal -0.896874 -0.442286 2.14164e-06
    outer loop
      vertex -6.9291 -2.87012 67.1444
      vertex -6.49519 -3.75 68.977
      vertex -6.64471 -3.4468 69.2281
    endloop
  endfacet
  facet normal 0 0 -1
    outer loop
      vertex 6 0 10.99
      vertex 7.5 0 10.99
      vertex 7.43584 -0.978946 10.99
    endloop
  endfacet
  facet normal 0 0 -1
    outer loop
      vertex 5.94867 -0.783156 10.99
      vertex 7.43584 -0.978946 10.99
      vertex 7.33219 -1.5 10.99
    endloop
  endfacet
  facet normal 0 0 -1
    outer loop
      vertex 7.5 0 10.99
      vertex 6 0 10.99
      vertex 7.43584 0.978946 10.99
    endloop
  endfacet
  facet normal 0 0 -1
    outer loop
      vertex 5.94867 0.783156 10.99
      vertex 7.43584 0.978946 10.99
      vertex 6 0 10.99
    endloop
  endfacet
  facet normal 0 0 -1
    outer loop
      vertex 7.43584 -0.978946 10.99
      vertex 5.94867 -0.783156 10.99
      vertex 6 0 10.99
    endloop
  endfacet
  facet normal 0 -0 -1
    outer loop
      vertex 5.94867 -0.783156 10.99
      vertex 7.33219 -1.5 10.99
      vertex 5.80608 -1.5 10.99
    endloop
  endfacet
  facet normal -0 0 -1
    outer loop
      vertex 7.43584 0.978946 10.99
      vertex 5.94867 0.783156 10.99
      vertex 7.33219 1.5 10.99
    endloop
  endfacet
  facet normal -0 0 -1
    outer loop
      vertex 7.33219 1.5 10.99
      vertex 5.94867 0.783156 10.99
      vertex 5.80608 1.5 10.99
    endloop
  endfacet
  facet normal 0.831472 0.555567 1.89688e-06
    outer loop
      vertex 6.49519 3.75 46.3691
      vertex 5.95015 4.56571 48.1338
      vertex 6.09074 4.3553 48.3221
    endloop
  endfacet
  facet normal 0.831473 0.555565 0
    outer loop
      vertex 5.95015 4.56571 48.1338
      vertex 6.14279 4.2774 45.8333
      vertex 5.95015 4.56571 45.5143
    endloop
  endfacet
  facet normal 0.831463 0.555581 9.94126e-06
    outer loop
      vertex 6.41652 3.86774 48.8199
      vertex 6.09074 4.3553 48.3221
      vertex 6.0911 4.35476 48.3912
    endloop
  endfacet
  facet normal 0.831468 0.555573 9.82266e-06
    outer loop
      vertex 5.95015 4.56571 45.5143
      vertex 6.14279 4.2774 45.8333
      vertex 6.14243 4.27794 45.764
    endloop
  endfacet
  facet normal 0.831468 0.555573 -6.57998e-07
    outer loop
      vertex 6.09074 4.3553 48.3221
      vertex 6.41652 3.86774 48.8199
      vertex 6.49519 3.75 46.3691
    endloop
  endfacet
  facet normal 0.83147 0.55557 -8.26663e-07
    outer loop
      vertex 5.95015 4.56571 48.1338
      vertex 6.46687 3.79238 46.331
      vertex 6.14279 4.2774 45.8333
    endloop
  endfacet
  facet normal 0.831467 0.555573 9.9042e-06
    outer loop
      vertex 6.49519 3.75 48.9895
      vertex 6.41652 3.86774 48.8199
      vertex 6.41688 3.8672 48.8887
    endloop
  endfacet
  facet normal 0.831446 0.555606 5.05879e-05
    outer loop
      vertex 6.14279 4.2774 45.8333
      vertex 6.46687 3.79238 46.331
      vertex 6.46652 3.79291 46.2625
    endloop
  endfacet
  facet normal 0.831474 0.555564 0
    outer loop
      vertex 6.41652 3.86774 48.8199
      vertex 6.49519 3.75 48.9895
      vertex 6.49519 3.75 46.3691
    endloop
  endfacet
  facet normal 0.831453 0.555595 -1.65872e-05
    outer loop
      vertex 5.95015 4.56571 48.1338
      vertex 6.49519 3.75 46.3691
      vertex 6.46687 3.79238 46.331
    endloop
  endfacet
  facet normal 0.195063 0.980791 3.87019e-05
    outer loop
      vertex 1.94114 7.24444 43.9926
      vertex 1.82839 7.26687 43.8422
      vertex 1.82903 7.26674 43.911
    endloop
  endfacet
  facet normal 0.195062 0.980791 3.85447e-05
    outer loop
      vertex 1.82839 7.26687 43.8422
      vertex 1.25282 7.38136 43.3445
      vertex 1.25346 7.38123 43.4136
    endloop
  endfacet
  facet normal 0.195112 0.980781 -0
    outer loop
      vertex 1.94114 7.24444 41.372
      vertex 1.82839 7.26687 43.8422
      vertex 1.94114 7.24444 43.9926
    endloop
  endfacet
  facet normal 0.195094 0.980784 -8.54502e-07
    outer loop
      vertex 1.94114 7.24444 41.372
      vertex 1.25282 7.38136 43.3445
      vertex 1.82839 7.26687 43.8422
    endloop
  endfacet
  facet normal 0.1951 0.980783 1.21384e-06
    outer loop
      vertex 1.94114 7.24444 41.372
      vertex 0.978946 7.43584 43.1368
      vertex 1.25282 7.38136 43.3445
    endloop
  endfacet
  facet normal 0.195271 0.980749 9.81883e-05
    outer loop
      vertex 1.91674 7.2493 41.3534
      vertex 0.978946 7.43584 43.1368
      vertex 1.94114 7.24444 41.372
    endloop
  endfacet
  facet normal 0.19512 0.980779 -4.79699e-05
    outer loop
      vertex 1.34495 7.36303 40.8557
      vertex 1.91674 7.2493 41.3534
      vertex 1.91612 7.24942 41.285
    endloop
  endfacet
  facet normal 0.195084 0.980787 -4.21947e-06
    outer loop
      vertex 1.91674 7.2493 41.3534
      vertex 1.34495 7.36303 40.8557
      vertex 0.978946 7.43584 43.1368
    endloop
  endfacet
  facet normal 0.195075 0.980788 3.8304e-05
    outer loop
      vertex 0.978946 7.43584 40.5174
      vertex 1.34495 7.36303 40.8557
      vertex 1.34431 7.36316 40.7864
    endloop
  endfacet
  facet normal 0.195109 0.980782 0
    outer loop
      vertex 1.34495 7.36303 40.8557
      vertex 0.978946 7.43584 40.5174
      vertex 0.978946 7.43584 43.1368
    endloop
  endfacet
  facet normal 0.659348 0.751838 3.02681e-06
    outer loop
      vertex 5.3033 5.3033 47.279
      vertex 4.90871 5.64935 46.8288
      vertex 4.9092 5.64892 46.8981
    endloop
  endfacet
  facet normal 0.65935 0.751836 -0
    outer loop
      vertex 5.3033 5.3033 44.6587
      vertex 4.90871 5.64935 46.8288
      vertex 5.3033 5.3033 47.279
    endloop
  endfacet
  facet normal 0.659343 0.751842 -2.12291e-06
    outer loop
      vertex 5.3033 5.3033 44.6587
      vertex 4.56571 5.95015 46.4911
      vertex 4.90871 5.64935 46.8288
    endloop
  endfacet
  facet normal 0.659348 0.751838 1.04171e-06
    outer loop
      vertex 4.97985 5.58696 44.34
      vertex 4.56571 5.95015 46.4911
      vertex 5.3033 5.3033 44.6587
    endloop
  endfacet
  facet normal 0.659343 0.751842 3.09242e-06
    outer loop
      vertex 4.56571 5.95015 43.8706
      vertex 4.97985 5.58696 44.34
      vertex 4.97936 5.58739 44.2707
    endloop
  endfacet
  facet normal 0.659345 0.751841 0
    outer loop
      vertex 4.97985 5.58696 44.34
      vertex 4.56571 5.95015 43.8706
      vertex 4.56571 5.95015 46.4911
    endloop
  endfacet
  facet normal -0.831496 0.555531 0
    outer loop
      vertex -5.99178 4.5034 36.3758
      vertex -5.95015 4.56571 36.4974
      vertex -5.95015 4.56571 33.8087
    endloop
  endfacet
  facet normal -0.831487 0.555544 -9.58718e-06
    outer loop
      vertex -5.95015 4.56571 36.4974
      vertex -5.99178 4.5034 36.3758
      vertex -5.99142 4.50394 36.4445
    endloop
  endfacet
  facet normal -0.83147 0.555569 -6.12e-07
    outer loop
      vertex -6.49519 3.75 35.6414
      vertex -5.95015 4.56571 33.8087
      vertex -6.26587 4.0932 33.3893
    endloop
  endfacet
  facet normal -0.831464 0.555578 1.65382e-06
    outer loop
      vertex -5.95015 4.56571 33.8087
      vertex -6.31822 4.01486 35.8781
      vertex -5.99178 4.5034 36.3758
    endloop
  endfacet
  facet normal -0.831464 0.555579 -9.88478e-06
    outer loop
      vertex -6.49519 3.75 33.0218
      vertex -6.26587 4.0932 33.3893
      vertex -6.26623 4.09266 33.3199
    endloop
  endfacet
  facet normal -0.831459 0.555587 -9.99589e-06
    outer loop
      vertex -5.99178 4.5034 36.3758
      vertex -6.31822 4.01486 35.8781
      vertex -6.31786 4.0154 35.9473
    endloop
  endfacet
  facet normal -0.831468 0.555572 0
    outer loop
      vertex -6.26587 4.0932 33.3893
      vertex -6.49519 3.75 33.0218
      vertex -6.49519 3.75 35.6414
    endloop
  endfacet
  facet normal -0.831474 0.555564 -3.79372e-06
    outer loop
      vertex -5.95015 4.56571 33.8087
      vertex -6.49519 3.75 35.6414
      vertex -6.31822 4.01486 35.8781
    endloop
  endfacet
  facet normal -0.831472 0.555567 -2.26673e-06
    outer loop
      vertex -6.49519 3.75 75.6174
      vertex -5.95015 4.56571 73.8529
      vertex -6.05828 4.40388 73.7079
    endloop
  endfacet
  facet normal -0.831462 0.555582 0
    outer loop
      vertex -5.95015 4.56571 73.8529
      vertex -6.10997 4.32653 76.1967
      vertex -5.95015 4.56571 76.4724
    endloop
  endfacet
  facet normal -0.83147 0.55557 -9.83778e-06
    outer loop
      vertex -6.38351 3.91713 73.2102
      vertex -6.05828 4.40388 73.7079
      vertex -6.05864 4.40334 73.6389
    endloop
  endfacet
  facet normal -0.831521 0.555494 0.000111215
    outer loop
      vertex -5.95015 4.56571 76.4724
      vertex -6.10997 4.32653 76.1967
      vertex -6.1096 4.32707 76.2659
    endloop
  endfacet
  facet normal -0.831473 0.555565 -3.01485e-06
    outer loop
      vertex -6.05828 4.40388 73.7079
      vertex -6.38351 3.91713 73.2102
      vertex -6.49519 3.75 75.6174
    endloop
  endfacet
  facet normal -0.831472 0.555567 -2.29969e-06
    outer loop
      vertex -5.95015 4.56571 73.8529
      vertex -6.43448 3.84086 75.699
      vertex -6.10997 4.32653 76.1967
    endloop
  endfacet
  facet normal -0.831518 0.555497 0.000111497
    outer loop
      vertex -6.49519 3.75 72.9975
      vertex -6.38351 3.91713 73.2102
      vertex -6.38388 3.91659 73.1412
    endloop
  endfacet
  facet normal -0.831449 0.555601 -5.03817e-05
    outer loop
      vertex -6.10997 4.32653 76.1967
      vertex -6.43448 3.84086 75.699
      vertex -6.43413 3.84139 75.7677
    endloop
  endfacet
  facet normal -0.831453 0.555595 0
    outer loop
      vertex -6.38351 3.91713 73.2102
      vertex -6.49519 3.75 72.9975
      vertex -6.49519 3.75 75.6174
    endloop
  endfacet
  facet normal -0.831472 0.555567 -2.12665e-06
    outer loop
      vertex -5.95015 4.56571 73.8529
      vertex -6.49519 3.75 75.6174
      vertex -6.43448 3.84086 75.699
    endloop
  endfacet
  facet normal -0.751844 0.659341 -4.09191e-06
    outer loop
      vertex -5.95015 4.56571 36.4974
      vertex -5.3033 5.3033 34.665
      vertex -5.55233 5.01933 34.3848
    endloop
  endfacet
  facet normal -0.751834 0.659353 0
    outer loop
      vertex -5.3033 5.3033 34.665
      vertex -5.61465 4.94828 36.8736
      vertex -5.3033 5.3033 37.2848
    endloop
  endfacet
  facet normal -0.751839 0.659346 3.04643e-06
    outer loop
      vertex -5.9405 4.57671 33.887
      vertex -5.55233 5.01933 34.3848
      vertex -5.55276 5.01884 34.3155
    endloop
  endfacet
  facet normal -0.751835 0.659351 2.99176e-06
    outer loop
      vertex -5.3033 5.3033 37.2848
      vertex -5.61465 4.94828 36.8736
      vertex -5.61422 4.94877 36.9429
    endloop
  endfacet
  facet normal -0.751837 0.659349 -9.15112e-07
    outer loop
      vertex -5.55233 5.01933 34.3848
      vertex -5.9405 4.57671 33.887
      vertex -5.95015 4.56571 36.4974
    endloop
  endfacet
  facet normal -0.751735 0.659465 1.5792e-06
    outer loop
      vertex -5.95015 4.56571 33.8087
      vertex -5.9405 4.57671 33.887
      vertex -5.94093 4.57622 33.8186
    endloop
  endfacet
  facet normal -0.751729 0.659472 0
    outer loop
      vertex -5.95015 4.56571 36.4974
      vertex -5.9405 4.57671 33.887
      vertex -5.95015 4.56571 33.8087
    endloop
  endfacet
  facet normal -0.751843 0.659342 -3.04232e-06
    outer loop
      vertex -5.3033 5.3033 34.665
      vertex -5.95015 4.56571 36.4974
      vertex -5.61465 4.94828 36.8736
    endloop
  endfacet
  facet normal -0.751558 0.659667 0.000237256
    outer loop
      vertex -5.95015 4.56571 76.4724
      vertex -5.3033 5.3033 74.7075
      vertex -5.3069 5.2992 74.7034
    endloop
  endfacet
  facet normal -0.75184 0.659345 -1.04239e-05
    outer loop
      vertex -5.69114 4.86105 74.2057
      vertex -5.3069 5.2992 74.7034
      vertex -5.30732 5.29872 74.635
    endloop
  endfacet
  facet normal -0.751853 0.65933 0
    outer loop
      vertex -5.3033 5.3033 74.7075
      vertex -5.36601 5.23179 77.1922
      vertex -5.3033 5.3033 77.3283
    endloop
  endfacet
  facet normal -0.751765 0.659432 -9.39883e-05
    outer loop
      vertex -5.3033 5.3033 77.3283
      vertex -5.36601 5.23179 77.1922
      vertex -5.36558 5.23229 77.2609
    endloop
  endfacet
  facet normal -0.751845 0.65934 -2.49917e-06
    outer loop
      vertex -5.3069 5.2992 74.7034
      vertex -5.69114 4.86105 74.2057
      vertex -5.95015 4.56571 76.4724
    endloop
  endfacet
  facet normal -0.751839 0.659346 8.15165e-07
    outer loop
      vertex -5.3033 5.3033 74.7075
      vertex -5.75317 4.79032 76.6945
      vertex -5.36601 5.23179 77.1922
    endloop
  endfacet
  facet normal -0.751837 0.659349 3.01191e-06
    outer loop
      vertex -5.95015 4.56571 73.8529
      vertex -5.69114 4.86105 74.2057
      vertex -5.69157 4.86056 74.1364
    endloop
  endfacet
  facet normal -0.751833 0.659354 -1.04028e-05
    outer loop
      vertex -5.36601 5.23179 77.1922
      vertex -5.75317 4.79032 76.6945
      vertex -5.75275 4.7908 76.7637
    endloop
  endfacet
  facet normal -0.751835 0.659351 0
    outer loop
      vertex -5.69114 4.86105 74.2057
      vertex -5.95015 4.56571 73.8529
      vertex -5.95015 4.56571 76.4724
    endloop
  endfacet
  facet normal -0.751837 0.659349 2.01261e-06
    outer loop
      vertex -5.3033 5.3033 74.7075
      vertex -5.95015 4.56571 76.4724
      vertex -5.75317 4.79032 76.6945
    endloop
  endfacet
  facet normal -0.980768 0.195179 0
    outer loop
      vertex -7.25646 1.88074 33.887
      vertex -7.24444 1.94114 33.999
      vertex -7.24444 1.94114 31.3103
    endloop
  endfacet
  facet normal -0.980781 0.195111 3.83471e-05
    outer loop
      vertex -7.24444 1.94114 33.999
      vertex -7.25646 1.88074 33.887
      vertex -7.25633 1.88138 33.9556
    endloop
  endfacet
  facet normal -0.980783 0.1951 1.20346e-06
    outer loop
      vertex -7.43584 0.978946 33.1429
      vertex -7.24444 1.94114 31.3103
      vertex -7.35274 1.39671 30.9004
    endloop
  endfacet
  facet normal -0.980787 0.195081 -2.39596e-06
    outer loop
      vertex -7.24444 1.94114 31.3103
      vertex -7.37113 1.30422 33.3893
      vertex -7.25646 1.88074 33.887
    endloop
  endfacet
  facet normal -0.980767 0.195184 -0.000104272
    outer loop
      vertex -7.43584 0.978946 30.5233
      vertex -7.35274 1.39671 30.9004
      vertex -7.35286 1.39607 30.8311
    endloop
  endfacet
  facet normal -0.98077 0.195165 -0.000104241
    outer loop
      vertex -7.25646 1.88074 33.887
      vertex -7.37113 1.30422 33.3893
      vertex -7.37101 1.30486 33.4585
    endloop
  endfacet
  facet normal -0.980785 0.195094 0
    outer loop
      vertex -7.35274 1.39671 30.9004
      vertex -7.43584 0.978946 30.5233
      vertex -7.43584 0.978946 33.1429
    endloop
  endfacet
  facet normal -0.980781 0.195111 7.2161e-06
    outer loop
      vertex -7.24444 1.94114 31.3103
      vertex -7.43584 0.978946 33.1429
      vertex -7.37113 1.30422 33.3893
    endloop
  endfacet
  facet normal -0.980785 0.195091 -3.72222e-06
    outer loop
      vertex -7.43584 0.978946 73.1189
      vertex -7.24444 1.94114 71.3544
      vertex -7.27986 1.76307 71.2191
    endloop
  endfacet
  facet normal -0.980782 0.195107 0
    outer loop
      vertex -7.24444 1.94114 71.3544
      vertex -7.29798 1.672 73.7079
      vertex -7.24444 1.94114 73.974
    endloop
  endfacet
  facet normal -0.980795 0.195041 6.70623e-05
    outer loop
      vertex -7.39403 1.18912 70.7213
      vertex -7.27986 1.76307 71.2191
      vertex -7.27999 1.76244 71.1501
    endloop
  endfacet
  facet normal -0.980789 0.19507 3.84042e-05
    outer loop
      vertex -7.24444 1.94114 73.974
      vertex -7.29798 1.672 73.7079
      vertex -7.29785 1.67264 73.7771
    endloop
  endfacet
  facet normal -0.980784 0.195098 -8.50425e-07
    outer loop
      vertex -7.27986 1.76307 71.2191
      vertex -7.39403 1.18912 70.7213
      vertex -7.43584 0.978946 73.1189
    endloop
  endfacet
  facet normal -0.980785 0.195091 -1.91782e-06
    outer loop
      vertex -7.24444 1.94114 71.3544
      vertex -7.41197 1.09893 73.2102
      vertex -7.29798 1.672 73.7079
    endloop
  endfacet
  facet normal -0.98079 0.195068 3.85368e-05
    outer loop
      vertex -7.43584 0.978946 70.4991
      vertex -7.39403 1.18912 70.7213
      vertex -7.39416 1.18848 70.6523
    endloop
  endfacet
  facet normal -0.980778 0.195129 -4.7842e-05
    outer loop
      vertex -7.29798 1.672 73.7079
      vertex -7.41197 1.09893 73.2102
      vertex -7.41185 1.09955 73.2789
    endloop
  endfacet
  facet normal -0.980782 0.195107 0
    outer loop
      vertex -7.39403 1.18912 70.7213
      vertex -7.43584 0.978946 70.4991
      vertex -7.43584 0.978946 73.1189
    endloop
  endfacet
  facet normal -0.980781 0.195113 8.62122e-06
    outer loop
      vertex -7.24444 1.94114 71.3544
      vertex -7.43584 0.978946 73.1189
      vertex -7.41197 1.09893 73.2102
    endloop
  endfacet
  facet normal 0 0 1
    outer loop
      vertex -2.33001 7.11244 77.69
      vertex 0 3 77.69
      vertex 0.0162934 2.99893 77.69
    endloop
  endfacet
  facet normal 0 0 1
    outer loop
      vertex -2.33001 7.11244 77.69
      vertex -0.391578 2.97433 77.69
      vertex 0 3 77.69
    endloop
  endfacet
  facet normal 0 0 1
    outer loop
      vertex -2.33001 7.11244 77.69
      vertex -0.776457 2.89778 77.69
      vertex -0.391578 2.97433 77.69
    endloop
  endfacet
  facet normal 0 0 1
    outer loop
      vertex -2.33001 7.11244 77.69
      vertex -1.14805 2.77164 77.69
      vertex -0.776457 2.89778 77.69
    endloop
  endfacet
  facet normal -0 0 1
    outer loop
      vertex -2.87012 6.9291 77.69
      vertex -1.14805 2.77164 77.69
      vertex -2.33001 7.11244 77.69
    endloop
  endfacet
  facet normal 0 0 1
    outer loop
      vertex -1.14805 2.77164 77.69
      vertex -2.87012 6.9291 77.69
      vertex -1.5 2.59808 77.69
    endloop
  endfacet
  facet normal -0 0 1
    outer loop
      vertex -3.75 6.49519 77.69
      vertex -1.5 2.59808 77.69
      vertex -2.87012 6.9291 77.69
    endloop
  endfacet
  facet normal 0 0 1
    outer loop
      vertex -1.5 2.59808 77.69
      vertex -3.75 6.49519 77.69
      vertex -1.82628 2.38006 77.69
    endloop
  endfacet
  facet normal -0 0 1
    outer loop
      vertex -4.56571 5.95015 77.69
      vertex -1.82628 2.38006 77.69
      vertex -3.75 6.49519 77.69
    endloop
  endfacet
  facet normal -0 0 1
    outer loop
      vertex -4.93569 5.62569 77.69
      vertex -1.82628 2.38006 77.69
      vertex -4.56571 5.95015 77.69
    endloop
  endfacet
  facet normal 0 0 1
    outer loop
      vertex -1.82628 2.38006 77.69
      vertex -4.93569 5.62569 77.69
      vertex -2.12132 2.12132 77.69
    endloop
  endfacet
  facet normal 0 0 1
    outer loop
      vertex -2.12132 2.12132 77.69
      vertex -4.93569 5.62569 77.69
      vertex -2.38006 1.82628 77.69
    endloop
  endfacet
  facet normal 0 0 1
    outer loop
      vertex -2.38006 1.82628 77.69
      vertex -4.93569 5.62569 77.69
      vertex -2.58964 1.51263 77.69
    endloop
  endfacet
  facet normal -0.55557 0.83147 0
    outer loop
      vertex -3.75 6.49519 76.3514
      vertex -4.56571 5.95015 77.69
      vertex -3.75 6.49519 77.69
    endloop
  endfacet
  facet normal -0.555582 0.831462 -1.05304e-05
    outer loop
      vertex -3.9227 6.37979 76.1967
      vertex -4.56571 5.95015 77.69
      vertex -3.75 6.49519 76.3514
    endloop
  endfacet
  facet normal -0.555578 0.831465 9.92407e-06
    outer loop
      vertex -4.40962 6.05444 75.699
      vertex -3.9227 6.37979 76.1967
      vertex -3.92324 6.37943 76.1277
    endloop
  endfacet
  facet normal -0.555569 0.83147 -2.3779e-06
    outer loop
      vertex -3.9227 6.37979 76.1967
      vertex -4.40962 6.05444 75.699
      vertex -4.56571 5.95015 77.69
    endloop
  endfacet
  facet normal -0.55563 0.83143 9.10411e-05
    outer loop
      vertex -4.56571 5.95015 75.4959
      vertex -4.40962 6.05444 75.699
      vertex -4.41017 6.05408 75.63
    endloop
  endfacet
  facet normal -0.555548 0.831484 0
    outer loop
      vertex -4.40962 6.05444 75.699
      vertex -4.56571 5.95015 75.4959
      vertex -4.56571 5.95015 77.69
    endloop
  endfacet
  facet normal -0.555575 0.831467 9.93261e-06
    outer loop
      vertex -3.75 6.49519 38.9958
      vertex -3.82341 6.44614 38.8646
      vertex -3.82287 6.4465 38.9333
    endloop
  endfacet
  facet normal -0.555579 0.831464 9.91079e-06
    outer loop
      vertex -3.82341 6.44614 38.8646
      vertex -4.31175 6.11984 38.3669
      vertex -4.31121 6.1202 38.4361
    endloop
  endfacet
  facet normal -0.555562 0.831475 0
    outer loop
      vertex -3.75 6.49519 36.307
      vertex -3.82341 6.44614 38.8646
      vertex -3.75 6.49519 38.9958
    endloop
  endfacet
  facet normal -0.555572 0.831469 -3.9196e-07
    outer loop
      vertex -3.75 6.49519 36.307
      vertex -4.31175 6.11984 38.3669
      vertex -3.82341 6.44614 38.8646
    endloop
  endfacet
  facet normal -0.555569 0.83147 6.75375e-07
    outer loop
      vertex -3.75 6.49519 36.307
      vertex -4.56571 5.95015 38.1399
      vertex -4.31175 6.11984 38.3669
    endloop
  endfacet
  facet normal -0.555569 0.83147 5.54099e-07
    outer loop
      vertex -4.23348 6.17214 35.8781
      vertex -4.56571 5.95015 38.1399
      vertex -3.75 6.49519 36.307
    endloop
  endfacet
  facet normal -0.555579 0.831464 9.89873e-06
    outer loop
      vertex -4.56571 5.95015 35.5204
      vertex -4.23348 6.17214 35.8781
      vertex -4.23402 6.17178 35.8088
    endloop
  endfacet
  facet normal -0.555572 0.831468 0
    outer loop
      vertex -4.23348 6.17214 35.8781
      vertex -4.56571 5.95015 35.5204
      vertex -4.56571 5.95015 38.1399
    endloop
  endfacet
  facet normal -0.0653197 0.997864 -0.000107293
    outer loop
      vertex 0 7.5 42.2819
      vertex -0.497463 7.46739 41.8512
      vertex -0.496813 7.46744 41.9205
    endloop
  endfacet
  facet normal -0.0654122 0.997858 0
    outer loop
      vertex 0 7.5 39.6618
      vertex -0.497463 7.46739 41.8512
      vertex 0 7.5 42.2819
    endloop
  endfacet
  facet normal -0.0653902 0.99786 5.02512e-06
    outer loop
      vertex 0 7.5 39.6618
      vertex -0.978946 7.43584 41.4942
      vertex -0.497463 7.46739 41.8512
    endloop
  endfacet
  facet normal -0.0654028 0.997859 -1.76001e-06
    outer loop
      vertex -0.403085 7.47358 39.3624
      vertex -0.978946 7.43584 41.4942
      vertex 0 7.5 39.6618
    endloop
  endfacet
  facet normal -0.0654266 0.997857 3.58177e-05
    outer loop
      vertex -0.978946 7.43584 38.8735
      vertex -0.403085 7.47358 39.3624
      vertex -0.403733 7.47354 39.2931
    endloop
  endfacet
  facet normal -0.0653964 0.997859 0
    outer loop
      vertex -0.403085 7.47358 39.3624
      vertex -0.978946 7.43584 38.8735
      vertex -0.978946 7.43584 41.4942
    endloop
  endfacet
  facet normal 0.997859 -0.0653951 -3.35227e-06
    outer loop
      vertex 7.43584 -0.978946 10.99
      vertex 7.5 0 12.2997
      vertex 7.48387 -0.246136 12.4833
    endloop
  endfacet
  facet normal 0.997856 -0.0654411 -3.22698e-05
    outer loop
      vertex 7.44552 -0.831148 12.981
      vertex 7.48387 -0.246136 12.4833
      vertex 7.48383 -0.24678 12.5524
    endloop
  endfacet
  facet normal 0.997858 -0.0654103 4.1396e-06
    outer loop
      vertex 7.43584 -0.978946 10.99
      vertex 7.48387 -0.246136 12.4833
      vertex 7.44552 -0.831148 12.981
    endloop
  endfacet
  facet normal 0.997859 -0.0654024 -4.0543e-05
    outer loop
      vertex 7.43584 -0.978946 13.1554
      vertex 7.44552 -0.831148 12.981
      vertex 7.44548 -0.831801 13.0499
    endloop
  endfacet
  facet normal 0.997862 -0.0653548 0
    outer loop
      vertex 7.43584 -0.978946 10.99
      vertex 7.44552 -0.831148 12.981
      vertex 7.43584 -0.978946 13.1554
    endloop
  endfacet
  facet normal 0.997859 -0.0653996 0
    outer loop
      vertex 7.5 0 12.2997
      vertex 7.43584 -0.978946 10.99
      vertex 7.5 0 10.99
    endloop
  endfacet
  facet normal 0.99786 -0.0653793 -1.1264e-05
    outer loop
      vertex 7.43584 -0.978946 50.5113
      vertex 7.5 0 52.2761
      vertex 7.49754 -0.0375509 52.3042
    endloop
  endfacet
  facet normal 0.997859 -0.0653947 0
    outer loop
      vertex 7.5 0 52.2761
      vertex 7.49163 -0.127718 49.8154
      vertex 7.5 0 49.6556
    endloop
  endfacet
  facet normal 0.997858 -0.0654237 -2.45559e-05
    outer loop
      vertex 7.4594 -0.619458 52.8019
      vertex 7.49754 -0.0375509 52.3042
      vertex 7.4975 -0.0381867 52.3727
    endloop
  endfacet
  facet normal 0.997856 -0.0654458 -4.10157e-05
    outer loop
      vertex 7.5 0 49.6556
      vertex 7.49163 -0.127718 49.8154
      vertex 7.49167 -0.127065 49.7466
    endloop
  endfacet
  facet normal 0.997859 -0.0654021 7.53126e-07
    outer loop
      vertex 7.49754 -0.0375509 52.3042
      vertex 7.4594 -0.619458 52.8019
      vertex 7.43584 -0.978946 50.5113
    endloop
  endfacet
  facet normal 0.997859 -0.0654089 7.36436e-07
    outer loop
      vertex 7.5 0 52.2761
      vertex 7.45326 -0.713074 50.3131
      vertex 7.49163 -0.127718 49.8154
    endloop
  endfacet
  facet normal 0.997857 -0.0654335 -3.96588e-05
    outer loop
      vertex 7.43584 -0.978946 53.1308
      vertex 7.4594 -0.619458 52.8019
      vertex 7.45936 -0.62011 52.8712
    endloop
  endfacet
  facet normal 0.997857 -0.0654376 -3.31833e-05
    outer loop
      vertex 7.49163 -0.127718 49.8154
      vertex 7.45326 -0.713074 50.3131
      vertex 7.4533 -0.712429 50.244
    endloop
  endfacet
  facet normal 0.997859 -0.0653974 0
    outer loop
      vertex 7.4594 -0.619458 52.8019
      vertex 7.43584 -0.978946 53.1308
      vertex 7.43584 -0.978946 50.5113
    endloop
  endfacet
  facet normal 0.99786 -0.0653858 -7.68543e-06
    outer loop
      vertex 7.5 0 52.2761
      vertex 7.43584 -0.978946 50.5113
      vertex 7.45326 -0.713074 50.3131
    endloop
  endfacet
  facet normal 0.0654353 -0.997857 3.96762e-05
    outer loop
      vertex 0 -7.5 22.2937
      vertex 0.392279 -7.47429 21.9407
      vertex 0.391627 -7.47433 22.01
    endloop
  endfacet
  facet normal 0.0653071 -0.997865 -0.000124102
    outer loop
      vertex 0.392279 -7.47429 21.9407
      vertex 0.973791 -7.43617 21.443
      vertex 0.973157 -7.43622 21.5114
    endloop
  endfacet
  facet normal 0.0653998 -0.997859 0
    outer loop
      vertex 0 -7.5 19.6742
      vertex 0.392279 -7.47429 21.9407
      vertex 0 -7.5 22.2937
    endloop
  endfacet
  facet normal 0.0654112 -0.997858 -1.97956e-06
    outer loop
      vertex 0 -7.5 19.6742
      vertex 0.973791 -7.43617 21.443
      vertex 0.392279 -7.47429 21.9407
    endloop
  endfacet
  facet normal 0.0643326 -0.997928 0.000594357
    outer loop
      vertex 0 -7.5 19.6742
      vertex 0.978946 -7.43584 21.4391
      vertex 0.973791 -7.43617 21.443
    endloop
  endfacet
  facet normal 0.0654072 -0.997859 -4.2375e-06
    outer loop
      vertex 0.298395 -7.48044 19.4519
      vertex 0.978946 -7.43584 21.4391
      vertex 0 -7.5 19.6742
    endloop
  endfacet
  facet normal 0.0654231 -0.997858 3.30002e-05
    outer loop
      vertex 0.884337 -7.44204 18.9542
      vertex 0.298395 -7.48044 19.4519
      vertex 0.29904 -7.4804 19.3827
    endloop
  endfacet
  facet normal 0.0653951 -0.997859 -9.6394e-08
    outer loop
      vertex 0.298395 -7.48044 19.4519
      vertex 0.884337 -7.44204 18.9542
      vertex 0.978946 -7.43584 21.4391
    endloop
  endfacet
  facet normal 0.0652408 -0.99787 -0.000106131
    outer loop
      vertex 0.978946 -7.43584 18.8183
      vertex 0.884337 -7.44204 18.9542
      vertex 0.88499 -7.44199 18.8855
    endloop
  endfacet
  facet normal 0.0653926 -0.99786 0
    outer loop
      vertex 0.884337 -7.44204 18.9542
      vertex 0.978946 -7.43584 18.8183
      vertex 0.978946 -7.43584 21.4391
    endloop
  endfacet
  facet normal 0.0650595 -0.997881 -0.000109858
    outer loop
      vertex 0 -7.5 62.338
      vertex 0.0148985 -7.49902 62.2594
      vertex 0.0142471 -7.49907 62.3278
    endloop
  endfacet
  facet normal 0.0654275 -0.997857 3.58256e-05
    outer loop
      vertex 0.0148985 -7.49902 62.2594
      vertex 0.602348 -7.46052 61.7616
      vertex 0.6017 -7.46056 61.8309
    endloop
  endfacet
  facet normal 0.0656366 -0.997844 0
    outer loop
      vertex 0 -7.5 59.6492
      vertex 0.0148985 -7.49902 62.2594
      vertex 0 -7.5 62.338
    endloop
  endfacet
  facet normal 0.0653984 -0.997859 1.36538e-06
    outer loop
      vertex 0 -7.5 59.6492
      vertex 0.602348 -7.46052 61.7616
      vertex 0.0148985 -7.49902 62.2594
    endloop
  endfacet
  facet normal 0.0653954 -0.997859 2.2153e-06
    outer loop
      vertex 0 -7.5 59.6492
      vertex 0.978946 -7.43584 61.4817
      vertex 0.602348 -7.46052 61.7616
    endloop
  endfacet
  facet normal 0.0654038 -0.997859 -2.29698e-06
    outer loop
      vertex 0.508041 -7.4667 59.2728
      vertex 0.978946 -7.43584 61.4817
      vertex 0 -7.5 59.6492
    endloop
  endfacet
  facet normal 0.0654267 -0.997857 3.86507e-05
    outer loop
      vertex 0.978946 -7.43584 58.8618
      vertex 0.508041 -7.4667 59.2728
      vertex 0.508692 -7.46666 59.2035
    endloop
  endfacet
  facet normal 0.0653931 -0.99786 0
    outer loop
      vertex 0.508041 -7.4667 59.2728
      vertex 0.978946 -7.43584 58.8618
      vertex 0.978946 -7.43584 61.4817
    endloop
  endfacet
  facet normal 0.321415 -0.946938 6.09923e-06
    outer loop
      vertex 1.94114 -7.24444 20.6507
      vertex 2.11918 -7.18401 20.4475
      vertex 2.11856 -7.18422 20.5164
    endloop
  endfacet
  facet normal 0.321411 -0.94694 -4.05355e-05
    outer loop
      vertex 2.11918 -7.18401 20.4475
      vertex 2.67371 -6.99577 19.9497
      vertex 2.6731 -6.99598 20.0187
    endloop
  endfacet
  facet normal 0.321409 -0.946941 0
    outer loop
      vertex 1.94114 -7.24444 18.0307
      vertex 2.11918 -7.18401 20.4475
      vertex 1.94114 -7.24444 20.6507
    endloop
  endfacet
  facet normal 0.321441 -0.94693 -2.65207e-06
    outer loop
      vertex 1.94114 -7.24444 18.0307
      vertex 2.67371 -6.99577 19.9497
      vertex 2.11918 -7.18401 20.4475
    endloop
  endfacet
  facet normal 0.321431 -0.946933 1.60909e-06
    outer loop
      vertex 1.94114 -7.24444 18.0307
      vertex 2.87012 -6.9291 19.7952
      vertex 2.67371 -6.99577 19.9497
    endloop
  endfacet
  facet normal 0.32142 -0.946937 8.14764e-06
    outer loop
      vertex 2.03253 -7.21342 17.9587
      vertex 2.87012 -6.9291 19.7952
      vertex 1.94114 -7.24444 18.0307
    endloop
  endfacet
  facet normal 0.321484 -0.946915 5.0979e-05
    outer loop
      vertex 2.58547 -7.02572 17.4609
      vertex 2.03253 -7.21342 17.9587
      vertex 2.03313 -7.21322 17.8899
    endloop
  endfacet
  facet normal 0.321441 -0.94693 -2.47384e-06
    outer loop
      vertex 2.03253 -7.21342 17.9587
      vertex 2.58547 -7.02572 17.4609
      vertex 2.87012 -6.9291 19.7952
    endloop
  endfacet
  facet normal 0.321428 -0.946934 6.20425e-06
    outer loop
      vertex 2.87012 -6.9291 17.1757
      vertex 2.58547 -7.02572 17.4609
      vertex 2.58609 -7.02551 17.3917
    endloop
  endfacet
  facet normal 0.321423 -0.946936 0
    outer loop
      vertex 2.58547 -7.02572 17.4609
      vertex 2.87012 -6.9291 17.1757
      vertex 2.87012 -6.9291 19.7952
    endloop
  endfacet
  facet normal 0.321435 -0.946932 6.26349e-06
    outer loop
      vertex 1.94114 -7.24444 60.6263
      vertex 2.31979 -7.11591 60.2684
      vertex 2.31917 -7.11612 60.3377
    endloop
  endfacet
  facet normal 0.32143 -0.946933 0
    outer loop
      vertex 1.94114 -7.24444 58.0068
      vertex 2.31979 -7.11591 60.2684
      vertex 1.94114 -7.24444 60.6263
    endloop
  endfacet
  facet normal 0.321436 -0.946931 -1.13848e-06
    outer loop
      vertex 1.94114 -7.24444 58.0068
      vertex 2.87012 -6.9291 59.8396
      vertex 2.31979 -7.11591 60.2684
    endloop
  endfacet
  facet normal 0.321427 -0.946935 4.10959e-06
    outer loop
      vertex 2.23065 -7.14617 57.7796
      vertex 2.87012 -6.9291 59.8396
      vertex 1.94114 -7.24444 58.0068
    endloop
  endfacet
  facet normal 0.321411 -0.94694 -4.03565e-05
    outer loop
      vertex 2.7868 -6.95738 57.2818
      vertex 2.23065 -7.14617 57.7796
      vertex 2.23126 -7.14596 57.7103
    endloop
  endfacet
  facet normal 0.321442 -0.946929 -1.33295e-06
    outer loop
      vertex 2.23065 -7.14617 57.7796
      vertex 2.7868 -6.95738 57.2818
      vertex 2.87012 -6.9291 59.8396
    endloop
  endfacet
  facet normal 0.321414 -0.946939 6.10835e-06
    outer loop
      vertex 2.87012 -6.9291 57.1508
      vertex 2.7868 -6.95738 57.2818
      vertex 2.78742 -6.95717 57.2131
    endloop
  endfacet
  facet normal 0.321406 -0.946942 0
    outer loop
      vertex 2.7868 -6.95738 57.2818
      vertex 2.87012 -6.9291 57.1508
      vertex 2.87012 -6.9291 59.8396
    endloop
  endfacet
  facet normal 0.555576 -0.831466 9.864e-06
    outer loop
      vertex 3.75 -6.49519 18.9406
      vertex 4.2245 -6.17814 18.4564
      vertex 4.22396 -6.1785 18.5257
    endloop
  endfacet
  facet normal 0.555569 -0.83147 0
    outer loop
      vertex 3.75 -6.49519 16.3199
      vertex 4.2245 -6.17814 18.4564
      vertex 3.75 -6.49519 18.9406
    endloop
  endfacet
  facet normal 0.555571 -0.831469 -5.94593e-07
    outer loop
      vertex 3.75 -6.49519 16.3199
      vertex 4.56571 -5.95015 18.1523
      vertex 4.2245 -6.17814 18.4564
    endloop
  endfacet
  facet normal 0.555572 -0.831469 -9.94251e-07
    outer loop
      vertex 4.14585 -6.23069 15.9676
      vertex 4.56571 -5.95015 18.1523
      vertex 3.75 -6.49519 16.3199
    endloop
  endfacet
  facet normal 0.555575 -0.831466 9.85273e-06
    outer loop
      vertex 4.56571 -5.95015 15.5322
      vertex 4.14585 -6.23069 15.9676
      vertex 4.14639 -6.23033 15.8983
    endloop
  endfacet
  facet normal 0.555568 -0.831471 0
    outer loop
      vertex 4.14585 -6.23069 15.9676
      vertex 4.56571 -5.95015 15.5322
      vertex 4.56571 -5.95015 18.1523
    endloop
  endfacet
  facet normal 0.555646 -0.831419 9.12203e-05
    outer loop
      vertex 3.75 -6.49519 58.9832
      vertex 3.91198 -6.38696 58.7751
      vertex 3.91143 -6.38732 58.8441
    endloop
  endfacet
  facet normal 0.555529 -0.831497 -7.11445e-05
    outer loop
      vertex 3.91198 -6.38696 58.7751
      vertex 4.3988 -6.06167 58.2773
      vertex 4.39827 -6.06203 58.3463
    endloop
  endfacet
  facet normal 0.555565 -0.831473 0
    outer loop
      vertex 3.75 -6.49519 56.3633
      vertex 3.91198 -6.38696 58.7751
      vertex 3.75 -6.49519 58.9832
    endloop
  endfacet
  facet normal 0.555578 -0.831464 -1.28926e-06
    outer loop
      vertex 3.75 -6.49519 56.3633
      vertex 4.3988 -6.06167 58.2773
      vertex 3.91198 -6.38696 58.7751
    endloop
  endfacet
  facet normal 0.555556 -0.831479 9.27829e-06
    outer loop
      vertex 3.75 -6.49519 56.3633
      vertex 4.56571 -5.95015 58.1278
      vertex 4.3988 -6.06167 58.2773
    endloop
  endfacet
  facet normal 0.555556 -0.831479 9.64454e-06
    outer loop
      vertex 3.83579 -6.43787 56.2863
      vertex 4.56571 -5.95015 58.1278
      vertex 3.75 -6.49519 56.3633
    endloop
  endfacet
  facet normal 0.555523 -0.831501 -7.14186e-05
    outer loop
      vertex 4.32139 -6.1134 55.7885
      vertex 3.83579 -6.43787 56.2863
      vertex 3.83632 -6.43751 56.2175
    endloop
  endfacet
  facet normal 0.555573 -0.831468 -2.05225e-07
    outer loop
      vertex 3.83579 -6.43787 56.2863
      vertex 4.32139 -6.1134 55.7885
      vertex 4.56571 -5.95015 58.1278
    endloop
  endfacet
  facet normal 0.555579 -0.831463 9.91466e-06
    outer loop
      vertex 4.56571 -5.95015 55.5083
      vertex 4.32139 -6.1134 55.7885
      vertex 4.32193 -6.11304 55.7193
    endloop
  endfacet
  facet normal 0.555572 -0.831469 0
    outer loop
      vertex 4.32139 -6.1134 55.7885
      vertex 4.56571 -5.95015 55.5083
      vertex 4.56571 -5.95015 58.1278
    endloop
  endfacet
  facet normal 0.751828 -0.659359 9.6634e-06
    outer loop
      vertex 5.3033 -5.3033 14.6772
      vertex 5.95015 -4.56571 16.442
      vertex 5.92954 -4.58921 16.4654
    endloop
  endfacet
  facet normal 0.751816 -0.659373 0
    outer loop
      vertex 5.95015 -4.56571 16.442
      vertex 5.87005 -4.65704 13.9766
      vertex 5.95015 -4.56571 13.8215
    endloop
  endfacet
  facet normal 0.751833 -0.659354 -1.0509e-05
    outer loop
      vertex 5.54509 -5.02759 16.9631
      vertex 5.92954 -4.58921 16.4654
      vertex 5.92912 -4.58969 16.5339
    endloop
  endfacet
  facet normal 0.751819 -0.65937 2.77352e-06
    outer loop
      vertex 5.95015 -4.56571 13.8215
      vertex 5.87005 -4.65704 13.9766
      vertex 5.87048 -4.65655 13.9078
    endloop
  endfacet
  facet normal 0.751839 -0.659346 5.34061e-07
    outer loop
      vertex 5.92954 -4.58921 16.4654
      vertex 5.54509 -5.02759 16.9631
      vertex 5.3033 -5.3033 14.6772
    endloop
  endfacet
  facet normal 0.751847 -0.659337 -2.32419e-06
    outer loop
      vertex 5.95015 -4.56571 16.442
      vertex 5.4832 -5.09817 14.4743
      vertex 5.87005 -4.65704 13.9766
    endloop
  endfacet
  facet normal 0.751843 -0.659342 3.1037e-06
    outer loop
      vertex 5.3033 -5.3033 17.2967
      vertex 5.54509 -5.02759 16.9631
      vertex 5.54466 -5.02808 17.0324
    endloop
  endfacet
  facet normal 0.751789 -0.659403 -0.000106458
    outer loop
      vertex 5.87005 -4.65704 13.9766
      vertex 5.4832 -5.09817 14.4743
      vertex 5.48362 -5.09768 14.4052
    endloop
  endfacet
  facet normal 0.751841 -0.659344 0
    outer loop
      vertex 5.54509 -5.02759 16.9631
      vertex 5.3033 -5.3033 17.2967
      vertex 5.3033 -5.3033 14.6772
    endloop
  endfacet
  facet normal 0.751832 -0.659355 6.02514e-06
    outer loop
      vertex 5.95015 -4.56571 16.442
      vertex 5.3033 -5.3033 14.6772
      vertex 5.4832 -5.09817 14.4743
    endloop
  endfacet
  facet normal 0.751843 -0.659342 -2.83392e-06
    outer loop
      vertex 5.3033 -5.3033 54.6524
      vertex 5.95015 -4.56571 56.4848
      vertex 5.684 -4.8692 56.784
    endloop
  endfacet
  facet normal 0.751845 -0.65934 0
    outer loop
      vertex 5.95015 -4.56571 56.4848
      vertex 5.62164 -4.94031 54.2952
      vertex 5.95015 -4.56571 53.8648
    endloop
  endfacet
  facet normal 0.751838 -0.659348 3.02313e-06
    outer loop
      vertex 5.3033 -5.3033 57.2732
      vertex 5.684 -4.8692 56.784
      vertex 5.68357 -4.86969 56.8533
    endloop
  endfacet
  facet normal 0.751847 -0.659338 3.15643e-06
    outer loop
      vertex 5.95015 -4.56571 53.8648
      vertex 5.62164 -4.94031 54.2952
      vertex 5.62207 -4.93982 54.2259
    endloop
  endfacet
  facet normal 0.751836 -0.65935 0
    outer loop
      vertex 5.684 -4.8692 56.784
      vertex 5.3033 -5.3033 57.2732
      vertex 5.3033 -5.3033 54.6524
    endloop
  endfacet
  facet normal 0.751835 -0.659351 3.49689e-06
    outer loop
      vertex 5.95015 -4.56571 56.4848
      vertex 5.3033 -5.3033 54.6524
      vertex 5.62164 -4.94031 54.2952
    endloop
  endfacet
  facet normal 0.896877 -0.442279 -6.42114e-06
    outer loop
      vertex 6.49519 -3.75 13.0336
      vertex 6.9291 -2.87012 14.7982
      vertex 6.82579 -3.07962 14.9721
    endloop
  endfacet
  facet normal 0.896872 -0.44229 0
    outer loop
      vertex 6.9291 -2.87012 14.7982
      vertex 6.78444 -3.16346 12.4833
      vertex 6.9291 -2.87012 12.1788
    endloop
  endfacet
  facet normal 0.896915 -0.442204 0.000116485
    outer loop
      vertex 6.56659 -3.60522 15.4698
      vertex 6.82579 -3.07962 14.9721
      vertex 6.8255 -3.08019 15.0412
    endloop
  endfacet
  facet normal 0.896893 -0.442247 5.19616e-05
    outer loop
      vertex 6.9291 -2.87012 12.1788
      vertex 6.78444 -3.16346 12.4833
      vertex 6.78473 -3.16288 12.4141
    endloop
  endfacet
  facet normal 0.896871 -0.442293 -5.72926e-07
    outer loop
      vertex 6.82579 -3.07962 14.9721
      vertex 6.56659 -3.60522 15.4698
      vertex 6.49519 -3.75 13.0336
    endloop
  endfacet
  facet normal 0.896874 -0.442286 -6.98017e-07
    outer loop
      vertex 6.9291 -2.87012 14.7982
      vertex 6.52633 -3.68686 12.981
      vertex 6.78444 -3.16346 12.4833
    endloop
  endfacet
  facet normal 0.89686 -0.442314 -1.26888e-05
    outer loop
      vertex 6.49519 -3.75 15.6538
      vertex 6.56659 -3.60522 15.4698
      vertex 6.5663 -3.60581 15.5388
    endloop
  endfacet
  facet normal 0.896869 -0.442296 -1.43689e-05
    outer loop
      vertex 6.78444 -3.16346 12.4833
      vertex 6.52633 -3.68686 12.981
      vertex 6.52661 -3.68629 12.9124
    endloop
  endfacet
  facet normal 0.896867 -0.442301 0
    outer loop
      vertex 6.56659 -3.60522 15.4698
      vertex 6.49519 -3.75 15.6538
      vertex 6.49519 -3.75 13.0336
    endloop
  endfacet
  facet normal 0.896861 -0.442312 1.35685e-05
    outer loop
      vertex 6.9291 -2.87012 14.7982
      vertex 6.49519 -3.75 13.0336
      vertex 6.52633 -3.68686 12.981
    endloop
  endfacet
  facet normal 0.896859 -0.442317 1.69182e-05
    outer loop
      vertex 6.49519 -3.75 53.0098
      vertex 6.9291 -2.87012 54.7746
      vertex 6.91822 -2.89218 54.793
    endloop
  endfacet
  facet normal 0.896873 -0.442289 0
    outer loop
      vertex 6.9291 -2.87012 54.7746
      vertex 6.87838 -2.97297 52.3042
      vertex 6.9291 -2.87012 52.154
    endloop
  endfacet
  facet normal 0.896868 -0.442298 -1.44098e-05
    outer loop
      vertex 6.66037 -3.41505 55.2907
      vertex 6.91822 -2.89218 54.793
      vertex 6.91794 -2.89275 54.8615
    endloop
  endfacet
  facet normal 0.896865 -0.442303 -1.26172e-05
    outer loop
      vertex 6.9291 -2.87012 52.154
      vertex 6.87838 -2.97297 52.3042
      vertex 6.87867 -2.97238 52.2354
    endloop
  endfacet
  facet normal 0.896873 -0.442288 -5.33841e-07
    outer loop
      vertex 6.91822 -2.89218 54.793
      vertex 6.66037 -3.41505 55.2907
      vertex 6.49519 -3.75 53.0098
    endloop
  endfacet
  facet normal 0.896868 -0.442299 5.28003e-07
    outer loop
      vertex 6.9291 -2.87012 54.7746
      vertex 6.61882 -3.49929 52.8019
      vertex 6.87838 -2.97297 52.3042
    endloop
  endfacet
  facet normal 0.896893 -0.442249 5.18714e-05
    outer loop
      vertex 6.49519 -3.75 55.6293
      vertex 6.66037 -3.41505 55.2907
      vertex 6.66008 -3.41563 55.36
    endloop
  endfacet
  facet normal 0.896887 -0.44226 5.1904e-05
    outer loop
      vertex 6.87838 -2.97297 52.3042
      vertex 6.61882 -3.49929 52.8019
      vertex 6.61911 -3.49871 52.7328
    endloop
  endfacet
  facet normal 0.896872 -0.442291 0
    outer loop
      vertex 6.66037 -3.41505 55.2907
      vertex 6.49519 -3.75 55.6293
      vertex 6.49519 -3.75 53.0098
    endloop
  endfacet
  facet normal 0.896879 -0.442276 -8.62159e-06
    outer loop
      vertex 6.9291 -2.87012 54.7746
      vertex 6.49519 -3.75 53.0098
      vertex 6.61882 -3.49929 52.8019
    endloop
  endfacet
  facet normal -0.659346 -0.75184 3.05248e-06
    outer loop
      vertex -5.3033 -5.3033 27.2907
      vertex -4.9879 -5.5799 26.9184
      vertex -4.98839 -5.57947 26.9877
    endloop
  endfacet
  facet normal -0.659348 -0.751838 0
    outer loop
      vertex -5.3033 -5.3033 24.6711
      vertex -4.9879 -5.5799 26.9184
      vertex -5.3033 -5.3033 27.2907
    endloop
  endfacet
  facet normal -0.659345 -0.75184 -6.29597e-07
    outer loop
      vertex -5.3033 -5.3033 24.6711
      vertex -4.56571 -5.95015 26.5039
      vertex -4.9879 -5.5799 26.9184
    endloop
  endfacet
  facet normal -0.65935 -0.751836 2.33485e-06
    outer loop
      vertex -5.05877 -5.51775 24.4296
      vertex -4.56571 -5.95015 26.5039
      vertex -5.3033 -5.3033 24.6711
    endloop
  endfacet
  facet normal -0.659412 -0.751782 -0.00010625
    outer loop
      vertex -4.61692 -5.90524 23.9318
      vertex -5.05877 -5.51775 24.4296
      vertex -5.05828 -5.51817 24.3603
    endloop
  endfacet
  facet normal -0.659344 -0.751841 -7.80328e-08
    outer loop
      vertex -5.05877 -5.51775 24.4296
      vertex -4.61692 -5.90524 23.9318
      vertex -4.56571 -5.95015 26.5039
    endloop
  endfacet
  facet normal -0.659342 -0.751843 3.13284e-06
    outer loop
      vertex -4.56571 -5.95015 23.8151
      vertex -4.61692 -5.90524 23.9318
      vertex -4.61643 -5.90567 23.8632
    endloop
  endfacet
  facet normal -0.659346 -0.75184 0
    outer loop
      vertex -4.61692 -5.90524 23.9318
      vertex -4.56571 -5.95015 23.8151
      vertex -4.56571 -5.95015 26.5039
    endloop
  endfacet
  facet normal -0.659417 -0.751777 2.18486e-06
    outer loop
      vertex -5.3033 -5.3033 67.3347
      vertex -5.27196 -5.33079 67.237
      vertex -5.27245 -5.33036 67.3055
    endloop
  endfacet
  facet normal -0.659339 -0.751846 3.14771e-06
    outer loop
      vertex -5.27196 -5.33079 67.237
      vertex -4.82973 -5.71861 66.7393
      vertex -4.83022 -5.71818 66.8085
    endloop
  endfacet
  facet normal -0.659421 -0.751774 0
    outer loop
      vertex -5.3033 -5.3033 64.646
      vertex -5.27196 -5.33079 67.237
      vertex -5.3033 -5.3033 67.3347
    endloop
  endfacet
  facet normal -0.659342 -0.751843 -1.69858e-06
    outer loop
      vertex -5.3033 -5.3033 64.646
      vertex -4.82973 -5.71861 66.7393
      vertex -5.27196 -5.33079 67.237
    endloop
  endfacet
  facet normal -0.659347 -0.751839 2.79772e-07
    outer loop
      vertex -5.3033 -5.3033 64.646
      vertex -4.56571 -5.95015 66.4786
      vertex -4.82973 -5.71861 66.7393
    endloop
  endfacet
  facet normal -0.659344 -0.751841 -1.32629e-06
    outer loop
      vertex -4.90071 -5.65636 64.2505
      vertex -4.56571 -5.95015 66.4786
      vertex -5.3033 -5.3033 64.646
    endloop
  endfacet
  facet normal -0.659347 -0.751838 3.02925e-06
    outer loop
      vertex -4.56571 -5.95015 63.8589
      vertex -4.90071 -5.65636 64.2505
      vertex -4.90022 -5.65679 64.1811
    endloop
  endfacet
  facet normal -0.659349 -0.751837 0
    outer loop
      vertex -4.90071 -5.65636 64.2505
      vertex -4.56571 -5.95015 63.8589
      vertex -4.56571 -5.95015 66.4786
    endloop
  endfacet
  facet normal -0.442297 -0.896868 -1.25167e-05
    outer loop
      vertex -3.75 -6.49519 25.6476
      vertex -3.55754 -6.5901 25.4251
      vertex -3.55813 -6.58981 25.4941
    endloop
  endfacet
  facet normal -0.442346 -0.896845 -7.88969e-05
    outer loop
      vertex -3.55754 -6.5901 25.4251
      vertex -3.0327 -6.84892 24.9273
      vertex -3.03328 -6.84864 24.9963
    endloop
  endfacet
  facet normal -0.442286 -0.896874 0
    outer loop
      vertex -3.75 -6.49519 23.0278
      vertex -3.55754 -6.5901 25.4251
      vertex -3.75 -6.49519 25.6476
    endloop
  endfacet
  facet normal -0.442285 -0.896874 -4.45123e-08
    outer loop
      vertex -3.75 -6.49519 23.0278
      vertex -3.0327 -6.84892 24.9273
      vertex -3.55754 -6.5901 25.4251
    endloop
  endfacet
  facet normal -0.442303 -0.896866 8.15811e-06
    outer loop
      vertex -3.75 -6.49519 23.0278
      vertex -2.87012 -6.9291 24.7922
      vertex -3.0327 -6.84892 24.9273
    endloop
  endfacet
  facet normal -0.442261 -0.896887 -1.80627e-05
    outer loop
      vertex -3.64002 -6.54942 22.9363
      vertex -2.87012 -6.9291 24.7922
      vertex -3.75 -6.49519 23.0278
    endloop
  endfacet
  facet normal -0.442216 -0.896909 0.000116866
    outer loop
      vertex -3.11598 -6.80786 22.4385
      vertex -3.64002 -6.54942 22.9363
      vertex -3.63945 -6.54971 22.8675
    endloop
  endfacet
  facet normal -0.442303 -0.896866 3.60434e-06
    outer loop
      vertex -3.64002 -6.54942 22.9363
      vertex -3.11598 -6.80786 22.4385
      vertex -2.87012 -6.9291 24.7922
    endloop
  endfacet
  facet normal -0.442399 -0.896818 -0.000143366
    outer loop
      vertex -2.87012 -6.9291 22.1727
      vertex -3.11598 -6.80786 22.4385
      vertex -3.11539 -6.80814 22.3694
    endloop
  endfacet
  facet normal -0.442275 -0.89688 0
    outer loop
      vertex -3.11598 -6.80786 22.4385
      vertex -2.87012 -6.9291 22.1727
      vertex -2.87012 -6.9291 24.7922
    endloop
  endfacet
  facet normal -0.44229 -0.896872 -1.23827e-05
    outer loop
      vertex -3.75 -6.49519 65.6233
      vertex -3.36771 -6.68371 65.246
      vertex -3.3683 -6.68342 65.3153
    endloop
  endfacet
  facet normal -0.44228 -0.896877 0
    outer loop
      vertex -3.75 -6.49519 63.0037
      vertex -3.36771 -6.68371 65.246
      vertex -3.75 -6.49519 65.6233
    endloop
  endfacet
  facet normal -0.442295 -0.89687 3.15535e-06
    outer loop
      vertex -3.75 -6.49519 63.0037
      vertex -2.87012 -6.9291 64.8364
      vertex -3.36771 -6.68371 65.246
    endloop
  endfacet
  facet normal -0.442281 -0.896876 -4.89698e-06
    outer loop
      vertex -3.45229 -6.642 62.7572
      vertex -2.87012 -6.9291 64.8364
      vertex -3.75 -6.49519 63.0037
    endloop
  endfacet
  facet normal -0.442254 -0.89689 5.18097e-05
    outer loop
      vertex -2.92509 -6.90199 62.2594
      vertex -3.45229 -6.642 62.7572
      vertex -3.45171 -6.64229 62.6879
    endloop
  endfacet
  facet normal -0.442294 -0.89687 -4.79963e-07
    outer loop
      vertex -3.45229 -6.642 62.7572
      vertex -2.92509 -6.90199 62.2594
      vertex -2.87012 -6.9291 64.8364
    endloop
  endfacet
  facet normal -0.442226 -0.896904 5.26366e-05
    outer loop
      vertex -2.87012 -6.9291 62.1476
      vertex -2.92509 -6.90199 62.2594
      vertex -2.92451 -6.90228 62.1908
    endloop
  endfacet
  facet normal -0.442312 -0.896861 0
    outer loop
      vertex -2.92509 -6.90199 62.2594
      vertex -2.87012 -6.9291 62.1476
      vertex -2.87012 -6.9291 64.8364
    endloop
  endfacet
  facet normal -0.195054 -0.980793 3.90143e-05
    outer loop
      vertex -1.94114 -7.24444 24.0055
      vertex -1.93321 -7.24602 23.9318
      vertex -1.93385 -7.24589 24.0002
    endloop
  endfacet
  facet normal -0.195062 -0.980791 3.84296e-05
    outer loop
      vertex -1.93321 -7.24602 23.9318
      vertex -1.35568 -7.3609 23.434
      vertex -1.35632 -7.36077 23.5033
    endloop
  endfacet
  facet normal -0.195403 -0.980723 0
    outer loop
      vertex -1.94114 -7.24444 21.3167
      vertex -1.93321 -7.24602 23.9318
      vertex -1.94114 -7.24444 24.0055
    endloop
  endfacet
  facet normal -0.195095 -0.980784 -9.70909e-07
    outer loop
      vertex -1.94114 -7.24444 21.3167
      vertex -1.35568 -7.3609 23.434
      vertex -1.93321 -7.24602 23.9318
    endloop
  endfacet
  facet normal -0.195098 -0.980784 -7.04122e-08
    outer loop
      vertex -1.94114 -7.24444 21.3167
      vertex -0.978946 -7.43584 23.1491
      vertex -1.35568 -7.3609 23.434
    endloop
  endfacet
  facet normal -0.195101 -0.980783 1.4831e-06
    outer loop
      vertex -1.44839 -7.34246 20.9452
      vertex -0.978946 -7.43584 23.1491
      vertex -1.94114 -7.24444 21.3167
    endloop
  endfacet
  facet normal -0.195183 -0.980767 -0.000104256
    outer loop
      vertex -0.978946 -7.43584 20.5292
      vertex -1.44839 -7.34246 20.9452
      vertex -1.44775 -7.34258 20.8759
    endloop
  endfacet
  facet normal -0.195094 -0.980785 0
    outer loop
      vertex -1.44839 -7.34246 20.9452
      vertex -0.978946 -7.43584 20.5292
      vertex -0.978946 -7.43584 23.1491
    endloop
  endfacet
  facet normal -0.19509 -0.980785 1.00568e-05
    outer loop
      vertex -1.94114 -7.24444 63.9801
      vertex -1.72402 -7.28763 63.7527
      vertex -1.72467 -7.2875 63.8217
    endloop
  endfacet
  facet normal -0.195147 -0.980774 -7.60873e-05
    outer loop
      vertex -1.72402 -7.28763 63.7527
      vertex -1.15018 -7.40177 63.2549
      vertex -1.15081 -7.40165 63.3239
    endloop
  endfacet
  facet normal -0.1951 -0.980783 0
    outer loop
      vertex -1.94114 -7.24444 61.3603
      vertex -1.72402 -7.28763 63.7527
      vertex -1.94114 -7.24444 63.9801
    endloop
  endfacet
  facet normal -0.195085 -0.980786 -1.37276e-06
    outer loop
      vertex -1.94114 -7.24444 61.3603
      vertex -1.15018 -7.40177 63.2549
      vertex -1.72402 -7.28763 63.7527
    endloop
  endfacet
  facet normal -0.195129 -0.980778 1.7815e-05
    outer loop
      vertex -1.94114 -7.24444 61.3603
      vertex -0.978946 -7.43584 63.1248
      vertex -1.15018 -7.40177 63.2549
    endloop
  endfacet
  facet normal -0.195124 -0.980779 1.46278e-05
    outer loop
      vertex -1.81433 -7.26967 61.2639
      vertex -0.978946 -7.43584 63.1248
      vertex -1.94114 -7.24444 61.3603
    endloop
  endfacet
  facet normal -0.195153 -0.980773 -7.63624e-05
    outer loop
      vertex -1.24116 -7.38368 60.7661
      vertex -1.81433 -7.26967 61.2639
      vertex -1.8137 -7.26979 61.1951
    endloop
  endfacet
  facet normal -0.19509 -0.980785 -1.01161e-06
    outer loop
      vertex -1.81433 -7.26967 61.2639
      vertex -1.24116 -7.38368 60.7661
      vertex -0.978946 -7.43584 63.1248
    endloop
  endfacet
  facet normal -0.195062 -0.980791 3.85399e-05
    outer loop
      vertex -0.978946 -7.43584 60.5052
      vertex -1.24116 -7.38368 60.7661
      vertex -1.24052 -7.38381 60.697
    endloop
  endfacet
  facet normal -0.195099 -0.980784 0
    outer loop
      vertex -1.24116 -7.38368 60.7661
      vertex -0.978946 -7.43584 60.5052
      vertex -0.978946 -7.43584 63.1248
    endloop
  endfacet
  facet normal -0.83152 -0.555495 0
    outer loop
      vertex -6.47583 -3.77898 28.9094
      vertex -6.49519 -3.75 29.0022
      vertex -6.49519 -3.75 26.3135
    endloop
  endfacet
  facet normal -0.831506 -0.555515 9.28185e-06
    outer loop
      vertex -6.49519 -3.75 29.0022
      vertex -6.47583 -3.77898 28.9094
      vertex -6.47619 -3.77844 28.9779
    endloop
  endfacet
  facet normal -0.83147 -0.555569 8.30273e-07
    outer loop
      vertex -5.95015 -4.56571 28.146
      vertex -6.49519 -3.75 26.3135
      vertex -6.20144 -4.18963 25.9228
    endloop
  endfacet
  facet normal -0.831465 -0.555578 -1.34121e-06
    outer loop
      vertex -6.49519 -3.75 26.3135
      vertex -6.14897 -4.26815 28.4116
      vertex -6.47583 -3.77898 28.9094
    endloop
  endfacet
  facet normal -0.831463 -0.55558 9.90104e-06
    outer loop
      vertex -5.95015 -4.56571 25.5263
      vertex -6.20144 -4.18963 25.9228
      vertex -6.20108 -4.19017 25.8535
    endloop
  endfacet
  facet normal -0.831459 -0.555586 9.96841e-06
    outer loop
      vertex -6.47583 -3.77898 28.9094
      vertex -6.14897 -4.26815 28.4116
      vertex -6.14933 -4.26761 28.4809
    endloop
  endfacet
  facet normal -0.831468 -0.555572 0
    outer loop
      vertex -6.20144 -4.18963 25.9228
      vertex -5.95015 -4.56571 25.5263
      vertex -5.95015 -4.56571 28.146
    endloop
  endfacet
  facet normal -0.831473 -0.555566 2.88117e-06
    outer loop
      vertex -6.49519 -3.75 26.3135
      vertex -5.95015 -4.56571 28.146
      vertex -6.14897 -4.26815 28.4116
    endloop
  endfacet
  facet normal -0.831467 -0.555574 -2.67906e-06
    outer loop
      vertex -5.95015 -4.56571 68.1218
      vertex -6.49519 -3.75 66.3574
      vertex -6.40884 -3.87923 66.2415
    endloop
  endfacet
  facet normal -0.831473 -0.555566 0
    outer loop
      vertex -6.49519 -3.75 66.3574
      vertex -6.35746 -3.95613 68.7303
      vertex -6.49519 -3.75 68.977
    endloop
  endfacet
  facet normal -0.831507 -0.555514 -7.14152e-05
    outer loop
      vertex -6.08395 -4.36547 65.7437
      vertex -6.40884 -3.87923 66.2415
      vertex -6.40848 -3.87976 66.1726
    endloop
  endfacet
  facet normal -0.831422 -0.555641 9.1034e-05
    outer loop
      vertex -6.49519 -3.75 68.977
      vertex -6.35746 -3.95613 68.7303
      vertex -6.35782 -3.95558 68.7994
    endloop
  endfacet
  facet normal -0.831473 -0.555565 1.94521e-06
    outer loop
      vertex -6.40884 -3.87923 66.2415
      vertex -6.08395 -4.36547 65.7437
      vertex -5.95015 -4.56571 68.1218
    endloop
  endfacet
  facet normal -0.831469 -0.555572 -7.58346e-07
    outer loop
      vertex -6.49519 -3.75 66.3574
      vertex -6.03263 -4.44227 68.2325
      vertex -6.35746 -3.95613 68.7303
    endloop
  endfacet
  facet normal -0.831457 -0.55559 1.00458e-05
    outer loop
      vertex -5.95015 -4.56571 65.5021
      vertex -6.08395 -4.36547 65.7437
      vertex -6.08359 -4.36601 65.6746
    endloop
  endfacet
  facet normal -0.831445 -0.555608 5.03127e-05
    outer loop
      vertex -6.35746 -3.95613 68.7303
      vertex -6.03263 -4.44227 68.2325
      vertex -6.03298 -4.44174 68.3014
    endloop
  endfacet
  facet normal -0.831462 -0.555581 0
    outer loop
      vertex -6.08395 -4.36547 65.7437
      vertex -5.95015 -4.56571 65.5021
      vertex -5.95015 -4.56571 68.1218
    endloop
  endfacet
  facet normal -0.83147 -0.55557 -6.26105e-08
    outer loop
      vertex -6.49519 -3.75 66.3574
      vertex -5.95015 -4.56571 68.1218
      vertex -6.03263 -4.44227 68.2325
    endloop
  endfacet
  facet normal -0.946934 -0.321429 2.97705e-06
    outer loop
      vertex -6.9291 -2.87012 29.7892
      vertex -7.24444 -1.94114 28.0248
      vertex -7.19663 -2.08199 27.9139
    endloop
  endfacet
  facet normal -0.946927 -0.321448 0
    outer loop
      vertex -7.24444 -1.94114 28.0248
      vertex -7.16693 -2.16947 30.4027
      vertex -7.24444 -1.94114 30.6445
    endloop
  endfacet
  facet normal -0.946942 -0.321403 -4.06667e-05
    outer loop
      vertex -7.00869 -2.63565 27.4161
      vertex -7.19663 -2.08199 27.9139
      vertex -7.19642 -2.0826 27.845
    endloop
  endfacet
  facet normal -0.94697 -0.321323 -0.00013188
    outer loop
      vertex -7.24444 -1.94114 30.6445
      vertex -7.16693 -2.16947 30.4027
      vertex -7.16715 -2.16885 30.4718
    endloop
  endfacet
  facet normal -0.946931 -0.321436 -3.25923e-07
    outer loop
      vertex -7.19663 -2.08199 27.9139
      vertex -7.00869 -2.63565 27.4161
      vertex -6.9291 -2.87012 29.7892
    endloop
  endfacet
  facet normal -0.946931 -0.321436 1.30572e-06
    outer loop
      vertex -7.24444 -1.94114 28.0248
      vertex -6.97896 -2.72322 29.9049
      vertex -7.16693 -2.16947 30.4027
    endloop
  endfacet
  facet normal -0.94693 -0.321439 6.31914e-06
    outer loop
      vertex -6.9291 -2.87012 27.1696
      vertex -7.00869 -2.63565 27.4161
      vertex -7.00848 -2.63627 27.347
    endloop
  endfacet
  facet normal -0.946956 -0.321364 -8.7692e-05
    outer loop
      vertex -7.16693 -2.16947 30.4027
      vertex -6.97896 -2.72322 29.9049
      vertex -6.97917 -2.72262 29.9738
    endloop
  endfacet
  facet normal -0.946932 -0.321433 0
    outer loop
      vertex -7.00869 -2.63565 27.4161
      vertex -6.9291 -2.87012 27.1696
      vertex -6.9291 -2.87012 29.7892
    endloop
  endfacet
  facet normal -0.946939 -0.321414 1.16296e-05
    outer loop
      vertex -7.24444 -1.94114 28.0248
      vertex -6.9291 -2.87012 29.7892
      vertex -6.97896 -2.72322 29.9049
    endloop
  endfacet
  facet normal -0.94693 -0.321439 -3.00184e-06
    outer loop
      vertex -6.9291 -2.87012 69.8331
      vertex -7.24444 -1.94114 68.0006
      vertex -7.12931 -2.2803 67.7348
    endloop
  endfacet
  facet normal -0.946932 -0.321433 0
    outer loop
      vertex -7.24444 -1.94114 68.0006
      vertex -7.09896 -2.36972 70.2236
      vertex -7.24444 -1.94114 70.6203
    endloop
  endfacet
  facet normal -0.946904 -0.321517 9.73297e-05
    outer loop
      vertex -6.9402 -2.8374 67.237
      vertex -7.12931 -2.2803 67.7348
      vertex -7.12911 -2.28091 67.6655
    endloop
  endfacet
  facet normal -0.946944 -0.321399 -4.04704e-05
    outer loop
      vertex -7.24444 -1.94114 70.6203
      vertex -7.09896 -2.36972 70.2236
      vertex -7.09917 -2.36911 70.2929
    endloop
  endfacet
  facet normal -0.946931 -0.321438 -2.50508e-06
    outer loop
      vertex -7.12931 -2.2803 67.7348
      vertex -6.9402 -2.8374 67.237
      vertex -6.9291 -2.87012 69.8331
    endloop
  endfacet
  facet normal -0.946987 -0.321271 4.6831e-06
    outer loop
      vertex -6.9291 -2.87012 67.1444
      vertex -6.9402 -2.8374 67.237
      vertex -6.93999 -2.83802 67.1685
    endloop
  endfacet
  facet normal -0.946991 -0.321259 -0
    outer loop
      vertex -6.9291 -2.87012 69.8331
      vertex -6.9402 -2.8374 67.237
      vertex -6.9291 -2.87012 67.1444
    endloop
  endfacet
  facet normal -0.946932 -0.321434 -3.01006e-07
    outer loop
      vertex -7.24444 -1.94114 68.0006
      vertex -6.9291 -2.87012 69.8331
      vertex -7.09896 -2.36972 70.2236
    endloop
  endfacet
  facet normal -0.997859 -0.0654088 -4.97673e-06
    outer loop
      vertex -7.43584 -0.978946 31.5006
      vertex -7.5 0 29.6681
      vertex -7.47701 -0.350709 29.4072
    endloop
  endfacet
  facet normal -0.997859 -0.0654009 0
    outer loop
      vertex -7.5 0 29.6681
      vertex -7.47084 -0.444911 31.896
      vertex -7.5 0 32.2878
    endloop
  endfacet
  facet normal -0.997857 -0.0654329 3.49326e-05
    outer loop
      vertex -7.43854 -0.937645 28.9094
      vertex -7.47701 -0.350709 29.4072
      vertex -7.47697 -0.351356 29.3379
    endloop
  endfacet
  facet normal -0.997857 -0.0654348 3.87274e-05
    outer loop
      vertex -7.5 0 32.2878
      vertex -7.47084 -0.444911 31.896
      vertex -7.47088 -0.44426 31.9653
    endloop
  endfacet
  facet normal -0.997859 -0.0654012 -2.66859e-06
    outer loop
      vertex -7.47701 -0.350709 29.4072
      vertex -7.43854 -0.937645 28.9094
      vertex -7.43584 -0.978946 31.5006
    endloop
  endfacet
  facet normal -0.997864 -0.0653241 3.81229e-05
    outer loop
      vertex -7.43584 -0.978946 28.8119
      vertex -7.43854 -0.937645 28.9094
      vertex -7.4385 -0.938296 28.8409
    endloop
  endfacet
  facet normal -0.99787 -0.0652345 -0
    outer loop
      vertex -7.43584 -0.978946 31.5006
      vertex -7.43854 -0.937645 28.9094
      vertex -7.43584 -0.978946 28.8119
    endloop
  endfacet
  facet normal -0.997859 -0.0653988 4.20568e-07
    outer loop
      vertex -7.5 0 29.6681
      vertex -7.43584 -0.978946 31.5006
      vertex -7.47084 -0.444911 31.896
    endloop
  endfacet
  facet normal -0.997863 -0.0653385 0
    outer loop
      vertex -7.49553 -0.0682668 72.2146
      vertex -7.5 0 72.3315
      vertex -7.5 0 69.6428
    endloop
  endfacet
  facet normal -0.997859 -0.0654063 3.98045e-05
    outer loop
      vertex -7.5 0 72.3315
      vertex -7.49553 -0.0682668 72.2146
      vertex -7.49557 -0.0676148 72.2832
    endloop
  endfacet
  facet normal -0.997859 -0.0654074 -4.21312e-06
    outer loop
      vertex -7.43584 -0.978946 71.4755
      vertex -7.5 0 69.6428
      vertex -7.46325 -0.560633 69.2281
    endloop
  endfacet
  facet normal -0.997859 -0.0654078 -1.84745e-06
    outer loop
      vertex -7.5 0 69.6428
      vertex -7.45709 -0.654692 71.7169
      vertex -7.49553 -0.0682668 72.2146
    endloop
  endfacet
  facet normal -0.997858 -0.065419 3.85225e-05
    outer loop
      vertex -7.43584 -0.978946 68.8559
      vertex -7.46325 -0.560633 69.2281
      vertex -7.46321 -0.561284 69.1587
    endloop
  endfacet
  facet normal -0.997857 -0.0654389 3.50395e-05
    outer loop
      vertex -7.49553 -0.0682668 72.2146
      vertex -7.45709 -0.654692 71.7169
      vertex -7.45713 -0.654045 71.7861
    endloop
  endfacet
  facet normal -0.99786 -0.0653849 0
    outer loop
      vertex -7.46325 -0.560633 69.2281
      vertex -7.43584 -0.978946 68.8559
      vertex -7.43584 -0.978946 71.4755
    endloop
  endfacet
  facet normal -0.997859 -0.0653961 1.84312e-06
    outer loop
      vertex -7.5 0 69.6428
      vertex -7.43584 -0.978946 71.4755
      vertex -7.45709 -0.654692 71.7169
    endloop
  endfacet
  facet normal 0.195065 -0.98079 -3.84003e-05
    outer loop
      vertex 0.978946 -7.43584 21.4391
      vertex 1.55154 -7.32194 20.9452
      vertex 1.5509 -7.32207 21.0145
    endloop
  endfacet
  facet normal 0.195097 -0.980784 0
    outer loop
      vertex 0.978946 -7.43584 18.8183
      vertex 1.55154 -7.32194 20.9452
      vertex 0.978946 -7.43584 21.4391
    endloop
  endfacet
  facet normal 0.195099 -0.980784 -5.85164e-07
    outer loop
      vertex 0.978946 -7.43584 18.8183
      vertex 1.94114 -7.24444 20.6507
      vertex 1.55154 -7.32194 20.9452
    endloop
  endfacet
  facet normal 0.195097 -0.980784 5.7873e-07
    outer loop
      vertex 1.45879 -7.34039 18.4564
      vertex 1.94114 -7.24444 20.6507
      vertex 0.978946 -7.43584 18.8183
    endloop
  endfacet
  facet normal 0.195067 -0.98079 -3.83833e-05
    outer loop
      vertex 1.94114 -7.24444 18.0307
      vertex 1.45879 -7.34039 18.4564
      vertex 1.45943 -7.34026 18.3871
    endloop
  endfacet
  facet normal 0.195099 -0.980783 0
    outer loop
      vertex 1.45879 -7.34039 18.4564
      vertex 1.94114 -7.24444 18.0307
      vertex 1.94114 -7.24444 20.6507
    endloop
  endfacet
  facet normal 0.195065 -0.98079 -3.85631e-05
    outer loop
      vertex 0.978946 -7.43584 61.4817
      vertex 1.18304 -7.39524 61.2639
      vertex 1.1824 -7.39537 61.3329
    endloop
  endfacet
  facet normal 0.195042 -0.980795 -6.70605e-05
    outer loop
      vertex 1.18304 -7.39524 61.2639
      vertex 1.75709 -7.28105 60.7661
      vertex 1.75646 -7.28118 60.8351
    endloop
  endfacet
  facet normal 0.195105 -0.980782 0
    outer loop
      vertex 0.978946 -7.43584 58.8618
      vertex 1.18304 -7.39524 61.2639
      vertex 0.978946 -7.43584 61.4817
    endloop
  endfacet
  facet normal 0.195098 -0.980784 6.20153e-07
    outer loop
      vertex 0.978946 -7.43584 58.8618
      vertex 1.75709 -7.28105 60.7661
      vertex 1.18304 -7.39524 61.2639
    endloop
  endfacet
  facet normal 0.195093 -0.980785 2.66441e-06
    outer loop
      vertex 0.978946 -7.43584 58.8618
      vertex 1.94114 -7.24444 60.6263
      vertex 1.75709 -7.28105 60.7661
    endloop
  endfacet
  facet normal 0.195111 -0.980781 -7.56248e-06
    outer loop
      vertex 1.09295 -7.41316 58.7751
      vertex 1.94114 -7.24444 60.6263
      vertex 0.978946 -7.43584 58.8618
    endloop
  endfacet
  facet normal 0.195043 -0.980795 -6.72445e-05
    outer loop
      vertex 1.66594 -7.29918 58.2773
      vertex 1.09295 -7.41316 58.7751
      vertex 1.09358 -7.41303 58.7063
    endloop
  endfacet
  facet normal 0.195098 -0.980784 -1.20595e-06
    outer loop
      vertex 1.09295 -7.41316 58.7751
      vertex 1.66594 -7.29918 58.2773
      vertex 1.94114 -7.24444 60.6263
    endloop
  endfacet
  facet normal 0.195187 -0.980766 0.000104445
    outer loop
      vertex 1.94114 -7.24444 58.0068
      vertex 1.66594 -7.29918 58.2773
      vertex 1.66658 -7.29906 58.2081
    endloop
  endfacet
  facet normal 0.195088 -0.980786 0
    outer loop
      vertex 1.66594 -7.29918 58.2773
      vertex 1.94114 -7.24444 58.0068
      vertex 1.94114 -7.24444 60.6263
    endloop
  endfacet
  facet normal 0.659344 -0.751841 -3.08935e-06
    outer loop
      vertex 4.56571 -5.95015 18.1523
      vertex 4.69707 -5.83495 17.9587
      vertex 4.69658 -5.83538 18.0276
    endloop
  endfacet
  facet normal 0.659348 -0.751838 1.03679e-05
    outer loop
      vertex 4.69707 -5.83495 17.9587
      vertex 5.13752 -5.44869 17.4609
      vertex 5.13704 -5.44911 17.5299
    endloop
  endfacet
  facet normal 0.659347 -0.751839 0
    outer loop
      vertex 4.56571 -5.95015 15.5322
      vertex 4.69707 -5.83495 17.9587
      vertex 4.56571 -5.95015 18.1523
    endloop
  endfacet
  facet normal 0.659342 -0.751843 4.81543e-07
    outer loop
      vertex 4.56571 -5.95015 15.5322
      vertex 5.13752 -5.44869 17.4609
      vertex 4.69707 -5.83495 17.9587
    endloop
  endfacet
  facet normal 0.659355 -0.751832 -6.21105e-06
    outer loop
      vertex 4.56571 -5.95015 15.5322
      vertex 5.3033 -5.3033 17.2967
      vertex 5.13752 -5.44869 17.4609
    endloop
  endfacet
  facet normal 0.659339 -0.751846 5.59914e-06
    outer loop
      vertex 4.62845 -5.89513 15.4698
      vertex 5.3033 -5.3033 17.2967
      vertex 4.56571 -5.95015 15.5322
    endloop
  endfacet
  facet normal 0.659285 -0.751893 -9.99546e-05
    outer loop
      vertex 5.06734 -5.51023 14.9721
      vertex 4.62845 -5.89513 15.4698
      vertex 4.62893 -5.8947 15.4012
    endloop
  endfacet
  facet normal 0.659349 -0.751837 -9.88831e-07
    outer loop
      vertex 4.62845 -5.89513 15.4698
      vertex 5.06734 -5.51023 14.9721
      vertex 5.3033 -5.3033 17.2967
    endloop
  endfacet
  facet normal 0.659341 -0.751844 -3.11721e-06
    outer loop
      vertex 5.3033 -5.3033 14.6772
      vertex 5.06734 -5.51023 14.9721
      vertex 5.06783 -5.5098 14.9029
    endloop
  endfacet
  facet normal 0.659343 -0.751842 0
    outer loop
      vertex 5.06734 -5.51023 14.9721
      vertex 5.3033 -5.3033 14.6772
      vertex 5.3033 -5.3033 17.2967
    endloop
  endfacet
  facet normal 0.65935 -0.751836 -3.00349e-06
    outer loop
      vertex 4.56571 -5.95015 58.1278
      vertex 4.85642 -5.6952 57.7796
      vertex 4.85593 -5.69563 57.8489
    endloop
  endfacet
  facet normal 0.659352 -0.751835 1.04985e-05
    outer loop
      vertex 4.85642 -5.6952 57.7796
      vertex 5.29462 -5.31091 57.2818
      vertex 5.29414 -5.31133 57.3502
    endloop
  endfacet
  facet normal 0.659352 -0.751834 0
    outer loop
      vertex 4.56571 -5.95015 55.5083
      vertex 4.85642 -5.6952 57.7796
      vertex 4.56571 -5.95015 58.1278
    endloop
  endfacet
  facet normal 0.659346 -0.75184 1.41405e-06
    outer loop
      vertex 4.56571 -5.95015 55.5083
      vertex 5.29462 -5.31091 57.2818
      vertex 4.85642 -5.6952 57.7796
    endloop
  endfacet
  facet normal 0.659271 -0.751905 5.54698e-05
    outer loop
      vertex 4.56571 -5.95015 55.5083
      vertex 5.3033 -5.3033 57.2732
      vertex 5.29462 -5.31091 57.2818
    endloop
  endfacet
  facet normal 0.659355 -0.751832 -6.195e-06
    outer loop
      vertex 4.78572 -5.7572 55.2907
      vertex 5.3033 -5.3033 57.2732
      vertex 4.56571 -5.95015 55.5083
    endloop
  endfacet
  facet normal 0.659415 -0.751779 0.000106602
    outer loop
      vertex 5.22711 -5.37011 54.793
      vertex 4.78572 -5.7572 55.2907
      vertex 4.78621 -5.75678 55.2216
    endloop
  endfacet
  facet normal 0.659346 -0.75184 -2.07181e-06
    outer loop
      vertex 4.78572 -5.7572 55.2907
      vertex 5.22711 -5.37011 54.793
      vertex 5.3033 -5.3033 57.2732
    endloop
  endfacet
  facet normal 0.659405 -0.751788 9.3654e-05
    outer loop
      vertex 5.3033 -5.3033 54.6524
      vertex 5.22711 -5.37011 54.793
      vertex 5.22761 -5.36968 54.7243
    endloop
  endfacet
  facet normal 0.659308 -0.751873 0
    outer loop
      vertex 5.22711 -5.37011 54.793
      vertex 5.3033 -5.3033 54.6524
      vertex 5.3033 -5.3033 57.2732
    endloop
  endfacet
  facet normal 0.831466 -0.555575 3.20222e-06
    outer loop
      vertex 5.95015 -4.56571 13.8215
      vertex 6.49519 -3.75 15.6538
      vertex 6.2599 -4.10213 15.9676
    endloop
  endfacet
  facet normal 0.831471 -0.555568 0
    outer loop
      vertex 6.49519 -3.75 15.6538
      vertex 6.20734 -4.1808 13.4788
      vertex 6.49519 -3.75 13.0336
    endloop
  endfacet
  facet normal 0.831468 -0.555572 -9.81485e-06
    outer loop
      vertex 5.95015 -4.56571 16.442
      vertex 6.2599 -4.10213 15.9676
      vertex 6.25954 -4.10267 16.0369
    endloop
  endfacet
  facet normal 0.831428 -0.555633 -9.06833e-05
    outer loop
      vertex 6.49519 -3.75 13.0336
      vertex 6.20734 -4.1808 13.4788
      vertex 6.2077 -4.18025 13.4095
    endloop
  endfacet
  facet normal 0.831473 -0.555565 0
    outer loop
      vertex 6.2599 -4.10213 15.9676
      vertex 5.95015 -4.56571 16.442
      vertex 5.95015 -4.56571 13.8215
    endloop
  endfacet
  facet normal 0.831469 -0.555572 9.35895e-07
    outer loop
      vertex 6.49519 -3.75 15.6538
      vertex 5.95015 -4.56571 13.8215
      vertex 6.20734 -4.1808 13.4788
    endloop
  endfacet
  facet normal 0.831468 -0.555573 1.83651e-06
    outer loop
      vertex 5.95015 -4.56571 53.8648
      vertex 6.49519 -3.75 55.6293
      vertex 6.3764 -3.92778 55.7885
    endloop
  endfacet
  facet normal 0.831469 -0.555572 0
    outer loop
      vertex 6.49519 -3.75 55.6293
      vertex 6.32459 -4.00532 53.2997
      vertex 6.49519 -3.75 53.0098
    endloop
  endfacet
  facet normal 0.831506 -0.555516 7.12808e-05
    outer loop
      vertex 6.051 -4.41478 56.2863
      vertex 6.3764 -3.92778 55.7885
      vertex 6.37604 -3.92831 55.8575
    endloop
  endfacet
  facet normal 0.831463 -0.555579 -9.91398e-06
    outer loop
      vertex 6.49519 -3.75 53.0098
      vertex 6.32459 -4.00532 53.2997
      vertex 6.32495 -4.00478 53.2305
    endloop
  endfacet
  facet normal 0.831472 -0.555567 -8.80254e-07
    outer loop
      vertex 6.3764 -3.92778 55.7885
      vertex 6.051 -4.41478 56.2863
      vertex 5.95015 -4.56571 53.8648
    endloop
  endfacet
  facet normal 0.831472 -0.555566 -8.77456e-07
    outer loop
      vertex 6.49519 -3.75 55.6293
      vertex 6.00022 -4.49078 53.7975
      vertex 6.32459 -4.00532 53.2997
    endloop
  endfacet
  facet normal 0.831484 -0.555549 3.04315e-05
    outer loop
      vertex 5.95015 -4.56571 56.4848
      vertex 6.051 -4.41478 56.2863
      vertex 6.05063 -4.41533 56.3552
    endloop
  endfacet
  facet normal 0.83141 -0.555659 -0.000131911
    outer loop
      vertex 6.32459 -4.00532 53.2997
      vertex 6.00022 -4.49078 53.7975
      vertex 6.00057 -4.49024 53.7288
    endloop
  endfacet
  facet normal 0.831465 -0.555577 0
    outer loop
      vertex 6.051 -4.41478 56.2863
      vertex 5.95015 -4.56571 56.4848
      vertex 5.95015 -4.56571 53.8648
    endloop
  endfacet
  facet normal 0.831457 -0.555589 1.22312e-05
    outer loop
      vertex 6.49519 -3.75 55.6293
      vertex 5.95015 -4.56571 53.8648
      vertex 6.00022 -4.49078 53.7975
    endloop
  endfacet
  facet normal 0.980783 -0.1951 1.33461e-06
    outer loop
      vertex 7.24444 -1.94114 11.323
      vertex 7.43584 -0.978946 13.1554
      vertex 7.35065 -1.4072 13.4788
    endloop
  endfacet
  facet normal 0.980784 -0.195098 0
    outer loop
      vertex 7.43584 -0.978946 13.1554
      vertex 7.24444 -1.94114 11.323
      vertex 7.43584 -0.978946 10.99
    endloop
  endfacet
  facet normal 0.980791 -0.195063 3.84197e-05
    outer loop
      vertex 7.24444 -1.94114 13.9435
      vertex 7.35065 -1.4072 13.4788
      vertex 7.35052 -1.40784 13.5481
    endloop
  endfacet
  facet normal 0.980784 -0.195095 0
    outer loop
      vertex 7.35065 -1.4072 13.4788
      vertex 7.24444 -1.94114 13.9435
      vertex 7.24444 -1.94114 11.323
    endloop
  endfacet
  facet normal 0.980783 -0.195101 -9.45393e-06
    outer loop
      vertex 7.43584 -0.978946 10.99
      vertex 7.24444 -1.94114 11.323
      vertex 7.33219 -1.5 10.99
    endloop
  endfacet
  facet normal 0.980782 -0.195108 5.8663e-06
    outer loop
      vertex 7.24444 -1.94114 51.3662
      vertex 7.43584 -0.978946 53.1308
      vertex 7.39157 -1.20148 53.2997
    endloop
  endfacet
  facet normal 0.980785 -0.195093 0
    outer loop
      vertex 7.43584 -0.978946 53.1308
      vertex 7.37335 -1.2931 50.8109
      vertex 7.43584 -0.978946 50.5113
    endloop
  endfacet
  facet normal 0.980772 -0.195155 -7.60523e-05
    outer loop
      vertex 7.27726 -1.77615 53.7975
      vertex 7.39157 -1.20148 53.2997
      vertex 7.39145 -1.20211 53.3688
    endloop
  endfacet
  facet normal 0.980766 -0.195189 -0.000104465
    outer loop
      vertex 7.43584 -0.978946 50.5113
      vertex 7.37335 -1.2931 50.8109
      vertex 7.37347 -1.29246 50.7417
    endloop
  endfacet
  facet normal 0.980785 -0.195092 -4.39233e-07
    outer loop
      vertex 7.39157 -1.20148 53.2997
      vertex 7.27726 -1.77615 53.7975
      vertex 7.24444 -1.94114 51.3662
    endloop
  endfacet
  facet normal 0.980784 -0.195094 2.08445e-07
    outer loop
      vertex 7.43584 -0.978946 53.1308
      vertex 7.25948 -1.86555 51.3087
      vertex 7.37335 -1.2931 50.8109
    endloop
  endfacet
  facet normal 0.980792 -0.195056 3.87105e-05
    outer loop
      vertex 7.24444 -1.94114 53.9864
      vertex 7.27726 -1.77615 53.7975
      vertex 7.27713 -1.77679 53.8664
    endloop
  endfacet
  facet normal 0.980776 -0.195135 -4.78943e-05
    outer loop
      vertex 7.37335 -1.2931 50.8109
      vertex 7.25948 -1.86555 51.3087
      vertex 7.2596 -1.86493 51.24
    endloop
  endfacet
  facet normal 0.980784 -0.195099 0
    outer loop
      vertex 7.27726 -1.77615 53.7975
      vertex 7.24444 -1.94114 53.9864
      vertex 7.24444 -1.94114 51.3662
    endloop
  endfacet
  facet normal 0.980777 -0.19513 1.80435e-05
    outer loop
      vertex 7.43584 -0.978946 53.1308
      vertex 7.24444 -1.94114 51.3662
      vertex 7.25948 -1.86555 51.3087
    endloop
  endfacet
  facet normal 0.946931 -0.321436 1.46588e-06
    outer loop
      vertex 6.9291 -2.87012 12.1788
      vertex 7.24444 -1.94114 13.9435
      vertex 7.2302 -1.98309 13.9766
    endloop
  endfacet
  facet normal 0.946933 -0.321431 0
    outer loop
      vertex 7.24444 -1.94114 13.9435
      vertex 7.20111 -2.06879 11.4878
      vertex 7.24444 -1.94114 11.323
    endloop
  endfacet
  facet normal 0.94692 -0.32147 -5.10632e-05
    outer loop
      vertex 7.04273 -2.53538 14.4743
      vertex 7.2302 -1.98309 13.9766
      vertex 7.23 -1.98369 14.0451
    endloop
  endfacet
  facet normal 0.946931 -0.321438 -6.32891e-06
    outer loop
      vertex 7.24444 -1.94114 11.323
      vertex 7.20111 -2.06879 11.4878
      vertex 7.20132 -2.06817 11.4189
    endloop
  endfacet
  facet normal 0.946933 -0.32143 -1.98374e-06
    outer loop
      vertex 7.2302 -1.98309 13.9766
      vertex 7.04273 -2.53538 14.4743
      vertex 6.9291 -2.87012 12.1788
    endloop
  endfacet
  facet normal 0.946932 -0.321435 2.62647e-07
    outer loop
      vertex 7.24444 -1.94114 13.9435
      vertex 7.01259 -2.62416 11.9855
      vertex 7.20111 -2.06879 11.4878
    endloop
  endfacet
  facet normal 0.946927 -0.321448 -6.39063e-06
    outer loop
      vertex 6.9291 -2.87012 14.7982
      vertex 7.04273 -2.53538 14.4743
      vertex 7.04252 -2.536 14.5436
    endloop
  endfacet
  facet normal 0.946943 -0.321403 4.0554e-05
    outer loop
      vertex 7.20111 -2.06879 11.4878
      vertex 7.01259 -2.62416 11.9855
      vertex 7.0128 -2.62355 11.9164
    endloop
  endfacet
  facet normal 0.946929 -0.321442 0
    outer loop
      vertex 7.04273 -2.53538 14.4743
      vertex 6.9291 -2.87012 14.7982
      vertex 6.9291 -2.87012 12.1788
    endloop
  endfacet
  facet normal 0.946932 -0.321433 -7.50302e-07
    outer loop
      vertex 7.24444 -1.94114 13.9435
      vertex 6.9291 -2.87012 12.1788
      vertex 7.01259 -2.62416 11.9855
    endloop
  endfacet
  facet normal 0.946932 -0.321434 1.995e-07
    outer loop
      vertex 6.9291 -2.87012 52.154
      vertex 7.24444 -1.94114 53.9864
      vertex 7.11047 -2.33581 54.2952
    endloop
  endfacet
  facet normal 0.946933 -0.321432 0
    outer loop
      vertex 7.24444 -1.94114 53.9864
      vertex 7.08006 -2.4254 51.8064
      vertex 7.24444 -1.94114 51.3662
    endloop
  endfacet
  facet normal 0.94693 -0.321438 -6.29818e-06
    outer loop
      vertex 6.9291 -2.87012 54.7746
      vertex 7.11047 -2.33581 54.2952
      vertex 7.11026 -2.33643 54.3645
    endloop
  endfacet
  facet normal 0.946931 -0.321437 -6.28702e-06
    outer loop
      vertex 7.24444 -1.94114 51.3662
      vertex 7.08006 -2.4254 51.8064
      vertex 7.08027 -2.42478 51.7371
    endloop
  endfacet
  facet normal 0.946932 -0.321433 0
    outer loop
      vertex 7.11047 -2.33581 54.2952
      vertex 6.9291 -2.87012 54.7746
      vertex 6.9291 -2.87012 52.154
    endloop
  endfacet
  facet normal 0.946932 -0.321435 6.79103e-07
    outer loop
      vertex 7.24444 -1.94114 53.9864
      vertex 6.9291 -2.87012 52.154
      vertex 7.08006 -2.4254 51.8064
    endloop
  endfacet
  facet normal -0.555753 -0.831348 -9.3259e-05
    outer loop
      vertex -4.56571 -5.95015 26.5039
      vertex -4.54785 -5.96208 26.4206
      vertex -4.5484 -5.96172 26.489
    endloop
  endfacet
  facet normal -0.555585 -0.83146 -9.96411e-06
    outer loop
      vertex -4.54785 -5.96208 26.4206
      vertex -4.05847 -6.28908 25.9228
      vertex -4.05901 -6.28872 25.9921
    endloop
  endfacet
  facet normal -0.555452 -0.831549 0
    outer loop
      vertex -4.56571 -5.95015 23.8151
      vertex -4.54785 -5.96208 26.4206
      vertex -4.56571 -5.95015 26.5039
    endloop
  endfacet
  facet normal -0.555577 -0.831465 1.24114e-06
    outer loop
      vertex -4.56571 -5.95015 23.8151
      vertex -4.05847 -6.28908 25.9228
      vertex -4.54785 -5.96208 26.4206
    endloop
  endfacet
  facet normal -0.555566 -0.831472 -2.6328e-06
    outer loop
      vertex -4.56571 -5.95015 23.8151
      vertex -3.75 -6.49519 25.6476
      vertex -4.05847 -6.28908 25.9228
    endloop
  endfacet
  facet normal -0.555566 -0.831473 -2.98176e-06
    outer loop
      vertex -4.13703 -6.23658 23.434
      vertex -3.75 -6.49519 25.6476
      vertex -4.56571 -5.95015 23.8151
    endloop
  endfacet
  facet normal -0.555497 -0.831519 0.000111019
    outer loop
      vertex -3.75 -6.49519 23.0278
      vertex -4.13703 -6.23658 23.434
      vertex -4.13649 -6.23695 23.3647
    endloop
  endfacet
  facet normal -0.555577 -0.831465 0
    outer loop
      vertex -4.13703 -6.23658 23.434
      vertex -3.75 -6.49519 23.0278
      vertex -3.75 -6.49519 25.6476
    endloop
  endfacet
  facet normal -0.555642 -0.831422 -9.10447e-05
    outer loop
      vertex -4.56571 -5.95015 66.4786
      vertex -4.37061 -6.08051 66.2415
      vertex -4.37116 -6.08015 66.3106
    endloop
  endfacet
  facet normal -0.555603 -0.831447 -5.02651e-05
    outer loop
      vertex -4.37061 -6.08051 66.2415
      vertex -3.8843 -6.40545 65.7437
      vertex -3.88483 -6.4051 65.8126
    endloop
  endfacet
  facet normal -0.555565 -0.831473 0
    outer loop
      vertex -4.56571 -5.95015 63.8589
      vertex -4.37061 -6.08051 66.2415
      vertex -4.56571 -5.95015 66.4786
    endloop
  endfacet
  facet normal -0.555568 -0.831471 2.79672e-07
    outer loop
      vertex -4.56571 -5.95015 63.8589
      vertex -3.8843 -6.40545 65.7437
      vertex -4.37061 -6.08051 66.2415
    endloop
  endfacet
  facet normal -0.555581 -0.831462 7.30174e-06
    outer loop
      vertex -4.56571 -5.95015 63.8589
      vertex -3.75 -6.49519 65.6233
      vertex -3.8843 -6.40545 65.7437
    endloop
  endfacet
  facet normal -0.555562 -0.831475 -5.29281e-06
    outer loop
      vertex -4.44734 -6.02924 63.7527
      vertex -3.75 -6.49519 65.6233
      vertex -4.56571 -5.95015 63.8589
    endloop
  endfacet
  facet normal -0.555518 -0.831505 7.13675e-05
    outer loop
      vertex -3.96127 -6.35402 63.2549
      vertex -4.44734 -6.02924 63.7527
      vertex -4.44681 -6.0296 63.6838
    endloop
  endfacet
  facet normal -0.555569 -0.83147 -1.47667e-06
    outer loop
      vertex -4.44734 -6.02924 63.7527
      vertex -3.96127 -6.35402 63.2549
      vertex -3.75 -6.49519 65.6233
    endloop
  endfacet
  facet normal -0.555489 -0.831524 0.000111427
    outer loop
      vertex -3.75 -6.49519 63.0037
      vertex -3.96127 -6.35402 63.2549
      vertex -3.96073 -6.35439 63.1858
    endloop
  endfacet
  facet normal -0.555581 -0.831463 0
    outer loop
      vertex -3.96127 -6.35402 63.2549
      vertex -3.75 -6.49519 63.0037
      vertex -3.75 -6.49519 65.6233
    endloop
  endfacet
  facet normal -0.0654164 -0.997858 -4.06173e-05
    outer loop
      vertex -0.978946 -7.43584 23.1491
      vertex -0.778072 -7.449 22.9363
      vertex -0.778725 -7.44896 23.0053
    endloop
  endfacet
  facet normal -0.0654343 -0.997857 -3.03557e-05
    outer loop
      vertex -0.778072 -7.449 22.9363
      vertex -0.193928 -7.48729 22.4385
      vertex -0.19457 -7.48725 22.5075
    endloop
  endfacet
  facet normal -0.0653736 -0.997861 0
    outer loop
      vertex -0.978946 -7.43584 20.5292
      vertex -0.778072 -7.449 22.9363
      vertex -0.978946 -7.43584 23.1491
    endloop
  endfacet
  facet normal -0.0654062 -0.997859 2.73661e-06
    outer loop
      vertex -0.978946 -7.43584 20.5292
      vertex -0.193928 -7.48729 22.4385
      vertex -0.778072 -7.449 22.9363
    endloop
  endfacet
  facet normal -0.0653995 -0.997859 -3.46822e-08
    outer loop
      vertex -0.978946 -7.43584 20.5292
      vertex 0 -7.5 22.2937
      vertex -0.193928 -7.48729 22.4385
    endloop
  endfacet
  facet normal -0.0653652 -0.997861 -1.91284e-05
    outer loop
      vertex -0.869618 -7.443 20.4475
      vertex 0 -7.5 22.2937
      vertex -0.978946 -7.43584 20.5292
    endloop
  endfacet
  facet normal -0.0654213 -0.997858 -2.74693e-05
    outer loop
      vertex -0.286752 -7.4812 19.9497
      vertex -0.869618 -7.443 20.4475
      vertex -0.868979 -7.44304 20.3787
    endloop
  endfacet
  facet normal -0.0654001 -0.997859 -2.61496e-06
    outer loop
      vertex -0.869618 -7.443 20.4475
      vertex -0.286752 -7.4812 19.9497
      vertex 0 -7.5 22.2937
    endloop
  endfacet
  facet normal -0.0653214 -0.997864 0.000104601
    outer loop
      vertex 0 -7.5 19.6742
      vertex -0.286752 -7.4812 19.9497
      vertex -0.286099 -7.48125 19.8805
    endloop
  endfacet
  facet normal -0.0654214 -0.997858 0
    outer loop
      vertex -0.286752 -7.4812 19.9497
      vertex 0 -7.5 19.6742
      vertex 0 -7.5 22.2937
    endloop
  endfacet
  facet normal -0.065425 -0.997857 -3.86341e-05
    outer loop
      vertex -0.978946 -7.43584 63.1248
      vertex -0.566774 -7.46285 62.7572
      vertex -0.567425 -7.46281 62.8265
    endloop
  endfacet
  facet normal -0.0653906 -0.99786 0
    outer loop
      vertex -0.978946 -7.43584 60.5052
      vertex -0.566774 -7.46285 62.7572
      vertex -0.978946 -7.43584 63.1248
    endloop
  endfacet
  facet normal -0.0654042 -0.997859 2.49545e-06
    outer loop
      vertex -0.978946 -7.43584 60.5052
      vertex 0 -7.5 62.338
      vertex -0.566774 -7.46285 62.7572
    endloop
  endfacet
  facet normal -0.065396 -0.997859 -1.89068e-06
    outer loop
      vertex -0.660795 -7.45669 60.2684
      vertex 0 -7.5 62.338
      vertex -0.978946 -7.43584 60.5052
    endloop
  endfacet
  facet normal -0.0654347 -0.997857 -3.49491e-05
    outer loop
      vertex -0.0744847 -7.49512 59.7706
      vertex -0.660795 -7.45669 60.2684
      vertex -0.660148 -7.45673 60.1991
    endloop
  endfacet
  facet normal -0.0654045 -0.997859 8.10489e-07
    outer loop
      vertex -0.660795 -7.45669 60.2684
      vertex -0.0744847 -7.49512 59.7706
      vertex 0 -7.5 62.338
    endloop
  endfacet
  facet normal -0.0654416 -0.997856 -4.00459e-05
    outer loop
      vertex 0 -7.5 59.6492
      vertex -0.0744847 -7.49512 59.7706
      vertex -0.0738328 -7.49516 59.702
    endloop
  endfacet
  facet normal -0.0653766 -0.997861 0
    outer loop
      vertex -0.0744847 -7.49512 59.7706
      vertex 0 -7.5 59.6492
      vertex 0 -7.5 62.338
    endloop
  endfacet
  facet normal -0.751841 -0.659345 1.08393e-06
    outer loop
      vertex -5.3033 -5.3033 27.2907
      vertex -5.95015 -4.56571 25.5263
      vertex -5.86069 -4.66772 25.4251
    endloop
  endfacet
  facet normal -0.751829 -0.659359 0
    outer loop
      vertex -5.95015 -4.56571 25.5263
      vertex -5.79991 -4.73702 27.9139
      vertex -5.95015 -4.56571 28.146
    endloop
  endfacet
  facet normal -0.751832 -0.659355 1.04669e-05
    outer loop
      vertex -5.4753 -5.10717 24.9273
      vertex -5.86069 -4.66772 25.4251
      vertex -5.86027 -4.6682 25.3562
    endloop
  endfacet
  facet normal -0.751831 -0.659356 -2.93497e-06
    outer loop
      vertex -5.95015 -4.56571 28.146
      vertex -5.79991 -4.73702 27.9139
      vertex -5.80034 -4.73653 27.9829
    endloop
  endfacet
  facet normal -0.751838 -0.659348 -7.54796e-07
    outer loop
      vertex -5.86069 -4.66772 25.4251
      vertex -5.4753 -5.10717 24.9273
      vertex -5.3033 -5.3033 27.2907
    endloop
  endfacet
  facet normal -0.75184 -0.659345 1.70625e-06
    outer loop
      vertex -5.95015 -4.56571 25.5263
      vertex -5.4142 -5.17684 27.4161
      vertex -5.79991 -4.73702 27.9139
    endloop
  endfacet
  facet normal -0.751844 -0.65934 -3.13011e-06
    outer loop
      vertex -5.3033 -5.3033 24.6711
      vertex -5.4753 -5.10717 24.9273
      vertex -5.47487 -5.10766 24.8582
    endloop
  endfacet
  facet normal -0.751897 -0.65928 -9.95822e-05
    outer loop
      vertex -5.79991 -4.73702 27.9139
      vertex -5.4142 -5.17684 27.4161
      vertex -5.41463 -5.17636 27.485
    endloop
  endfacet
  facet normal -0.751842 -0.659343 0
    outer loop
      vertex -5.4753 -5.10717 24.9273
      vertex -5.3033 -5.3033 24.6711
      vertex -5.3033 -5.3033 27.2907
    endloop
  endfacet
  facet normal -0.751845 -0.65934 4.57367e-06
    outer loop
      vertex -5.95015 -4.56571 25.5263
      vertex -5.3033 -5.3033 27.2907
      vertex -5.4142 -5.17684 27.4161
    endloop
  endfacet
  facet normal -0.751835 -0.659352 -3.70525e-06
    outer loop
      vertex -5.3033 -5.3033 67.3347
      vertex -5.95015 -4.56571 65.5021
      vertex -5.72264 -4.82513 65.246
    endloop
  endfacet
  facet normal -0.751846 -0.659339 0
    outer loop
      vertex -5.95015 -4.56571 65.5021
      vertex -5.66042 -4.89609 67.7348
      vertex -5.95015 -4.56571 68.1218
    endloop
  endfacet
  facet normal -0.751847 -0.659338 -3.15615e-06
    outer loop
      vertex -5.3349 -5.26727 64.7482
      vertex -5.72264 -4.82513 65.246
      vertex -5.72221 -4.82562 65.1767
    endloop
  endfacet
  facet normal -0.751848 -0.659337 -3.16889e-06
    outer loop
      vertex -5.95015 -4.56571 68.1218
      vertex -5.66042 -4.89609 67.7348
      vertex -5.66085 -4.8956 67.8041
    endloop
  endfacet
  facet normal -0.751845 -0.65934 8.75004e-07
    outer loop
      vertex -5.72264 -4.82513 65.246
      vertex -5.3349 -5.26727 64.7482
      vertex -5.3033 -5.3033 67.3347
    endloop
  endfacet
  facet normal -0.751817 -0.659371 -2.76726e-06
    outer loop
      vertex -5.3033 -5.3033 64.646
      vertex -5.3349 -5.26727 64.7482
      vertex -5.33447 -5.26776 64.6797
    endloop
  endfacet
  facet normal -0.751814 -0.659376 -0
    outer loop
      vertex -5.3033 -5.3033 67.3347
      vertex -5.3349 -5.26727 64.7482
      vertex -5.3033 -5.3033 64.646
    endloop
  endfacet
  facet normal -0.751835 -0.659351 -3.14224e-06
    outer loop
      vertex -5.95015 -4.56571 65.5021
      vertex -5.3033 -5.3033 67.3347
      vertex -5.66042 -4.89609 67.7348
    endloop
  endfacet
  facet normal -0.980775 -0.195143 0
    outer loop
      vertex -7.42643 -1.02624 31.3982
      vertex -7.43584 -0.978946 31.5006
      vertex -7.43584 -0.978946 28.8119
    endloop
  endfacet
  facet normal -0.980791 -0.195062 -3.88203e-05
    outer loop
      vertex -7.43584 -0.978946 31.5006
      vertex -7.42643 -1.02624 31.3982
      vertex -7.42656 -1.0256 31.4668
    endloop
  endfacet
  facet normal -0.980783 -0.195102 -2.09695e-06
    outer loop
      vertex -7.24444 -1.94114 30.6445
      vertex -7.43584 -0.978946 28.8119
      vertex -7.33011 -1.51045 28.4116
    endloop
  endfacet
  facet normal -0.980784 -0.195096 8.83587e-07
    outer loop
      vertex -7.43584 -0.978946 28.8119
      vertex -7.3117 -1.60301 30.9004
      vertex -7.42643 -1.02624 31.3982
    endloop
  endfacet
  facet normal -0.980767 -0.195181 0.000104242
    outer loop
      vertex -7.24444 -1.94114 28.0248
      vertex -7.33011 -1.51045 28.4116
      vertex -7.32999 -1.51109 28.3423
    endloop
  endfacet
  facet normal -0.980791 -0.195064 -3.84113e-05
    outer loop
      vertex -7.42643 -1.02624 31.3982
      vertex -7.3117 -1.60301 30.9004
      vertex -7.31183 -1.60237 30.9697
    endloop
  endfacet
  facet normal -0.980785 -0.195091 0
    outer loop
      vertex -7.33011 -1.51045 28.4116
      vertex -7.24444 -1.94114 28.0248
      vertex -7.24444 -1.94114 30.6445
    endloop
  endfacet
  facet normal -0.980784 -0.195096 1.03479e-06
    outer loop
      vertex -7.43584 -0.978946 28.8119
      vertex -7.24444 -1.94114 30.6445
      vertex -7.3117 -1.60301 30.9004
    endloop
  endfacet
  facet normal -0.980778 -0.195129 -1.74149e-05
    outer loop
      vertex -7.24444 -1.94114 70.6203
      vertex -7.43584 -0.978946 68.8559
      vertex -7.40296 -1.1442 68.7303
    endloop
  endfacet
  facet normal -0.980785 -0.19509 0
    outer loop
      vertex -7.43584 -0.978946 68.8559
      vertex -7.38489 -1.23509 71.2191
      vertex -7.43584 -0.978946 71.4755
    endloop
  endfacet
  facet normal -0.980775 -0.195144 7.61657e-05
    outer loop
      vertex -7.28884 -1.71795 68.2325
      vertex -7.40296 -1.1442 68.7303
      vertex -7.40284 -1.14483 68.6614
    endloop
  endfacet
  facet normal -0.980765 -0.19519 0.00010463
    outer loop
      vertex -7.43584 -0.978946 71.4755
      vertex -7.38489 -1.23509 71.2191
      vertex -7.38501 -1.23445 71.2882
    endloop
  endfacet
  facet normal -0.980787 -0.195083 2.68668e-06
    outer loop
      vertex -7.40296 -1.1442 68.7303
      vertex -7.28884 -1.71795 68.2325
      vertex -7.24444 -1.94114 70.6203
    endloop
  endfacet
  facet normal -0.980785 -0.195093 -3.33043e-07
    outer loop
      vertex -7.43584 -0.978946 68.8559
      vertex -7.27086 -1.80835 70.7213
      vertex -7.38489 -1.23509 71.2191
    endloop
  endfacet
  facet normal -0.980789 -0.195072 -3.85005e-05
    outer loop
      vertex -7.24444 -1.94114 68.0006
      vertex -7.28884 -1.71795 68.2325
      vertex -7.28871 -1.71859 68.1635
    endloop
  endfacet
  facet normal -0.980772 -0.195157 7.62837e-05
    outer loop
      vertex -7.38489 -1.23509 71.2191
      vertex -7.27086 -1.80835 70.7213
      vertex -7.27098 -1.80772 70.7902
    endloop
  endfacet
  facet normal -0.980781 -0.19511 0
    outer loop
      vertex -7.28884 -1.71795 68.2325
      vertex -7.24444 -1.94114 68.0006
      vertex -7.24444 -1.94114 70.6203
    endloop
  endfacet
  facet normal -0.980778 -0.195125 -1.5266e-05
    outer loop
      vertex -7.43584 -0.978946 68.8559
      vertex -7.24444 -1.94114 70.6203
      vertex -7.27086 -1.80835 70.7213
    endloop
  endfacet
  facet normal -1.56888e-05 -0.602517 -0.798106
    outer loop
      vertex 5.80344 -1.51325 11
      vertex 7.24444 -1.94114 11.323
      vertex 7.20132 -2.06817 11.4189
    endloop
  endfacet
  facet normal 0 -0.602481 -0.798133
    outer loop
      vertex 7.24444 -1.94114 11.323
      vertex 5.80608 -1.5 10.99
      vertex 7.33219 -1.5 10.99
    endloop
  endfacet
  facet normal 3.3549e-05 -0.602411 -0.798186
    outer loop
      vertex 7.24444 -1.94114 11.323
      vertex 5.80344 -1.51325 11
      vertex 5.80608 -1.5 10.99
    endloop
  endfacet
  facet normal -2.37284e-06 -0.602495 -0.798122
    outer loop
      vertex 2.46797 -1.69472 11.137
      vertex 5.80344 -1.51325 11
      vertex 7.20132 -2.06817 11.4189
    endloop
  endfacet
  facet normal -0 -0.602523 -0.798101
    outer loop
      vertex 5.80344 -1.51325 11
      vertex 2.46797 -1.69472 11.137
      vertex 2.58923 -1.51325 11
    endloop
  endfacet
  facet normal -0.0781046 -0.996903 -0.00920873
    outer loop
      vertex 2.46591 -1.6978 11.4878
      vertex 7.20132 -2.06817 11.4189
      vertex 7.20111 -2.06879 11.4878
    endloop
  endfacet
  facet normal -0.0781046 -0.996903 -0.00921139
    outer loop
      vertex 7.20132 -2.06817 11.4189
      vertex 2.46591 -1.6978 11.4878
      vertex 2.46797 -1.69472 11.137
    endloop
  endfacet
  facet normal 1.54117e-06 0.999957 0.00923481
    outer loop
      vertex 7.33219 1.5 10.99
      vertex 5.8061 1.49991 11
      vertex 7.33232 1.49936 11.0593
    endloop
  endfacet
  facet normal 0 0.99996 0.00899964
    outer loop
      vertex 5.8061 1.49991 11
      vertex 7.33219 1.5 10.99
      vertex 5.80608 1.5 10.99
    endloop
  endfacet
  facet normal 1.43442e-06 0.999957 0.00923756
    outer loop
      vertex 5.8061 1.49991 11
      vertex 2.59967 1.49677 11.3404
      vertex 7.33232 1.49936 11.0593
    endloop
  endfacet
  facet normal 0 0.999957 0.00922405
    outer loop
      vertex 2.59967 1.49677 11.3404
      vertex 5.8061 1.49991 11
      vertex 2.59812 1.49991 11
    endloop
  endfacet
  facet normal 0.0520729 0.601194 0.797405
    outer loop
      vertex 7.33232 1.49936 11.0593
      vertex 7.43959 0.92172 11.4878
      vertex 7.43584 0.978946 11.4449
    endloop
  endfacet
  facet normal 0.0470676 0.600746 0.798053
    outer loop
      vertex 7.33232 1.49936 11.0593
      vertex 2.70013 1.29305 11.4878
      vertex 7.43959 0.92172 11.4878
    endloop
  endfacet
  facet normal 0.0470754 0.600677 0.798105
    outer loop
      vertex 2.70013 1.29305 11.4878
      vertex 7.33232 1.49936 11.0593
      vertex 2.59967 1.49677 11.3404
    endloop
  endfacet
  facet normal -0.0470592 -0.600648 -0.798127
    outer loop
      vertex 7.0128 -2.62355 11.9164
      vertex 2.46591 -1.6978 11.4878
      vertex 7.20111 -2.06879 11.4878
    endloop
  endfacet
  facet normal -0.0470091 -0.600467 -0.798267
    outer loop
      vertex 7.0128 -2.62355 11.9164
      vertex 2.38006 -1.82628 11.5895
      vertex 2.46591 -1.6978 11.4878
    endloop
  endfacet
  facet normal -0.0470774 -0.600769 -0.798035
    outer loop
      vertex 2.38006 -1.82628 11.5895
      vertex 7.0128 -2.62355 11.9164
      vertex 2.33058 -1.88271 11.6349
    endloop
  endfacet
  facet normal -0.155733 -0.987756 -0.00919299
    outer loop
      vertex 2.32806 -1.88558 11.9855
      vertex 7.0128 -2.62355 11.9164
      vertex 7.01259 -2.62416 11.9855
    endloop
  endfacet
  facet normal -0.155733 -0.987756 -0.0092051
    outer loop
      vertex 7.0128 -2.62355 11.9164
      vertex 2.32806 -1.88558 11.9855
      vertex 2.33058 -1.88271 11.6349
    endloop
  endfacet
  facet normal 0.0781059 0.996903 0.0092103
    outer loop
      vertex 2.70013 1.29305 11.4878
      vertex 7.43963 0.921084 11.5563
      vertex 7.43959 0.92172 11.4878
    endloop
  endfacet
  facet normal 0.0781059 0.996903 0.00920766
    outer loop
      vertex 7.43963 0.921084 11.5563
      vertex 2.70013 1.29305 11.4878
      vertex 2.7018 1.28968 11.8385
    endloop
  endfacet
  facet normal 0.0938394 0.595188 0.798088
    outer loop
      vertex 7.43963 0.921084 11.5563
      vertex 2.79549 1.07778 11.9855
      vertex 7.47774 0.339561 11.9855
    endloop
  endfacet
  facet normal 0.0938396 0.595182 0.798093
    outer loop
      vertex 7.43963 0.921084 11.5563
      vertex 2.77164 1.14805 11.9359
      vertex 2.79549 1.07778 11.9855
    endloop
  endfacet
  facet normal 0.09384 0.595147 0.798119
    outer loop
      vertex 2.77164 1.14805 11.9359
      vertex 7.43963 0.921084 11.5563
      vertex 2.7018 1.28968 11.8385
    endloop
  endfacet
  facet normal -0.0925661 -0.595645 -0.797896
    outer loop
      vertex 6.78473 -3.16288 12.4141
      vertex 7.01259 -2.62416 11.9855
      vertex 6.9291 -2.87012 12.1788
    endloop
  endfacet
  facet normal -0.0938463 -0.595231 -0.798056
    outer loop
      vertex 6.78473 -3.16288 12.4141
      vertex 2.32806 -1.88558 11.9855
      vertex 7.01259 -2.62416 11.9855
    endloop
  endfacet
  facet normal -0.093885 -0.595338 -0.797971
    outer loop
      vertex 2.32806 -1.88558 11.9855
      vertex 6.78473 -3.16288 12.4141
      vertex 2.17605 -2.05891 12.1327
    endloop
  endfacet
  facet normal -0.23241 -0.972575 -0.00912561
    outer loop
      vertex 2.17365 -2.06165 12.4833
      vertex 6.78473 -3.16288 12.4141
      vertex 6.78444 -3.16346 12.4833
    endloop
  endfacet
  facet normal -0.232411 -0.972574 -0.00919178
    outer loop
      vertex 6.78473 -3.16288 12.4141
      vertex 2.17365 -2.06165 12.4833
      vertex 2.17605 -2.05891 12.1327
    endloop
  endfacet
  facet normal 0.155733 0.987756 0.00919507
    outer loop
      vertex 2.79549 1.07778 11.9855
      vertex 7.47779 0.338908 12.0548
      vertex 7.47774 0.339561 11.9855
    endloop
  endfacet
  facet normal 0.155733 0.987756 0.00920009
    outer loop
      vertex 7.47779 0.338908 12.0548
      vertex 2.79549 1.07778 11.9855
      vertex 2.79666 1.07433 12.3361
    endloop
  endfacet
  facet normal 0.141927 0.585864 0.797884
    outer loop
      vertex 7.47779 0.338908 12.0548
      vertex 7.48387 -0.246136 12.4833
      vertex 7.5 0 12.2997
    endloop
  endfacet
  facet normal 0.140035 0.586011 0.798111
    outer loop
      vertex 7.47779 0.338908 12.0548
      vertex 2.87069 0.856243 12.4833
      vertex 7.48387 -0.246136 12.4833
    endloop
  endfacet
  facet normal 0.140041 0.586157 0.798003
    outer loop
      vertex 2.87069 0.856243 12.4833
      vertex 7.47779 0.338908 12.0548
      vertex 2.79666 1.07433 12.3361
    endloop
  endfacet
  facet normal -0.14003 -0.585989 -0.798128
    outer loop
      vertex 6.52661 -3.68629 12.9124
      vertex 2.17365 -2.06165 12.4833
      vertex 6.78444 -3.16346 12.4833
    endloop
  endfacet
  facet normal -0.140055 -0.586045 -0.798083
    outer loop
      vertex 6.52661 -3.68629 12.9124
      vertex 2.12132 -2.12132 12.5363
      vertex 2.17365 -2.06165 12.4833
    endloop
  endfacet
  facet normal -0.140021 -0.585965 -0.798147
    outer loop
      vertex 2.12132 -2.12132 12.5363
      vertex 6.52661 -3.68629 12.9124
      vertex 2.00658 -2.22194 12.6303
    endloop
  endfacet
  facet normal -0.307666 -0.95145 -0.00916142
    outer loop
      vertex 2.00376 -2.22442 12.981
      vertex 6.52661 -3.68629 12.9124
      vertex 6.52633 -3.68686 12.981
    endloop
  endfacet
  facet normal -0.307666 -0.95145 -0.00920221
    outer loop
      vertex 6.52661 -3.68629 12.9124
      vertex 2.00376 -2.22442 12.981
      vertex 2.00658 -2.22194 12.6303
    endloop
  endfacet
  facet normal 0.232409 0.972575 0.00919876
    outer loop
      vertex 2.87069 0.856243 12.4833
      vertex 7.48383 -0.24678 12.5524
      vertex 7.48387 -0.246136 12.4833
    endloop
  endfacet
  facet normal 0.232409 0.972575 0.00920721
    outer loop
      vertex 7.48383 -0.24678 12.5524
      vertex 2.87069 0.856243 12.4833
      vertex 2.87192 0.85263 12.8339
    endloop
  endfacet
  facet normal 0.185366 0.57324 0.798145
    outer loop
      vertex 7.48383 -0.24678 12.5524
      vertex 2.92691 0.630014 12.981
      vertex 7.44552 -0.831148 12.981
    endloop
  endfacet
  facet normal 0.185361 0.573195 0.798179
    outer loop
      vertex 7.48383 -0.24678 12.5524
      vertex 2.89778 0.776457 12.8826
      vertex 2.92691 0.630014 12.981
    endloop
  endfacet
  facet normal 0.185365 0.57322 0.798159
    outer loop
      vertex 2.89778 0.776457 12.8826
      vertex 7.48383 -0.24678 12.5524
      vertex 2.87192 0.85263 12.8339
    endloop
  endfacet
  facet normal -0.185177 -0.573477 -0.798018
    outer loop
      vertex 6.2077 -4.18025 13.4095
      vertex 6.52633 -3.68686 12.981
      vertex 6.49519 -3.75 13.0336
    endloop
  endfacet
  facet normal -0.185404 -0.573359 -0.798051
    outer loop
      vertex 6.2077 -4.18025 13.4095
      vertex 2.00376 -2.22442 12.981
      vertex 6.52633 -3.68686 12.981
    endloop
  endfacet
  facet normal -0.185385 -0.573325 -0.798079
    outer loop
      vertex 2.00376 -2.22442 12.981
      vertex 6.2077 -4.18025 13.4095
      vertex 1.83282 -2.37433 13.1284
    endloop
  endfacet
  facet normal -0.381042 -0.924511 -0.00931683
    outer loop
      vertex 1.83011 -2.3767 13.4788
      vertex 6.2077 -4.18025 13.4095
      vertex 6.20734 -4.1808 13.4788
    endloop
  endfacet
  facet normal -0.381041 -0.924512 -0.0092001
    outer loop
      vertex 6.2077 -4.18025 13.4095
      vertex 1.83011 -2.3767 13.4788
      vertex 1.83282 -2.37433 13.1284
    endloop
  endfacet
  facet normal 0.307666 0.95145 0.00919599
    outer loop
      vertex 2.92691 0.630014 12.981
      vertex 7.44548 -0.831801 13.0499
      vertex 7.44552 -0.831148 12.981
    endloop
  endfacet
  facet normal 0.307666 0.95145 0.00920579
    outer loop
      vertex 7.44548 -0.831801 13.0499
      vertex 2.92691 0.630014 12.981
      vertex 2.92763 0.626387 13.3318
    endloop
  endfacet
  facet normal 0.228439 0.557351 0.798233
    outer loop
      vertex 7.44548 -0.831801 13.0499
      vertex 7.35065 -1.4072 13.4788
      vertex 7.43584 -0.978946 13.1554
    endloop
  endfacet
  facet normal 0.229596 0.557063 0.798102
    outer loop
      vertex 7.44548 -0.831801 13.0499
      vertex 2.97326 0.396963 13.4788
      vertex 7.35065 -1.4072 13.4788
    endloop
  endfacet
  facet normal 0.229592 0.557044 0.798116
    outer loop
      vertex 2.97326 0.396963 13.4788
      vertex 7.44548 -0.831801 13.0499
      vertex 2.92763 0.626387 13.3318
    endloop
  endfacet
  facet normal -0.228009 -0.558031 -0.79788
    outer loop
      vertex 5.87048 -4.65655 13.9078
      vertex 6.20734 -4.1808 13.4788
      vertex 5.95015 -4.56571 13.8215
    endloop
  endfacet
  facet normal -0.229606 -0.557085 -0.798084
    outer loop
      vertex 5.87048 -4.65655 13.9078
      vertex 1.83011 -2.3767 13.4788
      vertex 6.20734 -4.1808 13.4788
    endloop
  endfacet
  facet normal -0.232684 -0.561755 -0.793908
    outer loop
      vertex 5.87048 -4.65655 13.9078
      vertex 1.82628 -2.38006 13.4823
      vertex 1.83011 -2.3767 13.4788
    endloop
  endfacet
  facet normal -0.229532 -0.556956 -0.798194
    outer loop
      vertex 1.82628 -2.38006 13.4823
      vertex 5.87048 -4.65655 13.9078
      vertex 1.63591 -2.50726 13.6258
    endloop
  endfacet
  facet normal -0.45209 -0.891925 -0.00917794
    outer loop
      vertex 1.63283 -2.50932 13.9766
      vertex 5.87048 -4.65655 13.9078
      vertex 5.87005 -4.65704 13.9766
    endloop
  endfacet
  facet normal -0.45209 -0.891925 -0.00920696
    outer loop
      vertex 5.87048 -4.65655 13.9078
      vertex 1.63283 -2.50932 13.9766
      vertex 1.63591 -2.50726 13.6258
    endloop
  endfacet
  facet normal 0.381042 0.924511 0.00925285
    outer loop
      vertex 2.97326 0.396963 13.4788
      vertex 7.35052 -1.40784 13.5481
      vertex 7.35065 -1.4072 13.4788
    endloop
  endfacet
  facet normal 0.381043 0.924512 0.00919963
    outer loop
      vertex 7.35052 -1.40784 13.5481
      vertex 2.97326 0.396963 13.4788
      vertex 2.97402 0.393163 13.8292
    endloop
  endfacet
  facet normal 0.270461 0.538091 0.798316
    outer loop
      vertex 7.35052 -1.40784 13.5481
      vertex 7.2302 -1.98309 13.9766
      vertex 7.24444 -1.94114 13.9435
    endloop
  endfacet
  facet normal 0.272434 0.537483 0.798055
    outer loop
      vertex 7.35052 -1.40784 13.5481
      vertex 2.98908 0.166608 13.9766
      vertex 7.2302 -1.98309 13.9766
    endloop
  endfacet
  facet normal 0.272448 0.537531 0.798018
    outer loop
      vertex 7.35052 -1.40784 13.5481
      vertex 2.97433 0.391578 13.8301
      vertex 2.98908 0.166608 13.9766
    endloop
  endfacet
  facet normal 0.264228 0.514787 0.815585
    outer loop
      vertex 2.97433 0.391578 13.8301
      vertex 7.35052 -1.40784 13.5481
      vertex 2.97402 0.393163 13.8292
    endloop
  endfacet
  facet normal -0.2724 -0.537416 -0.798112
    outer loop
      vertex 5.48362 -5.09768 14.4052
      vertex 1.63283 -2.50932 13.9766
      vertex 5.87005 -4.65704 13.9766
    endloop
  endfacet
  facet normal -0.272394 -0.537408 -0.798119
    outer loop
      vertex 5.48362 -5.09768 14.4052
      vertex 1.5 -2.59808 14.0817
      vertex 1.63283 -2.50932 13.9766
    endloop
  endfacet
  facet normal -0.272115 -0.537011 -0.798482
    outer loop
      vertex 1.5 -2.59808 14.0817
      vertex 5.48362 -5.09768 14.4052
      vertex 1.43754 -2.62888 14.1237
    endloop
  endfacet
  facet normal -0.520377 -0.853887 -0.00921799
    outer loop
      vertex 1.43411 -2.63057 14.4743
      vertex 5.48362 -5.09768 14.4052
      vertex 5.4832 -5.09817 14.4743
    endloop
  endfacet
  facet normal -0.520377 -0.853887 -0.00920696
    outer loop
      vertex 5.48362 -5.09768 14.4052
      vertex 1.43411 -2.63057 14.4743
      vertex 1.43754 -2.62888 14.1237
    endloop
  endfacet
  facet normal 0.452091 0.891925 0.00913246
    outer loop
      vertex 2.98908 0.166608 13.9766
      vertex 7.23 -1.98369 14.0451
      vertex 7.2302 -1.98309 13.9766
    endloop
  endfacet
  facet normal 0.452089 0.891925 0.00919973
    outer loop
      vertex 7.23 -1.98369 14.0451
      vertex 2.98908 0.166608 13.9766
      vertex 2.98933 0.162864 14.3273
    endloop
  endfacet
  facet normal 0.313548 0.514513 0.7981
    outer loop
      vertex 2.99548 -0.0689098 14.4743
      vertex 7.23 -1.98369 14.0451
      vertex 3 0 14.4281
    endloop
  endfacet
  facet normal 0.313545 0.514506 0.798106
    outer loop
      vertex 3 0 14.4281
      vertex 7.23 -1.98369 14.0451
      vertex 2.98933 0.162864 14.3273
    endloop
  endfacet
  facet normal 0.313538 0.514487 0.798121
    outer loop
      vertex 7.23 -1.98369 14.0451
      vertex 2.99548 -0.0689098 14.4743
      vertex 7.04273 -2.53538 14.4743
    endloop
  endfacet
  facet normal -0.314865 -0.51345 -0.798266
    outer loop
      vertex 5.06783 -5.5098 14.9029
      vertex 5.4832 -5.09817 14.4743
      vertex 5.3033 -5.3033 14.6772
    endloop
  endfacet
  facet normal -0.313575 -0.514546 -0.798068
    outer loop
      vertex 5.06783 -5.5098 14.9029
      vertex 1.43411 -2.63057 14.4743
      vertex 5.4832 -5.09817 14.4743
    endloop
  endfacet
  facet normal -0.313518 -0.514483 -0.798132
    outer loop
      vertex 1.43411 -2.63057 14.4743
      vertex 5.06783 -5.5098 14.9029
      vertex 1.22713 -2.73264 14.6214
    endloop
  endfacet
  facet normal -0.585482 -0.810633 -0.00918293
    outer loop
      vertex 1.22385 -2.73426 14.9721
      vertex 5.06783 -5.5098 14.9029
      vertex 5.06734 -5.51023 14.9721
    endloop
  endfacet
  facet normal -0.585482 -0.810633 -0.00922044
    outer loop
      vertex 5.06783 -5.5098 14.9029
      vertex 1.22385 -2.73426 14.9721
      vertex 1.22713 -2.73264 14.6214
    endloop
  endfacet
  facet normal 0.520375 0.853888 0.0092163
    outer loop
      vertex 2.99548 -0.0689098 14.4743
      vertex 7.04252 -2.536 14.5436
      vertex 7.04273 -2.53538 14.4743
    endloop
  endfacet
  facet normal 0.520375 0.853888 0.00921001
    outer loop
      vertex 7.04252 -2.536 14.5436
      vertex 2.99548 -0.0689098 14.4743
      vertex 2.99524 -0.0725451 14.8249
    endloop
  endfacet
  facet normal 0.353492 0.488087 0.798007
    outer loop
      vertex 7.04252 -2.536 14.5436
      vertex 6.82579 -3.07962 14.9721
      vertex 6.9291 -2.87012 14.7982
    endloop
  endfacet
  facet normal 0.352828 0.488545 0.79802
    outer loop
      vertex 2.9802 -0.302129 14.9721
      vertex 7.04252 -2.536 14.5436
      vertex 2.99524 -0.0725451 14.8249
    endloop
  endfacet
  facet normal 0.352781 0.488445 0.798102
    outer loop
      vertex 7.04252 -2.536 14.5436
      vertex 2.9802 -0.302129 14.9721
      vertex 6.82579 -3.07962 14.9721
    endloop
  endfacet
  facet normal -0.352788 -0.488455 -0.798093
    outer loop
      vertex 4.62893 -5.8947 15.4012
      vertex 1.22385 -2.73426 14.9721
      vertex 5.06734 -5.51023 14.9721
    endloop
  endfacet
  facet normal -0.352863 -0.488526 -0.798016
    outer loop
      vertex 4.62893 -5.8947 15.4012
      vertex 1.14805 -2.77164 15.0285
      vertex 1.22385 -2.73426 14.9721
    endloop
  endfacet
  facet normal -0.352707 -0.488371 -0.79818
    outer loop
      vertex 1.14805 -2.77164 15.0285
      vertex 4.62893 -5.8947 15.4012
      vertex 1.00857 -2.81898 15.1191
    endloop
  endfacet
  facet normal -0.647011 -0.762424 -0.00930623
    outer loop
      vertex 1.00501 -2.82019 15.4698
      vertex 4.62893 -5.8947 15.4012
      vertex 4.62845 -5.89513 15.4698
    endloop
  endfacet
  facet normal -0.647011 -0.762425 -0.00919844
    outer loop
      vertex 4.62893 -5.8947 15.4012
      vertex 1.00501 -2.82019 15.4698
      vertex 1.00857 -2.81898 15.1191
    endloop
  endfacet
  facet normal 0.585483 0.810633 0.00914401
    outer loop
      vertex 2.9802 -0.302129 14.9721
      vertex 6.8255 -3.08019 15.0412
      vertex 6.82579 -3.07962 14.9721
    endloop
  endfacet
  facet normal 0.585482 0.810633 0.00920821
    outer loop
      vertex 6.8255 -3.08019 15.0412
      vertex 2.9802 -0.302129 14.9721
      vertex 2.97995 -0.305931 15.3227
    endloop
  endfacet
  facet normal 0.390056 0.459725 0.797815
    outer loop
      vertex 2.97433 -0.391578 15.3748
      vertex 6.8255 -3.08019 15.0412
      vertex 2.97995 -0.305931 15.3227
    endloop
  endfacet
  facet normal 0.389687 0.459131 0.798338
    outer loop
      vertex 2.94622 -0.532906 15.4698
      vertex 6.8255 -3.08019 15.0412
      vertex 2.97433 -0.391578 15.3748
    endloop
  endfacet
  facet normal 0.389804 0.45934 0.79816
    outer loop
      vertex 6.8255 -3.08019 15.0412
      vertex 2.94622 -0.532906 15.4698
      vertex 6.56659 -3.60522 15.4698
    endloop
  endfacet
  facet normal -0.386064 -0.463994 -0.797285
    outer loop
      vertex 4.14639 -6.23033 15.8983
      vertex 4.62845 -5.89513 15.4698
      vertex 4.56571 -5.95015 15.5322
    endloop
  endfacet
  facet normal -0.389901 -0.459451 -0.798049
    outer loop
      vertex 4.14639 -6.23033 15.8983
      vertex 1.00501 -2.82019 15.4698
      vertex 4.62845 -5.89513 15.4698
    endloop
  endfacet
  facet normal -0.389913 -0.45946 -0.798038
    outer loop
      vertex 1.00501 -2.82019 15.4698
      vertex 4.14639 -6.23033 15.8983
      vertex 0.789523 -2.89334 15.6172
    endloop
  endfacet
  facet normal -0.704586 -0.709559 -0.0091763
    outer loop
      vertex 0.786111 -2.8945 15.9676
      vertex 4.14639 -6.23033 15.8983
      vertex 4.14585 -6.23069 15.9676
    endloop
  endfacet
  facet normal -0.704586 -0.709559 -0.00920986
    outer loop
      vertex 4.14639 -6.23033 15.8983
      vertex 0.786111 -2.8945 15.9676
      vertex 0.789523 -2.89334 15.6172
    endloop
  endfacet
  facet normal 0.647009 0.762426 0.00923861
    outer loop
      vertex 2.94622 -0.532906 15.4698
      vertex 6.5663 -3.60581 15.5388
      vertex 6.56659 -3.60522 15.4698
    endloop
  endfacet
  facet normal 0.64701 0.762426 0.00920216
    outer loop
      vertex 6.5663 -3.60581 15.5388
      vertex 2.94622 -0.532906 15.4698
      vertex 2.9455 -0.536529 15.8206
    endloop
  endfacet
  facet normal 0.426634 0.42593 0.797851
    outer loop
      vertex 6.5663 -3.60581 15.5388
      vertex 6.2599 -4.10213 15.9676
      vertex 6.49519 -3.75 15.6538
    endloop
  endfacet
  facet normal 0.424523 0.427527 0.798123
    outer loop
      vertex 2.89992 -0.765694 15.9676
      vertex 6.5663 -3.60581 15.5388
      vertex 2.9455 -0.536529 15.8206
    endloop
  endfacet
  facet normal 0.424505 0.427501 0.798147
    outer loop
      vertex 6.5663 -3.60581 15.5388
      vertex 2.89992 -0.765694 15.9676
      vertex 6.2599 -4.10213 15.9676
    endloop
  endfacet
  facet normal -0.422503 -0.430232 -0.797741
    outer loop
      vertex 3.65359 -6.54273 16.3966
      vertex 4.14585 -6.23069 15.9676
      vertex 3.75 -6.49519 16.3199
    endloop
  endfacet
  facet normal -0.424537 -0.427534 -0.798112
    outer loop
      vertex 3.65359 -6.54273 16.3966
      vertex 0.786111 -2.8945 15.9676
      vertex 4.14585 -6.23069 15.9676
    endloop
  endfacet
  facet normal -0.424879 -0.427767 -0.797805
    outer loop
      vertex 3.65359 -6.54273 16.3966
      vertex 0.776457 -2.89778 15.9745
      vertex 0.786111 -2.8945 15.9676
    endloop
  endfacet
  facet normal -0.424549 -0.42754 -0.798102
    outer loop
      vertex 0.776457 -2.89778 15.9745
      vertex 3.65359 -6.54273 16.3966
      vertex 0.557033 -2.94142 16.1146
    endloop
  endfacet
  facet normal -0.757855 -0.652357 -0.00921693
    outer loop
      vertex 3.65359 -6.54273 16.3966
      vertex 0.553395 -2.94215 16.4654
      vertex 0.557033 -2.94142 16.1146
    endloop
  endfacet
  facet normal -0.757855 -0.652357 -0.00924881
    outer loop
      vertex 0.553395 -2.94215 16.4654
      vertex 3.65359 -6.54273 16.3966
      vertex 3.653 -6.54302 16.4654
    endloop
  endfacet
  facet normal 0.704587 0.709559 0.00918922
    outer loop
      vertex 2.89992 -0.765694 15.9676
      vertex 6.25954 -4.10267 16.0369
      vertex 6.2599 -4.10213 15.9676
    endloop
  endfacet
  facet normal 0.704586 0.709559 0.0092151
    outer loop
      vertex 6.25954 -4.10267 16.0369
      vertex 2.89992 -0.765694 15.9676
      vertex 2.89916 -0.76949 16.318
    endloop
  endfacet
  facet normal 0.461422 0.389189 0.797259
    outer loop
      vertex 6.25954 -4.10267 16.0369
      vertex 5.92954 -4.58921 16.4654
      vertex 5.95015 -4.56571 16.442
    endloop
  endfacet
  facet normal 0.455436 0.391732 0.799452
    outer loop
      vertex 2.89778 -0.776457 16.3222
      vertex 6.25954 -4.10267 16.0369
      vertex 2.89916 -0.76949 16.318
    endloop
  endfacet
  facet normal 0.456701 0.393132 0.798042
    outer loop
      vertex 2.82701 -0.984934 16.4654
      vertex 6.25954 -4.10267 16.0369
      vertex 2.89778 -0.776457 16.3222
    endloop
  endfacet
  facet normal 0.456685 0.39311 0.798062
    outer loop
      vertex 6.25954 -4.10267 16.0369
      vertex 2.82701 -0.984934 16.4654
      vertex 5.92954 -4.58921 16.4654
    endloop
  endfacet
  facet normal -0.456651 -0.393082 -0.798096
    outer loop
      vertex 3.12715 -6.80234 16.894
      vertex 0.553395 -2.94215 16.4654
      vertex 3.653 -6.54302 16.4654
    endloop
  endfacet
  facet normal -0.456542 -0.39302 -0.798188
    outer loop
      vertex 3.12715 -6.80234 16.894
      vertex 0.391578 -2.97433 16.5738
      vertex 0.553395 -2.94215 16.4654
    endloop
  endfacet
  facet normal -0.457043 -0.393341 -0.797743
    outer loop
      vertex 0.391578 -2.97433 16.5738
      vertex 3.12715 -6.80234 16.894
      vertex 0.327478 -2.97854 16.6126
    endloop
  endfacet
  facet normal -0.806495 -0.591169 -0.00920682
    outer loop
      vertex 3.12715 -6.80234 16.894
      vertex 0.32366 -2.97879 16.9631
      vertex 0.327478 -2.97854 16.6126
    endloop
  endfacet
  facet normal -0.806495 -0.591168 -0.00925045
    outer loop
      vertex 0.32366 -2.97879 16.9631
      vertex 3.12715 -6.80234 16.894
      vertex 3.12657 -6.80263 16.9631
    endloop
  endfacet
  facet normal 0.757856 0.652356 0.0092202
    outer loop
      vertex 5.92912 -4.58969 16.5339
      vertex 2.82701 -0.984934 16.4654
      vertex 2.8258 -0.988485 16.8161
    endloop
  endfacet
  facet normal 0.757856 0.652356 0.00921797
    outer loop
      vertex 2.82701 -0.984934 16.4654
      vertex 5.92912 -4.58969 16.5339
      vertex 5.92954 -4.58921 16.4654
    endloop
  endfacet
  facet normal 0.485955 0.356229 0.79809
    outer loop
      vertex 2.77164 -1.14805 16.9203
      vertex 5.92912 -4.58969 16.5339
      vertex 2.8258 -0.988485 16.8161
    endloop
  endfacet
  facet normal 0.485965 0.356239 0.79808
    outer loop
      vertex 2.74337 -1.20537 16.9631
      vertex 5.92912 -4.58969 16.5339
      vertex 2.77164 -1.14805 16.9203
    endloop
  endfacet
  facet normal 0.4859 0.356169 0.798151
    outer loop
      vertex 5.92912 -4.58969 16.5339
      vertex 2.74337 -1.20537 16.9631
      vertex 5.54509 -5.02759 16.9631
    endloop
  endfacet
  facet normal -0.486193 -0.355807 -0.798134
    outer loop
      vertex 2.58609 -7.02551 17.3917
      vertex 3.12657 -6.80263 16.9631
      vertex 2.87012 -6.9291 17.1757
    endloop
  endfacet
  facet normal -0.485977 -0.356226 -0.798079
    outer loop
      vertex 2.58609 -7.02551 17.3917
      vertex 0.32366 -2.97879 16.9631
      vertex 3.12657 -6.80263 16.9631
    endloop
  endfacet
  facet normal -0.485938 -0.356207 -0.798111
    outer loop
      vertex 0.32366 -2.97879 16.9631
      vertex 2.58609 -7.02551 17.3917
      vertex 0.093137 -2.9939 17.1102
    endloop
  endfacet
  facet normal -0.850207 -0.526369 -0.00919177
    outer loop
      vertex 2.58609 -7.02551 17.3917
      vertex 0.0894879 -2.99413 17.4609
      vertex 0.093137 -2.9939 17.1102
    endloop
  endfacet
  facet normal -0.850207 -0.526368 -0.00921482
    outer loop
      vertex 0.0894879 -2.99413 17.4609
      vertex 2.58609 -7.02551 17.3917
      vertex 2.58547 -7.02572 17.4609
    endloop
  endfacet
  facet normal 0.806495 0.591169 0.00921728
    outer loop
      vertex 5.54466 -5.02808 17.0324
      vertex 2.74337 -1.20537 16.9631
      vertex 2.74176 -1.20864 17.3137
    endloop
  endfacet
  facet normal 0.806496 0.591168 0.00918421
    outer loop
      vertex 2.74337 -1.20537 16.9631
      vertex 5.54466 -5.02808 17.0324
      vertex 5.54509 -5.02759 16.9631
    endloop
  endfacet
  facet normal 0.512456 0.31699 0.798064
    outer loop
      vertex 5.54466 -5.02808 17.0324
      vertex 5.13752 -5.44869 17.4609
      vertex 5.3033 -5.3033 17.2967
    endloop
  endfacet
  facet normal 0.512341 0.317206 0.798052
    outer loop
      vertex 2.6401 -1.41478 17.4609
      vertex 5.54466 -5.02808 17.0324
      vertex 2.74176 -1.20864 17.3137
    endloop
  endfacet
  facet normal 0.512301 0.317169 0.798092
    outer loop
      vertex 5.54466 -5.02808 17.0324
      vertex 2.6401 -1.41478 17.4609
      vertex 5.13752 -5.44869 17.4609
    endloop
  endfacet
  facet normal -0.512252 -0.317138 -0.798136
    outer loop
      vertex 2.03313 -7.21322 17.8899
      vertex 0.0894879 -2.99413 17.4609
      vertex 2.58547 -7.02572 17.4609
    endloop
  endfacet
  facet normal -0.512443 -0.317211 -0.797985
    outer loop
      vertex 2.03313 -7.21322 17.8899
      vertex 0 -3 17.5207
      vertex 0.0894879 -2.99413 17.4609
    endloop
  endfacet
  facet normal -0.51212 -0.317078 -0.798245
    outer loop
      vertex 0 -3 17.5207
      vertex 2.03313 -7.21322 17.8899
      vertex -0.141671 -2.99071 17.6079
    endloop
  endfacet
  facet normal -0.888723 -0.458352 -0.00921207
    outer loop
      vertex 2.03313 -7.21322 17.8899
      vertex -0.145431 -2.99047 17.9587
      vertex -0.141671 -2.99071 17.6079
    endloop
  endfacet
  facet normal -0.888723 -0.458354 -0.00908292
    outer loop
      vertex -0.145431 -2.99047 17.9587
      vertex 2.03313 -7.21322 17.8899
      vertex 2.03253 -7.21342 17.9587
    endloop
  endfacet
  facet normal 0.850206 0.52637 0.00919357
    outer loop
      vertex 5.13704 -5.44911 17.5299
      vertex 2.6401 -1.41478 17.4609
      vertex 2.63842 -1.41819 17.8115
    endloop
  endfacet
  facet normal 0.850207 0.526369 0.00911847
    outer loop
      vertex 2.6401 -1.41478 17.4609
      vertex 5.13704 -5.44911 17.5299
      vertex 5.13752 -5.44869 17.4609
    endloop
  endfacet
  facet normal 0.535625 0.276267 0.797987
    outer loop
      vertex 2.59808 -1.5 17.8669
      vertex 5.13704 -5.44911 17.5299
      vertex 2.63842 -1.41819 17.8115
    endloop
  endfacet
  facet normal 0.535697 0.276319 0.79792
    outer loop
      vertex 2.52091 -1.61548 17.9587
      vertex 5.13704 -5.44911 17.5299
      vertex 2.59808 -1.5 17.8669
    endloop
  endfacet
  facet normal 0.53556 0.276211 0.798049
    outer loop
      vertex 5.13704 -5.44911 17.5299
      vertex 2.52091 -1.61548 17.9587
      vertex 4.69707 -5.83495 17.9587
    endloop
  endfacet
  facet normal -0.536609 -0.272627 -0.798577
    outer loop
      vertex 1.45943 -7.34026 18.3871
      vertex 2.03253 -7.21342 17.9587
      vertex 1.94114 -7.24444 18.0307
    endloop
  endfacet
  facet normal -0.53548 -0.276171 -0.798117
    outer loop
      vertex 1.45943 -7.34026 18.3871
      vertex -0.145431 -2.99047 17.9587
      vertex 2.03253 -7.21342 17.9587
    endloop
  endfacet
  facet normal -0.535396 -0.276146 -0.798182
    outer loop
      vertex -0.145431 -2.99047 17.9587
      vertex 1.45943 -7.34026 18.3871
      vertex -0.372715 -2.97557 18.106
    endloop
  endfacet
  facet normal -0.921809 -0.387536 -0.00920257
    outer loop
      vertex 1.45943 -7.34026 18.3871
      vertex -0.376314 -2.97533 18.4564
      vertex -0.372715 -2.97557 18.106
    endloop
  endfacet
  facet normal -0.921809 -0.387535 -0.00924007
    outer loop
      vertex -0.376314 -2.97533 18.4564
      vertex 1.45943 -7.34026 18.3871
      vertex 1.45879 -7.34039 18.4564
    endloop
  endfacet
  facet normal 0.888723 0.458353 0.00920737
    outer loop
      vertex 4.69658 -5.83538 18.0276
      vertex 2.52091 -1.61548 17.9587
      vertex 2.51886 -1.61855 18.3094
    endloop
  endfacet
  facet normal 0.888723 0.458352 0.00918093
    outer loop
      vertex 2.52091 -1.61548 17.9587
      vertex 4.69658 -5.83538 18.0276
      vertex 4.69707 -5.83495 17.9587
    endloop
  endfacet
  facet normal 0.554135 0.235598 0.798391
    outer loop
      vertex 4.69658 -5.83538 18.0276
      vertex 4.2245 -6.17814 18.4564
      vertex 4.56571 -5.95015 18.1523
    endloop
  endfacet
  facet normal 0.555402 0.233492 0.798129
    outer loop
      vertex 2.3892 -1.81261 18.4564
      vertex 4.69658 -5.83538 18.0276
      vertex 2.51886 -1.61855 18.3094
    endloop
  endfacet
  facet normal 0.555413 0.2335 0.798119
    outer loop
      vertex 4.69658 -5.83538 18.0276
      vertex 2.3892 -1.81261 18.4564
      vertex 4.2245 -6.17814 18.4564
    endloop
  endfacet
  facet normal -0.555585 -0.233076 -0.798124
    outer loop
      vertex 0.88499 -7.44199 18.8855
      vertex 1.45879 -7.34039 18.4564
      vertex 0.978946 -7.43584 18.8183
    endloop
  endfacet
  facet normal -0.555468 -0.233523 -0.798074
    outer loop
      vertex 0.88499 -7.44199 18.8855
      vertex -0.376314 -2.97533 18.4564
      vertex 1.45879 -7.34039 18.4564
    endloop
  endfacet
  facet normal -0.554375 -0.233294 -0.798901
    outer loop
      vertex 0.88499 -7.44199 18.8855
      vertex -0.391578 -2.97433 18.4667
      vertex -0.376314 -2.97533 18.4564
    endloop
  endfacet
  facet normal -0.555536 -0.233543 -0.798021
    outer loop
      vertex -0.391578 -2.97433 18.4667
      vertex 0.88499 -7.44199 18.8855
      vertex -0.605863 -2.93171 18.6034
    endloop
  endfacet
  facet normal -0.949262 -0.314351 -0.00921274
    outer loop
      vertex 0.88499 -7.44199 18.8855
      vertex -0.609506 -2.93099 18.9542
      vertex -0.605863 -2.93171 18.6034
    endloop
  endfacet
  facet normal -0.949262 -0.31435 -0.00925161
    outer loop
      vertex -0.609506 -2.93099 18.9542
      vertex 0.88499 -7.44199 18.8855
      vertex 0.884337 -7.44204 18.9542
    endloop
  endfacet
  facet normal 0.921809 0.387535 0.00920627
    outer loop
      vertex 4.22396 -6.1785 18.5257
      vertex 2.3892 -1.81261 18.4564
      vertex 2.38705 -1.81582 18.8068
    endloop
  endfacet
  facet normal 0.921809 0.387535 0.0091961
    outer loop
      vertex 2.3892 -1.81261 18.4564
      vertex 4.22396 -6.1785 18.5257
      vertex 4.2245 -6.17814 18.4564
    endloop
  endfacet
  facet normal 0.569546 0.194039 0.798728
    outer loop
      vertex 4.22396 -6.1785 18.5257
      vertex 3.73367 -6.50324 18.9542
      vertex 3.75 -6.49519 18.9406
    endloop
  endfacet
  facet normal 0.572332 0.189576 0.797808
    outer loop
      vertex 2.38006 -1.82628 18.8143
      vertex 4.22396 -6.1785 18.5257
      vertex 2.38705 -1.81582 18.8068
    endloop
  endfacet
  facet normal 0.572026 0.189429 0.798062
    outer loop
      vertex 2.23838 -1.98784 18.9542
      vertex 4.22396 -6.1785 18.5257
      vertex 2.38006 -1.82628 18.8143
    endloop
  endfacet
  facet normal 0.572022 0.189427 0.798065
    outer loop
      vertex 4.22396 -6.1785 18.5257
      vertex 2.23838 -1.98784 18.9542
      vertex 3.73367 -6.50324 18.9542
    endloop
  endfacet
  facet normal -0.571918 -0.189392 -0.798149
    outer loop
      vertex 0.29904 -7.4804 19.3827
      vertex -0.609506 -2.93099 18.9542
      vertex 0.884337 -7.44204 18.9542
    endloop
  endfacet
  facet normal -0.571758 -0.189371 -0.798268
    outer loop
      vertex 0.29904 -7.4804 19.3827
      vertex -0.776457 -2.89778 19.0659
      vertex -0.609506 -2.93099 18.9542
    endloop
  endfacet
  facet normal -0.57266 -0.189535 -0.797582
    outer loop
      vertex -0.776457 -2.89778 19.0659
      vertex 0.29904 -7.4804 19.3827
      vertex -0.832159 -2.87887 19.1014
    endloop
  endfacet
  facet normal -0.970916 -0.239244 -0.00920754
    outer loop
      vertex 0.29904 -7.4804 19.3827
      vertex -0.835786 -2.87764 19.4519
      vertex -0.832159 -2.87887 19.1014
    endloop
  endfacet
  facet normal -0.970916 -0.239244 -0.00918801
    outer loop
      vertex -0.835786 -2.87764 19.4519
      vertex 0.29904 -7.4804 19.3827
      vertex 0.298395 -7.48044 19.4519
    endloop
  endfacet
  facet normal 0.949262 0.314351 0.00920184
    outer loop
      vertex 3.7331 -6.50352 19.0226
      vertex 2.23838 -1.98784 18.9542
      vertex 2.23591 -1.99065 19.305
    endloop
  endfacet
  facet normal 0.949262 0.314351 0.00919734
    outer loop
      vertex 2.23838 -1.98784 18.9542
      vertex 3.7331 -6.50352 19.0226
      vertex 3.73367 -6.50324 18.9542
    endloop
  endfacet
  facet normal 0.584716 0.144027 0.79835
    outer loop
      vertex 2.12132 -2.12132 19.4125
      vertex 3.7331 -6.50352 19.0226
      vertex 2.23591 -1.99065 19.305
    endloop
  endfacet
  facet normal 0.585095 0.144194 0.798042
    outer loop
      vertex 2.07713 -2.16007 19.4519
      vertex 3.7331 -6.50352 19.0226
      vertex 2.12132 -2.12132 19.4125
    endloop
  endfacet
  facet normal 0.585004 0.144152 0.798117
    outer loop
      vertex 3.7331 -6.50352 19.0226
      vertex 2.07713 -2.16007 19.4519
      vertex 3.21087 -6.76106 19.4519
    endloop
  endfacet
  facet normal -0.584912 -0.145521 -0.797936
    outer loop
      vertex -0.286099 -7.48125 19.8805
      vertex 0.298395 -7.48044 19.4519
      vertex 0 -7.5 19.6742
    endloop
  endfacet
  facet normal -0.585031 -0.144158 -0.798096
    outer loop
      vertex -0.286099 -7.48125 19.8805
      vertex -0.835786 -2.87764 19.4519
      vertex 0.298395 -7.48044 19.4519
    endloop
  endfacet
  facet normal -0.585044 -0.144159 -0.798086
    outer loop
      vertex -0.835786 -2.87764 19.4519
      vertex -0.286099 -7.48125 19.8805
      vertex -1.05477 -2.8033 19.599
    endloop
  endfacet
  facet normal -0.986636 -0.162677 -0.00921491
    outer loop
      vertex -0.286099 -7.48125 19.8805
      vertex -1.05824 -2.80212 19.9497
      vertex -1.05477 -2.8033 19.599
    endloop
  endfacet
  facet normal -0.986637 -0.162677 -0.00919277
    outer loop
      vertex -1.05824 -2.80212 19.9497
      vertex -0.286099 -7.48125 19.8805
      vertex -0.286752 -7.4812 19.9497
    endloop
  endfacet
  facet normal 0.970916 0.239244 0.00919791
    outer loop
      vertex 3.21028 -6.76135 19.5212
      vertex 2.07713 -2.16007 19.4519
      vertex 2.0744 -2.16247 19.8025
    endloop
  endfacet
  facet normal 0.970915 0.239245 0.00926726
    outer loop
      vertex 2.07713 -2.16007 19.4519
      vertex 3.21028 -6.76135 19.5212
      vertex 3.21087 -6.76106 19.4519
    endloop
  endfacet
  facet normal 0.59451 0.0980478 0.798088
    outer loop
      vertex 3.21028 -6.76135 19.5212
      vertex 2.67371 -6.99577 19.9497
      vertex 2.87012 -6.9291 19.7952
    endloop
  endfacet
  facet normal 0.594517 0.0980236 0.798086
    outer loop
      vertex 1.90176 -2.31387 19.9497
      vertex 3.21028 -6.76135 19.5212
      vertex 2.0744 -2.16247 19.8025
    endloop
  endfacet
  facet normal 0.594518 0.0980239 0.798085
    outer loop
      vertex 3.21028 -6.76135 19.5212
      vertex 1.90176 -2.31387 19.9497
      vertex 2.67371 -6.99577 19.9497
    endloop
  endfacet
  facet normal -0.59449 -0.0980197 -0.798106
    outer loop
      vertex -0.868979 -7.44304 20.3787
      vertex -1.05824 -2.80212 19.9497
      vertex -0.286752 -7.4812 19.9497
    endloop
  endfacet
  facet normal -0.594758 -0.0980122 -0.797908
    outer loop
      vertex -0.868979 -7.44304 20.3787
      vertex -1.14805 -2.77164 20.0129
      vertex -1.05824 -2.80212 19.9497
    endloop
  endfacet
  facet normal -0.59419 -0.0980114 -0.798331
    outer loop
      vertex -1.14805 -2.77164 20.0129
      vertex -0.868979 -7.44304 20.3787
      vertex -1.27061 -2.7112 20.0967
    endloop
  endfacet
  facet normal -0.996329 -0.0851147 -0.00919455
    outer loop
      vertex -0.868979 -7.44304 20.3787
      vertex -1.27399 -2.70953 20.4475
      vertex -1.27061 -2.7112 20.0967
    endloop
  endfacet
  facet normal -0.996329 -0.0851146 -0.00920421
    outer loop
      vertex -1.27399 -2.70953 20.4475
      vertex -0.868979 -7.44304 20.3787
      vertex -0.869618 -7.443 20.4475
    endloop
  endfacet
  facet normal 0.986637 0.162676 0.00920579
    outer loop
      vertex 2.6731 -6.99598 20.0187
      vertex 1.90176 -2.31387 19.9497
      vertex 1.8989 -2.31637 20.3004
    endloop
  endfacet
  facet normal 0.986636 0.162676 0.00921754
    outer loop
      vertex 1.90176 -2.31387 19.9497
      vertex 2.6731 -6.99598 20.0187
      vertex 2.67371 -6.99577 19.9497
    endloop
  endfacet
  facet normal 0.600232 0.0512547 0.798182
    outer loop
      vertex 1.82628 -2.38006 20.3591
      vertex 2.6731 -6.99598 20.0187
      vertex 1.8989 -2.31637 20.3004
    endloop
  endfacet
  facet normal 0.600419 0.0512995 0.798038
    outer loop
      vertex 1.71513 -2.45433 20.4475
      vertex 2.6731 -6.99598 20.0187
      vertex 1.82628 -2.38006 20.3591
    endloop
  endfacet
  facet normal 0.600386 0.0512901 0.798064
    outer loop
      vertex 2.6731 -6.99598 20.0187
      vertex 1.71513 -2.45433 20.4475
      vertex 2.11918 -7.18401 20.4475
    endloop
  endfacet
  facet normal -0.599976 -0.0512549 -0.798374
    outer loop
      vertex -0.978946 -7.43584 20.5292
      vertex -1.27399 -2.70953 20.4475
      vertex -0.869618 -7.443 20.4475
    endloop
  endfacet
  facet normal -0.600397 -0.0512757 -0.798057
    outer loop
      vertex -1.44775 -7.34258 20.8759
      vertex -1.27399 -2.70953 20.4475
      vertex -0.978946 -7.43584 20.5292
    endloop
  endfacet
  facet normal -0.600276 -0.0512885 -0.798147
    outer loop
      vertex -1.27399 -2.70953 20.4475
      vertex -1.44775 -7.34258 20.8759
      vertex -1.47846 -2.6087 20.5948
    endloop
  endfacet
  facet normal -0.999933 -0.00703396 -0.00921384
    outer loop
      vertex -1.44775 -7.34258 20.8759
      vertex -1.4817 -2.6071 20.9452
      vertex -1.47846 -2.6087 20.5948
    endloop
  endfacet
  facet normal -0.999933 -0.00703384 -0.00922241
    outer loop
      vertex -1.4817 -2.6071 20.9452
      vertex -1.44775 -7.34258 20.8759
      vertex -1.44839 -7.34246 20.9452
    endloop
  endfacet
  facet normal 0.996329 0.0851145 0.00919091
    outer loop
      vertex 2.11856 -7.18422 20.5164
      vertex 1.71513 -2.45433 20.4475
      vertex 1.71207 -2.45638 20.7982
    endloop
  endfacet
  facet normal 0.996328 0.085115 0.00922493
    outer loop
      vertex 1.71513 -2.45433 20.4475
      vertex 2.11856 -7.18422 20.5164
      vertex 2.11918 -7.18401 20.4475
    endloop
  endfacet
  facet normal 0.602435 0.00422253 0.798156
    outer loop
      vertex 1.51822 -2.5859 20.9452
      vertex 2.11856 -7.18422 20.5164
      vertex 1.71207 -2.45638 20.7982
    endloop
  endfacet
  facet normal 0.602621 0.00425987 0.798016
    outer loop
      vertex 2.11856 -7.18422 20.5164
      vertex 1.51822 -2.5859 20.9452
      vertex 1.94114 -7.24444 20.6507
    endloop
  endfacet
  facet normal 0.602468 0.00423861 0.798132
    outer loop
      vertex 1.94114 -7.24444 20.6507
      vertex 1.51822 -2.5859 20.9452
      vertex 1.55154 -7.32194 20.9452
    endloop
  endfacet
  facet normal -0.602503 -0.00423819 -0.798106
    outer loop
      vertex -2.01767 -7.21847 21.3743
      vertex -1.4817 -2.6071 20.9452
      vertex -1.44839 -7.34246 20.9452
    endloop
  endfacet
  facet normal -0.603367 -0.00407692 -0.797453
    outer loop
      vertex -1.4817 -2.6071 20.9452
      vertex -2.01767 -7.21847 21.3743
      vertex -1.5 -2.59808 20.959
    endloop
  endfacet
  facet normal -0.602918 -0.00730615 -0.79777
    outer loop
      vertex -2.01767 -7.21847 21.3743
      vertex -1.44839 -7.34246 20.9452
      vertex -1.94114 -7.24444 21.3167
    endloop
  endfacet
  facet normal -0.602454 -0.00424128 -0.798143
    outer loop
      vertex -1.5 -2.59808 20.959
      vertex -2.01767 -7.21847 21.3743
      vertex -1.6773 -2.47961 21.0922
    endloop
  endfacet
  facet normal -0.997427 0.0710925 -0.00920528
    outer loop
      vertex -2.01767 -7.21847 21.3743
      vertex -1.68039 -2.47754 21.443
      vertex -1.6773 -2.47961 21.0922
    endloop
  endfacet
  facet normal -0.997427 0.0710927 -0.00921884
    outer loop
      vertex -1.68039 -2.47754 21.443
      vertex -2.01767 -7.21847 21.3743
      vertex -2.01829 -7.21826 21.443
    endloop
  endfacet
  facet normal 0.999933 0.00703429 0.0092033
    outer loop
      vertex 1.5509 -7.32207 21.0145
      vertex 1.51822 -2.5859 20.9452
      vertex 1.51501 -2.58804 21.2956
    endloop
  endfacet
  facet normal 0.999932 0.00703494 0.00924778
    outer loop
      vertex 1.51822 -2.5859 20.9452
      vertex 1.5509 -7.32207 21.0145
      vertex 1.55154 -7.32194 20.9452
    endloop
  endfacet
  facet normal 0.602206 -0.0427708 0.797194
    outer loop
      vertex 1.5 -2.59808 21.3064
      vertex 1.5509 -7.32207 21.0145
      vertex 1.51501 -2.58804 21.2956
    endloop
  endfacet
  facet normal 0.601053 -0.0428367 0.79806
    outer loop
      vertex 1.31202 -2.69078 21.443
      vertex 1.5509 -7.32207 21.0145
      vertex 1.5 -2.59808 21.3064
    endloop
  endfacet
  facet normal 0.601003 -0.0428427 0.798097
    outer loop
      vertex 1.31202 -2.69078 21.443
      vertex 0.978946 -7.43584 21.4391
      vertex 1.5509 -7.32207 21.0145
    endloop
  endfacet
  facet normal 0.604529 -0.043088 0.795417
    outer loop
      vertex 0.978946 -7.43584 21.4391
      vertex 1.31202 -2.69078 21.443
      vertex 0.973791 -7.43617 21.443
    endloop
  endfacet
  facet normal -0.600956 0.0428338 -0.798134
    outer loop
      vertex -2.57394 -7.02964 21.8715
      vertex -1.68039 -2.47754 21.443
      vertex -2.01829 -7.21826 21.443
    endloop
  endfacet
  facet normal -0.601018 0.0428506 -0.798086
    outer loop
      vertex -1.68039 -2.47754 21.443
      vertex -2.57394 -7.02964 21.8715
      vertex -1.82628 -2.38006 21.5581
    endloop
  endfacet
  facet normal -0.600726 0.0427885 -0.798309
    outer loop
      vertex -1.82628 -2.38006 21.5581
      vertex -2.57394 -7.02964 21.8715
      vertex -1.86643 -2.34485 21.5902
    endloop
  endfacet
  facet normal -0.988827 0.148781 -0.00922718
    outer loop
      vertex -2.57394 -7.02964 21.8715
      vertex -1.86932 -2.34232 21.9407
      vertex -1.86643 -2.34485 21.5902
    endloop
  endfacet
  facet normal -0.988828 0.148781 -0.00916805
    outer loop
      vertex -1.86932 -2.34232 21.9407
      vertex -2.57394 -7.02964 21.8715
      vertex -2.57455 -7.02943 21.9407
    endloop
  endfacet
  facet normal 0.997427 -0.0710915 0.00921908
    outer loop
      vertex 0.973157 -7.43622 21.5114
      vertex 1.31202 -2.69078 21.443
      vertex 1.30866 -2.69243 21.7938
    endloop
  endfacet
  facet normal 0.997427 -0.0710919 0.00919319
    outer loop
      vertex 1.31202 -2.69078 21.443
      vertex 0.973157 -7.43622 21.5114
      vertex 0.973791 -7.43617 21.443
    endloop
  endfacet
  facet normal 0.595801 -0.0896499 0.798113
    outer loop
      vertex 1.14805 -2.77164 21.9048
      vertex 0.973157 -7.43622 21.5114
      vertex 1.30866 -2.69243 21.7938
    endloop
  endfacet
  facet normal 0.594993 -0.0896702 0.798713
    outer loop
      vertex 1.09726 -2.78888 21.9407
      vertex 0.973157 -7.43622 21.5114
      vertex 1.14805 -2.77164 21.9048
    endloop
  endfacet
  facet normal 0.595751 -0.0896386 0.798151
    outer loop
      vertex 0.973157 -7.43622 21.5114
      vertex 1.09726 -2.78888 21.9407
      vertex 0.392279 -7.47429 21.9407
    endloop
  endfacet
  facet normal -0.59589 0.0896586 -0.798045
    outer loop
      vertex -3.11539 -6.80814 22.3694
      vertex -1.86932 -2.34232 21.9407
      vertex -2.57455 -7.02943 21.9407
    endloop
  endfacet
  facet normal -0.596255 0.0884936 -0.797903
    outer loop
      vertex -3.11539 -6.80814 22.3694
      vertex -2.57455 -7.02943 21.9407
      vertex -2.87012 -6.9291 22.1727
    endloop
  endfacet
  facet normal -0.595868 0.0896506 -0.798063
    outer loop
      vertex -1.86932 -2.34232 21.9407
      vertex -3.11539 -6.80814 22.3694
      vertex -2.04337 -2.18968 22.0878
    endloop
  endfacet
  facet normal -0.974185 0.225564 -0.0091891
    outer loop
      vertex -3.11539 -6.80814 22.3694
      vertex -2.04612 -2.18727 22.4385
      vertex -2.04337 -2.18968 22.0878
    endloop
  endfacet
  facet normal -0.974184 0.225564 -0.00923194
    outer loop
      vertex -2.04612 -2.18727 22.4385
      vertex -3.11539 -6.80814 22.3694
      vertex -3.11598 -6.80786 22.4385
    endloop
  endfacet
  facet normal 0.988827 -0.148782 0.00920562
    outer loop
      vertex 0.391627 -7.47433 22.01
      vertex 1.09726 -2.78888 21.9407
      vertex 1.09382 -2.79005 22.2913
    endloop
  endfacet
  facet normal 0.988827 -0.148782 0.00921737
    outer loop
      vertex 1.09726 -2.78888 21.9407
      vertex 0.391627 -7.47433 22.01
      vertex 0.392279 -7.47429 21.9407
    endloop
  endfacet
  facet normal 0.58698 -0.135919 0.798111
    outer loop
      vertex 0.876601 -2.86378 22.4385
      vertex 0.391627 -7.47433 22.01
      vertex 1.09382 -2.79005 22.2913
    endloop
  endfacet
  facet normal 0.58704 -0.135921 0.798066
    outer loop
      vertex 0.876601 -2.86378 22.4385
      vertex 0 -7.5 22.2937
      vertex 0.391627 -7.47433 22.01
    endloop
  endfacet
  facet normal 0.587004 -0.135915 0.798094
    outer loop
      vertex 0 -7.5 22.2937
      vertex 0.876601 -2.86378 22.4385
      vertex -0.193928 -7.48729 22.4385
    endloop
  endfacet
  facet normal -0.587022 0.13592 -0.79808
    outer loop
      vertex -3.63945 -6.54971 22.8675
      vertex -2.04612 -2.18727 22.4385
      vertex -3.11598 -6.80786 22.4385
    endloop
  endfacet
  facet normal -0.586797 0.13582 -0.798262
    outer loop
      vertex -2.04612 -2.18727 22.4385
      vertex -3.63945 -6.54971 22.8675
      vertex -2.12132 -2.12132 22.505
    endloop
  endfacet
  facet normal -0.587005 0.135905 -0.798095
    outer loop
      vertex -2.12132 -2.12132 22.505
      vertex -3.63945 -6.54971 22.8675
      vertex -2.20791 -2.02259 22.5855
    endloop
  endfacet
  facet normal -0.953591 0.300966 -0.0092052
    outer loop
      vertex -3.63945 -6.54971 22.8675
      vertex -2.2104 -2.01975 22.9363
      vertex -2.20791 -2.02259 22.5855
    endloop
  endfacet
  facet normal -0.953591 0.300965 -0.00916899
    outer loop
      vertex -2.2104 -2.01975 22.9363
      vertex -3.63945 -6.54971 22.8675
      vertex -3.64002 -6.54942 22.9363
    endloop
  endfacet
  facet normal 0.974185 -0.225563 0.0092044
    outer loop
      vertex -0.19457 -7.48725 22.5075
      vertex 0.876601 -2.86378 22.4385
      vertex 0.873005 -2.865 22.7892
    endloop
  endfacet
  facet normal 0.974185 -0.225563 0.00919492
    outer loop
      vertex 0.876601 -2.86378 22.4385
      vertex -0.19457 -7.48725 22.5075
      vertex -0.193928 -7.48729 22.4385
    endloop
  endfacet
  facet normal 0.574235 -0.181284 0.798367
    outer loop
      vertex 0.776457 -2.89778 22.8512
      vertex -0.19457 -7.48725 22.5075
      vertex 0.873005 -2.865 22.7892
    endloop
  endfacet
  facet normal 0.574901 -0.181387 0.797865
    outer loop
      vertex 0.650446 -2.92284 22.9363
      vertex -0.19457 -7.48725 22.5075
      vertex 0.776457 -2.89778 22.8512
    endloop
  endfacet
  facet normal 0.574604 -0.181353 0.798086
    outer loop
      vertex -0.19457 -7.48725 22.5075
      vertex 0.650446 -2.92284 22.9363
      vertex -0.778072 -7.449 22.9363
    endloop
  endfacet
  facet normal -0.574561 0.181338 -0.798121
    outer loop
      vertex -4.13649 -6.23695 23.3647
      vertex -2.2104 -2.01975 22.9363
      vertex -3.64002 -6.54942 22.9363
    endloop
  endfacet
  facet normal -0.574697 0.18107 -0.798083
    outer loop
      vertex -4.13649 -6.23695 23.3647
      vertex -3.64002 -6.54942 22.9363
      vertex -3.75 -6.49519 23.0278
    endloop
  endfacet
  facet normal -0.574583 0.181351 -0.798102
    outer loop
      vertex -2.2104 -2.01975 22.9363
      vertex -4.13649 -6.23695 23.3647
      vertex -2.36085 -1.84818 23.0836
    endloop
  endfacet
  facet normal -0.927169 0.37453 -0.00922063
    outer loop
      vertex -4.13649 -6.23695 23.3647
      vertex -2.36324 -1.84547 23.434
      vertex -2.36085 -1.84818 23.0836
    endloop
  endfacet
  facet normal -0.927169 0.37453 -0.00922435
    outer loop
      vertex -2.36324 -1.84547 23.434
      vertex -4.13649 -6.23695 23.3647
      vertex -4.13703 -6.23658 23.434
    endloop
  endfacet
  facet normal 0.95359 -0.300966 0.00920623
    outer loop
      vertex -0.778725 -7.44896 23.0053
      vertex 0.650446 -2.92284 22.9363
      vertex 0.646833 -2.92356 23.287
    endloop
  endfacet
  facet normal 0.95359 -0.300966 0.00919903
    outer loop
      vertex 0.650446 -2.92284 22.9363
      vertex -0.778725 -7.44896 23.0053
      vertex -0.778072 -7.449 22.9363
    endloop
  endfacet
  facet normal 0.558588 -0.225647 0.798162
    outer loop
      vertex 0.418434 -2.96899 23.434
      vertex -0.778725 -7.44896 23.0053
      vertex 0.646833 -2.92356 23.287
    endloop
  endfacet
  facet normal 0.558505 -0.225631 0.798225
    outer loop
      vertex 0.418434 -2.96899 23.434
      vertex -0.978946 -7.43584 23.1491
      vertex -0.778725 -7.44896 23.0053
    endloop
  endfacet
  facet normal 0.558663 -0.225672 0.798102
    outer loop
      vertex -0.978946 -7.43584 23.1491
      vertex 0.418434 -2.96899 23.434
      vertex -1.35568 -7.3609 23.434
    endloop
  endfacet
  facet normal -0.55871 0.225691 -0.798064
    outer loop
      vertex -4.61643 -5.90567 23.8632
      vertex -2.36324 -1.84547 23.434
      vertex -4.13703 -6.23658 23.434
    endloop
  endfacet
  facet normal -0.558669 0.225665 -0.7981
    outer loop
      vertex -2.36324 -1.84547 23.434
      vertex -4.61643 -5.90567 23.8632
      vertex -2.38006 -1.82628 23.4512
    endloop
  endfacet
  facet normal -0.558052 0.226825 -0.798203
    outer loop
      vertex -4.61643 -5.90567 23.8632
      vertex -4.13703 -6.23658 23.434
      vertex -4.56571 -5.95015 23.8151
    endloop
  endfacet
  facet normal -0.558713 0.225693 -0.798061
    outer loop
      vertex -2.38006 -1.82628 23.4512
      vertex -4.61643 -5.90567 23.8632
      vertex -2.49561 -1.65335 23.581
    endloop
  endfacet
  facet normal -0.895082 0.445805 -0.00922126
    outer loop
      vertex -4.61643 -5.90567 23.8632
      vertex -2.49768 -1.65025 23.9318
      vertex -2.49561 -1.65335 23.581
    endloop
  endfacet
  facet normal -0.895083 0.445805 -0.00918785
    outer loop
      vertex -2.49768 -1.65025 23.9318
      vertex -4.61643 -5.90567 23.8632
      vertex -4.61692 -5.90524 23.9318
    endloop
  endfacet
  facet normal 0.927169 -0.374531 0.0092083
    outer loop
      vertex -1.35632 -7.36077 23.5033
      vertex 0.418434 -2.96899 23.434
      vertex 0.41465 -2.96974 23.7845
    endloop
  endfacet
  facet normal 0.927168 -0.37453 0.00926518
    outer loop
      vertex 0.418434 -2.96899 23.434
      vertex -1.35632 -7.36077 23.5033
      vertex -1.35568 -7.3609 23.434
    endloop
  endfacet
  facet normal 0.538193 -0.268229 0.799001
    outer loop
      vertex 0.391578 -2.97433 23.7985
      vertex -1.35632 -7.36077 23.5033
      vertex 0.41465 -2.96974 23.7845
    endloop
  endfacet
  facet normal 0.539391 -0.268643 0.798053
    outer loop
      vertex 0.187696 -2.9877 23.9318
      vertex -1.35632 -7.36077 23.5033
      vertex 0.391578 -2.97433 23.7985
    endloop
  endfacet
  facet normal 0.539359 -0.268634 0.798078
    outer loop
      vertex -1.35632 -7.36077 23.5033
      vertex 0.187696 -2.9877 23.9318
      vertex -1.93321 -7.24602 23.9318
    endloop
  endfacet
  facet normal -0.539304 0.268606 -0.798124
    outer loop
      vertex -5.05828 -5.51817 24.3603
      vertex -2.49768 -1.65025 23.9318
      vertex -4.61692 -5.90524 23.9318
    endloop
  endfacet
  facet normal -0.539285 0.268591 -0.798142
    outer loop
      vertex -2.49768 -1.65025 23.9318
      vertex -5.05828 -5.51817 24.3603
      vertex -2.59808 -1.5 24.0502
    endloop
  endfacet
  facet normal -0.539165 0.268509 -0.798251
    outer loop
      vertex -2.59808 -1.5 24.0502
      vertex -5.05828 -5.51817 24.3603
      vertex -2.61929 -1.45697 24.079
    endloop
  endfacet
  facet normal -0.857526 0.514358 -0.00920475
    outer loop
      vertex -5.05828 -5.51817 24.3603
      vertex -2.62099 -1.45353 24.4296
      vertex -2.61929 -1.45697 24.079
    endloop
  endfacet
  facet normal -0.857527 0.514357 -0.00918064
    outer loop
      vertex -2.62099 -1.45353 24.4296
      vertex -5.05828 -5.51817 24.3603
      vertex -5.05877 -5.51775 24.4296
    endloop
  endfacet
  facet normal 0.895082 -0.445806 0.00921227
    outer loop
      vertex -1.93385 -7.24589 24.0002
      vertex 0.187696 -2.9877 23.9318
      vertex 0.183966 -2.98794 24.2826
    endloop
  endfacet
  facet normal 0.895082 -0.445806 0.00922233
    outer loop
      vertex 0.187696 -2.9877 23.9318
      vertex -1.93385 -7.24589 24.0002
      vertex -1.93321 -7.24602 23.9318
    endloop
  endfacet
  facet normal 0.516646 -0.309904 0.798145
    outer loop
      vertex 0 -3 24.397
      vertex -1.93385 -7.24589 24.0002
      vertex 0.183966 -2.98794 24.2826
    endloop
  endfacet
  facet normal 0.51706 -0.310062 0.797816
    outer loop
      vertex -0.0484004 -2.99683 24.4296
      vertex -1.93385 -7.24589 24.0002
      vertex 0 -3 24.397
    endloop
  endfacet
  facet normal 0.517849 -0.310349 0.797193
    outer loop
      vertex -0.0484004 -2.99683 24.4296
      vertex -1.94114 -7.24444 24.0055
      vertex -1.93385 -7.24589 24.0002
    endloop
  endfacet
  facet normal 0.516716 -0.309934 0.798089
    outer loop
      vertex -1.94114 -7.24444 24.0055
      vertex -0.0484004 -2.99683 24.4296
      vertex -2.48537 -7.0597 24.4296
    endloop
  endfacet
  facet normal -0.516672 0.309908 -0.798127
    outer loop
      vertex -5.47487 -5.10766 24.8582
      vertex -2.62099 -1.45353 24.4296
      vertex -5.05877 -5.51775 24.4296
    endloop
  endfacet
  facet normal -0.51488 0.31206 -0.798447
    outer loop
      vertex -5.47487 -5.10766 24.8582
      vertex -5.05877 -5.51775 24.4296
      vertex -5.3033 -5.3033 24.6711
    endloop
  endfacet
  facet normal -0.516561 0.309808 -0.798238
    outer loop
      vertex -2.62099 -1.45353 24.4296
      vertex -5.47487 -5.10766 24.8582
      vertex -2.72349 -1.24568 24.5766
    endloop
  endfacet
  facet normal -0.814731 0.579766 -0.00920244
    outer loop
      vertex -5.47487 -5.10766 24.8582
      vertex -2.72511 -1.24239 24.9273
      vertex -2.72349 -1.24568 24.5766
    endloop
  endfacet
  facet normal -0.814732 0.579766 -0.00918118
    outer loop
      vertex -2.72511 -1.24239 24.9273
      vertex -5.47487 -5.10766 24.8582
      vertex -5.4753 -5.10717 24.9273
    endloop
  endfacet
  facet normal 0.857526 -0.514357 0.00921078
    outer loop
      vertex -2.48599 -7.05949 24.4989
      vertex -0.0484004 -2.99683 24.4296
      vertex -0.0520212 -2.99659 24.7801
    endloop
  endfacet
  facet normal 0.857526 -0.514357 0.00923061
    outer loop
      vertex -0.0484004 -2.99683 24.4296
      vertex -2.48599 -7.05949 24.4989
      vertex -2.48537 -7.0597 24.4296
    endloop
  endfacet
  facet normal 0.490866 -0.349305 0.798146
    outer loop
      vertex -0.280701 -2.9816 24.9273
      vertex -2.48599 -7.05949 24.4989
      vertex -0.0520212 -2.99659 24.7801
    endloop
  endfacet
  facet normal 0.490857 -0.349301 0.798153
    outer loop
      vertex -0.280701 -2.9816 24.9273
      vertex -2.87012 -6.9291 24.7922
      vertex -2.48599 -7.05949 24.4989
    endloop
  endfacet
  facet normal 0.490917 -0.349338 0.7981
    outer loop
      vertex -2.87012 -6.9291 24.7922
      vertex -0.280701 -2.9816 24.9273
      vertex -3.0327 -6.84892 24.9273
    endloop
  endfacet
  facet normal -0.490888 0.349317 -0.798127
    outer loop
      vertex -5.86027 -4.6682 25.3562
      vertex -2.72511 -1.24239 24.9273
      vertex -5.4753 -5.10717 24.9273
    endloop
  endfacet
  facet normal -0.490858 0.349286 -0.798159
    outer loop
      vertex -2.72511 -1.24239 24.9273
      vertex -5.86027 -4.6682 25.3562
      vertex -2.77164 -1.14805 24.9972
    endloop
  endfacet
  facet normal -0.491165 0.349588 -0.797838
    outer loop
      vertex -2.77164 -1.14805 24.9972
      vertex -5.86027 -4.6682 25.3562
      vertex -2.81213 -1.02875 25.0744
    endloop
  endfacet
  facet normal -0.766956 0.641633 -0.00921795
    outer loop
      vertex -5.86027 -4.6682 25.3562
      vertex -2.81335 -1.02517 25.4251
      vertex -2.81213 -1.02875 25.0744
    endloop
  endfacet
  facet normal -0.766957 0.641633 -0.00914522
    outer loop
      vertex -2.81335 -1.02517 25.4251
      vertex -5.86027 -4.6682 25.3562
      vertex -5.86069 -4.66772 25.4251
    endloop
  endfacet
  facet normal 0.814731 -0.579766 0.00920644
    outer loop
      vertex -3.03328 -6.84864 24.9963
      vertex -0.280701 -2.9816 24.9273
      vertex -0.284486 -2.98135 25.278
    endloop
  endfacet
  facet normal 0.814731 -0.579766 0.00920114
    outer loop
      vertex -0.280701 -2.9816 24.9273
      vertex -3.03328 -6.84864 24.9963
      vertex -3.0327 -6.84892 24.9273
    endloop
  endfacet
  facet normal 0.46208 -0.386576 0.798148
    outer loop
      vertex -0.391578 -2.97433 25.3434
      vertex -3.03328 -6.84864 24.9963
      vertex -0.284486 -2.98135 25.278
    endloop
  endfacet
  facet normal 0.46227 -0.38669 0.797983
    outer loop
      vertex -0.512493 -2.95028 25.4251
      vertex -3.03328 -6.84864 24.9963
      vertex -0.391578 -2.97433 25.3434
    endloop
  endfacet
  facet normal 0.462125 -0.38661 0.798106
    outer loop
      vertex -3.03328 -6.84864 24.9963
      vertex -0.512493 -2.95028 25.4251
      vertex -3.55754 -6.5901 25.4251
    endloop
  endfacet
  facet normal -0.462107 0.386597 -0.798123
    outer loop
      vertex -6.20108 -4.19017 25.8535
      vertex -2.81335 -1.02517 25.4251
      vertex -5.86069 -4.66772 25.4251
    endloop
  endfacet
  facet normal -0.461737 0.386915 -0.798183
    outer loop
      vertex -6.20108 -4.19017 25.8535
      vertex -5.86069 -4.66772 25.4251
      vertex -5.95015 -4.56571 25.5263
    endloop
  endfacet
  facet normal -0.462147 0.386646 -0.798076
    outer loop
      vertex -2.81335 -1.02517 25.4251
      vertex -6.20108 -4.19017 25.8535
      vertex -2.88677 -0.808885 25.5724
    endloop
  endfacet
  facet normal -0.714496 0.699579 -0.0092034
    outer loop
      vertex -6.20108 -4.19017 25.8535
      vertex -2.88793 -0.80546 25.9228
      vertex -2.88677 -0.808885 25.5724
    endloop
  endfacet
  facet normal -0.714497 0.699579 -0.00916293
    outer loop
      vertex -2.88793 -0.80546 25.9228
      vertex -6.20108 -4.19017 25.8535
      vertex -6.20144 -4.18963 25.9228
    endloop
  endfacet
  facet normal 0.766957 -0.641632 0.00920994
    outer loop
      vertex -3.55813 -6.58981 25.4941
      vertex -0.512493 -2.95028 25.4251
      vertex -0.516102 -2.94956 25.7758
    endloop
  endfacet
  facet normal 0.766958 -0.641631 0.00925475
    outer loop
      vertex -0.512493 -2.95028 25.4251
      vertex -3.55813 -6.58981 25.4941
      vertex -3.55754 -6.5901 25.4251
    endloop
  endfacet
  facet normal 0.430442 -0.421471 0.798174
    outer loop
      vertex -0.744252 -2.90418 25.9228
      vertex -3.55813 -6.58981 25.4941
      vertex -0.516102 -2.94956 25.7758
    endloop
  endfacet
  facet normal 0.430573 -0.421558 0.798058
    outer loop
      vertex -0.744252 -2.90418 25.9228
      vertex -3.75 -6.49519 25.6476
      vertex -3.55813 -6.58981 25.4941
    endloop
  endfacet
  facet normal 0.430462 -0.421473 0.798162
    outer loop
      vertex -3.75 -6.49519 25.6476
      vertex -0.744252 -2.90418 25.9228
      vertex -4.05847 -6.28908 25.9228
    endloop
  endfacet
  facet normal -0.430525 0.421536 -0.798095
    outer loop
      vertex -6.51912 -3.70148 26.352
      vertex -2.88793 -0.80546 25.9228
      vertex -6.20144 -4.18963 25.9228
    endloop
  endfacet
  facet normal -0.431211 0.422529 -0.797199
    outer loop
      vertex -2.88793 -0.80546 25.9228
      vertex -6.51912 -3.70148 26.352
      vertex -2.89778 -0.776457 25.9435
    endloop
  endfacet
  facet normal -0.434028 0.418837 -0.797618
    outer loop
      vertex -6.51912 -3.70148 26.352
      vertex -6.20144 -4.18963 25.9228
      vertex -6.49519 -3.75 26.3135
    endloop
  endfacet
  facet normal -0.430419 0.421405 -0.798221
    outer loop
      vertex -2.89778 -0.776457 25.9435
      vertex -6.51912 -3.70148 26.352
      vertex -2.93733 -0.577617 26.0698
    endloop
  endfacet
  facet normal -0.65767 0.753249 -0.00925862
    outer loop
      vertex -2.93805 -0.573964 26.4206
      vertex -6.51912 -3.70148 26.352
      vertex -6.51941 -3.70089 26.4206
    endloop
  endfacet
  facet normal -0.657671 0.753249 -0.00919368
    outer loop
      vertex -6.51912 -3.70148 26.352
      vertex -2.93805 -0.573964 26.4206
      vertex -2.93733 -0.577617 26.0698
    endloop
  endfacet
  facet normal 0.714497 -0.699578 0.00920048
    outer loop
      vertex -4.05901 -6.28872 25.9921
      vertex -0.744252 -2.90418 25.9228
      vertex -0.748031 -2.90343 26.2733
    endloop
  endfacet
  facet normal 0.714497 -0.699578 0.00920168
    outer loop
      vertex -0.744252 -2.90418 25.9228
      vertex -4.05901 -6.28872 25.9921
      vertex -4.05847 -6.28908 25.9228
    endloop
  endfacet
  facet normal 0.395848 -0.453489 0.798531
    outer loop
      vertex -0.776457 -2.89778 26.2906
      vertex -4.05901 -6.28872 25.9921
      vertex -0.748031 -2.90343 26.2733
    endloop
  endfacet
  facet normal 0.396324 -0.453908 0.798057
    outer loop
      vertex -0.964944 -2.83379 26.4206
      vertex -4.05901 -6.28872 25.9921
      vertex -0.776457 -2.89778 26.2906
    endloop
  endfacet
  facet normal 0.396293 -0.453883 0.798087
    outer loop
      vertex -4.05901 -6.28872 25.9921
      vertex -0.964944 -2.83379 26.4206
      vertex -4.54785 -5.96208 26.4206
    endloop
  endfacet
  facet normal -0.396269 0.453858 -0.798113
    outer loop
      vertex -6.77916 -3.17416 26.8491
      vertex -2.93805 -0.573964 26.4206
      vertex -6.51941 -3.70089 26.4206
    endloop
  endfacet
  facet normal -0.396224 0.453781 -0.798179
    outer loop
      vertex -2.93805 -0.573964 26.4206
      vertex -6.77916 -3.17416 26.8491
      vertex -2.97433 -0.391578 26.5423
    endloop
  endfacet
  facet normal -0.396869 0.45476 -0.797301
    outer loop
      vertex -2.97433 -0.391578 26.5423
      vertex -6.77916 -3.17416 26.8491
      vertex -2.97712 -0.34913 26.5679
    endloop
  endfacet
  facet normal -0.596826 0.802317 -0.00921246
    outer loop
      vertex -2.97737 -0.345296 26.9184
      vertex -6.77916 -3.17416 26.8491
      vertex -6.77945 -3.17358 26.9184
    endloop
  endfacet
  facet normal -0.596827 0.802317 -0.00920197
    outer loop
      vertex -6.77916 -3.17416 26.8491
      vertex -2.97737 -0.345296 26.9184
      vertex -2.97712 -0.34913 26.5679
    endloop
  endfacet
  facet normal 0.657672 -0.753248 0.00925276
    outer loop
      vertex -0.964944 -2.83379 26.4206
      vertex -4.5484 -5.96172 26.489
      vertex -4.54785 -5.96208 26.4206
    endloop
  endfacet
  facet normal 0.657672 -0.753248 0.00920589
    outer loop
      vertex -4.5484 -5.96172 26.489
      vertex -0.964944 -2.83379 26.4206
      vertex -0.96848 -2.83259 26.7714
    endloop
  endfacet
  facet normal 0.359543 -0.483373 0.798172
    outer loop
      vertex -1.14805 -2.77164 26.8892
      vertex -4.5484 -5.96172 26.489
      vertex -0.96848 -2.83259 26.7714
    endloop
  endfacet
  facet normal 0.360056 -0.483855 0.797649
    outer loop
      vertex -1.18695 -2.75245 26.9184
      vertex -4.5484 -5.96172 26.489
      vertex -1.14805 -2.77164 26.8892
    endloop
  endfacet
  facet normal 0.36132 -0.485009 0.796376
    outer loop
      vertex -1.18695 -2.75245 26.9184
      vertex -4.56571 -5.95015 26.5039
      vertex -4.5484 -5.96172 26.489
    endloop
  endfacet
  facet normal 0.359614 -0.48343 0.798106
    outer loop
      vertex -4.56571 -5.95015 26.5039
      vertex -1.18695 -2.75245 26.9184
      vertex -4.9879 -5.5799 26.9184
    endloop
  endfacet
  facet normal -0.359583 0.483389 -0.798145
    outer loop
      vertex -7.00848 -2.63627 27.347
      vertex -2.97737 -0.345296 26.9184
      vertex -6.77945 -3.17358 26.9184
    endloop
  endfacet
  facet normal -0.359269 0.483555 -0.798186
    outer loop
      vertex -7.00848 -2.63627 27.347
      vertex -6.77945 -3.17358 26.9184
      vertex -6.9291 -2.87012 27.1696
    endloop
  endfacet
  facet normal -0.359542 0.483304 -0.798215
    outer loop
      vertex -2.97737 -0.345296 26.9184
      vertex -7.00848 -2.63627 27.347
      vertex -2.99254 -0.113799 27.0654
    endloop
  endfacet
  facet normal -0.532334 0.846484 -0.00921288
    outer loop
      vertex -2.99278 -0.110136 27.4161
      vertex -7.00848 -2.63627 27.347
      vertex -7.00869 -2.63565 27.4161
    endloop
  endfacet
  facet normal -0.532335 0.846484 -0.00920568
    outer loop
      vertex -7.00848 -2.63627 27.347
      vertex -2.99278 -0.110136 27.4161
      vertex -2.99254 -0.113799 27.0654
    endloop
  endfacet
  facet normal 0.596827 -0.802317 0.00919829
    outer loop
      vertex -1.18695 -2.75245 26.9184
      vertex -4.98839 -5.57947 26.9877
      vertex -4.9879 -5.5799 26.9184
    endloop
  endfacet
  facet normal 0.596827 -0.802317 0.00919657
    outer loop
      vertex -4.98839 -5.57947 26.9877
      vertex -1.18695 -2.75245 26.9184
      vertex -1.1902 -2.75085 27.2689
    endloop
  endfacet
  facet normal 0.320696 -0.509971 0.798175
    outer loop
      vertex -1.39554 -2.64959 27.4161
      vertex -4.98839 -5.57947 26.9877
      vertex -1.1902 -2.75085 27.2689
    endloop
  endfacet
  facet normal 0.320716 -0.509991 0.798154
    outer loop
      vertex -1.39554 -2.64959 27.4161
      vertex -5.3033 -5.3033 27.2907
      vertex -4.98839 -5.57947 26.9877
    endloop
  endfacet
  facet normal 0.320777 -0.510077 0.798075
    outer loop
      vertex -5.3033 -5.3033 27.2907
      vertex -1.39554 -2.64959 27.4161
      vertex -5.4142 -5.17684 27.4161
    endloop
  endfacet
  facet normal -0.320762 0.510055 -0.798095
    outer loop
      vertex -7.19642 -2.0826 27.845
      vertex -2.99278 -0.110136 27.4161
      vertex -7.00869 -2.63565 27.4161
    endloop
  endfacet
  facet normal -0.320783 0.510108 -0.798053
    outer loop
      vertex -2.99278 -0.110136 27.4161
      vertex -7.19642 -2.0826 27.845
      vertex -3 0 27.4894
    endloop
  endfacet
  facet normal -0.320826 0.510209 -0.797971
    outer loop
      vertex -3 0 27.4894
      vertex -7.19642 -2.0826 27.845
      vertex -2.99211 0.120385 27.5632
    endloop
  endfacet
  facet normal -0.464591 0.885477 -0.00925552
    outer loop
      vertex -2.99186 0.124161 27.9139
      vertex -7.19642 -2.0826 27.845
      vertex -7.19663 -2.08199 27.9139
    endloop
  endfacet
  facet normal -0.464591 0.885477 -0.00920278
    outer loop
      vertex -7.19642 -2.0826 27.845
      vertex -2.99186 0.124161 27.9139
      vertex -2.99211 0.120385 27.5632
    endloop
  endfacet
  facet normal 0.532335 -0.846483 0.00921939
    outer loop
      vertex -1.39554 -2.64959 27.4161
      vertex -5.41463 -5.17636 27.485
      vertex -5.4142 -5.17684 27.4161
    endloop
  endfacet
  facet normal 0.532335 -0.846483 0.00921595
    outer loop
      vertex -5.41463 -5.17636 27.485
      vertex -1.39554 -2.64959 27.4161
      vertex -1.39894 -2.64791 27.7668
    endloop
  endfacet
  facet normal 0.280059 -0.533723 0.797939
    outer loop
      vertex -1.5 -2.59808 27.8356
      vertex -5.41463 -5.17636 27.485
      vertex -1.39894 -2.64791 27.7668
    endloop
  endfacet
  facet normal 0.279926 -0.533543 0.798106
    outer loop
      vertex -1.59819 -2.53247 27.9139
      vertex -5.41463 -5.17636 27.485
      vertex -1.5 -2.59808 27.8356
    endloop
  endfacet
  facet normal 0.279961 -0.533587 0.798064
    outer loop
      vertex -5.41463 -5.17636 27.485
      vertex -1.59819 -2.53247 27.9139
      vertex -5.79991 -4.73702 27.9139
    endloop
  endfacet
  facet normal -0.279925 0.533518 -0.798123
    outer loop
      vertex -7.32999 -1.51109 28.3423
      vertex -2.99186 0.124161 27.9139
      vertex -7.19663 -2.08199 27.9139
    endloop
  endfacet
  facet normal -0.278815 0.533885 -0.798267
    outer loop
      vertex -7.32999 -1.51109 28.3423
      vertex -7.19663 -2.08199 27.9139
      vertex -7.24444 -1.94114 28.0248
    endloop
  endfacet
  facet normal -0.279885 0.533385 -0.798226
    outer loop
      vertex -2.99186 0.124161 27.9139
      vertex -7.32999 -1.51109 28.3423
      vertex -2.97691 0.352295 28.0611
    endloop
  endfacet
  facet normal -0.394009 0.919061 -0.00916998
    outer loop
      vertex -2.97667 0.355908 28.4116
      vertex -7.32999 -1.51109 28.3423
      vertex -7.33011 -1.51045 28.4116
    endloop
  endfacet
  facet normal -0.394009 0.919061 -0.00920401
    outer loop
      vertex -7.32999 -1.51109 28.3423
      vertex -2.97667 0.355908 28.4116
      vertex -2.97691 0.352295 28.0611
    endloop
  endfacet
  facet normal 0.464591 -0.885478 0.00918345
    outer loop
      vertex -1.59819 -2.53247 27.9139
      vertex -5.80034 -4.73653 27.9829
      vertex -5.79991 -4.73702 27.9139
    endloop
  endfacet
  facet normal 0.464591 -0.885477 0.00922976
    outer loop
      vertex -5.80034 -4.73653 27.9829
      vertex -1.59819 -2.53247 27.9139
      vertex -1.60125 -2.53042 28.2646
    endloop
  endfacet
  facet normal 0.237351 -0.553692 0.798179
    outer loop
      vertex -1.79445 -2.40133 28.4116
      vertex -5.80034 -4.73653 27.9829
      vertex -1.60125 -2.53042 28.2646
    endloop
  endfacet
  facet normal 0.237422 -0.553797 0.798085
    outer loop
      vertex -1.79445 -2.40133 28.4116
      vertex -5.95015 -4.56571 28.146
      vertex -5.80034 -4.73653 27.9829
    endloop
  endfacet
  facet normal 0.237404 -0.553765 0.798113
    outer loop
      vertex -5.95015 -4.56571 28.146
      vertex -1.79445 -2.40133 28.4116
      vertex -6.14897 -4.26815 28.4116
    endloop
  endfacet
  facet normal -0.23743 0.553825 -0.798063
    outer loop
      vertex -7.4385 -0.938296 28.8409
      vertex -2.97667 0.355908 28.4116
      vertex -7.33011 -1.51045 28.4116
    endloop
  endfacet
  facet normal -0.237568 0.554461 -0.797581
    outer loop
      vertex -2.97667 0.355908 28.4116
      vertex -7.4385 -0.938296 28.8409
      vertex -2.97433 0.391578 28.4357
    endloop
  endfacet
  facet normal -0.237572 0.553787 -0.798047
    outer loop
      vertex -7.4385 -0.938296 28.8409
      vertex -7.33011 -1.51045 28.4116
      vertex -7.43584 -0.978946 28.8119
    endloop
  endfacet
  facet normal -0.237391 0.55369 -0.798168
    outer loop
      vertex -2.97433 0.391578 28.4357
      vertex -7.4385 -0.938296 28.8409
      vertex -2.93581 0.585259 28.5586
    endloop
  endfacet
  facet normal -0.321019 0.947028 -0.00918768
    outer loop
      vertex -2.93508 0.588916 28.9094
      vertex -7.4385 -0.938296 28.8409
      vertex -7.43854 -0.937645 28.9094
    endloop
  endfacet
  facet normal -0.321019 0.947028 -0.0092045
    outer loop
      vertex -7.4385 -0.938296 28.8409
      vertex -2.93508 0.588916 28.9094
      vertex -2.93581 0.585259 28.5586
    endloop
  endfacet
  facet normal 0.394009 -0.91906 0.00920831
    outer loop
      vertex -1.79445 -2.40133 28.4116
      vertex -6.14933 -4.26761 28.4809
      vertex -6.14897 -4.26815 28.4116
    endloop
  endfacet
  facet normal 0.394009 -0.91906 0.00920861
    outer loop
      vertex -6.14933 -4.26761 28.4809
      vertex -1.79445 -2.40133 28.4116
      vertex -1.79765 -2.39919 28.7621
    endloop
  endfacet
  facet normal 0.193304 -0.570367 0.79832
    outer loop
      vertex -1.82628 -2.38006 28.7827
      vertex -6.14933 -4.26761 28.4809
      vertex -1.79765 -2.39919 28.7621
    endloop
  endfacet
  facet normal 0.193477 -0.570717 0.798028
    outer loop
      vertex -1.97198 -2.25229 28.9094
      vertex -6.14933 -4.26761 28.4809
      vertex -1.82628 -2.38006 28.7827
    endloop
  endfacet
  facet normal 0.193431 -0.570635 0.798098
    outer loop
      vertex -6.14933 -4.26761 28.4809
      vertex -1.97198 -2.25229 28.9094
      vertex -6.47583 -3.77898 28.9094
    endloop
  endfacet
  facet normal -0.193429 0.570629 -0.798103
    outer loop
      vertex -7.47697 -0.351356 29.3379
      vertex -2.93508 0.588916 28.9094
      vertex -7.43854 -0.937645 28.9094
    endloop
  endfacet
  facet normal -0.19341 0.570489 -0.798207
    outer loop
      vertex -2.93508 0.588916 28.9094
      vertex -7.47697 -0.351356 29.3379
      vertex -2.89778 0.776457 29.0344
    endloop
  endfacet
  facet normal -0.193672 0.571828 -0.797185
    outer loop
      vertex -2.89778 0.776457 29.0344
      vertex -7.47697 -0.351356 29.3379
      vertex -2.88585 0.811586 29.0567
    endloop
  endfacet
  facet normal -0.246067 0.969209 -0.00919078
    outer loop
      vertex -2.88462 0.815229 29.4072
      vertex -7.47697 -0.351356 29.3379
      vertex -7.47701 -0.350709 29.4072
    endloop
  endfacet
  facet normal -0.246067 0.969209 -0.00921017
    outer loop
      vertex -7.47697 -0.351356 29.3379
      vertex -2.88462 0.815229 29.4072
      vertex -2.88585 0.811586 29.0567
    endloop
  endfacet
  facet normal 0.321019 -0.947029 0.00915273
    outer loop
      vertex -1.97198 -2.25229 28.9094
      vertex -6.47619 -3.77844 28.9779
      vertex -6.47583 -3.77898 28.9094
    endloop
  endfacet
  facet normal 0.321019 -0.947028 0.00920337
    outer loop
      vertex -6.47619 -3.77844 28.9779
      vertex -1.97198 -2.25229 28.9094
      vertex -1.97478 -2.24983 29.2602
    endloop
  endfacet
  facet normal 0.148201 -0.583833 0.798232
    outer loop
      vertex -2.12132 -2.12132 29.3814
      vertex -6.47619 -3.77844 28.9779
      vertex -1.97478 -2.24983 29.2602
    endloop
  endfacet
  facet normal 0.14869 -0.584905 0.797357
    outer loop
      vertex -2.14654 -2.09256 29.4072
      vertex -6.47619 -3.77844 28.9779
      vertex -2.12132 -2.12132 29.3814
    endloop
  endfacet
  facet normal 0.147999 -0.583438 0.798559
    outer loop
      vertex -2.14654 -2.09256 29.4072
      vertex -6.49519 -3.75 29.0022
      vertex -6.47619 -3.77844 28.9779
    endloop
  endfacet
  facet normal 0.148284 -0.584061 0.79805
    outer loop
      vertex -6.49519 -3.75 29.0022
      vertex -2.14654 -2.09256 29.4072
      vertex -6.73772 -3.25819 29.4072
    endloop
  endfacet
  facet normal -0.148248 0.583917 -0.798163
    outer loop
      vertex -7.48472 0.233192 29.8358
      vertex -2.88462 0.815229 29.4072
      vertex -7.47701 -0.350709 29.4072
    endloop
  endfacet
  facet normal -0.148245 0.583863 -0.798203
    outer loop
      vertex -2.88462 0.815229 29.4072
      vertex -7.48472 0.233192 29.8358
      vertex -2.80996 1.03515 29.5542
    endloop
  endfacet
  facet normal -0.150785 0.583668 -0.797869
    outer loop
      vertex -7.48472 0.233192 29.8358
      vertex -7.47701 -0.350709 29.4072
      vertex -7.5 0 29.6681
    endloop
  endfacet
  facet normal -0.169613 0.985468 -0.00919001
    outer loop
      vertex -2.80878 1.03863 29.9049
      vertex -7.48472 0.233192 29.8358
      vertex -7.48467 0.233845 29.9049
    endloop
  endfacet
  facet normal -0.169612 0.985468 -0.00920811
    outer loop
      vertex -7.48472 0.233192 29.8358
      vertex -2.80878 1.03863 29.9049
      vertex -2.80996 1.03515 29.5542
    endloop
  endfacet
  facet normal 0.246067 -0.96921 0.00914143
    outer loop
      vertex -2.14654 -2.09256 29.4072
      vertex -6.73801 -3.25761 29.4765
      vertex -6.73772 -3.25819 29.4072
    endloop
  endfacet
  facet normal 0.246068 -0.969209 0.00919929
    outer loop
      vertex -6.73801 -3.25761 29.4765
      vertex -2.14654 -2.09256 29.4072
      vertex -2.14893 -2.08984 29.7577
    endloop
  endfacet
  facet normal 0.102154 -0.593654 0.79821
    outer loop
      vertex -2.29974 -1.91787 29.9049
      vertex -6.73801 -3.25761 29.4765
      vertex -2.14893 -2.08984 29.7577
    endloop
  endfacet
  facet normal 0.102178 -0.593717 0.79816
    outer loop
      vertex -2.29974 -1.91787 29.9049
      vertex -6.9291 -2.87012 29.7892
      vertex -6.73801 -3.25761 29.4765
    endloop
  endfacet
  facet normal 0.102211 -0.59386 0.798049
    outer loop
      vertex -6.9291 -2.87012 29.7892
      vertex -2.29974 -1.91787 29.9049
      vertex -6.97896 -2.72322 29.9049
    endloop
  endfacet
  facet normal -0.102198 0.593756 -0.798128
    outer loop
      vertex -2.77164 1.14805 29.9816
      vertex -7.44646 0.81684 30.3338
      vertex -2.72064 1.25146 30.052
    endloop
  endfacet
  facet normal -0.102202 0.594017 -0.797934
    outer loop
      vertex -2.80878 1.03863 29.9049
      vertex -7.44646 0.81684 30.3338
      vertex -2.77164 1.14805 29.9816
    endloop
  endfacet
  facet normal -0.102206 0.593829 -0.798074
    outer loop
      vertex -7.44646 0.81684 30.3338
      vertex -2.80878 1.03863 29.9049
      vertex -7.48467 0.233845 29.9049
    endloop
  endfacet
  facet normal -0.0921196 0.995705 -0.0092099
    outer loop
      vertex -2.71897 1.25485 30.4027
      vertex -7.44646 0.81684 30.3338
      vertex -7.44642 0.817481 30.4027
    endloop
  endfacet
  facet normal -0.0921199 0.995706 -0.0091862
    outer loop
      vertex -7.44646 0.81684 30.3338
      vertex -2.71897 1.25485 30.4027
      vertex -2.72064 1.25146 30.052
    endloop
  endfacet
  facet normal 0.169611 -0.985469 0.00909869
    outer loop
      vertex -2.29974 -1.91787 29.9049
      vertex -6.97917 -2.72262 29.9738
      vertex -6.97896 -2.72322 29.9049
    endloop
  endfacet
  facet normal 0.169613 -0.985468 0.00921761
    outer loop
      vertex -6.97917 -2.72262 29.9738
      vertex -2.29974 -1.91787 29.9049
      vertex -2.30224 -1.91502 30.2556
    endloop
  endfacet
  facet normal 0.0555964 -0.600348 0.797804
    outer loop
      vertex -2.38006 -1.82628 30.3278
      vertex -6.97917 -2.72262 29.9738
      vertex -2.30224 -1.91502 30.2556
    endloop
  endfacet
  facet normal 0.0554647 -0.59983 0.798203
    outer loop
      vertex -2.44279 -1.73241 30.4027
      vertex -6.97917 -2.72262 29.9738
      vertex -2.38006 -1.82628 30.3278
    endloop
  endfacet
  facet normal 0.0555078 -0.599978 0.798088
    outer loop
      vertex -6.97917 -2.72262 29.9738
      vertex -2.44279 -1.73241 30.4027
      vertex -7.16693 -2.16947 30.4027
    endloop
  endfacet
  facet normal -0.0555114 0.599845 -0.798188
    outer loop
      vertex -2.71897 1.25485 30.4027
      vertex -7.35286 1.39607 30.8311
      vertex -2.61775 1.46009 30.5499
    endloop
  endfacet
  facet normal -0.0554994 0.599966 -0.798098
    outer loop
      vertex -2.71897 1.25485 30.4027
      vertex -7.43584 0.978946 30.5233
      vertex -7.35286 1.39607 30.8311
    endloop
  endfacet
  facet normal -0.0554939 0.599824 -0.798205
    outer loop
      vertex -7.43584 0.978946 30.5233
      vertex -2.71897 1.25485 30.4027
      vertex -7.44642 0.817481 30.4027
    endloop
  endfacet
  facet normal -0.0140651 0.999859 -0.00920955
    outer loop
      vertex -2.61615 1.46334 30.9004
      vertex -7.35286 1.39607 30.8311
      vertex -7.35274 1.39671 30.9004
    endloop
  endfacet
  facet normal -0.0140651 0.999859 -0.00920695
    outer loop
      vertex -7.35286 1.39607 30.8311
      vertex -2.61615 1.46334 30.9004
      vertex -2.61775 1.46009 30.5499
    endloop
  endfacet
  facet normal 0.092119 -0.995705 0.00922726
    outer loop
      vertex -2.44279 -1.73241 30.4027
      vertex -7.16715 -2.16885 30.4718
      vertex -7.16693 -2.16947 30.4027
    endloop
  endfacet
  facet normal 0.0921189 -0.995705 0.00922378
    outer loop
      vertex -7.16715 -2.16885 30.4718
      vertex -2.44279 -1.73241 30.4027
      vertex -2.44483 -1.72935 30.7534
    endloop
  endfacet
  facet normal 0.00846038 -0.602334 0.7982
    outer loop
      vertex -2.57378 -1.53636 30.9004
      vertex -7.16715 -2.16885 30.4718
      vertex -2.44483 -1.72935 30.7534
    endloop
  endfacet
  facet normal 0.00848139 -0.602435 0.798123
    outer loop
      vertex -2.57378 -1.53636 30.9004
      vertex -7.24444 -1.94114 30.6445
      vertex -7.16715 -2.16885 30.4718
    endloop
  endfacet
  facet normal 0.00847383 -0.602375 0.798168
    outer loop
      vertex -7.24444 -1.94114 30.6445
      vertex -2.57378 -1.53636 30.9004
      vertex -7.3117 -1.60301 30.9004
    endloop
  endfacet
  facet normal -0.00847831 0.602435 -0.798123
    outer loop
      vertex -2.59808 1.5 30.9279
      vertex -7.23565 1.96705 31.3297
      vertex -2.49129 1.65982 31.0474
    endloop
  endfacet
  facet normal -0.00843341 0.602705 -0.797919
    outer loop
      vertex -2.61615 1.46334 30.9004
      vertex -7.23565 1.96705 31.3297
      vertex -2.59808 1.5 30.9279
    endloop
  endfacet
  facet normal -0.00869848 0.601224 -0.799033
    outer loop
      vertex -2.61615 1.46334 30.9004
      vertex -7.24444 1.94114 31.3103
      vertex -7.23565 1.96705 31.3297
    endloop
  endfacet
  facet normal -0.0084759 0.602534 -0.798048
    outer loop
      vertex -7.24444 1.94114 31.3103
      vertex -2.61615 1.46334 30.9004
      vertex -7.35274 1.39671 30.9004
    endloop
  endfacet
  facet normal 0.0640743 0.997902 -0.00922854
    outer loop
      vertex -2.48922 1.66292 31.3982
      vertex -7.23565 1.96705 31.3297
      vertex -7.23544 1.96767 31.3982
    endloop
  endfacet
  facet normal 0.0640739 0.997903 -0.0091965
    outer loop
      vertex -7.23565 1.96705 31.3297
      vertex -2.48922 1.66292 31.3982
      vertex -2.49129 1.65982 31.0474
    endloop
  endfacet
  facet normal 0.0140654 -0.999858 0.00926028
    outer loop
      vertex -2.57378 -1.53636 30.9004
      vertex -7.31183 -1.60237 30.9697
      vertex -7.3117 -1.60301 30.9004
    endloop
  endfacet
  facet normal 0.0140647 -0.999859 0.0092144
    outer loop
      vertex -7.31183 -1.60237 30.9697
      vertex -2.57378 -1.53636 30.9004
      vertex -2.57592 -1.53316 31.2509
    endloop
  endfacet
  facet normal -0.0385207 -0.602641 0.797082
    outer loop
      vertex -2.59808 -1.5 31.2749
      vertex -7.31183 -1.60237 30.9697
      vertex -2.57592 -1.53316 31.2509
    endloop
  endfacet
  facet normal -0.0386281 -0.601114 0.798229
    outer loop
      vertex -2.68146 -1.33091 31.3982
      vertex -7.31183 -1.60237 30.9697
      vertex -2.59808 -1.5 31.2749
    endloop
  endfacet
  facet normal -0.0386074 -0.601277 0.798108
    outer loop
      vertex -7.31183 -1.60237 30.9697
      vertex -2.68146 -1.33091 31.3982
      vertex -7.42643 -1.02624 31.3982
    endloop
  endfacet
  facet normal 0.0384618 0.600522 -0.798683
    outer loop
      vertex -2.38006 1.82628 31.5266
      vertex -7.04649 2.52428 31.8267
      vertex -2.35919 1.85008 31.5455
    endloop
  endfacet
  facet normal 0.0386381 0.601409 -0.798006
    outer loop
      vertex -2.48922 1.66292 31.3982
      vertex -7.04649 2.52428 31.8267
      vertex -2.38006 1.82628 31.5266
    endloop
  endfacet
  facet normal 0.0386086 0.601296 -0.798093
    outer loop
      vertex -7.04649 2.52428 31.8267
      vertex -2.48922 1.66292 31.3982
      vertex -7.23544 1.96767 31.3982
    endloop
  endfacet
  facet normal 0.141825 0.989848 -0.00926509
    outer loop
      vertex -2.35665 1.85297 31.896
      vertex -7.04649 2.52428 31.8267
      vertex -7.04629 2.5249 31.896
    endloop
  endfacet
  facet normal 0.141824 0.989849 -0.00918944
    outer loop
      vertex -7.04649 2.52428 31.8267
      vertex -2.35665 1.85297 31.896
      vertex -2.35919 1.85008 31.5455
    endloop
  endfacet
  facet normal -0.0640744 -0.997903 0.00918846
    outer loop
      vertex -2.68146 -1.33091 31.3982
      vertex -7.42656 -1.0256 31.4668
      vertex -7.42643 -1.02624 31.3982
    endloop
  endfacet
  facet normal -0.0640742 -0.997903 0.00919975
    outer loop
      vertex -7.42656 -1.0256 31.4668
      vertex -2.68146 -1.33091 31.3982
      vertex -2.68311 -1.32757 31.749
    endloop
  endfacet
  facet normal -0.0854514 -0.596494 0.798056
    outer loop
      vertex -2.77164 -1.14805 31.8737
      vertex -7.42656 -1.0256 31.4668
      vertex -2.68311 -1.32757 31.749
    endloop
  endfacet
  facet normal -0.0854557 -0.596384 0.798137
    outer loop
      vertex -2.78229 -1.11668 31.896
      vertex -7.42656 -1.0256 31.4668
      vertex -2.77164 -1.14805 31.8737
    endloop
  endfacet
  facet normal -0.085492 -0.595641 0.798688
    outer loop
      vertex -2.78229 -1.11668 31.896
      vertex -7.43584 -0.978946 31.5006
      vertex -7.42656 -1.0256 31.4668
    endloop
  endfacet
  facet normal -0.0854637 -0.596486 0.79806
    outer loop
      vertex -7.43584 -0.978946 31.5006
      vertex -2.78229 -1.11668 31.896
      vertex -7.47084 -0.444911 31.896
    endloop
  endfacet
  facet normal 0.0854239 0.596328 -0.798182
    outer loop
      vertex -2.35665 1.85297 31.896
      vertex -6.83161 3.06782 32.3247
      vertex -2.20336 2.02777 32.043
    endloop
  endfacet
  facet normal 0.085473 0.59647 -0.798071
    outer loop
      vertex -2.35665 1.85297 31.896
      vertex -6.9291 2.87012 32.1665
      vertex -6.83161 3.06782 32.3247
    endloop
  endfacet
  facet normal 0.0854494 0.596382 -0.79814
    outer loop
      vertex -6.9291 2.87012 32.1665
      vertex -2.35665 1.85297 31.896
      vertex -7.04629 2.5249 31.896
    endloop
  endfacet
  facet normal 0.218705 0.975748 -0.00912114
    outer loop
      vertex -2.20093 2.03054 32.3937
      vertex -6.83161 3.06782 32.3247
      vertex -6.83132 3.0684 32.3937
    endloop
  endfacet
  facet normal 0.218706 0.975747 -0.00922234
    outer loop
      vertex -6.83161 3.06782 32.3247
      vertex -2.20093 2.03054 32.3937
      vertex -2.20336 2.02777 32.043
    endloop
  endfacet
  facet normal -0.141824 -0.989849 0.00921672
    outer loop
      vertex -2.78229 -1.11668 31.896
      vertex -7.47088 -0.44426 31.9653
      vertex -7.47084 -0.444911 31.896
    endloop
  endfacet
  facet normal -0.141824 -0.989849 0.00921731
    outer loop
      vertex -7.47088 -0.44426 31.9653
      vertex -2.78229 -1.11668 31.896
      vertex -2.78345 -1.11325 32.2465
    endloop
  endfacet
  facet normal -0.13177 -0.587749 0.79824
    outer loop
      vertex -2.8569 -0.896866 32.3937
      vertex -7.47088 -0.44426 31.9653
      vertex -2.78345 -1.11325 32.2465
    endloop
  endfacet
  facet normal -0.131775 -0.587909 0.798122
    outer loop
      vertex -7.49071 0.141764 32.3937
      vertex -7.47088 -0.44426 31.9653
      vertex -2.8569 -0.896866 32.3937
    endloop
  endfacet
  facet normal -0.128479 -0.588091 0.798525
    outer loop
      vertex -7.47088 -0.44426 31.9653
      vertex -7.49071 0.141764 32.3937
      vertex -7.5 0 32.2878
    endloop
  endfacet
  facet normal 0.131684 0.587685 -0.798302
    outer loop
      vertex -2.12132 2.12132 32.4738
      vertex -6.57282 3.59258 32.8226
      vertex -2.03866 2.19381 32.5408
    endloop
  endfacet
  facet normal 0.131917 0.588279 -0.797826
    outer loop
      vertex -2.20093 2.03054 32.3937
      vertex -6.57282 3.59258 32.8226
      vertex -2.12132 2.12132 32.4738
    endloop
  endfacet
  facet normal 0.131794 0.587997 -0.798054
    outer loop
      vertex -6.57282 3.59258 32.8226
      vertex -2.20093 2.03054 32.3937
      vertex -6.83132 3.0684 32.3937
    endloop
  endfacet
  facet normal 0.294251 0.955685 -0.00910204
    outer loop
      vertex -2.03581 2.19631 32.8915
      vertex -6.57282 3.59258 32.8226
      vertex -6.57254 3.59315 32.8915
    endloop
  endfacet
  facet normal 0.294252 0.955683 -0.00920396
    outer loop
      vertex -6.57282 3.59258 32.8226
      vertex -2.03581 2.19631 32.8915
      vertex -2.03866 2.19381 32.5408
    endloop
  endfacet
  facet normal -0.218706 -0.975748 0.00919052
    outer loop
      vertex -2.8569 -0.896866 32.3937
      vertex -7.49067 0.142404 32.4626
      vertex -7.49071 0.141764 32.3937
    endloop
  endfacet
  facet normal -0.218705 -0.975747 0.00920532
    outer loop
      vertex -7.49067 0.142404 32.4626
      vertex -2.8569 -0.896866 32.3937
      vertex -2.85812 -0.893284 32.7444
    endloop
  endfacet
  facet normal -0.177297 -0.575833 0.798112
    outer loop
      vertex -7.49067 0.142404 32.4626
      vertex -2.91879 -0.670803 32.8915
      vertex -7.45247 0.725103 32.8915
    endloop
  endfacet
  facet normal -0.177318 -0.576029 0.797965
    outer loop
      vertex -2.91879 -0.670803 32.8915
      vertex -7.49067 0.142404 32.4626
      vertex -2.89778 -0.776457 32.8199
    endloop
  endfacet
  facet normal -0.177304 -0.575928 0.798041
    outer loop
      vertex -2.89778 -0.776457 32.8199
      vertex -7.49067 0.142404 32.4626
      vertex -2.85812 -0.893284 32.7444
    endloop
  endfacet
  facet normal 0.177273 0.575774 -0.798159
    outer loop
      vertex -2.03581 2.19631 32.8915
      vertex -6.26623 4.09266 33.3199
      vertex -1.86359 2.34734 33.0387
    endloop
  endfacet
  facet normal 0.177309 0.575842 -0.798103
    outer loop
      vertex -2.03581 2.19631 32.8915
      vertex -6.49519 3.75 33.0218
      vertex -6.26623 4.09266 33.3199
    endloop
  endfacet
  facet normal 0.177254 0.575694 -0.798221
    outer loop
      vertex -6.49519 3.75 33.0218
      vertex -2.03581 2.19631 32.8915
      vertex -6.57254 3.59315 32.8915
    endloop
  endfacet
  facet normal 0.368001 0.92978 -0.00914354
    outer loop
      vertex -1.86087 2.34973 33.3893
      vertex -6.26623 4.09266 33.3199
      vertex -6.26587 4.0932 33.3893
    endloop
  endfacet
  facet normal 0.368001 0.92978 -0.0091932
    outer loop
      vertex -6.26623 4.09266 33.3199
      vertex -1.86087 2.34973 33.3893
      vertex -1.86359 2.34734 33.0387
    endloop
  endfacet
  facet normal -0.294252 -0.955684 0.00918778
    outer loop
      vertex -2.91879 -0.670803 32.8915
      vertex -7.45243 0.725755 32.9606
      vertex -7.45247 0.725103 32.8915
    endloop
  endfacet
  facet normal -0.294252 -0.955684 0.00920343
    outer loop
      vertex -7.45243 0.725755 32.9606
      vertex -2.91879 -0.670803 32.8915
      vertex -2.91951 -0.667204 33.2422
    endloop
  endfacet
  facet normal -0.221754 -0.56028 0.798067
    outer loop
      vertex -7.45243 0.725755 32.9606
      vertex -2.96474 -0.439793 33.3893
      vertex -7.37113 1.30422 33.3893
    endloop
  endfacet
  facet normal -0.224265 -0.559706 0.797768
    outer loop
      vertex -7.45243 0.725755 32.9606
      vertex -7.37113 1.30422 33.3893
      vertex -7.43584 0.978946 33.1429
    endloop
  endfacet
  facet normal -0.221761 -0.560316 0.79804
    outer loop
      vertex -2.96474 -0.439793 33.3893
      vertex -7.45243 0.725755 32.9606
      vertex -2.91951 -0.667204 33.2422
    endloop
  endfacet
  facet normal 0.221597 0.559996 -0.79831
    outer loop
      vertex -1.82628 2.38006 33.4202
      vertex -5.94093 4.57622 33.8186
      vertex -1.67085 2.48392 33.5362
    endloop
  endfacet
  facet normal 0.221739 0.560226 -0.79811
    outer loop
      vertex -1.86087 2.34973 33.3893
      vertex -5.94093 4.57622 33.8186
      vertex -1.82628 2.38006 33.4202
    endloop
  endfacet
  facet normal 0.220947 0.558985 -0.799198
    outer loop
      vertex -1.86087 2.34973 33.3893
      vertex -5.95015 4.56571 33.8087
      vertex -5.94093 4.57622 33.8186
    endloop
  endfacet
  facet normal 0.221738 0.560236 -0.798103
    outer loop
      vertex -5.95015 4.56571 33.8087
      vertex -1.86087 2.34973 33.3893
      vertex -6.26587 4.0932 33.3893
    endloop
  endfacet
  facet normal 0.439499 0.898196 -0.00919738
    outer loop
      vertex -1.66774 2.48599 33.887
      vertex -5.94093 4.57622 33.8186
      vertex -5.9405 4.57671 33.887
    endloop
  endfacet
  facet normal 0.439499 0.898196 -0.00919643
    outer loop
      vertex -5.94093 4.57622 33.8186
      vertex -1.66774 2.48599 33.887
      vertex -1.67085 2.48392 33.5362
    endloop
  endfacet
  facet normal -0.367999 -0.92978 0.00923727
    outer loop
      vertex -2.96474 -0.439793 33.3893
      vertex -7.37101 1.30486 33.4585
      vertex -7.37113 1.30422 33.3893
    endloop
  endfacet
  facet normal -0.368 -0.92978 0.00920537
    outer loop
      vertex -7.37101 1.30486 33.4585
      vertex -2.96474 -0.439793 33.3893
      vertex -2.96549 -0.436026 33.7398
    endloop
  endfacet
  facet normal -0.26481 -0.541188 0.798117
    outer loop
      vertex -7.37101 1.30486 33.4585
      vertex -2.98632 -0.208696 33.887
      vertex -7.25646 1.88074 33.887
    endloop
  endfacet
  facet normal -0.264786 -0.541098 0.798186
    outer loop
      vertex -2.98632 -0.208696 33.887
      vertex -7.37101 1.30486 33.4585
      vertex -2.97433 -0.391578 33.767
    endloop
  endfacet
  facet normal -0.264789 -0.541108 0.798178
    outer loop
      vertex -2.97433 -0.391578 33.767
      vertex -7.37101 1.30486 33.4585
      vertex -2.96549 -0.436026 33.7398
    endloop
  endfacet
  facet normal 0.264218 0.540297 -0.798917
    outer loop
      vertex -1.5 2.59808 34.0187
      vertex -5.55276 5.01884 34.3155
      vertex -1.47651 2.60966 34.0343
    endloop
  endfacet
  facet normal 0.264869 0.54128 -0.798035
    outer loop
      vertex -1.66774 2.48599 33.887
      vertex -5.55276 5.01884 34.3155
      vertex -1.5 2.59808 34.0187
    endloop
  endfacet
  facet normal 0.26483 0.541228 -0.798083
    outer loop
      vertex -5.55276 5.01884 34.3155
      vertex -1.66774 2.48599 33.887
      vertex -5.9405 4.57671 33.887
    endloop
  endfacet
  facet normal 0.508313 0.861123 -0.00924278
    outer loop
      vertex -1.47305 2.61137 34.3848
      vertex -5.55276 5.01884 34.3155
      vertex -5.55233 5.01933 34.3848
    endloop
  endfacet
  facet normal 0.508312 0.861123 -0.00921906
    outer loop
      vertex -5.55276 5.01884 34.3155
      vertex -1.47305 2.61137 34.3848
      vertex -1.47651 2.60966 34.0343
    endloop
  endfacet
  facet normal -0.439499 -0.898196 0.00921254
    outer loop
      vertex -2.98632 -0.208696 33.887
      vertex -7.25633 1.88138 33.9556
      vertex -7.25646 1.88074 33.887
    endloop
  endfacet
  facet normal -0.439499 -0.898196 0.00921128
    outer loop
      vertex -7.25633 1.88138 33.9556
      vertex -2.98632 -0.208696 33.887
      vertex -2.98656 -0.204981 34.2378
    endloop
  endfacet
  facet normal -0.306297 -0.51889 0.798082
    outer loop
      vertex -7.25633 1.88138 33.9556
      vertex -2.99817 0.0279552 34.3848
      vertex -7.07665 2.43545 34.3848
    endloop
  endfacet
  facet normal -0.30644 -0.519294 0.797764
    outer loop
      vertex -2.99817 0.0279552 34.3848
      vertex -7.25633 1.88138 33.9556
      vertex -3 0 34.3659
    endloop
  endfacet
  facet normal -0.308083 -0.518151 0.797875
    outer loop
      vertex -7.25633 1.88138 33.9556
      vertex -7.07665 2.43545 34.3848
      vertex -7.24444 1.94114 33.999
    endloop
  endfacet
  facet normal -0.306279 -0.518852 0.798114
    outer loop
      vertex -3 0 34.3659
      vertex -7.25633 1.88138 33.9556
      vertex -2.98656 -0.204981 34.2378
    endloop
  endfacet
  facet normal 0.306231 0.518797 -0.798168
    outer loop
      vertex -1.47305 2.61137 34.3848
      vertex -5.14756 5.43988 34.8135
      vertex -1.2643 2.71431 34.5318
    endloop
  endfacet
  facet normal 0.306185 0.518746 -0.798219
    outer loop
      vertex -1.47305 2.61137 34.3848
      vertex -5.3033 5.3033 34.665
      vertex -5.14756 5.43988 34.8135
    endloop
  endfacet
  facet normal 0.306293 0.518885 -0.798087
    outer loop
      vertex -5.3033 5.3033 34.665
      vertex -1.47305 2.61137 34.3848
      vertex -5.55233 5.01933 34.3848
    endloop
  endfacet
  facet normal 0.574021 0.818789 -0.00917898
    outer loop
      vertex -1.261 2.71594 34.8825
      vertex -5.14756 5.43988 34.8135
      vertex -5.14707 5.44031 34.8825
    endloop
  endfacet
  facet normal 0.574021 0.818789 -0.009207
    outer loop
      vertex -5.14756 5.43988 34.8135
      vertex -1.261 2.71594 34.8825
      vertex -1.2643 2.71431 34.5318
    endloop
  endfacet
  facet normal -0.508314 -0.861123 0.00912022
    outer loop
      vertex -2.99817 0.0279552 34.3848
      vertex -7.07644 2.43606 34.4541
      vertex -7.07665 2.43545 34.3848
    endloop
  endfacet
  facet normal -0.508313 -0.861123 0.00921326
    outer loop
      vertex -7.07644 2.43606 34.4541
      vertex -2.99817 0.0279552 34.3848
      vertex -2.99793 0.0315625 34.7352
    endloop
  endfacet
  facet normal -0.34586 -0.493337 0.798122
    outer loop
      vertex -7.07644 2.43606 34.4541
      vertex -2.983 0.259371 34.8825
      vertex -6.87204 2.98583 34.8825
    endloop
  endfacet
  facet normal -0.343208 -0.494604 0.798483
    outer loop
      vertex -7.07644 2.43606 34.4541
      vertex -6.87204 2.98583 34.8825
      vertex -6.9291 2.87012 34.7863
    endloop
  endfacet
  facet normal -0.345877 -0.493375 0.798092
    outer loop
      vertex -2.983 0.259371 34.8825
      vertex -7.07644 2.43606 34.4541
      vertex -2.99793 0.0315625 34.7352
    endloop
  endfacet
  facet normal 0.345902 0.493385 -0.798075
    outer loop
      vertex -1.14805 2.77164 34.9659
      vertex -4.7075 5.8258 35.3113
      vertex -1.04902 2.80525 35.0296
    endloop
  endfacet
  facet normal 0.345934 0.493418 -0.798041
    outer loop
      vertex -1.261 2.71594 34.8825
      vertex -4.7075 5.8258 35.3113
      vertex -1.14805 2.77164 34.9659
    endloop
  endfacet
  facet normal 0.345878 0.493364 -0.798098
    outer loop
      vertex -4.7075 5.8258 35.3113
      vertex -1.261 2.71594 34.8825
      vertex -5.14707 5.44031 34.8825
    endloop
  endfacet
  facet normal 0.636222 0.771452 -0.00912169
    outer loop
      vertex -1.04542 2.80647 35.3803
      vertex -4.7075 5.8258 35.3113
      vertex -4.70702 5.82622 35.3803
    endloop
  endfacet
  facet normal 0.636223 0.77145 -0.00921463
    outer loop
      vertex -4.7075 5.8258 35.3113
      vertex -1.04542 2.80647 35.3803
      vertex -1.04902 2.80525 35.0296
    endloop
  endfacet
  facet normal -0.574022 -0.818789 0.00918978
    outer loop
      vertex -2.983 0.259371 34.8825
      vertex -6.87175 2.9864 34.9514
      vertex -6.87204 2.98583 34.8825
    endloop
  endfacet
  facet normal -0.574021 -0.818789 0.00920849
    outer loop
      vertex -6.87175 2.9864 34.9514
      vertex -2.983 0.259371 34.8825
      vertex -2.98275 0.263141 35.2333
    endloop
  endfacet
  facet normal -0.383327 -0.464803 0.798134
    outer loop
      vertex -6.87175 2.9864 34.9514
      vertex -2.95433 0.492154 35.3803
      vertex -6.61357 3.50996 35.3803
    endloop
  endfacet
  facet normal -0.383386 -0.464911 0.798044
    outer loop
      vertex -2.95433 0.492154 35.3803
      vertex -6.87175 2.9864 34.9514
      vertex -2.97433 0.391578 35.3121
    endloop
  endfacet
  facet normal -0.383229 -0.464643 0.798275
    outer loop
      vertex -2.97433 0.391578 35.3121
      vertex -6.87175 2.9864 34.9514
      vertex -2.98275 0.263141 35.2333
    endloop
  endfacet
  facet normal 0.383319 0.464816 -0.79813
    outer loop
      vertex -1.04542 2.80647 35.3803
      vertex -4.23402 6.17178 35.8088
      vertex -0.828308 2.88018 35.5275
    endloop
  endfacet
  facet normal 0.383345 0.464838 -0.798106
    outer loop
      vertex -1.04542 2.80647 35.3803
      vertex -4.56571 5.95015 35.5204
      vertex -4.23402 6.17178 35.8088
    endloop
  endfacet
  facet normal 0.383431 0.464929 -0.798011
    outer loop
      vertex -4.56571 5.95015 35.5204
      vertex -1.04542 2.80647 35.3803
      vertex -4.70702 5.82622 35.3803
    endloop
  endfacet
  facet normal 0.694536 0.7194 -0.00914911
    outer loop
      vertex -0.82487 2.88134 35.8781
      vertex -4.23402 6.17178 35.8088
      vertex -4.23348 6.17214 35.8781
    endloop
  endfacet
  facet normal 0.694536 0.719399 -0.00919087
    outer loop
      vertex -4.23402 6.17178 35.8088
      vertex -0.82487 2.88134 35.8781
      vertex -0.828308 2.88018 35.5275
    endloop
  endfacet
  facet normal -0.636222 -0.771451 0.00914539
    outer loop
      vertex -2.95433 0.492154 35.3803
      vertex -6.61328 3.51054 35.4494
      vertex -6.61357 3.50996 35.3803
    endloop
  endfacet
  facet normal -0.636221 -0.771452 0.00921648
    outer loop
      vertex -6.61328 3.51054 35.4494
      vertex -2.95433 0.492154 35.3803
      vertex -2.95361 0.49575 35.731
    endloop
  endfacet
  facet normal -0.418536 -0.433519 0.798053
    outer loop
      vertex -6.61328 3.51054 35.4494
      vertex -2.90843 0.72292 35.8781
      vertex -6.31822 4.01486 35.8781
    endloop
  endfacet
  facet normal -0.418921 -0.433247 0.797999
    outer loop
      vertex -6.61328 3.51054 35.4494
      vertex -6.31822 4.01486 35.8781
      vertex -6.49519 3.75 35.6414
    endloop
  endfacet
  facet normal -0.418538 -0.433523 0.798049
    outer loop
      vertex -2.90843 0.72292 35.8781
      vertex -6.61328 3.51054 35.4494
      vertex -2.95361 0.49575 35.731
    endloop
  endfacet
  facet normal 0.418302 0.433319 -0.798285
    outer loop
      vertex -0.776457 2.89778 35.9124
      vertex -3.74947 6.49545 36.3074
      vertex -0.598284 2.93322 36.025
    endloop
  endfacet
  facet normal 0.418369 0.433368 -0.798223
    outer loop
      vertex -0.82487 2.88134 35.8781
      vertex -3.74947 6.49545 36.3074
      vertex -0.776457 2.89778 35.9124
    endloop
  endfacet
  facet normal 0.404203 0.423395 -0.810775
    outer loop
      vertex -0.82487 2.88134 35.8781
      vertex -3.75 6.49519 36.307
      vertex -3.74947 6.49545 36.3074
    endloop
  endfacet
  facet normal 0.418445 0.433425 -0.798152
    outer loop
      vertex -3.75 6.49519 36.307
      vertex -0.82487 2.88134 35.8781
      vertex -4.23348 6.17214 35.8781
    endloop
  endfacet
  facet normal 0.748604 0.662952 -0.00926802
    outer loop
      vertex -0.594616 2.93395 36.3758
      vertex -3.74947 6.49545 36.3074
      vertex -3.74888 6.49574 36.3758
    endloop
  endfacet
  facet normal 0.748604 0.662953 -0.00920706
    outer loop
      vertex -3.74947 6.49545 36.3074
      vertex -0.594616 2.93395 36.3758
      vertex -0.598284 2.93322 36.025
    endloop
  endfacet
  facet normal -0.694535 -0.719399 0.009227
    outer loop
      vertex -2.90843 0.72292 35.8781
      vertex -6.31786 4.0154 35.9473
      vertex -6.31822 4.01486 35.8781
    endloop
  endfacet
  facet normal -0.694536 -0.719399 0.0092097
    outer loop
      vertex -6.31786 4.0154 35.9473
      vertex -2.90843 0.72292 35.8781
      vertex -2.90768 0.726683 36.2286
    endloop
  endfacet
  facet normal -0.451041 -0.399435 0.798132
    outer loop
      vertex -6.31786 4.0154 35.9473
      vertex -2.84055 0.945036 36.3758
      vertex -5.99178 4.5034 36.3758
    endloop
  endfacet
  facet normal -0.451023 -0.399412 0.798153
    outer loop
      vertex -2.84055 0.945036 36.3758
      vertex -6.31786 4.0154 35.9473
      vertex -2.89778 0.776457 36.2591
    endloop
  endfacet
  facet normal -0.451006 -0.399392 0.798173
    outer loop
      vertex -2.89778 0.776457 36.2591
      vertex -6.31786 4.0154 35.9473
      vertex -2.90768 0.726683 36.2286
    endloop
  endfacet
  facet normal 0.451751 0.399924 -0.797485
    outer loop
      vertex -0.391578 2.97433 36.5108
      vertex -3.22123 6.75595 36.8043
      vertex -0.370892 2.97569 36.5232
    endloop
  endfacet
  facet normal 0.451152 0.399518 -0.798027
    outer loop
      vertex -0.594616 2.93395 36.3758
      vertex -3.22123 6.75595 36.8043
      vertex -0.391578 2.97433 36.5108
    endloop
  endfacet
  facet normal 0.4511 0.399487 -0.798072
    outer loop
      vertex -3.22123 6.75595 36.8043
      vertex -0.594616 2.93395 36.3758
      vertex -3.74888 6.49574 36.3758
    endloop
  endfacet
  facet normal 0.798099 0.602454 -0.00931588
    outer loop
      vertex -0.367041 2.97594 36.8736
      vertex -3.22123 6.75595 36.8043
      vertex -3.22064 6.75624 36.8736
    endloop
  endfacet
  facet normal 0.798099 0.602456 -0.00920118
    outer loop
      vertex -3.22123 6.75595 36.8043
      vertex -0.367041 2.97594 36.8736
      vertex -0.370892 2.97569 36.5232
    endloop
  endfacet
  facet normal -0.748605 -0.662953 0.00913381
    outer loop
      vertex -2.84055 0.945036 36.3758
      vertex -5.99142 4.50394 36.4445
      vertex -5.99178 4.5034 36.3758
    endloop
  endfacet
  facet normal -0.748604 -0.662953 0.00919355
    outer loop
      vertex -5.99142 4.50394 36.4445
      vertex -2.84055 0.945036 36.3758
      vertex -2.83936 0.948557 36.7266
    endloop
  endfacet
  facet normal -0.480876 -0.362995 0.798119
    outer loop
      vertex -5.99142 4.50394 36.4445
      vertex -2.76151 1.16859 36.8736
      vertex -5.61465 4.94828 36.8736
    endloop
  endfacet
  facet normal -0.481746 -0.363962 0.797153
    outer loop
      vertex -2.76151 1.16859 36.8736
      vertex -5.99142 4.50394 36.4445
      vertex -2.77164 1.14805 36.8581
    endloop
  endfacet
  facet normal -0.484783 -0.3591 0.797516
    outer loop
      vertex -5.99142 4.50394 36.4445
      vertex -5.61465 4.94828 36.8736
      vertex -5.95015 4.56571 36.4974
    endloop
  endfacet
  facet normal -0.480805 -0.36293 0.798191
    outer loop
      vertex -2.77164 1.14805 36.8581
      vertex -5.99142 4.50394 36.4445
      vertex -2.83936 0.948557 36.7266
    endloop
  endfacet
  facet normal 0.480832 0.362982 -0.798151
    outer loop
      vertex -0.367041 2.97594 36.8736
      vertex -2.68655 6.99141 37.3024
      vertex -0.134535 2.99118 37.0206
    endloop
  endfacet
  facet normal 0.481012 0.36307 -0.798002
    outer loop
      vertex -0.367041 2.97594 36.8736
      vertex -2.87012 6.9291 37.1634
      vertex -2.68655 6.99141 37.3024
    endloop
  endfacet
  facet normal 0.480864 0.362985 -0.79813
    outer loop
      vertex -2.87012 6.9291 37.1634
      vertex -0.367041 2.97594 36.8736
      vertex -3.22064 6.75624 36.8736
    endloop
  endfacet
  facet normal 0.842719 0.538275 -0.00922385
    outer loop
      vertex -0.130857 2.99142 37.3713
      vertex -2.68655 6.99141 37.3024
      vertex -2.68593 6.99162 37.3713
    endloop
  endfacet
  facet normal 0.842719 0.538275 -0.00920646
    outer loop
      vertex -2.68655 6.99141 37.3024
      vertex -0.130857 2.99142 37.3713
      vertex -0.134535 2.99118 37.0206
    endloop
  endfacet
  facet normal -0.7981 -0.602454 0.00921192
    outer loop
      vertex -2.76151 1.16859 36.8736
      vertex -5.61422 4.94877 36.9429
      vertex -5.61465 4.94828 36.8736
    endloop
  endfacet
  facet normal -0.7981 -0.602455 0.00921493
    outer loop
      vertex -5.61422 4.94877 36.9429
      vertex -2.76151 1.16859 36.8736
      vertex -2.75991 1.17183 37.224
    endloop
  endfacet
  facet normal -0.507762 -0.324327 0.798117
    outer loop
      vertex -5.61422 4.94877 36.9429
      vertex -2.65903 1.37639 37.3713
      vertex -5.21613 5.37975 37.3713
    endloop
  endfacet
  facet normal -0.50672 -0.325481 0.798309
    outer loop
      vertex -5.61422 4.94877 36.9429
      vertex -5.21613 5.37975 37.3713
      vertex -5.3033 5.3033 37.2848
    endloop
  endfacet
  facet normal -0.507751 -0.324317 0.798127
    outer loop
      vertex -2.65903 1.37639 37.3713
      vertex -5.61422 4.94877 36.9429
      vertex -2.75991 1.17183 37.224
    endloop
  endfacet
  facet normal 0.507499 0.32421 -0.798331
    outer loop
      vertex 0 3 37.4581
      vertex -2.13211 7.17962 37.8001
      vertex 0.0990022 2.99351 37.5184
    endloop
  endfacet
  facet normal 0.508003 0.324433 -0.79792
    outer loop
      vertex -0.130857 2.99142 37.3713
      vertex -2.13211 7.17962 37.8001
      vertex 0 3 37.4581
    endloop
  endfacet
  facet normal 0.50781 0.324356 -0.798074
    outer loop
      vertex -2.13211 7.17962 37.8001
      vertex -0.130857 2.99142 37.3713
      vertex -2.68593 6.99162 37.3713
    endloop
  endfacet
  facet normal 0.882188 0.470807 -0.00923194
    outer loop
      vertex 0.102794 2.99326 37.8691
      vertex -2.13211 7.17962 37.8001
      vertex -2.1315 7.17983 37.8691
    endloop
  endfacet
  facet normal 0.882188 0.470808 -0.00920268
    outer loop
      vertex -2.13211 7.17962 37.8001
      vertex 0.102794 2.99326 37.8691
      vertex 0.0990022 2.99351 37.5184
    endloop
  endfacet
  facet normal -0.842718 -0.538277 0.00916542
    outer loop
      vertex -2.65903 1.37639 37.3713
      vertex -5.21565 5.38017 37.4401
      vertex -5.21613 5.37975 37.3713
    endloop
  endfacet
  facet normal -0.842718 -0.538277 0.0092135
    outer loop
      vertex -5.21565 5.38017 37.4401
      vertex -2.65903 1.37639 37.3713
      vertex -2.65736 1.37978 37.7221
    endloop
  endfacet
  facet normal -0.53157 -0.28369 0.798093
    outer loop
      vertex -5.21565 5.38017 37.4401
      vertex -2.54398 1.58096 37.8691
      vertex -4.7769 5.76494 37.8691
    endloop
  endfacet
  facet normal -0.53152 -0.28365 0.798141
    outer loop
      vertex -2.54398 1.58096 37.8691
      vertex -5.21565 5.38017 37.4401
      vertex -2.59808 1.5 37.8043
    endloop
  endfacet
  facet normal -0.531513 -0.283644 0.798148
    outer loop
      vertex -2.59808 1.5 37.8043
      vertex -5.21565 5.38017 37.4401
      vertex -2.65736 1.37978 37.7221
    endloop
  endfacet
  facet normal 0.531565 0.283692 -0.798096
    outer loop
      vertex 0.102794 2.99326 37.8691
      vertex -1.56283 7.31969 38.2976
      vertex 0.331812 2.97825 38.0163
    endloop
  endfacet
  facet normal 0.531541 0.283684 -0.798115
    outer loop
      vertex 0.102794 2.99326 37.8691
      vertex -1.94114 7.24444 38.0189
      vertex -1.56283 7.31969 38.2976
    endloop
  endfacet
  facet normal 0.531671 0.283743 -0.798007
    outer loop
      vertex -1.94114 7.24444 38.0189
      vertex 0.102794 2.99326 37.8691
      vertex -2.1315 7.17983 37.8691
    endloop
  endfacet
  facet normal 0.916267 0.400463 -0.00921314
    outer loop
      vertex 0.335438 2.97801 38.3669
      vertex -1.56283 7.31969 38.2976
      vertex -1.56219 7.31982 38.3669
    endloop
  endfacet
  facet normal 0.916267 0.400463 -0.00920215
    outer loop
      vertex -1.56283 7.31969 38.2976
      vertex 0.335438 2.97801 38.3669
      vertex 0.331812 2.97825 38.0163
    endloop
  endfacet
  facet normal -0.882186 -0.470808 0.00936775
    outer loop
      vertex -2.54398 1.58096 37.8691
      vertex -4.7764 5.76538 37.9383
      vertex -4.7769 5.76494 37.8691
    endloop
  endfacet
  facet normal -0.882188 -0.470807 0.00922619
    outer loop
      vertex -4.7764 5.76538 37.9383
      vertex -2.54398 1.58096 37.8691
      vertex -2.54194 1.58401 38.2198
    endloop
  endfacet
  facet normal -0.5521 -0.241301 0.798098
    outer loop
      vertex -4.7764 5.76538 37.9383
      vertex -2.4134 1.77639 38.3669
      vertex -4.31175 6.11984 38.3669
    endloop
  endfacet
  facet normal -0.552391 -0.240842 0.798034
    outer loop
      vertex -4.7764 5.76538 37.9383
      vertex -4.31175 6.11984 38.3669
      vertex -4.56571 5.95015 38.1399
    endloop
  endfacet
  facet normal -0.55213 -0.241322 0.798071
    outer loop
      vertex -2.4134 1.77639 38.3669
      vertex -4.7764 5.76538 37.9383
      vertex -2.54194 1.58401 38.2198
    endloop
  endfacet
  facet normal 0.552204 0.241321 -0.79802
    outer loop
      vertex 0.391578 2.97433 38.4046
      vertex -0.991175 7.4334 38.7962
      vertex 0.564571 2.93992 38.5139
    endloop
  endfacet
  facet normal 0.551879 0.241242 -0.798268
    outer loop
      vertex 0.335438 2.97801 38.3669
      vertex -0.991175 7.4334 38.7962
      vertex 0.391578 2.97433 38.4046
    endloop
  endfacet
  facet normal 0.552058 0.241282 -0.798132
    outer loop
      vertex -0.991175 7.4334 38.7962
      vertex 0.335438 2.97801 38.3669
      vertex -1.56219 7.31982 38.3669
    endloop
  endfacet
  facet normal 0.944747 0.327671 -0.00924151
    outer loop
      vertex 0.568243 2.93919 38.8646
      vertex -0.991175 7.4334 38.7962
      vertex -0.990551 7.43353 38.8646
    endloop
  endfacet
  facet normal 0.944747 0.327672 -0.00920989
    outer loop
      vertex -0.991175 7.4334 38.7962
      vertex 0.568243 2.93919 38.8646
      vertex 0.564571 2.93992 38.5139
    endloop
  endfacet
  facet normal -0.916266 -0.400464 0.00923339
    outer loop
      vertex -2.4134 1.77639 38.3669
      vertex -4.31121 6.1202 38.4361
      vertex -4.31175 6.11984 38.3669
    endloop
  endfacet
  facet normal -0.916266 -0.400463 0.00921291
    outer loop
      vertex -4.31121 6.1202 38.4361
      vertex -2.4134 1.77639 38.3669
      vertex -2.41127 1.77958 38.7174
    endloop
  endfacet
  facet normal -0.569203 -0.197421 0.798144
    outer loop
      vertex -4.31121 6.1202 38.4361
      vertex -2.26613 1.95619 38.8646
      vertex -3.82341 6.44614 38.8646
    endloop
  endfacet
  facet normal -0.569249 -0.197447 0.798104
    outer loop
      vertex -2.26613 1.95619 38.8646
      vertex -4.31121 6.1202 38.4361
      vertex -2.38006 1.82628 38.7512
    endloop
  endfacet
  facet normal -0.569116 -0.197379 0.798216
    outer loop
      vertex -2.38006 1.82628 38.7512
      vertex -4.31121 6.1202 38.4361
      vertex -2.41127 1.77958 38.7174
    endloop
  endfacet
  facet normal 0.569542 0.1975 -0.797882
    outer loop
      vertex 0.776457 2.89778 39.0029
      vertex -0.403733 7.47354 39.2931
      vertex 0.790908 2.89287 39.012
    endloop
  endfacet
  facet normal 0.569342 0.197458 -0.798035
    outer loop
      vertex 0.568243 2.93919 38.8646
      vertex -0.403733 7.47354 39.2931
      vertex 0.776457 2.89778 39.0029
    endloop
  endfacet
  facet normal 0.569251 0.197445 -0.798103
    outer loop
      vertex 0.568243 2.93919 38.8646
      vertex -0.978946 7.43584 38.8735
      vertex -0.403733 7.47354 39.2931
    endloop
  endfacet
  facet normal 0.571344 0.198162 -0.796428
    outer loop
      vertex -0.978946 7.43584 38.8735
      vertex 0.568243 2.93919 38.8646
      vertex -0.990551 7.43353 38.8646
    endloop
  endfacet
  facet normal 0.967455 0.252878 -0.00919229
    outer loop
      vertex 0.794567 2.89163 39.3624
      vertex -0.403733 7.47354 39.2931
      vertex -0.403085 7.47358 39.3624
    endloop
  endfacet
  facet normal 0.967454 0.252878 -0.00920761
    outer loop
      vertex -0.403733 7.47354 39.2931
      vertex 0.794567 2.89163 39.3624
      vertex 0.790908 2.89287 39.012
    endloop
  endfacet
  facet normal -0.944747 -0.327673 0.00914302
    outer loop
      vertex -2.26613 1.95619 38.8646
      vertex -3.82287 6.4465 38.9333
      vertex -3.82341 6.44614 38.8646
    endloop
  endfacet
  facet normal -0.944746 -0.327673 0.00917728
    outer loop
      vertex -3.82287 6.4465 38.9333
      vertex -2.26613 1.95619 38.8646
      vertex -2.26369 1.95898 39.2154
    endloop
  endfacet
  facet normal -0.582952 -0.152375 0.798091
    outer loop
      vertex -3.82287 6.4465 38.9333
      vertex -2.10794 2.13305 39.3624
      vertex -3.30544 6.71442 39.3624
    endloop
  endfacet
  facet normal -0.5826 -0.152206 0.79838
    outer loop
      vertex -2.10794 2.13305 39.3624
      vertex -3.82287 6.4465 38.9333
      vertex -2.12132 2.12132 39.3504
    endloop
  endfacet
  facet normal -0.583662 -0.150684 0.797893
    outer loop
      vertex -3.82287 6.4465 38.9333
      vertex -3.30544 6.71442 39.3624
      vertex -3.75 6.49519 38.9958
    endloop
  endfacet
  facet normal -0.582986 -0.152389 0.798063
    outer loop
      vertex -2.12132 2.12132 39.3504
      vertex -3.82287 6.4465 38.9333
      vertex -2.26369 1.95898 39.2154
    endloop
  endfacet
  facet normal 0.58289 0.152366 -0.798137
    outer loop
      vertex 0.794567 2.89163 39.3624
      vertex 0.180184 7.48819 39.7912
      vertex 1.01545 2.81665 39.5094
    endloop
  endfacet
  facet normal 0.583075 0.152378 -0.798
    outer loop
      vertex 0.794567 2.89163 39.3624
      vertex 0 7.5 39.6618
      vertex 0.180184 7.48819 39.7912
    endloop
  endfacet
  facet normal 0.582864 0.152352 -0.798159
    outer loop
      vertex 0 7.5 39.6618
      vertex 0.794567 2.89163 39.3624
      vertex -0.403085 7.47358 39.3624
    endloop
  endfacet
  facet normal 0.98425 0.176539 -0.00921146
    outer loop
      vertex 1.01895 2.81546 39.8601
      vertex 0.180184 7.48819 39.7912
      vertex 0.180836 7.48815 39.8601
    endloop
  endfacet
  facet normal 0.98425 0.176539 -0.00922382
    outer loop
      vertex 0.180184 7.48819 39.7912
      vertex 1.01895 2.81546 39.8601
      vertex 1.01545 2.81665 39.5094
    endloop
  endfacet
  facet normal -0.967455 -0.252878 0.00915524
    outer loop
      vertex -2.10794 2.13305 39.3624
      vertex -3.30486 6.71471 39.4317
      vertex -3.30544 6.71442 39.3624
    endloop
  endfacet
  facet normal -0.967454 -0.252878 0.00919992
    outer loop
      vertex -3.30486 6.71471 39.4317
      vertex -2.10794 2.13305 39.3624
      vertex -2.10523 2.13543 39.7128
    endloop
  endfacet
  facet normal -0.593038 -0.10637 0.798117
    outer loop
      vertex -3.30486 6.71471 39.4317
      vertex -1.9339 2.28568 39.8601
      vertex -2.7727 6.96217 39.8601
    endloop
  endfacet
  facet normal -0.593157 -0.106038 0.798073
    outer loop
      vertex -3.30486 6.71471 39.4317
      vertex -2.7727 6.96217 39.8601
      vertex -2.87012 6.9291 39.7833
    endloop
  endfacet
  facet normal -0.592967 -0.106343 0.798174
    outer loop
      vertex -1.9339 2.28568 39.8601
      vertex -3.30486 6.71471 39.4317
      vertex -2.10523 2.13543 39.7128
    endloop
  endfacet
  facet normal 0.593661 0.106401 -0.79765
    outer loop
      vertex 1.14805 2.77164 39.9502
      vertex 0.764658 7.44988 40.2889
      vertex 1.23221 2.73013 40.0073
    endloop
  endfacet
  facet normal 0.593093 0.106385 -0.798074
    outer loop
      vertex 1.01895 2.81546 39.8601
      vertex 0.764658 7.44988 40.2889
      vertex 1.14805 2.77164 39.9502
    endloop
  endfacet
  facet normal 0.593121 0.106385 -0.798054
    outer loop
      vertex 0.764658 7.44988 40.2889
      vertex 1.01895 2.81546 39.8601
      vertex 0.180836 7.48815 39.8601
    endloop
  endfacet
  facet normal 0.995033 0.0991218 -0.00921509
    outer loop
      vertex 1.23563 2.72845 40.3579
      vertex 0.764658 7.44988 40.2889
      vertex 0.765301 7.44984 40.3579
    endloop
  endfacet
  facet normal 0.995033 0.0991216 -0.00923128
    outer loop
      vertex 0.764658 7.44988 40.2889
      vertex 1.23563 2.72845 40.3579
      vertex 1.23221 2.73013 40.0073
    endloop
  endfacet
  facet normal -0.98425 -0.17654 0.00923983
    outer loop
      vertex -1.9339 2.28568 39.8601
      vertex -2.77209 6.96237 39.9289
      vertex -2.7727 6.96217 39.8601
    endloop
  endfacet
  facet normal -0.984251 -0.17654 0.00918828
    outer loop
      vertex -2.77209 6.96237 39.9289
      vertex -1.9339 2.28568 39.8601
      vertex -1.93107 2.28816 40.2109
    endloop
  endfacet
  facet normal -0.599532 -0.0597231 0.798119
    outer loop
      vertex -2.77209 6.96237 39.9289
      vertex -1.74962 2.43129 40.3579
      vertex -2.21967 7.1499 40.3579
    endloop
  endfacet
  facet normal -0.599423 -0.0596905 0.798204
    outer loop
      vertex -1.74962 2.43129 40.3579
      vertex -2.77209 6.96237 39.9289
      vertex -1.82628 2.38006 40.2965
    endloop
  endfacet
  facet normal -0.599562 -0.0597278 0.798097
    outer loop
      vertex -1.82628 2.38006 40.2965
      vertex -2.77209 6.96237 39.9289
      vertex -1.93107 2.28816 40.2109
    endloop
  endfacet
  facet normal 0.599608 0.0597242 -0.798062
    outer loop
      vertex 1.23563 2.72845 40.3579
      vertex 1.34431 7.36316 40.7864
      vertex 1.44167 2.62684 40.5051
    endloop
  endfacet
  facet normal 0.599511 0.0597332 -0.798135
    outer loop
      vertex 1.23563 2.72845 40.3579
      vertex 0.978946 7.43584 40.5174
      vertex 1.34431 7.36316 40.7864
    endloop
  endfacet
  facet normal 0.599679 0.0597381 -0.798007
    outer loop
      vertex 0.978946 7.43584 40.5174
      vertex 1.23563 2.72845 40.3579
      vertex 0.765301 7.44984 40.3579
    endloop
  endfacet
  facet normal 0.999735 0.021097 -0.00919319
    outer loop
      vertex 1.44493 2.62523 40.8557
      vertex 1.34431 7.36316 40.7864
      vertex 1.34495 7.36303 40.8557
    endloop
  endfacet
  facet normal 0.999735 0.0210969 -0.009199
    outer loop
      vertex 1.34431 7.36316 40.7864
      vertex 1.44493 2.62523 40.8557
      vertex 1.44167 2.62684 40.5051
    endloop
  endfacet
  facet normal -0.995033 -0.0991214 0.00921583
    outer loop
      vertex -1.74962 2.43129 40.3579
      vertex -2.21905 7.15011 40.4271
      vertex -2.21967 7.1499 40.3579
    endloop
  endfacet
  facet normal -0.995033 -0.0991211 0.00919908
    outer loop
      vertex -2.21905 7.15011 40.4271
      vertex -1.74962 2.43129 40.3579
      vertex -1.74658 2.43332 40.7086
    endloop
  endfacet
  facet normal -0.602406 -0.0127135 0.798089
    outer loop
      vertex -2.21905 7.15011 40.4271
      vertex -1.55439 2.56173 40.8557
      vertex -1.65442 7.30148 40.8557
    endloop
  endfacet
  facet normal -0.602205 -0.01384 0.798222
    outer loop
      vertex -2.21905 7.15011 40.4271
      vertex -1.65442 7.30148 40.8557
      vertex -1.94114 7.24444 40.6384
    endloop
  endfacet
  facet normal -0.602375 -0.0127069 0.798112
    outer loop
      vertex -1.55439 2.56173 40.8557
      vertex -2.21905 7.15011 40.4271
      vertex -1.74658 2.43332 40.7086
    endloop
  endfacet
  facet normal 0.602525 0.0126976 -0.797999
    outer loop
      vertex 1.5 2.59808 40.8968
      vertex 1.91612 7.24942 41.285
      vertex 1.64226 2.50302 41.0027
    endloop
  endfacet
  facet normal 0.602097 0.0127627 -0.798321
    outer loop
      vertex 1.44493 2.62523 40.8557
      vertex 1.91612 7.24942 41.285
      vertex 1.5 2.59808 40.8968
    endloop
  endfacet
  facet normal 0.602392 0.012712 -0.798099
    outer loop
      vertex 1.91612 7.24942 41.285
      vertex 1.44493 2.62523 40.8557
      vertex 1.34495 7.36303 40.8557
    endloop
  endfacet
  facet normal 0.998329 -0.0570527 -0.00914928
    outer loop
      vertex 1.64538 2.50094 41.3534
      vertex 1.91612 7.24942 41.285
      vertex 1.91674 7.2493 41.3534
    endloop
  endfacet
  facet normal 0.998329 -0.0570537 -0.00922001
    outer loop
      vertex 1.91612 7.24942 41.285
      vertex 1.64538 2.50094 41.3534
      vertex 1.64226 2.50302 41.0027
    endloop
  endfacet
  facet normal -0.999736 -0.0210989 0.00913823
    outer loop
      vertex -1.55439 2.56173 40.8557
      vertex -1.65379 7.3016 40.9249
      vertex -1.65442 7.30148 40.8557
    endloop
  endfacet
  facet normal -0.999735 -0.0210998 0.00919857
    outer loop
      vertex -1.65379 7.3016 40.9249
      vertex -1.55439 2.56173 40.8557
      vertex -1.55121 2.56386 41.2062
    endloop
  endfacet
  facet normal -0.601464 0.0343737 0.79816
    outer loop
      vertex -1.65379 7.3016 40.9249
      vertex -1.34973 2.67218 41.3534
      vertex -1.07862 7.41601 41.3534
    endloop
  endfacet
  facet normal -0.60131 0.0343945 0.798275
    outer loop
      vertex -1.34973 2.67218 41.3534
      vertex -1.65379 7.3016 40.9249
      vertex -1.5 2.59808 41.2434
    endloop
  endfacet
  facet normal -0.602282 0.0343133 0.797545
    outer loop
      vertex -1.5 2.59808 41.2434
      vertex -1.65379 7.3016 40.9249
      vertex -1.55121 2.56386 41.2062
    endloop
  endfacet
  facet normal 0.601457 -0.0349511 -0.79814
    outer loop
      vertex 2.47456 7.06337 41.7819
      vertex 1.91674 7.2493 41.3534
      vertex 1.94114 7.24444 41.372
    endloop
  endfacet
  facet normal 0.599992 -0.0340891 -0.799279
    outer loop
      vertex 1.82628 2.38006 41.495
      vertex 2.47456 7.06337 41.7819
      vertex 1.83364 2.37361 41.5008
    endloop
  endfacet
  facet normal 0.60166 -0.0343977 -0.798011
    outer loop
      vertex 1.64538 2.50094 41.3534
      vertex 2.47456 7.06337 41.7819
      vertex 1.82628 2.38006 41.495
    endloop
  endfacet
  facet normal 0.60159 -0.0343797 -0.798065
    outer loop
      vertex 2.47456 7.06337 41.7819
      vertex 1.64538 2.50094 41.3534
      vertex 1.91674 7.2493 41.3534
    endloop
  endfacet
  facet normal 0.990822 -0.134858 -0.00927315
    outer loop
      vertex 1.83655 2.37106 41.8512
      vertex 2.47456 7.06337 41.7819
      vertex 2.47518 7.06316 41.8512
    endloop
  endfacet
  facet normal 0.990822 -0.134857 -0.00920999
    outer loop
      vertex 2.47456 7.06337 41.7819
      vertex 1.83655 2.37106 41.8512
      vertex 1.83364 2.37361 41.5008
    endloop
  endfacet
  facet normal -0.998329 0.0570545 0.00917897
    outer loop
      vertex -1.34973 2.67218 41.3534
      vertex -1.07798 7.41614 41.4222
      vertex -1.07862 7.41601 41.3534
    endloop
  endfacet
  facet normal -0.998329 0.0570541 0.00920999
    outer loop
      vertex -1.07798 7.41614 41.4222
      vertex -1.34973 2.67218 41.3534
      vertex -1.3464 2.67382 41.7042
    endloop
  endfacet
  facet normal -0.597021 0.0863139 0.797569
    outer loop
      vertex -1.07798 7.41614 41.4222
      vertex -0.497463 7.46739 41.8512
      vertex -0.978946 7.43584 41.4942
    endloop
  endfacet
  facet normal -0.596986 0.0812537 0.798126
    outer loop
      vertex -1.07798 7.41614 41.4222
      vertex -1.13603 2.77572 41.8512
      vertex -0.497463 7.46739 41.8512
    endloop
  endfacet
  facet normal -0.598039 0.0811945 0.797344
    outer loop
      vertex -1.07798 7.41614 41.4222
      vertex -1.14805 2.77164 41.8426
      vertex -1.13603 2.77572 41.8512
    endloop
  endfacet
  facet normal -0.596974 0.0812501 0.798135
    outer loop
      vertex -1.14805 2.77164 41.8426
      vertex -1.07798 7.41614 41.4222
      vertex -1.3464 2.67382 41.7042
    endloop
  endfacet
  facet normal 0.597677 -0.0788379 -0.797851
    outer loop
      vertex 3.02015 6.85511 42.28
      vertex 2.47518 7.06316 41.8512
      vertex 2.87012 6.9291 42.1603
    endloop
  endfacet
  facet normal 0.596986 -0.0812559 -0.798126
    outer loop
      vertex 1.83655 2.37106 41.8512
      vertex 3.02015 6.85511 42.28
      vertex 2.01212 2.21708 41.9982
    endloop
  endfacet
  facet normal 0.596977 -0.0812531 -0.798133
    outer loop
      vertex 3.02015 6.85511 42.28
      vertex 1.83655 2.37106 41.8512
      vertex 2.47518 7.06316 41.8512
    endloop
  endfacet
  facet normal 0.977263 -0.211837 -0.009105
    outer loop
      vertex 2.0149 2.21465 42.349
      vertex 3.02015 6.85511 42.28
      vertex 3.02073 6.85482 42.349
    endloop
  endfacet
  facet normal 0.977261 -0.211838 -0.00921195
    outer loop
      vertex 3.02015 6.85511 42.28
      vertex 2.0149 2.21465 42.349
      vertex 2.01212 2.21708 41.9982
    endloop
  endfacet
  facet normal -0.990822 0.134857 0.00919613
    outer loop
      vertex -1.13603 2.77572 41.8512
      vertex -0.496813 7.46744 41.9205
      vertex -0.497463 7.46739 41.8512
    endloop
  endfacet
  facet normal -0.990822 0.134857 0.00919597
    outer loop
      vertex -0.496813 7.46744 41.9205
      vertex -1.13603 2.77572 41.8512
      vertex -1.13262 2.77688 42.2016
    endloop
  endfacet
  facet normal -0.588876 0.128463 0.797949
    outer loop
      vertex -0.496813 7.46744 41.9205
      vertex 0.0896402 7.49412 42.349
      vertex 0 7.5 42.2819
    endloop
  endfacet
  facet normal -0.588914 0.127657 0.79805
    outer loop
      vertex -0.496813 7.46744 41.9205
      vertex -0.917039 2.85006 42.349
      vertex 0.0896402 7.49412 42.349
    endloop
  endfacet
  facet normal -0.588963 0.127658 0.798014
    outer loop
      vertex -0.917039 2.85006 42.349
      vertex -0.496813 7.46744 41.9205
      vertex -1.13262 2.77688 42.2016
    endloop
  endfacet
  facet normal 0.589019 -0.1277 -0.797966
    outer loop
      vertex 2.12132 2.12132 42.4424
      vertex 3.54567 6.59596 42.7777
      vertex 2.17965 2.05481 42.4961
    endloop
  endfacet
  facet normal 0.588688 -0.127575 -0.79823
    outer loop
      vertex 2.0149 2.21465 42.349
      vertex 3.54567 6.59596 42.7777
      vertex 2.12132 2.12132 42.4424
    endloop
  endfacet
  facet normal 0.588842 -0.127641 -0.798106
    outer loop
      vertex 3.54567 6.59596 42.7777
      vertex 2.0149 2.21465 42.349
      vertex 3.02073 6.85482 42.349
    endloop
  endfacet
  facet normal 0.957731 -0.287522 -0.00912011
    outer loop
      vertex 2.18216 2.05195 42.8467
      vertex 3.54567 6.59596 42.7777
      vertex 3.54624 6.59567 42.8467
    endloop
  endfacet
  facet normal 0.957729 -0.287523 -0.00920199
    outer loop
      vertex 3.54567 6.59596 42.7777
      vertex 2.18216 2.05195 42.8467
      vertex 2.17965 2.05481 42.4961
    endloop
  endfacet
  facet normal -0.977261 0.211838 0.00921234
    outer loop
      vertex -0.917039 2.85006 42.349
      vertex 0.0902782 7.49408 42.4176
      vertex 0.0896402 7.49412 42.349
    endloop
  endfacet
  facet normal -0.977261 0.211838 0.00920613
    outer loop
      vertex 0.0902782 7.49408 42.4176
      vertex -0.917039 2.85006 42.349
      vertex -0.913473 2.85127 42.6997
    endloop
  endfacet
  facet normal -0.577104 0.173254 0.798081
    outer loop
      vertex 0.0902782 7.49408 42.4176
      vertex -0.691089 2.91476 42.8467
      vertex 0.672233 7.45594 42.8467
    endloop
  endfacet
  facet normal -0.576823 0.173226 0.798291
    outer loop
      vertex 0.0902782 7.49408 42.4176
      vertex -0.776457 2.89778 42.7887
      vertex -0.691089 2.91476 42.8467
    endloop
  endfacet
  facet normal -0.57718 0.173272 0.798023
    outer loop
      vertex -0.776457 2.89778 42.7887
      vertex 0.0902782 7.49408 42.4176
      vertex -0.913473 2.85127 42.6997
    endloop
  endfacet
  facet normal 0.57813 -0.171073 -0.797809
    outer loop
      vertex 4.04876 6.29557 43.2752
      vertex 3.54624 6.59567 42.8467
      vertex 3.75 6.49519 43.0159
    endloop
  endfacet
  facet normal 0.57716 -0.173288 -0.798034
    outer loop
      vertex 2.18216 2.05195 42.8467
      vertex 4.04876 6.29557 43.2752
      vertex 2.33378 1.87905 42.9939
    endloop
  endfacet
  facet normal 0.577081 -0.173247 -0.7981
    outer loop
      vertex 4.04876 6.29557 43.2752
      vertex 2.18216 2.05195 42.8467
      vertex 3.54624 6.59567 42.8467
    endloop
  endfacet
  facet normal 0.932345 -0.361453 -0.00919486
    outer loop
      vertex 2.33618 1.87631 43.3445
      vertex 4.04876 6.29557 43.2752
      vertex 4.0493 6.2952 43.3445
    endloop
  endfacet
  facet normal 0.932345 -0.361453 -0.0092071
    outer loop
      vertex 4.04876 6.29557 43.2752
      vertex 2.33618 1.87631 43.3445
      vertex 2.33378 1.87905 42.9939
    endloop
  endfacet
  facet normal -0.95773 0.287523 0.00920373
    outer loop
      vertex -0.691089 2.91476 42.8467
      vertex 0.672886 7.4559 42.9159
      vertex 0.672233 7.45594 42.8467
    endloop
  endfacet
  facet normal -0.957729 0.287523 0.00920821
    outer loop
      vertex 0.672886 7.4559 42.9159
      vertex -0.691089 2.91476 42.8467
      vertex -0.687504 2.91547 43.1974
    endloop
  endfacet
  facet normal -0.56154 0.219094 0.797917
    outer loop
      vertex 0.672886 7.4559 42.9159
      vertex 1.25282 7.38136 43.3445
      vertex 0.978946 7.43584 43.1368
    endloop
  endfacet
  facet normal -0.56182 0.217806 0.798072
    outer loop
      vertex 0.672886 7.4559 42.9159
      vertex -0.461045 2.96052 43.3445
      vertex 1.25282 7.38136 43.3445
    endloop
  endfacet
  facet normal -0.561757 0.217794 0.798119
    outer loop
      vertex -0.461045 2.96052 43.3445
      vertex 0.672886 7.4559 42.9159
      vertex -0.687504 2.91547 43.1974
    endloop
  endfacet
  facet normal 0.561913 -0.217873 -0.797988
    outer loop
      vertex 2.38006 1.82628 43.389
      vertex 4.53365 5.97157 43.7737
      vertex 2.47217 1.68842 43.4915
    endloop
  endfacet
  facet normal 0.5615 -0.217625 -0.798346
    outer loop
      vertex 2.33618 1.87631 43.3445
      vertex 4.53365 5.97157 43.7737
      vertex 2.38006 1.82628 43.389
    endloop
  endfacet
  facet normal 0.561743 -0.217777 -0.798134
    outer loop
      vertex 4.53365 5.97157 43.7737
      vertex 2.33618 1.87631 43.3445
      vertex 4.0493 6.2952 43.3445
    endloop
  endfacet
  facet normal 0.901265 -0.433171 -0.00918657
    outer loop
      vertex 2.47426 1.68531 43.8422
      vertex 4.53365 5.97157 43.7737
      vertex 4.53418 5.97122 43.8422
    endloop
  endfacet
  facet normal 0.901264 -0.433172 -0.00921245
    outer loop
      vertex 4.53365 5.97157 43.7737
      vertex 2.47426 1.68531 43.8422
      vertex 2.47217 1.68842 43.4915
    endloop
  endfacet
  facet normal -0.932345 0.36145 0.00931533
    outer loop
      vertex -0.461045 2.96052 43.3445
      vertex 1.25346 7.38123 43.4136
      vertex 1.25282 7.38136 43.3445
    endloop
  endfacet
  facet normal -0.932345 0.361452 0.00921207
    outer loop
      vertex 1.25346 7.38123 43.4136
      vertex -0.461045 2.96052 43.3445
      vertex -0.457294 2.96126 43.6951
    endloop
  endfacet
  facet normal -0.543054 0.261006 0.798103
    outer loop
      vertex 1.25346 7.38123 43.4136
      vertex -0.229613 2.98495 43.8422
      vertex 1.82839 7.26687 43.8422
    endloop
  endfacet
  facet normal -0.542945 0.260977 0.798186
    outer loop
      vertex 1.25346 7.38123 43.4136
      vertex -0.391578 2.97433 43.7355
      vertex -0.229613 2.98495 43.8422
    endloop
  endfacet
  facet normal -0.542704 0.260901 0.798375
    outer loop
      vertex -0.391578 2.97433 43.7355
      vertex 1.25346 7.38123 43.4136
      vertex -0.457294 2.96126 43.6951
    endloop
  endfacet
  facet normal 0.548105 -0.253957 -0.796923
    outer loop
      vertex 4.97936 5.58739 44.2707
      vertex 4.53418 5.97122 43.8422
      vertex 4.56571 5.95015 43.8706
    endloop
  endfacet
  facet normal 0.536374 -0.256703 -0.803994
    outer loop
      vertex 2.59808 1.5 43.9871
      vertex 4.97936 5.58739 44.2707
      vertex 2.59998 1.49614 43.9896
    endloop
  endfacet
  facet normal 0.543156 -0.261069 -0.798013
    outer loop
      vertex 2.47426 1.68531 43.8422
      vertex 4.97936 5.58739 44.2707
      vertex 2.59808 1.5 43.9871
    endloop
  endfacet
  facet normal 0.543103 -0.261029 -0.798062
    outer loop
      vertex 4.97936 5.58739 44.2707
      vertex 2.47426 1.68531 43.8422
      vertex 4.53418 5.97122 43.8422
    endloop
  endfacet
  facet normal 0.864676 -0.502245 -0.00923026
    outer loop
      vertex 2.60169 1.49267 44.34
      vertex 4.97936 5.58739 44.2707
      vertex 4.97985 5.58696 44.34
    endloop
  endfacet
  facet normal 0.864677 -0.502245 -0.00919346
    outer loop
      vertex 4.97936 5.58739 44.2707
      vertex 2.60169 1.49267 44.34
      vertex 2.59998 1.49614 43.9896
    endloop
  endfacet
  facet normal -0.901265 0.433171 0.00920235
    outer loop
      vertex -0.229613 2.98495 43.8422
      vertex 1.82903 7.26674 43.911
      vertex 1.82839 7.26687 43.8422
    endloop
  endfacet
  facet normal -0.901265 0.433171 0.00920957
    outer loop
      vertex 1.82903 7.26674 43.911
      vertex -0.229613 2.98495 43.8422
      vertex -0.225913 2.98519 44.193
    endloop
  endfacet
  facet normal -0.519966 0.305223 0.797793
    outer loop
      vertex 1.82903 7.26674 43.911
      vertex 2.3856 7.09357 44.34
      vertex 1.94114 7.24444 43.9926
    endloop
  endfacet
  facet normal -0.521011 0.302628 0.7981
    outer loop
      vertex 1.82903 7.26674 43.911
      vertex 0.00757205 2.9995 44.34
      vertex 2.3856 7.09357 44.34
    endloop
  endfacet
  facet normal -0.518785 0.301853 0.799842
    outer loop
      vertex 1.82903 7.26674 43.911
      vertex 0 3 44.3349
      vertex 0.00757205 2.9995 44.34
    endloop
  endfacet
  facet normal -0.521098 0.302664 0.79803
    outer loop
      vertex 0 3 44.3349
      vertex 1.82903 7.26674 43.911
      vertex -0.225913 2.98519 44.193
    endloop
  endfacet
  facet normal 0.520138 -0.303749 -0.798243
    outer loop
      vertex 5.40482 5.18754 44.7689
      vertex 4.97985 5.58696 44.34
      vertex 5.3033 5.3033 44.6587
    endloop
  endfacet
  facet normal 0.520998 -0.302612 -0.798115
    outer loop
      vertex 2.60169 1.49267 44.34
      vertex 5.40482 5.18754 44.7689
      vertex 2.70509 1.28299 44.487
    endloop
  endfacet
  facet normal 0.521026 -0.302637 -0.798087
    outer loop
      vertex 5.40482 5.18754 44.7689
      vertex 2.60169 1.49267 44.34
      vertex 4.97985 5.58696 44.34
    endloop
  endfacet
  facet normal 0.822806 -0.568249 -0.00917632
    outer loop
      vertex 2.70673 1.27968 44.8378
      vertex 5.40482 5.18754 44.7689
      vertex 5.40525 5.18705 44.8378
    endloop
  endfacet
  facet normal 0.822805 -0.568249 -0.00920839
    outer loop
      vertex 5.40482 5.18754 44.7689
      vertex 2.70673 1.27968 44.8378
      vertex 2.70509 1.28299 44.487
    endloop
  endfacet
  facet normal -0.864677 0.502245 0.00913311
    outer loop
      vertex 0.00757205 2.9995 44.34
      vertex 2.38621 7.09336 44.4093
      vertex 2.3856 7.09357 44.34
    endloop
  endfacet
  facet normal -0.864677 0.502244 0.00919693
    outer loop
      vertex 2.38621 7.09336 44.4093
      vertex 0.00757205 2.9995 44.34
      vertex 0.0111654 2.99927 44.6904
    endloop
  endfacet
  facet normal -0.494364 0.34558 0.797608
    outer loop
      vertex 2.38621 7.09336 44.4093
      vertex 2.93899 6.89514 44.8378
      vertex 2.87012 6.9291 44.7804
    endloop
  endfacet
  facet normal -0.495835 0.342435 0.798051
    outer loop
      vertex 2.38621 7.09336 44.4093
      vertex 0.238136 2.98439 44.8378
      vertex 2.93899 6.89514 44.8378
    endloop
  endfacet
  facet normal -0.495828 0.342432 0.798057
    outer loop
      vertex 0.238136 2.98439 44.8378
      vertex 2.38621 7.09336 44.4093
      vertex 0.0111654 2.99927 44.6904
    endloop
  endfacet
  facet normal 0.495575 -0.342225 -0.798303
    outer loop
      vertex 2.77164 1.14805 44.9346
      vertex 5.79131 4.74684 45.2664
      vertex 2.79834 1.06938 44.9849
    endloop
  endfacet
  facet normal 0.495787 -0.342423 -0.798086
    outer loop
      vertex 2.70673 1.27968 44.8378
      vertex 5.79131 4.74684 45.2664
      vertex 2.77164 1.14805 44.9346
    endloop
  endfacet
  facet normal 0.495724 -0.342358 -0.798153
    outer loop
      vertex 5.79131 4.74684 45.2664
      vertex 2.70673 1.27968 44.8378
      vertex 5.40525 5.18705 44.8378
    endloop
  endfacet
  facet normal 0.775907 -0.63078 -0.00918905
    outer loop
      vertex 2.79957 1.06577 45.3355
      vertex 5.79131 4.74684 45.2664
      vertex 5.79173 4.74635 45.3355
    endloop
  endfacet
  facet normal 0.775907 -0.630781 -0.00921701
    outer loop
      vertex 5.79131 4.74684 45.2664
      vertex 2.79957 1.06577 45.3355
      vertex 2.79834 1.06938 44.9849
    endloop
  endfacet
  facet normal -0.822806 0.568249 0.00915611
    outer loop
      vertex 0.238136 2.98439 44.8378
      vertex 2.93956 6.89486 44.9064
      vertex 2.93899 6.89514 44.8378
    endloop
  endfacet
  facet normal -0.822806 0.568248 0.00919879
    outer loop
      vertex 2.93956 6.89486 44.9064
      vertex 0.238136 2.98439 44.8378
      vertex 0.241891 2.98415 45.1885
    endloop
  endfacet
  facet normal -0.467511 0.380067 0.798111
    outer loop
      vertex 2.93956 6.89486 44.9064
      vertex 0.471886 2.95836 45.3355
      vertex 3.46246 6.63699 45.3355
    endloop
  endfacet
  facet normal -0.467232 0.379918 0.798347
    outer loop
      vertex 2.93956 6.89486 44.9064
      vertex 0.391578 2.97433 45.2809
      vertex 0.471886 2.95836 45.3355
    endloop
  endfacet
  facet normal -0.467649 0.380155 0.797989
    outer loop
      vertex 0.391578 2.97433 45.2809
      vertex 2.93956 6.89486 44.9064
      vertex 0.241891 2.98415 45.1885
    endloop
  endfacet
  facet normal 0.46676 -0.38075 -0.798226
    outer loop
      vertex 6.14243 4.27794 45.764
      vertex 5.79173 4.74635 45.3355
      vertex 5.95015 4.56571 45.5143
    endloop
  endfacet
  facet normal 0.467602 -0.380173 -0.798008
    outer loop
      vertex 2.79957 1.06577 45.3355
      vertex 6.14243 4.27794 45.764
      vertex 2.87356 0.847793 45.4827
    endloop
  endfacet
  facet normal 0.467518 -0.380073 -0.798105
    outer loop
      vertex 6.14243 4.27794 45.764
      vertex 2.79957 1.06577 45.3355
      vertex 5.79173 4.74635 45.3355
    endloop
  endfacet
  facet normal 0.724268 -0.689458 -0.00913483
    outer loop
      vertex 2.87473 0.844341 45.8333
      vertex 6.14243 4.27794 45.764
      vertex 6.14279 4.2774 45.8333
    endloop
  endfacet
  facet normal 0.724267 -0.689459 -0.00920537
    outer loop
      vertex 6.14243 4.27794 45.764
      vertex 2.87473 0.844341 45.8333
      vertex 2.87356 0.847793 45.4827
    endloop
  endfacet
  facet normal -0.775907 0.63078 0.00925883
    outer loop
      vertex 0.471886 2.95836 45.3355
      vertex 3.46305 6.6367 45.4047
      vertex 3.46246 6.63699 45.3355
    endloop
  endfacet
  facet normal -0.775906 0.630781 0.00919982
    outer loop
      vertex 3.46305 6.6367 45.4047
      vertex 0.471886 2.95836 45.3355
      vertex 0.475467 2.95765 45.6862
    endloop
  endfacet
  facet normal -0.436542 0.415323 0.798084
    outer loop
      vertex 3.46305 6.6367 45.4047
      vertex 3.9713 6.34732 45.8333
      vertex 3.75 6.49519 45.6353
    endloop
  endfacet
  facet normal -0.436442 0.415468 0.798063
    outer loop
      vertex 3.46305 6.6367 45.4047
      vertex 0.701693 2.91265 45.8333
      vertex 3.9713 6.34732 45.8333
    endloop
  endfacet
  facet normal -0.43635 0.415409 0.798144
    outer loop
      vertex 0.701693 2.91265 45.8333
      vertex 3.46305 6.6367 45.4047
      vertex 0.475467 2.95765 45.6862
    endloop
  endfacet
  facet normal 0.436494 -0.415541 -0.797997
    outer loop
      vertex 2.89778 0.776457 45.8812
      vertex 6.46652 3.79291 46.2625
      vertex 2.92909 0.619036 45.9803
    endloop
  endfacet
  facet normal 0.436231 -0.415188 -0.798324
    outer loop
      vertex 2.87473 0.844341 45.8333
      vertex 6.46652 3.79291 46.2625
      vertex 2.89778 0.776457 45.8812
    endloop
  endfacet
  facet normal 0.436402 -0.415428 -0.798106
    outer loop
      vertex 6.46652 3.79291 46.2625
      vertex 2.87473 0.844341 45.8333
      vertex 6.14279 4.2774 45.8333
    endloop
  endfacet
  facet normal 0.668202 -0.743923 -0.00917007
    outer loop
      vertex 2.92982 0.615354 46.331
      vertex 6.46652 3.79291 46.2625
      vertex 6.46687 3.79238 46.331
    endloop
  endfacet
  facet normal 0.668201 -0.743923 -0.00920135
    outer loop
      vertex 6.46652 3.79291 46.2625
      vertex 2.92982 0.615354 46.331
      vertex 2.92909 0.619036 45.9803
    endloop
  endfacet
  facet normal -0.724267 0.68946 0.00904736
    outer loop
      vertex 0.701693 2.91265 45.8333
      vertex 3.97183 6.34697 45.9024
      vertex 3.9713 6.34732 45.8333
    endloop
  endfacet
  facet normal -0.724268 0.689457 0.00921748
    outer loop
      vertex 3.97183 6.34697 45.9024
      vertex 0.701693 2.91265 45.8333
      vertex 0.705441 2.9119 46.1839
    endloop
  endfacet
  facet normal -0.402606 0.44823 0.798122
    outer loop
      vertex 3.97183 6.34697 45.9024
      vertex 0.925206 2.84728 46.331
      vertex 4.45904 6.02142 46.331
    endloop
  endfacet
  facet normal -0.402617 0.448237 0.798112
    outer loop
      vertex 3.97183 6.34697 45.9024
      vertex 0.776457 2.89778 46.2276
      vertex 0.925206 2.84728 46.331
    endloop
  endfacet
  facet normal -0.402267 0.447946 0.798452
    outer loop
      vertex 0.776457 2.89778 46.2276
      vertex 3.97183 6.34697 45.9024
      vertex 0.705441 2.9119 46.1839
    endloop
  endfacet
  facet normal 0.403189 -0.447962 -0.797978
    outer loop
      vertex 6.73272 3.26835 46.7595
      vertex 6.46687 3.79238 46.331
      vertex 6.49519 3.75 46.3691
    endloop
  endfacet
  facet normal 0.402734 -0.448412 -0.797955
    outer loop
      vertex 2.92982 0.615354 46.331
      vertex 6.73272 3.26835 46.7595
      vertex 2.97412 0.392663 46.4785
    endloop
  endfacet
  facet normal 0.402663 -0.448294 -0.798057
    outer loop
      vertex 6.73272 3.26835 46.7595
      vertex 2.92982 0.615354 46.331
      vertex 6.46687 3.79238 46.331
    endloop
  endfacet
  facet normal 0.608053 -0.793843 -0.00921533
    outer loop
      vertex 2.97451 0.388899 46.8288
      vertex 6.73272 3.26835 46.7595
      vertex 6.733 3.26776 46.8288
    endloop
  endfacet
  facet normal 0.608053 -0.793843 -0.00922125
    outer loop
      vertex 2.97433 0.391578 46.5863
      vertex 6.73272 3.26835 46.7595
      vertex 2.97451 0.388899 46.8288
    endloop
  endfacet
  facet normal 0.608052 -0.793844 -0.00917451
    outer loop
      vertex 6.73272 3.26835 46.7595
      vertex 2.97433 0.391578 46.5863
      vertex 2.97412 0.392663 46.4785
    endloop
  endfacet
  facet normal -0.668202 0.743923 0.00922095
    outer loop
      vertex 0.925206 2.84728 46.331
      vertex 4.45959 6.02106 46.3999
      vertex 4.45904 6.02142 46.331
    endloop
  endfacet
  facet normal -0.668202 0.743923 0.00920368
    outer loop
      vertex 4.45959 6.02106 46.3999
      vertex 0.925206 2.84728 46.331
      vertex 0.928713 2.84609 46.6818
    endloop
  endfacet
  facet normal -0.366211 0.478435 0.798116
    outer loop
      vertex 4.45959 6.02106 46.3999
      vertex 4.90871 5.64935 46.8288
      vertex 4.56571 5.95015 46.4911
    endloop
  endfacet
  facet normal -0.366352 0.478291 0.798138
    outer loop
      vertex 4.45959 6.02106 46.3999
      vertex 1.15028 2.77054 46.8288
      vertex 4.90871 5.64935 46.8288
    endloop
  endfacet
  facet normal -0.36916 0.48078 0.795344
    outer loop
      vertex 4.45959 6.02106 46.3999
      vertex 1.14805 2.77164 46.8271
      vertex 1.15028 2.77054 46.8288
    endloop
  endfacet
  facet normal -0.366368 0.478301 0.798125
    outer loop
      vertex 1.14805 2.77164 46.8271
      vertex 4.45959 6.02106 46.3999
      vertex 0.928713 2.84609 46.6818
    endloop
  endfacet
  facet normal 0.365118 -0.479009 -0.798272
    outer loop
      vertex 6.97431 2.73693 47.2577
      vertex 6.733 3.26776 46.8288
      vertex 6.9291 2.87012 47.1571
    endloop
  endfacet
  facet normal 0.366373 -0.47832 -0.798111
    outer loop
      vertex 2.97451 0.388899 46.8288
      vertex 6.97431 2.73693 47.2577
      vertex 2.98982 0.155346 46.9758
    endloop
  endfacet
  facet normal 0.36637 -0.478314 -0.798116
    outer loop
      vertex 6.97431 2.73693 47.2577
      vertex 2.97451 0.388899 46.8288
      vertex 6.733 3.26776 46.8288
    endloop
  endfacet
  facet normal 0.544189 -0.838912 -0.00920762
    outer loop
      vertex 2.99006 0.151654 47.3266
      vertex 6.97431 2.73693 47.2577
      vertex 6.97452 2.73631 47.3266
    endloop
  endfacet
  facet normal 0.544189 -0.838912 -0.00920145
    outer loop
      vertex 6.97431 2.73693 47.2577
      vertex 2.99006 0.151654 47.3266
      vertex 2.98982 0.155346 46.9758
    endloop
  endfacet
  facet normal -0.608053 0.793843 0.00922508
    outer loop
      vertex 1.15028 2.77054 46.8288
      vertex 4.9092 5.64892 46.8981
      vertex 4.90871 5.64935 46.8288
    endloop
  endfacet
  facet normal -0.608053 0.793843 0.00922991
    outer loop
      vertex 4.9092 5.64892 46.8981
      vertex 1.15028 2.77054 46.8288
      vertex 1.15351 2.76894 47.1792
    endloop
  endfacet
  facet normal -0.329209 0.504368 0.79827
    outer loop
      vertex 4.9092 5.64892 46.8981
      vertex 5.34532 5.25539 47.3266
      vertex 5.3033 5.3033 47.279
    endloop
  endfacet
  facet normal -0.327937 0.50554 0.798052
    outer loop
      vertex 4.9092 5.64892 46.8981
      vertex 1.35733 2.66843 47.3266
      vertex 5.34532 5.25539 47.3266
    endloop
  endfacet
  facet normal -0.327896 0.505497 0.798096
    outer loop
      vertex 1.35733 2.66843 47.3266
      vertex 4.9092 5.64892 46.8981
      vertex 1.15351 2.76894 47.1792
    endloop
  endfacet
  facet normal 0.327844 -0.505367 -0.798199
    outer loop
      vertex 2.99006 0.151654 47.3266
      vertex 7.1628 2.18166 47.7552
      vertex 3 0 47.4267
    endloop
  endfacet
  facet normal 0.327865 -0.505414 -0.798161
    outer loop
      vertex 3 0 47.4267
      vertex 7.1628 2.18166 47.7552
      vertex 2.99492 -0.0775189 47.4737
    endloop
  endfacet
  facet normal 0.327877 -0.505449 -0.798134
    outer loop
      vertex 7.1628 2.18166 47.7552
      vertex 2.99006 0.151654 47.3266
      vertex 6.97452 2.73631 47.3266
    endloop
  endfacet
  facet normal 0.477001 -0.878855 -0.00920798
    outer loop
      vertex 2.99467 -0.0813277 47.8243
      vertex 7.1628 2.18166 47.7552
      vertex 7.16301 2.18105 47.8243
    endloop
  endfacet
  facet normal 0.477001 -0.878855 -0.00920745
    outer loop
      vertex 7.1628 2.18166 47.7552
      vertex 2.99467 -0.0813277 47.8243
      vertex 2.99492 -0.0775189 47.4737
    endloop
  endfacet
  facet normal -0.544191 0.838911 0.00920171
    outer loop
      vertex 1.35733 2.66843 47.3266
      vertex 5.34574 5.25491 47.3952
      vertex 5.34532 5.25539 47.3266
    endloop
  endfacet
  facet normal -0.544191 0.838911 0.00920022
    outer loop
      vertex 5.34574 5.25491 47.3952
      vertex 1.35733 2.66843 47.3266
      vertex 1.3607 2.66677 47.6773
    endloop
  endfacet
  facet normal -0.287389 0.529504 0.798143
    outer loop
      vertex 5.34574 5.25491 47.3952
      vertex 1.56379 2.55545 47.8243
      vertex 5.73004 4.81669 47.8243
    endloop
  endfacet
  facet normal -0.287159 0.529224 0.798412
    outer loop
      vertex 5.34574 5.25491 47.3952
      vertex 1.5 2.59808 47.7731
      vertex 1.56379 2.55545 47.8243
    endloop
  endfacet
  facet normal -0.287551 0.529724 0.797939
    outer loop
      vertex 1.5 2.59808 47.7731
      vertex 5.34574 5.25491 47.3952
      vertex 1.3607 2.66677 47.6773
    endloop
  endfacet
  facet normal 0.287401 -0.529539 -0.798116
    outer loop
      vertex 7.30938 1.61466 48.2528
      vertex 7.16301 2.18105 47.8243
      vertex 7.24444 1.94114 48.0128
    endloop
  endfacet
  facet normal 0.287408 -0.529537 -0.798115
    outer loop
      vertex 7.30938 1.61466 48.2528
      vertex 2.99467 -0.0813277 47.8243
      vertex 7.16301 2.18105 47.8243
    endloop
  endfacet
  facet normal 0.287458 -0.529697 -0.79799
    outer loop
      vertex 2.99467 -0.0813277 47.8243
      vertex 7.30938 1.61466 48.2528
      vertex 2.9796 -0.311263 47.9715
    endloop
  endfacet
  facet normal 0.406898 -0.913427 -0.00919899
    outer loop
      vertex 2.97936 -0.314903 48.3221
      vertex 7.30938 1.61466 48.2528
      vertex 7.30951 1.61402 48.3221
    endloop
  endfacet
  facet normal 0.406898 -0.913427 -0.00920485
    outer loop
      vertex 7.30938 1.61466 48.2528
      vertex 2.97936 -0.314903 48.3221
      vertex 2.9796 -0.311263 47.9715
    endloop
  endfacet
  facet normal -0.477 0.878855 0.00917387
    outer loop
      vertex 1.56379 2.55545 47.8243
      vertex 5.73047 4.8162 47.8936
      vertex 5.73004 4.81669 47.8243
    endloop
  endfacet
  facet normal -0.477001 0.878855 0.009222
    outer loop
      vertex 5.73047 4.8162 47.8936
      vertex 1.56379 2.55545 47.8243
      vertex 1.56683 2.55342 48.175
    endloop
  endfacet
  facet normal -0.244577 0.550754 0.79803
    outer loop
      vertex 5.73047 4.8162 47.8936
      vertex 6.09074 4.3553 48.3221
      vertex 5.95015 4.56571 48.1338
    endloop
  endfacet
  facet normal -0.245169 0.550369 0.798114
    outer loop
      vertex 5.73047 4.8162 47.8936
      vertex 1.75842 2.42541 48.3221
      vertex 6.09074 4.3553 48.3221
    endloop
  endfacet
  facet normal -0.24513 0.550313 0.798165
    outer loop
      vertex 1.75842 2.42541 48.3221
      vertex 5.73047 4.8162 47.8936
      vertex 1.56683 2.55342 48.175
    endloop
  endfacet
  facet normal 0.245155 -0.550337 -0.798141
    outer loop
      vertex 7.42322 1.04236 48.7512
      vertex 2.97936 -0.314903 48.3221
      vertex 7.30951 1.61402 48.3221
    endloop
  endfacet
  facet normal 0.245116 -0.550168 -0.798269
    outer loop
      vertex 7.42322 1.04236 48.7512
      vertex 2.97433 -0.391578 48.3734
      vertex 2.97936 -0.314903 48.3221
    endloop
  endfacet
  facet normal 0.245196 -0.55048 -0.798029
    outer loop
      vertex 2.97433 -0.391578 48.3734
      vertex 7.42322 1.04236 48.7512
      vertex 2.94406 -0.543797 48.4691
    endloop
  endfacet
  facet normal 0.334307 -0.942419 -0.00927487
    outer loop
      vertex 2.94332 -0.547484 48.8199
      vertex 7.42322 1.04236 48.7512
      vertex 7.42335 1.04173 48.8199
    endloop
  endfacet
  facet normal 0.334308 -0.942419 -0.00919986
    outer loop
      vertex 7.42322 1.04236 48.7512
      vertex 2.94332 -0.547484 48.8199
      vertex 2.94406 -0.543797 48.4691
    endloop
  endfacet
  facet normal -0.406898 0.913427 0.00925809
    outer loop
      vertex 1.75842 2.42541 48.3221
      vertex 6.0911 4.35476 48.3912
      vertex 6.09074 4.3553 48.3221
    endloop
  endfacet
  facet normal -0.406898 0.913427 0.00920231
    outer loop
      vertex 6.0911 4.35476 48.3912
      vertex 1.75842 2.42541 48.3221
      vertex 1.76159 2.42329 48.6727
    endloop
  endfacet
  facet normal -0.201451 0.567894 0.798069
    outer loop
      vertex 6.0911 4.35476 48.3912
      vertex 1.94046 2.27993 48.8199
      vertex 6.41652 3.86774 48.8199
    endloop
  endfacet
  facet normal -0.201502 0.56798 0.797995
    outer loop
      vertex 6.0911 4.35476 48.3912
      vertex 1.82628 2.38006 48.7198
      vertex 1.94046 2.27993 48.8199
    endloop
  endfacet
  facet normal -0.201487 0.567951 0.798019
    outer loop
      vertex 1.82628 2.38006 48.7198
      vertex 6.0911 4.35476 48.3912
      vertex 1.76159 2.42329 48.6727
    endloop
  endfacet
  facet normal 0.199264 -0.568209 -0.798394
    outer loop
      vertex 7.4701 0.456177 49.2483
      vertex 7.42335 1.04173 48.8199
      vertex 7.43584 0.978946 48.8677
    endloop
  endfacet
  facet normal 0.201429 -0.567834 -0.798117
    outer loop
      vertex 7.4701 0.456177 49.2483
      vertex 2.94332 -0.547484 48.8199
      vertex 7.42335 1.04173 48.8199
    endloop
  endfacet
  facet normal 0.201396 -0.567612 -0.798283
    outer loop
      vertex 2.94332 -0.547484 48.8199
      vertex 7.4701 0.456177 49.2483
      vertex 2.89899 -0.770374 48.9672
    endloop
  endfacet
  facet normal 0.259676 -0.965652 -0.00920723
    outer loop
      vertex 2.89828 -0.773903 49.3176
      vertex 7.4701 0.456177 49.2483
      vertex 7.47014 0.455527 49.3176
    endloop
  endfacet
  facet normal 0.259676 -0.965652 -0.00919925
    outer loop
      vertex 7.4701 0.456177 49.2483
      vertex 2.89828 -0.773903 49.3176
      vertex 2.89899 -0.770374 48.9672
    endloop
  endfacet
  facet normal -0.334308 0.942419 0.00914618
    outer loop
      vertex 1.94046 2.27993 48.8199
      vertex 6.41688 3.8672 48.8887
      vertex 6.41652 3.86774 48.8199
    endloop
  endfacet
  facet normal -0.334309 0.942419 0.00920696
    outer loop
      vertex 6.41688 3.8672 48.8887
      vertex 1.94046 2.27993 48.8199
      vertex 1.94324 2.27749 49.1706
    endloop
  endfacet
  facet normal -0.156904 0.581641 0.79817
    outer loop
      vertex 6.41688 3.8672 48.8887
      vertex 6.69115 3.35262 49.3176
      vertex 6.49519 3.75 48.9895
    endloop
  endfacet
  facet normal -0.156462 0.581833 0.798117
    outer loop
      vertex 6.41688 3.8672 48.8887
      vertex 2.11921 2.12317 49.3176
      vertex 6.69115 3.35262 49.3176
    endloop
  endfacet
  facet normal -0.156465 0.581839 0.798112
    outer loop
      vertex 2.11921 2.12317 49.3176
      vertex 6.41688 3.8672 48.8887
      vertex 1.94324 2.27749 49.1706
    endloop
  endfacet
  facet normal 0.157208 -0.581803 -0.797992
    outer loop
      vertex 7.49167 -0.127065 49.7466
      vertex 7.47014 0.455527 49.3176
      vertex 7.5 0 49.6556
    endloop
  endfacet
  facet normal 0.156477 -0.581889 -0.798072
    outer loop
      vertex 7.49167 -0.127065 49.7466
      vertex 2.89828 -0.773903 49.3176
      vertex 7.47014 0.455527 49.3176
    endloop
  endfacet
  facet normal 0.157001 -0.589287 -0.792522
    outer loop
      vertex 7.49167 -0.127065 49.7466
      vertex 2.89778 -0.776457 49.3194
      vertex 2.89828 -0.773903 49.3176
    endloop
  endfacet
  facet normal 0.156462 -0.581762 -0.798168
    outer loop
      vertex 2.89778 -0.776457 49.3194
      vertex 7.49167 -0.127065 49.7466
      vertex 2.82336 -0.995684 49.4646
    endloop
  endfacet
  facet normal 0.183457 -0.982984 -0.00922312
    outer loop
      vertex 2.82217 -0.999191 49.8154
      vertex 7.49167 -0.127065 49.7466
      vertex 7.49163 -0.127718 49.8154
    endloop
  endfacet
  facet normal 0.183457 -0.982985 -0.00920471
    outer loop
      vertex 7.49167 -0.127065 49.7466
      vertex 2.82217 -0.999191 49.8154
      vertex 2.82336 -0.995684 49.4646
    endloop
  endfacet
  facet normal -0.259675 0.965652 0.00923503
    outer loop
      vertex 6.69144 3.35204 49.3869
      vertex 2.12132 2.12132 49.5713
      vertex 2.12197 2.12057 49.668
    endloop
  endfacet
  facet normal -0.259676 0.965652 0.0091686
    outer loop
      vertex 2.11921 2.12317 49.3176
      vertex 6.69144 3.35204 49.3869
      vertex 6.69115 3.35262 49.3176
    endloop
  endfacet
  facet normal -0.259676 0.965652 0.00920131
    outer loop
      vertex 6.69144 3.35204 49.3869
      vertex 2.11921 2.12317 49.3176
      vertex 2.12132 2.12132 49.5713
    endloop
  endfacet
  facet normal -0.106915 0.593698 0.797554
    outer loop
      vertex 6.69144 3.35204 49.3869
      vertex 6.94539 2.82214 49.8154
      vertex 6.9291 2.87012 49.7775
    endloop
  endfacet
  facet normal -0.110554 0.592358 0.798053
    outer loop
      vertex 6.69144 3.35204 49.3869
      vertex 2.27168 1.94987 49.8154
      vertex 6.94539 2.82214 49.8154
    endloop
  endfacet
  facet normal -0.110516 0.592262 0.79813
    outer loop
      vertex 2.27168 1.94987 49.8154
      vertex 6.69144 3.35204 49.3869
      vertex 2.12197 2.12057 49.668
    endloop
  endfacet
  facet normal 0.110538 -0.592275 -0.798117
    outer loop
      vertex 7.4533 -0.712429 50.244
      vertex 2.82217 -0.999191 49.8154
      vertex 7.49163 -0.127718 49.8154
    endloop
  endfacet
  facet normal 0.110539 -0.592033 -0.798297
    outer loop
      vertex 7.4533 -0.712429 50.244
      vertex 2.77164 -1.14805 49.9188
      vertex 2.82217 -0.999191 49.8154
    endloop
  endfacet
  facet normal 0.110556 -0.592428 -0.798001
    outer loop
      vertex 2.77164 -1.14805 49.9188
      vertex 7.4533 -0.712429 50.244
      vertex 2.73967 -1.21288 49.9625
    endloop
  endfacet
  facet normal 0.106117 -0.994311 -0.00921977
    outer loop
      vertex 2.73798 -1.21631 50.3131
      vertex 7.4533 -0.712429 50.244
      vertex 7.45326 -0.713074 50.3131
    endloop
  endfacet
  facet normal 0.106117 -0.994311 -0.00921605
    outer loop
      vertex 7.4533 -0.712429 50.244
      vertex 2.73798 -1.21631 50.3131
      vertex 2.73967 -1.21288 49.9625
    endloop
  endfacet
  facet normal -0.183458 0.982984 0.00928922
    outer loop
      vertex 2.27168 1.94987 49.8154
      vertex 6.94559 2.82153 49.8839
      vertex 6.94539 2.82214 49.8154
    endloop
  endfacet
  facet normal -0.183456 0.982985 0.00919633
    outer loop
      vertex 6.94559 2.82153 49.8839
      vertex 2.27168 1.94987 49.8154
      vertex 2.27415 1.94705 50.1661
    endloop
  endfacet
  facet normal -0.0639406 0.599119 0.798103
    outer loop
      vertex 6.94559 2.82153 49.8839
      vertex 2.41982 1.76677 50.3131
      vertex 7.13289 2.26977 50.3131
    endloop
  endfacet
  facet normal -0.0638095 0.598691 0.798434
    outer loop
      vertex 6.94559 2.82153 49.8839
      vertex 2.38006 1.82628 50.2653
      vertex 2.41982 1.76677 50.3131
    endloop
  endfacet
  facet normal -0.0639869 0.599319 0.797949
    outer loop
      vertex 2.38006 1.82628 50.2653
      vertex 6.94559 2.82153 49.8839
      vertex 2.27415 1.94705 50.1661
    endloop
  endfacet
  facet normal 0.0632689 -0.599138 -0.798142
    outer loop
      vertex 7.37347 -1.29246 50.7417
      vertex 7.45326 -0.713074 50.3131
      vertex 7.43584 -0.978946 50.5113
    endloop
  endfacet
  facet normal 0.0639463 -0.599172 -0.798063
    outer loop
      vertex 7.37347 -1.29246 50.7417
      vertex 2.73798 -1.21631 50.3131
      vertex 7.45326 -0.713074 50.3131
    endloop
  endfacet
  facet normal 0.0639354 -0.599301 -0.797967
    outer loop
      vertex 2.73798 -1.21631 50.3131
      vertex 7.37347 -1.29246 50.7417
      vertex 2.63596 -1.42319 50.4603
    endloop
  endfacet
  facet normal 0.0281286 -0.999562 -0.00919573
    outer loop
      vertex 2.63434 -1.42646 50.8109
      vertex 7.37347 -1.29246 50.7417
      vertex 7.37335 -1.2931 50.8109
    endloop
  endfacet
  facet normal 0.0281286 -0.999562 -0.00919281
    outer loop
      vertex 7.37347 -1.29246 50.7417
      vertex 2.63434 -1.42646 50.8109
      vertex 2.63596 -1.42319 50.4603
    endloop
  endfacet
  facet normal -0.106117 0.994311 0.00921728
    outer loop
      vertex 2.41982 1.76677 50.3131
      vertex 7.1331 2.26915 50.3824
      vertex 7.13289 2.26977 50.3131
    endloop
  endfacet
  facet normal -0.106117 0.994311 0.00920759
    outer loop
      vertex 7.1331 2.26915 50.3824
      vertex 2.41982 1.76677 50.3131
      vertex 2.42185 1.76374 50.6637
    endloop
  endfacet
  facet normal -0.0172082 0.602232 0.798136
    outer loop
      vertex 7.1331 2.26915 50.3824
      vertex 7.29126 1.70578 50.8109
      vertex 7.24444 1.94114 50.6323
    endloop
  endfacet
  facet normal -0.0169486 0.602281 0.798104
    outer loop
      vertex 7.1331 2.26915 50.3824
      vertex 2.54974 1.57235 50.8109
      vertex 7.29126 1.70578 50.8109
    endloop
  endfacet
  facet normal -0.0169774 0.60241 0.798006
    outer loop
      vertex 2.54974 1.57235 50.8109
      vertex 7.1331 2.26915 50.3824
      vertex 2.42185 1.76374 50.6637
    endloop
  endfacet
  facet normal 0.0169485 -0.602272 -0.798111
    outer loop
      vertex 7.2596 -1.86493 51.24
      vertex 2.63434 -1.42646 50.8109
      vertex 7.37335 -1.2931 50.8109
    endloop
  endfacet
  facet normal 0.0169756 -0.602107 -0.798235
    outer loop
      vertex 7.2596 -1.86493 51.24
      vertex 2.59808 -1.5 50.8656
      vertex 2.63434 -1.42646 50.8109
    endloop
  endfacet
  facet normal 0.0169418 -0.602351 -0.798051
    outer loop
      vertex 2.59808 -1.5 50.8656
      vertex 7.2596 -1.86493 51.24
      vertex 2.5148 -1.62463 50.9579
    endloop
  endfacet
  facet normal -0.0500303 -0.998706 -0.00910046
    outer loop
      vertex 2.51271 -1.62776 51.3087
      vertex 7.2596 -1.86493 51.24
      vertex 7.25948 -1.86555 51.3087
    endloop
  endfacet
  facet normal -0.0500318 -0.998705 -0.00920899
    outer loop
      vertex 7.2596 -1.86493 51.24
      vertex 2.51271 -1.62776 51.3087
      vertex 2.5148 -1.62463 50.9579
    endloop
  endfacet
  facet normal -0.0281284 0.999561 0.00931079
    outer loop
      vertex 2.54974 1.57235 50.8109
      vertex 7.29139 1.70514 50.88
      vertex 7.29126 1.70578 50.8109
    endloop
  endfacet
  facet normal -0.0281269 0.999562 0.00920696
    outer loop
      vertex 7.29139 1.70514 50.88
      vertex 2.54974 1.57235 50.8109
      vertex 2.55185 1.56918 51.1615
    endloop
  endfacet
  facet normal 0.0301477 0.601795 0.798081
    outer loop
      vertex 7.29139 1.70514 50.88
      vertex 2.66294 1.36848 51.3087
      vertex 7.40561 1.13089 51.3087
    endloop
  endfacet
  facet normal 0.0301067 0.602084 0.797865
    outer loop
      vertex 7.29139 1.70514 50.88
      vertex 2.59808 1.5 51.2119
      vertex 2.66294 1.36848 51.3087
    endloop
  endfacet
  facet normal 0.0301483 0.601654 0.798188
    outer loop
      vertex 2.59808 1.5 51.2119
      vertex 7.29139 1.70514 50.88
      vertex 2.55185 1.56918 51.1615
    endloop
  endfacet
  facet normal -0.0353113 -0.60059 -0.798777
    outer loop
      vertex 7.08027 -2.42478 51.7371
      vertex 7.25948 -1.86555 51.3087
      vertex 7.24444 -1.94114 51.3662
    endloop
  endfacet
  facet normal -0.0301444 -0.601743 -0.798121
    outer loop
      vertex 7.08027 -2.42478 51.7371
      vertex 2.51271 -1.62776 51.3087
      vertex 7.25948 -1.86555 51.3087
    endloop
  endfacet
  facet normal -0.0301046 -0.601581 -0.798244
    outer loop
      vertex 2.51271 -1.62776 51.3087
      vertex 7.08027 -2.42478 51.7371
      vertex 2.38634 -1.81689 51.456
    endloop
  endfacet
  facet normal -0.127887 -0.991746 -0.0092603
    outer loop
      vertex 2.38434 -1.81988 51.8064
      vertex 7.08027 -2.42478 51.7371
      vertex 7.08006 -2.4254 51.8064
    endloop
  endfacet
  facet normal -0.127886 -0.991746 -0.00919262
    outer loop
      vertex 7.08027 -2.42478 51.7371
      vertex 2.38434 -1.81988 51.8064
      vertex 2.38634 -1.81689 51.456
    endloop
  endfacet
  facet normal 0.0500313 0.998704 0.00934089
    outer loop
      vertex 2.66294 1.36848 51.3087
      vertex 7.40574 1.13024 51.3775
      vertex 7.40561 1.13089 51.3087
    endloop
  endfacet
  facet normal 0.0500331 0.998705 0.00922197
    outer loop
      vertex 7.40574 1.13024 51.3775
      vertex 2.66294 1.36848 51.3087
      vertex 2.66457 1.36516 51.6594
    endloop
  endfacet
  facet normal 0.0760278 0.597576 0.7982
    outer loop
      vertex 7.40574 1.13024 51.3775
      vertex 7.46395 0.54994 51.8064
      vertex 7.43584 0.978946 51.4879
    endloop
  endfacet
  facet normal 0.0770604 0.597596 0.798086
    outer loop
      vertex 7.40574 1.13024 51.3775
      vertex 2.76797 1.15549 51.8064
      vertex 7.46395 0.54994 51.8064
    endloop
  endfacet
  facet normal 0.0770626 0.597561 0.798111
    outer loop
      vertex 2.76797 1.15549 51.8064
      vertex 7.40574 1.13024 51.3775
      vertex 2.66457 1.36516 51.6594
    endloop
  endfacet
  facet normal -0.0747183 -0.598234 -0.797831
    outer loop
      vertex 6.87867 -2.97238 52.2354
      vertex 7.08006 -2.4254 51.8064
      vertex 6.9291 -2.87012 52.154
    endloop
  endfacet
  facet normal -0.0770589 -0.597581 -0.798097
    outer loop
      vertex 6.87867 -2.97238 52.2354
      vertex 2.38434 -1.81988 51.8064
      vertex 7.08006 -2.4254 51.8064
    endloop
  endfacet
  facet normal -0.0769412 -0.597225 -0.798375
    outer loop
      vertex 6.87867 -2.97238 52.2354
      vertex 2.38006 -1.82628 51.8116
      vertex 2.38434 -1.81988 51.8064
    endloop
  endfacet
  facet normal -0.0770647 -0.597601 -0.798081
    outer loop
      vertex 2.38006 -1.82628 51.8116
      vertex 6.87867 -2.97238 52.2354
      vertex 2.23086 -1.99641 51.9534
    endloop
  endfacet
  facet normal -0.20496 -0.978727 -0.00925708
    outer loop
      vertex 2.22842 -1.9992 52.3042
      vertex 6.87867 -2.97238 52.2354
      vertex 6.87838 -2.97297 52.3042
    endloop
  endfacet
  facet normal -0.204959 -0.978727 -0.00920966
    outer loop
      vertex 6.87867 -2.97238 52.2354
      vertex 2.22842 -1.9992 52.3042
      vertex 2.23086 -1.99641 51.9534
    endloop
  endfacet
  facet normal 0.127886 0.991746 0.00919551
    outer loop
      vertex 2.76797 1.15549 51.8064
      vertex 7.464 0.549291 51.8757
      vertex 7.46395 0.54994 51.8064
    endloop
  endfacet
  facet normal 0.127886 0.991746 0.00919713
    outer loop
      vertex 7.464 0.549291 51.8757
      vertex 2.76797 1.15549 51.8064
      vertex 2.76968 1.15202 52.1568
    endloop
  endfacet
  facet normal 0.118107 0.589973 0.798738
    outer loop
      vertex 7.464 0.549291 51.8757
      vertex 7.49754 -0.0375509 52.3042
      vertex 7.5 0 52.2761
    endloop
  endfacet
  facet normal 0.123509 0.589786 0.798059
    outer loop
      vertex 7.464 0.549291 51.8757
      vertex 2.84324 0.937124 52.3042
      vertex 7.49754 -0.0375509 52.3042
    endloop
  endfacet
  facet normal 0.123509 0.589789 0.798057
    outer loop
      vertex 7.464 0.549291 51.8757
      vertex 2.77164 1.14805 52.1594
      vertex 2.84324 0.937124 52.3042
    endloop
  endfacet
  facet normal 0.123159 0.585541 0.801233
    outer loop
      vertex 2.77164 1.14805 52.1594
      vertex 7.464 0.549291 51.8757
      vertex 2.76968 1.15202 52.1568
    endloop
  endfacet
  facet normal -0.123499 -0.589733 -0.7981
    outer loop
      vertex 6.61911 -3.49871 52.7328
      vertex 2.22842 -1.9992 52.3042
      vertex 6.87838 -2.97297 52.3042
    endloop
  endfacet
  facet normal -0.123486 -0.589702 -0.798125
    outer loop
      vertex 6.61911 -3.49871 52.7328
      vertex 2.12132 -2.12132 52.411
      vertex 2.22842 -1.9992 52.3042
    endloop
  endfacet
  facet normal -0.123594 -0.590001 -0.797887
    outer loop
      vertex 2.12132 -2.12132 52.411
      vertex 6.61911 -3.49871 52.7328
      vertex 2.07103 -2.16542 52.4514
    endloop
  endfacet
  facet normal -0.28078 -0.959728 -0.00923398
    outer loop
      vertex 2.06816 -2.16794 52.8019
      vertex 6.61911 -3.49871 52.7328
      vertex 6.61882 -3.49929 52.8019
    endloop
  endfacet
  facet normal -0.280779 -0.959728 -0.00919929
    outer loop
      vertex 6.61911 -3.49871 52.7328
      vertex 2.06816 -2.16794 52.8019
      vertex 2.07103 -2.16542 52.4514
    endloop
  endfacet
  facet normal 0.204959 0.978727 0.00920399
    outer loop
      vertex 2.84324 0.937124 52.3042
      vertex 7.4975 -0.0381867 52.3727
      vertex 7.49754 -0.0375509 52.3042
    endloop
  endfacet
  facet normal 0.204959 0.978727 0.00921154
    outer loop
      vertex 7.4975 -0.0381867 52.3727
      vertex 2.84324 0.937124 52.3042
      vertex 2.84444 0.933572 52.6549
    endloop
  endfacet
  facet normal 0.169171 0.57824 0.798135
    outer loop
      vertex 7.4975 -0.0381867 52.3727
      vertex 2.91074 0.711306 52.8019
      vertex 7.4594 -0.619458 52.8019
    endloop
  endfacet
  facet normal 0.169129 0.577794 0.798467
    outer loop
      vertex 7.4975 -0.0381867 52.3727
      vertex 2.89778 0.776457 52.7575
      vertex 2.91074 0.711306 52.8019
    endloop
  endfacet
  facet normal 0.169211 0.578514 0.797928
    outer loop
      vertex 2.89778 0.776457 52.7575
      vertex 7.4975 -0.0381867 52.3727
      vertex 2.84444 0.933572 52.6549
    endloop
  endfacet
  facet normal -0.168624 -0.578586 -0.798
    outer loop
      vertex 6.32495 -4.00478 53.2305
      vertex 6.61882 -3.49929 52.8019
      vertex 6.49519 -3.75 53.0098
    endloop
  endfacet
  facet normal -0.169194 -0.578317 -0.798074
    outer loop
      vertex 6.32495 -4.00478 53.2305
      vertex 2.06816 -2.16794 52.8019
      vertex 6.61882 -3.49929 52.8019
    endloop
  endfacet
  facet normal -0.169281 -0.578486 -0.797934
    outer loop
      vertex 2.06816 -2.16794 52.8019
      vertex 6.32495 -4.00478 53.2305
      vertex 1.89456 -2.32018 52.9491
    endloop
  endfacet
  facet normal -0.354885 -0.934865 -0.00914141
    outer loop
      vertex 1.89181 -2.32259 53.2997
      vertex 6.32495 -4.00478 53.2305
      vertex 6.32459 -4.00532 53.2997
    endloop
  endfacet
  facet normal -0.354885 -0.934864 -0.00920981
    outer loop
      vertex 6.32495 -4.00478 53.2305
      vertex 1.89181 -2.32259 53.2997
      vertex 1.89456 -2.32018 52.9491
    endloop
  endfacet
  facet normal 0.28078 0.959728 0.00919154
    outer loop
      vertex 2.91074 0.711306 52.8019
      vertex 7.45936 -0.62011 52.8712
      vertex 7.4594 -0.619458 52.8019
    endloop
  endfacet
  facet normal 0.28078 0.959728 0.0092066
    outer loop
      vertex 7.45936 -0.62011 52.8712
      vertex 2.91074 0.711306 52.8019
      vertex 2.91145 0.707735 53.1525
    endloop
  endfacet
  facet normal 0.212649 0.563551 0.798242
    outer loop
      vertex 7.45936 -0.62011 52.8712
      vertex 7.39157 -1.20148 53.2997
      vertex 7.43584 -0.978946 53.1308
    endloop
  endfacet
  facet normal 0.213837 0.563306 0.798098
    outer loop
      vertex 7.45936 -0.62011 52.8712
      vertex 2.95631 0.482195 53.2997
      vertex 7.39157 -1.20148 53.2997
    endloop
  endfacet
  facet normal 0.21385 0.563381 0.798041
    outer loop
      vertex 2.95631 0.482195 53.2997
      vertex 7.45936 -0.62011 52.8712
      vertex 2.91145 0.707735 53.1525
    endloop
  endfacet
  facet normal -0.213844 -0.563325 -0.798083
    outer loop
      vertex 6.00057 -4.49024 53.7288
      vertex 1.89181 -2.32259 53.2997
      vertex 6.32459 -4.00532 53.2997
    endloop
  endfacet
  facet normal -0.213765 -0.563198 -0.798193
    outer loop
      vertex 6.00057 -4.49024 53.7288
      vertex 1.82628 -2.38006 53.3578
      vertex 1.89181 -2.32259 53.2997
    endloop
  endfacet
  facet normal -0.213834 -0.563315 -0.798092
    outer loop
      vertex 1.82628 -2.38006 53.3578
      vertex 6.00057 -4.49024 53.7288
      vertex 1.70607 -2.46038 53.4467
    endloop
  endfacet
  facet normal -0.426823 -0.904288 -0.00928243
    outer loop
      vertex 1.70294 -2.46247 53.7975
      vertex 6.00057 -4.49024 53.7288
      vertex 6.00022 -4.49078 53.7975
    endloop
  endfacet
  facet normal -0.426822 -0.904289 -0.00919588
    outer loop
      vertex 6.00057 -4.49024 53.7288
      vertex 1.70294 -2.46247 53.7975
      vertex 1.70607 -2.46038 53.4467
    endloop
  endfacet
  facet normal 0.354885 0.934865 0.00913967
    outer loop
      vertex 2.95631 0.482195 53.2997
      vertex 7.39145 -1.20211 53.3688
      vertex 7.39157 -1.20148 53.2997
    endloop
  endfacet
  facet normal 0.354884 0.934865 0.00921289
    outer loop
      vertex 7.39145 -1.20211 53.3688
      vertex 2.95631 0.482195 53.2997
      vertex 2.95705 0.478459 53.6503
    endloop
  endfacet
  facet normal 0.257179 0.544875 0.798104
    outer loop
      vertex 7.39145 -1.20211 53.3688
      vertex 2.98358 0.250448 53.7975
      vertex 7.27726 -1.77615 53.7975
    endloop
  endfacet
  facet normal 0.257207 0.544987 0.798018
    outer loop
      vertex 7.39145 -1.20211 53.3688
      vertex 2.97433 0.391578 53.7041
      vertex 2.98358 0.250448 53.7975
    endloop
  endfacet
  facet normal 0.257278 0.545221 0.797836
    outer loop
      vertex 2.97433 0.391578 53.7041
      vertex 7.39145 -1.20211 53.3688
      vertex 2.95705 0.478459 53.6503
    endloop
  endfacet
  facet normal -0.256337 -0.545441 -0.797989
    outer loop
      vertex 5.62207 -4.93982 54.2259
      vertex 6.00022 -4.49078 53.7975
      vertex 5.95015 -4.56571 53.8648
    endloop
  endfacet
  facet normal -0.257173 -0.544859 -0.798117
    outer loop
      vertex 5.62207 -4.93982 54.2259
      vertex 1.70294 -2.46247 53.7975
      vertex 6.00022 -4.49078 53.7975
    endloop
  endfacet
  facet normal -0.257101 -0.544761 -0.798207
    outer loop
      vertex 1.70294 -2.46247 53.7975
      vertex 5.62207 -4.93982 54.2259
      vertex 1.51364 -2.58896 53.9448
    endloop
  endfacet
  facet normal -0.496151 -0.868187 -0.00921727
    outer loop
      vertex 1.51064 -2.59096 54.2952
      vertex 5.62207 -4.93982 54.2259
      vertex 5.62164 -4.94031 54.2952
    endloop
  endfacet
  facet normal -0.496151 -0.868188 -0.00920327
    outer loop
      vertex 5.62207 -4.93982 54.2259
      vertex 1.51064 -2.59096 54.2952
      vertex 1.51364 -2.58896 53.9448
    endloop
  endfacet
  facet normal 0.426821 0.904289 0.00920511
    outer loop
      vertex 2.98358 0.250448 53.7975
      vertex 7.27713 -1.77679 53.8664
      vertex 7.27726 -1.77615 53.7975
    endloop
  endfacet
  facet normal 0.426821 0.904289 0.00919503
    outer loop
      vertex 7.27713 -1.77679 53.8664
      vertex 2.98358 0.250448 53.7975
      vertex 2.98383 0.246764 54.1482
    endloop
  endfacet
  facet normal 0.296961 0.523858 0.798365
    outer loop
      vertex 7.27713 -1.77679 53.8664
      vertex 7.11047 -2.33581 54.2952
      vertex 7.24444 -1.94114 53.9864
    endloop
  endfacet
  facet normal 0.298935 0.523091 0.798132
    outer loop
      vertex 7.27713 -1.77679 53.8664
      vertex 2.9991 0.0137439 54.2952
      vertex 7.11047 -2.33581 54.2952
    endloop
  endfacet
  facet normal 0.298934 0.523089 0.798133
    outer loop
      vertex 2.9991 0.0137439 54.2952
      vertex 7.27713 -1.77679 53.8664
      vertex 2.98383 0.246764 54.1482
    endloop
  endfacet
  facet normal -0.30052 -0.521977 -0.798265
    outer loop
      vertex 5.22761 -5.36968 54.7243
      vertex 5.62164 -4.94031 54.2952
      vertex 5.3033 -5.3033 54.6524
    endloop
  endfacet
  facet normal -0.298985 -0.523178 -0.798056
    outer loop
      vertex 5.22761 -5.36968 54.7243
      vertex 1.51064 -2.59096 54.2952
      vertex 5.62164 -4.94031 54.2952
    endloop
  endfacet
  facet normal -0.300264 -0.524663 -0.796599
    outer loop
      vertex 5.22761 -5.36968 54.7243
      vertex 1.5 -2.59808 54.3039
      vertex 1.51064 -2.59096 54.2952
    endloop
  endfacet
  facet normal -0.298887 -0.52305 -0.798176
    outer loop
      vertex 1.5 -2.59808 54.3039
      vertex 5.22761 -5.36968 54.7243
      vertex 1.30175 -2.69584 54.4422
    endloop
  endfacet
  facet normal -0.562447 -0.826781 -0.00926841
    outer loop
      vertex 1.29842 -2.69748 54.793
      vertex 5.22761 -5.36968 54.7243
      vertex 5.22711 -5.37011 54.793
    endloop
  endfacet
  facet normal -0.562447 -0.826782 -0.00920431
    outer loop
      vertex 5.22761 -5.36968 54.7243
      vertex 1.29842 -2.69748 54.793
      vertex 1.30175 -2.69584 54.4422
    endloop
  endfacet
  facet normal 0.496149 0.868188 0.00927082
    outer loop
      vertex 2.9991 0.0137439 54.2952
      vertex 7.11026 -2.33643 54.3645
      vertex 7.11047 -2.33581 54.2952
    endloop
  endfacet
  facet normal 0.49615 0.868188 0.00921005
    outer loop
      vertex 7.11026 -2.33643 54.3645
      vertex 2.9991 0.0137439 54.2952
      vertex 2.99935 0.00988386 54.6456
    endloop
  endfacet
  facet normal 0.340732 0.497395 0.79781
    outer loop
      vertex 7.11026 -2.33643 54.3645
      vertex 6.91822 -2.89218 54.793
      vertex 6.9291 -2.87012 54.7746
    endloop
  endfacet
  facet normal 0.338925 0.498206 0.798073
    outer loop
      vertex 2.98578 -0.216994 54.793
      vertex 7.11026 -2.33643 54.3645
      vertex 3 0 54.6515
    endloop
  endfacet
  facet normal 0.339091 0.498532 0.797799
    outer loop
      vertex 3 0 54.6515
      vertex 7.11026 -2.33643 54.3645
      vertex 2.99935 0.00988386 54.6456
    endloop
  endfacet
  facet normal 0.338929 0.498215 0.798066
    outer loop
      vertex 7.11026 -2.33643 54.3645
      vertex 2.98578 -0.216994 54.793
      vertex 6.91822 -2.89218 54.793
    endloop
  endfacet
  facet normal -0.338911 -0.49819 -0.798089
    outer loop
      vertex 4.78621 -5.75678 55.2216
      vertex 1.29842 -2.69748 54.793
      vertex 5.22711 -5.37011 54.793
    endloop
  endfacet
  facet normal -0.338798 -0.498078 -0.798207
    outer loop
      vertex 4.78621 -5.75678 55.2216
      vertex 1.14805 -2.77164 54.9031
      vertex 1.29842 -2.69748 54.793
    endloop
  endfacet
  facet normal -0.339211 -0.498532 -0.797748
    outer loop
      vertex 1.14805 -2.77164 54.9031
      vertex 4.78621 -5.75678 55.2216
      vertex 1.08984 -2.7914 54.9402
    endloop
  endfacet
  facet normal -0.625308 -0.780324 -0.00917709
    outer loop
      vertex 1.08622 -2.79263 55.2907
      vertex 4.78621 -5.75678 55.2216
      vertex 4.78572 -5.7572 55.2907
    endloop
  endfacet
  facet normal -0.625308 -0.780324 -0.00919661
    outer loop
      vertex 4.78621 -5.75678 55.2216
      vertex 1.08622 -2.79263 55.2907
      vertex 1.08984 -2.7914 54.9402
    endloop
  endfacet
  facet normal 0.562448 0.826781 0.00917885
    outer loop
      vertex 2.98578 -0.216994 54.793
      vertex 6.91794 -2.89275 54.8615
      vertex 6.91822 -2.89218 54.793
    endloop
  endfacet
  facet normal 0.562448 0.826782 0.00921308
    outer loop
      vertex 6.91794 -2.89275 54.8615
      vertex 2.98578 -0.216994 54.793
      vertex 2.98553 -0.220733 55.1438
    endloop
  endfacet
  facet normal 0.37671 0.470075 0.798197
    outer loop
      vertex 2.97433 -0.391578 55.2497
      vertex 6.91794 -2.89275 54.8615
      vertex 2.98553 -0.220733 55.1438
    endloop
  endfacet
  facet normal 0.376543 0.469771 0.798455
    outer loop
      vertex 2.96238 -0.451686 55.2907
      vertex 6.91794 -2.89275 54.8615
      vertex 2.97433 -0.391578 55.2497
    endloop
  endfacet
  facet normal 0.376724 0.470115 0.798168
    outer loop
      vertex 6.91794 -2.89275 54.8615
      vertex 2.96238 -0.451686 55.2907
      vertex 6.66037 -3.41505 55.2907
    endloop
  endfacet
  facet normal -0.375235 -0.471888 -0.797822
    outer loop
      vertex 4.32193 -6.11304 55.7193
      vertex 4.78572 -5.7572 55.2907
      vertex 4.56571 -5.95015 55.5083
    endloop
  endfacet
  facet normal -0.376785 -0.470192 -0.798093
    outer loop
      vertex 4.32193 -6.11304 55.7193
      vertex 1.08622 -2.79263 55.2907
      vertex 4.78572 -5.7572 55.2907
    endloop
  endfacet
  facet normal -0.376771 -0.47018 -0.798107
    outer loop
      vertex 1.08622 -2.79263 55.2907
      vertex 4.32193 -6.11304 55.7193
      vertex 0.867341 -2.86693 55.4378
    endloop
  endfacet
  facet normal -0.684348 -0.729098 -0.00913329
    outer loop
      vertex 0.863877 -2.8681 55.7885
      vertex 4.32193 -6.11304 55.7193
      vertex 4.32139 -6.1134 55.7885
    endloop
  endfacet
  facet normal -0.684348 -0.729097 -0.00919198
    outer loop
      vertex 4.32193 -6.11304 55.7193
      vertex 0.863877 -2.8681 55.7885
      vertex 0.867341 -2.86693 55.4378
    endloop
  endfacet
  facet normal 0.625308 0.780324 0.00914758
    outer loop
      vertex 2.96238 -0.451686 55.2907
      vertex 6.66008 -3.41563 55.36
      vertex 6.66037 -3.41505 55.2907
    endloop
  endfacet
  facet normal 0.625307 0.780324 0.00920754
    outer loop
      vertex 6.66008 -3.41563 55.36
      vertex 2.96238 -0.451686 55.2907
      vertex 2.96167 -0.455254 55.6413
    endloop
  endfacet
  facet normal 0.410869 0.440337 0.798305
    outer loop
      vertex 6.66008 -3.41563 55.36
      vertex 6.3764 -3.92778 55.7885
      vertex 6.49519 -3.75 55.6293
    endloop
  endfacet
  facet normal 0.412378 0.439352 0.798069
    outer loop
      vertex 2.91685 -0.68057 55.7885
      vertex 6.66008 -3.41563 55.36
      vertex 2.96167 -0.455254 55.6413
    endloop
  endfacet
  facet normal 0.412363 0.439329 0.79809
    outer loop
      vertex 6.66008 -3.41563 55.36
      vertex 2.91685 -0.68057 55.7885
      vertex 6.3764 -3.92778 55.7885
    endloop
  endfacet
  facet normal -0.412336 -0.439299 -0.79812
    outer loop
      vertex 3.83632 -6.43751 56.2175
      vertex 0.863877 -2.8681 55.7885
      vertex 4.32139 -6.1134 55.7885
    endloop
  endfacet
  facet normal -0.412333 -0.439297 -0.798122
    outer loop
      vertex 3.83632 -6.43751 56.2175
      vertex 0.776457 -2.89778 55.85
      vertex 0.863877 -2.8681 55.7885
    endloop
  endfacet
  facet normal -0.4123 -0.439272 -0.798154
    outer loop
      vertex 0.776457 -2.89778 55.85
      vertex 3.83632 -6.43751 56.2175
      vertex 0.639878 -2.92494 55.9355
    endloop
  endfacet
  facet normal -0.739205 -0.673417 -0.00921297
    outer loop
      vertex 3.83632 -6.43751 56.2175
      vertex 0.63618 -2.92568 56.2863
      vertex 0.639878 -2.92494 55.9355
    endloop
  endfacet
  facet normal -0.739205 -0.673417 -0.00921815
    outer loop
      vertex 0.63618 -2.92568 56.2863
      vertex 3.83632 -6.43751 56.2175
      vertex 3.83579 -6.43787 56.2863
    endloop
  endfacet
  facet normal 0.684348 0.729098 0.00917083
    outer loop
      vertex 2.91685 -0.68057 55.7885
      vertex 6.37604 -3.92831 55.8575
      vertex 6.3764 -3.92778 55.7885
    endloop
  endfacet
  facet normal 0.684347 0.729098 0.00920069
    outer loop
      vertex 6.37604 -3.92831 55.8575
      vertex 2.91685 -0.68057 55.7885
      vertex 2.91611 -0.684301 56.1392
    endloop
  endfacet
  facet normal 0.445072 0.405357 0.798496
    outer loop
      vertex 2.89778 -0.776457 56.1962
      vertex 6.37604 -3.92831 55.8575
      vertex 2.91611 -0.684301 56.1392
    endloop
  endfacet
  facet normal 0.445608 0.406017 0.797862
    outer loop
      vertex 2.85399 -0.905452 56.2863
      vertex 6.37604 -3.92831 55.8575
      vertex 2.89778 -0.776457 56.1962
    endloop
  endfacet
  facet normal 0.445454 0.40581 0.798053
    outer loop
      vertex 6.37604 -3.92831 55.8575
      vertex 2.85399 -0.905452 56.2863
      vertex 6.051 -4.41478 56.2863
    endloop
  endfacet
  facet normal -0.446003 -0.404803 -0.798258
    outer loop
      vertex 3.31553 -6.70945 56.7147
      vertex 3.83579 -6.43787 56.2863
      vertex 3.75 -6.49519 56.3633
    endloop
  endfacet
  facet normal -0.445391 -0.405752 -0.798118
    outer loop
      vertex 3.31553 -6.70945 56.7147
      vertex 0.63618 -2.92568 56.2863
      vertex 3.83579 -6.43787 56.2863
    endloop
  endfacet
  facet normal -0.445334 -0.405717 -0.798167
    outer loop
      vertex 0.63618 -2.92568 56.2863
      vertex 3.31553 -6.70945 56.7147
      vertex 0.412681 -2.97014 56.4336
    endloop
  endfacet
  facet normal -0.789547 -0.613622 -0.00920017
    outer loop
      vertex 3.31553 -6.70945 56.7147
      vertex 0.409142 -2.97084 56.784
      vertex 0.412681 -2.97014 56.4336
    endloop
  endfacet
  facet normal -0.789547 -0.613623 -0.00908732
    outer loop
      vertex 0.409142 -2.97084 56.784
      vertex 3.31553 -6.70945 56.7147
      vertex 3.31495 -6.70973 56.784
    endloop
  endfacet
  facet normal 0.739206 0.673417 0.00921749
    outer loop
      vertex 6.05063 -4.41533 56.3552
      vertex 2.85399 -0.905452 56.2863
      vertex 2.8528 -0.908946 56.637
    endloop
  endfacet
  facet normal 0.739204 0.673417 0.00934521
    outer loop
      vertex 2.85399 -0.905452 56.2863
      vertex 6.05063 -4.41533 56.3552
      vertex 6.051 -4.41478 56.2863
    endloop
  endfacet
  facet normal 0.474305 0.371092 0.798326
    outer loop
      vertex 6.05063 -4.41533 56.3552
      vertex 5.684 -4.8692 56.784
      vertex 5.95015 -4.56571 56.4848
    endloop
  endfacet
  facet normal 0.475699 0.369694 0.798146
    outer loop
      vertex 2.77782 -1.12983 56.784
      vertex 6.05063 -4.41533 56.3552
      vertex 2.8528 -0.908946 56.637
    endloop
  endfacet
  facet normal 0.475733 0.369732 0.798108
    outer loop
      vertex 6.05063 -4.41533 56.3552
      vertex 2.77782 -1.12983 56.784
      vertex 5.684 -4.8692 56.784
    endloop
  endfacet
  facet normal -0.475648 -0.369922 -0.798071
    outer loop
      vertex 2.78742 -6.95717 57.2131
      vertex 3.31495 -6.70973 56.784
      vertex 2.87012 -6.9291 57.1508
    endloop
  endfacet
  facet normal -0.475749 -0.369745 -0.798093
    outer loop
      vertex 2.78742 -6.95717 57.2131
      vertex 0.409142 -2.97084 56.784
      vertex 3.31495 -6.70973 56.784
    endloop
  endfacet
  facet normal -0.476105 -0.369925 -0.797797
    outer loop
      vertex 2.78742 -6.95717 57.2131
      vertex 0.391578 -2.97433 56.7961
      vertex 0.409142 -2.97084 56.784
    endloop
  endfacet
  facet normal -0.475732 -0.369734 -0.798108
    outer loop
      vertex 0.391578 -2.97433 56.7961
      vertex 2.78742 -6.95717 57.2131
      vertex 0.176238 -2.98845 56.931
    endloop
  endfacet
  facet normal -0.835064 -0.550076 -0.00920068
    outer loop
      vertex 2.78742 -6.95717 57.2131
      vertex 0.172531 -2.98869 57.2818
      vertex 0.176238 -2.98845 56.931
    endloop
  endfacet
  facet normal -0.835064 -0.550076 -0.00921769
    outer loop
      vertex 0.172531 -2.98869 57.2818
      vertex 2.78742 -6.95717 57.2131
      vertex 2.7868 -6.95738 57.2818
    endloop
  endfacet
  facet normal 0.789546 0.613622 0.00918595
    outer loop
      vertex 5.68357 -4.86969 56.8533
      vertex 2.77782 -1.12983 56.784
      vertex 2.77658 -1.13348 57.1344
    endloop
  endfacet
  facet normal 0.789546 0.613622 0.0092378
    outer loop
      vertex 2.77782 -1.12983 56.784
      vertex 5.68357 -4.86969 56.8533
      vertex 5.684 -4.8692 56.784
    endloop
  endfacet
  facet normal 0.49089 0.344437 0.800244
    outer loop
      vertex 5.68357 -4.86969 56.8533
      vertex 5.29462 -5.31091 57.2818
      vertex 5.3033 -5.3033 57.2732
    endloop
  endfacet
  facet normal 0.504215 0.33234 0.797068
    outer loop
      vertex 2.77164 -1.14805 57.1436
      vertex 5.68357 -4.86969 56.8533
      vertex 2.77658 -1.13348 57.1344
    endloop
  endfacet
  facet normal 0.503175 0.331446 0.798097
    outer loop
      vertex 2.67779 -1.33835 57.2818
      vertex 5.68357 -4.86969 56.8533
      vertex 2.77164 -1.14805 57.1436
    endloop
  endfacet
  facet normal 0.503202 0.331472 0.798069
    outer loop
      vertex 5.68357 -4.86969 56.8533
      vertex 2.67779 -1.33835 57.2818
      vertex 5.29462 -5.31091 57.2818
    endloop
  endfacet
  facet normal -0.503122 -0.331419 -0.798141
    outer loop
      vertex 2.23126 -7.14596 57.7103
      vertex 0.172531 -2.98869 57.2818
      vertex 2.7868 -6.95738 57.2818
    endloop
  endfacet
  facet normal -0.503258 -0.331475 -0.798032
    outer loop
      vertex 2.23126 -7.14596 57.7103
      vertex 0 -3 57.3953
      vertex 0.172531 -2.98869 57.2818
    endloop
  endfacet
  facet normal -0.502789 -0.331252 -0.79842
    outer loop
      vertex 0 -3 57.3953
      vertex 2.23126 -7.14596 57.7103
      vertex -0.0559329 -2.99633 57.429
    endloop
  endfacet
  facet normal -0.875478 -0.48317 -0.00920557
    outer loop
      vertex 2.23126 -7.14596 57.7103
      vertex -0.0597574 -2.99608 57.7796
      vertex -0.0559329 -2.99633 57.429
    endloop
  endfacet
  facet normal -0.875478 -0.483171 -0.00917038
    outer loop
      vertex -0.0597574 -2.99608 57.7796
      vertex 2.23126 -7.14596 57.7103
      vertex 2.23065 -7.14617 57.7796
    endloop
  endfacet
  facet normal 0.835063 0.550077 0.00918077
    outer loop
      vertex 5.29414 -5.31133 57.3502
      vertex 2.67779 -1.33835 57.2818
      vertex 2.67614 -1.3417 57.6326
    endloop
  endfacet
  facet normal 0.835062 0.550078 0.00923776
    outer loop
      vertex 2.67779 -1.33835 57.2818
      vertex 5.29414 -5.31133 57.3502
      vertex 5.29462 -5.31091 57.2818
    endloop
  endfacet
  facet normal 0.527415 0.29105 0.7982
    outer loop
      vertex 2.59808 -1.5 57.7419
      vertex 5.29414 -5.31133 57.3502
      vertex 2.67614 -1.3417 57.6326
    endloop
  endfacet
  facet normal 0.527898 0.291439 0.797739
    outer loop
      vertex 2.56688 -1.54668 57.7796
      vertex 5.29414 -5.31133 57.3502
      vertex 2.59808 -1.5 57.7419
    endloop
  endfacet
  facet normal 0.527559 0.291156 0.798066
    outer loop
      vertex 5.29414 -5.31133 57.3502
      vertex 2.56688 -1.54668 57.7796
      vertex 4.85642 -5.6952 57.7796
    endloop
  endfacet
  facet normal -0.526719 -0.293055 -0.797926
    outer loop
      vertex 1.66658 -7.29906 58.2081
      vertex 2.23065 -7.14617 57.7796
      vertex 1.94114 -7.24444 58.0068
    endloop
  endfacet
  facet normal -0.527437 -0.291089 -0.798171
    outer loop
      vertex 1.66658 -7.29906 58.2081
      vertex -0.0597574 -2.99608 57.7796
      vertex 2.23065 -7.14617 57.7796
    endloop
  endfacet
  facet normal -0.52731 -0.291048 -0.79827
    outer loop
      vertex -0.0597574 -2.99608 57.7796
      vertex 1.66658 -7.29906 58.2081
      vertex -0.290645 -2.98095 57.9266
    endloop
  endfacet
  facet normal -0.910543 -0.413312 -0.00920424
    outer loop
      vertex 1.66658 -7.29906 58.2081
      vertex -0.294299 -2.98071 58.2773
      vertex -0.290645 -2.98095 57.9266
    endloop
  endfacet
  facet normal -0.910543 -0.413313 -0.00913794
    outer loop
      vertex -0.294299 -2.98071 58.2773
      vertex 1.66658 -7.29906 58.2081
      vertex 1.66594 -7.29918 58.2773
    endloop
  endfacet
  facet normal 0.875478 0.483171 0.00922246
    outer loop
      vertex 4.85593 -5.69563 57.8489
      vertex 2.56688 -1.54668 57.7796
      vertex 2.56486 -1.54971 58.1301
    endloop
  endfacet
  facet normal 0.875478 0.48317 0.00918828
    outer loop
      vertex 2.56688 -1.54668 57.7796
      vertex 4.85593 -5.69563 57.8489
      vertex 4.85642 -5.6952 57.7796
    endloop
  endfacet
  facet normal 0.548204 0.249595 0.798232
    outer loop
      vertex 4.85593 -5.69563 57.8489
      vertex 4.3988 -6.06167 58.2773
      vertex 4.56571 -5.95015 58.1278
    endloop
  endfacet
  facet normal 0.548654 0.24906 0.79809
    outer loop
      vertex 2.43736 -1.74053 58.2773
      vertex 4.85593 -5.69563 57.8489
      vertex 2.56486 -1.54971 58.1301
    endloop
  endfacet
  facet normal 0.548591 0.249015 0.798148
    outer loop
      vertex 4.85593 -5.69563 57.8489
      vertex 2.43736 -1.74053 58.2773
      vertex 4.3988 -6.06167 58.2773
    endloop
  endfacet
  facet normal -0.548655 -0.249046 -0.798094
    outer loop
      vertex 1.09358 -7.41303 58.7063
      vertex -0.294299 -2.98071 58.2773
      vertex 1.66594 -7.29918 58.2773
    endloop
  endfacet
  facet normal -0.548742 -0.249066 -0.798028
    outer loop
      vertex 1.09358 -7.41303 58.7063
      vertex -0.391578 -2.97433 58.3422
      vertex -0.294299 -2.98071 58.2773
    endloop
  endfacet
  facet normal -0.548442 -0.248985 -0.798259
    outer loop
      vertex -0.391578 -2.97433 58.3422
      vertex 1.09358 -7.41303 58.7063
      vertex -0.522933 -2.94821 58.4243
    endloop
  endfacet
  facet normal -0.940044 -0.340929 -0.00920113
    outer loop
      vertex 1.09358 -7.41303 58.7063
      vertex -0.526635 -2.94747 58.7751
      vertex -0.522933 -2.94821 58.4243
    endloop
  endfacet
  facet normal -0.940044 -0.340928 -0.00925215
    outer loop
      vertex -0.526635 -2.94747 58.7751
      vertex 1.09358 -7.41303 58.7063
      vertex 1.09295 -7.41316 58.7751
    endloop
  endfacet
  facet normal 0.910543 0.413312 0.00920249
    outer loop
      vertex 4.39827 -6.06203 58.3463
      vertex 2.43736 -1.74053 58.2773
      vertex 2.43525 -1.74369 58.628
    endloop
  endfacet
  facet normal 0.910544 0.413312 0.00915044
    outer loop
      vertex 2.43736 -1.74053 58.2773
      vertex 4.39827 -6.06203 58.3463
      vertex 4.3988 -6.06167 58.2773
    endloop
  endfacet
  facet normal 0.56628 0.205347 0.798223
    outer loop
      vertex 2.38006 -1.82628 58.6884
      vertex 4.39827 -6.06203 58.3463
      vertex 2.43525 -1.74369 58.628
    endloop
  endfacet
  facet normal 0.566543 0.205491 0.797999
    outer loop
      vertex 2.29367 -1.92479 58.7751
      vertex 4.39827 -6.06203 58.3463
      vertex 2.38006 -1.82628 58.6884
    endloop
  endfacet
  facet normal 0.566455 0.205438 0.798075
    outer loop
      vertex 4.39827 -6.06203 58.3463
      vertex 2.29367 -1.92479 58.7751
      vertex 3.91198 -6.38696 58.7751
    endloop
  endfacet
  facet normal -0.566894 -0.202731 -0.798456
    outer loop
      vertex 0.508692 -7.46666 59.2035
      vertex 1.09295 -7.41316 58.7751
      vertex 0.978946 -7.43584 58.8618
    endloop
  endfacet
  facet normal -0.566401 -0.205418 -0.798119
    outer loop
      vertex 0.508692 -7.46666 59.2035
      vertex -0.526635 -2.94747 58.7751
      vertex 1.09295 -7.41316 58.7751
    endloop
  endfacet
  facet normal -0.566391 -0.205417 -0.798126
    outer loop
      vertex -0.526635 -2.94747 58.7751
      vertex 0.508692 -7.46666 59.2035
      vertex -0.750341 -2.90297 58.9224
    endloop
  endfacet
  facet normal -0.963802 -0.266462 -0.00921297
    outer loop
      vertex 0.508692 -7.46666 59.2035
      vertex -0.753884 -2.90227 59.2728
      vertex -0.750341 -2.90297 58.9224
    endloop
  endfacet
  facet normal -0.963802 -0.266462 -0.0092077
    outer loop
      vertex -0.753884 -2.90227 59.2728
      vertex 0.508692 -7.46666 59.2035
      vertex 0.508041 -7.4667 59.2728
    endloop
  endfacet
  facet normal 0.940044 0.340928 0.00920638
    outer loop
      vertex 3.91143 -6.38732 58.8441
      vertex 2.29367 -1.92479 58.7751
      vertex 2.29124 -1.92756 59.1258
    endloop
  endfacet
  facet normal 0.940043 0.340929 0.00927186
    outer loop
      vertex 2.29367 -1.92479 58.7751
      vertex 3.91143 -6.38732 58.8441
      vertex 3.91198 -6.38696 58.7751
    endloop
  endfacet
  facet normal 0.581402 0.158888 0.797951
    outer loop
      vertex 3.91143 -6.38732 58.8441
      vertex 3.39974 -6.66792 59.2728
      vertex 3.75 -6.49519 58.9832
    endloop
  endfacet
  facet normal 0.580663 0.160534 0.79816
    outer loop
      vertex 2.13761 -2.10274 59.2728
      vertex 3.91143 -6.38732 58.8441
      vertex 2.29124 -1.92756 59.1258
    endloop
  endfacet
  facet normal 0.580669 0.160537 0.798155
    outer loop
      vertex 3.91143 -6.38732 58.8441
      vertex 2.13761 -2.10274 59.2728
      vertex 3.39974 -6.66792 59.2728
    endloop
  endfacet
  facet normal -0.581274 -0.156862 -0.798445
    outer loop
      vertex -0.0738328 -7.49516 59.702
      vertex 0.508041 -7.4667 59.2728
      vertex 0 -7.5 59.6492
    endloop
  endfacet
  facet normal -0.580802 -0.160574 -0.798051
    outer loop
      vertex -0.0738328 -7.49516 59.702
      vertex -0.753884 -2.90227 59.2728
      vertex 0.508041 -7.4667 59.2728
    endloop
  endfacet
  facet normal -0.582578 -0.160713 -0.796727
    outer loop
      vertex -0.0738328 -7.49516 59.702
      vertex -0.776457 -2.89778 59.2884
      vertex -0.753884 -2.90227 59.2728
    endloop
  endfacet
  facet normal -0.580558 -0.16054 -0.798235
    outer loop
      vertex -0.776457 -2.89778 59.2884
      vertex -0.0738328 -7.49516 59.702
      vertex -0.97584 -2.8301 59.4198
    endloop
  endfacet
  facet normal -0.98167 -0.190366 -0.00920188
    outer loop
      vertex -0.0738328 -7.49516 59.702
      vertex -0.979361 -2.8289 59.7706
      vertex -0.97584 -2.8301 59.4198
    endloop
  endfacet
  facet normal -0.98167 -0.190366 -0.00921773
    outer loop
      vertex -0.979361 -2.8289 59.7706
      vertex -0.0738328 -7.49516 59.702
      vertex -0.0744847 -7.49512 59.7706
    endloop
  endfacet
  facet normal 0.963802 0.266462 0.00918915
    outer loop
      vertex 3.39916 -6.6682 59.3421
      vertex 2.13761 -2.10274 59.2728
      vertex 2.13507 -2.10564 59.6233
    endloop
  endfacet
  facet normal 0.963802 0.266461 0.00914307
    outer loop
      vertex 2.13761 -2.10274 59.2728
      vertex 3.39916 -6.6682 59.3421
      vertex 3.39974 -6.66792 59.2728
    endloop
  endfacet
  facet normal 0.590278 0.114293 0.799067
    outer loop
      vertex 2.12132 -2.12132 59.6357
      vertex 3.39916 -6.6682 59.3421
      vertex 2.13507 -2.10564 59.6233
    endloop
  endfacet
  facet normal 0.591512 0.114702 0.798096
    outer loop
      vertex 1.96576 -2.25774 59.7706
      vertex 3.39916 -6.6682 59.3421
      vertex 2.12132 -2.12132 59.6357
    endloop
  endfacet
  facet normal 0.591539 0.114713 0.798074
    outer loop
      vertex 3.39916 -6.6682 59.3421
      vertex 1.96576 -2.25774 59.7706
      vertex 2.87151 -6.92841 59.7706
    endloop
  endfacet
  facet normal -0.591469 -0.114698 -0.798129
    outer loop
      vertex -0.660148 -7.45673 60.1991
      vertex -0.979361 -2.8289 59.7706
      vertex -0.0744847 -7.49512 59.7706
    endloop
  endfacet
  facet normal -0.591527 -0.114698 -0.798086
    outer loop
      vertex -0.660148 -7.45673 60.1991
      vertex -1.14805 -2.77164 59.8874
      vertex -0.979361 -2.8289 59.7706
    endloop
  endfacet
  facet normal -0.591059 -0.114673 -0.798436
    outer loop
      vertex -1.14805 -2.77164 59.8874
      vertex -0.660148 -7.45673 60.1991
      vertex -1.19346 -2.74925 59.9178
    endloop
  endfacet
  facet normal -0.99354 -0.113108 -0.00919993
    outer loop
      vertex -0.660148 -7.45673 60.1991
      vertex -1.1969 -2.74755 60.2684
      vertex -1.19346 -2.74925 59.9178
    endloop
  endfacet
  facet normal -0.99354 -0.113108 -0.00921062
    outer loop
      vertex -1.1969 -2.74755 60.2684
      vertex -0.660148 -7.45673 60.1991
      vertex -0.660795 -7.45669 60.2684
    endloop
  endfacet
  facet normal 0.98167 0.190367 0.00919839
    outer loop
      vertex 2.87092 -6.9287 59.839
      vertex 1.96576 -2.25774 59.7706
      vertex 1.96295 -2.2602 60.1214
    endloop
  endfacet
  facet normal 0.981669 0.190368 0.00927473
    outer loop
      vertex 1.96576 -2.25774 59.7706
      vertex 2.87092 -6.9287 59.839
      vertex 2.87151 -6.92841 59.7706
    endloop
  endfacet
  facet normal 0.637436 -0.137732 0.758093
    outer loop
      vertex 2.87092 -6.9287 59.839
      vertex 2.31979 -7.11591 60.2684
      vertex 2.87012 -6.9291 59.8396
    endloop
  endfacet
  facet normal 0.598493 0.0681148 0.798227
    outer loop
      vertex 1.82628 -2.38006 60.2341
      vertex 2.87092 -6.9287 59.839
      vertex 1.96295 -2.2602 60.1214
    endloop
  endfacet
  facet normal 0.599355 0.0683708 0.797558
    outer loop
      vertex 1.78387 -2.4084 60.2684
      vertex 2.87092 -6.9287 59.839
      vertex 1.82628 -2.38006 60.2341
    endloop
  endfacet
  facet normal 0.598666 0.0681543 0.798094
    outer loop
      vertex 2.87092 -6.9287 59.839
      vertex 1.78387 -2.4084 60.2684
      vertex 2.31979 -7.11591 60.2684
    endloop
  endfacet
  facet normal -0.598552 -0.0681413 -0.798181
    outer loop
      vertex -0.978946 -7.43584 60.5052
      vertex -1.1969 -2.74755 60.2684
      vertex -0.660795 -7.45669 60.2684
    endloop
  endfacet
  facet normal -0.598727 -0.0681428 -0.798049
    outer loop
      vertex -1.24052 -7.38381 60.697
      vertex -1.1969 -2.74755 60.2684
      vertex -0.978946 -7.43584 60.5052
    endloop
  endfacet
  facet normal -0.598465 -0.0681632 -0.798244
    outer loop
      vertex -1.1969 -2.74755 60.2684
      vertex -1.24052 -7.38381 60.697
      vertex -1.40464 -2.6451 60.4154
    endloop
  endfacet
  facet normal -0.999339 -0.0351585 -0.00921263
    outer loop
      vertex -1.24052 -7.38381 60.697
      vertex -1.40793 -2.64348 60.7661
      vertex -1.40464 -2.6451 60.4154
    endloop
  endfacet
  facet normal -0.999339 -0.0351588 -0.00918968
    outer loop
      vertex -1.40793 -2.64348 60.7661
      vertex -1.24052 -7.38381 60.697
      vertex -1.24116 -7.38368 60.7661
    endloop
  endfacet
  facet normal 0.99354 0.113108 0.00921246
    outer loop
      vertex 2.31917 -7.11612 60.3377
      vertex 1.78387 -2.4084 60.2684
      vertex 1.78085 -2.41042 60.6189
    endloop
  endfacet
  facet normal 0.99354 0.113108 0.00923156
    outer loop
      vertex 1.78387 -2.4084 60.2684
      vertex 2.31917 -7.11612 60.3377
      vertex 2.31979 -7.11591 60.2684
    endloop
  endfacet
  facet normal 0.60211 0.0211857 0.798132
    outer loop
      vertex 1.59021 -2.5378 60.7661
      vertex 2.31917 -7.11612 60.3377
      vertex 1.78085 -2.41042 60.6189
    endloop
  endfacet
  facet normal 0.602121 0.021188 0.798124
    outer loop
      vertex 2.31917 -7.11612 60.3377
      vertex 1.59021 -2.5378 60.7661
      vertex 1.94114 -7.24444 60.6263
    endloop
  endfacet
  facet normal 0.602058 0.021182 0.798171
    outer loop
      vertex 1.94114 -7.24444 60.6263
      vertex 1.59021 -2.5378 60.7661
      vertex 1.75709 -7.28105 60.7661
    endloop
  endfacet
  facet normal -0.602199 -0.0211866 -0.798065
    outer loop
      vertex -1.8137 -7.26979 61.1951
      vertex -1.40793 -2.64348 60.7661
      vertex -1.24116 -7.38368 60.7661
    endloop
  endfacet
  facet normal -0.602367 -0.0211602 -0.797939
    outer loop
      vertex -1.40793 -2.64348 60.7661
      vertex -1.8137 -7.26979 61.1951
      vertex -1.5 -2.59808 60.8344
    endloop
  endfacet
  facet normal -0.602278 -0.0211713 -0.798006
    outer loop
      vertex -1.5 -2.59808 60.8344
      vertex -1.8137 -7.26979 61.1951
      vertex -1.60692 -2.52663 60.9132
    endloop
  endfacet
  facet normal -0.999032 0.0430063 -0.00920238
    outer loop
      vertex -1.8137 -7.26979 61.1951
      vertex -1.61006 -2.52453 61.2639
      vertex -1.60692 -2.52663 60.9132
    endloop
  endfacet
  facet normal -0.999032 0.0430066 -0.00922313
    outer loop
      vertex -1.61006 -2.52453 61.2639
      vertex -1.8137 -7.26979 61.1951
      vertex -1.81433 -7.26967 61.2639
    endloop
  endfacet
  facet normal 0.999339 0.0351598 0.00921614
    outer loop
      vertex 1.75646 -7.28118 60.8351
      vertex 1.59021 -2.5378 60.7661
      vertex 1.58705 -2.53991 61.1168
    endloop
  endfacet
  facet normal 0.999339 0.0351594 0.00919065
    outer loop
      vertex 1.59021 -2.5378 60.7661
      vertex 1.75646 -7.28118 60.8351
      vertex 1.75709 -7.28105 60.7661
    endloop
  endfacet
  facet normal 0.602144 -0.0258956 0.797967
    outer loop
      vertex 1.5 -2.59808 61.1806
      vertex 1.75646 -7.28118 60.8351
      vertex 1.58705 -2.53991 61.1168
    endloop
  endfacet
  facet normal 0.601923 -0.02592 0.798134
    outer loop
      vertex 1.38715 -2.65373 61.2639
      vertex 1.75646 -7.28118 60.8351
      vertex 1.5 -2.59808 61.1806
    endloop
  endfacet
  facet normal 0.601968 -0.0259132 0.798099
    outer loop
      vertex 1.75646 -7.28118 60.8351
      vertex 1.38715 -2.65373 61.2639
      vertex 1.18304 -7.39524 61.2639
    endloop
  endfacet
  facet normal -0.601938 0.0259124 -0.798122
    outer loop
      vertex -2.37493 -7.09719 61.6923
      vertex -1.61006 -2.52453 61.2639
      vertex -1.81433 -7.26967 61.2639
    endloop
  endfacet
  facet normal -0.60122 0.0293002 -0.798547
    outer loop
      vertex -2.37493 -7.09719 61.6923
      vertex -1.81433 -7.26967 61.2639
      vertex -1.94114 -7.24444 61.3603
    endloop
  endfacet
  facet normal -0.601971 0.0259204 -0.798097
    outer loop
      vertex -1.61006 -2.52453 61.2639
      vertex -2.37493 -7.09719 61.6923
      vertex -1.79989 -2.3977 61.4112
    endloop
  endfacet
  facet normal -0.992621 0.120908 -0.00922036
    outer loop
      vertex -2.37493 -7.09719 61.6923
      vertex -1.8029 -2.39569 61.7616
      vertex -1.79989 -2.3977 61.4112
    endloop
  endfacet
  facet normal -0.992622 0.120906 -0.00910375
    outer loop
      vertex -1.8029 -2.39569 61.7616
      vertex -2.37493 -7.09719 61.6923
      vertex -2.37554 -7.09698 61.7616
    endloop
  endfacet
  facet normal 0.999032 -0.0430056 0.00920199
    outer loop
      vertex 1.1824 -7.39537 61.3329
      vertex 1.38715 -2.65373 61.2639
      vertex 1.38385 -2.65535 61.6146
    endloop
  endfacet
  facet normal 0.999033 -0.0430058 0.00918536
    outer loop
      vertex 1.38715 -2.65373 61.2639
      vertex 1.1824 -7.39537 61.3329
      vertex 1.18304 -7.39524 61.2639
    endloop
  endfacet
  facet normal 0.598016 -0.0728507 0.798167
    outer loop
      vertex 1.17511 -2.75829 61.7616
      vertex 1.1824 -7.39537 61.3329
      vertex 1.38385 -2.65535 61.6146
    endloop
  endfacet
  facet normal 0.598163 -0.0728403 0.798057
    outer loop
      vertex 1.17511 -2.75829 61.7616
      vertex 0.978946 -7.43584 61.4817
      vertex 1.1824 -7.39537 61.3329
    endloop
  endfacet
  facet normal 0.598004 -0.0728408 0.798176
    outer loop
      vertex 0.978946 -7.43584 61.4817
      vertex 1.17511 -2.75829 61.7616
      vertex 0.602348 -7.46052 61.7616
    endloop
  endfacet
  facet normal -0.598125 0.0728546 -0.798084
    outer loop
      vertex -2.92451 -6.90228 62.1908
      vertex -1.8029 -2.39569 61.7616
      vertex -2.37554 -7.09698 61.7616
    endloop
  endfacet
  facet normal -0.599067 0.0731588 -0.79735
    outer loop
      vertex -1.8029 -2.39569 61.7616
      vertex -2.92451 -6.90228 62.1908
      vertex -1.82628 -2.38006 61.7806
    endloop
  endfacet
  facet normal -0.598441 0.0716785 -0.797954
    outer loop
      vertex -2.92451 -6.90228 62.1908
      vertex -2.37554 -7.09698 61.7616
      vertex -2.87012 -6.9291 62.1476
    endloop
  endfacet
  facet normal -0.598006 0.0728261 -0.798177
    outer loop
      vertex -1.82628 -2.38006 61.7806
      vertex -2.92451 -6.90228 62.1908
      vertex -1.98064 -2.24469 61.9086
    endloop
  endfacet
  facet normal -0.980145 0.19807 -0.00920661
    outer loop
      vertex -2.92451 -6.90228 62.1908
      vertex -1.98344 -2.24224 62.2594
      vertex -1.98064 -2.24469 61.9086
    endloop
  endfacet
  facet normal -0.980146 0.198069 -0.00912426
    outer loop
      vertex -1.98344 -2.24224 62.2594
      vertex -2.92451 -6.90228 62.1908
      vertex -2.92509 -6.90199 62.2594
    endloop
  endfacet
  facet normal 0.992621 -0.120908 0.00920889
    outer loop
      vertex 0.6017 -7.46056 61.8309
      vertex 1.17511 -2.75829 61.7616
      vertex 1.17165 -2.76 62.1121
    endloop
  endfacet
  facet normal 0.992621 -0.120908 0.00921186
    outer loop
      vertex 1.17511 -2.75829 61.7616
      vertex 0.6017 -7.46056 61.8309
      vertex 0.602348 -7.46052 61.7616
    endloop
  endfacet
  facet normal 0.590053 -0.119313 0.7985
    outer loop
      vertex 1.14805 -2.77164 62.1278
      vertex 0.6017 -7.46056 61.8309
      vertex 1.17165 -2.76 62.1121
    endloop
  endfacet
  facet normal 0.59061 -0.119352 0.798082
    outer loop
      vertex 0.957124 -2.83645 62.2594
      vertex 0.6017 -7.46056 61.8309
      vertex 1.14805 -2.77164 62.1278
    endloop
  endfacet
  facet normal 0.590607 -0.119352 0.798084
    outer loop
      vertex 0.6017 -7.46056 61.8309
      vertex 0.957124 -2.83645 62.2594
      vertex 0.0148985 -7.49902 62.2594
    endloop
  endfacet
  facet normal -0.590561 0.119342 -0.79812
    outer loop
      vertex -3.45171 -6.64229 62.6879
      vertex -1.98344 -2.24224 62.2594
      vertex -2.92509 -6.90199 62.2594
    endloop
  endfacet
  facet normal -0.59055 0.119337 -0.798129
    outer loop
      vertex -1.98344 -2.24224 62.2594
      vertex -3.45171 -6.64229 62.6879
      vertex -2.12132 -2.12132 62.3795
    endloop
  endfacet
  facet normal -0.590167 0.119204 -0.798432
    outer loop
      vertex -2.12132 -2.12132 62.3795
      vertex -3.45171 -6.64229 62.6879
      vertex -2.15112 -2.08734 62.4066
    endloop
  endfacet
  facet normal -0.961679 0.274023 -0.00919845
    outer loop
      vertex -3.45171 -6.64229 62.6879
      vertex -2.15365 -2.08445 62.7572
      vertex -2.15112 -2.08734 62.4066
    endloop
  endfacet
  facet normal -0.961679 0.274023 -0.00919539
    outer loop
      vertex -2.15365 -2.08445 62.7572
      vertex -3.45171 -6.64229 62.6879
      vertex -3.45229 -6.642 62.7572
    endloop
  endfacet
  facet normal 0.980145 -0.19807 0.00920772
    outer loop
      vertex 0.0142471 -7.49907 62.3278
      vertex 0.957124 -2.83645 62.2594
      vertex 0.953586 -2.83765 62.6102
    endloop
  endfacet
  facet normal 0.980145 -0.19807 0.00918951
    outer loop
      vertex 0.957124 -2.83645 62.2594
      vertex 0.0142471 -7.49907 62.3278
      vertex 0.0148985 -7.49902 62.2594
    endloop
  endfacet
  facet normal 0.57926 -0.165089 0.798251
    outer loop
      vertex 0.776457 -2.89778 62.7263
      vertex 0.0142471 -7.49907 62.3278
      vertex 0.953586 -2.83765 62.6102
    endloop
  endfacet
  facet normal 0.580394 -0.165203 0.797403
    outer loop
      vertex 0.731456 -2.90673 62.7572
      vertex 0.0142471 -7.49907 62.3278
      vertex 0.776457 -2.89778 62.7263
    endloop
  endfacet
  facet normal 0.58123 -0.165275 0.796778
    outer loop
      vertex 0.731456 -2.90673 62.7572
      vertex 0 -7.5 62.338
      vertex 0.0142471 -7.49907 62.3278
    endloop
  endfacet
  facet normal 0.579468 -0.165115 0.798094
    outer loop
      vertex 0 -7.5 62.338
      vertex 0.731456 -2.90673 62.7572
      vertex -0.566774 -7.46285 62.7572
    endloop
  endfacet
  facet normal -0.579414 0.1651 -0.798137
    outer loop
      vertex -3.96073 -6.35439 63.1858
      vertex -2.15365 -2.08445 62.7572
      vertex -3.45229 -6.642 62.7572
    endloop
  endfacet
  facet normal -0.579527 0.164853 -0.798105
    outer loop
      vertex -3.96073 -6.35439 63.1858
      vertex -3.45229 -6.642 62.7572
      vertex -3.75 -6.49519 63.0037
    endloop
  endfacet
  facet normal -0.579297 0.165041 -0.798233
    outer loop
      vertex -2.15365 -2.08445 62.7572
      vertex -3.96073 -6.35439 63.1858
      vertex -2.30654 -1.91012 62.9042
    endloop
  endfacet
  facet normal -0.937338 0.3483 -0.0092092
    outer loop
      vertex -3.96073 -6.35439 63.1858
      vertex -2.30896 -1.90736 63.2549
      vertex -2.30654 -1.91012 62.9042
    endloop
  endfacet
  facet normal -0.937338 0.3483 -0.00919007
    outer loop
      vertex -2.30896 -1.90736 63.2549
      vertex -3.96073 -6.35439 63.1858
      vertex -3.96127 -6.35402 63.2549
    endloop
  endfacet
  facet normal 0.961679 -0.274023 0.00920164
    outer loop
      vertex -0.567425 -7.46281 62.8265
      vertex 0.731456 -2.90673 62.7572
      vertex 0.7279 -2.90744 63.1077
    endloop
  endfacet
  facet normal 0.961679 -0.274023 0.00919212
    outer loop
      vertex 0.731456 -2.90673 62.7572
      vertex -0.567425 -7.46281 62.8265
      vertex -0.566774 -7.46285 62.7572
    endloop
  endfacet
  facet normal 0.564711 -0.209846 0.798164
    outer loop
      vertex 0.503244 -2.95212 63.2549
      vertex -0.567425 -7.46281 62.8265
      vertex 0.7279 -2.90744 63.1077
    endloop
  endfacet
  facet normal 0.564777 -0.209857 0.798114
    outer loop
      vertex 0.503244 -2.95212 63.2549
      vertex -0.978946 -7.43584 63.1248
      vertex -0.567425 -7.46281 62.8265
    endloop
  endfacet
  facet normal 0.564692 -0.209831 0.798182
    outer loop
      vertex -0.978946 -7.43584 63.1248
      vertex 0.503244 -2.95212 63.2549
      vertex -1.15018 -7.40177 63.2549
    endloop
  endfacet
  facet normal -0.564783 0.209864 -0.798109
    outer loop
      vertex -4.44681 -6.0296 63.6838
      vertex -2.30896 -1.90736 63.2549
      vertex -3.96127 -6.35402 63.2549
    endloop
  endfacet
  facet normal -0.56507 0.21004 -0.797859
    outer loop
      vertex -2.30896 -1.90736 63.2549
      vertex -4.44681 -6.0296 63.6838
      vertex -2.38006 -1.82628 63.3266
    endloop
  endfacet
  facet normal -0.564744 0.209855 -0.798138
    outer loop
      vertex -2.38006 -1.82628 63.3266
      vertex -4.44681 -6.0296 63.6838
      vertex -2.44854 -1.7238 63.402
    endloop
  endfacet
  facet normal -0.907269 0.420451 -0.00919726
    outer loop
      vertex -4.44681 -6.0296 63.6838
      vertex -2.45064 -1.72066 63.7527
      vertex -2.44854 -1.7238 63.402
    endloop
  endfacet
  facet normal -0.907269 0.42045 -0.00917583
    outer loop
      vertex -2.45064 -1.72066 63.7527
      vertex -4.44681 -6.0296 63.6838
      vertex -4.44734 -6.02924 63.7527
    endloop
  endfacet
  facet normal 0.937338 -0.3483 0.00920774
    outer loop
      vertex -1.15081 -7.40165 63.3239
      vertex 0.503244 -2.95212 63.2549
      vertex 0.499524 -2.95286 63.6056
    endloop
  endfacet
  facet normal 0.937338 -0.348301 0.00916404
    outer loop
      vertex 0.503244 -2.95212 63.2549
      vertex -1.15081 -7.40165 63.3239
      vertex -1.15018 -7.40177 63.2549
    endloop
  endfacet
  facet normal 0.546548 -0.253291 0.798204
    outer loop
      vertex 0.391578 -2.97433 63.6727
      vertex -1.15081 -7.40165 63.3239
      vertex 0.499524 -2.95286 63.6056
    endloop
  endfacet
  facet normal 0.546915 -0.253397 0.797918
    outer loop
      vertex 0.271207 -2.98222 63.7527
      vertex -1.15081 -7.40165 63.3239
      vertex 0.391578 -2.97433 63.6727
    endloop
  endfacet
  facet normal 0.546655 -0.253332 0.798118
    outer loop
      vertex -1.15081 -7.40165 63.3239
      vertex 0.271207 -2.98222 63.7527
      vertex -1.72402 -7.28763 63.7527
    endloop
  endfacet
  facet normal -0.546645 0.253329 -0.798125
    outer loop
      vertex -4.90022 -5.65679 64.1811
      vertex -2.45064 -1.72066 63.7527
      vertex -4.44734 -6.02924 63.7527
    endloop
  endfacet
  facet normal -0.547379 0.25225 -0.797964
    outer loop
      vertex -4.90022 -5.65679 64.1811
      vertex -4.44734 -6.02924 63.7527
      vertex -4.56571 -5.95015 63.8589
    endloop
  endfacet
  facet normal -0.546712 0.253377 -0.798064
    outer loop
      vertex -2.45064 -1.72066 63.7527
      vertex -4.90022 -5.65679 64.1811
      vertex -2.5776 -1.53065 63.9
    endloop
  endfacet
  facet normal -0.871656 0.490031 -0.00920691
    outer loop
      vertex -4.90022 -5.65679 64.1811
      vertex -2.57961 -1.52764 64.2505
      vertex -2.5776 -1.53065 63.9
    endloop
  endfacet
  facet normal -0.871656 0.490031 -0.00919056
    outer loop
      vertex -2.57961 -1.52764 64.2505
      vertex -4.90022 -5.65679 64.1811
      vertex -4.90071 -5.65636 64.2505
    endloop
  endfacet
  facet normal 0.907268 -0.420451 0.00920663
    outer loop
      vertex -1.72467 -7.2875 63.8217
      vertex 0.271207 -2.98222 63.7527
      vertex 0.267537 -2.98246 64.1034
    endloop
  endfacet
  facet normal 0.907268 -0.420449 0.00933888
    outer loop
      vertex 0.271207 -2.98222 63.7527
      vertex -1.72467 -7.2875 63.8217
      vertex -1.72402 -7.28763 63.7527
    endloop
  endfacet
  facet normal 0.525347 -0.295327 0.797993
    outer loop
      vertex 0.0355444 -2.99767 64.2505
      vertex -1.72467 -7.2875 63.8217
      vertex 0.267537 -2.98246 64.1034
    endloop
  endfacet
  facet normal 0.525244 -0.295293 0.798073
    outer loop
      vertex 0.0355444 -2.99767 64.2505
      vertex -1.94114 -7.24444 63.9801
      vertex -1.72467 -7.2875 63.8217
    endloop
  endfacet
  facet normal 0.525301 -0.295316 0.798027
    outer loop
      vertex -1.94114 -7.24444 63.9801
      vertex 0.0355444 -2.99767 64.2505
      vertex -2.2861 -7.12735 64.2505
    endloop
  endfacet
  facet normal -0.525202 0.29526 -0.798113
    outer loop
      vertex -5.33447 -5.26776 64.6797
      vertex -2.57961 -1.52764 64.2505
      vertex -4.90071 -5.65636 64.2505
    endloop
  endfacet
  facet normal -0.524202 0.294412 -0.799083
    outer loop
      vertex -2.57961 -1.52764 64.2505
      vertex -5.33447 -5.26776 64.6797
      vertex -2.59808 -1.5 64.2728
    endloop
  endfacet
  facet normal -0.521784 0.299718 -0.798693
    outer loop
      vertex -5.33447 -5.26776 64.6797
      vertex -4.90071 -5.65636 64.2505
      vertex -5.3033 -5.3033 64.646
    endloop
  endfacet
  facet normal -0.525226 0.295263 -0.798096
    outer loop
      vertex -2.59808 -1.5 64.2728
      vertex -5.33447 -5.26776 64.6797
      vertex -2.68655 -1.32058 64.3974
    endloop
  endfacet
  facet normal -0.830717 0.556619 -0.00920692
    outer loop
      vertex -5.33447 -5.26776 64.6797
      vertex -2.6882 -1.31724 64.7482
      vertex -2.68655 -1.32058 64.3974
    endloop
  endfacet
  facet normal -0.830717 0.556618 -0.00919637
    outer loop
      vertex -2.6882 -1.31724 64.7482
      vertex -5.33447 -5.26776 64.6797
      vertex -5.3349 -5.26727 64.7482
    endloop
  endfacet
  facet normal 0.871656 -0.490031 0.00921048
    outer loop
      vertex -2.28671 -7.12714 64.3197
      vertex 0.0355444 -2.99767 64.2505
      vertex 0.0317013 -2.99792 64.6009
    endloop
  endfacet
  facet normal 0.871656 -0.490032 0.00917077
    outer loop
      vertex 0.0355444 -2.99767 64.2505
      vertex -2.28671 -7.12714 64.3197
      vertex -2.2861 -7.12735 64.2505
    endloop
  endfacet
  facet normal 0.500409 -0.33532 0.798218
    outer loop
      vertex 0 -3 64.6199
      vertex -2.28671 -7.12714 64.3197
      vertex 0.0317013 -2.99792 64.6009
    endloop
  endfacet
  facet normal 0.50059 -0.33541 0.798066
    outer loop
      vertex -0.195939 -2.98716 64.7482
      vertex -2.28671 -7.12714 64.3197
      vertex 0 -3 64.6199
    endloop
  endfacet
  facet normal 0.500555 -0.335395 0.798094
    outer loop
      vertex -2.28671 -7.12714 64.3197
      vertex -0.195939 -2.98716 64.7482
      vertex -2.84332 -6.9382 64.7482
    endloop
  endfacet
  facet normal -0.500542 0.335386 -0.798106
    outer loop
      vertex -5.72221 -4.82562 65.1767
      vertex -2.6882 -1.31724 64.7482
      vertex -5.3349 -5.26727 64.7482
    endloop
  endfacet
  facet normal -0.500482 0.335326 -0.798169
    outer loop
      vertex -2.6882 -1.31724 64.7482
      vertex -5.72221 -4.82562 65.1767
      vertex -2.77164 -1.14805 64.8716
    endloop
  endfacet
  facet normal -0.501268 0.336022 -0.797383
    outer loop
      vertex -2.77164 -1.14805 64.8716
      vertex -5.72221 -4.82562 65.1767
      vertex -2.78442 -1.1104 64.8955
    endloop
  endfacet
  facet normal -0.784703 0.619804 -0.0091905
    outer loop
      vertex -5.72221 -4.82562 65.1767
      vertex -2.78565 -1.10676 65.246
      vertex -2.78442 -1.1104 64.8955
    endloop
  endfacet
  facet normal -0.784702 0.619804 -0.00925146
    outer loop
      vertex -2.78565 -1.10676 65.246
      vertex -5.72221 -4.82562 65.1767
      vertex -5.72264 -4.82513 65.246
    endloop
  endfacet
  facet normal 0.830718 -0.556618 0.00921536
    outer loop
      vertex -2.84393 -6.93799 64.8167
      vertex -0.195939 -2.98716 64.7482
      vertex -0.199663 -2.98691 65.099
    endloop
  endfacet
  facet normal 0.830718 -0.55662 0.00910406
    outer loop
      vertex -0.195939 -2.98716 64.7482
      vertex -2.84393 -6.93799 64.8167
      vertex -2.84332 -6.9382 64.7482
    endloop
  endfacet
  facet normal 0.472865 -0.373487 0.798064
    outer loop
      vertex -0.391578 -2.97433 65.2186
      vertex -2.84393 -6.93799 64.8167
      vertex -0.199663 -2.98691 65.099
    endloop
  endfacet
  facet normal 0.472804 -0.373454 0.798115
    outer loop
      vertex -0.431551 -2.96638 65.246
      vertex -2.84393 -6.93799 64.8167
      vertex -0.391578 -2.97433 65.2186
    endloop
  endfacet
  facet normal 0.47323 -0.373674 0.79776
    outer loop
      vertex -0.431551 -2.96638 65.246
      vertex -2.87012 -6.9291 64.8364
      vertex -2.84393 -6.93799 64.8167
    endloop
  endfacet
  facet normal 0.47281 -0.373452 0.798113
    outer loop
      vertex -2.87012 -6.9291 64.8364
      vertex -0.431551 -2.96638 65.246
      vertex -3.36771 -6.68371 65.246
    endloop
  endfacet
  facet normal -0.472766 0.373419 -0.798154
    outer loop
      vertex -6.08359 -4.36601 65.6746
      vertex -2.78565 -1.10676 65.246
      vertex -5.72264 -4.82513 65.246
    endloop
  endfacet
  facet normal -0.471834 0.374287 -0.798299
    outer loop
      vertex -6.08359 -4.36601 65.6746
      vertex -5.72264 -4.82513 65.246
      vertex -5.95015 -4.56571 65.5021
    endloop
  endfacet
  facet normal -0.47271 0.373354 -0.798218
    outer loop
      vertex -2.78565 -1.10676 65.246
      vertex -6.08359 -4.36601 65.6746
      vertex -2.86027 -0.886957 65.393
    endloop
  endfacet
  facet normal -0.733893 0.679202 -0.00920519
    outer loop
      vertex -6.08359 -4.36601 65.6746
      vertex -2.86145 -0.883479 65.7437
      vertex -2.86027 -0.886957 65.393
    endloop
  endfacet
  facet normal -0.733895 0.679202 -0.00913128
    outer loop
      vertex -2.86145 -0.883479 65.7437
      vertex -6.08359 -4.36601 65.6746
      vertex -6.08395 -4.36547 65.7437
    endloop
  endfacet
  facet normal 0.784703 -0.619804 0.00919457
    outer loop
      vertex -3.3683 -6.68342 65.3153
      vertex -0.431551 -2.96638 65.246
      vertex -0.435105 -2.96568 65.5965
    endloop
  endfacet
  facet normal 0.784703 -0.619803 0.00927442
    outer loop
      vertex -0.431551 -2.96638 65.246
      vertex -3.3683 -6.68342 65.3153
      vertex -3.36771 -6.68371 65.246
    endloop
  endfacet
  facet normal 0.442101 -0.409179 0.798197
    outer loop
      vertex -0.659544 -2.92103 65.7437
      vertex -3.3683 -6.68342 65.3153
      vertex -0.435105 -2.96568 65.5965
    endloop
  endfacet
  facet normal 0.442199 -0.40924 0.798112
    outer loop
      vertex -0.659544 -2.92103 65.7437
      vertex -3.75 -6.49519 65.6233
      vertex -3.3683 -6.68342 65.3153
    endloop
  endfacet
  facet normal 0.442138 -0.40919 0.798171
    outer loop
      vertex -3.75 -6.49519 65.6233
      vertex -0.659544 -2.92103 65.7437
      vertex -3.8843 -6.40545 65.7437
    endloop
  endfacet
  facet normal -0.442222 0.409266 -0.798086
    outer loop
      vertex -6.40848 -3.87976 66.1726
      vertex -2.86145 -0.883479 65.7437
      vertex -6.08395 -4.36547 65.7437
    endloop
  endfacet
  facet normal -0.442186 0.409217 -0.798131
    outer loop
      vertex -2.86145 -0.883479 65.7437
      vertex -6.40848 -3.87976 66.1726
      vertex -2.89778 -0.776457 65.8187
    endloop
  endfacet
  facet normal -0.442384 0.409467 -0.797893
    outer loop
      vertex -2.89778 -0.776457 65.8187
      vertex -6.40848 -3.87976 66.1726
      vertex -2.92078 -0.660811 65.8908
    endloop
  endfacet
  facet normal -0.6786 0.73445 -0.00919528
    outer loop
      vertex -2.92152 -0.657098 66.2415
      vertex -6.40848 -3.87976 66.1726
      vertex -6.40884 -3.87923 66.2415
    endloop
  endfacet
  facet normal -0.6786 0.73445 -0.00920781
    outer loop
      vertex -6.40848 -3.87976 66.1726
      vertex -2.92152 -0.657098 66.2415
      vertex -2.92078 -0.660811 65.8908
    endloop
  endfacet
  facet normal 0.733894 -0.679201 0.00920947
    outer loop
      vertex -3.88483 -6.4051 65.8126
      vertex -0.659544 -2.92103 65.7437
      vertex -0.66326 -2.92029 66.0944
    endloop
  endfacet
  facet normal 0.733894 -0.679203 0.00909557
    outer loop
      vertex -0.659544 -2.92103 65.7437
      vertex -3.88483 -6.4051 65.8126
      vertex -3.8843 -6.40545 65.7437
    endloop
  endfacet
  facet normal 0.408986 -0.442623 0.798007
    outer loop
      vertex -0.776457 -2.89778 66.1649
      vertex -3.88483 -6.4051 65.8126
      vertex -0.66326 -2.92029 66.0944
    endloop
  endfacet
  facet normal 0.408956 -0.442599 0.798035
    outer loop
      vertex -0.885771 -2.86067 66.2415
      vertex -3.88483 -6.4051 65.8126
      vertex -0.776457 -2.89778 66.1649
    endloop
  endfacet
  facet normal 0.408913 -0.442567 0.798076
    outer loop
      vertex -3.88483 -6.4051 65.8126
      vertex -0.885771 -2.86067 66.2415
      vertex -4.37061 -6.08051 66.2415
    endloop
  endfacet
  facet normal -0.408867 0.442518 -0.798126
    outer loop
      vertex -6.68614 -3.36278 66.6699
      vertex -2.92152 -0.657098 66.2415
      vertex -6.40884 -3.87923 66.2415
    endloop
  endfacet
  facet normal -0.409446 0.442137 -0.798041
    outer loop
      vertex -6.68614 -3.36278 66.6699
      vertex -6.40884 -3.87923 66.2415
      vertex -6.49519 -3.75 66.3574
    endloop
  endfacet
  facet normal -0.408813 0.44243 -0.798203
    outer loop
      vertex -2.92152 -0.657098 66.2415
      vertex -6.68614 -3.36278 66.6699
      vertex -2.96614 -0.432759 66.3887
    endloop
  endfacet
  facet normal -0.619161 0.785211 -0.00914955
    outer loop
      vertex -2.96685 -0.429206 66.7393
      vertex -6.68614 -3.36278 66.6699
      vertex -6.68643 -3.3622 66.7393
    endloop
  endfacet
  facet normal -0.61916 0.785211 -0.00921123
    outer loop
      vertex -6.68614 -3.36278 66.6699
      vertex -2.96685 -0.429206 66.7393
      vertex -2.96614 -0.432759 66.3887
    endloop
  endfacet
  facet normal 0.6786 -0.73445 0.00922767
    outer loop
      vertex -0.885771 -2.86067 66.2415
      vertex -4.37116 -6.08015 66.3106
      vertex -4.37061 -6.08051 66.2415
    endloop
  endfacet
  facet normal 0.6786 -0.73445 0.00920496
    outer loop
      vertex -4.37116 -6.08015 66.3106
      vertex -0.885771 -2.86067 66.2415
      vertex -0.889251 -2.85949 66.5922
    endloop
  endfacet
  facet normal 0.373165 -0.473209 0.798011
    outer loop
      vertex -1.10916 -2.78484 66.7393
      vertex -4.37116 -6.08015 66.3106
      vertex -0.889251 -2.85949 66.5922
    endloop
  endfacet
  facet normal 0.373057 -0.473117 0.798116
    outer loop
      vertex -1.10916 -2.78484 66.7393
      vertex -4.56571 -5.95015 66.4786
      vertex -4.37116 -6.08015 66.3106
    endloop
  endfacet
  facet normal 0.373095 -0.473154 0.798076
    outer loop
      vertex -4.56571 -5.95015 66.4786
      vertex -1.10916 -2.78484 66.7393
      vertex -4.82973 -5.71861 66.7393
    endloop
  endfacet
  facet normal -0.373036 0.473079 -0.798148
    outer loop
      vertex -6.93999 -2.83802 67.1685
      vertex -2.96685 -0.429206 66.7393
      vertex -6.68643 -3.3622 66.7393
    endloop
  endfacet
  facet normal -0.373043 0.473093 -0.798136
    outer loop
      vertex -2.96685 -0.429206 66.7393
      vertex -6.93999 -2.83802 67.1685
      vertex -2.97433 -0.391578 66.7651
    endloop
  endfacet
  facet normal -0.375646 0.471553 -0.797827
    outer loop
      vertex -6.93999 -2.83802 67.1685
      vertex -6.68643 -3.3622 66.7393
      vertex -6.9291 -2.87012 67.1444
    endloop
  endfacet
  facet normal -0.372952 0.472922 -0.798281
    outer loop
      vertex -2.97433 -0.391578 66.7651
      vertex -6.93999 -2.83802 67.1685
      vertex -2.98707 -0.197211 66.8862
    endloop
  endfacet
  facet normal -0.555936 0.831174 -0.00922736
    outer loop
      vertex -2.98732 -0.193489 67.237
      vertex -6.93999 -2.83802 67.1685
      vertex -6.9402 -2.8374 67.237
    endloop
  endfacet
  facet normal -0.555936 0.831174 -0.00921497
    outer loop
      vertex -6.93999 -2.83802 67.1685
      vertex -2.98732 -0.193489 67.237
      vertex -2.98707 -0.197211 66.8862
    endloop
  endfacet
  facet normal 0.61916 -0.78521 0.00926342
    outer loop
      vertex -1.10916 -2.78484 66.7393
      vertex -4.83022 -5.71818 66.8085
      vertex -4.82973 -5.71861 66.7393
    endloop
  endfacet
  facet normal 0.619159 -0.785211 0.00922829
    outer loop
      vertex -4.83022 -5.71818 66.8085
      vertex -1.10916 -2.78484 66.7393
      vertex -1.11281 -2.7836 67.0897
    endloop
  endfacet
  facet normal 0.335024 -0.500867 0.798055
    outer loop
      vertex -1.14805 -2.77164 67.112
      vertex -4.83022 -5.71818 66.8085
      vertex -1.11281 -2.7836 67.0897
    endloop
  endfacet
  facet normal 0.335033 -0.500878 0.798044
    outer loop
      vertex -1.31944 -2.68712 67.237
      vertex -4.83022 -5.71818 66.8085
      vertex -1.14805 -2.77164 67.112
    endloop
  endfacet
  facet normal 0.334978 -0.500822 0.798102
    outer loop
      vertex -4.83022 -5.71818 66.8085
      vertex -1.31944 -2.68712 67.237
      vertex -5.27196 -5.33079 67.237
    endloop
  endfacet
  facet normal -0.33498 0.500825 -0.798099
    outer loop
      vertex -7.12911 -2.28091 67.6655
      vertex -2.98732 -0.193489 67.237
      vertex -6.9402 -2.8374 67.237
    endloop
  endfacet
  facet normal -0.335047 0.500982 -0.797973
    outer loop
      vertex -2.98732 -0.193489 67.237
      vertex -7.12911 -2.28091 67.6655
      vertex -3 0 67.3638
    endloop
  endfacet
  facet normal -0.334613 0.5001 -0.798708
    outer loop
      vertex -3 0 67.3638
      vertex -7.12911 -2.28091 67.6655
      vertex -2.99776 0.0342392 67.3843
    endloop
  endfacet
  facet normal -0.489317 0.872059 -0.0090883
    outer loop
      vertex -2.9975 0.0380806 67.7348
      vertex -7.12911 -2.28091 67.6655
      vertex -7.12931 -2.2803 67.7348
    endloop
  endfacet
  facet normal -0.489315 0.872059 -0.00919459
    outer loop
      vertex -7.12911 -2.28091 67.6655
      vertex -2.9975 0.0380806 67.7348
      vertex -2.99776 0.0342392 67.3843
    endloop
  endfacet
  facet normal 0.555936 -0.831174 0.00919436
    outer loop
      vertex -1.31944 -2.68712 67.237
      vertex -5.27245 -5.33036 67.3055
      vertex -5.27196 -5.33079 67.237
    endloop
  endfacet
  facet normal 0.555936 -0.831174 0.00920258
    outer loop
      vertex -5.27245 -5.33036 67.3055
      vertex -1.31944 -2.68712 67.237
      vertex -1.32278 -2.68547 67.5878
    endloop
  endfacet
  facet normal 0.294823 -0.525451 0.798111
    outer loop
      vertex -1.5 -2.59808 67.7108
      vertex -5.27245 -5.33036 67.3055
      vertex -1.32278 -2.68547 67.5878
    endloop
  endfacet
  facet normal 0.295009 -0.525675 0.797895
    outer loop
      vertex -1.52963 -2.57828 67.7348
      vertex -5.27245 -5.33036 67.3055
      vertex -1.5 -2.59808 67.7108
    endloop
  endfacet
  facet normal 0.294725 -0.525341 0.798219
    outer loop
      vertex -1.52963 -2.57828 67.7348
      vertex -5.3033 -5.3033 67.3347
      vertex -5.27245 -5.33036 67.3055
    endloop
  endfacet
  facet normal 0.29487 -0.525517 0.79805
    outer loop
      vertex -5.3033 -5.3033 67.3347
      vertex -1.52963 -2.57828 67.7348
      vertex -5.66042 -4.89609 67.7348
    endloop
  endfacet
  facet normal -0.294834 0.525452 -0.798106
    outer loop
      vertex -7.28871 -1.71859 68.1635
      vertex -2.9975 0.0380806 67.7348
      vertex -7.12931 -2.2803 67.7348
    endloop
  endfacet
  facet normal -0.293826 0.525831 -0.798228
    outer loop
      vertex -7.28871 -1.71859 68.1635
      vertex -7.12931 -2.2803 67.7348
      vertex -7.24444 -1.94114 68.0006
    endloop
  endfacet
  facet normal -0.294796 0.525339 -0.798195
    outer loop
      vertex -2.9975 0.0380806 67.7348
      vertex -7.28871 -1.71859 68.1635
      vertex -2.98231 0.269955 67.8818
    endloop
  endfacet
  facet normal -0.419706 0.907613 -0.00920919
    outer loop
      vertex -2.98207 0.273624 68.2325
      vertex -7.28871 -1.71859 68.1635
      vertex -7.28884 -1.71795 68.2325
    endloop
  endfacet
  facet normal -0.419706 0.907613 -0.00920816
    outer loop
      vertex -7.28871 -1.71859 68.1635
      vertex -2.98207 0.273624 68.2325
      vertex -2.98231 0.269955 67.8818
    endloop
  endfacet
  facet normal 0.489317 -0.872058 0.00920223
    outer loop
      vertex -1.52963 -2.57828 67.7348
      vertex -5.66085 -4.8956 67.8041
      vertex -5.66042 -4.89609 67.7348
    endloop
  endfacet
  facet normal 0.489317 -0.872058 0.00920308
    outer loop
      vertex -5.66085 -4.8956 67.8041
      vertex -1.52963 -2.57828 67.7348
      vertex -1.53264 -2.57627 68.0853
    endloop
  endfacet
  facet normal 0.252795 -0.546734 0.798234
    outer loop
      vertex -1.72273 -2.44925 68.2325
      vertex -5.66085 -4.8956 67.8041
      vertex -1.53264 -2.57627 68.0853
    endloop
  endfacet
  facet normal 0.252885 -0.546858 0.79812
    outer loop
      vertex -1.72273 -2.44925 68.2325
      vertex -5.95015 -4.56571 68.1218
      vertex -5.66085 -4.8956 67.8041
    endloop
  endfacet
  facet normal 0.252865 -0.546819 0.798153
    outer loop
      vertex -5.95015 -4.56571 68.1218
      vertex -1.72273 -2.44925 68.2325
      vertex -6.03263 -4.44227 68.2325
    endloop
  endfacet
  facet normal -0.252916 0.546929 -0.798061
    outer loop
      vertex -7.40284 -1.14483 68.6614
      vertex -2.98207 0.273624 68.2325
      vertex -7.28884 -1.71795 68.2325
    endloop
  endfacet
  facet normal -0.252934 0.547004 -0.798005
    outer loop
      vertex -2.98207 0.273624 68.2325
      vertex -7.40284 -1.14483 68.6614
      vertex -2.97433 0.391578 68.3109
    endloop
  endfacet
  facet normal -0.252916 0.546939 -0.798055
    outer loop
      vertex -2.97433 0.391578 68.3109
      vertex -7.40284 -1.14483 68.6614
      vertex -2.95237 0.501975 68.3796
    endloop
  endfacet
  facet normal -0.347532 0.937623 -0.00917861
    outer loop
      vertex -2.95163 0.505694 68.7303
      vertex -7.40284 -1.14483 68.6614
      vertex -7.40296 -1.1442 68.7303
    endloop
  endfacet
  facet normal -0.347531 0.937623 -0.00920972
    outer loop
      vertex -7.40284 -1.14483 68.6614
      vertex -2.95163 0.505694 68.7303
      vertex -2.95237 0.501975 68.3796
    endloop
  endfacet
  facet normal 0.419707 -0.907614 0.00911368
    outer loop
      vertex -1.72273 -2.44925 68.2325
      vertex -6.03298 -4.44174 68.3014
      vertex -6.03263 -4.44227 68.2325
    endloop
  endfacet
  facet normal 0.419707 -0.907613 0.00919005
    outer loop
      vertex -6.03298 -4.44174 68.3014
      vertex -1.72273 -2.44925 68.2325
      vertex -1.72587 -2.44715 68.5833
    endloop
  endfacet
  facet normal 0.209313 -0.564806 0.798237
    outer loop
      vertex -1.82628 -2.38006 68.6571
      vertex -6.03298 -4.44174 68.3014
      vertex -1.72587 -2.44715 68.5833
    endloop
  endfacet
  facet normal 0.209367 -0.564902 0.798155
    outer loop
      vertex -1.90918 -2.30736 68.7303
      vertex -6.03298 -4.44174 68.3014
      vertex -1.82628 -2.38006 68.6571
    endloop
  endfacet
  facet normal 0.209408 -0.56497 0.798096
    outer loop
      vertex -6.03298 -4.44174 68.3014
      vertex -1.90918 -2.30736 68.7303
      vertex -6.35746 -3.95613 68.7303
    endloop
  endfacet
  facet normal -0.209391 0.564925 -0.798132
    outer loop
      vertex -7.46321 -0.561284 69.1587
      vertex -2.95163 0.505694 68.7303
      vertex -7.40296 -1.1442 68.7303
    endloop
  endfacet
  facet normal -0.209664 0.564872 -0.798098
    outer loop
      vertex -7.46321 -0.561284 69.1587
      vertex -7.40296 -1.1442 68.7303
      vertex -7.43584 -0.978946 68.8559
    endloop
  endfacet
  facet normal -0.209381 0.564865 -0.798178
    outer loop
      vertex -2.95163 0.505694 68.7303
      vertex -7.46321 -0.561284 69.1587
      vertex -2.90697 0.730248 68.8775
    endloop
  endfacet
  facet normal -0.273234 0.961904 -0.00918053
    outer loop
      vertex -2.90626 0.733803 69.2281
      vertex -7.46321 -0.561284 69.1587
      vertex -7.46325 -0.560633 69.2281
    endloop
  endfacet
  facet normal -0.273233 0.961904 -0.00920015
    outer loop
      vertex -7.46321 -0.561284 69.1587
      vertex -2.90626 0.733803 69.2281
      vertex -2.90697 0.730248 68.8775
    endloop
  endfacet
  facet normal 0.347533 -0.937622 0.00927357
    outer loop
      vertex -1.90918 -2.30736 68.7303
      vertex -6.35782 -3.95558 68.7994
      vertex -6.35746 -3.95613 68.7303
    endloop
  endfacet
  facet normal 0.347532 -0.937623 0.00920512
    outer loop
      vertex -6.35782 -3.95558 68.7994
      vertex -1.90918 -2.30736 68.7303
      vertex -1.91194 -2.30494 69.081
    endloop
  endfacet
  facet normal 0.164674 -0.579681 0.798031
    outer loop
      vertex -2.08636 -2.15198 69.2281
      vertex -6.35782 -3.95558 68.7994
      vertex -1.91194 -2.30494 69.081
    endloop
  endfacet
  facet normal 0.1646 -0.579535 0.798152
    outer loop
      vertex -2.08636 -2.15198 69.2281
      vertex -6.49519 -3.75 68.977
      vertex -6.35782 -3.95558 68.7994
    endloop
  endfacet
  facet normal 0.164665 -0.579693 0.798023
    outer loop
      vertex -6.49519 -3.75 68.977
      vertex -2.08636 -2.15198 69.2281
      vertex -6.64471 -3.4468 69.2281
    endloop
  endfacet
  facet normal -0.164632 0.579578 -0.798114
    outer loop
      vertex -7.49866 0.0204803 69.6574
      vertex -2.90626 0.733803 69.2281
      vertex -7.46325 -0.560633 69.2281
    endloop
  endfacet
  facet normal -0.164605 0.579259 -0.798351
    outer loop
      vertex -2.90626 0.733803 69.2281
      vertex -7.49866 0.0204803 69.6574
      vertex -2.89778 0.776457 69.2573
    endloop
  endfacet
  facet normal -0.16462 0.579414 -0.798236
    outer loop
      vertex -2.89778 0.776457 69.2573
      vertex -7.49866 0.0204803 69.6574
      vertex -2.83686 0.955916 69.375
    endloop
  endfacet
  facet normal -0.163447 0.579742 -0.798238
    outer loop
      vertex -7.49866 0.0204803 69.6574
      vertex -7.46325 -0.560633 69.2281
      vertex -7.5 0 69.6428
    endloop
  endfacet
  facet normal -0.197266 0.980307 -0.00919165
    outer loop
      vertex -2.83566 0.959452 69.7258
      vertex -7.49866 0.0204803 69.6574
      vertex -7.49861 0.0211317 69.7258
    endloop
  endfacet
  facet normal -0.197266 0.980307 -0.00920652
    outer loop
      vertex -7.49866 0.0204803 69.6574
      vertex -2.83566 0.959452 69.7258
      vertex -2.83686 0.955916 69.375
    endloop
  endfacet
  facet normal 0.273233 -0.961904 0.00920725
    outer loop
      vertex -2.08636 -2.15198 69.2281
      vertex -6.645 -3.44622 69.2973
      vertex -6.64471 -3.4468 69.2281
    endloop
  endfacet
  facet normal 0.273233 -0.961904 0.00919618
    outer loop
      vertex -6.645 -3.44622 69.2973
      vertex -2.08636 -2.15198 69.2281
      vertex -2.08925 -2.14945 69.5786
    endloop
  endfacet
  facet normal 0.118877 -0.590748 0.798051
    outer loop
      vertex -2.12132 -2.12132 69.6042
      vertex -6.645 -3.44622 69.2973
      vertex -2.08925 -2.14945 69.5786
    endloop
  endfacet
  facet normal 0.118799 -0.590524 0.798228
    outer loop
      vertex -2.24385 -1.9816 69.7258
      vertex -6.645 -3.44622 69.2973
      vertex -2.12132 -2.12132 69.6042
    endloop
  endfacet
  facet normal 0.118859 -0.590669 0.798112
    outer loop
      vertex -6.645 -3.44622 69.2973
      vertex -2.24385 -1.9816 69.7258
      vertex -6.90475 -2.9195 69.7258
    endloop
  endfacet
  facet normal -0.118783 0.589582 -0.798926
    outer loop
      vertex -2.77164 1.14805 69.8559
      vertex -7.46016 0.60781 70.1543
      vertex -2.75887 1.17393 69.8731
    endloop
  endfacet
  facet normal -0.118867 0.590827 -0.797994
    outer loop
      vertex -2.83566 0.959452 69.7258
      vertex -7.46016 0.60781 70.1543
      vertex -2.77164 1.14805 69.8559
    endloop
  endfacet
  facet normal -0.118866 0.5907 -0.798088
    outer loop
      vertex -7.46016 0.60781 70.1543
      vertex -2.83566 0.959452 69.7258
      vertex -7.49861 0.0211317 69.7258
    endloop
  endfacet
  facet normal -0.120093 0.99272 -0.00921326
    outer loop
      vertex -2.75717 1.17739 70.2236
      vertex -7.46016 0.60781 70.1543
      vertex -7.46012 0.608458 70.2236
    endloop
  endfacet
  facet normal -0.120093 0.99272 -0.00921727
    outer loop
      vertex -7.46016 0.60781 70.1543
      vertex -2.75717 1.17739 70.2236
      vertex -2.75887 1.17393 69.8731
    endloop
  endfacet
  facet normal 0.197265 -0.980308 0.00912223
    outer loop
      vertex -2.24385 -1.9816 69.7258
      vertex -6.90504 -2.91892 69.7944
      vertex -6.90475 -2.9195 69.7258
    endloop
  endfacet
  facet normal 0.197266 -0.980307 0.0092079
    outer loop
      vertex -6.90504 -2.91892 69.7944
      vertex -2.24385 -1.9816 69.7258
      vertex -2.24631 -1.9788 70.0766
    endloop
  endfacet
  facet normal 0.0723365 -0.598055 0.798184
    outer loop
      vertex -2.38006 -1.82628 70.203
      vertex -6.90504 -2.91892 69.7944
      vertex -2.24631 -1.9788 70.0766
    endloop
  endfacet
  facet normal 0.0726291 -0.598994 0.797453
    outer loop
      vertex -2.39701 -1.80091 70.2236
      vertex -6.90504 -2.91892 69.7944
      vertex -2.38006 -1.82628 70.203
    endloop
  endfacet
  facet normal 0.0721946 -0.597645 0.798504
    outer loop
      vertex -2.39701 -1.80091 70.2236
      vertex -6.9291 -2.87012 69.8331
      vertex -6.90504 -2.91892 69.7944
    endloop
  endfacet
  facet normal 0.0723685 -0.59822 0.798058
    outer loop
      vertex -6.9291 -2.87012 69.8331
      vertex -2.39701 -1.80091 70.2236
      vertex -7.09896 -2.36972 70.2236
    endloop
  endfacet
  facet normal -0.0723633 0.598055 -0.798182
    outer loop
      vertex -2.75717 1.17739 70.2236
      vertex -7.39416 1.18848 70.6523
      vertex -2.65428 1.38603 70.3706
    endloop
  endfacet
  facet normal -0.0723667 0.598008 -0.798216
    outer loop
      vertex -2.75717 1.17739 70.2236
      vertex -7.43584 0.978946 70.4991
      vertex -7.39416 1.18848 70.6523
    endloop
  endfacet
  facet normal -0.0723663 0.5982 -0.798072
    outer loop
      vertex -7.43584 0.978946 70.4991
      vertex -2.75717 1.17739 70.2236
      vertex -7.46012 0.608458 70.2236
    endloop
  endfacet
  facet normal -0.0421867 0.999068 -0.00918723
    outer loop
      vertex -2.65265 1.38933 70.7213
      vertex -7.39416 1.18848 70.6523
      vertex -7.39403 1.18912 70.7213
    endloop
  endfacet
  facet normal -0.0421865 0.999067 -0.0092049
    outer loop
      vertex -7.39416 1.18848 70.6523
      vertex -2.65265 1.38933 70.7213
      vertex -2.65428 1.38603 70.3706
    endloop
  endfacet
  facet normal 0.120093 -0.992721 0.00910215
    outer loop
      vertex -2.39701 -1.80091 70.2236
      vertex -7.09917 -2.36911 70.2929
      vertex -7.09896 -2.36972 70.2236
    endloop
  endfacet
  facet normal 0.120094 -0.99272 0.00921391
    outer loop
      vertex -7.09917 -2.36911 70.2929
      vertex -2.39701 -1.80091 70.2236
      vertex -2.39902 -1.7979 70.5741
    endloop
  endfacet
  facet normal 0.025376 -0.601778 0.79826
    outer loop
      vertex -2.52592 -1.60799 70.7213
      vertex -7.09917 -2.36911 70.2929
      vertex -2.39902 -1.7979 70.5741
    endloop
  endfacet
  facet normal 0.0254164 -0.601948 0.798131
    outer loop
      vertex -2.52592 -1.60799 70.7213
      vertex -7.24444 -1.94114 70.6203
      vertex -7.09917 -2.36911 70.2929
    endloop
  endfacet
  facet normal 0.0254193 -0.601981 0.798106
    outer loop
      vertex -7.24444 -1.94114 70.6203
      vertex -2.52592 -1.60799 70.7213
      vertex -7.27086 -1.80835 70.7213
    endloop
  endfacet
  facet normal -0.0254321 0.601767 -0.798266
    outer loop
      vertex -2.59808 1.5 70.8031
      vertex -7.27999 1.76244 71.1501
      vertex -2.53852 1.58914 70.8684
    endloop
  endfacet
  facet normal -0.0253766 0.602264 -0.797894
    outer loop
      vertex -2.65265 1.38933 70.7213
      vertex -7.27999 1.76244 71.1501
      vertex -2.59808 1.5 70.8031
    endloop
  endfacet
  facet normal -0.0254193 0.60198 -0.798107
    outer loop
      vertex -7.27999 1.76244 71.1501
      vertex -2.65265 1.38933 70.7213
      vertex -7.39403 1.18912 70.7213
    endloop
  endfacet
  facet normal 0.0359785 0.99931 -0.00919192
    outer loop
      vertex -2.53641 1.59229 71.2191
      vertex -7.27999 1.76244 71.1501
      vertex -7.27986 1.76307 71.2191
    endloop
  endfacet
  facet normal 0.0359785 0.99931 -0.00919231
    outer loop
      vertex -7.27999 1.76244 71.1501
      vertex -2.53641 1.59229 71.2191
      vertex -2.53852 1.58914 70.8684
    endloop
  endfacet
  facet normal 0.0421867 -0.999067 0.00920863
    outer loop
      vertex -2.52592 -1.60799 70.7213
      vertex -7.27098 -1.80772 70.7902
      vertex -7.27086 -1.80835 70.7213
    endloop
  endfacet
  facet normal 0.0421865 -0.999067 0.00919516
    outer loop
      vertex -7.27098 -1.80772 70.7902
      vertex -2.52592 -1.60799 70.7213
      vertex -2.52802 -1.60485 71.0721
    endloop
  endfacet
  facet normal -0.0216812 -0.602125 0.798107
    outer loop
      vertex -2.59808 -1.5 71.1493
      vertex -7.27098 -1.80772 70.7902
      vertex -2.52802 -1.60485 71.0721
    endloop
  endfacet
  facet normal -0.0217047 -0.601936 0.798249
    outer loop
      vertex -2.64455 -1.40576 71.2191
      vertex -7.27098 -1.80772 70.7902
      vertex -2.59808 -1.5 71.1493
    endloop
  endfacet
  facet normal -0.0216781 -0.602106 0.798122
    outer loop
      vertex -7.27098 -1.80772 70.7902
      vertex -2.64455 -1.40576 71.2191
      vertex -7.38489 -1.23509 71.2191
    endloop
  endfacet
  facet normal 0.0216602 0.602088 -0.798136
    outer loop
      vertex -2.53641 1.59229 71.2191
      vertex -7.11414 2.325 71.6476
      vertex -2.40909 1.78284 71.3663
    endloop
  endfacet
  facet normal 0.021687 0.602204 -0.798048
    outer loop
      vertex -2.53641 1.59229 71.2191
      vertex -7.24444 1.94114 71.3544
      vertex -7.11414 2.325 71.6476
    endloop
  endfacet
  facet normal 0.021678 0.60211 -0.798119
    outer loop
      vertex -7.24444 1.94114 71.3544
      vertex -2.53641 1.59229 71.2191
      vertex -7.27986 1.76307 71.2191
    endloop
  endfacet
  facet normal 0.113924 0.993447 -0.0092332
    outer loop
      vertex -2.40707 1.78586 71.7169
      vertex -7.11414 2.325 71.6476
      vertex -7.11393 2.32562 71.7169
    endloop
  endfacet
  facet normal 0.113923 0.993447 -0.00921373
    outer loop
      vertex -7.11414 2.325 71.6476
      vertex -2.40707 1.78586 71.7169
      vertex -2.40909 1.78284 71.3663
    endloop
  endfacet
  facet normal -0.0359789 -0.99931 0.00919307
    outer loop
      vertex -2.64455 -1.40576 71.2191
      vertex -7.38501 -1.23445 71.2882
      vertex -7.38489 -1.23509 71.2191
    endloop
  endfacet
  facet normal -0.0359787 -0.99931 0.00920857
    outer loop
      vertex -7.38501 -1.23445 71.2882
      vertex -2.64455 -1.40576 71.2191
      vertex -2.64617 -1.40247 71.5698
    endloop
  endfacet
  facet normal -0.0686494 -0.598676 0.798044
    outer loop
      vertex -2.74867 -1.19463 71.7169
      vertex -7.38501 -1.23445 71.2882
      vertex -2.64617 -1.40247 71.5698
    endloop
  endfacet
  facet normal -0.0686496 -0.598673 0.798046
    outer loop
      vertex -2.74867 -1.19463 71.7169
      vertex -7.43584 -0.978946 71.4755
      vertex -7.38501 -1.23445 71.2882
    endloop
  endfacet
  facet normal -0.0686494 -0.598643 0.798068
    outer loop
      vertex -7.43584 -0.978946 71.4755
      vertex -2.74867 -1.19463 71.7169
      vertex -7.45709 -0.654692 71.7169
    endloop
  endfacet
  facet normal 0.068694 0.598749 -0.797986
    outer loop
      vertex -2.38006 1.82628 71.7495
      vertex -6.92594 2.87653 72.1462
      vertex -2.25858 1.96481 71.8639
    endloop
  endfacet
  facet normal 0.0685219 0.598172 -0.798433
    outer loop
      vertex -2.40707 1.78586 71.7169
      vertex -6.92594 2.87653 72.1462
      vertex -2.38006 1.82628 71.7495
    endloop
  endfacet
  facet normal 0.066883 0.592962 -0.802448
    outer loop
      vertex -2.40707 1.78586 71.7169
      vertex -6.9291 2.87012 72.1412
      vertex -6.92594 2.87653 72.1462
    endloop
  endfacet
  facet normal 0.0686457 0.59861 -0.798094
    outer loop
      vertex -6.9291 2.87012 72.1412
      vertex -2.40707 1.78586 71.7169
      vertex -7.11393 2.32562 71.7169
    endloop
  endfacet
  facet normal 0.19117 0.981514 -0.0091333
    outer loop
      vertex -2.25611 1.96762 72.2146
      vertex -6.92594 2.87653 72.1462
      vertex -6.92565 2.87711 72.2146
    endloop
  endfacet
  facet normal 0.191171 0.981513 -0.00921085
    outer loop
      vertex -6.92594 2.87653 72.1462
      vertex -2.25611 1.96762 72.2146
      vertex -2.25858 1.96481 71.8639
    endloop
  endfacet
  facet normal -0.113923 -0.993447 0.00922259
    outer loop
      vertex -2.74867 -1.19463 71.7169
      vertex -7.45713 -0.654045 71.7861
      vertex -7.45709 -0.654692 71.7169
    endloop
  endfacet
  facet normal -0.113923 -0.993447 0.00922602
    outer loop
      vertex -7.45713 -0.654045 71.7861
      vertex -2.74867 -1.19463 71.7169
      vertex -2.75037 -1.19118 72.0674
    endloop
  endfacet
  facet normal -0.115199 -0.591532 0.79801
    outer loop
      vertex -2.77164 -1.14805 72.0963
      vertex -7.45713 -0.654045 71.7861
      vertex -2.75037 -1.19118 72.0674
    endloop
  endfacet
  facet normal -0.115185 -0.591279 0.798199
    outer loop
      vertex -2.82969 -0.977042 72.2146
      vertex -7.45713 -0.654045 71.7861
      vertex -2.77164 -1.14805 72.0963
    endloop
  endfacet
  facet normal -0.115185 -0.591382 0.798123
    outer loop
      vertex -7.45713 -0.654045 71.7861
      vertex -2.82969 -0.977042 72.2146
      vertex -7.49553 -0.0682668 72.2146
    endloop
  endfacet
  facet normal 0.115417 0.592081 -0.797571
    outer loop
      vertex -2.12132 2.12132 72.348
      vertex -6.66549 3.40465 72.6431
      vertex -2.10373 2.13675 72.362
    endloop
  endfacet
  facet normal 0.115237 0.591542 -0.797997
    outer loop
      vertex -2.25611 1.96762 72.2146
      vertex -6.66549 3.40465 72.6431
      vertex -2.12132 2.12132 72.348
    endloop
  endfacet
  facet normal 0.115195 0.591439 -0.798079
    outer loop
      vertex -6.66549 3.40465 72.6431
      vertex -2.25611 1.96762 72.2146
      vertex -6.92565 2.87711 72.2146
    endloop
  endfacet
  facet normal 0.267253 0.963582 -0.00928346
    outer loop
      vertex -2.10082 2.13929 72.7124
      vertex -6.66549 3.40465 72.6431
      vertex -6.66521 3.40524 72.7124
    endloop
  endfacet
  facet normal 0.267252 0.963583 -0.00920435
    outer loop
      vertex -6.66549 3.40465 72.6431
      vertex -2.10082 2.13929 72.7124
      vertex -2.10373 2.13675 72.362
    endloop
  endfacet
  facet normal -0.191171 -0.981513 0.0092172
    outer loop
      vertex -2.82969 -0.977042 72.2146
      vertex -7.49557 -0.0676148 72.2832
      vertex -7.49553 -0.0682668 72.2146
    endloop
  endfacet
  facet normal -0.191172 -0.981513 0.0092086
    outer loop
      vertex -7.49557 -0.0676148 72.2832
      vertex -2.82969 -0.977042 72.2146
      vertex -2.83088 -0.973519 72.5654
    endloop
  endfacet
  facet normal -0.161045 -0.580652 0.798065
    outer loop
      vertex -7.49557 -0.0676148 72.2832
      vertex -2.90273 -0.751544 72.7124
      vertex -7.4663 0.514172 72.7124
    endloop
  endfacet
  facet normal -0.160999 -0.580069 0.798498
    outer loop
      vertex -2.90273 -0.751544 72.7124
      vertex -7.49557 -0.0676148 72.2832
      vertex -2.89778 -0.776457 72.6953
    endloop
  endfacet
  facet normal -0.161055 -0.580716 0.798017
    outer loop
      vertex -2.89778 -0.776457 72.6953
      vertex -7.49557 -0.0676148 72.2832
      vertex -2.83088 -0.973519 72.5654
    endloop
  endfacet
  facet normal -0.161133 -0.580641 0.798056
    outer loop
      vertex -7.49557 -0.0676148 72.2832
      vertex -7.4663 0.514172 72.7124
      vertex -7.5 0 72.3315
    endloop
  endfacet
  facet normal 0.160994 0.580541 -0.798156
    outer loop
      vertex -2.10082 2.13929 72.7124
      vertex -6.38388 3.91659 73.1412
      vertex -1.92574 2.29284 72.8594
    endloop
  endfacet
  facet normal 0.161085 0.580724 -0.798004
    outer loop
      vertex -2.10082 2.13929 72.7124
      vertex -6.49519 3.75 72.9975
      vertex -6.38388 3.91659 73.1412
    endloop
  endfacet
  facet normal 0.161029 0.58059 -0.798114
    outer loop
      vertex -6.49519 3.75 72.9975
      vertex -2.10082 2.13929 72.7124
      vertex -6.66521 3.40524 72.7124
    endloop
  endfacet
  facet normal 0.3417 0.939764 -0.00918698
    outer loop
      vertex -1.92297 2.29527 73.2102
      vertex -6.38388 3.91659 73.1412
      vertex -6.38351 3.91713 73.2102
    endloop
  endfacet
  facet normal 0.3417 0.939764 -0.00920791
    outer loop
      vertex -6.38388 3.91659 73.1412
      vertex -1.92297 2.29527 73.2102
      vertex -1.92574 2.29284 72.8594
    endloop
  endfacet
  facet normal -0.267252 -0.963583 0.0092061
    outer loop
      vertex -2.90273 -0.751544 72.7124
      vertex -7.46626 0.514823 72.7817
      vertex -7.4663 0.514172 72.7124
    endloop
  endfacet
  facet normal -0.267252 -0.963583 0.00920431
    outer loop
      vertex -7.46626 0.514823 72.7817
      vertex -2.90273 -0.751544 72.7124
      vertex -2.90344 -0.748 73.0628
    endloop
  endfacet
  facet normal -0.205912 -0.566313 0.798054
    outer loop
      vertex -7.46626 0.514823 72.7817
      vertex -2.94795 -0.524196 73.2102
      vertex -7.41197 1.09893 73.2102
    endloop
  endfacet
  facet normal -0.205817 -0.56633 0.798066
    outer loop
      vertex -7.46626 0.514823 72.7817
      vertex -7.41197 1.09893 73.2102
      vertex -7.43584 0.978946 73.1189
    endloop
  endfacet
  facet normal -0.205939 -0.566481 0.797927
    outer loop
      vertex -2.94795 -0.524196 73.2102
      vertex -7.46626 0.514823 72.7817
      vertex -2.90344 -0.748 73.0628
    endloop
  endfacet
  facet normal 0.205926 0.566327 -0.79804
    outer loop
      vertex -1.82628 2.38006 73.2952
      vertex -6.05864 4.40334 73.6389
      vertex -1.74161 2.43664 73.3572
    endloop
  endfacet
  facet normal 0.205675 0.565868 -0.798431
    outer loop
      vertex -1.92297 2.29527 73.2102
      vertex -6.05864 4.40334 73.6389
      vertex -1.82628 2.38006 73.2952
    endloop
  endfacet
  facet normal 0.205868 0.566191 -0.798152
    outer loop
      vertex -6.05864 4.40334 73.6389
      vertex -1.92297 2.29527 73.2102
      vertex -6.38351 3.91713 73.2102
    endloop
  endfacet
  facet normal 0.414059 0.910203 -0.00928363
    outer loop
      vertex -1.73845 2.43875 73.7079
      vertex -6.05864 4.40334 73.6389
      vertex -6.05828 4.40388 73.7079
    endloop
  endfacet
  facet normal 0.414059 0.910204 -0.00920717
    outer loop
      vertex -6.05864 4.40334 73.6389
      vertex -1.73845 2.43875 73.7079
      vertex -1.74161 2.43664 73.3572
    endloop
  endfacet
  facet normal -0.3417 -0.939765 0.009078
    outer loop
      vertex -2.94795 -0.524196 73.2102
      vertex -7.41185 1.09955 73.2789
      vertex -7.41197 1.09893 73.2102
    endloop
  endfacet
  facet normal -0.341698 -0.939765 0.00920186
    outer loop
      vertex -7.41185 1.09955 73.2789
      vertex -2.94795 -0.524196 73.2102
      vertex -2.94869 -0.520493 73.5609
    endloop
  endfacet
  facet normal -0.2495 -0.548463 0.798084
    outer loop
      vertex -7.41185 1.09955 73.2789
      vertex -2.98087 -0.291891 73.7079
      vertex -7.29798 1.672 73.7079
    endloop
  endfacet
  facet normal -0.249548 -0.548662 0.797932
    outer loop
      vertex -2.98087 -0.291891 73.7079
      vertex -7.41185 1.09955 73.2789
      vertex -2.97433 -0.391578 73.6414
    endloop
  endfacet
  facet normal -0.249402 -0.548125 0.798347
    outer loop
      vertex -2.97433 -0.391578 73.6414
      vertex -7.41185 1.09955 73.2789
      vertex -2.94869 -0.520493 73.5609
    endloop
  endfacet
  facet normal 0.249475 0.548431 -0.798114
    outer loop
      vertex -1.73845 2.43875 73.7079
      vertex -5.69157 4.86056 74.1364
      vertex -1.54771 2.5662 73.8551
    endloop
  endfacet
  facet normal 0.249524 0.548501 -0.798051
    outer loop
      vertex -1.73845 2.43875 73.7079
      vertex -5.95015 4.56571 73.8529
      vertex -5.69157 4.86056 74.1364
    endloop
  endfacet
  facet normal 0.249481 0.54842 -0.798119
    outer loop
      vertex -5.95015 4.56571 73.8529
      vertex -1.73845 2.43875 73.7079
      vertex -6.05828 4.40388 73.7079
    endloop
  endfacet
  facet normal 0.483889 0.875081 -0.00918993
    outer loop
      vertex -1.54469 2.56821 74.2057
      vertex -5.69157 4.86056 74.1364
      vertex -5.69114 4.86105 74.2057
    endloop
  endfacet
  facet normal 0.483889 0.875081 -0.00918499
    outer loop
      vertex -5.69157 4.86056 74.1364
      vertex -1.54469 2.56821 74.2057
      vertex -1.54771 2.5662 73.8551
    endloop
  endfacet
  facet normal -0.414059 -0.910203 0.00919592
    outer loop
      vertex -2.98087 -0.291891 73.7079
      vertex -7.29785 1.67264 73.7771
      vertex -7.29798 1.672 73.7079
    endloop
  endfacet
  facet normal -0.414059 -0.910203 0.00920539
    outer loop
      vertex -7.29785 1.67264 73.7771
      vertex -2.98087 -0.291891 73.7079
      vertex -2.98111 -0.288235 74.0586
    endloop
  endfacet
  facet normal -0.29156 -0.527266 0.798112
    outer loop
      vertex -7.29785 1.67264 73.7771
      vertex -2.99625 -0.0572341 74.2057
      vertex -7.1442 2.23644 74.2057
    endloop
  endfacet
  facet normal -0.291313 -0.527357 0.798143
    outer loop
      vertex -7.29785 1.67264 73.7771
      vertex -7.1442 2.23644 74.2057
      vertex -7.24444 1.94114 73.974
    endloop
  endfacet
  facet normal -0.291577 -0.527318 0.798072
    outer loop
      vertex -2.99625 -0.0572341 74.2057
      vertex -7.29785 1.67264 73.7771
      vertex -2.98111 -0.288235 74.0586
    endloop
  endfacet
  facet normal 0.291711 0.527454 -0.797933
    outer loop
      vertex -1.5 2.59808 74.2417
      vertex -5.30732 5.29872 74.635
      vertex -1.33949 2.67723 74.3527
    endloop
  endfacet
  facet normal 0.291179 0.526796 -0.798561
    outer loop
      vertex -1.54469 2.56821 74.2057
      vertex -5.30732 5.29872 74.635
      vertex -1.5 2.59808 74.2417
    endloop
  endfacet
  facet normal 0.291535 0.527222 -0.798151
    outer loop
      vertex -5.30732 5.29872 74.635
      vertex -1.54469 2.56821 74.2057
      vertex -5.69114 4.86105 74.2057
    endloop
  endfacet
  facet normal 0.550763 0.834611 -0.00923879
    outer loop
      vertex -1.33614 2.67888 74.7034
      vertex -5.30732 5.29872 74.635
      vertex -5.3069 5.2992 74.7034
    endloop
  endfacet
  facet normal 0.550762 0.834611 -0.0091878
    outer loop
      vertex -5.30732 5.29872 74.635
      vertex -1.33614 2.67888 74.7034
      vertex -1.33949 2.67723 74.3527
    endloop
  endfacet
  facet normal -0.48389 -0.875081 0.00911239
    outer loop
      vertex -2.99625 -0.0572341 74.2057
      vertex -7.144 2.23705 74.2749
      vertex -7.1442 2.23644 74.2057
    endloop
  endfacet
  facet normal -0.483888 -0.875081 0.00920735
    outer loop
      vertex -7.144 2.23705 74.2749
      vertex -2.99625 -0.0572341 74.2057
      vertex -2.9965 -0.053408 74.5562
    endloop
  endfacet
  facet normal -0.331834 -0.502855 0.798137
    outer loop
      vertex -7.144 2.23705 74.2749
      vertex -2.98853 0.174971 74.7034
      vertex -6.95538 2.7927 74.7034
    endloop
  endfacet
  facet normal -0.331826 -0.502835 0.798153
    outer loop
      vertex -2.98853 0.174971 74.7034
      vertex -7.144 2.23705 74.2749
      vertex -3 0 74.5884
    endloop
  endfacet
  facet normal -0.331866 -0.502918 0.798084
    outer loop
      vertex -3 0 74.5884
      vertex -7.144 2.23705 74.2749
      vertex -2.9965 -0.053408 74.5562
    endloop
  endfacet
  facet normal 0.332084 0.503153 -0.797846
    outer loop
      vertex -1.14805 2.77164 74.8401
      vertex -4.86508 5.68761 75.1319
      vertex -1.13107 2.7774 74.8508
    endloop
  endfacet
  facet normal 0.331932 0.502977 -0.79802
    outer loop
      vertex -1.33614 2.67888 74.7034
      vertex -4.86508 5.68761 75.1319
      vertex -1.14805 2.77164 74.8401
    endloop
  endfacet
  facet normal 0.331871 0.502914 -0.798085
    outer loop
      vertex -1.33614 2.67888 74.7034
      vertex -5.3033 5.3033 74.7075
      vertex -4.86508 5.68761 75.1319
    endloop
  endfacet
  facet normal 0.332875 0.504429 -0.796709
    outer loop
      vertex -5.3033 5.3033 74.7075
      vertex -1.33614 2.67888 74.7034
      vertex -5.3069 5.2992 74.7034
    endloop
  endfacet
  facet normal 0.61427 0.789042 -0.00923925
    outer loop
      vertex -1.12741 2.77864 75.2012
      vertex -4.86508 5.68761 75.1319
      vertex -4.86459 5.68804 75.2012
    endloop
  endfacet
  facet normal 0.61427 0.789042 -0.00920845
    outer loop
      vertex -4.86508 5.68761 75.1319
      vertex -1.12741 2.77864 75.2012
      vertex -1.13107 2.7774 74.8508
    endloop
  endfacet
  facet normal -0.550761 -0.834612 0.00921571
    outer loop
      vertex -2.98853 0.174971 74.7034
      vertex -6.95517 2.79332 74.7721
      vertex -6.95538 2.7927 74.7034
    endloop
  endfacet
  facet normal -0.550762 -0.834612 0.00920114
    outer loop
      vertex -6.95517 2.79332 74.7721
      vertex -2.98853 0.174971 74.7034
      vertex -2.98829 0.17868 75.0542
    endloop
  endfacet
  facet normal -0.370128 -0.475438 0.7981
    outer loop
      vertex -6.95517 2.79332 74.7721
      vertex -2.97038 0.411479 75.2012
      vertex -6.70702 3.32045 75.2012
    endloop
  endfacet
  facet normal -0.370285 -0.475747 0.797844
    outer loop
      vertex -2.97038 0.411479 75.2012
      vertex -6.95517 2.79332 74.7721
      vertex -2.97433 0.391578 75.1875
    endloop
  endfacet
  facet normal -0.373188 -0.473685 0.797717
    outer loop
      vertex -6.95517 2.79332 74.7721
      vertex -6.70702 3.32045 75.2012
      vertex -6.9291 2.87012 74.8299
    endloop
  endfacet
  facet normal -0.370126 -0.475438 0.798101
    outer loop
      vertex -2.97433 0.391578 75.1875
      vertex -6.95517 2.79332 74.7721
      vertex -2.98829 0.17868 75.0542
    endloop
  endfacet
  facet normal 0.370081 0.475397 -0.798147
    outer loop
      vertex -1.12741 2.77864 75.2012
      vertex -4.41017 6.05408 75.63
      vertex -0.906644 2.85358 75.3482
    endloop
  endfacet
  facet normal 0.370243 0.475538 -0.797988
    outer loop
      vertex -1.12741 2.77864 75.2012
      vertex -4.56571 5.95015 75.4959
      vertex -4.41017 6.05408 75.63
    endloop
  endfacet
  facet normal 0.370088 0.475385 -0.798151
    outer loop
      vertex -4.56571 5.95015 75.4959
      vertex -1.12741 2.77864 75.2012
      vertex -4.86459 5.68804 75.2012
    endloop
  endfacet
  facet normal 0.674024 0.738652 -0.00922649
    outer loop
      vertex -0.903153 2.85477 75.699
      vertex -4.41017 6.05408 75.63
      vertex -4.40962 6.05444 75.699
    endloop
  endfacet
  facet normal 0.674024 0.738652 -0.00921326
    outer loop
      vertex -4.41017 6.05408 75.63
      vertex -0.903153 2.85477 75.699
      vertex -0.906644 2.85358 75.3482
    endloop
  endfacet
  facet normal -0.614269 -0.789042 0.00928821
    outer loop
      vertex -2.97038 0.411479 75.2012
      vertex -6.70673 3.32104 75.2705
      vertex -6.70702 3.32045 75.2012
    endloop
  endfacet
  facet normal -0.61427 -0.789042 0.00921841
    outer loop
      vertex -6.70673 3.32104 75.2705
      vertex -2.97038 0.411479 75.2012
      vertex -2.96967 0.41502 75.5516
    endloop
  endfacet
  facet normal -0.406177 -0.445123 0.798052
    outer loop
      vertex -6.70673 3.32104 75.2705
      vertex -2.92519 0.638615 75.699
      vertex -6.43448 3.84086 75.699
    endloop
  endfacet
  facet normal -0.407466 -0.444289 0.797859
    outer loop
      vertex -6.70673 3.32104 75.2705
      vertex -6.43448 3.84086 75.699
      vertex -6.49519 3.75 75.6174
    endloop
  endfacet
  facet normal -0.406239 -0.445225 0.797962
    outer loop
      vertex -2.92519 0.638615 75.699
      vertex -6.70673 3.32104 75.2705
      vertex -2.96967 0.41502 75.5516
    endloop
  endfacet
  facet normal 0.406406 0.445299 -0.797837
    outer loop
      vertex -0.776457 2.89778 75.7874
      vertex -3.92324 6.37943 76.1277
      vertex -0.681841 2.9166 75.8461
    endloop
  endfacet
  facet normal 0.405945 0.444926 -0.798279
    outer loop
      vertex -0.903153 2.85477 75.699
      vertex -3.92324 6.37943 76.1277
      vertex -0.776457 2.89778 75.7874
    endloop
  endfacet
  facet normal 0.406107 0.445046 -0.798129
    outer loop
      vertex -3.92324 6.37943 76.1277
      vertex -0.903153 2.85477 75.699
      vertex -4.40962 6.05444 75.699
    endloop
  endfacet
  facet normal 0.729659 0.683748 -0.00927776
    outer loop
      vertex -0.678111 2.91734 76.1967
      vertex -3.92324 6.37943 76.1277
      vertex -3.9227 6.37979 76.1967
    endloop
  endfacet
  facet normal 0.729659 0.683749 -0.00920594
    outer loop
      vertex -3.92324 6.37943 76.1277
      vertex -0.678111 2.91734 76.1967
      vertex -0.681841 2.9166 75.8461
    endloop
  endfacet
  facet normal -0.674024 -0.738653 0.00913238
    outer loop
      vertex -2.92519 0.638615 75.699
      vertex -6.43413 3.84139 75.7677
      vertex -6.43448 3.84086 75.699
    endloop
  endfacet
  facet normal -0.674023 -0.738653 0.00919604
    outer loop
      vertex -6.43413 3.84139 75.7677
      vertex -2.92519 0.638615 75.699
      vertex -2.92446 0.642315 76.0497
    endloop
  endfacet
  facet normal -0.43965 -0.411987 0.798107
    outer loop
      vertex -6.43413 3.84139 75.7677
      vertex -2.86733 0.86616 76.1967
      vertex -6.10997 4.32653 76.1967
    endloop
  endfacet
  facet normal -0.439722 -0.412086 0.798017
    outer loop
      vertex -2.86733 0.86616 76.1967
      vertex -6.43413 3.84139 75.7677
      vertex -2.89778 0.776457 76.1336
    endloop
  endfacet
  facet normal -0.439536 -0.411845 0.798243
    outer loop
      vertex -2.89778 0.776457 76.1336
      vertex -6.43413 3.84139 75.7677
      vertex -2.92446 0.642315 76.0497
    endloop
  endfacet
  facet normal 0.439674 0.412009 -0.798083
    outer loop
      vertex -0.678111 2.91734 76.1967
      vertex -3.41011 6.66281 76.6252
      vertex -0.452899 2.96214 76.3439
    endloop
  endfacet
  facet normal 0.439693 0.412021 -0.798065
    outer loop
      vertex -0.678111 2.91734 76.1967
      vertex -3.75 6.49519 76.3514
      vertex -3.41011 6.66281 76.6252
    endloop
  endfacet
  facet normal 0.439642 0.411979 -0.798116
    outer loop
      vertex -3.75 6.49519 76.3514
      vertex -0.678111 2.91734 76.1967
      vertex -3.9227 6.37979 76.1967
    endloop
  endfacet
  facet normal 0.780836 0.624668 -0.00917173
    outer loop
      vertex -0.449333 2.96285 76.6945
      vertex -3.41011 6.66281 76.6252
      vertex -3.40952 6.66309 76.6945
    endloop
  endfacet
  facet normal 0.780837 0.624668 -0.00920701
    outer loop
      vertex -3.41011 6.66281 76.6252
      vertex -0.449333 2.96285 76.6945
      vertex -0.452899 2.96214 76.3439
    endloop
  endfacet
  facet normal -0.729659 -0.683748 0.00923697
    outer loop
      vertex -2.86733 0.86616 76.1967
      vertex -6.1096 4.32707 76.2659
      vertex -6.10997 4.32653 76.1967
    endloop
  endfacet
  facet normal -0.72966 -0.683748 0.00921263
    outer loop
      vertex -6.1096 4.32707 76.2659
      vertex -2.86733 0.86616 76.1967
      vertex -2.86615 0.869626 76.5474
    endloop
  endfacet
  facet normal -0.470497 -0.376395 0.798097
    outer loop
      vertex -6.1096 4.32707 76.2659
      vertex -2.79182 1.08861 76.6945
      vertex -5.75317 4.79032 76.6945
    endloop
  endfacet
  facet normal -0.471885 -0.375123 0.797877
    outer loop
      vertex -6.1096 4.32707 76.2659
      vertex -5.75317 4.79032 76.6945
      vertex -5.95015 4.56571 76.4724
    endloop
  endfacet
  facet normal -0.470504 -0.376404 0.798089
    outer loop
      vertex -2.79182 1.08861 76.6945
      vertex -6.1096 4.32707 76.2659
      vertex -2.86615 0.869626 76.5474
    endloop
  endfacet
  facet normal 0.470709 0.37652 -0.797913
    outer loop
      vertex -0.391578 2.97433 76.7339
      vertex -2.88729 6.92063 77.1238
      vertex -0.218269 2.98569 76.8415
    endloop
  endfacet
  facet normal 0.469986 0.376123 -0.798526
    outer loop
      vertex -0.449333 2.96285 76.6945
      vertex -2.88729 6.92063 77.1238
      vertex -0.391578 2.97433 76.7339
    endloop
  endfacet
  facet normal 0.470478 0.376381 -0.798115
    outer loop
      vertex -2.88729 6.92063 77.1238
      vertex -0.449333 2.96285 76.6945
      vertex -3.40952 6.66309 76.6945
    endloop
  endfacet
  facet normal 0.827242 0.56177 -0.00919333
    outer loop
      vertex -0.214532 2.98594 77.1922
      vertex -2.88729 6.92063 77.1238
      vertex -2.88672 6.92091 77.1922
    endloop
  endfacet
  facet normal 0.827242 0.561769 -0.00921542
    outer loop
      vertex -2.88729 6.92063 77.1238
      vertex -0.214532 2.98594 77.1922
      vertex -0.218269 2.98569 76.8415
    endloop
  endfacet
  facet normal -0.780839 -0.624667 0.00907214
    outer loop
      vertex -2.79182 1.08861 76.6945
      vertex -5.75275 4.7908 76.7637
      vertex -5.75317 4.79032 76.6945
    endloop
  endfacet
  facet normal -0.780836 -0.624668 0.00921408
    outer loop
      vertex -5.75275 4.7908 76.7637
      vertex -2.79182 1.08861 76.6945
      vertex -2.79058 1.09223 77.045
    endloop
  endfacet
  facet normal -0.4984 -0.338457 0.79815
    outer loop
      vertex -5.75275 4.7908 76.7637
      vertex -2.6964 1.30061 77.1922
      vertex -5.36601 5.23179 77.1922
    endloop
  endfacet
  facet normal -0.498455 -0.338511 0.798093
    outer loop
      vertex -2.6964 1.30061 77.1922
      vertex -5.75275 4.7908 76.7637
      vertex -2.77164 1.14805 77.0805
    endloop
  endfacet
  facet normal -0.498416 -0.338476 0.798133
    outer loop
      vertex -2.77164 1.14805 77.0805
      vertex -5.75275 4.7908 76.7637
      vertex -2.79058 1.09223 77.045
    endloop
  endfacet
  facet normal 0.49763 0.338075 -0.798792
    outer loop
      vertex 0 3 77.3322
      vertex -2.33063 7.11223 77.6207
      vertex 0.0124355 2.99918 77.3396
    endloop
  endfacet
  facet normal 0.498574 0.338555 -0.798001
    outer loop
      vertex -0.214532 2.98594 77.1922
      vertex -2.33063 7.11223 77.6207
      vertex 0 3 77.3322
    endloop
  endfacet
  facet normal 0.498444 0.338499 -0.798106
    outer loop
      vertex -0.214532 2.98594 77.1922
      vertex -2.87012 6.9291 77.2061
      vertex -2.33063 7.11223 77.6207
    endloop
  endfacet
  facet normal 0.499802 0.339409 -0.796869
    outer loop
      vertex -2.87012 6.9291 77.2061
      vertex -0.214532 2.98594 77.1922
      vertex -2.88672 6.92091 77.1922
    endloop
  endfacet
  facet normal 0.868594 0.495437 -0.0092723
    outer loop
      vertex 0.0162934 2.99893 77.69
      vertex -2.33063 7.11223 77.6207
      vertex -2.33001 7.11244 77.69
    endloop
  endfacet
  facet normal 0.868594 0.495438 -0.00920973
    outer loop
      vertex -2.33063 7.11223 77.6207
      vertex 0.0162934 2.99893 77.69
      vertex 0.0124355 2.99918 77.3396
    endloop
  endfacet
  facet normal -0.827242 -0.561769 0.00926636
    outer loop
      vertex -2.6964 1.30061 77.1922
      vertex -5.36558 5.23229 77.2609
      vertex -5.36601 5.23179 77.1922
    endloop
  endfacet
  facet normal -0.827243 -0.561768 0.00920002
    outer loop
      vertex -5.36558 5.23229 77.2609
      vertex -2.6964 1.30061 77.1922
      vertex -2.69476 1.30394 77.543
    endloop
  endfacet
  facet normal -0.523403 -0.298544 0.798073
    outer loop
      vertex -5.36558 5.23229 77.2609
      vertex -2.58964 1.51263 77.69
      vertex -4.93569 5.62569 77.69
    endloop
  endfacet
  facet normal -0.524493 -0.299481 0.797006
    outer loop
      vertex -2.58964 1.51263 77.69
      vertex -5.36558 5.23229 77.2609
      vertex -2.59808 1.5 77.6797
    endloop
  endfacet
  facet normal -0.523816 -0.298013 0.798
    outer loop
      vertex -5.36558 5.23229 77.2609
      vertex -4.93569 5.62569 77.69
      vertex -5.3033 5.3033 77.3283
    endloop
  endfacet
  facet normal -0.5233 -0.298466 0.79817
    outer loop
      vertex -2.59808 1.5 77.6797
      vertex -5.36558 5.23229 77.2609
      vertex -2.69476 1.30394 77.543
    endloop
  endfacet
  facet normal 0.997855 0.0654607 0
    outer loop
      vertex 2.98383 0.246764 54.1482
      vertex 2.97433 0.391578 53.7041
      vertex 2.97433 0.391578 78.21
    endloop
  endfacet
  facet normal 0.99786 0.065386 -2.44744e-05
    outer loop
      vertex 2.97433 0.391578 53.7041
      vertex 2.98383 0.246764 54.1482
      vertex 2.98358 0.250448 53.7975
    endloop
  endfacet
  facet normal 0.99786 0.0653792 4.92387e-07
    outer loop
      vertex 2.99935 0.00988386 54.6456
      vertex 2.98383 0.246764 54.1482
      vertex 2.97433 0.391578 78.21
    endloop
  endfacet
  facet normal 0.997859 0.0653959 8.46435e-06
    outer loop
      vertex 2.98383 0.246764 54.1482
      vertex 2.99935 0.00988386 54.6456
      vertex 2.9991 0.0137439 54.2952
    endloop
  endfacet
  facet normal 0.997858 0.0654149 -0
    outer loop
      vertex 3 0 54.6515
      vertex 2.97433 0.391578 78.21
      vertex 3 0 78.21
    endloop
  endfacet
  facet normal 0.997845 0.06562 -3.42438e-06
    outer loop
      vertex 2.97433 0.391578 78.21
      vertex 3 0 54.6515
      vertex 2.99935 0.00988386 54.6456
    endloop
  endfacet
  facet normal 0.997859 0.0654008 -1.81687e-05
    outer loop
      vertex 2.98982 0.155346 46.9758
      vertex 2.97433 0.391578 46.5863
      vertex 2.97451 0.388899 46.8288
    endloop
  endfacet
  facet normal 0.997856 0.0654435 0
    outer loop
      vertex 2.97433 0.391578 46.5863
      vertex 2.98933 0.162864 14.3273
      vertex 2.97433 0.391578 13.8301
    endloop
  endfacet
  facet normal 0.997858 0.0654154 -1.29718e-05
    outer loop
      vertex 2.97433 0.391578 13.8301
      vertex 2.98933 0.162864 14.3273
      vertex 2.98908 0.166608 13.9766
    endloop
  endfacet
  facet normal 0.997857 0.0654303 -1.89002e-07
    outer loop
      vertex 2.97433 0.391578 46.5863
      vertex 2.98982 0.155346 46.9758
      vertex 3 0 14.4281
    endloop
  endfacet
  facet normal 0.997859 0.0654073 5.69507e-06
    outer loop
      vertex 3 0 47.4267
      vertex 2.98982 0.155346 46.9758
      vertex 2.99006 0.151654 47.3266
    endloop
  endfacet
  facet normal 0.99786 0.0653909 0
    outer loop
      vertex 2.98982 0.155346 46.9758
      vertex 3 0 47.4267
      vertex 3 0 14.4281
    endloop
  endfacet
  facet normal 0.997861 0.0653749 4.88185e-07
    outer loop
      vertex 2.97433 0.391578 46.5863
      vertex 3 0 14.4281
      vertex 2.98933 0.162864 14.3273
    endloop
  endfacet
  facet normal -0.99785 0.0655361 0
    outer loop
      vertex -2.97691 0.352295 28.0611
      vertex -2.97433 0.391578 28.4357
      vertex -2.97433 0.391578 11
    endloop
  endfacet
  facet normal -0.997856 0.0654549 8.55011e-06
    outer loop
      vertex -2.97433 0.391578 28.4357
      vertex -2.97691 0.352295 28.0611
      vertex -2.97667 0.355908 28.4116
    endloop
  endfacet
  facet normal -0.997859 0.065403 -3.07725e-07
    outer loop
      vertex -2.99211 0.120385 27.5632
      vertex -2.97691 0.352295 28.0611
      vertex -2.97433 0.391578 11
    endloop
  endfacet
  facet normal -0.99786 0.0653867 7.31338e-06
    outer loop
      vertex -2.97691 0.352295 28.0611
      vertex -2.99211 0.120385 27.5632
      vertex -2.99186 0.124161 27.9139
    endloop
  endfacet
  facet normal -0.997858 0.0654149 0
    outer loop
      vertex -3 0 27.4894
      vertex -2.97433 0.391578 11
      vertex -3 0 11
    endloop
  endfacet
  facet normal -0.997859 0.0653996 -3.62945e-07
    outer loop
      vertex -2.97433 0.391578 11
      vertex -3 0 27.4894
      vertex -2.99211 0.120385 27.5632
    endloop
  endfacet
  facet normal -0.997857 0.0654296 1.91805e-06
    outer loop
      vertex -3 0 78.21
      vertex -2.97433 0.391578 75.1875
      vertex -2.98829 0.17868 75.0542
    endloop
  endfacet
  facet normal -0.997858 0.0654192 -8.99071e-06
    outer loop
      vertex -3 0 74.5884
      vertex -2.98829 0.17868 75.0542
      vertex -2.98853 0.174971 74.7034
    endloop
  endfacet
  facet normal -0.997859 0.0653959 0
    outer loop
      vertex -3 0 78.21
      vertex -2.98829 0.17868 75.0542
      vertex -3 0 74.5884
    endloop
  endfacet
  facet normal -0.997858 0.0654149 0
    outer loop
      vertex -2.97433 0.391578 75.1875
      vertex -3 0 78.21
      vertex -2.97433 0.391578 78.21
    endloop
  endfacet
  facet normal -0.997854 0.0654718 0
    outer loop
      vertex -2.98231 0.269955 67.8818
      vertex -2.97433 0.391578 68.3109
      vertex -2.97433 0.391578 35.3121
    endloop
  endfacet
  facet normal -0.997854 0.0654794 -2.16435e-06
    outer loop
      vertex -2.97433 0.391578 68.3109
      vertex -2.98231 0.269955 67.8818
      vertex -2.98207 0.273624 68.2325
    endloop
  endfacet
  facet normal -0.997858 0.065417 2.62175e-08
    outer loop
      vertex -3 0 67.3638
      vertex -2.97433 0.391578 35.3121
      vertex -2.98275 0.263141 35.2333
    endloop
  endfacet
  facet normal -0.99786 0.0653918 8.3745e-06
    outer loop
      vertex -2.99793 0.0315625 34.7352
      vertex -2.98275 0.263141 35.2333
      vertex -2.983 0.259371 34.8825
    endloop
  endfacet
  facet normal -0.997859 0.0654052 -2.49762e-07
    outer loop
      vertex -2.97433 0.391578 35.3121
      vertex -2.99776 0.0342392 67.3843
      vertex -2.98231 0.269955 67.8818
    endloop
  endfacet
  facet normal -0.997862 0.0653544 2.39425e-05
    outer loop
      vertex -2.98231 0.269955 67.8818
      vertex -2.99776 0.0342392 67.3843
      vertex -2.9975 0.0380806 67.7348
    endloop
  endfacet
  facet normal -0.997858 0.0654098 -3.27811e-08
    outer loop
      vertex -2.98275 0.263141 35.2333
      vertex -2.99793 0.0315625 34.7352
      vertex -3 0 67.3638
    endloop
  endfacet
  facet normal -0.997865 0.0653146 1.10677e-05
    outer loop
      vertex -3 0 34.3659
      vertex -2.99793 0.0315625 34.7352
      vertex -2.99817 0.0279552 34.3848
    endloop
  endfacet
  facet normal -0.997856 0.0654436 0
    outer loop
      vertex -2.99793 0.0315625 34.7352
      vertex -3 0 34.3659
      vertex -3 0 67.3638
    endloop
  endfacet
  facet normal -0.997867 0.0652835 -1.61177e-06
    outer loop
      vertex -2.97433 0.391578 35.3121
      vertex -3 0 67.3638
      vertex -2.99776 0.0342392 67.3843
    endloop
  endfacet
  facet normal 0.0654056 0.997859 6.63266e-06
    outer loop
      vertex 0.391578 2.97433 38.4046
      vertex 0.331812 2.97825 38.0163
      vertex 0.335438 2.97801 38.3669
    endloop
  endfacet
  facet normal 0.0653977 0.997859 4.24852e-06
    outer loop
      vertex 0.331812 2.97825 38.0163
      vertex 0.0990022 2.99351 37.5184
      vertex 0.102794 2.99326 37.8691
    endloop
  endfacet
  facet normal 0.0654485 0.997856 -0
    outer loop
      vertex 0.391578 2.97433 11
      vertex 0.331812 2.97825 38.0163
      vertex 0.391578 2.97433 38.4046
    endloop
  endfacet
  facet normal 0.0654069 0.997859 -9.2414e-08
    outer loop
      vertex 0.391578 2.97433 11
      vertex 0.0990022 2.99351 37.5184
      vertex 0.331812 2.97825 38.0163
    endloop
  endfacet
  facet normal 0.0654137 0.997858 -1.70854e-08
    outer loop
      vertex 0.391578 2.97433 11
      vertex 0 3 37.4581
      vertex 0.0990022 2.99351 37.5184
    endloop
  endfacet
  facet normal 0.0654149 0.997858 0
    outer loop
      vertex 0 3 37.4581
      vertex 0.391578 2.97433 11
      vertex 0 3 11
    endloop
  endfacet
  facet normal 0.0654149 0.997858 -3.61115e-06
    outer loop
      vertex 0.391578 2.97433 78.21
      vertex 0.0162934 2.99893 77.69
      vertex 0 3 78.21
    endloop
  endfacet
  facet normal 0.0654214 0.997858 -8.34689e-06
    outer loop
      vertex 0.391578 2.97433 78.21
      vertex 0.0124355 2.99918 77.3396
      vertex 0.0162934 2.99893 77.69
    endloop
  endfacet
  facet normal 0.0654023 0.997859 -0
    outer loop
      vertex 0.391578 2.97433 45.2809
      vertex 0.0124355 2.99918 77.3396
      vertex 0.391578 2.97433 78.21
    endloop
  endfacet
  facet normal 0.0657946 0.997833 4.65939e-06
    outer loop
      vertex 0.391578 2.97433 45.2809
      vertex 0 3 77.3322
      vertex 0.0124355 2.99918 77.3396
    endloop
  endfacet
  facet normal 0.0654625 0.997855 5.84338e-07
    outer loop
      vertex 0.241891 2.98415 45.1885
      vertex 0 3 77.3322
      vertex 0.391578 2.97433 45.2809
    endloop
  endfacet
  facet normal 0.0654302 0.997857 -1.76918e-05
    outer loop
      vertex 0.0111654 2.99927 44.6904
      vertex 0.241891 2.98415 45.1885
      vertex 0.238136 2.98439 44.8378
    endloop
  endfacet
  facet normal 0.065392 0.99786 5.17885e-08
    outer loop
      vertex 0.241891 2.98415 45.1885
      vertex 0.0111654 2.99927 44.6904
      vertex 0 3 77.3322
    endloop
  endfacet
  facet normal 0.0659028 0.997826 -2.08673e-05
    outer loop
      vertex 0 3 44.3349
      vertex 0.0111654 2.99927 44.6904
      vertex 0.00757205 2.9995 44.34
    endloop
  endfacet
  facet normal 0.0652413 0.99787 0
    outer loop
      vertex 0.0111654 2.99927 44.6904
      vertex 0 3 44.3349
      vertex 0 3 77.3322
    endloop
  endfacet
  facet normal 0.0655296 0.997851 0
    outer loop
      vertex 0 3 78.21
      vertex 0.0162934 2.99893 77.69
      vertex 0 3 77.69
    endloop
  endfacet
  facet normal 0.751827 0.65936 -3.16063e-07
    outer loop
      vertex 2.38006 1.82628 11
      vertex 2.12132 2.12132 42.4424
      vertex 2.17965 2.05481 42.4961
    endloop
  endfacet
  facet normal 0.751862 0.659321 -4.31899e-06
    outer loop
      vertex 2.33378 1.87905 42.9939
      vertex 2.17965 2.05481 42.4961
      vertex 2.18216 2.05195 42.8467
    endloop
  endfacet
  facet normal 0.751855 0.659328 9.751e-08
    outer loop
      vertex 2.17965 2.05481 42.4961
      vertex 2.33378 1.87905 42.9939
      vertex 2.38006 1.82628 11
    endloop
  endfacet
  facet normal 0.751801 0.659391 6.8712e-06
    outer loop
      vertex 2.38006 1.82628 43.389
      vertex 2.33378 1.87905 42.9939
      vertex 2.33618 1.87631 43.3445
    endloop
  endfacet
  facet normal 0.751826 0.659362 0
    outer loop
      vertex 2.33378 1.87905 42.9939
      vertex 2.38006 1.82628 43.389
      vertex 2.38006 1.82628 11
    endloop
  endfacet
  facet normal 0.751844 0.659341 0
    outer loop
      vertex 2.12132 2.12132 42.4424
      vertex 2.38006 1.82628 11
      vertex 2.12132 2.12132 11
    endloop
  endfacet
  facet normal 0.755689 0.654931 0
    outer loop
      vertex 2.12132 2.12132 78.21
      vertex 2.12197 2.12057 49.668
      vertex 2.12132 2.12132 49.5713
    endloop
  endfacet
  facet normal 0.751825 0.659363 -2.04464e-07
    outer loop
      vertex 2.27415 1.94705 50.1661
      vertex 2.12197 2.12057 49.668
      vertex 2.12132 2.12132 78.21
    endloop
  endfacet
  facet normal 0.751815 0.659374 6.996e-06
    outer loop
      vertex 2.12197 2.12057 49.668
      vertex 2.27415 1.94705 50.1661
      vertex 2.27168 1.94987 49.8154
    endloop
  endfacet
  facet normal 0.751844 0.659341 -0
    outer loop
      vertex 2.38006 1.82628 50.2653
      vertex 2.12132 2.12132 78.21
      vertex 2.38006 1.82628 78.21
    endloop
  endfacet
  facet normal 0.751847 0.659337 7.5844e-08
    outer loop
      vertex 2.12132 2.12132 78.21
      vertex 2.38006 1.82628 50.2653
      vertex 2.27415 1.94705 50.1661
    endloop
  endfacet
  facet normal -0.659284 0.751894 -1.07697e-05
    outer loop
      vertex -1.82628 2.38006 33.4202
      vertex -1.86359 2.34734 33.0387
      vertex -1.86087 2.34973 33.3893
    endloop
  endfacet
  facet normal -0.659338 0.751847 -1.4353e-06
    outer loop
      vertex -1.86359 2.34734 33.0387
      vertex -2.03866 2.19381 32.5408
      vertex -2.03581 2.19631 32.8915
    endloop
  endfacet
  facet normal -0.659346 0.75184 0
    outer loop
      vertex -1.82628 2.38006 11
      vertex -1.86359 2.34734 33.0387
      vertex -1.82628 2.38006 33.4202
    endloop
  endfacet
  facet normal -0.65934 0.751845 1.66974e-08
    outer loop
      vertex -1.82628 2.38006 11
      vertex -2.03866 2.19381 32.5408
      vertex -1.86359 2.34734 33.0387
    endloop
  endfacet
  facet normal -0.659341 0.751844 -5.02684e-10
    outer loop
      vertex -1.82628 2.38006 11
      vertex -2.12132 2.12132 32.4738
      vertex -2.03866 2.19381 32.5408
    endloop
  endfacet
  facet normal -0.659341 0.751844 0
    outer loop
      vertex -2.12132 2.12132 32.4738
      vertex -1.82628 2.38006 11
      vertex -2.12132 2.12132 11
    endloop
  endfacet
  facet normal -0.659341 0.751844 0
    outer loop
      vertex -1.82628 2.38006 77.69
      vertex -2.12132 2.12132 78.21
      vertex -1.82628 2.38006 78.21
    endloop
  endfacet
  facet normal -0.659341 0.751844 0
    outer loop
      vertex -2.12132 2.12132 78.21
      vertex -1.82628 2.38006 77.69
      vertex -2.12132 2.12132 77.69
    endloop
  endfacet
  facet normal -0.659323 0.751859 -1.97321e-06
    outer loop
      vertex -1.82628 2.38006 73.2952
      vertex -1.92574 2.29284 72.8594
      vertex -1.92297 2.29527 73.2102
    endloop
  endfacet
  facet normal -0.65938 0.75181 2.62528e-05
    outer loop
      vertex -1.92574 2.29284 72.8594
      vertex -2.10373 2.13675 72.362
      vertex -2.10082 2.13929 72.7124
    endloop
  endfacet
  facet normal -0.659328 0.751855 0
    outer loop
      vertex -1.82628 2.38006 40.2965
      vertex -1.92574 2.29284 72.8594
      vertex -1.82628 2.38006 73.2952
    endloop
  endfacet
  facet normal -0.659338 0.751846 -5.44848e-08
    outer loop
      vertex -1.82628 2.38006 40.2965
      vertex -2.10373 2.13675 72.362
      vertex -1.92574 2.29284 72.8594
    endloop
  endfacet
  facet normal -0.659441 0.751756 -1.62896e-06
    outer loop
      vertex -1.82628 2.38006 40.2965
      vertex -2.12132 2.12132 72.348
      vertex -2.10373 2.13675 72.362
    endloop
  endfacet
  facet normal -0.659352 0.751834 -1.80275e-07
    outer loop
      vertex -1.93107 2.28816 40.2109
      vertex -2.12132 2.12132 72.348
      vertex -1.82628 2.38006 40.2965
    endloop
  endfacet
  facet normal -0.659342 0.751843 3.89364e-06
    outer loop
      vertex -2.10523 2.13543 39.7128
      vertex -1.93107 2.28816 40.2109
      vertex -1.9339 2.28568 39.8601
    endloop
  endfacet
  facet normal -0.659336 0.751849 -3.71185e-09
    outer loop
      vertex -1.93107 2.28816 40.2109
      vertex -2.10523 2.13543 39.7128
      vertex -2.12132 2.12132 72.348
    endloop
  endfacet
  facet normal -0.659216 0.751954 -9.06059e-06
    outer loop
      vertex -2.12132 2.12132 39.3504
      vertex -2.10523 2.13543 39.7128
      vertex -2.10794 2.13305 39.3624
    endloop
  endfacet
  facet normal -0.659331 0.751853 0
    outer loop
      vertex -2.10523 2.13543 39.7128
      vertex -2.12132 2.12132 39.3504
      vertex -2.12132 2.12132 72.348
    endloop
  endfacet
  facet normal -0.321558 0.94689 2.03156e-05
    outer loop
      vertex -0.776457 2.89778 35.9124
      vertex -0.828308 2.88018 35.5275
      vertex -0.82487 2.88134 35.8781
    endloop
  endfacet
  facet normal -0.321484 0.946915 6.00325e-06
    outer loop
      vertex -0.828308 2.88018 35.5275
      vertex -1.04902 2.80525 35.0296
      vertex -1.04542 2.80647 35.3803
    endloop
  endfacet
  facet normal -0.321422 0.946936 0
    outer loop
      vertex -0.776457 2.89778 11
      vertex -0.828308 2.88018 35.5275
      vertex -0.776457 2.89778 35.9124
    endloop
  endfacet
  facet normal -0.321471 0.946919 -1.15634e-07
    outer loop
      vertex -0.776457 2.89778 11
      vertex -1.04902 2.80525 35.0296
      vertex -0.828308 2.88018 35.5275
    endloop
  endfacet
  facet normal -0.321387 0.946948 9.49498e-07
    outer loop
      vertex -0.776457 2.89778 11
      vertex -1.14805 2.77164 34.9659
      vertex -1.04902 2.80525 35.0296
    endloop
  endfacet
  facet normal -0.321442 0.946929 0
    outer loop
      vertex -1.14805 2.77164 34.9659
      vertex -0.776457 2.89778 11
      vertex -1.14805 2.77164 11
    endloop
  endfacet
  facet normal -0.321442 0.946929 0
    outer loop
      vertex -0.776457 2.89778 77.69
      vertex -1.14805 2.77164 78.21
      vertex -0.776457 2.89778 78.21
    endloop
  endfacet
  facet normal -0.321442 0.946929 0
    outer loop
      vertex -1.14805 2.77164 78.21
      vertex -0.776457 2.89778 77.69
      vertex -1.14805 2.77164 77.69
    endloop
  endfacet
  facet normal -0.321448 0.946927 -1.33089e-05
    outer loop
      vertex -0.776457 2.89778 75.7874
      vertex -0.906644 2.85358 75.3482
      vertex -0.903153 2.85477 75.699
    endloop
  endfacet
  facet normal -0.321444 0.946929 6.54013e-06
    outer loop
      vertex -0.906644 2.85358 75.3482
      vertex -1.13107 2.7774 74.8508
      vertex -1.12741 2.77864 75.2012
    endloop
  endfacet
  facet normal -0.321488 0.946914 0
    outer loop
      vertex -0.776457 2.89778 42.7887
      vertex -0.906644 2.85358 75.3482
      vertex -0.776457 2.89778 75.7874
    endloop
  endfacet
  facet normal -0.321431 0.946933 2.54787e-07
    outer loop
      vertex -0.776457 2.89778 42.7887
      vertex -1.13107 2.7774 74.8508
      vertex -0.906644 2.85358 75.3482
    endloop
  endfacet
  facet normal -0.321244 0.946996 2.55923e-06
    outer loop
      vertex -0.776457 2.89778 42.7887
      vertex -1.14805 2.77164 74.8401
      vertex -1.13107 2.7774 74.8508
    endloop
  endfacet
  facet normal -0.321435 0.946932 8.7277e-08
    outer loop
      vertex -0.913473 2.85127 42.6997
      vertex -1.14805 2.77164 74.8401
      vertex -0.776457 2.89778 42.7887
    endloop
  endfacet
  facet normal -0.321441 0.94693 1.3479e-06
    outer loop
      vertex -1.13262 2.77688 42.2016
      vertex -0.913473 2.85127 42.6997
      vertex -0.917039 2.85006 42.349
    endloop
  endfacet
  facet normal -0.321438 0.946931 6.51423e-08
    outer loop
      vertex -0.913473 2.85127 42.6997
      vertex -1.13262 2.77688 42.2016
      vertex -1.14805 2.77164 74.8401
    endloop
  endfacet
  facet normal -0.321418 0.946937 -6.88273e-06
    outer loop
      vertex -1.14805 2.77164 41.8426
      vertex -1.13262 2.77688 42.2016
      vertex -1.13603 2.77572 41.8512
    endloop
  endfacet
  facet normal -0.321562 0.946889 0
    outer loop
      vertex -1.13262 2.77688 42.2016
      vertex -1.14805 2.77164 41.8426
      vertex -1.14805 2.77164 74.8401
    endloop
  endfacet
  facet normal 0.897188 0.44165 0
    outer loop
      vertex 2.59967 1.49677 11.3404
      vertex 2.59808 1.5 11
      vertex 2.59808 1.5 43.9871
    endloop
  endfacet
  facet normal 0.913811 0.406138 -0.00041461
    outer loop
      vertex 2.59808 1.5 11
      vertex 2.59967 1.49677 11.3404
      vertex 2.59812 1.49991 11
    endloop
  endfacet
  facet normal 0.897197 0.441631 8.90446e-06
    outer loop
      vertex 2.77164 1.14805 11.9359
      vertex 2.59808 1.5 43.9871
      vertex 2.59998 1.49614 43.9896
    endloop
  endfacet
  facet normal 0.896877 0.442281 3.0141e-06
    outer loop
      vertex 2.70509 1.28299 44.487
      vertex 2.59998 1.49614 43.9896
      vertex 2.60169 1.49267 44.34
    endloop
  endfacet
  facet normal 0.896865 0.442304 -8.04768e-08
    outer loop
      vertex 2.59808 1.5 43.9871
      vertex 2.7018 1.28968 11.8385
      vertex 2.59967 1.49677 11.3404
    endloop
  endfacet
  facet normal 0.896885 0.442264 -2.10126e-05
    outer loop
      vertex 2.59967 1.49677 11.3404
      vertex 2.7018 1.28968 11.8385
      vertex 2.70013 1.29305 11.4878
    endloop
  endfacet
  facet normal 0.896879 0.442276 2.03448e-07
    outer loop
      vertex 2.59998 1.49614 43.9896
      vertex 2.70509 1.28299 44.487
      vertex 2.77164 1.14805 11.9359
    endloop
  endfacet
  facet normal 0.896886 0.442262 -1.99717e-05
    outer loop
      vertex 2.77164 1.14805 44.9346
      vertex 2.70509 1.28299 44.487
      vertex 2.70673 1.27968 44.8378
    endloop
  endfacet
  facet normal 0.89686 0.442315 0
    outer loop
      vertex 2.70509 1.28299 44.487
      vertex 2.77164 1.14805 44.9346
      vertex 2.77164 1.14805 11.9359
    endloop
  endfacet
  facet normal 0.896883 0.442267 2.18608e-07
    outer loop
      vertex 2.59808 1.5 43.9871
      vertex 2.77164 1.14805 11.9359
      vertex 2.7018 1.28968 11.8385
    endloop
  endfacet
  facet normal 0.896888 0.442258 0
    outer loop
      vertex 2.66457 1.36516 51.6594
      vertex 2.59808 1.5 51.2119
      vertex 2.59808 1.5 78.21
    endloop
  endfacet
  facet normal 0.896863 0.442308 1.87508e-05
    outer loop
      vertex 2.59808 1.5 51.2119
      vertex 2.66457 1.36516 51.6594
      vertex 2.66294 1.36848 51.3087
    endloop
  endfacet
  facet normal 0.896871 0.442292 -2.12045e-07
    outer loop
      vertex 2.76968 1.15202 52.1568
      vertex 2.66457 1.36516 51.6594
      vertex 2.59808 1.5 78.21
    endloop
  endfacet
  facet normal 0.896868 0.442298 3.22443e-06
    outer loop
      vertex 2.66457 1.36516 51.6594
      vertex 2.76968 1.15202 52.1568
      vertex 2.76797 1.15549 51.8064
    endloop
  endfacet
  facet normal 0.896875 0.442283 -0
    outer loop
      vertex 2.77164 1.14805 52.1594
      vertex 2.59808 1.5 78.21
      vertex 2.77164 1.14805 78.21
    endloop
  endfacet
  facet normal 0.896676 0.442687 -6.77905e-06
    outer loop
      vertex 2.59808 1.5 78.21
      vertex 2.77164 1.14805 52.1594
      vertex 2.76968 1.15202 52.1568
    endloop
  endfacet
  facet normal 0.980784 0.195095 0
    outer loop
      vertex 2.91145 0.707735 53.1525
      vertex 2.89778 0.776457 52.7575
      vertex 2.89778 0.776457 78.21
    endloop
  endfacet
  facet normal 0.980783 0.195101 9.92311e-07
    outer loop
      vertex 2.89778 0.776457 52.7575
      vertex 2.91145 0.707735 53.1525
      vertex 2.91074 0.711306 52.8019
    endloop
  endfacet
  facet normal 0.98079 0.195066 8.14121e-08
    outer loop
      vertex 2.95705 0.478459 53.6503
      vertex 2.91145 0.707735 53.1525
      vertex 2.89778 0.776457 78.21
    endloop
  endfacet
  facet normal 0.980786 0.195085 8.71018e-06
    outer loop
      vertex 2.91145 0.707735 53.1525
      vertex 2.95705 0.478459 53.6503
      vertex 2.95631 0.482195 53.2997
    endloop
  endfacet
  facet normal 0.980789 0.195073 -0
    outer loop
      vertex 2.97433 0.391578 53.7041
      vertex 2.89778 0.776457 78.21
      vertex 2.97433 0.391578 78.21
    endloop
  endfacet
  facet normal 0.980789 0.195072 1.43391e-08
    outer loop
      vertex 2.89778 0.776457 78.21
      vertex 2.97433 0.391578 53.7041
      vertex 2.95705 0.478459 53.6503
    endloop
  endfacet
  facet normal 0.980786 0.195085 0
    outer loop
      vertex 2.92763 0.626387 13.3318
      vertex 2.89778 0.776457 12.8826
      vertex 2.89778 0.776457 45.8812
    endloop
  endfacet
  facet normal 0.980784 0.195097 4.14401e-06
    outer loop
      vertex 2.89778 0.776457 12.8826
      vertex 2.92763 0.626387 13.3318
      vertex 2.92691 0.630014 12.981
    endloop
  endfacet
  facet normal 0.980789 0.195072 3.09845e-09
    outer loop
      vertex 2.97433 0.391578 13.8301
      vertex 2.89778 0.776457 45.8812
      vertex 2.92909 0.619036 45.9803
    endloop
  endfacet
  facet normal 0.980781 0.195112 6.93233e-06
    outer loop
      vertex 2.97412 0.392663 46.4785
      vertex 2.92909 0.619036 45.9803
      vertex 2.92982 0.615354 46.331
    endloop
  endfacet
  facet normal 0.980786 0.195086 -1.39455e-09
    outer loop
      vertex 2.89778 0.776457 45.8812
      vertex 2.97402 0.393163 13.8292
      vertex 2.92763 0.626387 13.3318
    endloop
  endfacet
  facet normal 0.980791 0.195061 -1.18956e-05
    outer loop
      vertex 2.92763 0.626387 13.3318
      vertex 2.97402 0.393163 13.8292
      vertex 2.97326 0.396963 13.4788
    endloop
  endfacet
  facet normal 0.980784 0.195097 -1.75054e-07
    outer loop
      vertex 2.92909 0.619036 45.9803
      vertex 2.97412 0.392663 46.4785
      vertex 2.97433 0.391578 13.8301
    endloop
  endfacet
  facet normal 0.98178 0.190022 -0
    outer loop
      vertex 2.97433 0.391578 13.8301
      vertex 2.97412 0.392663 46.4785
      vertex 2.97433 0.391578 46.5863
    endloop
  endfacet
  facet normal 0.981401 0.191968 3.8745e-05
    outer loop
      vertex 2.89778 0.776457 45.8812
      vertex 2.97433 0.391578 13.8301
      vertex 2.97402 0.393163 13.8292
    endloop
  endfacet
  facet normal 0.831484 0.555549 4.7805e-07
    outer loop
      vertex 2.59808 1.5 11
      vertex 2.38006 1.82628 43.389
      vertex 2.47217 1.68842 43.4915
    endloop
  endfacet
  facet normal 0.83148 0.555554 -2.85721e-05
    outer loop
      vertex 2.59808 1.5 43.9871
      vertex 2.47217 1.68842 43.4915
      vertex 2.47426 1.68531 43.8422
    endloop
  endfacet
  facet normal 0.831446 0.555606 0
    outer loop
      vertex 2.47217 1.68842 43.4915
      vertex 2.59808 1.5 43.9871
      vertex 2.59808 1.5 11
    endloop
  endfacet
  facet normal 0.831462 0.555582 0
    outer loop
      vertex 2.38006 1.82628 43.389
      vertex 2.59808 1.5 11
      vertex 2.38006 1.82628 11
    endloop
  endfacet
  facet normal 0.831457 0.55559 0
    outer loop
      vertex 2.42185 1.76374 50.6637
      vertex 2.38006 1.82628 50.2653
      vertex 2.38006 1.82628 78.21
    endloop
  endfacet
  facet normal 0.831496 0.555531 -1.33437e-05
    outer loop
      vertex 2.38006 1.82628 50.2653
      vertex 2.42185 1.76374 50.6637
      vertex 2.41982 1.76677 50.3131
    endloop
  endfacet
  facet normal 0.831471 0.555568 7.13235e-08
    outer loop
      vertex 2.55185 1.56918 51.1615
      vertex 2.42185 1.76374 50.6637
      vertex 2.38006 1.82628 78.21
    endloop
  endfacet
  facet normal 0.831448 0.555603 1.96948e-05
    outer loop
      vertex 2.42185 1.76374 50.6637
      vertex 2.55185 1.56918 51.1615
      vertex 2.54974 1.57235 50.8109
    endloop
  endfacet
  facet normal 0.831462 0.555582 -0
    outer loop
      vertex 2.59808 1.5 51.2119
      vertex 2.38006 1.82628 78.21
      vertex 2.59808 1.5 78.21
    endloop
  endfacet
  facet normal 0.83144 0.555615 -5.74011e-07
    outer loop
      vertex 2.38006 1.82628 78.21
      vertex 2.59808 1.5 51.2119
      vertex 2.55185 1.56918 51.1615
    endloop
  endfacet
  facet normal 0.442283 0.896875 -0
    outer loop
      vertex 1.5 2.59808 47.7731
      vertex 1.14805 2.77164 78.21
      vertex 1.5 2.59808 78.21
    endloop
  endfacet
  facet normal 0.442262 0.896886 -3.06932e-07
    outer loop
      vertex 1.3607 2.66677 47.6773
      vertex 1.14805 2.77164 78.21
      vertex 1.5 2.59808 47.7731
    endloop
  endfacet
  facet normal 0.442281 0.896876 -4.76975e-06
    outer loop
      vertex 1.15351 2.76894 47.1792
      vertex 1.3607 2.66677 47.6773
      vertex 1.35733 2.66843 47.3266
    endloop
  endfacet
  facet normal 0.442272 0.896881 -2.18197e-07
    outer loop
      vertex 1.3607 2.66677 47.6773
      vertex 1.15351 2.76894 47.1792
      vertex 1.14805 2.77164 78.21
    endloop
  endfacet
  facet normal 0.44237 0.896832 1.73379e-05
    outer loop
      vertex 1.14805 2.77164 46.8271
      vertex 1.15351 2.76894 47.1792
      vertex 1.15028 2.77054 46.8288
    endloop
  endfacet
  facet normal 0.443269 0.896389 0
    outer loop
      vertex 1.15351 2.76894 47.1792
      vertex 1.14805 2.77164 46.8271
      vertex 1.14805 2.77164 78.21
    endloop
  endfacet
  facet normal 0.442186 0.896923 7.18996e-06
    outer loop
      vertex 1.5 2.59808 40.8968
      vertex 1.44167 2.62684 40.5051
      vertex 1.44493 2.62523 40.8557
    endloop
  endfacet
  facet normal 0.442307 0.896864 -1.6991e-05
    outer loop
      vertex 1.44167 2.62684 40.5051
      vertex 1.23221 2.73013 40.0073
      vertex 1.23563 2.72845 40.3579
    endloop
  endfacet
  facet normal 0.442225 0.896904 -0
    outer loop
      vertex 1.5 2.59808 11
      vertex 1.44167 2.62684 40.5051
      vertex 1.5 2.59808 40.8968
    endloop
  endfacet
  facet normal 0.442274 0.89688 1.2077e-07
    outer loop
      vertex 1.5 2.59808 11
      vertex 1.23221 2.73013 40.0073
      vertex 1.44167 2.62684 40.5051
    endloop
  endfacet
  facet normal 0.442347 0.896844 9.61958e-07
    outer loop
      vertex 1.5 2.59808 11
      vertex 1.14805 2.77164 39.9502
      vertex 1.23221 2.73013 40.0073
    endloop
  endfacet
  facet normal 0.442283 0.896875 0
    outer loop
      vertex 1.14805 2.77164 39.9502
      vertex 1.5 2.59808 11
      vertex 1.14805 2.77164 11
    endloop
  endfacet
  facet normal 0.321442 0.946929 -0
    outer loop
      vertex 1.14805 2.77164 46.8271
      vertex 0.776457 2.89778 78.21
      vertex 1.14805 2.77164 78.21
    endloop
  endfacet
  facet normal 0.321421 0.946936 -2.82594e-07
    outer loop
      vertex 0.928713 2.84609 46.6818
      vertex 0.776457 2.89778 78.21
      vertex 1.14805 2.77164 46.8271
    endloop
  endfacet
  facet normal 0.321478 0.946917 -1.68465e-06
    outer loop
      vertex 0.776457 2.89778 46.2276
      vertex 0.928713 2.84609 46.6818
      vertex 0.925206 2.84728 46.331
    endloop
  endfacet
  facet normal 0.321473 0.946919 0
    outer loop
      vertex 0.928713 2.84609 46.6818
      vertex 0.776457 2.89778 46.2276
      vertex 0.776457 2.89778 78.21
    endloop
  endfacet
  facet normal 0.321413 0.946939 5.45501e-06
    outer loop
      vertex 1.14805 2.77164 39.9502
      vertex 1.01545 2.81665 39.5094
      vertex 1.01895 2.81546 39.8601
    endloop
  endfacet
  facet normal 0.321444 0.946929 -5.62912e-06
    outer loop
      vertex 1.01545 2.81665 39.5094
      vertex 0.790908 2.89287 39.012
      vertex 0.794567 2.89163 39.3624
    endloop
  endfacet
  facet normal 0.321429 0.946934 -0
    outer loop
      vertex 1.14805 2.77164 11
      vertex 1.01545 2.81665 39.5094
      vertex 1.14805 2.77164 39.9502
    endloop
  endfacet
  facet normal 0.321433 0.946932 1.99972e-08
    outer loop
      vertex 1.14805 2.77164 11
      vertex 0.790908 2.89287 39.012
      vertex 1.01545 2.81665 39.5094
    endloop
  endfacet
  facet normal 0.321704 0.94684 3.88084e-06
    outer loop
      vertex 1.14805 2.77164 11
      vertex 0.776457 2.89778 39.0029
      vertex 0.790908 2.89287 39.012
    endloop
  endfacet
  facet normal 0.321442 0.946929 0
    outer loop
      vertex 0.776457 2.89778 39.0029
      vertex 1.14805 2.77164 11
      vertex 0.776457 2.89778 11
    endloop
  endfacet
  facet normal 0.555597 0.831452 -1.15295e-05
    outer loop
      vertex 1.82628 2.38006 41.495
      vertex 1.64226 2.50302 41.0027
      vertex 1.64538 2.50094 41.3534
    endloop
  endfacet
  facet normal 0.555576 0.831466 -0
    outer loop
      vertex 1.82628 2.38006 11
      vertex 1.64226 2.50302 41.0027
      vertex 1.82628 2.38006 41.495
    endloop
  endfacet
  facet normal 0.55559 0.831456 1.26357e-07
    outer loop
      vertex 1.82628 2.38006 11
      vertex 1.5 2.59808 40.8968
      vertex 1.64226 2.50302 41.0027
    endloop
  endfacet
  facet normal 0.555582 0.831462 0
    outer loop
      vertex 1.5 2.59808 40.8968
      vertex 1.82628 2.38006 11
      vertex 1.5 2.59808 11
    endloop
  endfacet
  facet normal 0.555582 0.831462 -0
    outer loop
      vertex 1.82628 2.38006 48.7198
      vertex 1.5 2.59808 78.21
      vertex 1.82628 2.38006 78.21
    endloop
  endfacet
  facet normal 0.555619 0.831437 5.92571e-07
    outer loop
      vertex 1.76159 2.42329 48.6727
      vertex 1.5 2.59808 78.21
      vertex 1.82628 2.38006 48.7198
    endloop
  endfacet
  facet normal 0.555549 0.831484 4.72551e-06
    outer loop
      vertex 1.56683 2.55342 48.175
      vertex 1.76159 2.42329 48.6727
      vertex 1.75842 2.42541 48.3221
    endloop
  endfacet
  facet normal 0.555557 0.831478 -1.96984e-07
    outer loop
      vertex 1.76159 2.42329 48.6727
      vertex 1.56683 2.55342 48.175
      vertex 1.5 2.59808 78.21
    endloop
  endfacet
  facet normal 0.555634 0.831427 -3.79869e-06
    outer loop
      vertex 1.5 2.59808 47.7731
      vertex 1.56683 2.55342 48.175
      vertex 1.56379 2.55545 47.8243
    endloop
  endfacet
  facet normal 0.555619 0.831437 0
    outer loop
      vertex 1.56683 2.55342 48.175
      vertex 1.5 2.59808 47.7731
      vertex 1.5 2.59808 78.21
    endloop
  endfacet
  facet normal -0.896975 0.442082 0
    outer loop
      vertex -2.61775 1.46009 30.5499
      vertex -2.59808 1.5 30.9279
      vertex -2.59808 1.5 11
    endloop
  endfacet
  facet normal -0.896956 0.44212 -5.02606e-06
    outer loop
      vertex -2.59808 1.5 30.9279
      vertex -2.61775 1.46009 30.5499
      vertex -2.61615 1.46334 30.9004
    endloop
  endfacet
  facet normal -0.896865 0.442305 5.66273e-07
    outer loop
      vertex -2.72064 1.25146 30.052
      vertex -2.61775 1.46009 30.5499
      vertex -2.59808 1.5 11
    endloop
  endfacet
  facet normal -0.89686 0.442315 -4.83069e-06
    outer loop
      vertex -2.61775 1.46009 30.5499
      vertex -2.72064 1.25146 30.052
      vertex -2.71897 1.25485 30.4027
    endloop
  endfacet
  facet normal -0.896875 0.442283 0
    outer loop
      vertex -2.77164 1.14805 29.9816
      vertex -2.59808 1.5 11
      vertex -2.77164 1.14805 11
    endloop
  endfacet
  facet normal -0.89686 0.442315 7.26633e-07
    outer loop
      vertex -2.59808 1.5 11
      vertex -2.77164 1.14805 29.9816
      vertex -2.72064 1.25146 30.052
    endloop
  endfacet
  facet normal -0.896881 0.442272 -9.71647e-06
    outer loop
      vertex -2.77164 1.14805 78.21
      vertex -2.59808 1.5 77.6797
      vertex -2.69476 1.30394 77.543
    endloop
  endfacet
  facet normal -0.896858 0.442319 -5.91987e-06
    outer loop
      vertex -2.77164 1.14805 77.0805
      vertex -2.69476 1.30394 77.543
      vertex -2.6964 1.30061 77.1922
    endloop
  endfacet
  facet normal -0.896865 0.442305 0
    outer loop
      vertex -2.77164 1.14805 78.21
      vertex -2.69476 1.30394 77.543
      vertex -2.77164 1.14805 77.0805
    endloop
  endfacet
  facet normal -0.896875 0.442283 0
    outer loop
      vertex -2.59808 1.5 77.6797
      vertex -2.77164 1.14805 78.21
      vertex -2.59808 1.5 78.21
    endloop
  endfacet
  facet normal -0.896885 0.442265 0
    outer loop
      vertex -2.65428 1.38603 70.3706
      vertex -2.59808 1.5 70.8031
      vertex -2.59808 1.5 37.8043
    endloop
  endfacet
  facet normal -0.896895 0.442243 7.23948e-06
    outer loop
      vertex -2.59808 1.5 70.8031
      vertex -2.65428 1.38603 70.3706
      vertex -2.65265 1.38933 70.7213
    endloop
  endfacet
  facet normal -0.89689 0.442253 -4.12893e-07
    outer loop
      vertex -2.77164 1.14805 69.8559
      vertex -2.59808 1.5 37.8043
      vertex -2.65736 1.37978 37.7221
    endloop
  endfacet
  facet normal -0.896868 0.442299 -4.63157e-06
    outer loop
      vertex -2.75991 1.17183 37.224
      vertex -2.65736 1.37978 37.7221
      vertex -2.65903 1.37639 37.3713
    endloop
  endfacet
  facet normal -0.896883 0.442268 1.3175e-08
    outer loop
      vertex -2.59808 1.5 37.8043
      vertex -2.75887 1.17393 69.8731
      vertex -2.65428 1.38603 70.3706
    endloop
  endfacet
  facet normal -0.896868 0.442298 -1.61961e-05
    outer loop
      vertex -2.65428 1.38603 70.3706
      vertex -2.75887 1.17393 69.8731
      vertex -2.75717 1.17739 70.2236
    endloop
  endfacet
  facet normal -0.896872 0.44229 -8.10762e-08
    outer loop
      vertex -2.65736 1.37978 37.7221
      vertex -2.75991 1.17183 37.224
      vertex -2.77164 1.14805 69.8559
    endloop
  endfacet
  facet normal -0.896861 0.442313 5.37088e-06
    outer loop
      vertex -2.77164 1.14805 36.8581
      vertex -2.75991 1.17183 37.224
      vertex -2.76151 1.16859 36.8736
    endloop
  endfacet
  facet normal -0.896828 0.44238 0
    outer loop
      vertex -2.75991 1.17183 37.224
      vertex -2.77164 1.14805 36.8581
      vertex -2.77164 1.14805 69.8559
    endloop
  endfacet
  facet normal -0.896772 0.442493 2.86424e-06
    outer loop
      vertex -2.59808 1.5 37.8043
      vertex -2.77164 1.14805 69.8559
      vertex -2.75887 1.17393 69.8731
    endloop
  endfacet
  facet normal -0.946941 0.321406 0
    outer loop
      vertex -2.80996 1.03515 29.5542
      vertex -2.77164 1.14805 29.9816
      vertex -2.77164 1.14805 11
    endloop
  endfacet
  facet normal -0.946938 0.321418 -3.27021e-06
    outer loop
      vertex -2.77164 1.14805 29.9816
      vertex -2.80996 1.03515 29.5542
      vertex -2.80878 1.03863 29.9049
    endloop
  endfacet
  facet normal -0.94693 0.32144 2.27152e-07
    outer loop
      vertex -2.88585 0.811586 29.0567
      vertex -2.80996 1.03515 29.5542
      vertex -2.77164 1.14805 11
    endloop
  endfacet
  facet normal -0.946917 0.321477 -1.83522e-05
    outer loop
      vertex -2.80996 1.03515 29.5542
      vertex -2.88585 0.811586 29.0567
      vertex -2.88462 0.815229 29.4072
    endloop
  endfacet
  facet normal -0.946929 0.321442 0
    outer loop
      vertex -2.89778 0.776457 29.0344
      vertex -2.77164 1.14805 11
      vertex -2.89778 0.776457 11
    endloop
  endfacet
  facet normal -0.946887 0.321566 2.85096e-06
    outer loop
      vertex -2.77164 1.14805 11
      vertex -2.89778 0.776457 29.0344
      vertex -2.88585 0.811586 29.0567
    endloop
  endfacet
  facet normal -0.946966 0.321335 -3.92917e-05
    outer loop
      vertex -2.89778 0.776457 78.21
      vertex -2.77164 1.14805 77.0805
      vertex -2.79058 1.09223 77.045
    endloop
  endfacet
  facet normal -0.946943 0.321401 3.06311e-05
    outer loop
      vertex -2.86615 0.869626 76.5474
      vertex -2.79058 1.09223 77.045
      vertex -2.79182 1.08861 76.6945
    endloop
  endfacet
  facet normal -0.946922 0.321464 -4.16524e-07
    outer loop
      vertex -2.89778 0.776457 78.21
      vertex -2.79058 1.09223 77.045
      vertex -2.86615 0.869626 76.5474
    endloop
  endfacet
  facet normal -0.946932 0.321433 9.39168e-06
    outer loop
      vertex -2.89778 0.776457 76.1336
      vertex -2.86615 0.869626 76.5474
      vertex -2.86733 0.86616 76.1967
    endloop
  endfacet
  facet normal -0.94692 0.32147 0
    outer loop
      vertex -2.89778 0.776457 78.21
      vertex -2.86615 0.869626 76.5474
      vertex -2.89778 0.776457 76.1336
    endloop
  endfacet
  facet normal -0.946929 0.321442 0
    outer loop
      vertex -2.77164 1.14805 77.0805
      vertex -2.89778 0.776457 78.21
      vertex -2.77164 1.14805 78.21
    endloop
  endfacet
  facet normal -0.946931 0.321436 0
    outer loop
      vertex -2.83686 0.955916 69.375
      vertex -2.77164 1.14805 69.8559
      vertex -2.77164 1.14805 36.8581
    endloop
  endfacet
  facet normal -0.946931 0.321438 -8.23266e-07
    outer loop
      vertex -2.77164 1.14805 69.8559
      vertex -2.83686 0.955916 69.375
      vertex -2.83566 0.959452 69.7258
    endloop
  endfacet
  facet normal -0.946928 0.321445 3.35802e-08
    outer loop
      vertex -2.89778 0.776457 69.2573
      vertex -2.77164 1.14805 36.8581
      vertex -2.83936 0.948557 36.7266
    endloop
  endfacet
  facet normal -0.946918 0.321474 -1.44766e-05
    outer loop
      vertex -2.89778 0.776457 36.2591
      vertex -2.83936 0.948557 36.7266
      vertex -2.84055 0.945036 36.3758
    endloop
  endfacet
  facet normal -0.94693 0.321439 0
    outer loop
      vertex -2.83936 0.948557 36.7266
      vertex -2.89778 0.776457 36.2591
      vertex -2.89778 0.776457 69.2573
    endloop
  endfacet
  facet normal -0.946927 0.321448 7.87696e-08
    outer loop
      vertex -2.77164 1.14805 36.8581
      vertex -2.89778 0.776457 69.2573
      vertex -2.83686 0.955916 69.375
    endloop
  endfacet
  facet normal -0.44228 0.896877 -6.80586e-06
    outer loop
      vertex -1.14805 2.77164 34.9659
      vertex -1.2643 2.71431 34.5318
      vertex -1.261 2.71594 34.8825
    endloop
  endfacet
  facet normal -0.442269 0.896882 -9.75287e-06
    outer loop
      vertex -1.2643 2.71431 34.5318
      vertex -1.47651 2.60966 34.0343
      vertex -1.47305 2.61137 34.3848
    endloop
  endfacet
  facet normal -0.4423 0.896867 0
    outer loop
      vertex -1.14805 2.77164 11
      vertex -1.2643 2.71431 34.5318
      vertex -1.14805 2.77164 34.9659
    endloop
  endfacet
  facet normal -0.442288 0.896873 7.75518e-08
    outer loop
      vertex -1.14805 2.77164 11
      vertex -1.47651 2.60966 34.0343
      vertex -1.2643 2.71431 34.5318
    endloop
  endfacet
  facet normal -0.442167 0.896933 2.20604e-06
    outer loop
      vertex -1.14805 2.77164 11
      vertex -1.5 2.59808 34.0187
      vertex -1.47651 2.60966 34.0343
    endloop
  endfacet
  facet normal -0.442283 0.896875 0
    outer loop
      vertex -1.5 2.59808 34.0187
      vertex -1.14805 2.77164 11
      vertex -1.5 2.59808 11
    endloop
  endfacet
  facet normal -0.442283 0.896875 0
    outer loop
      vertex -1.14805 2.77164 77.69
      vertex -1.5 2.59808 78.21
      vertex -1.14805 2.77164 78.21
    endloop
  endfacet
  facet normal -0.442283 0.896875 0
    outer loop
      vertex -1.5 2.59808 78.21
      vertex -1.14805 2.77164 77.69
      vertex -1.5 2.59808 77.69
    endloop
  endfacet
  facet normal -0.442308 0.896863 5.44236e-06
    outer loop
      vertex -1.14805 2.77164 74.8401
      vertex -1.33949 2.67723 74.3527
      vertex -1.33614 2.67888 74.7034
    endloop
  endfacet
  facet normal -0.442297 0.896869 0
    outer loop
      vertex -1.14805 2.77164 41.8426
      vertex -1.33949 2.67723 74.3527
      vertex -1.14805 2.77164 74.8401
    endloop
  endfacet
  facet normal -0.442267 0.896883 2.17928e-07
    outer loop
      vertex -1.14805 2.77164 41.8426
      vertex -1.5 2.59808 74.2417
      vertex -1.33949 2.67723 74.3527
    endloop
  endfacet
  facet normal -0.442305 0.896865 -2.94058e-07
    outer loop
      vertex -1.3464 2.67382 41.7042
      vertex -1.5 2.59808 74.2417
      vertex -1.14805 2.77164 41.8426
    endloop
  endfacet
  facet normal -0.442268 0.896883 5.31464e-06
    outer loop
      vertex -1.5 2.59808 41.2434
      vertex -1.3464 2.67382 41.7042
      vertex -1.34973 2.67218 41.3534
    endloop
  endfacet
  facet normal -0.442255 0.896889 0
    outer loop
      vertex -1.3464 2.67382 41.7042
      vertex -1.5 2.59808 41.2434
      vertex -1.5 2.59808 74.2417
    endloop
  endfacet
  facet normal -0.195058 0.980792 -1.44074e-06
    outer loop
      vertex -0.391578 2.97433 36.5108
      vertex -0.598284 2.93322 36.025
      vertex -0.594616 2.93395 36.3758
    endloop
  endfacet
  facet normal -0.195061 0.980791 0
    outer loop
      vertex -0.391578 2.97433 11
      vertex -0.598284 2.93322 36.025
      vertex -0.391578 2.97433 36.5108
    endloop
  endfacet
  facet normal -0.195086 0.980786 -2.11956e-07
    outer loop
      vertex -0.391578 2.97433 11
      vertex -0.776457 2.89778 35.9124
      vertex -0.598284 2.93322 36.025
    endloop
  endfacet
  facet normal -0.195073 0.980789 0
    outer loop
      vertex -0.776457 2.89778 35.9124
      vertex -0.391578 2.97433 11
      vertex -0.776457 2.89778 11
    endloop
  endfacet
  facet normal -0.195073 0.980789 0
    outer loop
      vertex -0.391578 2.97433 77.69
      vertex -0.776457 2.89778 78.21
      vertex -0.391578 2.97433 78.21
    endloop
  endfacet
  facet normal -0.195073 0.980789 0
    outer loop
      vertex -0.776457 2.89778 78.21
      vertex -0.391578 2.97433 77.69
      vertex -0.776457 2.89778 77.69
    endloop
  endfacet
  facet normal -0.194954 0.980812 -3.33483e-06
    outer loop
      vertex -0.391578 2.97433 76.7339
      vertex -0.452899 2.96214 76.3439
      vertex -0.449333 2.96285 76.6945
    endloop
  endfacet
  facet normal -0.195105 0.980782 5.59273e-06
    outer loop
      vertex -0.452899 2.96214 76.3439
      vertex -0.681841 2.9166 75.8461
      vertex -0.678111 2.91734 76.1967
    endloop
  endfacet
  facet normal -0.194975 0.980808 0
    outer loop
      vertex -0.391578 2.97433 43.7355
      vertex -0.452899 2.96214 76.3439
      vertex -0.391578 2.97433 76.7339
    endloop
  endfacet
  facet normal -0.195092 0.980785 -2.29675e-07
    outer loop
      vertex -0.391578 2.97433 43.7355
      vertex -0.681841 2.9166 75.8461
      vertex -0.452899 2.96214 76.3439
    endloop
  endfacet
  facet normal -0.195087 0.980786 -1.82333e-07
    outer loop
      vertex -0.391578 2.97433 43.7355
      vertex -0.776457 2.89778 75.7874
      vertex -0.681841 2.9166 75.8461
    endloop
  endfacet
  facet normal -0.195066 0.98079 8.84105e-08
    outer loop
      vertex -0.457294 2.96126 43.6951
      vertex -0.776457 2.89778 75.7874
      vertex -0.391578 2.97433 43.7355
    endloop
  endfacet
  facet normal -0.19512 0.980779 1.74511e-05
    outer loop
      vertex -0.687504 2.91547 43.1974
      vertex -0.457294 2.96126 43.6951
      vertex -0.461045 2.96052 43.3445
    endloop
  endfacet
  facet normal -0.195083 0.980787 -9.65566e-08
    outer loop
      vertex -0.457294 2.96126 43.6951
      vertex -0.687504 2.91547 43.1974
      vertex -0.776457 2.89778 75.7874
    endloop
  endfacet
  facet normal -0.195088 0.980786 8.6438e-06
    outer loop
      vertex -0.776457 2.89778 42.7887
      vertex -0.687504 2.91547 43.1974
      vertex -0.691089 2.91476 42.8467
    endloop
  endfacet
  facet normal -0.195049 0.980793 0
    outer loop
      vertex -0.687504 2.91547 43.1974
      vertex -0.776457 2.89778 42.7887
      vertex -0.776457 2.89778 75.7874
    endloop
  endfacet
  facet normal 0.442281 -0.896877 -6.44168e-06
    outer loop
      vertex 1.14805 -2.77164 15.0285
      vertex 1.22713 -2.73264 14.6214
      vertex 1.22385 -2.73426 14.9721
    endloop
  endfacet
  facet normal 0.442287 -0.896874 3.78226e-06
    outer loop
      vertex 1.22713 -2.73264 14.6214
      vertex 1.43754 -2.62888 14.1237
      vertex 1.43411 -2.63057 14.4743
    endloop
  endfacet
  facet normal 0.442307 -0.896863 0
    outer loop
      vertex 1.14805 -2.77164 11
      vertex 1.22713 -2.73264 14.6214
      vertex 1.14805 -2.77164 15.0285
    endloop
  endfacet
  facet normal 0.442281 -0.896877 7.26601e-07
    outer loop
      vertex 1.14805 -2.77164 11
      vertex 1.43754 -2.62888 14.1237
      vertex 1.22713 -2.73264 14.6214
    endloop
  endfacet
  facet normal 0.442268 -0.896883 2.15323e-06
    outer loop
      vertex 1.14805 -2.77164 11
      vertex 1.5 -2.59808 14.0817
      vertex 1.43754 -2.62888 14.1237
    endloop
  endfacet
  facet normal 0.442283 -0.896875 0
    outer loop
      vertex 1.5 -2.59808 14.0817
      vertex 1.14805 -2.77164 11
      vertex 1.5 -2.59808 11
    endloop
  endfacet
  facet normal 0.442283 -0.896875 0
    outer loop
      vertex 1.14805 -2.77164 62.1278
      vertex 1.5 -2.59808 78.21
      vertex 1.14805 -2.77164 78.21
    endloop
  endfacet
  facet normal 0.442342 -0.896847 -1.58843e-06
    outer loop
      vertex 1.17165 -2.76 62.1121
      vertex 1.5 -2.59808 78.21
      vertex 1.14805 -2.77164 62.1278
    endloop
  endfacet
  facet normal 0.442286 -0.896874 -9.54216e-06
    outer loop
      vertex 1.38385 -2.65535 61.6146
      vertex 1.17165 -2.76 62.1121
      vertex 1.17511 -2.75829 61.7616
    endloop
  endfacet
  facet normal 0.442303 -0.896866 -6.02241e-07
    outer loop
      vertex 1.17165 -2.76 62.1121
      vertex 1.38385 -2.65535 61.6146
      vertex 1.5 -2.59808 78.21
    endloop
  endfacet
  facet normal 0.442291 -0.896872 1.88952e-05
    outer loop
      vertex 1.5 -2.59808 61.1806
      vertex 1.38385 -2.65535 61.6146
      vertex 1.38715 -2.65373 61.2639
    endloop
  endfacet
  facet normal 0.442234 -0.8969 0
    outer loop
      vertex 1.38385 -2.65535 61.6146
      vertex 1.5 -2.59808 61.1806
      vertex 1.5 -2.59808 78.21
    endloop
  endfacet
  facet normal 0.44232 -0.896857 5.9239e-06
    outer loop
      vertex 1.14805 -2.77164 54.9031
      vertex 1.30175 -2.69584 54.4422
      vertex 1.29842 -2.69748 54.793
    endloop
  endfacet
  facet normal 0.442305 -0.896865 0
    outer loop
      vertex 1.14805 -2.77164 21.9048
      vertex 1.30175 -2.69584 54.4422
      vertex 1.14805 -2.77164 54.9031
    endloop
  endfacet
  facet normal 0.442267 -0.896884 2.27e-07
    outer loop
      vertex 1.14805 -2.77164 21.9048
      vertex 1.5 -2.59808 54.3039
      vertex 1.30175 -2.69584 54.4422
    endloop
  endfacet
  facet normal 0.442315 -0.89686 -4.25602e-07
    outer loop
      vertex 1.30866 -2.69243 21.7938
      vertex 1.5 -2.59808 54.3039
      vertex 1.14805 -2.77164 21.9048
    endloop
  endfacet
  facet normal 0.442293 -0.89687 1.78732e-05
    outer loop
      vertex 1.5 -2.59808 21.3064
      vertex 1.30866 -2.69243 21.7938
      vertex 1.31202 -2.69078 21.443
    endloop
  endfacet
  facet normal 0.442257 -0.896888 0
    outer loop
      vertex 1.30866 -2.69243 21.7938
      vertex 1.5 -2.59808 21.3064
      vertex 1.5 -2.59808 54.3039
    endloop
  endfacet
  facet normal -0.321375 -0.946952 6.36407e-06
    outer loop
      vertex -1.14805 -2.77164 20.0129
      vertex -1.05477 -2.8033 19.599
      vertex -1.05824 -2.80212 19.9497
    endloop
  endfacet
  facet normal -0.321461 -0.946923 -3.48926e-06
    outer loop
      vertex -1.05477 -2.8033 19.599
      vertex -0.832159 -2.87887 19.1014
      vertex -0.835786 -2.87764 19.4519
    endloop
  endfacet
  facet normal -0.3214 -0.946943 0
    outer loop
      vertex -1.14805 -2.77164 11
      vertex -1.05477 -2.8033 19.599
      vertex -1.14805 -2.77164 20.0129
    endloop
  endfacet
  facet normal -0.321452 -0.946926 6.30434e-07
    outer loop
      vertex -1.14805 -2.77164 11
      vertex -0.832159 -2.87887 19.1014
      vertex -1.05477 -2.8033 19.599
    endloop
  endfacet
  facet normal -0.321465 -0.946921 1.17393e-06
    outer loop
      vertex -1.14805 -2.77164 11
      vertex -0.776457 -2.89778 19.0659
      vertex -0.832159 -2.87887 19.1014
    endloop
  endfacet
  facet normal -0.321442 -0.946929 -0
    outer loop
      vertex -0.776457 -2.89778 19.0659
      vertex -1.14805 -2.77164 11
      vertex -0.776457 -2.89778 11
    endloop
  endfacet
  facet normal -0.321442 -0.946929 0
    outer loop
      vertex -1.14805 -2.77164 67.112
      vertex -0.776457 -2.89778 78.21
      vertex -1.14805 -2.77164 78.21
    endloop
  endfacet
  facet normal -0.321384 -0.946949 -2.18449e-06
    outer loop
      vertex -1.11281 -2.7836 67.0897
      vertex -0.776457 -2.89778 78.21
      vertex -1.14805 -2.77164 67.112
    endloop
  endfacet
  facet normal -0.321442 -0.946929 2.65643e-06
    outer loop
      vertex -0.889251 -2.85949 66.5922
      vertex -1.11281 -2.7836 67.0897
      vertex -1.10916 -2.78484 66.7393
    endloop
  endfacet
  facet normal -0.321447 -0.946928 -4.90526e-08
    outer loop
      vertex -1.11281 -2.7836 67.0897
      vertex -0.889251 -2.85949 66.5922
      vertex -0.776457 -2.89778 78.21
    endloop
  endfacet
  facet normal -0.321464 -0.946922 -3.7877e-06
    outer loop
      vertex -0.776457 -2.89778 66.1649
      vertex -0.889251 -2.85949 66.5922
      vertex -0.885771 -2.86067 66.2415
    endloop
  endfacet
  facet normal -0.321451 -0.946926 0
    outer loop
      vertex -0.889251 -2.85949 66.5922
      vertex -0.776457 -2.89778 66.1649
      vertex -0.776457 -2.89778 78.21
    endloop
  endfacet
  facet normal -0.32142 -0.946937 1.31223e-05
    outer loop
      vertex -1.14805 -2.77164 59.8874
      vertex -0.97584 -2.8301 59.4198
      vertex -0.979361 -2.8289 59.7706
    endloop
  endfacet
  facet normal -0.321452 -0.946926 0
    outer loop
      vertex -1.14805 -2.77164 26.8892
      vertex -0.97584 -2.8301 59.4198
      vertex -1.14805 -2.77164 59.8874
    endloop
  endfacet
  facet normal -0.321434 -0.946932 -1.10189e-07
    outer loop
      vertex -1.14805 -2.77164 26.8892
      vertex -0.776457 -2.89778 59.2884
      vertex -0.97584 -2.8301 59.4198
    endloop
  endfacet
  facet normal -0.321412 -0.946939 -3.82293e-07
    outer loop
      vertex -0.96848 -2.83259 26.7714
      vertex -0.776457 -2.89778 59.2884
      vertex -1.14805 -2.77164 26.8892
    endloop
  endfacet
  facet normal -0.321473 -0.946919 -1.21484e-06
    outer loop
      vertex -0.776457 -2.89778 26.2906
      vertex -0.96848 -2.83259 26.7714
      vertex -0.964944 -2.83379 26.4206
    endloop
  endfacet
  facet normal -0.32147 -0.94692 0
    outer loop
      vertex -0.96848 -2.83259 26.7714
      vertex -0.776457 -2.89778 26.2906
      vertex -0.776457 -2.89778 59.2884
    endloop
  endfacet
  facet normal -0.896857 -0.44232 0
    outer loop
      vertex -2.72349 -1.24568 24.5766
      vertex -2.77164 -1.14805 24.9972
      vertex -2.77164 -1.14805 11
    endloop
  endfacet
  facet normal -0.896846 -0.442344 6.90342e-06
    outer loop
      vertex -2.77164 -1.14805 24.9972
      vertex -2.72349 -1.24568 24.5766
      vertex -2.72511 -1.24239 24.9273
    endloop
  endfacet
  facet normal -0.896867 -0.4423 1.74474e-07
    outer loop
      vertex -2.61929 -1.45697 24.079
      vertex -2.72349 -1.24568 24.5766
      vertex -2.77164 -1.14805 11
    endloop
  endfacet
  facet normal -0.896876 -0.442282 -9.23317e-06
    outer loop
      vertex -2.72349 -1.24568 24.5766
      vertex -2.61929 -1.45697 24.079
      vertex -2.62099 -1.45353 24.4296
    endloop
  endfacet
  facet normal -0.896875 -0.442283 -0
    outer loop
      vertex -2.59808 -1.5 24.0502
      vertex -2.77164 -1.14805 11
      vertex -2.59808 -1.5 11
    endloop
  endfacet
  facet normal -0.896954 -0.442123 5.37731e-06
    outer loop
      vertex -2.77164 -1.14805 11
      vertex -2.59808 -1.5 24.0502
      vertex -2.61929 -1.45697 24.079
    endloop
  endfacet
  facet normal -0.896868 -0.442299 -1.09286e-06
    outer loop
      vertex -2.59808 -1.5 78.21
      vertex -2.77164 -1.14805 72.0963
      vertex -2.75037 -1.19118 72.0674
    endloop
  endfacet
  facet normal -0.896864 -0.442307 3.68215e-06
    outer loop
      vertex -2.64617 -1.40247 71.5698
      vertex -2.75037 -1.19118 72.0674
      vertex -2.74867 -1.19463 71.7169
    endloop
  endfacet
  facet normal -0.896868 -0.442298 -1.04415e-06
    outer loop
      vertex -2.75037 -1.19118 72.0674
      vertex -2.64617 -1.40247 71.5698
      vertex -2.59808 -1.5 78.21
    endloop
  endfacet
  facet normal -0.896886 -0.442261 5.94366e-06
    outer loop
      vertex -2.59808 -1.5 71.1493
      vertex -2.64617 -1.40247 71.5698
      vertex -2.64455 -1.40576 71.2191
    endloop
  endfacet
  facet normal -0.896896 -0.442241 -0
    outer loop
      vertex -2.59808 -1.5 78.21
      vertex -2.64617 -1.40247 71.5698
      vertex -2.59808 -1.5 71.1493
    endloop
  endfacet
  facet normal -0.896875 -0.442283 0
    outer loop
      vertex -2.77164 -1.14805 72.0963
      vertex -2.59808 -1.5 78.21
      vertex -2.77164 -1.14805 78.21
    endloop
  endfacet
  facet normal -0.896857 -0.442321 0
    outer loop
      vertex -2.68655 -1.32058 64.3974
      vertex -2.77164 -1.14805 64.8716
      vertex -2.77164 -1.14805 31.8737
    endloop
  endfacet
  facet normal -0.896865 -0.442305 -7.21117e-06
    outer loop
      vertex -2.77164 -1.14805 64.8716
      vertex -2.68655 -1.32058 64.3974
      vertex -2.6882 -1.31724 64.7482
    endloop
  endfacet
  facet normal -0.896872 -0.442291 -9.83009e-08
    outer loop
      vertex -2.59808 -1.5 64.2728
      vertex -2.77164 -1.14805 31.8737
      vertex -2.68311 -1.32757 31.749
    endloop
  endfacet
  facet normal -0.896888 -0.442259 -7.75461e-06
    outer loop
      vertex -2.59808 -1.5 31.2749
      vertex -2.68311 -1.32757 31.749
      vertex -2.68146 -1.33091 31.3982
    endloop
  endfacet
  facet normal -0.896879 -0.442276 0
    outer loop
      vertex -2.68311 -1.32757 31.749
      vertex -2.59808 -1.5 31.2749
      vertex -2.59808 -1.5 64.2728
    endloop
  endfacet
  facet normal -0.896893 -0.442248 4.7758e-07
    outer loop
      vertex -2.77164 -1.14805 31.8737
      vertex -2.59808 -1.5 64.2728
      vertex -2.68655 -1.32058 64.3974
    endloop
  endfacet
  facet normal 0.946937 0.321418 0
    outer loop
      vertex 2.84444 0.933572 52.6549
      vertex 2.77164 1.14805 52.1594
      vertex 2.77164 1.14805 78.21
    endloop
  endfacet
  facet normal 0.946926 0.32145 1.56237e-05
    outer loop
      vertex 2.77164 1.14805 52.1594
      vertex 2.84444 0.933572 52.6549
      vertex 2.84324 0.937124 52.3042
    endloop
  endfacet
  facet normal 0.946929 0.321442 -0
    outer loop
      vertex 2.89778 0.776457 52.7575
      vertex 2.77164 1.14805 78.21
      vertex 2.89778 0.776457 78.21
    endloop
  endfacet
  facet normal 0.946918 0.321475 -5.35844e-07
    outer loop
      vertex 2.77164 1.14805 78.21
      vertex 2.89778 0.776457 52.7575
      vertex 2.84444 0.933572 52.6549
    endloop
  endfacet
  facet normal 0.946948 0.321387 0
    outer loop
      vertex 2.79666 1.07433 12.3361
      vertex 2.77164 1.14805 11.9359
      vertex 2.77164 1.14805 44.9346
    endloop
  endfacet
  facet normal 0.946944 0.321399 2.57777e-06
    outer loop
      vertex 2.77164 1.14805 11.9359
      vertex 2.79666 1.07433 12.3361
      vertex 2.79549 1.07778 11.9855
    endloop
  endfacet
  facet normal 0.946948 0.321387 7.08546e-07
    outer loop
      vertex 2.89778 0.776457 12.8826
      vertex 2.77164 1.14805 44.9346
      vertex 2.79834 1.06938 44.9849
    endloop
  endfacet
  facet normal 0.946937 0.321419 -1.2575e-05
    outer loop
      vertex 2.87356 0.847793 45.4827
      vertex 2.79834 1.06938 44.9849
      vertex 2.79957 1.06577 45.3355
    endloop
  endfacet
  facet normal 0.946926 0.321451 -1.60763e-07
    outer loop
      vertex 2.77164 1.14805 44.9346
      vertex 2.87192 0.85263 12.8339
      vertex 2.79666 1.07433 12.3361
    endloop
  endfacet
  facet normal 0.946933 0.321431 -9.6854e-06
    outer loop
      vertex 2.79666 1.07433 12.3361
      vertex 2.87192 0.85263 12.8339
      vertex 2.87069 0.856243 12.4833
    endloop
  endfacet
  facet normal 0.946928 0.321445 1.23037e-07
    outer loop
      vertex 2.79834 1.06938 44.9849
      vertex 2.87356 0.847793 45.4827
      vertex 2.89778 0.776457 12.8826
    endloop
  endfacet
  facet normal 0.946901 0.321524 5.78202e-06
    outer loop
      vertex 2.89778 0.776457 45.8812
      vertex 2.87356 0.847793 45.4827
      vertex 2.87473 0.844341 45.8333
    endloop
  endfacet
  facet normal 0.946911 0.321495 0
    outer loop
      vertex 2.87356 0.847793 45.4827
      vertex 2.89778 0.776457 45.8812
      vertex 2.89778 0.776457 12.8826
    endloop
  endfacet
  facet normal 0.94692 0.32147 -3.59104e-07
    outer loop
      vertex 2.77164 1.14805 44.9346
      vertex 2.89778 0.776457 12.8826
      vertex 2.87192 0.85263 12.8339
    endloop
  endfacet
  facet normal 0.195062 0.980791 -8.29129e-07
    outer loop
      vertex 0.776457 2.89778 39.0029
      vertex 0.564571 2.93992 38.5139
      vertex 0.568243 2.93919 38.8646
    endloop
  endfacet
  facet normal 0.19506 0.980791 -0
    outer loop
      vertex 0.776457 2.89778 11
      vertex 0.564571 2.93992 38.5139
      vertex 0.776457 2.89778 39.0029
    endloop
  endfacet
  facet normal 0.195088 0.980786 2.19876e-07
    outer loop
      vertex 0.776457 2.89778 11
      vertex 0.391578 2.97433 38.4046
      vertex 0.564571 2.93992 38.5139
    endloop
  endfacet
  facet normal 0.195073 0.980789 0
    outer loop
      vertex 0.391578 2.97433 38.4046
      vertex 0.776457 2.89778 11
      vertex 0.391578 2.97433 11
    endloop
  endfacet
  facet normal 0.195073 0.980789 -0
    outer loop
      vertex 0.776457 2.89778 46.2276
      vertex 0.391578 2.97433 78.21
      vertex 0.776457 2.89778 78.21
    endloop
  endfacet
  facet normal 0.195012 0.980801 -7.64432e-07
    outer loop
      vertex 0.705441 2.9119 46.1839
      vertex 0.391578 2.97433 78.21
      vertex 0.776457 2.89778 46.2276
    endloop
  endfacet
  facet normal 0.195086 0.980786 1.25706e-05
    outer loop
      vertex 0.475467 2.95765 45.6862
      vertex 0.705441 2.9119 46.1839
      vertex 0.701693 2.91265 45.8333
    endloop
  endfacet
  facet normal 0.195112 0.980781 2.54986e-07
    outer loop
      vertex 0.705441 2.9119 46.1839
      vertex 0.475467 2.95765 45.6862
      vertex 0.391578 2.97433 78.21
    endloop
  endfacet
  facet normal 0.195044 0.980794 -5.95767e-06
    outer loop
      vertex 0.391578 2.97433 45.2809
      vertex 0.475467 2.95765 45.6862
      vertex 0.471886 2.95836 45.3355
    endloop
  endfacet
  facet normal 0.195017 0.9808 0
    outer loop
      vertex 0.475467 2.95765 45.6862
      vertex 0.391578 2.97433 45.2809
      vertex 0.391578 2.97433 78.21
    endloop
  endfacet
  facet normal 0.659363 0.751825 -1.73758e-05
    outer loop
      vertex 2.12132 2.12132 42.4424
      vertex 2.01212 2.21708 41.9982
      vertex 2.0149 2.21465 42.349
    endloop
  endfacet
  facet normal 0.65937 0.751818 -4.65549e-06
    outer loop
      vertex 2.01212 2.21708 41.9982
      vertex 1.83364 2.37361 41.5008
      vertex 1.83655 2.37106 41.8512
    endloop
  endfacet
  facet normal 0.659323 0.75186 -0
    outer loop
      vertex 2.12132 2.12132 11
      vertex 2.01212 2.21708 41.9982
      vertex 2.12132 2.12132 42.4424
    endloop
  endfacet
  facet normal 0.659363 0.751825 2.46424e-07
    outer loop
      vertex 2.12132 2.12132 11
      vertex 1.83364 2.37361 41.5008
      vertex 2.01212 2.21708 41.9982
    endloop
  endfacet
  facet normal 0.659085 0.752068 -4.38429e-06
    outer loop
      vertex 2.12132 2.12132 11
      vertex 1.82628 2.38006 41.495
      vertex 1.83364 2.37361 41.5008
    endloop
  endfacet
  facet normal 0.659341 0.751844 0
    outer loop
      vertex 1.82628 2.38006 41.495
      vertex 2.12132 2.12132 11
      vertex 1.82628 2.38006 11
    endloop
  endfacet
  facet normal 0.659341 0.751844 -0
    outer loop
      vertex 2.12132 2.12132 49.5713
      vertex 1.82628 2.38006 78.21
      vertex 2.12132 2.12132 78.21
    endloop
  endfacet
  facet normal 0.659343 0.751843 -1.19899e-06
    outer loop
      vertex 1.94324 2.27749 49.1706
      vertex 2.12132 2.12132 49.5713
      vertex 2.11921 2.12317 49.3176
    endloop
  endfacet
  facet normal 0.659341 0.751844 -3.22741e-09
    outer loop
      vertex 2.12132 2.12132 49.5713
      vertex 1.94324 2.27749 49.1706
      vertex 1.82628 2.38006 78.21
    endloop
  endfacet
  facet normal 0.659332 0.751852 4.49622e-06
    outer loop
      vertex 1.82628 2.38006 48.7198
      vertex 1.94324 2.27749 49.1706
      vertex 1.94046 2.27993 48.8199
    endloop
  endfacet
  facet normal 0.659342 0.751844 0
    outer loop
      vertex 1.94324 2.27749 49.1706
      vertex 1.82628 2.38006 48.7198
      vertex 1.82628 2.38006 78.21
    endloop
  endfacet
  facet normal -0.831458 0.555587 0
    outer loop
      vertex -2.49129 1.65982 31.0474
      vertex -2.38006 1.82628 31.5266
      vertex -2.38006 1.82628 11
    endloop
  endfacet
  facet normal -0.831453 0.555594 -3.51816e-06
    outer loop
      vertex -2.38006 1.82628 31.5266
      vertex -2.49129 1.65982 31.0474
      vertex -2.48922 1.66292 31.3982
    endloop
  endfacet
  facet normal -0.831462 0.555582 0
    outer loop
      vertex -2.59808 1.5 30.9279
      vertex -2.38006 1.82628 11
      vertex -2.59808 1.5 11
    endloop
  endfacet
  facet normal -0.831466 0.555576 -1.32875e-07
    outer loop
      vertex -2.38006 1.82628 11
      vertex -2.59808 1.5 30.9279
      vertex -2.49129 1.65982 31.0474
    endloop
  endfacet
  facet normal -0.831463 0.555581 0
    outer loop
      vertex -2.58964 1.51263 77.69
      vertex -2.38006 1.82628 78.21
      vertex -2.38006 1.82628 77.69
    endloop
  endfacet
  facet normal -0.831442 0.555611 0
    outer loop
      vertex -2.59808 1.5 78.21
      vertex -2.58964 1.51263 77.69
      vertex -2.59808 1.5 77.6797
    endloop
  endfacet
  facet normal -0.831462 0.555582 -1.03206e-06
    outer loop
      vertex -2.58964 1.51263 77.69
      vertex -2.59808 1.5 78.21
      vertex -2.38006 1.82628 78.21
    endloop
  endfacet
  facet normal -0.831431 0.555627 0
    outer loop
      vertex -2.40909 1.78284 71.3663
      vertex -2.38006 1.82628 71.7495
      vertex -2.38006 1.82628 38.7512
    endloop
  endfacet
  facet normal -0.83145 0.555599 4.62022e-06
    outer loop
      vertex -2.38006 1.82628 71.7495
      vertex -2.40909 1.78284 71.3663
      vertex -2.40707 1.78586 71.7169
    endloop
  endfacet
  facet normal -0.83142 0.555644 9.1796e-07
    outer loop
      vertex -2.59808 1.5 70.8031
      vertex -2.38006 1.82628 38.7512
      vertex -2.41127 1.77958 38.7174
    endloop
  endfacet
  facet normal -0.831477 0.555559 -3.39247e-06
    outer loop
      vertex -2.54194 1.58401 38.2198
      vertex -2.41127 1.77958 38.7174
      vertex -2.4134 1.77639 38.3669
    endloop
  endfacet
  facet normal -0.831462 0.555582 -8.8115e-08
    outer loop
      vertex -2.38006 1.82628 38.7512
      vertex -2.53852 1.58914 70.8684
      vertex -2.40909 1.78284 71.3663
    endloop
  endfacet
  facet normal -0.831477 0.555559 1.25607e-05
    outer loop
      vertex -2.40909 1.78284 71.3663
      vertex -2.53852 1.58914 70.8684
      vertex -2.53641 1.59229 71.2191
    endloop
  endfacet
  facet normal -0.831481 0.555554 -2.22074e-07
    outer loop
      vertex -2.41127 1.77958 38.7174
      vertex -2.54194 1.58401 38.2198
      vertex -2.59808 1.5 70.8031
    endloop
  endfacet
  facet normal -0.831451 0.555598 4.52365e-06
    outer loop
      vertex -2.59808 1.5 37.8043
      vertex -2.54194 1.58401 38.2198
      vertex -2.54398 1.58096 37.8691
    endloop
  endfacet
  facet normal -0.831441 0.555613 0
    outer loop
      vertex -2.54194 1.58401 38.2198
      vertex -2.59808 1.5 37.8043
      vertex -2.59808 1.5 70.8031
    endloop
  endfacet
  facet normal -0.831476 0.555561 -3.07931e-07
    outer loop
      vertex -2.38006 1.82628 38.7512
      vertex -2.59808 1.5 70.8031
      vertex -2.53852 1.58914 70.8684
    endloop
  endfacet
  facet normal -0.751844 0.659341 0
    outer loop
      vertex -2.20336 2.02777 32.043
      vertex -2.12132 2.12132 32.4738
      vertex -2.12132 2.12132 11
    endloop
  endfacet
  facet normal -0.751848 0.659336 1.80027e-06
    outer loop
      vertex -2.12132 2.12132 32.4738
      vertex -2.20336 2.02777 32.043
      vertex -2.20093 2.03054 32.3937
    endloop
  endfacet
  facet normal -0.75184 0.659346 4.14878e-08
    outer loop
      vertex -2.35919 1.85008 31.5455
      vertex -2.20336 2.02777 32.043
      vertex -2.12132 2.12132 11
    endloop
  endfacet
  facet normal -0.751857 0.659327 1.21585e-05
    outer loop
      vertex -2.20336 2.02777 32.043
      vertex -2.35919 1.85008 31.5455
      vertex -2.35665 1.85297 31.896
    endloop
  endfacet
  facet normal -0.751844 0.659341 0
    outer loop
      vertex -2.38006 1.82628 31.5266
      vertex -2.12132 2.12132 11
      vertex -2.38006 1.82628 11
    endloop
  endfacet
  facet normal -0.751871 0.65931 -8.02225e-07
    outer loop
      vertex -2.12132 2.12132 11
      vertex -2.38006 1.82628 31.5266
      vertex -2.35919 1.85008 31.5455
    endloop
  endfacet
  facet normal -0.751844 0.659341 0
    outer loop
      vertex -2.38006 1.82628 77.69
      vertex -2.12132 2.12132 78.21
      vertex -2.12132 2.12132 77.69
    endloop
  endfacet
  facet normal -0.751844 0.659341 0
    outer loop
      vertex -2.12132 2.12132 78.21
      vertex -2.38006 1.82628 77.69
      vertex -2.38006 1.82628 78.21
    endloop
  endfacet
  facet normal -0.751829 0.659358 0
    outer loop
      vertex -2.25858 1.96481 71.8639
      vertex -2.12132 2.12132 72.348
      vertex -2.12132 2.12132 39.3504
    endloop
  endfacet
  facet normal -0.751848 0.659336 1.23478e-05
    outer loop
      vertex -2.12132 2.12132 72.348
      vertex -2.25858 1.96481 71.8639
      vertex -2.25611 1.96762 72.2146
    endloop
  endfacet
  facet normal -0.751836 0.65935 1.40905e-07
    outer loop
      vertex -2.38006 1.82628 71.7495
      vertex -2.12132 2.12132 39.3504
      vertex -2.26369 1.95898 39.2154
    endloop
  endfacet
  facet normal -0.751828 0.65936 -1.46907e-05
    outer loop
      vertex -2.38006 1.82628 38.7512
      vertex -2.26369 1.95898 39.2154
      vertex -2.26613 1.95619 38.8646
    endloop
  endfacet
  facet normal -0.751853 0.659331 0
    outer loop
      vertex -2.26369 1.95898 39.2154
      vertex -2.38006 1.82628 38.7512
      vertex -2.38006 1.82628 71.7495
    endloop
  endfacet
  facet normal -0.75186 0.659323 -2.98117e-07
    outer loop
      vertex -2.12132 2.12132 39.3504
      vertex -2.38006 1.82628 71.7495
      vertex -2.25858 1.96481 71.8639
    endloop
  endfacet
  facet normal -0.980787 0.195082 0
    outer loop
      vertex -2.93581 0.585259 28.5586
      vertex -2.89778 0.776457 29.0344
      vertex -2.89778 0.776457 11
    endloop
  endfacet
  facet normal -0.98079 0.195064 7.48861e-06
    outer loop
      vertex -2.89778 0.776457 29.0344
      vertex -2.93581 0.585259 28.5586
      vertex -2.93508 0.588916 28.9094
    endloop
  endfacet
  facet normal -0.980789 0.195073 0
    outer loop
      vertex -2.97433 0.391578 28.4357
      vertex -2.89778 0.776457 11
      vertex -2.97433 0.391578 11
    endloop
  endfacet
  facet normal -0.980791 0.195063 -2.12375e-07
    outer loop
      vertex -2.89778 0.776457 11
      vertex -2.97433 0.391578 28.4357
      vertex -2.93581 0.585259 28.5586
    endloop
  endfacet
  facet normal -0.980789 0.195073 5.11183e-09
    outer loop
      vertex -2.97433 0.391578 78.21
      vertex -2.89778 0.776457 76.1336
      vertex -2.92446 0.642315 76.0497
    endloop
  endfacet
  facet normal -0.98078 0.195119 -1.70243e-05
    outer loop
      vertex -2.96967 0.41502 75.5516
      vertex -2.92446 0.642315 76.0497
      vertex -2.92519 0.638615 75.699
    endloop
  endfacet
  facet normal -0.980787 0.195081 9.84294e-07
    outer loop
      vertex -2.97433 0.391578 78.21
      vertex -2.92446 0.642315 76.0497
      vertex -2.96967 0.41502 75.5516
    endloop
  endfacet
  facet normal -0.980869 0.194671 2.02214e-05
    outer loop
      vertex -2.97433 0.391578 75.1875
      vertex -2.96967 0.41502 75.5516
      vertex -2.97038 0.411479 75.2012
    endloop
  endfacet
  facet normal -0.980789 0.195073 0
    outer loop
      vertex -2.89778 0.776457 76.1336
      vertex -2.97433 0.391578 78.21
      vertex -2.89778 0.776457 78.21
    endloop
  endfacet
  facet normal -0.980809 0.194973 0
    outer loop
      vertex -2.97433 0.391578 78.21
      vertex -2.96967 0.41502 75.5516
      vertex -2.97433 0.391578 75.1875
    endloop
  endfacet
  facet normal -0.980792 0.195059 0
    outer loop
      vertex -2.90697 0.730248 68.8775
      vertex -2.89778 0.776457 69.2573
      vertex -2.89778 0.776457 36.2591
    endloop
  endfacet
  facet normal -0.980806 0.194987 9.11018e-06
    outer loop
      vertex -2.89778 0.776457 69.2573
      vertex -2.90697 0.730248 68.8775
      vertex -2.90626 0.733803 69.2281
    endloop
  endfacet
  facet normal -0.980788 0.195078 6.24937e-08
    outer loop
      vertex -2.97433 0.391578 68.3109
      vertex -2.89778 0.776457 36.2591
      vertex -2.90768 0.726683 36.2286
    endloop
  endfacet
  facet normal -0.980792 0.195059 4.5295e-06
    outer loop
      vertex -2.95361 0.49575 35.731
      vertex -2.90768 0.726683 36.2286
      vertex -2.90843 0.72292 35.8781
    endloop
  endfacet
  facet normal -0.98079 0.195064 7.84353e-09
    outer loop
      vertex -2.89778 0.776457 36.2591
      vertex -2.95237 0.501975 68.3796
      vertex -2.90697 0.730248 68.8775
    endloop
  endfacet
  facet normal -0.980791 0.195062 9.96046e-07
    outer loop
      vertex -2.90697 0.730248 68.8775
      vertex -2.95237 0.501975 68.3796
      vertex -2.95163 0.505694 68.7303
    endloop
  endfacet
  facet normal -0.98079 0.195068 -4.03677e-08
    outer loop
      vertex -2.90768 0.726683 36.2286
      vertex -2.95361 0.49575 35.731
      vertex -2.97433 0.391578 68.3109
    endloop
  endfacet
  facet normal -0.980798 0.195027 1.38528e-05
    outer loop
      vertex -2.97433 0.391578 35.3121
      vertex -2.95361 0.49575 35.731
      vertex -2.95433 0.492154 35.3803
    endloop
  endfacet
  facet normal -0.980787 0.19508 0
    outer loop
      vertex -2.95361 0.49575 35.731
      vertex -2.97433 0.391578 35.3121
      vertex -2.97433 0.391578 68.3109
    endloop
  endfacet
  facet normal -0.980784 0.195096 2.89567e-07
    outer loop
      vertex -2.89778 0.776457 36.2591
      vertex -2.97433 0.391578 68.3109
      vertex -2.95237 0.501975 68.3796
    endloop
  endfacet
  facet normal 0 0 1
    outer loop
      vertex 2.5 0 78.21
      vertex 3 0 78.21
      vertex 2.97433 0.391578 78.21
    endloop
  endfacet
  facet normal 0 0 1
    outer loop
      vertex 2.47861 0.326315 78.21
      vertex 2.97433 0.391578 78.21
      vertex 2.89778 0.776457 78.21
    endloop
  endfacet
  facet normal 0 0 1
    outer loop
      vertex 3 0 78.21
      vertex 2.5 0 78.21
      vertex 2.97433 -0.391578 78.21
    endloop
  endfacet
  facet normal 0 0 1
    outer loop
      vertex 2.41481 0.647047 78.21
      vertex 2.89778 0.776457 78.21
      vertex 2.77164 1.14805 78.21
    endloop
  endfacet
  facet normal -0 0 1
    outer loop
      vertex 2.47861 -0.326315 78.21
      vertex 2.97433 -0.391578 78.21
      vertex 2.5 0 78.21
    endloop
  endfacet
  facet normal 0 0 1
    outer loop
      vertex 2.3097 0.956708 78.21
      vertex 2.77164 1.14805 78.21
      vertex 2.59808 1.5 78.21
    endloop
  endfacet
  facet normal 0 0 1
    outer loop
      vertex 2.97433 -0.391578 78.21
      vertex 2.47861 -0.326315 78.21
      vertex 2.89778 -0.776457 78.21
    endloop
  endfacet
  facet normal -0 0 1
    outer loop
      vertex 2.41481 -0.647047 78.21
      vertex 2.89778 -0.776457 78.21
      vertex 2.47861 -0.326315 78.21
    endloop
  endfacet
  facet normal 0 0 1
    outer loop
      vertex 2.97433 0.391578 78.21
      vertex 2.47861 0.326315 78.21
      vertex 2.5 0 78.21
    endloop
  endfacet
  facet normal 0 0 1
    outer loop
      vertex 2.89778 0.776457 78.21
      vertex 2.41481 0.647047 78.21
      vertex 2.47861 0.326315 78.21
    endloop
  endfacet
  facet normal 0 0 1
    outer loop
      vertex 2.16506 1.25 78.21
      vertex 2.59808 1.5 78.21
      vertex 2.38006 1.82628 78.21
    endloop
  endfacet
  facet normal 0 0 1
    outer loop
      vertex 2.77164 1.14805 78.21
      vertex 2.3097 0.956708 78.21
      vertex 2.41481 0.647047 78.21
    endloop
  endfacet
  facet normal 0 0 1
    outer loop
      vertex 2.59808 1.5 78.21
      vertex 2.16506 1.25 78.21
      vertex 2.3097 0.956708 78.21
    endloop
  endfacet
  facet normal 0 0 1
    outer loop
      vertex 1.98338 1.5219 78.21
      vertex 2.38006 1.82628 78.21
      vertex 2.12132 2.12132 78.21
    endloop
  endfacet
  facet normal 0 0 1
    outer loop
      vertex 2.38006 1.82628 78.21
      vertex 1.98338 1.5219 78.21
      vertex 2.16506 1.25 78.21
    endloop
  endfacet
  facet normal 0 0 1
    outer loop
      vertex 1.76777 1.76777 78.21
      vertex 2.12132 2.12132 78.21
      vertex 1.82628 2.38006 78.21
    endloop
  endfacet
  facet normal 0 0 1
    outer loop
      vertex 2.12132 2.12132 78.21
      vertex 1.76777 1.76777 78.21
      vertex 1.98338 1.5219 78.21
    endloop
  endfacet
  facet normal 0 0 1
    outer loop
      vertex 1.82628 2.38006 78.21
      vertex 1.5219 1.98338 78.21
      vertex 1.76777 1.76777 78.21
    endloop
  endfacet
  facet normal 0 0 1
    outer loop
      vertex 1.5 2.59808 78.21
      vertex 1.5219 1.98338 78.21
      vertex 1.82628 2.38006 78.21
    endloop
  endfacet
  facet normal 0 0 1
    outer loop
      vertex 1.5 2.59808 78.21
      vertex 1.25 2.16506 78.21
      vertex 1.5219 1.98338 78.21
    endloop
  endfacet
  facet normal 0 0 1
    outer loop
      vertex 1.14805 2.77164 78.21
      vertex 1.25 2.16506 78.21
      vertex 1.5 2.59808 78.21
    endloop
  endfacet
  facet normal 0 0 1
    outer loop
      vertex 1.14805 2.77164 78.21
      vertex 0.956708 2.3097 78.21
      vertex 1.25 2.16506 78.21
    endloop
  endfacet
  facet normal 0 0 1
    outer loop
      vertex 0.776457 2.89778 78.21
      vertex 0.956708 2.3097 78.21
      vertex 1.14805 2.77164 78.21
    endloop
  endfacet
  facet normal 0 0 1
    outer loop
      vertex 0.776457 2.89778 78.21
      vertex 0.647047 2.41481 78.21
      vertex 0.956708 2.3097 78.21
    endloop
  endfacet
  facet normal 0 0 1
    outer loop
      vertex 0.391578 2.97433 78.21
      vertex 0.647047 2.41481 78.21
      vertex 0.776457 2.89778 78.21
    endloop
  endfacet
  facet normal 0 0 1
    outer loop
      vertex 0.391578 2.97433 78.21
      vertex 0.326315 2.47861 78.21
      vertex 0.647047 2.41481 78.21
    endloop
  endfacet
  facet normal 0 0 1
    outer loop
      vertex 0 3 78.21
      vertex 0.326315 2.47861 78.21
      vertex 0.391578 2.97433 78.21
    endloop
  endfacet
  facet normal 0 0 1
    outer loop
      vertex 0 3 78.21
      vertex 0 2.5 78.21
      vertex 0.326315 2.47861 78.21
    endloop
  endfacet
  facet normal 0 0 1
    outer loop
      vertex 0 3 78.21
      vertex -0.326315 2.47861 78.21
      vertex 0 2.5 78.21
    endloop
  endfacet
  facet normal -0 0 1
    outer loop
      vertex -0.391578 2.97433 78.21
      vertex -0.326315 2.47861 78.21
      vertex 0 3 78.21
    endloop
  endfacet
  facet normal 0 0 1
    outer loop
      vertex -0.391578 2.97433 78.21
      vertex -0.647047 2.41481 78.21
      vertex -0.326315 2.47861 78.21
    endloop
  endfacet
  facet normal -0 0 1
    outer loop
      vertex -0.776457 2.89778 78.21
      vertex -0.647047 2.41481 78.21
      vertex -0.391578 2.97433 78.21
    endloop
  endfacet
  facet normal 0 0 1
    outer loop
      vertex -0.776457 2.89778 78.21
      vertex -0.956708 2.3097 78.21
      vertex -0.647047 2.41481 78.21
    endloop
  endfacet
  facet normal -0 0 1
    outer loop
      vertex -1.14805 2.77164 78.21
      vertex -0.956708 2.3097 78.21
      vertex -0.776457 2.89778 78.21
    endloop
  endfacet
  facet normal 0 0 1
    outer loop
      vertex -1.14805 2.77164 78.21
      vertex -1.25 2.16506 78.21
      vertex -0.956708 2.3097 78.21
    endloop
  endfacet
  facet normal -0 0 1
    outer loop
      vertex -1.5 2.59808 78.21
      vertex -1.25 2.16506 78.21
      vertex -1.14805 2.77164 78.21
    endloop
  endfacet
  facet normal 0 0 1
    outer loop
      vertex -1.5 2.59808 78.21
      vertex -1.5219 1.98338 78.21
      vertex -1.25 2.16506 78.21
    endloop
  endfacet
  facet normal -0 0 1
    outer loop
      vertex -1.82628 2.38006 78.21
      vertex -1.5219 1.98338 78.21
      vertex -1.5 2.59808 78.21
    endloop
  endfacet
  facet normal 0 0 1
    outer loop
      vertex -1.5219 1.98338 78.21
      vertex -1.82628 2.38006 78.21
      vertex -1.76777 1.76777 78.21
    endloop
  endfacet
  facet normal -0 0 1
    outer loop
      vertex -2.12132 2.12132 78.21
      vertex -1.76777 1.76777 78.21
      vertex -1.82628 2.38006 78.21
    endloop
  endfacet
  facet normal 0 0 1
    outer loop
      vertex -1.76777 1.76777 78.21
      vertex -2.12132 2.12132 78.21
      vertex -1.98338 1.5219 78.21
    endloop
  endfacet
  facet normal -0 0 1
    outer loop
      vertex -2.38006 1.82628 78.21
      vertex -1.98338 1.5219 78.21
      vertex -2.12132 2.12132 78.21
    endloop
  endfacet
  facet normal 0 0 1
    outer loop
      vertex -1.98338 1.5219 78.21
      vertex -2.38006 1.82628 78.21
      vertex -2.16506 1.25 78.21
    endloop
  endfacet
  facet normal -0 0 1
    outer loop
      vertex -2.59808 1.5 78.21
      vertex -2.16506 1.25 78.21
      vertex -2.38006 1.82628 78.21
    endloop
  endfacet
  facet normal 0 0 1
    outer loop
      vertex -2.16506 1.25 78.21
      vertex -2.59808 1.5 78.21
      vertex -2.3097 0.956708 78.21
    endloop
  endfacet
  facet normal -0 0 1
    outer loop
      vertex -2.77164 1.14805 78.21
      vertex -2.3097 0.956708 78.21
      vertex -2.59808 1.5 78.21
    endloop
  endfacet
  facet normal -0 0 1
    outer loop
      vertex -2.89778 0.776457 78.21
      vertex -2.41481 0.647047 78.21
      vertex -2.77164 1.14805 78.21
    endloop
  endfacet
  facet normal 0 0 1
    outer loop
      vertex -2.3097 0.956708 78.21
      vertex -2.77164 1.14805 78.21
      vertex -2.41481 0.647047 78.21
    endloop
  endfacet
  facet normal 0 0 1
    outer loop
      vertex 2.89778 -0.776457 78.21
      vertex 2.41481 -0.647047 78.21
      vertex 2.77164 -1.14805 78.21
    endloop
  endfacet
  facet normal -0 0 1
    outer loop
      vertex 2.3097 -0.956708 78.21
      vertex 2.77164 -1.14805 78.21
      vertex 2.41481 -0.647047 78.21
    endloop
  endfacet
  facet normal 0 0 1
    outer loop
      vertex 2.77164 -1.14805 78.21
      vertex 2.3097 -0.956708 78.21
      vertex 2.59808 -1.5 78.21
    endloop
  endfacet
  facet normal -0 0 1
    outer loop
      vertex 2.16506 -1.25 78.21
      vertex 2.59808 -1.5 78.21
      vertex 2.3097 -0.956708 78.21
    endloop
  endfacet
  facet normal 0 0 1
    outer loop
      vertex 2.59808 -1.5 78.21
      vertex 2.16506 -1.25 78.21
      vertex 2.38006 -1.82628 78.21
    endloop
  endfacet
  facet normal -0 0 1
    outer loop
      vertex 1.98338 -1.5219 78.21
      vertex 2.38006 -1.82628 78.21
      vertex 2.16506 -1.25 78.21
    endloop
  endfacet
  facet normal 0 0 1
    outer loop
      vertex 2.38006 -1.82628 78.21
      vertex 1.98338 -1.5219 78.21
      vertex 2.12132 -2.12132 78.21
    endloop
  endfacet
  facet normal -0 0 1
    outer loop
      vertex 1.76777 -1.76777 78.21
      vertex 2.12132 -2.12132 78.21
      vertex 1.98338 -1.5219 78.21
    endloop
  endfacet
  facet normal 0 0 1
    outer loop
      vertex 2.12132 -2.12132 78.21
      vertex 1.76777 -1.76777 78.21
      vertex 1.82628 -2.38006 78.21
    endloop
  endfacet
  facet normal -0 0 1
    outer loop
      vertex 1.5219 -1.98338 78.21
      vertex 1.82628 -2.38006 78.21
      vertex 1.76777 -1.76777 78.21
    endloop
  endfacet
  facet normal 0 0 1
    outer loop
      vertex 1.5219 -1.98338 78.21
      vertex 1.5 -2.59808 78.21
      vertex 1.82628 -2.38006 78.21
    endloop
  endfacet
  facet normal -0 0 1
    outer loop
      vertex 1.25 -2.16506 78.21
      vertex 1.5 -2.59808 78.21
      vertex 1.5219 -1.98338 78.21
    endloop
  endfacet
  facet normal 0 0 1
    outer loop
      vertex 1.25 -2.16506 78.21
      vertex 1.14805 -2.77164 78.21
      vertex 1.5 -2.59808 78.21
    endloop
  endfacet
  facet normal -0 0 1
    outer loop
      vertex 0.956708 -2.3097 78.21
      vertex 1.14805 -2.77164 78.21
      vertex 1.25 -2.16506 78.21
    endloop
  endfacet
  facet normal 0 0 1
    outer loop
      vertex 0.956708 -2.3097 78.21
      vertex 0.776457 -2.89778 78.21
      vertex 1.14805 -2.77164 78.21
    endloop
  endfacet
  facet normal -0 0 1
    outer loop
      vertex 0.647047 -2.41481 78.21
      vertex 0.776457 -2.89778 78.21
      vertex 0.956708 -2.3097 78.21
    endloop
  endfacet
  facet normal 0 0 1
    outer loop
      vertex 0.647047 -2.41481 78.21
      vertex 0.391578 -2.97433 78.21
      vertex 0.776457 -2.89778 78.21
    endloop
  endfacet
  facet normal -0 0 1
    outer loop
      vertex 0.326315 -2.47861 78.21
      vertex 0.391578 -2.97433 78.21
      vertex 0.647047 -2.41481 78.21
    endloop
  endfacet
  facet normal -0 0 1
    outer loop
      vertex 0 -2.5 78.21
      vertex 0.391578 -2.97433 78.21
      vertex 0.326315 -2.47861 78.21
    endloop
  endfacet
  facet normal 0 0 1
    outer loop
      vertex 0 -2.5 78.21
      vertex 0 -3 78.21
      vertex 0.391578 -2.97433 78.21
    endloop
  endfacet
  facet normal 0 0 1
    outer loop
      vertex -0.326315 -2.47861 78.21
      vertex 0 -3 78.21
      vertex 0 -2.5 78.21
    endloop
  endfacet
  facet normal 0 0 1
    outer loop
      vertex -0.326315 -2.47861 78.21
      vertex -0.391578 -2.97433 78.21
      vertex 0 -3 78.21
    endloop
  endfacet
  facet normal 0 0 1
    outer loop
      vertex -0.647047 -2.41481 78.21
      vertex -0.391578 -2.97433 78.21
      vertex -0.326315 -2.47861 78.21
    endloop
  endfacet
  facet normal 0 0 1
    outer loop
      vertex -0.647047 -2.41481 78.21
      vertex -0.776457 -2.89778 78.21
      vertex -0.391578 -2.97433 78.21
    endloop
  endfacet
  facet normal 0 0 1
    outer loop
      vertex -0.956708 -2.3097 78.21
      vertex -0.776457 -2.89778 78.21
      vertex -0.647047 -2.41481 78.21
    endloop
  endfacet
  facet normal 0 0 1
    outer loop
      vertex -0.956708 -2.3097 78.21
      vertex -1.14805 -2.77164 78.21
      vertex -0.776457 -2.89778 78.21
    endloop
  endfacet
  facet normal 0 0 1
    outer loop
      vertex -1.25 -2.16506 78.21
      vertex -1.14805 -2.77164 78.21
      vertex -0.956708 -2.3097 78.21
    endloop
  endfacet
  facet normal 0 0 1
    outer loop
      vertex -1.25 -2.16506 78.21
      vertex -1.5 -2.59808 78.21
      vertex -1.14805 -2.77164 78.21
    endloop
  endfacet
  facet normal 0 0 1
    outer loop
      vertex -1.5219 -1.98338 78.21
      vertex -1.5 -2.59808 78.21
      vertex -1.25 -2.16506 78.21
    endloop
  endfacet
  facet normal 0 0 1
    outer loop
      vertex -1.82628 -2.38006 78.21
      vertex -1.5219 -1.98338 78.21
      vertex -1.76777 -1.76777 78.21
    endloop
  endfacet
  facet normal 0 0 1
    outer loop
      vertex -1.5219 -1.98338 78.21
      vertex -1.82628 -2.38006 78.21
      vertex -1.5 -2.59808 78.21
    endloop
  endfacet
  facet normal 0 0 1
    outer loop
      vertex -2.12132 -2.12132 78.21
      vertex -1.76777 -1.76777 78.21
      vertex -1.98338 -1.5219 78.21
    endloop
  endfacet
  facet normal 0 0 1
    outer loop
      vertex -1.76777 -1.76777 78.21
      vertex -2.12132 -2.12132 78.21
      vertex -1.82628 -2.38006 78.21
    endloop
  endfacet
  facet normal 0 0 1
    outer loop
      vertex -2.38006 -1.82628 78.21
      vertex -1.98338 -1.5219 78.21
      vertex -2.16506 -1.25 78.21
    endloop
  endfacet
  facet normal 0 0 1
    outer loop
      vertex -2.59808 -1.5 78.21
      vertex -2.16506 -1.25 78.21
      vertex -2.3097 -0.956708 78.21
    endloop
  endfacet
  facet normal 0 0 1
    outer loop
      vertex -1.98338 -1.5219 78.21
      vertex -2.38006 -1.82628 78.21
      vertex -2.12132 -2.12132 78.21
    endloop
  endfacet
  facet normal 0 0 1
    outer loop
      vertex -2.77164 -1.14805 78.21
      vertex -2.3097 -0.956708 78.21
      vertex -2.41481 -0.647047 78.21
    endloop
  endfacet
  facet normal 0 0 1
    outer loop
      vertex -2.89778 -0.776457 78.21
      vertex -2.41481 -0.647047 78.21
      vertex -2.47861 -0.326315 78.21
    endloop
  endfacet
  facet normal 0 0 1
    outer loop
      vertex -2.16506 -1.25 78.21
      vertex -2.59808 -1.5 78.21
      vertex -2.38006 -1.82628 78.21
    endloop
  endfacet
  facet normal 0 0 1
    outer loop
      vertex -2.97433 -0.391578 78.21
      vertex -2.47861 -0.326315 78.21
      vertex -2.5 0 78.21
    endloop
  endfacet
  facet normal 0 0 1
    outer loop
      vertex -2.41481 0.647047 78.21
      vertex -2.89778 0.776457 78.21
      vertex -2.47861 0.326315 78.21
    endloop
  endfacet
  facet normal -0 0 1
    outer loop
      vertex -2.97433 0.391578 78.21
      vertex -2.47861 0.326315 78.21
      vertex -2.89778 0.776457 78.21
    endloop
  endfacet
  facet normal 0 0 1
    outer loop
      vertex -2.3097 -0.956708 78.21
      vertex -2.77164 -1.14805 78.21
      vertex -2.59808 -1.5 78.21
    endloop
  endfacet
  facet normal 0 0 1
    outer loop
      vertex -2.47861 0.326315 78.21
      vertex -2.97433 0.391578 78.21
      vertex -2.5 0 78.21
    endloop
  endfacet
  facet normal 0 0 1
    outer loop
      vertex -2.41481 -0.647047 78.21
      vertex -2.89778 -0.776457 78.21
      vertex -2.77164 -1.14805 78.21
    endloop
  endfacet
  facet normal 0 0 1
    outer loop
      vertex -3 0 78.21
      vertex -2.5 0 78.21
      vertex -2.97433 0.391578 78.21
    endloop
  endfacet
  facet normal 0 0 1
    outer loop
      vertex -2.47861 -0.326315 78.21
      vertex -2.97433 -0.391578 78.21
      vertex -2.89778 -0.776457 78.21
    endloop
  endfacet
  facet normal 0 0 1
    outer loop
      vertex -2.5 0 78.21
      vertex -3 0 78.21
      vertex -2.97433 -0.391578 78.21
    endloop
  endfacet
  facet normal -0.555614 0.83144 1.96087e-05
    outer loop
      vertex -1.5 2.59808 34.0187
      vertex -1.67085 2.48392 33.5362
      vertex -1.66774 2.48599 33.887
    endloop
  endfacet
  facet normal -0.555576 0.831466 0
    outer loop
      vertex -1.5 2.59808 11
      vertex -1.67085 2.48392 33.5362
      vertex -1.5 2.59808 34.0187
    endloop
  endfacet
  facet normal -0.555589 0.831457 -1.39779e-07
    outer loop
      vertex -1.5 2.59808 11
      vertex -1.82628 2.38006 33.4202
      vertex -1.67085 2.48392 33.5362
    endloop
  endfacet
  facet normal -0.555582 0.831462 0
    outer loop
      vertex -1.82628 2.38006 33.4202
      vertex -1.5 2.59808 11
      vertex -1.82628 2.38006 11
    endloop
  endfacet
  facet normal -0.555582 0.831462 0
    outer loop
      vertex -1.5 2.59808 77.69
      vertex -1.82628 2.38006 78.21
      vertex -1.5 2.59808 78.21
    endloop
  endfacet
  facet normal -0.555582 0.831462 0
    outer loop
      vertex -1.82628 2.38006 78.21
      vertex -1.5 2.59808 77.69
      vertex -1.82628 2.38006 77.69
    endloop
  endfacet
  facet normal -0.555699 0.831384 2.0331e-05
    outer loop
      vertex -1.5 2.59808 74.2417
      vertex -1.54771 2.5662 73.8551
      vertex -1.54469 2.56821 74.2057
    endloop
  endfacet
  facet normal -0.555577 0.831465 3.51224e-06
    outer loop
      vertex -1.54771 2.5662 73.8551
      vertex -1.74161 2.43664 73.3572
      vertex -1.73845 2.43875 73.7079
    endloop
  endfacet
  facet normal -0.555585 0.83146 0
    outer loop
      vertex -1.5 2.59808 41.2434
      vertex -1.54771 2.5662 73.8551
      vertex -1.5 2.59808 74.2417
    endloop
  endfacet
  facet normal -0.555571 0.831469 2.93961e-08
    outer loop
      vertex -1.5 2.59808 41.2434
      vertex -1.74161 2.43664 73.3572
      vertex -1.54771 2.5662 73.8551
    endloop
  endfacet
  facet normal -0.555606 0.831446 -3.55501e-07
    outer loop
      vertex -1.5 2.59808 41.2434
      vertex -1.82628 2.38006 73.2952
      vertex -1.74161 2.43664 73.3572
    endloop
  endfacet
  facet normal -0.555599 0.83145 -2.50112e-07
    outer loop
      vertex -1.55121 2.56386 41.2062
      vertex -1.82628 2.38006 73.2952
      vertex -1.5 2.59808 41.2434
    endloop
  endfacet
  facet normal -0.555542 0.831489 -1.26896e-05
    outer loop
      vertex -1.74658 2.43332 40.7086
      vertex -1.55121 2.56386 41.2062
      vertex -1.55439 2.56173 40.8557
    endloop
  endfacet
  facet normal -0.555564 0.831473 1.77584e-07
    outer loop
      vertex -1.55121 2.56386 41.2062
      vertex -1.74658 2.43332 40.7086
      vertex -1.82628 2.38006 73.2952
    endloop
  endfacet
  facet normal -0.555628 0.831431 3.71836e-06
    outer loop
      vertex -1.82628 2.38006 40.2965
      vertex -1.74658 2.43332 40.7086
      vertex -1.74962 2.43129 40.3579
    endloop
  endfacet
  facet normal -0.555615 0.83144 0
    outer loop
      vertex -1.74658 2.43332 40.7086
      vertex -1.82628 2.38006 40.2965
      vertex -1.82628 2.38006 73.2952
    endloop
  endfacet
  facet normal -0.0654295 0.997857 3.31858e-06
    outer loop
      vertex 0 3 37.4581
      vertex -0.134535 2.99118 37.0206
      vertex -0.130857 2.99142 37.3713
    endloop
  endfacet
  facet normal -0.0654107 0.997858 6.94075e-06
    outer loop
      vertex -0.134535 2.99118 37.0206
      vertex -0.370892 2.97569 36.5232
      vertex -0.367041 2.97594 36.8736
    endloop
  endfacet
  facet normal -0.0654187 0.997858 0
    outer loop
      vertex 0 3 11
      vertex -0.134535 2.99118 37.0206
      vertex 0 3 37.4581
    endloop
  endfacet
  facet normal -0.0653964 0.997859 1.15817e-07
    outer loop
      vertex 0 3 11
      vertex -0.370892 2.97569 36.5232
      vertex -0.134535 2.99118 37.0206
    endloop
  endfacet
  facet normal -0.0656016 0.997846 -2.87877e-06
    outer loop
      vertex 0 3 11
      vertex -0.391578 2.97433 36.5108
      vertex -0.370892 2.97569 36.5232
    endloop
  endfacet
  facet normal -0.0654149 0.997858 0
    outer loop
      vertex -0.391578 2.97433 36.5108
      vertex 0 3 11
      vertex -0.391578 2.97433 11
    endloop
  endfacet
  facet normal -0.0654149 0.997858 0
    outer loop
      vertex 0 3 77.69
      vertex -0.391578 2.97433 78.21
      vertex 0 3 78.21
    endloop
  endfacet
  facet normal -0.0654149 0.997858 0
    outer loop
      vertex -0.391578 2.97433 78.21
      vertex 0 3 77.69
      vertex -0.391578 2.97433 77.69
    endloop
  endfacet
  facet normal -0.0653882 0.99786 -1.45683e-05
    outer loop
      vertex 0 3 77.3322
      vertex -0.218269 2.98569 76.8415
      vertex -0.214532 2.98594 77.1922
    endloop
  endfacet
  facet normal -0.0654209 0.997858 0
    outer loop
      vertex 0 3 44.3349
      vertex -0.218269 2.98569 76.8415
      vertex 0 3 77.3322
    endloop
  endfacet
  facet normal -0.0654074 0.997859 9.10075e-08
    outer loop
      vertex 0 3 44.3349
      vertex -0.391578 2.97433 76.7339
      vertex -0.218269 2.98569 76.8415
    endloop
  endfacet
  facet normal -0.0654158 0.997858 -1.12938e-08
    outer loop
      vertex -0.225913 2.98519 44.193
      vertex -0.391578 2.97433 76.7339
      vertex 0 3 44.3349
    endloop
  endfacet
  facet normal -0.0654341 0.997857 7.47033e-06
    outer loop
      vertex -0.391578 2.97433 43.7355
      vertex -0.225913 2.98519 44.193
      vertex -0.229613 2.98495 43.8422
    endloop
  endfacet
  facet normal -0.0654136 0.997858 0
    outer loop
      vertex -0.225913 2.98519 44.193
      vertex -0.391578 2.97433 43.7355
      vertex -0.391578 2.97433 76.7339
    endloop
  endfacet
  facet normal 0.997858 -0.0654139 0
    outer loop
      vertex 2.98553 -0.220733 55.1438
      vertex 3 0 54.6515
      vertex 3 0 78.21
    endloop
  endfacet
  facet normal 0.99786 -0.0653823 1.42555e-05
    outer loop
      vertex 3 0 54.6515
      vertex 2.98553 -0.220733 55.1438
      vertex 2.98578 -0.216994 54.793
    endloop
  endfacet
  facet normal 0.997858 -0.0654149 0
    outer loop
      vertex 2.97433 -0.391578 55.2497
      vertex 3 0 78.21
      vertex 2.97433 -0.391578 78.21
    endloop
  endfacet
  facet normal 0.997858 -0.0654161 2.07545e-08
    outer loop
      vertex 3 0 78.21
      vertex 2.97433 -0.391578 55.2497
      vertex 2.98553 -0.220733 55.1438
    endloop
  endfacet
  facet normal 0.997854 -0.0654736 0
    outer loop
      vertex 2.99524 -0.0725451 14.8249
      vertex 3 0 14.4281
      vertex 3 0 47.4267
    endloop
  endfacet
  facet normal 0.997856 -0.0654494 4.44181e-06
    outer loop
      vertex 3 0 14.4281
      vertex 2.99524 -0.0725451 14.8249
      vertex 2.99548 -0.0689098 14.4743
    endloop
  endfacet
  facet normal 0.99786 -0.0653923 -2.7664e-07
    outer loop
      vertex 2.97433 -0.391578 15.3748
      vertex 3 0 47.4267
      vertex 2.99492 -0.0775189 47.4737
    endloop
  endfacet
  facet normal 0.997859 -0.0653992 1.06211e-06
    outer loop
      vertex 2.9796 -0.311263 47.9715
      vertex 2.99492 -0.0775189 47.4737
      vertex 2.99467 -0.0813277 47.8243
    endloop
  endfacet
  facet normal 0.997861 -0.0653741 -2.22195e-07
    outer loop
      vertex 3 0 47.4267
      vertex 2.97995 -0.305931 15.3227
      vertex 2.99524 -0.0725451 14.8249
    endloop
  endfacet
  facet normal 0.997861 -0.065368 2.67022e-06
    outer loop
      vertex 2.99524 -0.0725451 14.8249
      vertex 2.97995 -0.305931 15.3227
      vertex 2.9802 -0.302129 14.9721
    endloop
  endfacet
  facet normal 0.997859 -0.0654018 -1.83124e-07
    outer loop
      vertex 2.99492 -0.0775189 47.4737
      vertex 2.9796 -0.311263 47.9715
      vertex 2.97433 -0.391578 15.3748
    endloop
  endfacet
  facet normal 0.997855 -0.0654585 3.46878e-06
    outer loop
      vertex 2.97433 -0.391578 48.3734
      vertex 2.9796 -0.311263 47.9715
      vertex 2.97936 -0.314903 48.3221
    endloop
  endfacet
  facet normal 0.997854 -0.0654758 0
    outer loop
      vertex 2.9796 -0.311263 47.9715
      vertex 2.97433 -0.391578 48.3734
      vertex 2.97433 -0.391578 15.3748
    endloop
  endfacet
  facet normal 0.997854 -0.0654769 7.61274e-07
    outer loop
      vertex 3 0 47.4267
      vertex 2.97433 -0.391578 15.3748
      vertex 2.97995 -0.305931 15.3227
    endloop
  endfacet
  facet normal 0.0654726 -0.997854 2.68313e-05
    outer loop
      vertex 0 -3 17.5207
      vertex 0.093137 -2.9939 17.1102
      vertex 0.0894879 -2.99413 17.4609
    endloop
  endfacet
  facet normal 0.0654067 -0.997859 7.3661e-07
    outer loop
      vertex 0.093137 -2.9939 17.1102
      vertex 0.327478 -2.97854 16.6126
      vertex 0.32366 -2.97879 16.9631
    endloop
  endfacet
  facet normal 0.0653549 -0.997862 0
    outer loop
      vertex 0 -3 11
      vertex 0.093137 -2.9939 17.1102
      vertex 0 -3 17.5207
    endloop
  endfacet
  facet normal 0.0654036 -0.997859 -7.45396e-07
    outer loop
      vertex 0 -3 11
      vertex 0.327478 -2.97854 16.6126
      vertex 0.093137 -2.9939 17.1102
    endloop
  endfacet
  facet normal 0.0655324 -0.99785 -8.29514e-06
    outer loop
      vertex 0 -3 11
      vertex 0.391578 -2.97433 16.5738
      vertex 0.327478 -2.97854 16.6126
    endloop
  endfacet
  facet normal 0.0654149 -0.997858 0
    outer loop
      vertex 0.391578 -2.97433 16.5738
      vertex 0 -3 11
      vertex 0.391578 -2.97433 11
    endloop
  endfacet
  facet normal 0.0654149 -0.997858 0
    outer loop
      vertex 0 -3 64.6199
      vertex 0.391578 -2.97433 78.21
      vertex 0 -3 78.21
    endloop
  endfacet
  facet normal 0.0654707 -0.997854 -1.61625e-06
    outer loop
      vertex 0.0317013 -2.99792 64.6009
      vertex 0.391578 -2.97433 78.21
      vertex 0 -3 64.6199
    endloop
  endfacet
  facet normal 0.0654255 -0.997857 5.62931e-06
    outer loop
      vertex 0.267537 -2.98246 64.1034
      vertex 0.0317013 -2.99792 64.6009
      vertex 0.0355444 -2.99767 64.2505
    endloop
  endfacet
  facet normal 0.0654135 -0.997858 -9.7066e-08
    outer loop
      vertex 0.0317013 -2.99792 64.6009
      vertex 0.267537 -2.98246 64.1034
      vertex 0.391578 -2.97433 78.21
    endloop
  endfacet
  facet normal 0.0654081 -0.997859 1.60103e-06
    outer loop
      vertex 0.391578 -2.97433 63.6727
      vertex 0.267537 -2.98246 64.1034
      vertex 0.271207 -2.98222 63.7527
    endloop
  endfacet
  facet normal 0.0654025 -0.997859 0
    outer loop
      vertex 0.267537 -2.98246 64.1034
      vertex 0.391578 -2.97433 63.6727
      vertex 0.391578 -2.97433 78.21
    endloop
  endfacet
  facet normal 0.0654187 -0.997858 8.61218e-06
    outer loop
      vertex 0 -3 57.3953
      vertex 0.176238 -2.98845 56.931
      vertex 0.172531 -2.98869 57.2818
    endloop
  endfacet
  facet normal 0.0653961 -0.997859 0
    outer loop
      vertex 0 -3 24.397
      vertex 0.176238 -2.98845 56.931
      vertex 0 -3 57.3953
    endloop
  endfacet
  facet normal 0.0654301 -0.997857 -1.8504e-07
    outer loop
      vertex 0 -3 24.397
      vertex 0.391578 -2.97433 56.7961
      vertex 0.176238 -2.98845 56.931
    endloop
  endfacet
  facet normal 0.0654152 -0.997858 -3.89829e-09
    outer loop
      vertex 0.183966 -2.98794 24.2826
      vertex 0.391578 -2.97433 56.7961
      vertex 0 -3 24.397
    endloop
  endfacet
  facet normal 0.0654452 -0.997856 1.31843e-05
    outer loop
      vertex 0.391578 -2.97433 23.7985
      vertex 0.183966 -2.98794 24.2826
      vertex 0.187696 -2.9877 23.9318
    endloop
  endfacet
  facet normal 0.0654146 -0.997858 0
    outer loop
      vertex 0.183966 -2.98794 24.2826
      vertex 0.391578 -2.97433 23.7985
      vertex 0.391578 -2.97433 56.7961
    endloop
  endfacet
  facet normal 0.321694 -0.946844 -2.05197e-06
    outer loop
      vertex 0.776457 -2.89778 15.9745
      vertex 0.789523 -2.89334 15.6172
      vertex 0.786111 -2.8945 15.9676
    endloop
  endfacet
  facet normal 0.321445 -0.946928 -4.10422e-06
    outer loop
      vertex 0.789523 -2.89334 15.6172
      vertex 1.00857 -2.81898 15.1191
      vertex 1.00501 -2.82019 15.4698
    endloop
  endfacet
  facet normal 0.321744 -0.946827 0
    outer loop
      vertex 0.776457 -2.89778 11
      vertex 0.789523 -2.89334 15.6172
      vertex 0.776457 -2.89778 15.9745
    endloop
  endfacet
  facet normal 0.321455 -0.946925 9.12531e-07
    outer loop
      vertex 0.776457 -2.89778 11
      vertex 1.00857 -2.81898 15.1191
      vertex 0.789523 -2.89334 15.6172
    endloop
  endfacet
  facet normal 0.321399 -0.946944 4.44339e-06
    outer loop
      vertex 0.776457 -2.89778 11
      vertex 1.14805 -2.77164 15.0285
      vertex 1.00857 -2.81898 15.1191
    endloop
  endfacet
  facet normal 0.321442 -0.946929 0
    outer loop
      vertex 1.14805 -2.77164 15.0285
      vertex 0.776457 -2.89778 11
      vertex 1.14805 -2.77164 11
    endloop
  endfacet
  facet normal 0.321442 -0.946929 0
    outer loop
      vertex 0.776457 -2.89778 62.7263
      vertex 1.14805 -2.77164 78.21
      vertex 0.776457 -2.89778 78.21
    endloop
  endfacet
  facet normal 0.321453 -0.946926 -2.83841e-07
    outer loop
      vertex 0.953586 -2.83765 62.6102
      vertex 1.14805 -2.77164 78.21
      vertex 0.776457 -2.89778 62.7263
    endloop
  endfacet
  facet normal 0.321438 -0.946931 2.65637e-06
    outer loop
      vertex 1.14805 -2.77164 62.1278
      vertex 0.953586 -2.83765 62.6102
      vertex 0.957124 -2.83645 62.2594
    endloop
  endfacet
  facet normal 0.321432 -0.946933 0
    outer loop
      vertex 0.953586 -2.83765 62.6102
      vertex 1.14805 -2.77164 62.1278
      vertex 1.14805 -2.77164 78.21
    endloop
  endfacet
  facet normal 0.321498 -0.94691 1.64879e-05
    outer loop
      vertex 0.776457 -2.89778 55.85
      vertex 0.867341 -2.86693 55.4378
      vertex 0.863877 -2.8681 55.7885
    endloop
  endfacet
  facet normal 0.32144 -0.94693 -3.17161e-06
    outer loop
      vertex 0.867341 -2.86693 55.4378
      vertex 1.08984 -2.7914 54.9402
      vertex 1.08622 -2.79263 55.2907
    endloop
  endfacet
  facet normal 0.32143 -0.946933 0
    outer loop
      vertex 0.776457 -2.89778 22.8512
      vertex 0.867341 -2.86693 55.4378
      vertex 0.776457 -2.89778 55.85
    endloop
  endfacet
  facet normal 0.321446 -0.946928 -4.85904e-08
    outer loop
      vertex 0.776457 -2.89778 22.8512
      vertex 1.08984 -2.7914 54.9402
      vertex 0.867341 -2.86693 55.4378
    endloop
  endfacet
  facet normal 0.321445 -0.946928 -3.44003e-08
    outer loop
      vertex 0.776457 -2.89778 22.8512
      vertex 1.14805 -2.77164 54.9031
      vertex 1.08984 -2.7914 54.9402
    endloop
  endfacet
  facet normal 0.321495 -0.946911 -6.84558e-07
    outer loop
      vertex 0.873005 -2.865 22.7892
      vertex 1.14805 -2.77164 54.9031
      vertex 0.776457 -2.89778 22.8512
    endloop
  endfacet
  facet normal 0.321417 -0.946938 1.57595e-06
    outer loop
      vertex 1.09382 -2.79005 22.2913
      vertex 0.873005 -2.865 22.7892
      vertex 0.876601 -2.86378 22.4385
    endloop
  endfacet
  facet normal 0.321414 -0.946939 8.72045e-08
    outer loop
      vertex 0.873005 -2.865 22.7892
      vertex 1.09382 -2.79005 22.2913
      vertex 1.14805 -2.77164 54.9031
    endloop
  endfacet
  facet normal 0.321421 -0.946937 -6.35629e-06
    outer loop
      vertex 1.14805 -2.77164 21.9048
      vertex 1.09382 -2.79005 22.2913
      vertex 1.09726 -2.78888 21.9407
    endloop
  endfacet
  facet normal 0.321461 -0.946923 0
    outer loop
      vertex 1.09382 -2.79005 22.2913
      vertex 1.14805 -2.77164 21.9048
      vertex 1.14805 -2.77164 54.9031
    endloop
  endfacet
  facet normal 0.555593 -0.831454 -4.47414e-06
    outer loop
      vertex 1.5 -2.59808 14.0817
      vertex 1.63591 -2.50726 13.6258
      vertex 1.63283 -2.50932 13.9766
    endloop
  endfacet
  facet normal 0.555603 -0.831447 0
    outer loop
      vertex 1.5 -2.59808 11
      vertex 1.63591 -2.50726 13.6258
      vertex 1.5 -2.59808 14.0817
    endloop
  endfacet
  facet normal 0.555568 -0.831471 2.64373e-06
    outer loop
      vertex 1.5 -2.59808 11
      vertex 1.82628 -2.38006 13.4823
      vertex 1.63591 -2.50726 13.6258
    endloop
  endfacet
  facet normal 0.555582 -0.831462 0
    outer loop
      vertex 1.82628 -2.38006 13.4823
      vertex 1.5 -2.59808 11
      vertex 1.82628 -2.38006 11
    endloop
  endfacet
  facet normal 0.555582 -0.831462 0
    outer loop
      vertex 1.5 -2.59808 61.1806
      vertex 1.82628 -2.38006 78.21
      vertex 1.5 -2.59808 78.21
    endloop
  endfacet
  facet normal 0.555603 -0.831448 -5.89946e-07
    outer loop
      vertex 1.58705 -2.53991 61.1168
      vertex 1.82628 -2.38006 78.21
      vertex 1.5 -2.59808 61.1806
    endloop
  endfacet
  facet normal 0.555567 -0.831472 3.38639e-06
    outer loop
      vertex 1.78085 -2.41042 60.6189
      vertex 1.58705 -2.53991 61.1168
      vertex 1.59021 -2.5378 60.7661
    endloop
  endfacet
  facet normal 0.555562 -0.831475 2.51325e-07
    outer loop
      vertex 1.58705 -2.53991 61.1168
      vertex 1.78085 -2.41042 60.6189
      vertex 1.82628 -2.38006 78.21
    endloop
  endfacet
  facet normal 0.555602 -0.831448 -4.58501e-06
    outer loop
      vertex 1.82628 -2.38006 60.2341
      vertex 1.78085 -2.41042 60.6189
      vertex 1.78387 -2.4084 60.2684
    endloop
  endfacet
  facet normal 0.555629 -0.83143 0
    outer loop
      vertex 1.78085 -2.41042 60.6189
      vertex 1.82628 -2.38006 60.2341
      vertex 1.82628 -2.38006 78.21
    endloop
  endfacet
  facet normal 0.556152 -0.831081 1.79589e-05
    outer loop
      vertex 1.5 -2.59808 54.3039
      vertex 1.51364 -2.58896 53.9448
      vertex 1.51064 -2.59096 54.2952
    endloop
  endfacet
  facet normal 0.555584 -0.831461 3.48872e-06
    outer loop
      vertex 1.51364 -2.58896 53.9448
      vertex 1.70607 -2.46038 53.4467
      vertex 1.70294 -2.46247 53.7975
    endloop
  endfacet
  facet normal 0.555825 -0.831299 0
    outer loop
      vertex 1.5 -2.59808 21.3064
      vertex 1.51364 -2.58896 53.9448
      vertex 1.5 -2.59808 54.3039
    endloop
  endfacet
  facet normal 0.555578 -0.831465 1.49487e-07
    outer loop
      vertex 1.5 -2.59808 21.3064
      vertex 1.70607 -2.46038 53.4467
      vertex 1.51364 -2.58896 53.9448
    endloop
  endfacet
  facet normal 0.555562 -0.831475 2.94429e-07
    outer loop
      vertex 1.5 -2.59808 21.3064
      vertex 1.82628 -2.38006 53.3578
      vertex 1.70607 -2.46038 53.4467
    endloop
  endfacet
  facet normal 0.555975 -0.831199 -5.78185e-06
    outer loop
      vertex 1.51501 -2.58804 21.2956
      vertex 1.82628 -2.38006 53.3578
      vertex 1.5 -2.59808 21.3064
    endloop
  endfacet
  facet normal 0.555557 -0.831478 1.13431e-05
    outer loop
      vertex 1.71207 -2.45638 20.7982
      vertex 1.51501 -2.58804 21.2956
      vertex 1.51822 -2.5859 20.9452
    endloop
  endfacet
  facet normal 0.555538 -0.831491 3.5076e-07
    outer loop
      vertex 1.51501 -2.58804 21.2956
      vertex 1.71207 -2.45638 20.7982
      vertex 1.82628 -2.38006 53.3578
    endloop
  endfacet
  facet normal 0.555573 -0.831468 -1.27008e-05
    outer loop
      vertex 1.82628 -2.38006 20.3591
      vertex 1.71207 -2.45638 20.7982
      vertex 1.71513 -2.45433 20.4475
    endloop
  endfacet
  facet normal 0.555607 -0.831445 0
    outer loop
      vertex 1.71207 -2.45638 20.7982
      vertex 1.82628 -2.38006 20.3591
      vertex 1.82628 -2.38006 53.3578
    endloop
  endfacet
  facet normal 0.751878 -0.659303 -3.41453e-05
    outer loop
      vertex 2.12132 -2.12132 11
      vertex 2.38006 -1.82628 11.5895
      vertex 2.33058 -1.88271 11.6349
    endloop
  endfacet
  facet normal 0.751835 -0.659352 6.51456e-06
    outer loop
      vertex 2.17605 -2.05891 12.1327
      vertex 2.33058 -1.88271 11.6349
      vertex 2.32806 -1.88558 11.9855
    endloop
  endfacet
  facet normal 0.751829 -0.659358 2.57934e-06
    outer loop
      vertex 2.12132 -2.12132 11
      vertex 2.33058 -1.88271 11.6349
      vertex 2.17605 -2.05891 12.1327
    endloop
  endfacet
  facet normal 0.751832 -0.659355 -6.37652e-06
    outer loop
      vertex 2.12132 -2.12132 12.5363
      vertex 2.17605 -2.05891 12.1327
      vertex 2.17365 -2.06165 12.4833
    endloop
  endfacet
  facet normal 0.751844 -0.659341 0
    outer loop
      vertex 2.38006 -1.82628 11.5895
      vertex 2.12132 -2.12132 11
      vertex 2.38006 -1.82628 11
    endloop
  endfacet
  facet normal 0.751852 -0.659332 0
    outer loop
      vertex 2.12132 -2.12132 11
      vertex 2.17605 -2.05891 12.1327
      vertex 2.12132 -2.12132 12.5363
    endloop
  endfacet
  facet normal 0.75184 -0.659345 0
    outer loop
      vertex 2.29124 -1.92756 59.1258
      vertex 2.38006 -1.82628 58.6884
      vertex 2.38006 -1.82628 78.21
    endloop
  endfacet
  facet normal 0.751844 -0.659341 1.73128e-06
    outer loop
      vertex 2.38006 -1.82628 58.6884
      vertex 2.29124 -1.92756 59.1258
      vertex 2.29367 -1.92479 58.7751
    endloop
  endfacet
  facet normal 0.751844 -0.659341 -3.66232e-08
    outer loop
      vertex 2.13507 -2.10564 59.6233
      vertex 2.29124 -1.92756 59.1258
      vertex 2.38006 -1.82628 78.21
    endloop
  endfacet
  facet normal 0.751834 -0.659352 -7.02583e-06
    outer loop
      vertex 2.29124 -1.92756 59.1258
      vertex 2.13507 -2.10564 59.6233
      vertex 2.13761 -2.10274 59.2728
    endloop
  endfacet
  facet normal 0.751844 -0.659341 0
    outer loop
      vertex 2.12132 -2.12132 59.6357
      vertex 2.38006 -1.82628 78.21
      vertex 2.12132 -2.12132 78.21
    endloop
  endfacet
  facet normal 0.751863 -0.659319 -6.20044e-07
    outer loop
      vertex 2.38006 -1.82628 78.21
      vertex 2.12132 -2.12132 59.6357
      vertex 2.13507 -2.10564 59.6233
    endloop
  endfacet
  facet normal 0.751837 -0.659349 0
    outer loop
      vertex 2.23591 -1.99065 19.305
      vertex 2.38006 -1.82628 18.8143
      vertex 2.38006 -1.82628 51.8116
    endloop
  endfacet
  facet normal 0.751855 -0.659328 1.24556e-05
    outer loop
      vertex 2.38006 -1.82628 18.8143
      vertex 2.23591 -1.99065 19.305
      vertex 2.23838 -1.98784 18.9542
    endloop
  endfacet
  facet normal 0.75184 -0.659346 7.19906e-08
    outer loop
      vertex 2.12132 -2.12132 19.4125
      vertex 2.38006 -1.82628 51.8116
      vertex 2.23086 -1.99641 51.9534
    endloop
  endfacet
  facet normal 0.751822 -0.659366 -1.47778e-05
    outer loop
      vertex 2.12132 -2.12132 52.411
      vertex 2.23086 -1.99641 51.9534
      vertex 2.22842 -1.9992 52.3042
    endloop
  endfacet
  facet normal 0.751849 -0.659335 0
    outer loop
      vertex 2.23086 -1.99641 51.9534
      vertex 2.12132 -2.12132 52.411
      vertex 2.12132 -2.12132 19.4125
    endloop
  endfacet
  facet normal 0.751853 -0.659331 -1.62558e-07
    outer loop
      vertex 2.38006 -1.82628 51.8116
      vertex 2.12132 -2.12132 19.4125
      vertex 2.23591 -1.99065 19.305
    endloop
  endfacet
  facet normal 0.896868 -0.442298 0
    outer loop
      vertex 2.67614 -1.3417 57.6326
      vertex 2.77164 -1.14805 57.1436
      vertex 2.77164 -1.14805 78.21
    endloop
  endfacet
  facet normal 0.896863 -0.442309 -5.44523e-06
    outer loop
      vertex 2.77164 -1.14805 57.1436
      vertex 2.67614 -1.3417 57.6326
      vertex 2.67779 -1.33835 57.2818
    endloop
  endfacet
  facet normal 0.896875 -0.442283 0
    outer loop
      vertex 2.59808 -1.5 57.7419
      vertex 2.77164 -1.14805 78.21
      vertex 2.59808 -1.5 78.21
    endloop
  endfacet
  facet normal 0.896884 -0.442266 -3.64108e-07
    outer loop
      vertex 2.77164 -1.14805 78.21
      vertex 2.59808 -1.5 57.7419
      vertex 2.67614 -1.3417 57.6326
    endloop
  endfacet
  facet normal 0.896871 -0.442292 0
    outer loop
      vertex 2.74176 -1.20864 17.3137
      vertex 2.77164 -1.14805 16.9203
      vertex 2.77164 -1.14805 49.9188
    endloop
  endfacet
  facet normal 0.896853 -0.442329 -7.08712e-06
    outer loop
      vertex 2.77164 -1.14805 16.9203
      vertex 2.74176 -1.20864 17.3137
      vertex 2.74337 -1.20537 16.9631
    endloop
  endfacet
  facet normal 0.896876 -0.442282 -2.28364e-08
    outer loop
      vertex 2.59808 -1.5 17.8669
      vertex 2.77164 -1.14805 49.9188
      vertex 2.73967 -1.21288 49.9625
    endloop
  endfacet
  facet normal 0.896875 -0.442284 -3.753e-06
    outer loop
      vertex 2.63596 -1.42319 50.4603
      vertex 2.73967 -1.21288 49.9625
      vertex 2.73798 -1.21631 50.3131
    endloop
  endfacet
  facet normal 0.89687 -0.442293 2.16946e-09
    outer loop
      vertex 2.77164 -1.14805 49.9188
      vertex 2.63842 -1.41819 17.8115
      vertex 2.74176 -1.20864 17.3137
    endloop
  endfacet
  facet normal 0.896866 -0.442302 -4.31621e-06
    outer loop
      vertex 2.74176 -1.20864 17.3137
      vertex 2.63842 -1.41819 17.8115
      vertex 2.6401 -1.41478 17.4609
    endloop
  endfacet
  facet normal 0.896878 -0.442277 -7.51676e-08
    outer loop
      vertex 2.73967 -1.21288 49.9625
      vertex 2.63596 -1.42319 50.4603
      vertex 2.59808 -1.5 17.8669
    endloop
  endfacet
  facet normal 0.896907 -0.442219 1.97777e-05
    outer loop
      vertex 2.59808 -1.5 50.8656
      vertex 2.63596 -1.42319 50.4603
      vertex 2.63434 -1.42646 50.8109
    endloop
  endfacet
  facet normal 0.896866 -0.442303 0
    outer loop
      vertex 2.63596 -1.42319 50.4603
      vertex 2.59808 -1.5 50.8656
      vertex 2.59808 -1.5 17.8669
    endloop
  endfacet
  facet normal 0.896891 -0.442252 -4.34786e-07
    outer loop
      vertex 2.77164 -1.14805 49.9188
      vertex 2.59808 -1.5 17.8669
      vertex 2.63842 -1.41819 17.8115
    endloop
  endfacet
  facet normal -0.659355 -0.751831 -3.74627e-06
    outer loop
      vertex -2.12132 -2.12132 22.505
      vertex -2.04337 -2.18968 22.0878
      vertex -2.04612 -2.18727 22.4385
    endloop
  endfacet
  facet normal -0.659356 -0.751831 -9.71879e-06
    outer loop
      vertex -2.04337 -2.18968 22.0878
      vertex -1.86643 -2.34485 21.5902
      vertex -1.86932 -2.34232 21.9407
    endloop
  endfacet
  facet normal -0.659344 -0.751841 0
    outer loop
      vertex -2.12132 -2.12132 11
      vertex -2.04337 -2.18968 22.0878
      vertex -2.12132 -2.12132 22.505
    endloop
  endfacet
  facet normal -0.659341 -0.751844 -4.39307e-08
    outer loop
      vertex -2.12132 -2.12132 11
      vertex -1.86643 -2.34485 21.5902
      vertex -2.04337 -2.18968 22.0878
    endloop
  endfacet
  facet normal -0.659339 -0.751845 -9.1253e-08
    outer loop
      vertex -2.12132 -2.12132 11
      vertex -1.82628 -2.38006 21.5581
      vertex -1.86643 -2.34485 21.5902
    endloop
  endfacet
  facet normal -0.659341 -0.751844 -0
    outer loop
      vertex -1.82628 -2.38006 21.5581
      vertex -2.12132 -2.12132 11
      vertex -1.82628 -2.38006 11
    endloop
  endfacet
  facet normal -0.659341 -0.751844 0
    outer loop
      vertex -2.12132 -2.12132 69.6042
      vertex -1.82628 -2.38006 78.21
      vertex -2.12132 -2.12132 78.21
    endloop
  endfacet
  facet normal -0.659415 -0.751779 4.46336e-06
    outer loop
      vertex -2.08925 -2.14945 69.5786
      vertex -1.82628 -2.38006 78.21
      vertex -2.12132 -2.12132 69.6042
    endloop
  endfacet
  facet normal -0.659345 -0.751841 -9.55822e-06
    outer loop
      vertex -1.91194 -2.30494 69.081
      vertex -2.08925 -2.14945 69.5786
      vertex -2.08636 -2.15198 69.2281
    endloop
  endfacet
  facet normal -0.65933 -0.751854 -1.14863e-07
    outer loop
      vertex -2.08925 -2.14945 69.5786
      vertex -1.91194 -2.30494 69.081
      vertex -1.82628 -2.38006 78.21
    endloop
  endfacet
  facet normal -0.659339 -0.751845 -8.85413e-07
    outer loop
      vertex -1.82628 -2.38006 68.6571
      vertex -1.91194 -2.30494 69.081
      vertex -1.90918 -2.30736 68.7303
    endloop
  endfacet
  facet normal -0.659337 -0.751848 0
    outer loop
      vertex -1.91194 -2.30494 69.081
      vertex -1.82628 -2.38006 68.6571
      vertex -1.82628 -2.38006 78.21
    endloop
  endfacet
  facet normal -0.659359 -0.751828 -1.20525e-05
    outer loop
      vertex -2.12132 -2.12132 62.3795
      vertex -1.98064 -2.24469 61.9086
      vertex -1.98344 -2.24224 62.2594
    endloop
  endfacet
  facet normal -0.659337 -0.751848 0
    outer loop
      vertex -2.12132 -2.12132 29.3814
      vertex -1.98064 -2.24469 61.9086
      vertex -2.12132 -2.12132 62.3795
    endloop
  endfacet
  facet normal -0.659346 -0.75184 6.83965e-08
    outer loop
      vertex -2.12132 -2.12132 29.3814
      vertex -1.82628 -2.38006 61.7806
      vertex -1.98064 -2.24469 61.9086
    endloop
  endfacet
  facet normal -0.65934 -0.751845 -2.65938e-08
    outer loop
      vertex -1.97478 -2.24983 29.2602
      vertex -1.82628 -2.38006 61.7806
      vertex -2.12132 -2.12132 29.3814
    endloop
  endfacet
  facet normal -0.659325 -0.751858 9.86543e-06
    outer loop
      vertex -1.82628 -2.38006 28.7827
      vertex -1.97478 -2.24983 29.2602
      vertex -1.97198 -2.25229 28.9094
    endloop
  endfacet
  facet normal -0.659343 -0.751842 0
    outer loop
      vertex -1.97478 -2.24983 29.2602
      vertex -1.82628 -2.38006 28.7827
      vertex -1.82628 -2.38006 61.7806
    endloop
  endfacet
  facet normal -0.442104 -0.896964 7.77567e-06
    outer loop
      vertex -1.5 -2.59808 20.959
      vertex -1.47846 -2.6087 20.5948
      vertex -1.4817 -2.6071 20.9452
    endloop
  endfacet
  facet normal -0.442272 -0.896881 8.30396e-06
    outer loop
      vertex -1.47846 -2.6087 20.5948
      vertex -1.27061 -2.7112 20.0967
      vertex -1.27399 -2.70953 20.4475
    endloop
  endfacet
  facet normal -0.44221 -0.896912 0
    outer loop
      vertex -1.5 -2.59808 11
      vertex -1.47846 -2.6087 20.5948
      vertex -1.5 -2.59808 20.959
    endloop
  endfacet
  facet normal -0.442287 -0.896873 2.16054e-07
    outer loop
      vertex -1.5 -2.59808 11
      vertex -1.27061 -2.7112 20.0967
      vertex -1.47846 -2.6087 20.5948
    endloop
  endfacet
  facet normal -0.442289 -0.896873 2.72356e-07
    outer loop
      vertex -1.5 -2.59808 11
      vertex -1.14805 -2.77164 20.0129
      vertex -1.27061 -2.7112 20.0967
    endloop
  endfacet
  facet normal -0.442283 -0.896875 -0
    outer loop
      vertex -1.14805 -2.77164 20.0129
      vertex -1.5 -2.59808 11
      vertex -1.14805 -2.77164 11
    endloop
  endfacet
  facet normal -0.442283 -0.896875 0
    outer loop
      vertex -1.5 -2.59808 67.7108
      vertex -1.14805 -2.77164 78.21
      vertex -1.5 -2.59808 78.21
    endloop
  endfacet
  facet normal -0.442268 -0.896883 -6.56049e-07
    outer loop
      vertex -1.32278 -2.68547 67.5878
      vertex -1.14805 -2.77164 78.21
      vertex -1.5 -2.59808 67.7108
    endloop
  endfacet
  facet normal -0.442283 -0.896875 7.46118e-06
    outer loop
      vertex -1.14805 -2.77164 67.112
      vertex -1.32278 -2.68547 67.5878
      vertex -1.31944 -2.68712 67.237
    endloop
  endfacet
  facet normal -0.4423 -0.896867 0
    outer loop
      vertex -1.32278 -2.68547 67.5878
      vertex -1.14805 -2.77164 67.112
      vertex -1.14805 -2.77164 78.21
    endloop
  endfacet
  facet normal -0.442262 -0.896886 -5.94675e-06
    outer loop
      vertex -1.5 -2.59808 60.8344
      vertex -1.40464 -2.6451 60.4154
      vertex -1.40793 -2.64348 60.7661
    endloop
  endfacet
  facet normal -0.442297 -0.896868 9.05202e-06
    outer loop
      vertex -1.40464 -2.6451 60.4154
      vertex -1.19346 -2.74925 59.9178
      vertex -1.1969 -2.74755 60.2684
    endloop
  endfacet
  facet normal -0.442241 -0.896896 0
    outer loop
      vertex -1.5 -2.59808 27.8356
      vertex -1.40464 -2.6451 60.4154
      vertex -1.5 -2.59808 60.8344
    endloop
  endfacet
  facet normal -0.442314 -0.89686 2.66741e-07
    outer loop
      vertex -1.5 -2.59808 27.8356
      vertex -1.19346 -2.74925 59.9178
      vertex -1.40464 -2.6451 60.4154
    endloop
  endfacet
  facet normal -0.44223 -0.896902 -7.33526e-07
    outer loop
      vertex -1.5 -2.59808 27.8356
      vertex -1.14805 -2.77164 59.8874
      vertex -1.19346 -2.74925 59.9178
    endloop
  endfacet
  facet normal -0.442237 -0.896898 -6.33529e-07
    outer loop
      vertex -1.39894 -2.64791 27.7668
      vertex -1.14805 -2.77164 59.8874
      vertex -1.5 -2.59808 27.8356
    endloop
  endfacet
  facet normal -0.442275 -0.896879 8.6186e-06
    outer loop
      vertex -1.1902 -2.75085 27.2689
      vertex -1.39894 -2.64791 27.7668
      vertex -1.39554 -2.64959 27.4161
    endloop
  endfacet
  facet normal -0.442292 -0.896871 -1.02901e-07
    outer loop
      vertex -1.39894 -2.64791 27.7668
      vertex -1.1902 -2.75085 27.2689
      vertex -1.14805 -2.77164 59.8874
    endloop
  endfacet
  facet normal -0.442417 -0.896809 -8.44513e-06
    outer loop
      vertex -1.14805 -2.77164 26.8892
      vertex -1.1902 -2.75085 27.2689
      vertex -1.18695 -2.75245 26.9184
    endloop
  endfacet
  facet normal -0.442356 -0.89684 0
    outer loop
      vertex -1.1902 -2.75085 27.2689
      vertex -1.14805 -2.77164 26.8892
      vertex -1.14805 -2.77164 59.8874
    endloop
  endfacet
  facet normal -0.195107 -0.980782 -1.3142e-05
    outer loop
      vertex -0.776457 -2.89778 19.0659
      vertex -0.605863 -2.93171 18.6034
      vertex -0.609506 -2.93099 18.9542
    endloop
  endfacet
  facet normal -0.195072 -0.980789 0
    outer loop
      vertex -0.776457 -2.89778 11
      vertex -0.605863 -2.93171 18.6034
      vertex -0.776457 -2.89778 19.0659
    endloop
  endfacet
  facet normal -0.195073 -0.980789 1.55669e-08
    outer loop
      vertex -0.776457 -2.89778 11
      vertex -0.391578 -2.97433 18.4667
      vertex -0.605863 -2.93171 18.6034
    endloop
  endfacet
  facet normal -0.195073 -0.980789 -0
    outer loop
      vertex -0.391578 -2.97433 18.4667
      vertex -0.776457 -2.89778 11
      vertex -0.391578 -2.97433 11
    endloop
  endfacet
  facet normal -0.195073 -0.980789 0
    outer loop
      vertex -0.776457 -2.89778 66.1649
      vertex -0.391578 -2.97433 78.21
      vertex -0.776457 -2.89778 78.21
    endloop
  endfacet
  facet normal -0.195039 -0.980796 -1.13135e-06
    outer loop
      vertex -0.66326 -2.92029 66.0944
      vertex -0.391578 -2.97433 78.21
      vertex -0.776457 -2.89778 66.1649
    endloop
  endfacet
  facet normal -0.195116 -0.98078 2.07615e-06
    outer loop
      vertex -0.435105 -2.96568 65.5965
      vertex -0.66326 -2.92029 66.0944
      vertex -0.659544 -2.92103 65.7437
    endloop
  endfacet
  facet normal -0.195118 -0.98078 7.27179e-07
    outer loop
      vertex -0.66326 -2.92029 66.0944
      vertex -0.435105 -2.96568 65.5965
      vertex -0.391578 -2.97433 78.21
    endloop
  endfacet
  facet normal -0.195076 -0.980788 -1.92588e-05
    outer loop
      vertex -0.391578 -2.97433 65.2186
      vertex -0.435105 -2.96568 65.5965
      vertex -0.431551 -2.96638 65.246
    endloop
  endfacet
  facet normal -0.194916 -0.98082 0
    outer loop
      vertex -0.435105 -2.96568 65.5965
      vertex -0.391578 -2.97433 65.2186
      vertex -0.391578 -2.97433 78.21
    endloop
  endfacet
  facet normal -0.195097 -0.980784 -1.33576e-05
    outer loop
      vertex -0.776457 -2.89778 59.2884
      vertex -0.750341 -2.90297 58.9224
      vertex -0.753884 -2.90227 59.2728
    endloop
  endfacet
  facet normal -0.195093 -0.980785 1.01116e-05
    outer loop
      vertex -0.750341 -2.90297 58.9224
      vertex -0.522933 -2.94821 58.4243
      vertex -0.526635 -2.94747 58.7751
    endloop
  endfacet
  facet normal -0.194917 -0.98082 0
    outer loop
      vertex -0.776457 -2.89778 26.2906
      vertex -0.750341 -2.90297 58.9224
      vertex -0.776457 -2.89778 59.2884
    endloop
  endfacet
  facet normal -0.195114 -0.980781 1.63643e-07
    outer loop
      vertex -0.776457 -2.89778 26.2906
      vertex -0.522933 -2.94821 58.4243
      vertex -0.750341 -2.90297 58.9224
    endloop
  endfacet
  facet normal -0.195032 -0.980797 -5.05405e-07
    outer loop
      vertex -0.776457 -2.89778 26.2906
      vertex -0.391578 -2.97433 58.3422
      vertex -0.522933 -2.94821 58.4243
    endloop
  endfacet
  facet normal -0.194949 -0.980813 -1.54316e-06
    outer loop
      vertex -0.748031 -2.90343 26.2733
      vertex -0.391578 -2.97433 58.3422
      vertex -0.776457 -2.89778 26.2906
    endloop
  endfacet
  facet normal -0.195086 -0.980786 -4.67501e-06
    outer loop
      vertex -0.516102 -2.94956 25.7758
      vertex -0.748031 -2.90343 26.2733
      vertex -0.744252 -2.90418 25.9228
    endloop
  endfacet
  facet normal -0.195076 -0.980788 -7.5888e-08
    outer loop
      vertex -0.748031 -2.90343 26.2733
      vertex -0.516102 -2.94956 25.7758
      vertex -0.391578 -2.97433 58.3422
    endloop
  endfacet
  facet normal -0.195075 -0.980788 6.11042e-06
    outer loop
      vertex -0.391578 -2.97433 25.3434
      vertex -0.516102 -2.94956 25.7758
      vertex -0.512493 -2.95028 25.4251
    endloop
  endfacet
  facet normal -0.195095 -0.980784 0
    outer loop
      vertex -0.516102 -2.94956 25.7758
      vertex -0.391578 -2.97433 25.3434
      vertex -0.391578 -2.97433 58.3422
    endloop
  endfacet
  facet normal -0.831458 -0.555588 0
    outer loop
      vertex -2.49561 -1.65335 23.581
      vertex -2.59808 -1.5 24.0502
      vertex -2.59808 -1.5 11
    endloop
  endfacet
  facet normal -0.831453 -0.555596 3.5345e-06
    outer loop
      vertex -2.59808 -1.5 24.0502
      vertex -2.49561 -1.65335 23.581
      vertex -2.49768 -1.65025 23.9318
    endloop
  endfacet
  facet normal -0.831462 -0.555582 -0
    outer loop
      vertex -2.38006 -1.82628 23.4512
      vertex -2.59808 -1.5 11
      vertex -2.38006 -1.82628 11
    endloop
  endfacet
  facet normal -0.831465 -0.555577 2.06244e-07
    outer loop
      vertex -2.59808 -1.5 11
      vertex -2.38006 -1.82628 23.4512
      vertex -2.49561 -1.65335 23.581
    endloop
  endfacet
  facet normal -0.831464 -0.555578 2.39174e-07
    outer loop
      vertex -2.38006 -1.82628 78.21
      vertex -2.59808 -1.5 71.1493
      vertex -2.52802 -1.60485 71.0721
    endloop
  endfacet
  facet normal -0.831459 -0.555587 -4.33587e-06
    outer loop
      vertex -2.39902 -1.7979 70.5741
      vertex -2.52802 -1.60485 71.0721
      vertex -2.52592 -1.60799 70.7213
    endloop
  endfacet
  facet normal -0.831454 -0.555594 -4.42476e-07
    outer loop
      vertex -2.38006 -1.82628 78.21
      vertex -2.52802 -1.60485 71.0721
      vertex -2.39902 -1.7979 70.5741
    endloop
  endfacet
  facet normal -0.831494 -0.555533 2.42946e-06
    outer loop
      vertex -2.38006 -1.82628 70.203
      vertex -2.39902 -1.7979 70.5741
      vertex -2.39701 -1.80091 70.2236
    endloop
  endfacet
  facet normal -0.831509 -0.555511 -0
    outer loop
      vertex -2.38006 -1.82628 78.21
      vertex -2.39902 -1.7979 70.5741
      vertex -2.38006 -1.82628 70.203
    endloop
  endfacet
  facet normal -0.831462 -0.555582 0
    outer loop
      vertex -2.59808 -1.5 71.1493
      vertex -2.38006 -1.82628 78.21
      vertex -2.59808 -1.5 78.21
    endloop
  endfacet
  facet normal -0.831466 -0.555576 0
    outer loop
      vertex -2.5776 -1.53065 63.9
      vertex -2.59808 -1.5 64.2728
      vertex -2.59808 -1.5 31.2749
    endloop
  endfacet
  facet normal -0.831447 -0.555604 3.30999e-06
    outer loop
      vertex -2.59808 -1.5 64.2728
      vertex -2.5776 -1.53065 63.9
      vertex -2.57961 -1.52764 64.2505
    endloop
  endfacet
  facet normal -0.831433 -0.555625 -6.38019e-07
    outer loop
      vertex -2.38006 -1.82628 63.3266
      vertex -2.59808 -1.5 31.2749
      vertex -2.57592 -1.53316 31.2509
    endloop
  endfacet
  facet normal -0.831475 -0.555563 -4.43882e-06
    outer loop
      vertex -2.44483 -1.72935 30.7534
      vertex -2.57592 -1.53316 31.2509
      vertex -2.57378 -1.53636 30.9004
    endloop
  endfacet
  facet normal -0.831467 -0.555574 3.02744e-09
    outer loop
      vertex -2.59808 -1.5 31.2749
      vertex -2.44854 -1.7238 63.402
      vertex -2.5776 -1.53065 63.9
    endloop
  endfacet
  facet normal -0.831473 -0.555566 -4.60631e-06
    outer loop
      vertex -2.5776 -1.53065 63.9
      vertex -2.44854 -1.7238 63.402
      vertex -2.45064 -1.72066 63.7527
    endloop
  endfacet
  facet normal -0.831469 -0.55557 8.68562e-08
    outer loop
      vertex -2.57592 -1.53316 31.2509
      vertex -2.44483 -1.72935 30.7534
      vertex -2.38006 -1.82628 63.3266
    endloop
  endfacet
  facet normal -0.831432 -0.555626 1.16738e-05
    outer loop
      vertex -2.38006 -1.82628 30.3278
      vertex -2.44483 -1.72935 30.7534
      vertex -2.44279 -1.73241 30.4027
    endloop
  endfacet
  facet normal -0.831456 -0.555591 0
    outer loop
      vertex -2.44483 -1.72935 30.7534
      vertex -2.38006 -1.82628 30.3278
      vertex -2.38006 -1.82628 63.3266
    endloop
  endfacet
  facet normal -0.831451 -0.555598 -2.42406e-07
    outer loop
      vertex -2.59808 -1.5 31.2749
      vertex -2.38006 -1.82628 63.3266
      vertex -2.44854 -1.7238 63.402
    endloop
  endfacet
  facet normal -0.946911 -0.321496 0
    outer loop
      vertex -2.88677 -0.808885 25.5724
      vertex -2.89778 -0.776457 25.9435
      vertex -2.89778 -0.776457 11
    endloop
  endfacet
  facet normal -0.94688 -0.321586 8.70434e-06
    outer loop
      vertex -2.89778 -0.776457 25.9435
      vertex -2.88677 -0.808885 25.5724
      vertex -2.88793 -0.80546 25.9228
    endloop
  endfacet
  facet normal -0.946922 -0.321462 8.46114e-08
    outer loop
      vertex -2.81213 -1.02875 25.0744
      vertex -2.88677 -0.808885 25.5724
      vertex -2.89778 -0.776457 11
    endloop
  endfacet
  facet normal -0.946931 -0.321436 -1.28744e-05
    outer loop
      vertex -2.88677 -0.808885 25.5724
      vertex -2.81213 -1.02875 25.0744
      vertex -2.81335 -1.02517 25.4251
    endloop
  endfacet
  facet normal -0.946929 -0.321442 -0
    outer loop
      vertex -2.77164 -1.14805 24.9972
      vertex -2.89778 -0.776457 11
      vertex -2.77164 -1.14805 11
    endloop
  endfacet
  facet normal -0.946946 -0.321391 1.50605e-06
    outer loop
      vertex -2.89778 -0.776457 11
      vertex -2.77164 -1.14805 24.9972
      vertex -2.81213 -1.02875 25.0744
    endloop
  endfacet
  facet normal -0.946921 -0.321466 -1.81125e-06
    outer loop
      vertex -2.77164 -1.14805 78.21
      vertex -2.89778 -0.776457 72.6953
      vertex -2.83088 -0.973519 72.5654
    endloop
  endfacet
  facet normal -0.946926 -0.321452 1.60642e-05
    outer loop
      vertex -2.77164 -1.14805 72.0963
      vertex -2.83088 -0.973519 72.5654
      vertex -2.82969 -0.977042 72.2146
    endloop
  endfacet
  facet normal -0.946939 -0.321414 -0
    outer loop
      vertex -2.77164 -1.14805 78.21
      vertex -2.83088 -0.973519 72.5654
      vertex -2.77164 -1.14805 72.0963
    endloop
  endfacet
  facet normal -0.946929 -0.321442 0
    outer loop
      vertex -2.89778 -0.776457 72.6953
      vertex -2.77164 -1.14805 78.21
      vertex -2.89778 -0.776457 78.21
    endloop
  endfacet
  facet normal -0.946929 -0.321442 0
    outer loop
      vertex -2.86027 -0.886957 65.393
      vertex -2.89778 -0.776457 65.8187
      vertex -2.89778 -0.776457 32.8199
    endloop
  endfacet
  facet normal -0.946927 -0.321448 1.77283e-06
    outer loop
      vertex -2.89778 -0.776457 65.8187
      vertex -2.86027 -0.886957 65.393
      vertex -2.86145 -0.883479 65.7437
    endloop
  endfacet
  facet normal -0.946924 -0.321458 -2.05973e-07
    outer loop
      vertex -2.77164 -1.14805 64.8716
      vertex -2.89778 -0.776457 32.8199
      vertex -2.85812 -0.893284 32.7444
    endloop
  endfacet
  facet normal -0.946936 -0.321423 -1.11908e-05
    outer loop
      vertex -2.78345 -1.11325 32.2465
      vertex -2.85812 -0.893284 32.7444
      vertex -2.8569 -0.896866 32.3937
    endloop
  endfacet
  facet normal -0.946928 -0.321444 -1.00811e-08
    outer loop
      vertex -2.89778 -0.776457 32.8199
      vertex -2.78442 -1.1104 64.8955
      vertex -2.86027 -0.886957 65.393
    endloop
  endfacet
  facet normal -0.946918 -0.321476 1.55841e-05
    outer loop
      vertex -2.86027 -0.886957 65.393
      vertex -2.78442 -1.1104 64.8955
      vertex -2.78565 -1.10676 65.246
    endloop
  endfacet
  facet normal -0.946928 -0.321445 -9.44514e-08
    outer loop
      vertex -2.85812 -0.893284 32.7444
      vertex -2.78345 -1.11325 32.2465
      vertex -2.77164 -1.14805 64.8716
    endloop
  endfacet
  facet normal -0.946915 -0.321483 1.21674e-05
    outer loop
      vertex -2.77164 -1.14805 31.8737
      vertex -2.78345 -1.11325 32.2465
      vertex -2.78229 -1.11668 31.896
    endloop
  endfacet
  facet normal -0.946955 -0.321366 0
    outer loop
      vertex -2.78345 -1.11325 32.2465
      vertex -2.77164 -1.14805 31.8737
      vertex -2.77164 -1.14805 64.8716
    endloop
  endfacet
  facet normal -0.946934 -0.321429 1.65499e-07
    outer loop
      vertex -2.89778 -0.776457 32.8199
      vertex -2.77164 -1.14805 64.8716
      vertex -2.78442 -1.1104 64.8955
    endloop
  endfacet
  facet normal -0.997858 -0.0654138 0
    outer loop
      vertex -2.99254 -0.113799 27.0654
      vertex -3 0 27.4894
      vertex -3 0 11
    endloop
  endfacet
  facet normal -0.997858 -0.0654151 3.69941e-07
    outer loop
      vertex -3 0 27.4894
      vertex -2.99254 -0.113799 27.0654
      vertex -2.99278 -0.110136 27.4161
    endloop
  endfacet
  facet normal -0.99786 -0.0653849 2.0509e-07
    outer loop
      vertex -2.97712 -0.34913 26.5679
      vertex -2.99254 -0.113799 27.0654
      vertex -3 0 11
    endloop
  endfacet
  facet normal -0.99786 -0.065392 3.56079e-06
    outer loop
      vertex -2.99254 -0.113799 27.0654
      vertex -2.97712 -0.34913 26.5679
      vertex -2.97737 -0.345296 26.9184
    endloop
  endfacet
  facet normal -0.997858 -0.0654149 -0
    outer loop
      vertex -2.97433 -0.391578 26.5423
      vertex -3 0 11
      vertex -2.97433 -0.391578 11
    endloop
  endfacet
  facet normal -0.997847 -0.0655834 -4.26463e-06
    outer loop
      vertex -3 0 11
      vertex -2.97433 -0.391578 26.5423
      vertex -2.97712 -0.34913 26.5679
    endloop
  endfacet
  facet normal -0.99786 -0.0653943 2.22964e-06
    outer loop
      vertex -2.97433 -0.391578 78.21
      vertex -3 0 74.5884
      vertex -2.9965 -0.053408 74.5562
    endloop
  endfacet
  facet normal -0.997859 -0.0654019 2.19582e-06
    outer loop
      vertex -2.98111 -0.288235 74.0586
      vertex -2.9965 -0.053408 74.5562
      vertex -2.99625 -0.0572341 74.2057
    endloop
  endfacet
  facet normal -0.997859 -0.0654008 1.63181e-06
    outer loop
      vertex -2.97433 -0.391578 78.21
      vertex -2.9965 -0.053408 74.5562
      vertex -2.98111 -0.288235 74.0586
    endloop
  endfacet
  facet normal -0.997855 -0.0654643 -4.2079e-07
    outer loop
      vertex -2.97433 -0.391578 73.6414
      vertex -2.98111 -0.288235 74.0586
      vertex -2.98087 -0.291891 73.7079
    endloop
  endfacet
  facet normal -0.997855 -0.065466 -0
    outer loop
      vertex -2.97433 -0.391578 78.21
      vertex -2.98111 -0.288235 74.0586
      vertex -2.97433 -0.391578 73.6414
    endloop
  endfacet
  facet normal -0.997858 -0.0654149 0
    outer loop
      vertex -3 0 74.5884
      vertex -2.97433 -0.391578 78.21
      vertex -3 0 78.21
    endloop
  endfacet
  facet normal -0.997858 -0.0654238 0
    outer loop
      vertex -2.98707 -0.197211 66.8862
      vertex -3 0 67.3638
      vertex -3 0 34.3659
    endloop
  endfacet
  facet normal -0.99786 -0.0653818 -1.74288e-05
    outer loop
      vertex -3 0 67.3638
      vertex -2.98707 -0.197211 66.8862
      vertex -2.98732 -0.193489 67.237
    endloop
  endfacet
  facet normal -0.997857 -0.0654265 -1.4108e-07
    outer loop
      vertex -2.97433 -0.391578 66.7651
      vertex -3 0 34.3659
      vertex -2.98656 -0.204981 34.2378
    endloop
  endfacet
  facet normal -0.997857 -0.0654276 1.01991e-05
    outer loop
      vertex -2.97433 -0.391578 33.767
      vertex -2.98656 -0.204981 34.2378
      vertex -2.98632 -0.208696 33.887
    endloop
  endfacet
  facet normal -0.997859 -0.065402 0
    outer loop
      vertex -2.98656 -0.204981 34.2378
      vertex -2.97433 -0.391578 33.767
      vertex -2.97433 -0.391578 66.7651
    endloop
  endfacet
  facet normal -0.997859 -0.0654058 1.09646e-07
    outer loop
      vertex -3 0 34.3659
      vertex -2.97433 -0.391578 66.7651
      vertex -2.98707 -0.197211 66.8862
    endloop
  endfacet
  facet normal 0.195073 -0.980789 0
    outer loop
      vertex 0.391578 -2.97433 63.6727
      vertex 0.776457 -2.89778 78.21
      vertex 0.391578 -2.97433 78.21
    endloop
  endfacet
  facet normal 0.195075 -0.980788 -5.27758e-08
    outer loop
      vertex 0.499524 -2.95286 63.6056
      vertex 0.776457 -2.89778 78.21
      vertex 0.391578 -2.97433 63.6727
    endloop
  endfacet
  facet normal 0.195061 -0.980791 -4.49283e-07
    outer loop
      vertex 0.7279 -2.90744 63.1077
      vertex 0.499524 -2.95286 63.6056
      vertex 0.503244 -2.95212 63.2549
    endloop
  endfacet
  facet normal 0.195063 -0.980791 1.84463e-07
    outer loop
      vertex 0.499524 -2.95286 63.6056
      vertex 0.7279 -2.90744 63.1077
      vertex 0.776457 -2.89778 78.21
    endloop
  endfacet
  facet normal 0.195059 -0.980792 -7.79663e-06
    outer loop
      vertex 0.776457 -2.89778 62.7263
      vertex 0.7279 -2.90744 63.1077
      vertex 0.731456 -2.90673 62.7572
    endloop
  endfacet
  facet normal 0.195118 -0.98078 0
    outer loop
      vertex 0.7279 -2.90744 63.1077
      vertex 0.776457 -2.89778 62.7263
      vertex 0.776457 -2.89778 78.21
    endloop
  endfacet
  facet normal 0.195035 -0.980796 -1.83658e-05
    outer loop
      vertex 0.391578 -2.97433 16.5738
      vertex 0.557033 -2.94142 16.1146
      vertex 0.553395 -2.94215 16.4654
    endloop
  endfacet
  facet normal 0.195084 -0.980786 0
    outer loop
      vertex 0.391578 -2.97433 11
      vertex 0.557033 -2.94142 16.1146
      vertex 0.391578 -2.97433 16.5738
    endloop
  endfacet
  facet normal 0.195064 -0.98079 6.74418e-07
    outer loop
      vertex 0.391578 -2.97433 11
      vertex 0.776457 -2.89778 15.9745
      vertex 0.557033 -2.94142 16.1146
    endloop
  endfacet
  facet normal 0.195073 -0.980789 0
    outer loop
      vertex 0.776457 -2.89778 15.9745
      vertex 0.391578 -2.97433 11
      vertex 0.776457 -2.89778 11
    endloop
  endfacet
  facet normal 0.194898 -0.980824 9.03694e-06
    outer loop
      vertex 0.391578 -2.97433 56.7961
      vertex 0.412681 -2.97014 56.4336
      vertex 0.409142 -2.97084 56.784
    endloop
  endfacet
  facet normal 0.195096 -0.980784 -1.22969e-05
    outer loop
      vertex 0.412681 -2.97014 56.4336
      vertex 0.639878 -2.92494 55.9355
      vertex 0.63618 -2.92568 56.2863
    endloop
  endfacet
  facet normal 0.194748 -0.980853 0
    outer loop
      vertex 0.391578 -2.97433 23.7985
      vertex 0.412681 -2.97014 56.4336
      vertex 0.391578 -2.97433 56.7961
    endloop
  endfacet
  facet normal 0.195122 -0.980779 -2.50993e-07
    outer loop
      vertex 0.391578 -2.97433 23.7985
      vertex 0.639878 -2.92494 55.9355
      vertex 0.412681 -2.97014 56.4336
    endloop
  endfacet
  facet normal 0.19504 -0.980795 4.02241e-07
    outer loop
      vertex 0.391578 -2.97433 23.7985
      vertex 0.776457 -2.89778 55.85
      vertex 0.639878 -2.92494 55.9355
    endloop
  endfacet
  facet normal 0.195118 -0.98078 -5.70142e-07
    outer loop
      vertex 0.41465 -2.96974 23.7845
      vertex 0.776457 -2.89778 55.85
      vertex 0.391578 -2.97433 23.7985
    endloop
  endfacet
  facet normal 0.195089 -0.980785 7.49947e-06
    outer loop
      vertex 0.646833 -2.92356 23.287
      vertex 0.41465 -2.96974 23.7845
      vertex 0.418434 -2.96899 23.434
    endloop
  endfacet
  facet normal 0.195074 -0.980789 -4.61231e-08
    outer loop
      vertex 0.41465 -2.96974 23.7845
      vertex 0.646833 -2.92356 23.287
      vertex 0.776457 -2.89778 55.85
    endloop
  endfacet
  facet normal 0.195049 -0.980793 -4.16011e-06
    outer loop
      vertex 0.776457 -2.89778 22.8512
      vertex 0.646833 -2.92356 23.287
      vertex 0.650446 -2.92284 22.9363
    endloop
  endfacet
  facet normal 0.195063 -0.980791 0
    outer loop
      vertex 0.646833 -2.92356 23.287
      vertex 0.776457 -2.89778 22.8512
      vertex 0.776457 -2.89778 55.85
    endloop
  endfacet
  facet normal 0.659485 -0.751718 1.60774e-05
    outer loop
      vertex 1.82628 -2.38006 13.4823
      vertex 1.83282 -2.37433 13.1284
      vertex 1.83011 -2.3767 13.4788
    endloop
  endfacet
  facet normal 0.659338 -0.751847 -1.49655e-05
    outer loop
      vertex 1.83282 -2.37433 13.1284
      vertex 2.00658 -2.22194 12.6303
      vertex 2.00376 -2.22442 12.981
    endloop
  endfacet
  facet normal 0.658993 -0.752149 0
    outer loop
      vertex 1.82628 -2.38006 11
      vertex 1.83282 -2.37433 13.1284
      vertex 1.82628 -2.38006 13.4823
    endloop
  endfacet
  facet normal 0.659359 -0.751829 -1.98653e-06
    outer loop
      vertex 1.82628 -2.38006 11
      vertex 2.00658 -2.22194 12.6303
      vertex 1.83282 -2.37433 13.1284
    endloop
  endfacet
  facet normal 0.659332 -0.751852 3.32717e-06
    outer loop
      vertex 1.82628 -2.38006 11
      vertex 2.12132 -2.12132 12.5363
      vertex 2.00658 -2.22194 12.6303
    endloop
  endfacet
  facet normal 0.659341 -0.751844 0
    outer loop
      vertex 2.12132 -2.12132 12.5363
      vertex 1.82628 -2.38006 11
      vertex 2.12132 -2.12132 11
    endloop
  endfacet
  facet normal 0.659341 -0.751844 0
    outer loop
      vertex 1.82628 -2.38006 60.2341
      vertex 2.12132 -2.12132 78.21
      vertex 1.82628 -2.38006 78.21
    endloop
  endfacet
  facet normal 0.659357 -0.75183 -4.52484e-07
    outer loop
      vertex 1.96295 -2.2602 60.1214
      vertex 2.12132 -2.12132 78.21
      vertex 1.82628 -2.38006 60.2341
    endloop
  endfacet
  facet normal 0.659344 -0.751842 9.1928e-06
    outer loop
      vertex 2.12132 -2.12132 59.6357
      vertex 1.96295 -2.2602 60.1214
      vertex 1.96576 -2.25774 59.7706
    endloop
  endfacet
  facet normal 0.659328 -0.751856 0
    outer loop
      vertex 1.96295 -2.2602 60.1214
      vertex 2.12132 -2.12132 59.6357
      vertex 2.12132 -2.12132 78.21
    endloop
  endfacet
  facet normal 0.659359 -0.751828 3.79621e-06
    outer loop
      vertex 1.82628 -2.38006 53.3578
      vertex 1.89456 -2.32018 52.9491
      vertex 1.89181 -2.32259 53.2997
    endloop
  endfacet
  facet normal 0.659335 -0.751849 -6.75894e-06
    outer loop
      vertex 1.89456 -2.32018 52.9491
      vertex 2.07103 -2.16542 52.4514
      vertex 2.06816 -2.16794 52.8019
    endloop
  endfacet
  facet normal 0.659346 -0.75184 0
    outer loop
      vertex 1.82628 -2.38006 20.3591
      vertex 1.89456 -2.32018 52.9491
      vertex 1.82628 -2.38006 53.3578
    endloop
  endfacet
  facet normal 0.659346 -0.75184 1.40357e-09
    outer loop
      vertex 1.82628 -2.38006 20.3591
      vertex 2.07103 -2.16542 52.4514
      vertex 1.89456 -2.32018 52.9491
    endloop
  endfacet
  facet normal 0.659319 -0.751863 3.56806e-07
    outer loop
      vertex 1.82628 -2.38006 20.3591
      vertex 2.12132 -2.12132 52.411
      vertex 2.07103 -2.16542 52.4514
    endloop
  endfacet
  facet normal 0.659369 -0.75182 -4.48477e-07
    outer loop
      vertex 1.8989 -2.31637 20.3004
      vertex 2.12132 -2.12132 52.411
      vertex 1.82628 -2.38006 20.3591
    endloop
  endfacet
  facet normal 0.659351 -0.751835 1.75567e-05
    outer loop
      vertex 2.0744 -2.16247 19.8025
      vertex 1.8989 -2.31637 20.3004
      vertex 1.90176 -2.31387 19.9497
    endloop
  endfacet
  facet normal 0.659323 -0.75186 1.09518e-07
    outer loop
      vertex 1.8989 -2.31637 20.3004
      vertex 2.0744 -2.16247 19.8025
      vertex 2.12132 -2.12132 52.411
    endloop
  endfacet
  facet normal 0.659305 -0.751876 -1.31214e-05
    outer loop
      vertex 2.12132 -2.12132 19.4125
      vertex 2.0744 -2.16247 19.8025
      vertex 2.07713 -2.16007 19.4519
    endloop
  endfacet
  facet normal 0.659366 -0.751822 0
    outer loop
      vertex 2.0744 -2.16247 19.8025
      vertex 2.12132 -2.12132 19.4125
      vertex 2.12132 -2.12132 52.411
    endloop
  endfacet
  facet normal 0.831464 -0.555578 4.65913e-06
    outer loop
      vertex 2.38006 -1.82628 11.5895
      vertex 2.46797 -1.69472 11.137
      vertex 2.46591 -1.6978 11.4878
    endloop
  endfacet
  facet normal 0.831457 -0.555589 -1.204e-06
    outer loop
      vertex 2.46797 -1.69472 11.137
      vertex 2.38006 -1.82628 11
      vertex 2.58923 -1.51325 11
    endloop
  endfacet
  facet normal 0.831457 -0.55559 0
    outer loop
      vertex 2.38006 -1.82628 11
      vertex 2.46797 -1.69472 11.137
      vertex 2.38006 -1.82628 11.5895
    endloop
  endfacet
  facet normal 0.831432 -0.555626 0
    outer loop
      vertex 2.56486 -1.54971 58.1301
      vertex 2.59808 -1.5 57.7419
      vertex 2.59808 -1.5 78.21
    endloop
  endfacet
  facet normal 0.831387 -0.555693 -1.24039e-05
    outer loop
      vertex 2.59808 -1.5 57.7419
      vertex 2.56486 -1.54971 58.1301
      vertex 2.56688 -1.54668 57.7796
    endloop
  endfacet
  facet normal 0.831476 -0.555561 -2.33862e-07
    outer loop
      vertex 2.43525 -1.74369 58.628
      vertex 2.56486 -1.54971 58.1301
      vertex 2.59808 -1.5 78.21
    endloop
  endfacet
  facet normal 0.831472 -0.555566 -3.37566e-06
    outer loop
      vertex 2.56486 -1.54971 58.1301
      vertex 2.43525 -1.74369 58.628
      vertex 2.43736 -1.74053 58.2773
    endloop
  endfacet
  facet normal 0.831462 -0.555582 0
    outer loop
      vertex 2.38006 -1.82628 58.6884
      vertex 2.59808 -1.5 78.21
      vertex 2.38006 -1.82628 78.21
    endloop
  endfacet
  facet normal 0.831446 -0.555606 5.71315e-07
    outer loop
      vertex 2.59808 -1.5 78.21
      vertex 2.38006 -1.82628 58.6884
      vertex 2.43525 -1.74369 58.628
    endloop
  endfacet
  facet normal 0.831446 -0.555606 0
    outer loop
      vertex 2.51886 -1.61855 18.3094
      vertex 2.59808 -1.5 17.8669
      vertex 2.59808 -1.5 50.8656
    endloop
  endfacet
  facet normal 0.831439 -0.555616 -3.67787e-06
    outer loop
      vertex 2.59808 -1.5 17.8669
      vertex 2.51886 -1.61855 18.3094
      vertex 2.52091 -1.61548 17.9587
    endloop
  endfacet
  facet normal 0.831455 -0.555593 1.58206e-07
    outer loop
      vertex 2.38006 -1.82628 18.8143
      vertex 2.59808 -1.5 50.8656
      vertex 2.5148 -1.62463 50.9579
    endloop
  endfacet
  facet normal 0.831474 -0.555564 -3.23575e-06
    outer loop
      vertex 2.38634 -1.81689 51.456
      vertex 2.5148 -1.62463 50.9579
      vertex 2.51271 -1.62776 51.3087
    endloop
  endfacet
  facet normal 0.831472 -0.555566 -2.12174e-07
    outer loop
      vertex 2.59808 -1.5 50.8656
      vertex 2.38705 -1.81582 18.8068
      vertex 2.51886 -1.61855 18.3094
    endloop
  endfacet
  facet normal 0.831487 -0.555544 1.25646e-05
    outer loop
      vertex 2.51886 -1.61855 18.3094
      vertex 2.38705 -1.81582 18.8068
      vertex 2.3892 -1.81261 18.4564
    endloop
  endfacet
  facet normal 0.831477 -0.555558 -1.52702e-07
    outer loop
      vertex 2.5148 -1.62463 50.9579
      vertex 2.38634 -1.81689 51.456
      vertex 2.38006 -1.82628 18.8143
    endloop
  endfacet
  facet normal 0.831251 -0.555898 1.04512e-06
    outer loop
      vertex 2.38006 -1.82628 51.8116
      vertex 2.38634 -1.81689 51.456
      vertex 2.38434 -1.81988 51.8064
    endloop
  endfacet
  facet normal 0.831232 -0.555925 0
    outer loop
      vertex 2.38634 -1.81689 51.456
      vertex 2.38006 -1.82628 51.8116
      vertex 2.38006 -1.82628 18.8143
    endloop
  endfacet
  facet normal 0.831439 -0.555617 5.12103e-07
    outer loop
      vertex 2.59808 -1.5 50.8656
      vertex 2.38006 -1.82628 18.8143
      vertex 2.38705 -1.81582 18.8068
    endloop
  endfacet
  facet normal 0.980803 -0.195002 0
    outer loop
      vertex 2.96167 -0.455254 55.6413
      vertex 2.97433 -0.391578 55.2497
      vertex 2.97433 -0.391578 78.21
    endloop
  endfacet
  facet normal 0.980805 -0.194991 1.83155e-06
    outer loop
      vertex 2.97433 -0.391578 55.2497
      vertex 2.96167 -0.455254 55.6413
      vertex 2.96238 -0.451686 55.2907
    endloop
  endfacet
  facet normal 0.980786 -0.195089 2.5336e-07
    outer loop
      vertex 2.91611 -0.684301 56.1392
      vertex 2.96167 -0.455254 55.6413
      vertex 2.97433 -0.391578 78.21
    endloop
  endfacet
  facet normal 0.980783 -0.195102 -6.11924e-06
    outer loop
      vertex 2.96167 -0.455254 55.6413
      vertex 2.91611 -0.684301 56.1392
      vertex 2.91685 -0.68057 55.7885
    endloop
  endfacet
  facet normal 0.980789 -0.195073 0
    outer loop
      vertex 2.89778 -0.776457 56.1962
      vertex 2.97433 -0.391578 78.21
      vertex 2.89778 -0.776457 78.21
    endloop
  endfacet
  facet normal 0.980787 -0.19508 1.38831e-07
    outer loop
      vertex 2.97433 -0.391578 78.21
      vertex 2.89778 -0.776457 56.1962
      vertex 2.91611 -0.684301 56.1392
    endloop
  endfacet
  facet normal 0.980789 -0.195074 0
    outer loop
      vertex 2.9455 -0.536529 15.8206
      vertex 2.97433 -0.391578 15.3748
      vertex 2.97433 -0.391578 48.3734
    endloop
  endfacet
  facet normal 0.980788 -0.195079 -1.72058e-06
    outer loop
      vertex 2.97433 -0.391578 15.3748
      vertex 2.9455 -0.536529 15.8206
      vertex 2.94622 -0.532906 15.4698
    endloop
  endfacet
  facet normal 0.980795 -0.195039 -4.14439e-07
    outer loop
      vertex 2.89778 -0.776457 16.3222
      vertex 2.97433 -0.391578 48.3734
      vertex 2.94406 -0.543797 48.4691
    endloop
  endfacet
  facet normal 0.980792 -0.195055 1.887e-05
    outer loop
      vertex 2.89899 -0.770374 48.9672
      vertex 2.94406 -0.543797 48.4691
      vertex 2.94332 -0.547484 48.8199
    endloop
  endfacet
  facet normal 0.980784 -0.195095 9.7841e-08
    outer loop
      vertex 2.97433 -0.391578 48.3734
      vertex 2.89916 -0.76949 16.318
      vertex 2.9455 -0.536529 15.8206
    endloop
  endfacet
  facet normal 0.98079 -0.195066 1.40673e-05
    outer loop
      vertex 2.9455 -0.536529 15.8206
      vertex 2.89916 -0.76949 16.318
      vertex 2.89992 -0.765694 15.9676
    endloop
  endfacet
  facet normal 0.980784 -0.195095 3.49919e-10
    outer loop
      vertex 2.94406 -0.543797 48.4691
      vertex 2.89899 -0.770374 48.9672
      vertex 2.89778 -0.776457 16.3222
    endloop
  endfacet
  facet normal 0.981378 -0.192088 5.39412e-05
    outer loop
      vertex 2.89778 -0.776457 49.3194
      vertex 2.89899 -0.770374 48.9672
      vertex 2.89828 -0.773903 49.3176
    endloop
  endfacet
  facet normal 0.980785 -0.195093 0
    outer loop
      vertex 2.89899 -0.770374 48.9672
      vertex 2.89778 -0.776457 49.3194
      vertex 2.89778 -0.776457 16.3222
    endloop
  endfacet
  facet normal 0.980941 -0.194307 -9.55496e-06
    outer loop
      vertex 2.97433 -0.391578 48.3734
      vertex 2.89778 -0.776457 16.3222
      vertex 2.89916 -0.76949 16.318
    endloop
  endfacet
  facet normal 0.946917 -0.321478 0
    outer loop
      vertex 2.8528 -0.908946 56.637
      vertex 2.89778 -0.776457 56.1962
      vertex 2.89778 -0.776457 78.21
    endloop
  endfacet
  facet normal 0.946928 -0.321447 1.0577e-05
    outer loop
      vertex 2.89778 -0.776457 56.1962
      vertex 2.8528 -0.908946 56.637
      vertex 2.85399 -0.905452 56.2863
    endloop
  endfacet
  facet normal 0.946929 -0.321444 -2.36789e-07
    outer loop
      vertex 2.77658 -1.13348 57.1344
      vertex 2.8528 -0.908946 56.637
      vertex 2.89778 -0.776457 78.21
    endloop
  endfacet
  facet normal 0.946931 -0.321438 2.70005e-06
    outer loop
      vertex 2.8528 -0.908946 56.637
      vertex 2.77658 -1.13348 57.1344
      vertex 2.77782 -1.12983 56.784
    endloop
  endfacet
  facet normal 0.946929 -0.321442 0
    outer loop
      vertex 2.77164 -1.14805 57.1436
      vertex 2.89778 -0.776457 78.21
      vertex 2.77164 -1.14805 78.21
    endloop
  endfacet
  facet normal 0.947044 -0.321102 -6.68389e-06
    outer loop
      vertex 2.89778 -0.776457 78.21
      vertex 2.77164 -1.14805 57.1436
      vertex 2.77658 -1.13348 57.1344
    endloop
  endfacet
  facet normal 0.946922 -0.321464 0
    outer loop
      vertex 2.8258 -0.988485 16.8161
      vertex 2.89778 -0.776457 16.3222
      vertex 2.89778 -0.776457 49.3194
    endloop
  endfacet
  facet normal 0.946931 -0.321438 1.2428e-05
    outer loop
      vertex 2.89778 -0.776457 16.3222
      vertex 2.8258 -0.988485 16.8161
      vertex 2.82701 -0.984934 16.4654
    endloop
  endfacet
  facet normal 0.946927 -0.321449 8.69668e-08
    outer loop
      vertex 2.77164 -1.14805 16.9203
      vertex 2.89778 -0.776457 49.3194
      vertex 2.82336 -0.995684 49.4646
    endloop
  endfacet
  facet normal 0.946931 -0.321436 -1.21432e-06
    outer loop
      vertex 2.77164 -1.14805 49.9188
      vertex 2.82336 -0.995684 49.4646
      vertex 2.82217 -0.999191 49.8154
    endloop
  endfacet
  facet normal 0.946933 -0.321432 0
    outer loop
      vertex 2.82336 -0.995684 49.4646
      vertex 2.77164 -1.14805 49.9188
      vertex 2.77164 -1.14805 16.9203
    endloop
  endfacet
  facet normal 0.946939 -0.321413 -3.73108e-07
    outer loop
      vertex 2.89778 -0.776457 49.3194
      vertex 2.77164 -1.14805 16.9203
      vertex 2.8258 -0.988485 16.8161
    endloop
  endfacet
  facet normal -0.555561 -0.831476 1.27464e-05
    outer loop
      vertex -1.82628 -2.38006 21.5581
      vertex -1.6773 -2.47961 21.0922
      vertex -1.68039 -2.47754 21.443
    endloop
  endfacet
  facet normal -0.555589 -0.831457 0
    outer loop
      vertex -1.82628 -2.38006 11
      vertex -1.6773 -2.47961 21.0922
      vertex -1.82628 -2.38006 21.5581
    endloop
  endfacet
  facet normal -0.555577 -0.831465 -2.5479e-07
    outer loop
      vertex -1.82628 -2.38006 11
      vertex -1.5 -2.59808 20.959
      vertex -1.6773 -2.47961 21.0922
    endloop
  endfacet
  facet normal -0.555582 -0.831462 -0
    outer loop
      vertex -1.5 -2.59808 20.959
      vertex -1.82628 -2.38006 11
      vertex -1.5 -2.59808 11
    endloop
  endfacet
  facet normal -0.555582 -0.831462 0
    outer loop
      vertex -1.82628 -2.38006 68.6571
      vertex -1.5 -2.59808 78.21
      vertex -1.82628 -2.38006 78.21
    endloop
  endfacet
  facet normal -0.55556 -0.831476 -1.068e-06
    outer loop
      vertex -1.72587 -2.44715 68.5833
      vertex -1.5 -2.59808 78.21
      vertex -1.82628 -2.38006 68.6571
    endloop
  endfacet
  facet normal -0.555586 -0.831459 4.3468e-06
    outer loop
      vertex -1.53264 -2.57627 68.0853
      vertex -1.72587 -2.44715 68.5833
      vertex -1.72273 -2.44925 68.2325
    endloop
  endfacet
  facet normal -0.555593 -0.831454 5.50046e-08
    outer loop
      vertex -1.72587 -2.44715 68.5833
      vertex -1.53264 -2.57627 68.0853
      vertex -1.5 -2.59808 78.21
    endloop
  endfacet
  facet normal -0.555608 -0.831444 -3.36187e-06
    outer loop
      vertex -1.5 -2.59808 67.7108
      vertex -1.53264 -2.57627 68.0853
      vertex -1.52963 -2.57828 67.7348
    endloop
  endfacet
  facet normal -0.555582 -0.831462 0
    outer loop
      vertex -1.53264 -2.57627 68.0853
      vertex -1.5 -2.59808 67.7108
      vertex -1.5 -2.59808 78.21
    endloop
  endfacet
  facet normal -0.555769 -0.831336 -5.365e-06
    outer loop
      vertex -1.82628 -2.38006 61.7806
      vertex -1.79989 -2.3977 61.4112
      vertex -1.8029 -2.39569 61.7616
    endloop
  endfacet
  facet normal -0.555536 -0.831492 4.99065e-06
    outer loop
      vertex -1.79989 -2.3977 61.4112
      vertex -1.60692 -2.52663 60.9132
      vertex -1.61006 -2.52453 61.2639
    endloop
  endfacet
  facet normal -0.555718 -0.831371 0
    outer loop
      vertex -1.82628 -2.38006 28.7827
      vertex -1.79989 -2.3977 61.4112
      vertex -1.82628 -2.38006 61.7806
    endloop
  endfacet
  facet normal -0.555545 -0.831486 -2.01379e-07
    outer loop
      vertex -1.82628 -2.38006 28.7827
      vertex -1.60692 -2.52663 60.9132
      vertex -1.79989 -2.3977 61.4112
    endloop
  endfacet
  facet normal -0.555615 -0.83144 4.8345e-07
    outer loop
      vertex -1.82628 -2.38006 28.7827
      vertex -1.5 -2.59808 60.8344
      vertex -1.60692 -2.52663 60.9132
    endloop
  endfacet
  facet normal -0.555571 -0.831469 -1.58493e-07
    outer loop
      vertex -1.79765 -2.39919 28.7621
      vertex -1.5 -2.59808 60.8344
      vertex -1.82628 -2.38006 28.7827
    endloop
  endfacet
  facet normal -0.555562 -0.831475 4.45127e-06
    outer loop
      vertex -1.60125 -2.53042 28.2646
      vertex -1.79765 -2.39919 28.7621
      vertex -1.79445 -2.40133 28.4116
    endloop
  endfacet
  facet normal -0.55557 -0.83147 -1.78815e-07
    outer loop
      vertex -1.79765 -2.39919 28.7621
      vertex -1.60125 -2.53042 28.2646
      vertex -1.5 -2.59808 60.8344
    endloop
  endfacet
  facet normal -0.555572 -0.831468 1.27143e-05
    outer loop
      vertex -1.5 -2.59808 27.8356
      vertex -1.60125 -2.53042 28.2646
      vertex -1.59819 -2.53247 27.9139
    endloop
  endfacet
  facet normal -0.555609 -0.831443 0
    outer loop
      vertex -1.60125 -2.53042 28.2646
      vertex -1.5 -2.59808 27.8356
      vertex -1.5 -2.59808 60.8344
    endloop
  endfacet
  facet normal -0.0653654 -0.997861 1.20913e-05
    outer loop
      vertex -0.391578 -2.97433 18.4667
      vertex -0.372715 -2.97557 18.106
      vertex -0.376314 -2.97533 18.4564
    endloop
  endfacet
  facet normal -0.0654283 -0.997857 -1.85997e-05
    outer loop
      vertex -0.372715 -2.97557 18.106
      vertex -0.141671 -2.99071 17.6079
      vertex -0.145431 -2.99047 17.9587
    endloop
  endfacet
  facet normal -0.0655956 -0.997846 0
    outer loop
      vertex -0.391578 -2.97433 11
      vertex -0.372715 -2.97557 18.106
      vertex -0.391578 -2.97433 18.4667
    endloop
  endfacet
  facet normal -0.0653896 -0.99786 -5.49175e-07
    outer loop
      vertex -0.391578 -2.97433 11
      vertex -0.141671 -2.99071 17.6079
      vertex -0.372715 -2.97557 18.106
    endloop
  endfacet
  facet normal -0.0654333 -0.997857 1.10943e-06
    outer loop
      vertex -0.391578 -2.97433 11
      vertex 0 -3 17.5207
      vertex -0.141671 -2.99071 17.6079
    endloop
  endfacet
  facet normal -0.0654149 -0.997858 -0
    outer loop
      vertex 0 -3 17.5207
      vertex -0.391578 -2.97433 11
      vertex 0 -3 11
    endloop
  endfacet
  facet normal -0.0654149 -0.997858 0
    outer loop
      vertex -0.391578 -2.97433 65.2186
      vertex 0 -3 78.21
      vertex -0.391578 -2.97433 78.21
    endloop
  endfacet
  facet normal -0.0654096 -0.997859 -1.59814e-07
    outer loop
      vertex -0.199663 -2.98691 65.099
      vertex 0 -3 78.21
      vertex -0.391578 -2.97433 65.2186
    endloop
  endfacet
  facet normal -0.0653792 -0.99786 1.70837e-05
    outer loop
      vertex 0 -3 64.6199
      vertex -0.199663 -2.98691 65.099
      vertex -0.195939 -2.98716 64.7482
    endloop
  endfacet
  facet normal -0.06542 -0.997858 0
    outer loop
      vertex -0.199663 -2.98691 65.099
      vertex 0 -3 64.6199
      vertex 0 -3 78.21
    endloop
  endfacet
  facet normal -0.0654433 -0.997856 1.01439e-06
    outer loop
      vertex -0.391578 -2.97433 58.3422
      vertex -0.290645 -2.98095 57.9266
      vertex -0.294299 -2.98071 58.2773
    endloop
  endfacet
  facet normal -0.0653906 -0.99786 -1.77242e-06
    outer loop
      vertex -0.290645 -2.98095 57.9266
      vertex -0.0559329 -2.99633 57.429
      vertex -0.0597574 -2.99608 57.7796
    endloop
  endfacet
  facet normal -0.0654474 -0.997856 0
    outer loop
      vertex -0.391578 -2.97433 25.3434
      vertex -0.290645 -2.98095 57.9266
      vertex -0.391578 -2.97433 58.3422
    endloop
  endfacet
  facet normal -0.0653873 -0.99786 -1.87255e-07
    outer loop
      vertex -0.391578 -2.97433 25.3434
      vertex -0.0559329 -2.99633 57.429
      vertex -0.290645 -2.98095 57.9266
    endloop
  endfacet
  facet normal -0.0654731 -0.997854 7.14826e-07
    outer loop
      vertex -0.391578 -2.97433 25.3434
      vertex 0 -3 57.3953
      vertex -0.0559329 -2.99633 57.429
    endloop
  endfacet
  facet normal -0.0654108 -0.997858 -5.02318e-08
    outer loop
      vertex -0.284486 -2.98135 25.278
      vertex 0 -3 57.3953
      vertex -0.391578 -2.97433 25.3434
    endloop
  endfacet
  facet normal -0.0654063 -0.997859 5.42276e-06
    outer loop
      vertex -0.0520212 -2.99659 24.7801
      vertex -0.284486 -2.98135 25.278
      vertex -0.280701 -2.9816 24.9273
    endloop
  endfacet
  facet normal -0.0654179 -0.997858 1.28697e-08
    outer loop
      vertex -0.284486 -2.98135 25.278
      vertex -0.0520212 -2.99659 24.7801
      vertex 0 -3 57.3953
    endloop
  endfacet
  facet normal -0.0653498 -0.997862 8.18368e-06
    outer loop
      vertex 0 -3 24.397
      vertex -0.0520212 -2.99659 24.7801
      vertex -0.0484004 -2.99683 24.4296
    endloop
  endfacet
  facet normal -0.0654098 -0.997858 0
    outer loop
      vertex -0.0520212 -2.99659 24.7801
      vertex 0 -3 24.397
      vertex 0 -3 57.3953
    endloop
  endfacet
  facet normal -0.751768 -0.659428 0
    outer loop
      vertex -2.36085 -1.84818 23.0836
      vertex -2.38006 -1.82628 23.4512
      vertex -2.38006 -1.82628 11
    endloop
  endfacet
  facet normal -0.752032 -0.659126 -3.17478e-05
    outer loop
      vertex -2.38006 -1.82628 23.4512
      vertex -2.36085 -1.84818 23.0836
      vertex -2.36324 -1.84547 23.434
    endloop
  endfacet
  facet normal -0.751868 -0.659314 3.65604e-07
    outer loop
      vertex -2.20791 -2.02259 22.5855
      vertex -2.36085 -1.84818 23.0836
      vertex -2.38006 -1.82628 11
    endloop
  endfacet
  facet normal -0.751867 -0.659314 8.64224e-07
    outer loop
      vertex -2.36085 -1.84818 23.0836
      vertex -2.20791 -2.02259 22.5855
      vertex -2.2104 -2.01975 22.9363
    endloop
  endfacet
  facet normal -0.751844 -0.659341 -0
    outer loop
      vertex -2.12132 -2.12132 22.505
      vertex -2.38006 -1.82628 11
      vertex -2.12132 -2.12132 11
    endloop
  endfacet
  facet normal -0.751817 -0.659371 -1.37016e-06
    outer loop
      vertex -2.38006 -1.82628 11
      vertex -2.12132 -2.12132 22.505
      vertex -2.20791 -2.02259 22.5855
    endloop
  endfacet
  facet normal -0.751855 -0.659328 8.51192e-07
    outer loop
      vertex -2.12132 -2.12132 78.21
      vertex -2.38006 -1.82628 70.203
      vertex -2.24631 -1.9788 70.0766
    endloop
  endfacet
  facet normal -0.751847 -0.659338 -9.68824e-06
    outer loop
      vertex -2.12132 -2.12132 69.6042
      vertex -2.24631 -1.9788 70.0766
      vertex -2.24385 -1.9816 69.7258
    endloop
  endfacet
  facet normal -0.751831 -0.659356 -0
    outer loop
      vertex -2.12132 -2.12132 78.21
      vertex -2.24631 -1.9788 70.0766
      vertex -2.12132 -2.12132 69.6042
    endloop
  endfacet
  facet normal -0.751844 -0.659341 0
    outer loop
      vertex -2.38006 -1.82628 70.203
      vertex -2.12132 -2.12132 78.21
      vertex -2.38006 -1.82628 78.21
    endloop
  endfacet
  facet normal -0.751865 -0.659317 0
    outer loop
      vertex -2.30654 -1.91012 62.9042
      vertex -2.38006 -1.82628 63.3266
      vertex -2.38006 -1.82628 30.3278
    endloop
  endfacet
  facet normal -0.751864 -0.659319 5.96445e-07
    outer loop
      vertex -2.38006 -1.82628 63.3266
      vertex -2.30654 -1.91012 62.9042
      vertex -2.30896 -1.90736 63.2549
    endloop
  endfacet
  facet normal -0.751852 -0.659332 1.50813e-07
    outer loop
      vertex -2.12132 -2.12132 62.3795
      vertex -2.38006 -1.82628 30.3278
      vertex -2.30224 -1.91502 30.2556
    endloop
  endfacet
  facet normal -0.751848 -0.659336 -1.46251e-06
    outer loop
      vertex -2.14893 -2.08984 29.7577
      vertex -2.30224 -1.91502 30.2556
      vertex -2.29974 -1.91787 29.9049
    endloop
  endfacet
  facet normal -0.751835 -0.659351 -1.54946e-07
    outer loop
      vertex -2.38006 -1.82628 30.3278
      vertex -2.15112 -2.08734 62.4066
      vertex -2.30654 -1.91012 62.9042
    endloop
  endfacet
  facet normal -0.751821 -0.659367 9.87477e-06
    outer loop
      vertex -2.30654 -1.91012 62.9042
      vertex -2.15112 -2.08734 62.4066
      vertex -2.15365 -2.08445 62.7572
    endloop
  endfacet
  facet normal -0.751846 -0.659339 7.64386e-08
    outer loop
      vertex -2.30224 -1.91502 30.2556
      vertex -2.14893 -2.08984 29.7577
      vertex -2.12132 -2.12132 62.3795
    endloop
  endfacet
  facet normal -0.751868 -0.659313 -1.03652e-05
    outer loop
      vertex -2.12132 -2.12132 29.3814
      vertex -2.14893 -2.08984 29.7577
      vertex -2.14654 -2.09256 29.4072
    endloop
  endfacet
  facet normal -0.751807 -0.659383 0
    outer loop
      vertex -2.14893 -2.08984 29.7577
      vertex -2.12132 -2.12132 29.3814
      vertex -2.12132 -2.12132 62.3795
    endloop
  endfacet
  facet normal -0.751836 -0.65935 -1.41717e-07
    outer loop
      vertex -2.38006 -1.82628 30.3278
      vertex -2.12132 -2.12132 62.3795
      vertex -2.15112 -2.08734 62.4066
    endloop
  endfacet
  facet normal -0.980791 -0.195063 0
    outer loop
      vertex -2.93733 -0.577617 26.0698
      vertex -2.97433 -0.391578 26.5423
      vertex -2.97433 -0.391578 11
    endloop
  endfacet
  facet normal -0.980782 -0.195108 1.87233e-05
    outer loop
      vertex -2.97433 -0.391578 26.5423
      vertex -2.93733 -0.577617 26.0698
      vertex -2.93805 -0.573964 26.4206
    endloop
  endfacet
  facet normal -0.980789 -0.195073 -0
    outer loop
      vertex -2.89778 -0.776457 25.9435
      vertex -2.97433 -0.391578 11
      vertex -2.89778 -0.776457 11
    endloop
  endfacet
  facet normal -0.980787 -0.195082 -2.47618e-07
    outer loop
      vertex -2.97433 -0.391578 11
      vertex -2.89778 -0.776457 25.9435
      vertex -2.93733 -0.577617 26.0698
    endloop
  endfacet
  facet normal -0.980789 -0.19507 2.30491e-07
    outer loop
      vertex -2.89778 -0.776457 78.21
      vertex -2.97433 -0.391578 73.6414
      vertex -2.94869 -0.520493 73.5609
    endloop
  endfacet
  facet normal -0.980793 -0.195053 -9.99678e-06
    outer loop
      vertex -2.90344 -0.748 73.0628
      vertex -2.94869 -0.520493 73.5609
      vertex -2.94795 -0.524196 73.2102
    endloop
  endfacet
  facet normal -0.980789 -0.195074 8.5815e-09
    outer loop
      vertex -2.89778 -0.776457 78.21
      vertex -2.94869 -0.520493 73.5609
      vertex -2.90344 -0.748 73.0628
    endloop
  endfacet
  facet normal -0.980829 -0.194871 -1.64544e-05
    outer loop
      vertex -2.89778 -0.776457 72.6953
      vertex -2.90344 -0.748 73.0628
      vertex -2.90273 -0.751544 72.7124
    endloop
  endfacet
  facet normal -0.980788 -0.195075 -0
    outer loop
      vertex -2.89778 -0.776457 78.21
      vertex -2.90344 -0.748 73.0628
      vertex -2.89778 -0.776457 72.6953
    endloop
  endfacet
  facet normal -0.980789 -0.195073 0
    outer loop
      vertex -2.97433 -0.391578 73.6414
      vertex -2.89778 -0.776457 78.21
      vertex -2.97433 -0.391578 78.21
    endloop
  endfacet
  facet normal -0.980792 -0.195058 0
    outer loop
      vertex -2.96614 -0.432759 66.3887
      vertex -2.97433 -0.391578 66.7651
      vertex -2.97433 -0.391578 33.767
    endloop
  endfacet
  facet normal -0.98081 -0.194966 -1.04394e-05
    outer loop
      vertex -2.97433 -0.391578 66.7651
      vertex -2.96614 -0.432759 66.3887
      vertex -2.96685 -0.429206 66.7393
    endloop
  endfacet
  facet normal -0.980791 -0.195064 1.1211e-07
    outer loop
      vertex -2.89778 -0.776457 65.8187
      vertex -2.97433 -0.391578 33.767
      vertex -2.96549 -0.436026 33.7398
    endloop
  endfacet
  facet normal -0.98079 -0.195069 -2.19122e-06
    outer loop
      vertex -2.91951 -0.667204 33.2422
      vertex -2.96549 -0.436026 33.7398
      vertex -2.96474 -0.439793 33.3893
    endloop
  endfacet
  facet normal -0.980787 -0.19508 -2.94869e-08
    outer loop
      vertex -2.97433 -0.391578 33.767
      vertex -2.92078 -0.660811 65.8908
      vertex -2.96614 -0.432759 66.3887
    endloop
  endfacet
  facet normal -0.980789 -0.195072 -4.228e-06
    outer loop
      vertex -2.96614 -0.432759 66.3887
      vertex -2.92078 -0.660811 65.8908
      vertex -2.92152 -0.657098 66.2415
    endloop
  endfacet
  facet normal -0.980789 -0.195073 5.81853e-09
    outer loop
      vertex -2.96549 -0.436026 33.7398
      vertex -2.91951 -0.667204 33.2422
      vertex -2.89778 -0.776457 65.8187
    endloop
  endfacet
  facet normal -0.980797 -0.19503 -1.2152e-05
    outer loop
      vertex -2.89778 -0.776457 32.8199
      vertex -2.91951 -0.667204 33.2422
      vertex -2.91879 -0.670803 32.8915
    endloop
  endfacet
  facet normal -0.980788 -0.195075 0
    outer loop
      vertex -2.91951 -0.667204 33.2422
      vertex -2.89778 -0.776457 32.8199
      vertex -2.89778 -0.776457 65.8187
    endloop
  endfacet
  facet normal -0.980791 -0.195063 1.27195e-07
    outer loop
      vertex -2.97433 -0.391578 33.767
      vertex -2.89778 -0.776457 65.8187
      vertex -2.92078 -0.660811 65.8908
    endloop
  endfacet
  facet normal 0.997859 0.0654022 0
    outer loop
      vertex 6 0 10.99
      vertex 5.94867 0.783156 0
      vertex 5.94867 0.783156 10.99
    endloop
  endfacet
  facet normal 0.997859 0.0654022 0
    outer loop
      vertex 5.94867 0.783156 0
      vertex 6 0 10.99
      vertex 6 0 0
    endloop
  endfacet
  facet normal -0.997859 0.0654022 0
    outer loop
      vertex -6 0 0
      vertex -5.94867 0.783156 11
      vertex -5.94867 0.783156 0
    endloop
  endfacet
  facet normal -0.997859 0.0654022 0
    outer loop
      vertex -5.94867 0.783156 11
      vertex -6 0 0
      vertex -6 0 11
    endloop
  endfacet
  facet normal 0.0654022 0.997859 -0
    outer loop
      vertex 0.783156 5.94867 0
      vertex 0 6 11
      vertex 0.783156 5.94867 11
    endloop
  endfacet
  facet normal 0.0654022 0.997859 0
    outer loop
      vertex 0 6 11
      vertex 0.783156 5.94867 0
      vertex 0 6 0
    endloop
  endfacet
  facet normal -0.0654022 -0.997859 0
    outer loop
      vertex -0.783156 -5.94867 0
      vertex 0 -6 11
      vertex -0.783156 -5.94867 11
    endloop
  endfacet
  facet normal -0.0654022 -0.997859 -0
    outer loop
      vertex 0 -6 11
      vertex -0.783156 -5.94867 0
      vertex 0 -6 0
    endloop
  endfacet
  facet normal 0.751838 0.659348 0
    outer loop
      vertex 4.76012 3.65257 11
      vertex 4.24264 4.24264 0
      vertex 4.24264 4.24264 11
    endloop
  endfacet
  facet normal 0.751838 0.659348 0
    outer loop
      vertex 4.24264 4.24264 0
      vertex 4.76012 3.65257 11
      vertex 4.76012 3.65257 0
    endloop
  endfacet
  facet normal -0.659348 0.751838 0
    outer loop
      vertex -3.65257 4.76012 0
      vertex -4.24264 4.24264 11
      vertex -3.65257 4.76012 11
    endloop
  endfacet
  facet normal -0.659348 0.751838 0
    outer loop
      vertex -4.24264 4.24264 11
      vertex -3.65257 4.76012 0
      vertex -4.24264 4.24264 0
    endloop
  endfacet
  facet normal -0.321429 0.946934 0
    outer loop
      vertex -1.55291 5.79555 0
      vertex -2.2961 5.54328 11
      vertex -1.55291 5.79555 11
    endloop
  endfacet
  facet normal -0.321429 0.946934 0
    outer loop
      vertex -2.2961 5.54328 11
      vertex -1.55291 5.79555 0
      vertex -2.2961 5.54328 0
    endloop
  endfacet
  facet normal 0.89687 0.442294 0
    outer loop
      vertex 5.54328 2.2961 11
      vertex 5.19615 3 0
      vertex 5.19615 3 11
    endloop
  endfacet
  facet normal 0.89687 0.442294 0
    outer loop
      vertex 5.19615 3 0
      vertex 5.54328 2.2961 11
      vertex 5.54328 2.2961 0
    endloop
  endfacet
  facet normal 0.831472 0.555567 0
    outer loop
      vertex 5.19615 3 11
      vertex 4.76012 3.65257 0
      vertex 4.76012 3.65257 11
    endloop
  endfacet
  facet normal 0.831472 0.555567 0
    outer loop
      vertex 4.76012 3.65257 0
      vertex 5.19615 3 11
      vertex 5.19615 3 0
    endloop
  endfacet
  facet normal 0.442294 0.89687 -0
    outer loop
      vertex 3 5.19615 0
      vertex 2.2961 5.54328 11
      vertex 3 5.19615 11
    endloop
  endfacet
  facet normal 0.442294 0.89687 0
    outer loop
      vertex 2.2961 5.54328 11
      vertex 3 5.19615 0
      vertex 2.2961 5.54328 0
    endloop
  endfacet
  facet normal 0.321429 0.946934 -0
    outer loop
      vertex 2.2961 5.54328 0
      vertex 1.55291 5.79555 11
      vertex 2.2961 5.54328 11
    endloop
  endfacet
  facet normal 0.321429 0.946934 0
    outer loop
      vertex 1.55291 5.79555 11
      vertex 2.2961 5.54328 0
      vertex 1.55291 5.79555 0
    endloop
  endfacet
  facet normal 0.555567 0.831472 -0
    outer loop
      vertex 3.65257 4.76012 0
      vertex 3 5.19615 11
      vertex 3.65257 4.76012 11
    endloop
  endfacet
  facet normal 0.555567 0.831472 0
    outer loop
      vertex 3 5.19615 11
      vertex 3.65257 4.76012 0
      vertex 3 5.19615 0
    endloop
  endfacet
  facet normal -0.89687 0.442294 0
    outer loop
      vertex -5.54328 2.2961 0
      vertex -5.19615 3 11
      vertex -5.19615 3 0
    endloop
  endfacet
  facet normal -0.89687 0.442294 0
    outer loop
      vertex -5.19615 3 11
      vertex -5.54328 2.2961 0
      vertex -5.54328 2.2961 11
    endloop
  endfacet
  facet normal -0.831472 0.555567 0
    outer loop
      vertex -5.19615 3 0
      vertex -4.76012 3.65257 11
      vertex -4.76012 3.65257 0
    endloop
  endfacet
  facet normal -0.831472 0.555567 0
    outer loop
      vertex -4.76012 3.65257 11
      vertex -5.19615 3 0
      vertex -5.19615 3 11
    endloop
  endfacet
  facet normal -0.946934 0.321429 0
    outer loop
      vertex -5.79555 1.55291 0
      vertex -5.54328 2.2961 11
      vertex -5.54328 2.2961 0
    endloop
  endfacet
  facet normal -0.946934 0.321429 0
    outer loop
      vertex -5.54328 2.2961 11
      vertex -5.79555 1.55291 0
      vertex -5.79555 1.55291 11
    endloop
  endfacet
  facet normal -0.442294 0.89687 0
    outer loop
      vertex -2.2961 5.54328 0
      vertex -3 5.19615 11
      vertex -2.2961 5.54328 11
    endloop
  endfacet
  facet normal -0.442294 0.89687 0
    outer loop
      vertex -3 5.19615 11
      vertex -2.2961 5.54328 0
      vertex -3 5.19615 0
    endloop
  endfacet
  facet normal -0.195098 0.980784 0
    outer loop
      vertex -0.783156 5.94867 0
      vertex -1.55291 5.79555 11
      vertex -0.783156 5.94867 11
    endloop
  endfacet
  facet normal -0.195098 0.980784 0
    outer loop
      vertex -1.55291 5.79555 11
      vertex -0.783156 5.94867 0
      vertex -1.55291 5.79555 0
    endloop
  endfacet
  facet normal 0.659348 -0.751838 0
    outer loop
      vertex 3.65257 -4.76012 0
      vertex 4.24264 -4.24264 11
      vertex 3.65257 -4.76012 11
    endloop
  endfacet
  facet normal 0.659348 -0.751838 0
    outer loop
      vertex 4.24264 -4.24264 11
      vertex 3.65257 -4.76012 0
      vertex 4.24264 -4.24264 0
    endloop
  endfacet
  facet normal 0.442294 -0.89687 0
    outer loop
      vertex 2.2961 -5.54328 0
      vertex 3 -5.19615 11
      vertex 2.2961 -5.54328 11
    endloop
  endfacet
  facet normal 0.442294 -0.89687 0
    outer loop
      vertex 3 -5.19615 11
      vertex 2.2961 -5.54328 0
      vertex 3 -5.19615 0
    endloop
  endfacet
  facet normal 0.946934 -0.321429 0
    outer loop
      vertex 5.54328 -2.2961 11
      vertex 5.79555 -1.55291 0
      vertex 5.79555 -1.55291 11
    endloop
  endfacet
  facet normal 0.946934 -0.321429 0
    outer loop
      vertex 5.79555 -1.55291 0
      vertex 5.54328 -2.2961 11
      vertex 5.54328 -2.2961 0
    endloop
  endfacet
  facet normal -0.442294 -0.89687 0
    outer loop
      vertex -3 -5.19615 0
      vertex -2.2961 -5.54328 11
      vertex -3 -5.19615 11
    endloop
  endfacet
  facet normal -0.442294 -0.89687 -0
    outer loop
      vertex -2.2961 -5.54328 11
      vertex -3 -5.19615 0
      vertex -2.2961 -5.54328 0
    endloop
  endfacet
  facet normal -0.321429 -0.946934 0
    outer loop
      vertex -2.2961 -5.54328 0
      vertex -1.55291 -5.79555 11
      vertex -2.2961 -5.54328 11
    endloop
  endfacet
  facet normal -0.321429 -0.946934 -0
    outer loop
      vertex -1.55291 -5.79555 11
      vertex -2.2961 -5.54328 0
      vertex -1.55291 -5.79555 0
    endloop
  endfacet
  facet normal -0.89687 -0.442294 0
    outer loop
      vertex -5.19615 -3 0
      vertex -5.54328 -2.2961 11
      vertex -5.54328 -2.2961 0
    endloop
  endfacet
  facet normal -0.89687 -0.442294 0
    outer loop
      vertex -5.54328 -2.2961 11
      vertex -5.19615 -3 0
      vertex -5.19615 -3 11
    endloop
  endfacet
  facet normal -0.831472 -0.555567 0
    outer loop
      vertex -4.76012 -3.65257 0
      vertex -5.19615 -3 11
      vertex -5.19615 -3 0
    endloop
  endfacet
  facet normal -0.831472 -0.555567 0
    outer loop
      vertex -5.19615 -3 11
      vertex -4.76012 -3.65257 0
      vertex -4.76012 -3.65257 11
    endloop
  endfacet
  facet normal 0 0 -1
    outer loop
      vertex 1.64999 -1.37236 0
      vertex 6 0 0
      vertex 5.94867 -0.783156 0
    endloop
  endfacet
  facet normal 0 0 -1
    outer loop
      vertex 1.64999 -1.37236 0
      vertex 5.94867 -0.783156 0
      vertex 5.79555 -1.55291 0
    endloop
  endfacet
  facet normal 0 0 -1
    outer loop
      vertex 1.64999 1.37236 0
      vertex 6 0 0
      vertex 1.64999 -1.37236 0
    endloop
  endfacet
  facet normal 0 0 -1
    outer loop
      vertex 1.64999 -1.37236 0
      vertex 5.79555 -1.55291 0
      vertex 5.54328 -2.2961 0
    endloop
  endfacet
  facet normal 0 0 -1
    outer loop
      vertex 6 0 0
      vertex 1.64999 1.37236 0
      vertex 5.94867 0.783156 0
    endloop
  endfacet
  facet normal 0 0 -1
    outer loop
      vertex 1.64999 -1.37236 0
      vertex 5.54328 -2.2961 0
      vertex 5.19615 -3 0
    endloop
  endfacet
  facet normal 0 0 -1
    outer loop
      vertex 5.94867 0.783156 0
      vertex 1.64999 1.37236 0
      vertex 5.79555 1.55291 0
    endloop
  endfacet
  facet normal 0 0 -1
    outer loop
      vertex 1.64999 -1.37236 0
      vertex 5.19615 -3 0
      vertex 4.76012 -3.65257 0
    endloop
  endfacet
  facet normal -0 0 -1
    outer loop
      vertex 5.79555 1.55291 0
      vertex 1.64999 1.37236 0
      vertex 5.54328 2.2961 0
    endloop
  endfacet
  facet normal 0 0 -1
    outer loop
      vertex 1.64999 -1.37236 0
      vertex 4.76012 -3.65257 0
      vertex 4.24264 -4.24264 0
    endloop
  endfacet
  facet normal -0 0 -1
    outer loop
      vertex 5.54328 2.2961 0
      vertex 1.64999 1.37236 0
      vertex 5.19615 3 0
    endloop
  endfacet
  facet normal 0 0 -1
    outer loop
      vertex 1.52028 -1.52028 0
      vertex 4.24264 -4.24264 0
      vertex 3.65257 -4.76012 0
    endloop
  endfacet
  facet normal -0 0 -1
    outer loop
      vertex 5.19615 3 0
      vertex 1.64999 1.37236 0
      vertex 4.76012 3.65257 0
    endloop
  endfacet
  facet normal 0 0 -1
    outer loop
      vertex 1.30882 -1.7057 0
      vertex 3.65257 -4.76012 0
      vertex 3 -5.19615 0
    endloop
  endfacet
  facet normal -0 0 -1
    outer loop
      vertex 4.76012 3.65257 0
      vertex 1.64999 1.37236 0
      vertex 4.24264 4.24264 0
    endloop
  endfacet
  facet normal 0 0 -1
    outer loop
      vertex 1.075 -1.86195 0
      vertex 3 -5.19615 0
      vertex 2.2961 -5.54328 0
    endloop
  endfacet
  facet normal 0 0 -1
    outer loop
      vertex 1.52028 1.52028 0
      vertex 4.24264 4.24264 0
      vertex 1.64999 1.37236 0
    endloop
  endfacet
  facet normal -0 0 -1
    outer loop
      vertex 4.24264 4.24264 0
      vertex 1.52028 1.52028 0
      vertex 3.65257 4.76012 0
    endloop
  endfacet
  facet normal 0 0 -1
    outer loop
      vertex 0.822769 -1.98633 0
      vertex 2.2961 -5.54328 0
      vertex 1.55291 -5.79555 0
    endloop
  endfacet
  facet normal 0 0 -1
    outer loop
      vertex 4.24264 -4.24264 0
      vertex 1.52028 -1.52028 0
      vertex 1.64999 -1.37236 0
    endloop
  endfacet
  facet normal 0 0 -1
    outer loop
      vertex 3.65257 -4.76012 0
      vertex 1.30882 -1.7057 0
      vertex 1.52028 -1.52028 0
    endloop
  endfacet
  facet normal 0 0 -1
    outer loop
      vertex 3 -5.19615 0
      vertex 1.075 -1.86195 0
      vertex 1.30882 -1.7057 0
    endloop
  endfacet
  facet normal 0 0 -1
    outer loop
      vertex 2.2961 -5.54328 0
      vertex 0.822769 -1.98633 0
      vertex 1.075 -1.86195 0
    endloop
  endfacet
  facet normal 0 0 -1
    outer loop
      vertex 0.556458 -2.07674 0
      vertex 1.55291 -5.79555 0
      vertex 0.783156 -5.94867 0
    endloop
  endfacet
  facet normal 0 0 -1
    outer loop
      vertex 1.55291 -5.79555 0
      vertex 0.556458 -2.07674 0
      vertex 0.822769 -1.98633 0
    endloop
  endfacet
  facet normal 0 0 -1
    outer loop
      vertex 0.783156 -5.94867 0
      vertex 0.280624 -2.13159 0
      vertex 0.556458 -2.07674 0
    endloop
  endfacet
  facet normal 0 0 -1
    outer loop
      vertex 0 -6 0
      vertex 0.280624 -2.13159 0
      vertex 0.783156 -5.94867 0
    endloop
  endfacet
  facet normal 0 0 -1
    outer loop
      vertex 0 -6 0
      vertex 0 -2.14999 0
      vertex 0.280624 -2.13159 0
    endloop
  endfacet
  facet normal 0 0 -1
    outer loop
      vertex 0 -6 0
      vertex -0.280624 -2.13159 0
      vertex 0 -2.14999 0
    endloop
  endfacet
  facet normal 0 0 -1
    outer loop
      vertex -0.783156 -5.94867 0
      vertex -0.280624 -2.13159 0
      vertex 0 -6 0
    endloop
  endfacet
  facet normal -0 0 -1
    outer loop
      vertex -0.280624 -2.13159 0
      vertex -0.783156 -5.94867 0
      vertex -0.556458 -2.07674 0
    endloop
  endfacet
  facet normal 0 0 -1
    outer loop
      vertex -1.55291 -5.79555 0
      vertex -0.556458 -2.07674 0
      vertex -0.783156 -5.94867 0
    endloop
  endfacet
  facet normal -0 0 -1
    outer loop
      vertex -0.556458 -2.07674 0
      vertex -1.55291 -5.79555 0
      vertex -0.822769 -1.98633 0
    endloop
  endfacet
  facet normal 0 0 -1
    outer loop
      vertex -2.2961 -5.54328 0
      vertex -0.822769 -1.98633 0
      vertex -1.55291 -5.79555 0
    endloop
  endfacet
  facet normal -0 0 -1
    outer loop
      vertex -0.822769 -1.98633 0
      vertex -2.2961 -5.54328 0
      vertex -1.075 -1.86195 0
    endloop
  endfacet
  facet normal 0 0 -1
    outer loop
      vertex -3 -5.19615 0
      vertex -1.075 -1.86195 0
      vertex -2.2961 -5.54328 0
    endloop
  endfacet
  facet normal -0 0 -1
    outer loop
      vertex -1.075 -1.86195 0
      vertex -3 -5.19615 0
      vertex -1.30882 -1.7057 0
    endloop
  endfacet
  facet normal 0 0 -1
    outer loop
      vertex -3.65257 -4.76012 0
      vertex -1.30882 -1.7057 0
      vertex -3 -5.19615 0
    endloop
  endfacet
  facet normal -0 0 -1
    outer loop
      vertex -1.30882 -1.7057 0
      vertex -3.65257 -4.76012 0
      vertex -1.52028 -1.52028 0
    endloop
  endfacet
  facet normal 0 0 -1
    outer loop
      vertex -4.24264 -4.24264 0
      vertex -1.52028 -1.52028 0
      vertex -3.65257 -4.76012 0
    endloop
  endfacet
  facet normal -0 0 -1
    outer loop
      vertex -1.52028 -1.52028 0
      vertex -4.24264 -4.24264 0
      vertex -1.7057 -1.30882 0
    endloop
  endfacet
  facet normal -0 0 -1
    outer loop
      vertex -1.7057 -1.30882 0
      vertex -4.76012 -3.65257 0
      vertex -1.86195 -1.075 0
    endloop
  endfacet
  facet normal 0 0 -1
    outer loop
      vertex -4.76012 -3.65257 0
      vertex -1.7057 -1.30882 0
      vertex -4.24264 -4.24264 0
    endloop
  endfacet
  facet normal 0 0 -1
    outer loop
      vertex 1.30882 1.7057 0
      vertex 3.65257 4.76012 0
      vertex 1.52028 1.52028 0
    endloop
  endfacet
  facet normal -0 0 -1
    outer loop
      vertex 3.65257 4.76012 0
      vertex 1.30882 1.7057 0
      vertex 3 5.19615 0
    endloop
  endfacet
  facet normal 0 0 -1
    outer loop
      vertex 1.075 1.86195 0
      vertex 3 5.19615 0
      vertex 1.30882 1.7057 0
    endloop
  endfacet
  facet normal -0 0 -1
    outer loop
      vertex 3 5.19615 0
      vertex 1.075 1.86195 0
      vertex 2.2961 5.54328 0
    endloop
  endfacet
  facet normal 0 0 -1
    outer loop
      vertex 0.822769 1.98633 0
      vertex 2.2961 5.54328 0
      vertex 1.075 1.86195 0
    endloop
  endfacet
  facet normal -0 0 -1
    outer loop
      vertex 2.2961 5.54328 0
      vertex 0.822769 1.98633 0
      vertex 1.55291 5.79555 0
    endloop
  endfacet
  facet normal 0 0 -1
    outer loop
      vertex 0.556458 2.07674 0
      vertex 1.55291 5.79555 0
      vertex 0.822769 1.98633 0
    endloop
  endfacet
  facet normal -0 0 -1
    outer loop
      vertex 1.55291 5.79555 0
      vertex 0.556458 2.07674 0
      vertex 0.783156 5.94867 0
    endloop
  endfacet
  facet normal 0 0 -1
    outer loop
      vertex 0.280624 2.13159 0
      vertex 0.783156 5.94867 0
      vertex 0.556458 2.07674 0
    endloop
  endfacet
  facet normal 0 0 -1
    outer loop
      vertex 0 2.14999 0
      vertex 0.783156 5.94867 0
      vertex 0.280624 2.13159 0
    endloop
  endfacet
  facet normal 0 0 -1
    outer loop
      vertex 0 2.14999 0
      vertex 0 6 0
      vertex 0.783156 5.94867 0
    endloop
  endfacet
  facet normal 0 0 -1
    outer loop
      vertex -0.280624 2.13159 0
      vertex 0 6 0
      vertex 0 2.14999 0
    endloop
  endfacet
  facet normal 0 0 -1
    outer loop
      vertex -0.783156 5.94867 0
      vertex -0.280624 2.13159 0
      vertex -0.556458 2.07674 0
    endloop
  endfacet
  facet normal 0 0 -1
    outer loop
      vertex -0.280624 2.13159 0
      vertex -0.783156 5.94867 0
      vertex 0 6 0
    endloop
  endfacet
  facet normal 0 0 -1
    outer loop
      vertex -1.55291 5.79555 0
      vertex -0.556458 2.07674 0
      vertex -0.822769 1.98633 0
    endloop
  endfacet
  facet normal 0 0 -1
    outer loop
      vertex -2.2961 5.54328 0
      vertex -0.822769 1.98633 0
      vertex -1.075 1.86195 0
    endloop
  endfacet
  facet normal 0 0 -1
    outer loop
      vertex -3 5.19615 0
      vertex -1.075 1.86195 0
      vertex -1.30882 1.7057 0
    endloop
  endfacet
  facet normal 0 0 -1
    outer loop
      vertex -3.65257 4.76012 0
      vertex -1.30882 1.7057 0
      vertex -1.52028 1.52028 0
    endloop
  endfacet
  facet normal 0 0 -1
    outer loop
      vertex -0.556458 2.07674 0
      vertex -1.55291 5.79555 0
      vertex -0.783156 5.94867 0
    endloop
  endfacet
  facet normal 0 0 -1
    outer loop
      vertex -4.24264 4.24264 0
      vertex -1.52028 1.52028 0
      vertex -1.7057 1.30882 0
    endloop
  endfacet
  facet normal 0 0 -1
    outer loop
      vertex -4.76012 3.65257 0
      vertex -1.7057 1.30882 0
      vertex -1.86195 1.075 0
    endloop
  endfacet
  facet normal 0 0 -1
    outer loop
      vertex -5.19615 3 0
      vertex -1.86195 1.075 0
      vertex -1.98633 0.822769 0
    endloop
  endfacet
  facet normal 0 0 -1
    outer loop
      vertex -5.54328 2.2961 0
      vertex -1.98633 0.822769 0
      vertex -2.07674 0.556458 0
    endloop
  endfacet
  facet normal 0 0 -1
    outer loop
      vertex -5.79555 1.55291 0
      vertex -2.07674 0.556458 0
      vertex -2.13159 0.280624 0
    endloop
  endfacet
  facet normal 0 0 -1
    outer loop
      vertex -0.822769 1.98633 0
      vertex -2.2961 5.54328 0
      vertex -1.55291 5.79555 0
    endloop
  endfacet
  facet normal 0 0 -1
    outer loop
      vertex -5.94867 0.783156 0
      vertex -2.13159 0.280624 0
      vertex -2.14999 0 0
    endloop
  endfacet
  facet normal 0 0 -1
    outer loop
      vertex -5.19615 -3 0
      vertex -1.86195 -1.075 0
      vertex -4.76012 -3.65257 0
    endloop
  endfacet
  facet normal -0 0 -1
    outer loop
      vertex -1.86195 -1.075 0
      vertex -5.19615 -3 0
      vertex -1.98633 -0.822769 0
    endloop
  endfacet
  facet normal 0 0 -1
    outer loop
      vertex -1.075 1.86195 0
      vertex -3 5.19615 0
      vertex -2.2961 5.54328 0
    endloop
  endfacet
  facet normal 0 0 -1
    outer loop
      vertex -5.54328 -2.2961 0
      vertex -1.98633 -0.822769 0
      vertex -5.19615 -3 0
    endloop
  endfacet
  facet normal 0 0 -1
    outer loop
      vertex -1.30882 1.7057 0
      vertex -3.65257 4.76012 0
      vertex -3 5.19615 0
    endloop
  endfacet
  facet normal -0 0 -1
    outer loop
      vertex -1.98633 -0.822769 0
      vertex -5.54328 -2.2961 0
      vertex -2.07674 -0.556458 0
    endloop
  endfacet
  facet normal 0 0 -1
    outer loop
      vertex -1.52028 1.52028 0
      vertex -4.24264 4.24264 0
      vertex -3.65257 4.76012 0
    endloop
  endfacet
  facet normal 0 0 -1
    outer loop
      vertex -5.79555 -1.55291 0
      vertex -2.07674 -0.556458 0
      vertex -5.54328 -2.2961 0
    endloop
  endfacet
  facet normal 0 0 -1
    outer loop
      vertex -1.7057 1.30882 0
      vertex -4.76012 3.65257 0
      vertex -4.24264 4.24264 0
    endloop
  endfacet
  facet normal -0 0 -1
    outer loop
      vertex -2.07674 -0.556458 0
      vertex -5.79555 -1.55291 0
      vertex -2.13159 -0.280624 0
    endloop
  endfacet
  facet normal 0 0 -1
    outer loop
      vertex -1.86195 1.075 0
      vertex -5.19615 3 0
      vertex -4.76012 3.65257 0
    endloop
  endfacet
  facet normal 0 0 -1
    outer loop
      vertex -5.94867 -0.783156 0
      vertex -2.13159 -0.280624 0
      vertex -5.79555 -1.55291 0
    endloop
  endfacet
  facet normal 0 0 -1
    outer loop
      vertex -1.98633 0.822769 0
      vertex -5.54328 2.2961 0
      vertex -5.19615 3 0
    endloop
  endfacet
  facet normal -0 0 -1
    outer loop
      vertex -2.13159 -0.280624 0
      vertex -5.94867 -0.783156 0
      vertex -2.14999 0 0
    endloop
  endfacet
  facet normal 0 0 -1
    outer loop
      vertex -2.07674 0.556458 0
      vertex -5.79555 1.55291 0
      vertex -5.54328 2.2961 0
    endloop
  endfacet
  facet normal 0 0 -1
    outer loop
      vertex -6 0 0
      vertex -2.14999 0 0
      vertex -5.94867 -0.783156 0
    endloop
  endfacet
  facet normal 0 0 -1
    outer loop
      vertex -2.13159 0.280624 0
      vertex -5.94867 0.783156 0
      vertex -5.79555 1.55291 0
    endloop
  endfacet
  facet normal 0 0 -1
    outer loop
      vertex -2.14999 0 0
      vertex -6 0 0
      vertex -5.94867 0.783156 0
    endloop
  endfacet
  facet normal 0.946934 0.321429 0
    outer loop
      vertex 5.79555 1.55291 11
      vertex 5.54328 2.2961 0
      vertex 5.54328 2.2961 11
    endloop
  endfacet
  facet normal 0.946934 0.321429 0
    outer loop
      vertex 5.54328 2.2961 0
      vertex 5.79555 1.55291 11
      vertex 5.79555 1.55291 0
    endloop
  endfacet
  facet normal 0.980766 0.195189 0
    outer loop
      vertex 5.79555 1.55291 11
      vertex 5.80608 1.5 10.99
      vertex 5.79555 1.55291 0
    endloop
  endfacet
  facet normal 0.980758 0.195226 -0.000204479
    outer loop
      vertex 5.80608 1.5 10.99
      vertex 5.79555 1.55291 11
      vertex 5.8061 1.49991 11
    endloop
  endfacet
  facet normal 0.980785 0.195091 -4.89317e-07
    outer loop
      vertex 5.94867 0.783156 10.99
      vertex 5.79555 1.55291 0
      vertex 5.80608 1.5 10.99
    endloop
  endfacet
  facet normal 0.980784 0.195098 0
    outer loop
      vertex 5.79555 1.55291 0
      vertex 5.94867 0.783156 10.99
      vertex 5.94867 0.783156 0
    endloop
  endfacet
  facet normal 0.195098 0.980784 -0
    outer loop
      vertex 1.55291 5.79555 0
      vertex 0.783156 5.94867 11
      vertex 1.55291 5.79555 11
    endloop
  endfacet
  facet normal 0.195098 0.980784 0
    outer loop
      vertex 0.783156 5.94867 11
      vertex 1.55291 5.79555 0
      vertex 0.783156 5.94867 0
    endloop
  endfacet
  facet normal 0.659348 0.751838 -0
    outer loop
      vertex 4.24264 4.24264 0
      vertex 3.65257 4.76012 11
      vertex 4.24264 4.24264 11
    endloop
  endfacet
  facet normal 0.659348 0.751838 0
    outer loop
      vertex 3.65257 4.76012 11
      vertex 4.24264 4.24264 0
      vertex 3.65257 4.76012 0
    endloop
  endfacet
  facet normal -0.980784 0.195098 0
    outer loop
      vertex -5.94867 0.783156 0
      vertex -5.79555 1.55291 11
      vertex -5.79555 1.55291 0
    endloop
  endfacet
  facet normal -0.980784 0.195098 0
    outer loop
      vertex -5.79555 1.55291 11
      vertex -5.94867 0.783156 0
      vertex -5.94867 0.783156 11
    endloop
  endfacet
  facet normal 0 0 1
    outer loop
      vertex 2.59812 1.49991 11
      vertex 5.79555 1.55291 11
      vertex 5.54328 2.2961 11
    endloop
  endfacet
  facet normal 0 0 1
    outer loop
      vertex 2.59812 1.49991 11
      vertex 5.54328 2.2961 11
      vertex 5.19615 3 11
    endloop
  endfacet
  facet normal 0 0 1
    outer loop
      vertex 2.59808 1.5 11
      vertex 5.19615 3 11
      vertex 4.76012 3.65257 11
    endloop
  endfacet
  facet normal 0 0 1
    outer loop
      vertex 2.38006 1.82628 11
      vertex 4.76012 3.65257 11
      vertex 4.24264 4.24264 11
    endloop
  endfacet
  facet normal 0 0 1
    outer loop
      vertex 2.12132 2.12132 11
      vertex 4.24264 4.24264 11
      vertex 3.65257 4.76012 11
    endloop
  endfacet
  facet normal 0 0 1
    outer loop
      vertex 1.82628 2.38006 11
      vertex 3.65257 4.76012 11
      vertex 3 5.19615 11
    endloop
  endfacet
  facet normal 0 0 1
    outer loop
      vertex 4.76012 3.65257 11
      vertex 2.38006 1.82628 11
      vertex 2.59808 1.5 11
    endloop
  endfacet
  facet normal 0 0 1
    outer loop
      vertex 5.79555 1.55291 11
      vertex 2.59812 1.49991 11
      vertex 5.8061 1.49991 11
    endloop
  endfacet
  facet normal 0 0 1
    outer loop
      vertex 5.19615 3 11
      vertex 2.59808 1.5 11
      vertex 2.59812 1.49991 11
    endloop
  endfacet
  facet normal 0 0 1
    outer loop
      vertex 1.5 2.59808 11
      vertex 3 5.19615 11
      vertex 2.2961 5.54328 11
    endloop
  endfacet
  facet normal 0 0 1
    outer loop
      vertex 4.24264 4.24264 11
      vertex 2.12132 2.12132 11
      vertex 2.38006 1.82628 11
    endloop
  endfacet
  facet normal 0 0 1
    outer loop
      vertex 3.65257 4.76012 11
      vertex 1.82628 2.38006 11
      vertex 2.12132 2.12132 11
    endloop
  endfacet
  facet normal 0 0 1
    outer loop
      vertex 1.14805 2.77164 11
      vertex 2.2961 5.54328 11
      vertex 1.55291 5.79555 11
    endloop
  endfacet
  facet normal 0 0 1
    outer loop
      vertex 3 5.19615 11
      vertex 1.5 2.59808 11
      vertex 1.82628 2.38006 11
    endloop
  endfacet
  facet normal 0 0 1
    outer loop
      vertex 2.2961 5.54328 11
      vertex 1.14805 2.77164 11
      vertex 1.5 2.59808 11
    endloop
  endfacet
  facet normal 0 0 1
    outer loop
      vertex 0.776457 2.89778 11
      vertex 1.55291 5.79555 11
      vertex 0.783156 5.94867 11
    endloop
  endfacet
  facet normal 0 0 1
    outer loop
      vertex 1.55291 5.79555 11
      vertex 0.776457 2.89778 11
      vertex 1.14805 2.77164 11
    endloop
  endfacet
  facet normal 0 0 1
    outer loop
      vertex 0.783156 5.94867 11
      vertex 0.391578 2.97433 11
      vertex 0.776457 2.89778 11
    endloop
  endfacet
  facet normal 0 0 1
    outer loop
      vertex 0 6 11
      vertex 0.391578 2.97433 11
      vertex 0.783156 5.94867 11
    endloop
  endfacet
  facet normal 0 0 1
    outer loop
      vertex 0 6 11
      vertex 0 3 11
      vertex 0.391578 2.97433 11
    endloop
  endfacet
  facet normal 0 0 1
    outer loop
      vertex 0 6 11
      vertex -0.391578 2.97433 11
      vertex 0 3 11
    endloop
  endfacet
  facet normal -0 0 1
    outer loop
      vertex -0.783156 5.94867 11
      vertex -0.391578 2.97433 11
      vertex 0 6 11
    endloop
  endfacet
  facet normal 0 0 1
    outer loop
      vertex -0.391578 2.97433 11
      vertex -0.783156 5.94867 11
      vertex -0.776457 2.89778 11
    endloop
  endfacet
  facet normal -0 0 1
    outer loop
      vertex -1.55291 5.79555 11
      vertex -0.776457 2.89778 11
      vertex -0.783156 5.94867 11
    endloop
  endfacet
  facet normal 0 0 1
    outer loop
      vertex -0.776457 2.89778 11
      vertex -1.55291 5.79555 11
      vertex -1.14805 2.77164 11
    endloop
  endfacet
  facet normal -0 0 1
    outer loop
      vertex -2.2961 5.54328 11
      vertex -1.14805 2.77164 11
      vertex -1.55291 5.79555 11
    endloop
  endfacet
  facet normal 0 0 1
    outer loop
      vertex -1.14805 2.77164 11
      vertex -2.2961 5.54328 11
      vertex -1.5 2.59808 11
    endloop
  endfacet
  facet normal -0 0 1
    outer loop
      vertex -3 5.19615 11
      vertex -1.5 2.59808 11
      vertex -2.2961 5.54328 11
    endloop
  endfacet
  facet normal 0 0 1
    outer loop
      vertex -1.5 2.59808 11
      vertex -3 5.19615 11
      vertex -1.82628 2.38006 11
    endloop
  endfacet
  facet normal -0 0 1
    outer loop
      vertex -3.65257 4.76012 11
      vertex -1.82628 2.38006 11
      vertex -3 5.19615 11
    endloop
  endfacet
  facet normal 0 0 1
    outer loop
      vertex -1.82628 2.38006 11
      vertex -3.65257 4.76012 11
      vertex -2.12132 2.12132 11
    endloop
  endfacet
  facet normal -0 0 1
    outer loop
      vertex -4.24264 4.24264 11
      vertex -2.12132 2.12132 11
      vertex -3.65257 4.76012 11
    endloop
  endfacet
  facet normal 0 0 1
    outer loop
      vertex -2.12132 2.12132 11
      vertex -4.24264 4.24264 11
      vertex -2.38006 1.82628 11
    endloop
  endfacet
  facet normal -0 0 1
    outer loop
      vertex -4.76012 3.65257 11
      vertex -2.38006 1.82628 11
      vertex -4.24264 4.24264 11
    endloop
  endfacet
  facet normal 0 0 1
    outer loop
      vertex -2.38006 1.82628 11
      vertex -4.76012 3.65257 11
      vertex -2.59808 1.5 11
    endloop
  endfacet
  facet normal -0 0 1
    outer loop
      vertex -5.19615 3 11
      vertex -2.59808 1.5 11
      vertex -4.76012 3.65257 11
    endloop
  endfacet
  facet normal 0 0 1
    outer loop
      vertex -2.59808 1.5 11
      vertex -5.19615 3 11
      vertex -2.77164 1.14805 11
    endloop
  endfacet
  facet normal -0 0 1
    outer loop
      vertex -5.54328 2.2961 11
      vertex -2.77164 1.14805 11
      vertex -5.19615 3 11
    endloop
  endfacet
  facet normal 0 0 1
    outer loop
      vertex -3 0 11
      vertex -3.65257 -4.76012 11
      vertex -3 -5.19615 11
    endloop
  endfacet
  facet normal 0 0 1
    outer loop
      vertex -2.77164 1.14805 11
      vertex -5.54328 2.2961 11
      vertex -2.89778 0.776457 11
    endloop
  endfacet
  facet normal 0 0 1
    outer loop
      vertex -3 0 11
      vertex -4.24264 -4.24264 11
      vertex -3.65257 -4.76012 11
    endloop
  endfacet
  facet normal -0 0 1
    outer loop
      vertex -5.79555 1.55291 11
      vertex -2.89778 0.776457 11
      vertex -5.54328 2.2961 11
    endloop
  endfacet
  facet normal 0 0 1
    outer loop
      vertex -3 0 11
      vertex -4.76012 -3.65257 11
      vertex -4.24264 -4.24264 11
    endloop
  endfacet
  facet normal 0 0 1
    outer loop
      vertex -2.89778 0.776457 11
      vertex -5.79555 1.55291 11
      vertex -2.97433 0.391578 11
    endloop
  endfacet
  facet normal 0 0 1
    outer loop
      vertex -3 0 11
      vertex -5.19615 -3 11
      vertex -4.76012 -3.65257 11
    endloop
  endfacet
  facet normal -0 0 1
    outer loop
      vertex -5.94867 0.783156 11
      vertex -2.97433 0.391578 11
      vertex -5.79555 1.55291 11
    endloop
  endfacet
  facet normal 0 0 1
    outer loop
      vertex -3 0 11
      vertex -5.54328 -2.2961 11
      vertex -5.19615 -3 11
    endloop
  endfacet
  facet normal 0 0 1
    outer loop
      vertex -2.97433 0.391578 11
      vertex -5.94867 0.783156 11
      vertex -3 0 11
    endloop
  endfacet
  facet normal 0 0 1
    outer loop
      vertex -3 0 11
      vertex -5.79555 -1.55291 11
      vertex -5.54328 -2.2961 11
    endloop
  endfacet
  facet normal 0 0 1
    outer loop
      vertex -6 0 11
      vertex -3 0 11
      vertex -5.94867 0.783156 11
    endloop
  endfacet
  facet normal 0 0 1
    outer loop
      vertex -3 0 11
      vertex -5.94867 -0.783156 11
      vertex -5.79555 -1.55291 11
    endloop
  endfacet
  facet normal 0 0 1
    outer loop
      vertex -3 0 11
      vertex -6 0 11
      vertex -5.94867 -0.783156 11
    endloop
  endfacet
  facet normal -0 0 1
    outer loop
      vertex 2.58923 -1.51325 11
      vertex 5.79555 -1.55291 11
      vertex 5.80344 -1.51325 11
    endloop
  endfacet
  facet normal 0 0 1
    outer loop
      vertex 5.79555 -1.55291 11
      vertex 2.58923 -1.51325 11
      vertex 5.54328 -2.2961 11
    endloop
  endfacet
  facet normal 0 0 1
    outer loop
      vertex 5.54328 -2.2961 11
      vertex 2.58923 -1.51325 11
      vertex 5.19615 -3 11
    endloop
  endfacet
  facet normal 0 0 1
    outer loop
      vertex 5.19615 -3 11
      vertex 2.58923 -1.51325 11
      vertex 4.76012 -3.65257 11
    endloop
  endfacet
  facet normal -0 0 1
    outer loop
      vertex 2.38006 -1.82628 11
      vertex 4.76012 -3.65257 11
      vertex 2.58923 -1.51325 11
    endloop
  endfacet
  facet normal 0 0 1
    outer loop
      vertex 4.76012 -3.65257 11
      vertex 2.38006 -1.82628 11
      vertex 4.24264 -4.24264 11
    endloop
  endfacet
  facet normal -0 0 1
    outer loop
      vertex 2.12132 -2.12132 11
      vertex 4.24264 -4.24264 11
      vertex 2.38006 -1.82628 11
    endloop
  endfacet
  facet normal 0 0 1
    outer loop
      vertex 4.24264 -4.24264 11
      vertex 2.12132 -2.12132 11
      vertex 3.65257 -4.76012 11
    endloop
  endfacet
  facet normal -0 0 1
    outer loop
      vertex 1.82628 -2.38006 11
      vertex 3.65257 -4.76012 11
      vertex 2.12132 -2.12132 11
    endloop
  endfacet
  facet normal 0 0 1
    outer loop
      vertex 3.65257 -4.76012 11
      vertex 1.82628 -2.38006 11
      vertex 3 -5.19615 11
    endloop
  endfacet
  facet normal -0 0 1
    outer loop
      vertex 1.5 -2.59808 11
      vertex 3 -5.19615 11
      vertex 1.82628 -2.38006 11
    endloop
  endfacet
  facet normal 0 0 1
    outer loop
      vertex 3 -5.19615 11
      vertex 1.5 -2.59808 11
      vertex 2.2961 -5.54328 11
    endloop
  endfacet
  facet normal -0 0 1
    outer loop
      vertex 1.14805 -2.77164 11
      vertex 2.2961 -5.54328 11
      vertex 1.5 -2.59808 11
    endloop
  endfacet
  facet normal 0 0 1
    outer loop
      vertex 2.2961 -5.54328 11
      vertex 1.14805 -2.77164 11
      vertex 1.55291 -5.79555 11
    endloop
  endfacet
  facet normal -0 0 1
    outer loop
      vertex 0.776457 -2.89778 11
      vertex 1.55291 -5.79555 11
      vertex 1.14805 -2.77164 11
    endloop
  endfacet
  facet normal 0 0 1
    outer loop
      vertex 1.55291 -5.79555 11
      vertex 0.776457 -2.89778 11
      vertex 0.783156 -5.94867 11
    endloop
  endfacet
  facet normal -0 0 1
    outer loop
      vertex 0.391578 -2.97433 11
      vertex 0.783156 -5.94867 11
      vertex 0.776457 -2.89778 11
    endloop
  endfacet
  facet normal -0 0 1
    outer loop
      vertex 0 -3 11
      vertex 0.783156 -5.94867 11
      vertex 0.391578 -2.97433 11
    endloop
  endfacet
  facet normal 0 0 1
    outer loop
      vertex 0 -3 11
      vertex 0 -6 11
      vertex 0.783156 -5.94867 11
    endloop
  endfacet
  facet normal 0 0 1
    outer loop
      vertex -0.391578 -2.97433 11
      vertex 0 -6 11
      vertex 0 -3 11
    endloop
  endfacet
  facet normal 0 0 1
    outer loop
      vertex -0.783156 -5.94867 11
      vertex -0.391578 -2.97433 11
      vertex -0.776457 -2.89778 11
    endloop
  endfacet
  facet normal 0 0 1
    outer loop
      vertex -0.391578 -2.97433 11
      vertex -0.783156 -5.94867 11
      vertex 0 -6 11
    endloop
  endfacet
  facet normal 0 0 1
    outer loop
      vertex -1.55291 -5.79555 11
      vertex -0.776457 -2.89778 11
      vertex -1.14805 -2.77164 11
    endloop
  endfacet
  facet normal 0 0 1
    outer loop
      vertex -2.2961 -5.54328 11
      vertex -1.14805 -2.77164 11
      vertex -1.5 -2.59808 11
    endloop
  endfacet
  facet normal 0 0 1
    outer loop
      vertex -0.776457 -2.89778 11
      vertex -1.55291 -5.79555 11
      vertex -0.783156 -5.94867 11
    endloop
  endfacet
  facet normal 0 0 1
    outer loop
      vertex -3 -5.19615 11
      vertex -1.5 -2.59808 11
      vertex -1.82628 -2.38006 11
    endloop
  endfacet
  facet normal 0 0 1
    outer loop
      vertex -3 -5.19615 11
      vertex -1.82628 -2.38006 11
      vertex -2.12132 -2.12132 11
    endloop
  endfacet
  facet normal 0 0 1
    outer loop
      vertex -1.14805 -2.77164 11
      vertex -2.2961 -5.54328 11
      vertex -1.55291 -5.79555 11
    endloop
  endfacet
  facet normal 0 0 1
    outer loop
      vertex -3 -5.19615 11
      vertex -2.12132 -2.12132 11
      vertex -2.38006 -1.82628 11
    endloop
  endfacet
  facet normal 0 0 1
    outer loop
      vertex -3 -5.19615 11
      vertex -2.38006 -1.82628 11
      vertex -2.59808 -1.5 11
    endloop
  endfacet
  facet normal 0 0 1
    outer loop
      vertex -3 -5.19615 11
      vertex -2.59808 -1.5 11
      vertex -2.77164 -1.14805 11
    endloop
  endfacet
  facet normal 0 0 1
    outer loop
      vertex -3 -5.19615 11
      vertex -2.77164 -1.14805 11
      vertex -2.89778 -0.776457 11
    endloop
  endfacet
  facet normal 0 0 1
    outer loop
      vertex -3 -5.19615 11
      vertex -2.89778 -0.776457 11
      vertex -2.97433 -0.391578 11
    endloop
  endfacet
  facet normal 0 0 1
    outer loop
      vertex -1.5 -2.59808 11
      vertex -3 -5.19615 11
      vertex -2.2961 -5.54328 11
    endloop
  endfacet
  facet normal 0 0 1
    outer loop
      vertex -3 -5.19615 11
      vertex -2.97433 -0.391578 11
      vertex -3 0 11
    endloop
  endfacet
  facet normal -0.0654022 0.997859 0
    outer loop
      vertex 0 6 0
      vertex -0.783156 5.94867 11
      vertex 0 6 11
    endloop
  endfacet
  facet normal -0.0654022 0.997859 0
    outer loop
      vertex -0.783156 5.94867 11
      vertex 0 6 0
      vertex -0.783156 5.94867 0
    endloop
  endfacet
  facet normal 0.997859 -0.0654022 0
    outer loop
      vertex 5.94867 -0.783156 10.99
      vertex 6 0 0
      vertex 6 0 10.99
    endloop
  endfacet
  facet normal 0.997859 -0.0654022 0
    outer loop
      vertex 6 0 0
      vertex 5.94867 -0.783156 10.99
      vertex 5.94867 -0.783156 0
    endloop
  endfacet
  facet normal 0.0654022 -0.997859 0
    outer loop
      vertex 0 -6 0
      vertex 0.783156 -5.94867 11
      vertex 0 -6 11
    endloop
  endfacet
  facet normal 0.0654022 -0.997859 0
    outer loop
      vertex 0.783156 -5.94867 11
      vertex 0 -6 0
      vertex 0.783156 -5.94867 0
    endloop
  endfacet
  facet normal 0.321429 -0.946934 0
    outer loop
      vertex 1.55291 -5.79555 0
      vertex 2.2961 -5.54328 11
      vertex 1.55291 -5.79555 11
    endloop
  endfacet
  facet normal 0.321429 -0.946934 0
    outer loop
      vertex 2.2961 -5.54328 11
      vertex 1.55291 -5.79555 0
      vertex 2.2961 -5.54328 0
    endloop
  endfacet
  facet normal 0.555567 -0.831472 0
    outer loop
      vertex 3 -5.19615 0
      vertex 3.65257 -4.76012 11
      vertex 3 -5.19615 11
    endloop
  endfacet
  facet normal 0.555567 -0.831472 0
    outer loop
      vertex 3.65257 -4.76012 11
      vertex 3 -5.19615 0
      vertex 3.65257 -4.76012 0
    endloop
  endfacet
  facet normal 0.89687 -0.442294 0
    outer loop
      vertex 5.19615 -3 11
      vertex 5.54328 -2.2961 0
      vertex 5.54328 -2.2961 11
    endloop
  endfacet
  facet normal 0.89687 -0.442294 0
    outer loop
      vertex 5.54328 -2.2961 0
      vertex 5.19615 -3 11
      vertex 5.19615 -3 0
    endloop
  endfacet
  facet normal 0.751838 -0.659348 0
    outer loop
      vertex 4.24264 -4.24264 11
      vertex 4.76012 -3.65257 0
      vertex 4.76012 -3.65257 11
    endloop
  endfacet
  facet normal 0.751838 -0.659348 0
    outer loop
      vertex 4.76012 -3.65257 0
      vertex 4.24264 -4.24264 11
      vertex 4.24264 -4.24264 0
    endloop
  endfacet
  facet normal 0.831472 -0.555567 0
    outer loop
      vertex 4.76012 -3.65257 11
      vertex 5.19615 -3 0
      vertex 5.19615 -3 11
    endloop
  endfacet
  facet normal 0.831472 -0.555567 0
    outer loop
      vertex 5.19615 -3 0
      vertex 4.76012 -3.65257 11
      vertex 4.76012 -3.65257 0
    endloop
  endfacet
  facet normal -0.659348 -0.751838 0
    outer loop
      vertex -4.24264 -4.24264 0
      vertex -3.65257 -4.76012 11
      vertex -4.24264 -4.24264 11
    endloop
  endfacet
  facet normal -0.659348 -0.751838 -0
    outer loop
      vertex -3.65257 -4.76012 11
      vertex -4.24264 -4.24264 0
      vertex -3.65257 -4.76012 0
    endloop
  endfacet
  facet normal -0.555567 -0.831472 0
    outer loop
      vertex -3.65257 -4.76012 0
      vertex -3 -5.19615 11
      vertex -3.65257 -4.76012 11
    endloop
  endfacet
  facet normal -0.555567 -0.831472 -0
    outer loop
      vertex -3 -5.19615 11
      vertex -3.65257 -4.76012 0
      vertex -3 -5.19615 0
    endloop
  endfacet
  facet normal -0.195098 -0.980784 0
    outer loop
      vertex -1.55291 -5.79555 0
      vertex -0.783156 -5.94867 11
      vertex -1.55291 -5.79555 11
    endloop
  endfacet
  facet normal -0.195098 -0.980784 -0
    outer loop
      vertex -0.783156 -5.94867 11
      vertex -1.55291 -5.79555 0
      vertex -0.783156 -5.94867 0
    endloop
  endfacet
  facet normal -0.751838 -0.659348 0
    outer loop
      vertex -4.24264 -4.24264 0
      vertex -4.76012 -3.65257 11
      vertex -4.76012 -3.65257 0
    endloop
  endfacet
  facet normal -0.751838 -0.659348 0
    outer loop
      vertex -4.76012 -3.65257 11
      vertex -4.24264 -4.24264 0
      vertex -4.24264 -4.24264 11
    endloop
  endfacet
  facet normal -0.946934 -0.321429 0
    outer loop
      vertex -5.54328 -2.2961 0
      vertex -5.79555 -1.55291 11
      vertex -5.79555 -1.55291 0
    endloop
  endfacet
  facet normal -0.946934 -0.321429 0
    outer loop
      vertex -5.79555 -1.55291 11
      vertex -5.54328 -2.2961 0
      vertex -5.54328 -2.2961 11
    endloop
  endfacet
  facet normal -0.997859 -0.0654022 0
    outer loop
      vertex -5.94867 -0.783156 0
      vertex -6 0 11
      vertex -6 0 0
    endloop
  endfacet
  facet normal -0.997859 -0.0654022 0
    outer loop
      vertex -6 0 11
      vertex -5.94867 -0.783156 0
      vertex -5.94867 -0.783156 11
    endloop
  endfacet
  facet normal -0.751838 0.659348 0
    outer loop
      vertex -4.76012 3.65257 0
      vertex -4.24264 4.24264 11
      vertex -4.24264 4.24264 0
    endloop
  endfacet
  facet normal -0.751838 0.659348 0
    outer loop
      vertex -4.24264 4.24264 11
      vertex -4.76012 3.65257 0
      vertex -4.76012 3.65257 11
    endloop
  endfacet
  facet normal -0.555567 0.831472 0
    outer loop
      vertex -3 5.19615 0
      vertex -3.65257 4.76012 11
      vertex -3 5.19615 11
    endloop
  endfacet
  facet normal -0.555567 0.831472 0
    outer loop
      vertex -3.65257 4.76012 11
      vertex -3 5.19615 0
      vertex -3.65257 4.76012 0
    endloop
  endfacet
  facet normal 0.195098 -0.980784 0
    outer loop
      vertex 0.783156 -5.94867 0
      vertex 1.55291 -5.79555 11
      vertex 0.783156 -5.94867 11
    endloop
  endfacet
  facet normal 0.195098 -0.980784 0
    outer loop
      vertex 1.55291 -5.79555 11
      vertex 0.783156 -5.94867 0
      vertex 1.55291 -5.79555 0
    endloop
  endfacet
  facet normal 0.980785 -0.195091 0
    outer loop
      vertex 5.80608 -1.5 10.99
      vertex 5.94867 -0.783156 0
      vertex 5.94867 -0.783156 10.99
    endloop
  endfacet
  facet normal 0.98078 -0.195117 0.000395428
    outer loop
      vertex 5.79555 -1.55291 11
      vertex 5.80608 -1.5 10.99
      vertex 5.80344 -1.51325 11
    endloop
  endfacet
  facet normal 0.980766 -0.195189 0
    outer loop
      vertex 5.80608 -1.5 10.99
      vertex 5.79555 -1.55291 11
      vertex 5.79555 -1.55291 0
    endloop
  endfacet
  facet normal 0.980784 -0.195098 -4.55683e-07
    outer loop
      vertex 5.80608 -1.5 10.99
      vertex 5.79555 -1.55291 0
      vertex 5.94867 -0.783156 0
    endloop
  endfacet
  facet normal -0.980784 -0.195098 0
    outer loop
      vertex -5.79555 -1.55291 0
      vertex -5.94867 -0.783156 11
      vertex -5.94867 -0.783156 0
    endloop
  endfacet
  facet normal -0.980784 -0.195098 0
    outer loop
      vertex -5.94867 -0.783156 11
      vertex -5.79555 -1.55291 0
      vertex -5.79555 -1.55291 11
    endloop
  endfacet
  facet normal 0.997858 0.0654098 0
    outer loop
      vertex 2.5 0 80.2
      vertex 2.47861 0.326315 78.21
      vertex 2.47861 0.326315 80.2
    endloop
  endfacet
  facet normal 0.997858 0.0654098 0
    outer loop
      vertex 2.47861 0.326315 78.21
      vertex 2.5 0 80.2
      vertex 2.5 0 78.21
    endloop
  endfacet
  facet normal -0.997858 0.0654098 0
    outer loop
      vertex -2.5 0 78.21
      vertex -2.47861 0.326315 80.2
      vertex -2.47861 0.326315 78.21
    endloop
  endfacet
  facet normal -0.997858 0.0654098 0
    outer loop
      vertex -2.47861 0.326315 80.2
      vertex -2.5 0 78.21
      vertex -2.5 0 80.2
    endloop
  endfacet
  facet normal 0.0654098 0.997858 -0
    outer loop
      vertex 0.326315 2.47861 78.21
      vertex 0 2.5 80.2
      vertex 0.326315 2.47861 80.2
    endloop
  endfacet
  facet normal 0.0654098 0.997858 0
    outer loop
      vertex 0 2.5 80.2
      vertex 0.326315 2.47861 78.21
      vertex 0 2.5 78.21
    endloop
  endfacet
  facet normal 0.751858 0.659325 0
    outer loop
      vertex 1.98338 1.5219 80.2
      vertex 1.76777 1.76777 78.21
      vertex 1.76777 1.76777 80.2
    endloop
  endfacet
  facet normal 0.751858 0.659325 0
    outer loop
      vertex 1.76777 1.76777 78.21
      vertex 1.98338 1.5219 80.2
      vertex 1.98338 1.5219 78.21
    endloop
  endfacet
  facet normal -0.659325 0.751858 0
    outer loop
      vertex -1.5219 1.98338 78.21
      vertex -1.76777 1.76777 80.2
      vertex -1.5219 1.98338 80.2
    endloop
  endfacet
  facet normal -0.659325 0.751858 0
    outer loop
      vertex -1.76777 1.76777 80.2
      vertex -1.5219 1.98338 78.21
      vertex -1.76777 1.76777 78.21
    endloop
  endfacet
  facet normal -0.321424 0.946935 0
    outer loop
      vertex -0.647047 2.41481 78.21
      vertex -0.956708 2.3097 80.2
      vertex -0.647047 2.41481 80.2
    endloop
  endfacet
  facet normal -0.321424 0.946935 0
    outer loop
      vertex -0.956708 2.3097 80.2
      vertex -0.647047 2.41481 78.21
      vertex -0.956708 2.3097 78.21
    endloop
  endfacet
  facet normal -0.980784 -0.195097 0
    outer loop
      vertex -2.41481 -0.647047 78.21
      vertex -2.47861 -0.326315 80.2
      vertex -2.47861 -0.326315 78.21
    endloop
  endfacet
  facet normal -0.980784 -0.195097 0
    outer loop
      vertex -2.47861 -0.326315 80.2
      vertex -2.41481 -0.647047 78.21
      vertex -2.41481 -0.647047 80.2
    endloop
  endfacet
  facet normal 0.896867 0.442299 0
    outer loop
      vertex 2.3097 0.956708 80.2
      vertex 2.16506 1.25 78.21
      vertex 2.16506 1.25 80.2
    endloop
  endfacet
  facet normal 0.896867 0.442299 0
    outer loop
      vertex 2.16506 1.25 78.21
      vertex 2.3097 0.956708 80.2
      vertex 2.3097 0.956708 78.21
    endloop
  endfacet
  facet normal 0.980784 0.195097 0
    outer loop
      vertex 2.47861 0.326315 80.2
      vertex 2.41481 0.647047 78.21
      vertex 2.41481 0.647047 80.2
    endloop
  endfacet
  facet normal 0.980784 0.195097 0
    outer loop
      vertex 2.41481 0.647047 78.21
      vertex 2.47861 0.326315 80.2
      vertex 2.47861 0.326315 78.21
    endloop
  endfacet
  facet normal 0.831466 0.555575 0
    outer loop
      vertex 2.16506 1.25 80.2
      vertex 1.98338 1.5219 78.21
      vertex 1.98338 1.5219 80.2
    endloop
  endfacet
  facet normal 0.831466 0.555575 0
    outer loop
      vertex 1.98338 1.5219 78.21
      vertex 2.16506 1.25 80.2
      vertex 2.16506 1.25 78.21
    endloop
  endfacet
  facet normal 0.442299 0.896867 -0
    outer loop
      vertex 1.25 2.16506 78.21
      vertex 0.956708 2.3097 80.2
      vertex 1.25 2.16506 80.2
    endloop
  endfacet
  facet normal 0.442299 0.896867 0
    outer loop
      vertex 0.956708 2.3097 80.2
      vertex 1.25 2.16506 78.21
      vertex 0.956708 2.3097 78.21
    endloop
  endfacet
  facet normal 0.555575 0.831466 -0
    outer loop
      vertex 1.5219 1.98338 78.21
      vertex 1.25 2.16506 80.2
      vertex 1.5219 1.98338 80.2
    endloop
  endfacet
  facet normal 0.555575 0.831466 0
    outer loop
      vertex 1.25 2.16506 80.2
      vertex 1.5219 1.98338 78.21
      vertex 1.25 2.16506 78.21
    endloop
  endfacet
  facet normal -0.896867 0.442299 0
    outer loop
      vertex -2.3097 0.956708 78.21
      vertex -2.16506 1.25 80.2
      vertex -2.16506 1.25 78.21
    endloop
  endfacet
  facet normal -0.896867 0.442299 0
    outer loop
      vertex -2.16506 1.25 80.2
      vertex -2.3097 0.956708 78.21
      vertex -2.3097 0.956708 80.2
    endloop
  endfacet
  facet normal -0.831466 0.555575 0
    outer loop
      vertex -2.16506 1.25 78.21
      vertex -1.98338 1.5219 80.2
      vertex -1.98338 1.5219 78.21
    endloop
  endfacet
  facet normal -0.831466 0.555575 0
    outer loop
      vertex -1.98338 1.5219 80.2
      vertex -2.16506 1.25 78.21
      vertex -2.16506 1.25 80.2
    endloop
  endfacet
  facet normal 0 0 1
    outer loop
      vertex 2.47861 0.326315 80.2
      vertex 2.47861 -0.326315 80.2
      vertex 2.5 0 80.2
    endloop
  endfacet
  facet normal 0 0 1
    outer loop
      vertex 2.41481 0.647047 80.2
      vertex 2.47861 -0.326315 80.2
      vertex 2.47861 0.326315 80.2
    endloop
  endfacet
  facet normal 0 0 1
    outer loop
      vertex 2.41481 0.647047 80.2
      vertex 2.41481 -0.647047 80.2
      vertex 2.47861 -0.326315 80.2
    endloop
  endfacet
  facet normal 0 0 1
    outer loop
      vertex 2.3097 0.956708 80.2
      vertex 2.41481 -0.647047 80.2
      vertex 2.41481 0.647047 80.2
    endloop
  endfacet
  facet normal 0 0 1
    outer loop
      vertex 2.3097 0.956708 80.2
      vertex 2.3097 -0.956708 80.2
      vertex 2.41481 -0.647047 80.2
    endloop
  endfacet
  facet normal 0 0 1
    outer loop
      vertex 2.16506 1.25 80.2
      vertex 2.3097 -0.956708 80.2
      vertex 2.3097 0.956708 80.2
    endloop
  endfacet
  facet normal 0 0 1
    outer loop
      vertex 2.16506 1.25 80.2
      vertex 2.16506 -1.25 80.2
      vertex 2.3097 -0.956708 80.2
    endloop
  endfacet
  facet normal 0 0 1
    outer loop
      vertex 1.98338 1.5219 80.2
      vertex 2.16506 -1.25 80.2
      vertex 2.16506 1.25 80.2
    endloop
  endfacet
  facet normal 0 0 1
    outer loop
      vertex 1.98338 1.5219 80.2
      vertex 1.98338 -1.5219 80.2
      vertex 2.16506 -1.25 80.2
    endloop
  endfacet
  facet normal 0 0 1
    outer loop
      vertex 1.76777 1.76777 80.2
      vertex 1.98338 -1.5219 80.2
      vertex 1.98338 1.5219 80.2
    endloop
  endfacet
  facet normal 0 0 1
    outer loop
      vertex 1.76777 1.76777 80.2
      vertex 1.76777 -1.76777 80.2
      vertex 1.98338 -1.5219 80.2
    endloop
  endfacet
  facet normal 0 0 1
    outer loop
      vertex 1.5219 1.98338 80.2
      vertex 1.76777 -1.76777 80.2
      vertex 1.76777 1.76777 80.2
    endloop
  endfacet
  facet normal 0 0 1
    outer loop
      vertex 1.5219 1.98338 80.2
      vertex 1.5219 -1.98338 80.2
      vertex 1.76777 -1.76777 80.2
    endloop
  endfacet
  facet normal 0 0 1
    outer loop
      vertex 1.25 2.16506 80.2
      vertex 1.5219 -1.98338 80.2
      vertex 1.5219 1.98338 80.2
    endloop
  endfacet
  facet normal 0 0 1
    outer loop
      vertex 1.25 2.16506 80.2
      vertex 1.25 -2.16506 80.2
      vertex 1.5219 -1.98338 80.2
    endloop
  endfacet
  facet normal 0 0 1
    outer loop
      vertex 0.956708 2.3097 80.2
      vertex 1.25 -2.16506 80.2
      vertex 1.25 2.16506 80.2
    endloop
  endfacet
  facet normal 0 0 1
    outer loop
      vertex 0.956708 2.3097 80.2
      vertex 0.956708 -2.3097 80.2
      vertex 1.25 -2.16506 80.2
    endloop
  endfacet
  facet normal 0 0 1
    outer loop
      vertex 0.647047 2.41481 80.2
      vertex 0.956708 -2.3097 80.2
      vertex 0.956708 2.3097 80.2
    endloop
  endfacet
  facet normal 0 0 1
    outer loop
      vertex 0.647047 2.41481 80.2
      vertex 0.647047 -2.41481 80.2
      vertex 0.956708 -2.3097 80.2
    endloop
  endfacet
  facet normal 0 0 1
    outer loop
      vertex 0.326315 2.47861 80.2
      vertex 0.647047 -2.41481 80.2
      vertex 0.647047 2.41481 80.2
    endloop
  endfacet
  facet normal 0 0 1
    outer loop
      vertex 0.326315 2.47861 80.2
      vertex 0.326315 -2.47861 80.2
      vertex 0.647047 -2.41481 80.2
    endloop
  endfacet
  facet normal 0 0 1
    outer loop
      vertex 0 2.5 80.2
      vertex 0.326315 -2.47861 80.2
      vertex 0.326315 2.47861 80.2
    endloop
  endfacet
  facet normal 0 0 1
    outer loop
      vertex 0 2.5 80.2
      vertex 0 -2.5 80.2
      vertex 0.326315 -2.47861 80.2
    endloop
  endfacet
  facet normal -0 0 1
    outer loop
      vertex -0.326315 2.47861 80.2
      vertex 0 -2.5 80.2
      vertex 0 2.5 80.2
    endloop
  endfacet
  facet normal 0 0 1
    outer loop
      vertex -0.326315 2.47861 80.2
      vertex -0.326315 -2.47861 80.2
      vertex 0 -2.5 80.2
    endloop
  endfacet
  facet normal -0 0 1
    outer loop
      vertex -0.647047 2.41481 80.2
      vertex -0.326315 -2.47861 80.2
      vertex -0.326315 2.47861 80.2
    endloop
  endfacet
  facet normal 0 0 1
    outer loop
      vertex -0.647047 2.41481 80.2
      vertex -0.647047 -2.41481 80.2
      vertex -0.326315 -2.47861 80.2
    endloop
  endfacet
  facet normal -0 0 1
    outer loop
      vertex -0.956708 2.3097 80.2
      vertex -0.647047 -2.41481 80.2
      vertex -0.647047 2.41481 80.2
    endloop
  endfacet
  facet normal 0 0 1
    outer loop
      vertex -0.956708 2.3097 80.2
      vertex -0.956708 -2.3097 80.2
      vertex -0.647047 -2.41481 80.2
    endloop
  endfacet
  facet normal -0 0 1
    outer loop
      vertex -1.25 2.16506 80.2
      vertex -0.956708 -2.3097 80.2
      vertex -0.956708 2.3097 80.2
    endloop
  endfacet
  facet normal 0 0 1
    outer loop
      vertex -1.25 2.16506 80.2
      vertex -1.25 -2.16506 80.2
      vertex -0.956708 -2.3097 80.2
    endloop
  endfacet
  facet normal -0 0 1
    outer loop
      vertex -1.5219 1.98338 80.2
      vertex -1.25 -2.16506 80.2
      vertex -1.25 2.16506 80.2
    endloop
  endfacet
  facet normal 0 0 1
    outer loop
      vertex -1.5219 1.98338 80.2
      vertex -1.5219 -1.98338 80.2
      vertex -1.25 -2.16506 80.2
    endloop
  endfacet
  facet normal -0 0 1
    outer loop
      vertex -1.76777 1.76777 80.2
      vertex -1.5219 -1.98338 80.2
      vertex -1.5219 1.98338 80.2
    endloop
  endfacet
  facet normal 0 0 1
    outer loop
      vertex -1.76777 1.76777 80.2
      vertex -1.76777 -1.76777 80.2
      vertex -1.5219 -1.98338 80.2
    endloop
  endfacet
  facet normal -0 0 1
    outer loop
      vertex -1.98338 1.5219 80.2
      vertex -1.76777 -1.76777 80.2
      vertex -1.76777 1.76777 80.2
    endloop
  endfacet
  facet normal 0 0 1
    outer loop
      vertex -1.98338 1.5219 80.2
      vertex -1.98338 -1.5219 80.2
      vertex -1.76777 -1.76777 80.2
    endloop
  endfacet
  facet normal -0 0 1
    outer loop
      vertex -2.16506 1.25 80.2
      vertex -1.98338 -1.5219 80.2
      vertex -1.98338 1.5219 80.2
    endloop
  endfacet
  facet normal 0 0 1
    outer loop
      vertex -2.16506 1.25 80.2
      vertex -2.16506 -1.25 80.2
      vertex -1.98338 -1.5219 80.2
    endloop
  endfacet
  facet normal -0 0 1
    outer loop
      vertex -2.3097 0.956708 80.2
      vertex -2.16506 -1.25 80.2
      vertex -2.16506 1.25 80.2
    endloop
  endfacet
  facet normal 0 0 1
    outer loop
      vertex -2.3097 0.956708 80.2
      vertex -2.3097 -0.956708 80.2
      vertex -2.16506 -1.25 80.2
    endloop
  endfacet
  facet normal -0 0 1
    outer loop
      vertex -2.41481 0.647047 80.2
      vertex -2.3097 -0.956708 80.2
      vertex -2.3097 0.956708 80.2
    endloop
  endfacet
  facet normal 0 0 1
    outer loop
      vertex -2.41481 0.647047 80.2
      vertex -2.41481 -0.647047 80.2
      vertex -2.3097 -0.956708 80.2
    endloop
  endfacet
  facet normal -0 0 1
    outer loop
      vertex -2.47861 0.326315 80.2
      vertex -2.41481 -0.647047 80.2
      vertex -2.41481 0.647047 80.2
    endloop
  endfacet
  facet normal 0 0 1
    outer loop
      vertex -2.47861 0.326315 80.2
      vertex -2.47861 -0.326315 80.2
      vertex -2.41481 -0.647047 80.2
    endloop
  endfacet
  facet normal 0 -0 1
    outer loop
      vertex -2.47861 -0.326315 80.2
      vertex -2.47861 0.326315 80.2
      vertex -2.5 0 80.2
    endloop
  endfacet
  facet normal -0.442299 0.896867 0
    outer loop
      vertex -0.956708 2.3097 78.21
      vertex -1.25 2.16506 80.2
      vertex -0.956708 2.3097 80.2
    endloop
  endfacet
  facet normal -0.442299 0.896867 0
    outer loop
      vertex -1.25 2.16506 80.2
      vertex -0.956708 2.3097 78.21
      vertex -1.25 2.16506 78.21
    endloop
  endfacet
  facet normal -0.0654098 0.997858 0
    outer loop
      vertex 0 2.5 78.21
      vertex -0.326315 2.47861 80.2
      vertex 0 2.5 80.2
    endloop
  endfacet
  facet normal -0.0654098 0.997858 0
    outer loop
      vertex -0.326315 2.47861 80.2
      vertex 0 2.5 78.21
      vertex -0.326315 2.47861 78.21
    endloop
  endfacet
  facet normal 0.195097 -0.980784 0
    outer loop
      vertex 0.326315 -2.47861 78.21
      vertex 0.647047 -2.41481 80.2
      vertex 0.326315 -2.47861 80.2
    endloop
  endfacet
  facet normal 0.195097 -0.980784 0
    outer loop
      vertex 0.647047 -2.41481 80.2
      vertex 0.326315 -2.47861 78.21
      vertex 0.647047 -2.41481 78.21
    endloop
  endfacet
  facet normal 0.0654098 -0.997858 0
    outer loop
      vertex 0 -2.5 78.21
      vertex 0.326315 -2.47861 80.2
      vertex 0 -2.5 80.2
    endloop
  endfacet
  facet normal 0.0654098 -0.997858 0
    outer loop
      vertex 0.326315 -2.47861 80.2
      vertex 0 -2.5 78.21
      vertex 0.326315 -2.47861 78.21
    endloop
  endfacet
  facet normal 0.659325 -0.751858 0
    outer loop
      vertex 1.5219 -1.98338 78.21
      vertex 1.76777 -1.76777 80.2
      vertex 1.5219 -1.98338 80.2
    endloop
  endfacet
  facet normal 0.659325 -0.751858 0
    outer loop
      vertex 1.76777 -1.76777 80.2
      vertex 1.5219 -1.98338 78.21
      vertex 1.76777 -1.76777 78.21
    endloop
  endfacet
  facet normal 0.442299 -0.896867 0
    outer loop
      vertex 0.956708 -2.3097 78.21
      vertex 1.25 -2.16506 80.2
      vertex 0.956708 -2.3097 80.2
    endloop
  endfacet
  facet normal 0.442299 -0.896867 0
    outer loop
      vertex 1.25 -2.16506 80.2
      vertex 0.956708 -2.3097 78.21
      vertex 1.25 -2.16506 78.21
    endloop
  endfacet
  facet normal -0.321424 -0.946935 0
    outer loop
      vertex -0.956708 -2.3097 78.21
      vertex -0.647047 -2.41481 80.2
      vertex -0.956708 -2.3097 80.2
    endloop
  endfacet
  facet normal -0.321424 -0.946935 -0
    outer loop
      vertex -0.647047 -2.41481 80.2
      vertex -0.956708 -2.3097 78.21
      vertex -0.647047 -2.41481 78.21
    endloop
  endfacet
  facet normal -0.896867 -0.442299 0
    outer loop
      vertex -2.16506 -1.25 78.21
      vertex -2.3097 -0.956708 80.2
      vertex -2.3097 -0.956708 78.21
    endloop
  endfacet
  facet normal -0.896867 -0.442299 0
    outer loop
      vertex -2.3097 -0.956708 80.2
      vertex -2.16506 -1.25 78.21
      vertex -2.16506 -1.25 80.2
    endloop
  endfacet
  facet normal -0.831466 -0.555575 0
    outer loop
      vertex -1.98338 -1.5219 78.21
      vertex -2.16506 -1.25 80.2
      vertex -2.16506 -1.25 78.21
    endloop
  endfacet
  facet normal -0.831466 -0.555575 0
    outer loop
      vertex -2.16506 -1.25 80.2
      vertex -1.98338 -1.5219 78.21
      vertex -1.98338 -1.5219 80.2
    endloop
  endfacet
  facet normal -0.997858 -0.0654098 0
    outer loop
      vertex -2.47861 -0.326315 78.21
      vertex -2.5 0 80.2
      vertex -2.5 0 78.21
    endloop
  endfacet
  facet normal -0.997858 -0.0654098 0
    outer loop
      vertex -2.5 0 80.2
      vertex -2.47861 -0.326315 78.21
      vertex -2.47861 -0.326315 80.2
    endloop
  endfacet
  facet normal 0.946935 0.321424 0
    outer loop
      vertex 2.41481 0.647047 80.2
      vertex 2.3097 0.956708 78.21
      vertex 2.3097 0.956708 80.2
    endloop
  endfacet
  facet normal 0.946935 0.321424 0
    outer loop
      vertex 2.3097 0.956708 78.21
      vertex 2.41481 0.647047 80.2
      vertex 2.41481 0.647047 78.21
    endloop
  endfacet
  facet normal 0.195097 0.980784 -0
    outer loop
      vertex 0.647047 2.41481 78.21
      vertex 0.326315 2.47861 80.2
      vertex 0.647047 2.41481 80.2
    endloop
  endfacet
  facet normal 0.195097 0.980784 0
    outer loop
      vertex 0.326315 2.47861 80.2
      vertex 0.647047 2.41481 78.21
      vertex 0.326315 2.47861 78.21
    endloop
  endfacet
  facet normal 0.659325 0.751858 -0
    outer loop
      vertex 1.76777 1.76777 78.21
      vertex 1.5219 1.98338 80.2
      vertex 1.76777 1.76777 80.2
    endloop
  endfacet
  facet normal 0.659325 0.751858 0
    outer loop
      vertex 1.5219 1.98338 80.2
      vertex 1.76777 1.76777 78.21
      vertex 1.5219 1.98338 78.21
    endloop
  endfacet
  facet normal -0.980784 0.195097 0
    outer loop
      vertex -2.47861 0.326315 78.21
      vertex -2.41481 0.647047 80.2
      vertex -2.41481 0.647047 78.21
    endloop
  endfacet
  facet normal -0.980784 0.195097 0
    outer loop
      vertex -2.41481 0.647047 80.2
      vertex -2.47861 0.326315 78.21
      vertex -2.47861 0.326315 80.2
    endloop
  endfacet
  facet normal 0.997858 -0.0654098 0
    outer loop
      vertex 2.47861 -0.326315 80.2
      vertex 2.5 0 78.21
      vertex 2.5 0 80.2
    endloop
  endfacet
  facet normal 0.997858 -0.0654098 0
    outer loop
      vertex 2.5 0 78.21
      vertex 2.47861 -0.326315 80.2
      vertex 2.47861 -0.326315 78.21
    endloop
  endfacet
  facet normal 0.555575 -0.831466 0
    outer loop
      vertex 1.25 -2.16506 78.21
      vertex 1.5219 -1.98338 80.2
      vertex 1.25 -2.16506 80.2
    endloop
  endfacet
  facet normal 0.555575 -0.831466 0
    outer loop
      vertex 1.5219 -1.98338 80.2
      vertex 1.25 -2.16506 78.21
      vertex 1.5219 -1.98338 78.21
    endloop
  endfacet
  facet normal 0.831466 -0.555575 0
    outer loop
      vertex 1.98338 -1.5219 80.2
      vertex 2.16506 -1.25 78.21
      vertex 2.16506 -1.25 80.2
    endloop
  endfacet
  facet normal 0.831466 -0.555575 0
    outer loop
      vertex 2.16506 -1.25 78.21
      vertex 1.98338 -1.5219 80.2
      vertex 1.98338 -1.5219 78.21
    endloop
  endfacet
  facet normal 0.751858 -0.659325 0
    outer loop
      vertex 1.76777 -1.76777 80.2
      vertex 1.98338 -1.5219 78.21
      vertex 1.98338 -1.5219 80.2
    endloop
  endfacet
  facet normal 0.751858 -0.659325 0
    outer loop
      vertex 1.98338 -1.5219 78.21
      vertex 1.76777 -1.76777 80.2
      vertex 1.76777 -1.76777 78.21
    endloop
  endfacet
  facet normal -0.555575 -0.831466 0
    outer loop
      vertex -1.5219 -1.98338 78.21
      vertex -1.25 -2.16506 80.2
      vertex -1.5219 -1.98338 80.2
    endloop
  endfacet
  facet normal -0.555575 -0.831466 -0
    outer loop
      vertex -1.25 -2.16506 80.2
      vertex -1.5219 -1.98338 78.21
      vertex -1.25 -2.16506 78.21
    endloop
  endfacet
  facet normal -0.659325 -0.751858 0
    outer loop
      vertex -1.76777 -1.76777 78.21
      vertex -1.5219 -1.98338 80.2
      vertex -1.76777 -1.76777 80.2
    endloop
  endfacet
  facet normal -0.659325 -0.751858 -0
    outer loop
      vertex -1.5219 -1.98338 80.2
      vertex -1.76777 -1.76777 78.21
      vertex -1.5219 -1.98338 78.21
    endloop
  endfacet
  facet normal -0.442299 -0.896867 0
    outer loop
      vertex -1.25 -2.16506 78.21
      vertex -0.956708 -2.3097 80.2
      vertex -1.25 -2.16506 80.2
    endloop
  endfacet
  facet normal -0.442299 -0.896867 -0
    outer loop
      vertex -0.956708 -2.3097 80.2
      vertex -1.25 -2.16506 78.21
      vertex -0.956708 -2.3097 78.21
    endloop
  endfacet
  facet normal -0.0654098 -0.997858 0
    outer loop
      vertex -0.326315 -2.47861 78.21
      vertex 0 -2.5 80.2
      vertex -0.326315 -2.47861 80.2
    endloop
  endfacet
  facet normal -0.0654098 -0.997858 -0
    outer loop
      vertex 0 -2.5 80.2
      vertex -0.326315 -2.47861 78.21
      vertex 0 -2.5 78.21
    endloop
  endfacet
  facet normal -0.751858 -0.659325 0
    outer loop
      vertex -1.76777 -1.76777 78.21
      vertex -1.98338 -1.5219 80.2
      vertex -1.98338 -1.5219 78.21
    endloop
  endfacet
  facet normal -0.751858 -0.659325 0
    outer loop
      vertex -1.98338 -1.5219 80.2
      vertex -1.76777 -1.76777 78.21
      vertex -1.76777 -1.76777 80.2
    endloop
  endfacet
  facet normal -0.946935 -0.321424 0
    outer loop
      vertex -2.3097 -0.956708 78.21
      vertex -2.41481 -0.647047 80.2
      vertex -2.41481 -0.647047 78.21
    endloop
  endfacet
  facet normal -0.946935 -0.321424 0
    outer loop
      vertex -2.41481 -0.647047 80.2
      vertex -2.3097 -0.956708 78.21
      vertex -2.3097 -0.956708 80.2
    endloop
  endfacet
  facet normal 0.321424 0.946935 -0
    outer loop
      vertex 0.956708 2.3097 78.21
      vertex 0.647047 2.41481 80.2
      vertex 0.956708 2.3097 80.2
    endloop
  endfacet
  facet normal 0.321424 0.946935 0
    outer loop
      vertex 0.647047 2.41481 80.2
      vertex 0.956708 2.3097 78.21
      vertex 0.647047 2.41481 78.21
    endloop
  endfacet
  facet normal -0.751858 0.659325 0
    outer loop
      vertex -1.98338 1.5219 78.21
      vertex -1.76777 1.76777 80.2
      vertex -1.76777 1.76777 78.21
    endloop
  endfacet
  facet normal -0.751858 0.659325 0
    outer loop
      vertex -1.76777 1.76777 80.2
      vertex -1.98338 1.5219 78.21
      vertex -1.98338 1.5219 80.2
    endloop
  endfacet
  facet normal -0.946935 0.321424 0
    outer loop
      vertex -2.41481 0.647047 78.21
      vertex -2.3097 0.956708 80.2
      vertex -2.3097 0.956708 78.21
    endloop
  endfacet
  facet normal -0.946935 0.321424 0
    outer loop
      vertex -2.3097 0.956708 80.2
      vertex -2.41481 0.647047 78.21
      vertex -2.41481 0.647047 80.2
    endloop
  endfacet
  facet normal -0.555575 0.831466 0
    outer loop
      vertex -1.25 2.16506 78.21
      vertex -1.5219 1.98338 80.2
      vertex -1.25 2.16506 80.2
    endloop
  endfacet
  facet normal -0.555575 0.831466 0
    outer loop
      vertex -1.5219 1.98338 80.2
      vertex -1.25 2.16506 78.21
      vertex -1.5219 1.98338 78.21
    endloop
  endfacet
  facet normal -0.195097 0.980784 0
    outer loop
      vertex -0.326315 2.47861 78.21
      vertex -0.647047 2.41481 80.2
      vertex -0.326315 2.47861 80.2
    endloop
  endfacet
  facet normal -0.195097 0.980784 0
    outer loop
      vertex -0.647047 2.41481 80.2
      vertex -0.326315 2.47861 78.21
      vertex -0.647047 2.41481 78.21
    endloop
  endfacet
  facet normal 0.321424 -0.946935 0
    outer loop
      vertex 0.647047 -2.41481 78.21
      vertex 0.956708 -2.3097 80.2
      vertex 0.647047 -2.41481 80.2
    endloop
  endfacet
  facet normal 0.321424 -0.946935 0
    outer loop
      vertex 0.956708 -2.3097 80.2
      vertex 0.647047 -2.41481 78.21
      vertex 0.956708 -2.3097 78.21
    endloop
  endfacet
  facet normal 0.896867 -0.442299 0
    outer loop
      vertex 2.16506 -1.25 80.2
      vertex 2.3097 -0.956708 78.21
      vertex 2.3097 -0.956708 80.2
    endloop
  endfacet
  facet normal 0.896867 -0.442299 0
    outer loop
      vertex 2.3097 -0.956708 78.21
      vertex 2.16506 -1.25 80.2
      vertex 2.16506 -1.25 78.21
    endloop
  endfacet
  facet normal 0.946935 -0.321424 0
    outer loop
      vertex 2.3097 -0.956708 80.2
      vertex 2.41481 -0.647047 78.21
      vertex 2.41481 -0.647047 80.2
    endloop
  endfacet
  facet normal 0.946935 -0.321424 0
    outer loop
      vertex 2.41481 -0.647047 78.21
      vertex 2.3097 -0.956708 80.2
      vertex 2.3097 -0.956708 78.21
    endloop
  endfacet
  facet normal 0.980784 -0.195097 0
    outer loop
      vertex 2.41481 -0.647047 80.2
      vertex 2.47861 -0.326315 78.21
      vertex 2.47861 -0.326315 80.2
    endloop
  endfacet
  facet normal 0.980784 -0.195097 0
    outer loop
      vertex 2.47861 -0.326315 78.21
      vertex 2.41481 -0.647047 80.2
      vertex 2.41481 -0.647047 78.21
    endloop
  endfacet
  facet normal -0.195097 -0.980784 0
    outer loop
      vertex -0.647047 -2.41481 78.21
      vertex -0.326315 -2.47861 80.2
      vertex -0.647047 -2.41481 80.2
    endloop
  endfacet
  facet normal -0.195097 -0.980784 -0
    outer loop
      vertex -0.326315 -2.47861 80.2
      vertex -0.647047 -2.41481 78.21
      vertex -0.326315 -2.47861 78.21
    endloop
  endfacet
  facet normal -0.32147 0.94692 0
    outer loop
      vertex 0.822769 -1.98633 0
      vertex 0.556458 -2.07674 9.99
      vertex 0.822769 -1.98633 9.99
    endloop
  endfacet
  facet normal -0.32147 0.94692 0
    outer loop
      vertex 0.556458 -2.07674 9.99
      vertex 0.822769 -1.98633 0
      vertex 0.556458 -2.07674 0
    endloop
  endfacet
  facet normal -0.44227 0.896882 0
    outer loop
      vertex 1.075 -1.86195 0
      vertex 0.822769 -1.98633 9.99
      vertex 1.075 -1.86195 9.99
    endloop
  endfacet
  facet normal -0.44227 0.896882 0
    outer loop
      vertex 0.822769 -1.98633 9.99
      vertex 1.075 -1.86195 0
      vertex 0.822769 -1.98633 0
    endloop
  endfacet
  facet normal -0.659295 0.751885 0
    outer loop
      vertex 1.52028 -1.52028 0
      vertex 1.30882 -1.7057 9.99
      vertex 1.52028 -1.52028 9.99
    endloop
  endfacet
  facet normal -0.659295 0.751885 0
    outer loop
      vertex 1.30882 -1.7057 9.99
      vertex 1.52028 -1.52028 0
      vertex 1.30882 -1.7057 0
    endloop
  endfacet
  facet normal -0.555611 0.831443 0
    outer loop
      vertex 1.30882 -1.7057 0
      vertex 1.075 -1.86195 9.99
      vertex 1.30882 -1.7057 9.99
    endloop
  endfacet
  facet normal -0.555611 0.831443 0
    outer loop
      vertex 1.075 -1.86195 9.99
      vertex 1.30882 -1.7057 0
      vertex 1.075 -1.86195 0
    endloop
  endfacet
  facet normal 0.0654277 -0.997857 0
    outer loop
      vertex -0.280624 2.13159 0
      vertex 0 2.14999 9.99
      vertex -0.280624 2.13159 9.99
    endloop
  endfacet
  facet normal 0.0654277 -0.997857 0
    outer loop
      vertex 0 2.14999 9.99
      vertex -0.280624 2.13159 0
      vertex 0 2.14999 0
    endloop
  endfacet
  facet normal -1 0 0
    outer loop
      vertex 1.64999 -1.37236 0
      vertex 1.64999 1.37236 9.99
      vertex 1.64999 1.37236 0
    endloop
  endfacet
  facet normal -1 -0 0
    outer loop
      vertex 1.64999 1.37236 9.99
      vertex 1.64999 -1.37236 0
      vertex 1.64999 -1.37236 9.99
    endloop
  endfacet
  facet normal -0.751871 0.65931 0
    outer loop
      vertex 1.52028 -1.52028 0
      vertex 1.64999 -1.37236 9.99
      vertex 1.64999 -1.37236 0
    endloop
  endfacet
  facet normal -0.751871 0.65931 0
    outer loop
      vertex 1.64999 -1.37236 9.99
      vertex 1.52028 -1.52028 0
      vertex 1.52028 -1.52028 9.99
    endloop
  endfacet
  facet normal 0.94692 0.32147 0
    outer loop
      vertex -1.98633 -0.822769 9.99
      vertex -2.07674 -0.556458 0
      vertex -2.07674 -0.556458 9.99
    endloop
  endfacet
  facet normal 0.94692 0.32147 0
    outer loop
      vertex -2.07674 -0.556458 0
      vertex -1.98633 -0.822769 9.99
      vertex -1.98633 -0.822769 0
    endloop
  endfacet
  facet normal 0.44227 -0.896882 0
    outer loop
      vertex -1.075 1.86195 0
      vertex -0.822769 1.98633 9.99
      vertex -1.075 1.86195 9.99
    endloop
  endfacet
  facet normal 0.44227 -0.896882 0
    outer loop
      vertex -0.822769 1.98633 9.99
      vertex -1.075 1.86195 0
      vertex -0.822769 1.98633 0
    endloop
  endfacet
  facet normal -0.0654277 -0.997857 0
    outer loop
      vertex 0 2.14999 0
      vertex 0.280624 2.13159 9.99
      vertex 0 2.14999 9.99
    endloop
  endfacet
  facet normal -0.0654277 -0.997857 -0
    outer loop
      vertex 0.280624 2.13159 9.99
      vertex 0 2.14999 0
      vertex 0.280624 2.13159 0
    endloop
  endfacet
  facet normal 0.32147 -0.94692 0
    outer loop
      vertex -0.822769 1.98633 0
      vertex -0.556458 2.07674 9.99
      vertex -0.822769 1.98633 9.99
    endloop
  endfacet
  facet normal 0.32147 -0.94692 0
    outer loop
      vertex -0.556458 2.07674 9.99
      vertex -0.822769 1.98633 0
      vertex -0.556458 2.07674 0
    endloop
  endfacet
  facet normal -0.0654277 0.997857 0
    outer loop
      vertex 0.280624 -2.13159 0
      vertex 0 -2.14999 9.99
      vertex 0.280624 -2.13159 9.99
    endloop
  endfacet
  facet normal -0.0654277 0.997857 0
    outer loop
      vertex 0 -2.14999 9.99
      vertex 0.280624 -2.13159 0
      vertex 0 -2.14999 0
    endloop
  endfacet
  facet normal -0.195033 0.980797 0
    outer loop
      vertex 0.556458 -2.07674 0
      vertex 0.280624 -2.13159 9.99
      vertex 0.556458 -2.07674 9.99
    endloop
  endfacet
  facet normal -0.195033 0.980797 0
    outer loop
      vertex 0.280624 -2.13159 9.99
      vertex 0.556458 -2.07674 0
      vertex 0.280624 -2.13159 0
    endloop
  endfacet
  facet normal 0.0654277 0.997857 -0
    outer loop
      vertex 0 -2.14999 0
      vertex -0.280624 -2.13159 9.99
      vertex 0 -2.14999 9.99
    endloop
  endfacet
  facet normal 0.0654277 0.997857 0
    outer loop
      vertex -0.280624 -2.13159 9.99
      vertex 0 -2.14999 0
      vertex -0.280624 -2.13159 0
    endloop
  endfacet
  facet normal 0.195033 0.980797 -0
    outer loop
      vertex -0.280624 -2.13159 0
      vertex -0.556458 -2.07674 9.99
      vertex -0.280624 -2.13159 9.99
    endloop
  endfacet
  facet normal 0.195033 0.980797 0
    outer loop
      vertex -0.556458 -2.07674 9.99
      vertex -0.280624 -2.13159 0
      vertex -0.556458 -2.07674 0
    endloop
  endfacet
  facet normal 0.44227 0.896882 -0
    outer loop
      vertex -0.822769 -1.98633 0
      vertex -1.075 -1.86195 9.99
      vertex -0.822769 -1.98633 9.99
    endloop
  endfacet
  facet normal 0.44227 0.896882 0
    outer loop
      vertex -1.075 -1.86195 9.99
      vertex -0.822769 -1.98633 0
      vertex -1.075 -1.86195 0
    endloop
  endfacet
  facet normal 0.831443 0.555611 0
    outer loop
      vertex -1.7057 -1.30882 9.99
      vertex -1.86195 -1.075 0
      vertex -1.86195 -1.075 9.99
    endloop
  endfacet
  facet normal 0.831443 0.555611 0
    outer loop
      vertex -1.86195 -1.075 0
      vertex -1.7057 -1.30882 9.99
      vertex -1.7057 -1.30882 0
    endloop
  endfacet
  facet normal 0.555611 0.831443 -0
    outer loop
      vertex -1.075 -1.86195 0
      vertex -1.30882 -1.7057 9.99
      vertex -1.075 -1.86195 9.99
    endloop
  endfacet
  facet normal 0.555611 0.831443 0
    outer loop
      vertex -1.30882 -1.7057 9.99
      vertex -1.075 -1.86195 0
      vertex -1.30882 -1.7057 0
    endloop
  endfacet
  facet normal 0.751885 -0.659295 0
    outer loop
      vertex -1.7057 1.30882 9.99
      vertex -1.52028 1.52028 0
      vertex -1.52028 1.52028 9.99
    endloop
  endfacet
  facet normal 0.751885 -0.659295 0
    outer loop
      vertex -1.52028 1.52028 0
      vertex -1.7057 1.30882 9.99
      vertex -1.7057 1.30882 0
    endloop
  endfacet
  facet normal 0.980797 0.195033 0
    outer loop
      vertex -2.07674 -0.556458 9.99
      vertex -2.13159 -0.280624 0
      vertex -2.13159 -0.280624 9.99
    endloop
  endfacet
  facet normal 0.980797 0.195033 0
    outer loop
      vertex -2.13159 -0.280624 0
      vertex -2.07674 -0.556458 9.99
      vertex -2.07674 -0.556458 0
    endloop
  endfacet
  facet normal -0.555611 -0.831443 0
    outer loop
      vertex 1.075 1.86195 0
      vertex 1.30882 1.7057 9.99
      vertex 1.075 1.86195 9.99
    endloop
  endfacet
  facet normal -0.555611 -0.831443 -0
    outer loop
      vertex 1.30882 1.7057 9.99
      vertex 1.075 1.86195 0
      vertex 1.30882 1.7057 0
    endloop
  endfacet
  facet normal -0.659295 -0.751885 0
    outer loop
      vertex 1.30882 1.7057 0
      vertex 1.52028 1.52028 9.99
      vertex 1.30882 1.7057 9.99
    endloop
  endfacet
  facet normal -0.659295 -0.751885 -0
    outer loop
      vertex 1.52028 1.52028 9.99
      vertex 1.30882 1.7057 0
      vertex 1.52028 1.52028 0
    endloop
  endfacet
  facet normal -0.195033 -0.980797 0
    outer loop
      vertex 0.280624 2.13159 0
      vertex 0.556458 2.07674 9.99
      vertex 0.280624 2.13159 9.99
    endloop
  endfacet
  facet normal -0.195033 -0.980797 -0
    outer loop
      vertex 0.556458 2.07674 9.99
      vertex 0.280624 2.13159 0
      vertex 0.556458 2.07674 0
    endloop
  endfacet
  facet normal 0.195033 -0.980797 0
    outer loop
      vertex -0.556458 2.07674 0
      vertex -0.280624 2.13159 9.99
      vertex -0.556458 2.07674 9.99
    endloop
  endfacet
  facet normal 0.195033 -0.980797 0
    outer loop
      vertex -0.280624 2.13159 9.99
      vertex -0.556458 2.07674 0
      vertex -0.280624 2.13159 0
    endloop
  endfacet
  facet normal 0.32147 0.94692 -0
    outer loop
      vertex -0.556458 -2.07674 0
      vertex -0.822769 -1.98633 9.99
      vertex -0.556458 -2.07674 9.99
    endloop
  endfacet
  facet normal 0.32147 0.94692 0
    outer loop
      vertex -0.822769 -1.98633 9.99
      vertex -0.556458 -2.07674 0
      vertex -0.822769 -1.98633 0
    endloop
  endfacet
  facet normal 0.659295 0.751885 -0
    outer loop
      vertex -1.30882 -1.7057 0
      vertex -1.52028 -1.52028 9.99
      vertex -1.30882 -1.7057 9.99
    endloop
  endfacet
  facet normal 0.659295 0.751885 0
    outer loop
      vertex -1.52028 -1.52028 9.99
      vertex -1.30882 -1.7057 0
      vertex -1.52028 -1.52028 0
    endloop
  endfacet
  facet normal 0 0 -1
    outer loop
      vertex 1.30882 -1.7057 9.99
      vertex 1.64999 -1.37236 9.99
      vertex 1.52028 -1.52028 9.99
    endloop
  endfacet
  facet normal -0 0 -1
    outer loop
      vertex 1.64999 -1.37236 9.99
      vertex 1.30882 -1.7057 9.99
      vertex 1.64999 1.37236 9.99
    endloop
  endfacet
  facet normal 0 0 -1
    outer loop
      vertex 1.30882 1.7057 9.99
      vertex 1.64999 1.37236 9.99
      vertex 1.30882 -1.7057 9.99
    endloop
  endfacet
  facet normal 0 0 -1
    outer loop
      vertex 1.64999 1.37236 9.99
      vertex 1.30882 1.7057 9.99
      vertex 1.52028 1.52028 9.99
    endloop
  endfacet
  facet normal 0 0 -1
    outer loop
      vertex 1.075 -1.86195 9.99
      vertex 1.30882 1.7057 9.99
      vertex 1.30882 -1.7057 9.99
    endloop
  endfacet
  facet normal 0 0 -1
    outer loop
      vertex 1.075 -1.86195 9.99
      vertex 1.075 1.86195 9.99
      vertex 1.30882 1.7057 9.99
    endloop
  endfacet
  facet normal 0 0 -1
    outer loop
      vertex 0.822769 -1.98633 9.99
      vertex 1.075 1.86195 9.99
      vertex 1.075 -1.86195 9.99
    endloop
  endfacet
  facet normal 0 0 -1
    outer loop
      vertex 0.822769 -1.98633 9.99
      vertex 0.822769 1.98633 9.99
      vertex 1.075 1.86195 9.99
    endloop
  endfacet
  facet normal 0 0 -1
    outer loop
      vertex 0.556458 -2.07674 9.99
      vertex 0.822769 1.98633 9.99
      vertex 0.822769 -1.98633 9.99
    endloop
  endfacet
  facet normal 0 0 -1
    outer loop
      vertex 0.556458 -2.07674 9.99
      vertex 0.556458 2.07674 9.99
      vertex 0.822769 1.98633 9.99
    endloop
  endfacet
  facet normal 0 0 -1
    outer loop
      vertex 0.280624 -2.13159 9.99
      vertex 0.556458 2.07674 9.99
      vertex 0.556458 -2.07674 9.99
    endloop
  endfacet
  facet normal 0 0 -1
    outer loop
      vertex 0.280624 -2.13159 9.99
      vertex 0.280624 2.13159 9.99
      vertex 0.556458 2.07674 9.99
    endloop
  endfacet
  facet normal 0 0 -1
    outer loop
      vertex 0 -2.14999 9.99
      vertex 0.280624 2.13159 9.99
      vertex 0.280624 -2.13159 9.99
    endloop
  endfacet
  facet normal 0 0 -1
    outer loop
      vertex 0 -2.14999 9.99
      vertex 0 2.14999 9.99
      vertex 0.280624 2.13159 9.99
    endloop
  endfacet
  facet normal 0 0 -1
    outer loop
      vertex -0.280624 -2.13159 9.99
      vertex 0 2.14999 9.99
      vertex 0 -2.14999 9.99
    endloop
  endfacet
  facet normal 0 0 -1
    outer loop
      vertex -0.280624 -2.13159 9.99
      vertex -0.280624 2.13159 9.99
      vertex 0 2.14999 9.99
    endloop
  endfacet
  facet normal 0 0 -1
    outer loop
      vertex -0.556458 -2.07674 9.99
      vertex -0.280624 2.13159 9.99
      vertex -0.280624 -2.13159 9.99
    endloop
  endfacet
  facet normal 0 0 -1
    outer loop
      vertex -0.556458 -2.07674 9.99
      vertex -0.556458 2.07674 9.99
      vertex -0.280624 2.13159 9.99
    endloop
  endfacet
  facet normal 0 0 -1
    outer loop
      vertex -0.822769 -1.98633 9.99
      vertex -0.556458 2.07674 9.99
      vertex -0.556458 -2.07674 9.99
    endloop
  endfacet
  facet normal 0 0 -1
    outer loop
      vertex -0.822769 -1.98633 9.99
      vertex -0.822769 1.98633 9.99
      vertex -0.556458 2.07674 9.99
    endloop
  endfacet
  facet normal 0 0 -1
    outer loop
      vertex -1.075 -1.86195 9.99
      vertex -0.822769 1.98633 9.99
      vertex -0.822769 -1.98633 9.99
    endloop
  endfacet
  facet normal 0 0 -1
    outer loop
      vertex -1.075 -1.86195 9.99
      vertex -1.075 1.86195 9.99
      vertex -0.822769 1.98633 9.99
    endloop
  endfacet
  facet normal 0 0 -1
    outer loop
      vertex -1.30882 -1.7057 9.99
      vertex -1.075 1.86195 9.99
      vertex -1.075 -1.86195 9.99
    endloop
  endfacet
  facet normal 0 0 -1
    outer loop
      vertex -1.30882 -1.7057 9.99
      vertex -1.30882 1.7057 9.99
      vertex -1.075 1.86195 9.99
    endloop
  endfacet
  facet normal 0 0 -1
    outer loop
      vertex -1.52028 -1.52028 9.99
      vertex -1.30882 1.7057 9.99
      vertex -1.30882 -1.7057 9.99
    endloop
  endfacet
  facet normal 0 0 -1
    outer loop
      vertex -1.52028 -1.52028 9.99
      vertex -1.52028 1.52028 9.99
      vertex -1.30882 1.7057 9.99
    endloop
  endfacet
  facet normal 0 0 -1
    outer loop
      vertex -1.7057 -1.30882 9.99
      vertex -1.52028 1.52028 9.99
      vertex -1.52028 -1.52028 9.99
    endloop
  endfacet
  facet normal 0 0 -1
    outer loop
      vertex -1.7057 -1.30882 9.99
      vertex -1.7057 1.30882 9.99
      vertex -1.52028 1.52028 9.99
    endloop
  endfacet
  facet normal 0 0 -1
    outer loop
      vertex -1.86195 -1.075 9.99
      vertex -1.7057 1.30882 9.99
      vertex -1.7057 -1.30882 9.99
    endloop
  endfacet
  facet normal 0 0 -1
    outer loop
      vertex -1.86195 -1.075 9.99
      vertex -1.86195 1.075 9.99
      vertex -1.7057 1.30882 9.99
    endloop
  endfacet
  facet normal 0 0 -1
    outer loop
      vertex -1.98633 -0.822769 9.99
      vertex -1.86195 1.075 9.99
      vertex -1.86195 -1.075 9.99
    endloop
  endfacet
  facet normal 0 0 -1
    outer loop
      vertex -1.98633 -0.822769 9.99
      vertex -1.98633 0.822769 9.99
      vertex -1.86195 1.075 9.99
    endloop
  endfacet
  facet normal 0 0 -1
    outer loop
      vertex -2.07674 -0.556458 9.99
      vertex -1.98633 0.822769 9.99
      vertex -1.98633 -0.822769 9.99
    endloop
  endfacet
  facet normal 0 0 -1
    outer loop
      vertex -2.07674 -0.556458 9.99
      vertex -2.07674 0.556458 9.99
      vertex -1.98633 0.822769 9.99
    endloop
  endfacet
  facet normal 0 0 -1
    outer loop
      vertex -2.13159 -0.280624 9.99
      vertex -2.07674 0.556458 9.99
      vertex -2.07674 -0.556458 9.99
    endloop
  endfacet
  facet normal 0 0 -1
    outer loop
      vertex -2.13159 -0.280624 9.99
      vertex -2.13159 0.280624 9.99
      vertex -2.07674 0.556458 9.99
    endloop
  endfacet
  facet normal 0 -0 -1
    outer loop
      vertex -2.13159 0.280624 9.99
      vertex -2.13159 -0.280624 9.99
      vertex -2.14999 0 9.99
    endloop
  endfacet
  facet normal 0.997857 0.0654277 0
    outer loop
      vertex -2.13159 -0.280624 9.99
      vertex -2.14999 0 0
      vertex -2.14999 0 9.99
    endloop
  endfacet
  facet normal 0.997857 0.0654277 0
    outer loop
      vertex -2.14999 0 0
      vertex -2.13159 -0.280624 9.99
      vertex -2.13159 -0.280624 0
    endloop
  endfacet
  facet normal 0.896882 0.44227 0
    outer loop
      vertex -1.86195 -1.075 9.99
      vertex -1.98633 -0.822769 0
      vertex -1.98633 -0.822769 9.99
    endloop
  endfacet
  facet normal 0.896882 0.44227 0
    outer loop
      vertex -1.98633 -0.822769 0
      vertex -1.86195 -1.075 9.99
      vertex -1.86195 -1.075 0
    endloop
  endfacet
  facet normal -0.751871 -0.65931 0
    outer loop
      vertex 1.64999 1.37236 0
      vertex 1.52028 1.52028 9.99
      vertex 1.52028 1.52028 0
    endloop
  endfacet
  facet normal -0.751871 -0.65931 0
    outer loop
      vertex 1.52028 1.52028 9.99
      vertex 1.64999 1.37236 0
      vertex 1.64999 1.37236 9.99
    endloop
  endfacet
  facet normal 0.751885 0.659295 0
    outer loop
      vertex -1.52028 -1.52028 9.99
      vertex -1.7057 -1.30882 0
      vertex -1.7057 -1.30882 9.99
    endloop
  endfacet
  facet normal 0.751885 0.659295 0
    outer loop
      vertex -1.7057 -1.30882 0
      vertex -1.52028 -1.52028 9.99
      vertex -1.52028 -1.52028 0
    endloop
  endfacet
  facet normal 0.659295 -0.751885 0
    outer loop
      vertex -1.52028 1.52028 0
      vertex -1.30882 1.7057 9.99
      vertex -1.52028 1.52028 9.99
    endloop
  endfacet
  facet normal 0.659295 -0.751885 0
    outer loop
      vertex -1.30882 1.7057 9.99
      vertex -1.52028 1.52028 0
      vertex -1.30882 1.7057 0
    endloop
  endfacet
  facet normal 0.555611 -0.831443 0
    outer loop
      vertex -1.30882 1.7057 0
      vertex -1.075 1.86195 9.99
      vertex -1.30882 1.7057 9.99
    endloop
  endfacet
  facet normal 0.555611 -0.831443 0
    outer loop
      vertex -1.075 1.86195 9.99
      vertex -1.30882 1.7057 0
      vertex -1.075 1.86195 0
    endloop
  endfacet
  facet normal 0.997857 -0.0654277 0
    outer loop
      vertex -2.14999 0 9.99
      vertex -2.13159 0.280624 0
      vertex -2.13159 0.280624 9.99
    endloop
  endfacet
  facet normal 0.997857 -0.0654277 0
    outer loop
      vertex -2.13159 0.280624 0
      vertex -2.14999 0 9.99
      vertex -2.14999 0 0
    endloop
  endfacet
  facet normal 0.896882 -0.44227 0
    outer loop
      vertex -1.98633 0.822769 9.99
      vertex -1.86195 1.075 0
      vertex -1.86195 1.075 9.99
    endloop
  endfacet
  facet normal 0.896882 -0.44227 0
    outer loop
      vertex -1.86195 1.075 0
      vertex -1.98633 0.822769 9.99
      vertex -1.98633 0.822769 0
    endloop
  endfacet
  facet normal 0.980797 -0.195033 0
    outer loop
      vertex -2.13159 0.280624 9.99
      vertex -2.07674 0.556458 0
      vertex -2.07674 0.556458 9.99
    endloop
  endfacet
  facet normal 0.980797 -0.195033 0
    outer loop
      vertex -2.07674 0.556458 0
      vertex -2.13159 0.280624 9.99
      vertex -2.13159 0.280624 0
    endloop
  endfacet
  facet normal 0.94692 -0.32147 0
    outer loop
      vertex -2.07674 0.556458 9.99
      vertex -1.98633 0.822769 0
      vertex -1.98633 0.822769 9.99
    endloop
  endfacet
  facet normal 0.94692 -0.32147 0
    outer loop
      vertex -1.98633 0.822769 0
      vertex -2.07674 0.556458 9.99
      vertex -2.07674 0.556458 0
    endloop
  endfacet
  facet normal -0.32147 -0.94692 0
    outer loop
      vertex 0.556458 2.07674 0
      vertex 0.822769 1.98633 9.99
      vertex 0.556458 2.07674 9.99
    endloop
  endfacet
  facet normal -0.32147 -0.94692 -0
    outer loop
      vertex 0.822769 1.98633 9.99
      vertex 0.556458 2.07674 0
      vertex 0.822769 1.98633 0
    endloop
  endfacet
  facet normal -0.44227 -0.896882 0
    outer loop
      vertex 0.822769 1.98633 0
      vertex 1.075 1.86195 9.99
      vertex 0.822769 1.98633 9.99
    endloop
  endfacet
  facet normal -0.44227 -0.896882 -0
    outer loop
      vertex 1.075 1.86195 9.99
      vertex 0.822769 1.98633 0
      vertex 1.075 1.86195 0
    endloop
  endfacet
  facet normal 0.831443 -0.555611 0
    outer loop
      vertex -1.86195 1.075 9.99
      vertex -1.7057 1.30882 0
      vertex -1.7057 1.30882 9.99
    endloop
  endfacet
  facet normal 0.831443 -0.555611 0
    outer loop
      vertex -1.7057 1.30882 0
      vertex -1.86195 1.075 9.99
      vertex -1.86195 1.075 0
    endloop
  endfacet
endsolid OpenSCAD_Model
