solid OpenSCAD_Model
  facet normal -1 0 0
    outer loop
      vertex 149.2 81.3 0
      vertex 149.2 78.8 4
      vertex 149.2 81.3 6.8
    endloop
  endfacet
  facet normal -1 0 0
    outer loop
      vertex 149.2 81.3 0
      vertex 149.2 77.3 1.5
      vertex 149.2 78.8 4
    endloop
  endfacet
  facet normal -1 0 0
    outer loop
      vertex 149.2 81.3 0
      vertex 149.2 46.7 1.5
      vertex 149.2 77.3 1.5
    endloop
  endfacet
  facet normal -1 0 0
    outer loop
      vertex 149.2 46.7 1.5
      vertex 149.2 45.2 4
      vertex 149.2 46.7 4
    endloop
  endfacet
  facet normal -1 0 0
    outer loop
      vertex 149.2 42.7 0
      vertex 149.2 46.7 1.5
      vertex 149.2 81.3 0
    endloop
  endfacet
  facet normal -1 0 0
    outer loop
      vertex 149.2 42.7 0
      vertex 149.2 45.2 4
      vertex 149.2 46.7 1.5
    endloop
  endfacet
  facet normal -1 0 0
    outer loop
      vertex 149.2 42.7 6.8
      vertex 149.2 45.2 4
      vertex 149.2 42.7 0
    endloop
  endfacet
  facet normal -1 0 0
    outer loop
      vertex 149.2 45.2 4
      vertex 149.2 42.7 6.8
      vertex 149.2 45.2 6.8
    endloop
  endfacet
  facet normal -1 -0 0
    outer loop
      vertex 149.2 81.3 6.8
      vertex 149.2 78.8 4
      vertex 149.2 78.8 6.8
    endloop
  endfacet
  facet normal -1 -0 0
    outer loop
      vertex 149.2 78.8 4
      vertex 149.2 77.3 1.5
      vertex 149.2 77.3 4
    endloop
  endfacet
  facet normal -0 0 1
    outer loop
      vertex 149.2 45.2 6.8
      vertex 184.8 42.7 6.8
      vertex 184.8 45.2 6.8
    endloop
  endfacet
  facet normal 0 0 1
    outer loop
      vertex 184.8 42.7 6.8
      vertex 149.2 45.2 6.8
      vertex 149.2 42.7 6.8
    endloop
  endfacet
  facet normal -0 0 1
    outer loop
      vertex 149.2 81.3 6.8
      vertex 184.8 78.8 6.8
      vertex 184.8 81.3 6.8
    endloop
  endfacet
  facet normal 0 0 1
    outer loop
      vertex 184.8 78.8 6.8
      vertex 149.2 81.3 6.8
      vertex 149.2 78.8 6.8
    endloop
  endfacet
  facet normal 1 0 0
    outer loop
      vertex 184.8 45.2 6.8
      vertex 184.8 42.7 6.8
      vertex 184.8 45.2 4
    endloop
  endfacet
  facet normal 1 0 0
    outer loop
      vertex 184.8 46.7 4
      vertex 184.8 45.2 4
      vertex 184.8 46.7 1.5
    endloop
  endfacet
  facet normal 1 0 0
    outer loop
      vertex 184.8 78.8 4
      vertex 184.8 81.3 6.8
      vertex 184.8 78.8 6.8
    endloop
  endfacet
  facet normal 1 0 0
    outer loop
      vertex 184.8 81.3 6.8
      vertex 184.8 78.8 4
      vertex 184.8 81.3 0
    endloop
  endfacet
  facet normal 1 0 0
    outer loop
      vertex 184.8 77.3 1.5
      vertex 184.8 78.8 4
      vertex 184.8 77.3 4
    endloop
  endfacet
  facet normal 1 0 0
    outer loop
      vertex 184.8 78.8 4
      vertex 184.8 77.3 1.5
      vertex 184.8 81.3 0
    endloop
  endfacet
  facet normal 1 -0 0
    outer loop
      vertex 184.8 46.7 1.5
      vertex 184.8 81.3 0
      vertex 184.8 77.3 1.5
    endloop
  endfacet
  facet normal 1 0 0
    outer loop
      vertex 184.8 42.7 0
      vertex 184.8 45.2 4
      vertex 184.8 42.7 6.8
    endloop
  endfacet
  facet normal 1 0 0
    outer loop
      vertex 184.8 46.7 1.5
      vertex 184.8 42.7 0
      vertex 184.8 81.3 0
    endloop
  endfacet
  facet normal 1 0 0
    outer loop
      vertex 184.8 45.2 4
      vertex 184.8 42.7 0
      vertex 184.8 46.7 1.5
    endloop
  endfacet
  facet normal 0 0 1
    outer loop
      vertex 5.7 -88.7 0
      vertex 25.2 -42.7 0
      vertex 5.7 -3.3 0
    endloop
  endfacet
  facet normal 0 0 1
    outer loop
      vertex 25.2 -42.7 0
      vertex 5.7 -88.7 0
      vertex 12.3 -88.7 0
    endloop
  endfacet
  facet normal 0 0 1
    outer loop
      vertex 5.7 3.3 0
      vertex 25.2 42.7 0
      vertex 5.7 88.7 0
    endloop
  endfacet
  facet normal 0 0 1
    outer loop
      vertex 25.2 42.7 0
      vertex 5.7 3.3 0
      vertex 12.3 3.3 0
    endloop
  endfacet
  facet normal 0 0 1
    outer loop
      vertex 60.8 -81.3 0
      vertex 40.5 -81.55 0
      vertex 45.5 -81.55 0
    endloop
  endfacet
  facet normal 0 0 1
    outer loop
      vertex 40.5 -81.55 0
      vertex 25.2 -81.3 0
      vertex 40.5 -84.05 0
    endloop
  endfacet
  facet normal -0 0 1
    outer loop
      vertex 25.2 -81.3 0
      vertex 40.5 -81.55 0
      vertex 60.8 -81.3 0
    endloop
  endfacet
  facet normal 0 0 1
    outer loop
      vertex 74.9262 3.95929 0
      vertex 12.3 3.3 0
      vertex 74.6667 0 0
    endloop
  endfacet
  facet normal 0 0 1
    outer loop
      vertex 12.3 -3.3 0
      vertex 74.6667 0 0
      vertex 12.3 3.3 0
    endloop
  endfacet
  facet normal 0 0 1
    outer loop
      vertex 12.3 3.3 0
      vertex 45.5 39.95 0
      vertex 40.5 39.95 0
    endloop
  endfacet
  facet normal 0 0 1
    outer loop
      vertex 60.8 42.7 0
      vertex 40.5 42.45 0
      vertex 45.5 42.45 0
    endloop
  endfacet
  facet normal 0 0 1
    outer loop
      vertex 25.2 42.7 0
      vertex 40.5 39.95 0
      vertex 40.5 42.45 0
    endloop
  endfacet
  facet normal 0 0 1
    outer loop
      vertex 74.6667 0 0
      vertex 12.3 -3.3 0
      vertex 45.5 -39.95 0
    endloop
  endfacet
  facet normal 0 0 1
    outer loop
      vertex 40.5 39.95 0
      vertex 25.2 42.7 0
      vertex 12.3 3.3 0
    endloop
  endfacet
  facet normal -0 0 1
    outer loop
      vertex 25.2 42.7 0
      vertex 40.5 42.45 0
      vertex 60.8 42.7 0
    endloop
  endfacet
  facet normal -0 0 1
    outer loop
      vertex 63.5 92 0
      vertex 66.5 84 0
      vertex 66.5 92 0
    endloop
  endfacet
  facet normal 0 0 1
    outer loop
      vertex 66.5 84 0
      vertex 63.5 92 0
      vertex 63.5 84 0
    endloop
  endfacet
  facet normal -0 0 1
    outer loop
      vertex 68.5 44 0
      vertex 71.5 36 0
      vertex 71.5 44 0
    endloop
  endfacet
  facet normal 0 0 1
    outer loop
      vertex 71.5 36 0
      vertex 68.5 44 0
      vertex 68.5 36 0
    endloop
  endfacet
  facet normal -0 0 1
    outer loop
      vertex 45.5 81.55 0
      vertex 60.8 81.3 0
      vertex 45.5 84.05 0
    endloop
  endfacet
  facet normal -0 0 1
    outer loop
      vertex 40.5 81.55 0
      vertex 60.8 81.3 0
      vertex 45.5 81.55 0
    endloop
  endfacet
  facet normal 0 0 1
    outer loop
      vertex 60.8 81.3 0
      vertex 40.5 81.55 0
      vertex 25.2 81.3 0
    endloop
  endfacet
  facet normal 0 0 1
    outer loop
      vertex 45.5 39.95 0
      vertex 12.3 3.3 0
      vertex 74.9262 3.95929 0
    endloop
  endfacet
  facet normal 0 0 1
    outer loop
      vertex 74.6667 0 0
      vertex 45.5 -39.95 0
      vertex 60.8 -42.7 0
    endloop
  endfacet
  facet normal -0 0 1
    outer loop
      vertex 45.5 -42.45 0
      vertex 60.8 -42.7 0
      vertex 45.5 -39.95 0
    endloop
  endfacet
  facet normal -0 0 1
    outer loop
      vertex 40.5 -42.45 0
      vertex 60.8 -42.7 0
      vertex 45.5 -42.45 0
    endloop
  endfacet
  facet normal 0 0 1
    outer loop
      vertex 40.5 -42.45 0
      vertex 25.2 -42.7 0
      vertex 60.8 -42.7 0
    endloop
  endfacet
  facet normal 0 0 1
    outer loop
      vertex 45.5 -39.95 0
      vertex 12.3 -3.3 0
      vertex 40.5 -39.95 0
    endloop
  endfacet
  facet normal -0 0 1
    outer loop
      vertex 138.5 44 0
      vertex 141.5 36 0
      vertex 141.5 44 0
    endloop
  endfacet
  facet normal 0 0 1
    outer loop
      vertex 141.5 36 0
      vertex 138.5 44 0
      vertex 138.5 36 0
    endloop
  endfacet
  facet normal -0 0 1
    outer loop
      vertex 143.5 92 0
      vertex 146.5 84 0
      vertex 146.5 92 0
    endloop
  endfacet
  facet normal 0 0 1
    outer loop
      vertex 146.5 84 0
      vertex 143.5 92 0
      vertex 143.5 84 0
    endloop
  endfacet
  facet normal 0 0 1
    outer loop
      vertex 123.466 24.0651 0
      vertex 138.5 34 0
      vertex 132.8 43.2 0
    endloop
  endfacet
  facet normal 0 0 1
    outer loop
      vertex 138.5 34 0
      vertex 131.269 15.1667 0
      vertex 133.024 11.6081 0
    endloop
  endfacet
  facet normal 0 0 1
    outer loop
      vertex 138.5 34 0
      vertex 129.065 18.4658 0
      vertex 131.269 15.1667 0
    endloop
  endfacet
  facet normal 0 0 1
    outer loop
      vertex 138.5 34 0
      vertex 126.449 21.4489 0
      vertex 129.065 18.4658 0
    endloop
  endfacet
  facet normal 0 0 1
    outer loop
      vertex 138.5 34 0
      vertex 123.466 24.0651 0
      vertex 126.449 21.4489 0
    endloop
  endfacet
  facet normal 0 0 1
    outer loop
      vertex 132.8 43.2 0
      vertex 120.167 26.2694 0
      vertex 123.466 24.0651 0
    endloop
  endfacet
  facet normal 0 0 1
    outer loop
      vertex 132.8 43.2 0
      vertex 116.608 28.0243 0
      vertex 120.167 26.2694 0
    endloop
  endfacet
  facet normal -0 0 1
    outer loop
      vertex 107.5 40.45 0
      vertex 116.608 28.0243 0
      vertex 132.8 43.2 0
    endloop
  endfacet
  facet normal 0 0 1
    outer loop
      vertex 116.608 28.0243 0
      vertex 107.5 40.45 0
      vertex 112.851 29.2997 0
    endloop
  endfacet
  facet normal 0 0 1
    outer loop
      vertex 107.5 40.45 0
      vertex 132.8 43.2 0
      vertex 107.5 42.95 0
    endloop
  endfacet
  facet normal 0 0 1
    outer loop
      vertex 132.8 43.2 0
      vertex 102.5 42.95 0
      vertex 107.5 42.95 0
    endloop
  endfacet
  facet normal 0 0 1
    outer loop
      vertex 77.2 43.2 0
      vertex 102.5 40.45 0
      vertex 102.5 42.95 0
    endloop
  endfacet
  facet normal 0 0 1
    outer loop
      vertex 102.5 40.45 0
      vertex 97.1492 29.2997 0
      vertex 101.041 30.0738 0
    endloop
  endfacet
  facet normal 0 0 1
    outer loop
      vertex 102.5 40.45 0
      vertex 93.3919 28.0243 0
      vertex 97.1492 29.2997 0
    endloop
  endfacet
  facet normal 0 0 1
    outer loop
      vertex 102.5 40.45 0
      vertex 77.2 43.2 0
      vertex 93.3919 28.0243 0
    endloop
  endfacet
  facet normal 0 0 1
    outer loop
      vertex 93.3919 28.0243 0
      vertex 77.2 43.2 0
      vertex 89.8333 26.2694 0
    endloop
  endfacet
  facet normal 0 0 1
    outer loop
      vertex 89.8333 26.2694 0
      vertex 77.2 43.2 0
      vertex 86.5342 24.0651 0
    endloop
  endfacet
  facet normal -0 0 1
    outer loop
      vertex 77.2 43.2 0
      vertex 102.5 42.95 0
      vertex 132.8 43.2 0
    endloop
  endfacet
  facet normal -0 0 1
    outer loop
      vertex 71.5 34 0
      vertex 86.5342 24.0651 0
      vertex 77.2 43.2 0
    endloop
  endfacet
  facet normal 0 0 1
    outer loop
      vertex 86.5342 24.0651 0
      vertex 71.5 34 0
      vertex 83.5511 21.4489 0
    endloop
  endfacet
  facet normal 0 0 1
    outer loop
      vertex 83.5511 21.4489 0
      vertex 71.5 34 0
      vertex 80.935 18.4658 0
    endloop
  endfacet
  facet normal 0 0 1
    outer loop
      vertex 80.935 18.4658 0
      vertex 71.5 34 0
      vertex 78.7306 15.1667 0
    endloop
  endfacet
  facet normal -0 0 1
    outer loop
      vertex 107.5 81.05 0
      vertex 132.8 80.8 0
      vertex 107.5 83.55 0
    endloop
  endfacet
  facet normal -0 0 1
    outer loop
      vertex 102.5 81.05 0
      vertex 132.8 80.8 0
      vertex 107.5 81.05 0
    endloop
  endfacet
  facet normal 0 0 1
    outer loop
      vertex 102.5 81.05 0
      vertex 77.2 80.8 0
      vertex 132.8 80.8 0
    endloop
  endfacet
  facet normal 0 0 1
    outer loop
      vertex 77.2 80.8 0
      vertex 102.5 81.05 0
      vertex 97.7 88.7 0
    endloop
  endfacet
  facet normal 0 0 1
    outer loop
      vertex 112.851 29.2997 0
      vertex 107.5 40.45 0
      vertex 108.959 30.0738 0
    endloop
  endfacet
  facet normal 0 0 1
    outer loop
      vertex 107.5 40.45 0
      vertex 105 30.3333 0
      vertex 108.959 30.0738 0
    endloop
  endfacet
  facet normal -0 0 1
    outer loop
      vertex 102.5 40.45 0
      vertex 105 30.3333 0
      vertex 107.5 40.45 0
    endloop
  endfacet
  facet normal 0 0 1
    outer loop
      vertex 105 30.3333 0
      vertex 102.5 40.45 0
      vertex 101.041 30.0738 0
    endloop
  endfacet
  facet normal -0 0 1
    outer loop
      vertex 104.3 88.7 0
      vertex 107.5 83.55 0
      vertex 104.3 95.3 0
    endloop
  endfacet
  facet normal 0 0 1
    outer loop
      vertex 104.3 88.7 0
      vertex 102.5 83.55 0
      vertex 107.5 83.55 0
    endloop
  endfacet
  facet normal 0 0 1
    outer loop
      vertex 102.5 83.55 0
      vertex 97.7 88.7 0
      vertex 102.5 81.05 0
    endloop
  endfacet
  facet normal -0 0 1
    outer loop
      vertex 97.7 88.7 0
      vertex 102.5 83.55 0
      vertex 104.3 88.7 0
    endloop
  endfacet
  facet normal 0 0 1
    outer loop
      vertex 184.8 -81.3 0
      vertex 164.5 -81.55 0
      vertex 169.5 -81.55 0
    endloop
  endfacet
  facet normal 0 0 1
    outer loop
      vertex 164.5 -81.55 0
      vertex 149.2 -81.3 0
      vertex 164.5 -84.05 0
    endloop
  endfacet
  facet normal -0 0 1
    outer loop
      vertex 149.2 -81.3 0
      vertex 164.5 -81.55 0
      vertex 184.8 -81.3 0
    endloop
  endfacet
  facet normal 0 0 1
    outer loop
      vertex 189.7 3.3 0
      vertex 135.333 0 0
      vertex 189.7 -3.3 0
    endloop
  endfacet
  facet normal 0 0 1
    outer loop
      vertex 135.074 -3.95929 0
      vertex 189.7 -3.3 0
      vertex 135.333 0 0
    endloop
  endfacet
  facet normal -0 0 1
    outer loop
      vertex 164.5 39.95 0
      vertex 189.7 3.3 0
      vertex 169.5 39.95 0
    endloop
  endfacet
  facet normal 0 0 1
    outer loop
      vertex 184.8 42.7 0
      vertex 164.5 42.45 0
      vertex 169.5 42.45 0
    endloop
  endfacet
  facet normal 0 0 1
    outer loop
      vertex 149.2 42.7 0
      vertex 164.5 39.95 0
      vertex 164.5 42.45 0
    endloop
  endfacet
  facet normal 0 0 1
    outer loop
      vertex 141.5 34 0
      vertex 164.5 39.95 0
      vertex 149.2 42.7 0
    endloop
  endfacet
  facet normal 0 -0 1
    outer loop
      vertex 164.5 -39.95 0
      vertex 189.7 -3.3 0
      vertex 135.074 -3.95929 0
    endloop
  endfacet
  facet normal -0 0 1
    outer loop
      vertex 149.2 42.7 0
      vertex 164.5 42.45 0
      vertex 184.8 42.7 0
    endloop
  endfacet
  facet normal 0 0 1
    outer loop
      vertex 184.8 -42.7 0
      vertex 196.3 -3.3 0
      vertex 189.7 -3.3 0
    endloop
  endfacet
  facet normal 0 0 1
    outer loop
      vertex 196.3 -3.3 0
      vertex 184.8 -42.7 0
      vertex 196.3 -88.7 0
    endloop
  endfacet
  facet normal 0 0 1
    outer loop
      vertex 184.8 81.3 0
      vertex 196.3 88.7 0
      vertex 189.7 88.7 0
    endloop
  endfacet
  facet normal 0 0 1
    outer loop
      vertex 196.3 88.7 0
      vertex 184.8 42.7 0
      vertex 196.3 3.3 0
    endloop
  endfacet
  facet normal 0 0 1
    outer loop
      vertex 196.3 88.7 0
      vertex 207.5 102.5 0
      vertex 196.3 95.3 0
    endloop
  endfacet
  facet normal 0 0 1
    outer loop
      vertex 207.5 102.5 0
      vertex 189.7 95.3 0
      vertex 196.3 95.3 0
    endloop
  endfacet
  facet normal 0 0 1
    outer loop
      vertex 169.5 84.05 0
      vertex 189.7 88.7 0
      vertex 189.7 95.3 0
    endloop
  endfacet
  facet normal 0 0 1
    outer loop
      vertex 196.3 3.3 0
      vertex 184.8 42.7 0
      vertex 189.7 3.3 0
    endloop
  endfacet
  facet normal 0 0 1
    outer loop
      vertex 169.5 39.95 0
      vertex 184.8 42.7 0
      vertex 169.5 42.45 0
    endloop
  endfacet
  facet normal 0 0 1
    outer loop
      vertex 184.8 42.7 0
      vertex 169.5 39.95 0
      vertex 189.7 3.3 0
    endloop
  endfacet
  facet normal 0 0 1
    outer loop
      vertex 196.3 88.7 0
      vertex 184.8 81.3 0
      vertex 184.8 42.7 0
    endloop
  endfacet
  facet normal 0 0 1
    outer loop
      vertex 189.7 88.7 0
      vertex 169.5 84.05 0
      vertex 184.8 81.3 0
    endloop
  endfacet
  facet normal -0 0 1
    outer loop
      vertex 146.5 94 0
      vertex 169.5 84.05 0
      vertex 189.7 95.3 0
    endloop
  endfacet
  facet normal 0 0 1
    outer loop
      vertex 164.5 84.05 0
      vertex 149.2 81.3 0
      vertex 164.5 81.55 0
    endloop
  endfacet
  facet normal 0 0 1
    outer loop
      vertex 169.5 84.05 0
      vertex 146.5 94 0
      vertex 164.5 84.05 0
    endloop
  endfacet
  facet normal 0 0 1
    outer loop
      vertex 146.5 94 0
      vertex 189.7 95.3 0
      vertex 207.5 102.5 0
    endloop
  endfacet
  facet normal -0 0 1
    outer loop
      vertex 141.5 46 0
      vertex 149.2 42.7 0
      vertex 149.2 81.3 0
    endloop
  endfacet
  facet normal 0 0 1
    outer loop
      vertex 164.5 39.95 0
      vertex 141.5 34 0
      vertex 135.333 0 0
    endloop
  endfacet
  facet normal 0 0 1
    outer loop
      vertex 164.5 84.05 0
      vertex 146.5 92 0
      vertex 149.2 81.3 0
    endloop
  endfacet
  facet normal 0 0 1
    outer loop
      vertex 164.5 84.05 0
      vertex 146.5 94 0
      vertex 146.5 92 0
    endloop
  endfacet
  facet normal 0 0 1
    outer loop
      vertex 207.5 102.5 0
      vertex 143.5 94 0
      vertex 146.5 94 0
    endloop
  endfacet
  facet normal 0 0 1
    outer loop
      vertex 132.8 80.8 0
      vertex 143.5 92 0
      vertex 143.5 94 0
    endloop
  endfacet
  facet normal 0 0 1
    outer loop
      vertex 143.5 92 0
      vertex 132.8 80.8 0
      vertex 143.5 84 0
    endloop
  endfacet
  facet normal 0 0 1
    outer loop
      vertex 143.5 84 0
      vertex 132.8 80.8 0
      vertex 143.5 82 0
    endloop
  endfacet
  facet normal 0 0 1
    outer loop
      vertex 143.5 82 0
      vertex 132.8 80.8 0
      vertex 141.5 46 0
    endloop
  endfacet
  facet normal 0 0 1
    outer loop
      vertex 132.8 43.2 0
      vertex 138.5 44 0
      vertex 138.5 46 0
    endloop
  endfacet
  facet normal -0 0 1
    outer loop
      vertex 132.8 43.2 0
      vertex 138.5 36 0
      vertex 138.5 44 0
    endloop
  endfacet
  facet normal 0 0 1
    outer loop
      vertex 132.8 43.2 0
      vertex 138.5 34 0
      vertex 138.5 36 0
    endloop
  endfacet
  facet normal 0 0 1
    outer loop
      vertex 138.5 34 0
      vertex 135.074 3.95929 0
      vertex 135.333 0 0
    endloop
  endfacet
  facet normal 0 0 1
    outer loop
      vertex 138.5 34 0
      vertex 134.3 7.85084 0
      vertex 135.074 3.95929 0
    endloop
  endfacet
  facet normal 0 0 1
    outer loop
      vertex 141.5 46 0
      vertex 132.8 80.8 0
      vertex 138.5 46 0
    endloop
  endfacet
  facet normal 0 0 1
    outer loop
      vertex 138.5 34 0
      vertex 133.024 11.6081 0
      vertex 134.3 7.85084 0
    endloop
  endfacet
  facet normal 0 0 1
    outer loop
      vertex 132.8 43.2 0
      vertex 138.5 46 0
      vertex 132.8 80.8 0
    endloop
  endfacet
  facet normal 0 0 1
    outer loop
      vertex 104.3 95.3 0
      vertex 132.8 80.8 0
      vertex 143.5 94 0
    endloop
  endfacet
  facet normal 0 0 1
    outer loop
      vertex 132.8 80.8 0
      vertex 104.3 95.3 0
      vertex 107.5 83.55 0
    endloop
  endfacet
  facet normal 0 0 1
    outer loop
      vertex 207.5 102.5 0
      vertex 104.3 95.3 0
      vertex 143.5 94 0
    endloop
  endfacet
  facet normal 0 0 1
    outer loop
      vertex 207.5 102.5 0
      vertex 97.7 95.3 0
      vertex 104.3 95.3 0
    endloop
  endfacet
  facet normal 0 0 1
    outer loop
      vertex 97.7 95.3 0
      vertex 77.2 80.8 0
      vertex 97.7 88.7 0
    endloop
  endfacet
  facet normal -0 0 1
    outer loop
      vertex 71.5 46 0
      vertex 77.2 43.2 0
      vertex 77.2 80.8 0
    endloop
  endfacet
  facet normal 0 0 1
    outer loop
      vertex 71.5 36 0
      vertex 77.2 43.2 0
      vertex 71.5 44 0
    endloop
  endfacet
  facet normal 0 0 1
    outer loop
      vertex 71.5 34 0
      vertex 77.2 43.2 0
      vertex 71.5 36 0
    endloop
  endfacet
  facet normal 0 0 1
    outer loop
      vertex 78.7306 15.1667 0
      vertex 68.5 34 0
      vertex 76.9757 11.6081 0
    endloop
  endfacet
  facet normal 0 0 1
    outer loop
      vertex 77.2 43.2 0
      vertex 71.5 46 0
      vertex 71.5 44 0
    endloop
  endfacet
  facet normal 0 0 1
    outer loop
      vertex 77.2 80.8 0
      vertex 68.5 46 0
      vertex 71.5 46 0
    endloop
  endfacet
  facet normal 0 0 1
    outer loop
      vertex 60.8 42.7 0
      vertex 68.5 44 0
      vertex 68.5 46 0
    endloop
  endfacet
  facet normal 0 0 1
    outer loop
      vertex 68.5 44 0
      vertex 60.8 42.7 0
      vertex 68.5 36 0
    endloop
  endfacet
  facet normal -0 0 1
    outer loop
      vertex 66.5 84 0
      vertex 77.2 80.8 0
      vertex 66.5 92 0
    endloop
  endfacet
  facet normal -0 0 1
    outer loop
      vertex 66.5 92 0
      vertex 77.2 80.8 0
      vertex 66.5 94 0
    endloop
  endfacet
  facet normal 0 0 1
    outer loop
      vertex 97.7 95.3 0
      vertex 66.5 94 0
      vertex 77.2 80.8 0
    endloop
  endfacet
  facet normal -0 0 1
    outer loop
      vertex 2.5 102.5 0
      vertex 97.7 95.3 0
      vertex 207.5 102.5 0
    endloop
  endfacet
  facet normal 0 0 1
    outer loop
      vertex 97.7 95.3 0
      vertex 2.5 102.5 0
      vertex 66.5 94 0
    endloop
  endfacet
  facet normal 0 0 1
    outer loop
      vertex 45.5 84.05 0
      vertex 63.5 92 0
      vertex 63.5 94 0
    endloop
  endfacet
  facet normal 0 0 1
    outer loop
      vertex 63.5 92 0
      vertex 60.8 81.3 0
      vertex 63.5 84 0
    endloop
  endfacet
  facet normal 0 0 1
    outer loop
      vertex 63.5 84 0
      vertex 60.8 81.3 0
      vertex 63.5 82 0
    endloop
  endfacet
  facet normal 0 0 1
    outer loop
      vertex 63.5 92 0
      vertex 45.5 84.05 0
      vertex 60.8 81.3 0
    endloop
  endfacet
  facet normal 0 0 1
    outer loop
      vertex 63.5 94 0
      vertex 40.5 84.05 0
      vertex 45.5 84.05 0
    endloop
  endfacet
  facet normal 0 0 1
    outer loop
      vertex 40.5 84.05 0
      vertex 25.2 81.3 0
      vertex 40.5 81.55 0
    endloop
  endfacet
  facet normal 0 0 1
    outer loop
      vertex 12.3 95.3 0
      vertex 40.5 84.05 0
      vertex 63.5 94 0
    endloop
  endfacet
  facet normal -0 0 1
    outer loop
      vertex 5.7 88.7 0
      vertex 25.2 81.3 0
      vertex 12.3 88.7 0
    endloop
  endfacet
  facet normal 0 -0 1
    outer loop
      vertex 25.2 -42.7 0
      vertex 40.5 -39.95 0
      vertex 12.3 -3.3 0
    endloop
  endfacet
  facet normal -0 0 1
    outer loop
      vertex 12.3 88.7 0
      vertex 25.2 81.3 0
      vertex 12.3 95.3 0
    endloop
  endfacet
  facet normal 0 0 1
    outer loop
      vertex 40.5 84.05 0
      vertex 12.3 95.3 0
      vertex 25.2 81.3 0
    endloop
  endfacet
  facet normal 0 0 1
    outer loop
      vertex 66.5 94 0
      vertex 2.5 102.5 0
      vertex 63.5 94 0
    endloop
  endfacet
  facet normal 0 0 1
    outer loop
      vertex 63.5 94 0
      vertex 2.5 102.5 0
      vertex 12.3 95.3 0
    endloop
  endfacet
  facet normal 0 0 1
    outer loop
      vertex 2.5 102.5 0
      vertex 5.7 88.7 0
      vertex 5.7 95.3 0
    endloop
  endfacet
  facet normal 0 0 1
    outer loop
      vertex 5.7 88.7 0
      vertex 2.5 102.5 0
      vertex 5.7 3.3 0
    endloop
  endfacet
  facet normal 0 0 1
    outer loop
      vertex 5.7 3.3 0
      vertex 2.5 102.5 0
      vertex 5.7 -3.3 0
    endloop
  endfacet
  facet normal 0 0 1
    outer loop
      vertex 2.5 -102.5 0
      vertex 5.7 -3.3 0
      vertex 2.5 102.5 0
    endloop
  endfacet
  facet normal 0 0 1
    outer loop
      vertex 5.7 -3.3 0
      vertex 2.5 -102.5 0
      vertex 5.7 -88.7 0
    endloop
  endfacet
  facet normal 0 0 1
    outer loop
      vertex 12.3 95.3 0
      vertex 2.5 102.5 0
      vertex 5.7 95.3 0
    endloop
  endfacet
  facet normal 0 0 1
    outer loop
      vertex 196.3 3.3 0
      vertex 207.5 102.5 0
      vertex 196.3 88.7 0
    endloop
  endfacet
  facet normal 0 0 1
    outer loop
      vertex 207.5 102.5 0
      vertex 196.3 3.3 0
      vertex 207.5 -102.5 0
    endloop
  endfacet
  facet normal -0 0 1
    outer loop
      vertex 196.3 -3.3 0
      vertex 207.5 -102.5 0
      vertex 196.3 3.3 0
    endloop
  endfacet
  facet normal -0 0 1
    outer loop
      vertex 196.3 -88.7 0
      vertex 207.5 -102.5 0
      vertex 196.3 -3.3 0
    endloop
  endfacet
  facet normal -0 0 1
    outer loop
      vertex 196.3 -95.3 0
      vertex 207.5 -102.5 0
      vertex 196.3 -88.7 0
    endloop
  endfacet
  facet normal -0 0 1
    outer loop
      vertex 189.7 -95.3 0
      vertex 207.5 -102.5 0
      vertex 196.3 -95.3 0
    endloop
  endfacet
  facet normal -0 0 1
    outer loop
      vertex 184.8 -81.3 0
      vertex 196.3 -88.7 0
      vertex 184.8 -42.7 0
    endloop
  endfacet
  facet normal 0 0 1
    outer loop
      vertex 196.3 -88.7 0
      vertex 184.8 -81.3 0
      vertex 189.7 -88.7 0
    endloop
  endfacet
  facet normal -0 0 1
    outer loop
      vertex 169.5 -84.05 0
      vertex 189.7 -88.7 0
      vertex 184.8 -81.3 0
    endloop
  endfacet
  facet normal 0 0 1
    outer loop
      vertex 169.5 -84.05 0
      vertex 184.8 -81.3 0
      vertex 169.5 -81.55 0
    endloop
  endfacet
  facet normal 0 0 1
    outer loop
      vertex 189.7 -88.7 0
      vertex 169.5 -84.05 0
      vertex 189.7 -95.3 0
    endloop
  endfacet
  facet normal -0 0 1
    outer loop
      vertex 164.5 -84.05 0
      vertex 189.7 -95.3 0
      vertex 169.5 -84.05 0
    endloop
  endfacet
  facet normal 0 0 1
    outer loop
      vertex 149.2 -81.3 0
      vertex 189.7 -95.3 0
      vertex 164.5 -84.05 0
    endloop
  endfacet
  facet normal -0 0 1
    outer loop
      vertex 60.8 -81.3 0
      vertex 189.7 -95.3 0
      vertex 149.2 -81.3 0
    endloop
  endfacet
  facet normal -0 0 1
    outer loop
      vertex 146.5 84 0
      vertex 149.2 81.3 0
      vertex 146.5 92 0
    endloop
  endfacet
  facet normal -0 0 1
    outer loop
      vertex 146.5 82 0
      vertex 149.2 81.3 0
      vertex 146.5 84 0
    endloop
  endfacet
  facet normal -0 0 1
    outer loop
      vertex 143.5 82 0
      vertex 149.2 81.3 0
      vertex 146.5 82 0
    endloop
  endfacet
  facet normal 0 0 1
    outer loop
      vertex 149.2 81.3 0
      vertex 143.5 82 0
      vertex 141.5 46 0
    endloop
  endfacet
  facet normal 0 0 1
    outer loop
      vertex 149.2 42.7 0
      vertex 141.5 46 0
      vertex 141.5 44 0
    endloop
  endfacet
  facet normal 0 0 1
    outer loop
      vertex 149.2 42.7 0
      vertex 141.5 44 0
      vertex 141.5 36 0
    endloop
  endfacet
  facet normal 0 0 1
    outer loop
      vertex 149.2 42.7 0
      vertex 141.5 36 0
      vertex 141.5 34 0
    endloop
  endfacet
  facet normal 0 0 1
    outer loop
      vertex 189.7 -3.3 0
      vertex 164.5 -39.95 0
      vertex 169.5 -39.95 0
    endloop
  endfacet
  facet normal 0 0 1
    outer loop
      vertex 135.333 0 0
      vertex 141.5 34 0
      vertex 138.5 34 0
    endloop
  endfacet
  facet normal -0 0 1
    outer loop
      vertex 134.3 -7.85084 0
      vertex 164.5 -39.95 0
      vertex 135.074 -3.95929 0
    endloop
  endfacet
  facet normal -0 0 1
    outer loop
      vertex 133.024 -11.6081 0
      vertex 164.5 -39.95 0
      vertex 134.3 -7.85084 0
    endloop
  endfacet
  facet normal 0 0 1
    outer loop
      vertex 164.5 -39.95 0
      vertex 133.024 -11.6081 0
      vertex 149.2 -42.7 0
    endloop
  endfacet
  facet normal -0 0 1
    outer loop
      vertex 131.269 -15.1667 0
      vertex 149.2 -42.7 0
      vertex 133.024 -11.6081 0
    endloop
  endfacet
  facet normal -0 0 1
    outer loop
      vertex 129.065 -18.4658 0
      vertex 149.2 -42.7 0
      vertex 131.269 -15.1667 0
    endloop
  endfacet
  facet normal -0 0 1
    outer loop
      vertex 126.449 -21.4489 0
      vertex 149.2 -42.7 0
      vertex 129.065 -18.4658 0
    endloop
  endfacet
  facet normal -0 0 1
    outer loop
      vertex 123.466 -24.0651 0
      vertex 149.2 -42.7 0
      vertex 126.449 -21.4489 0
    endloop
  endfacet
  facet normal -0 0 1
    outer loop
      vertex 120.167 -26.2694 0
      vertex 149.2 -42.7 0
      vertex 123.466 -24.0651 0
    endloop
  endfacet
  facet normal -0 0 1
    outer loop
      vertex 116.608 -28.0243 0
      vertex 149.2 -42.7 0
      vertex 120.167 -26.2694 0
    endloop
  endfacet
  facet normal -0 0 1
    outer loop
      vertex 112.851 -29.2997 0
      vertex 149.2 -42.7 0
      vertex 116.608 -28.0243 0
    endloop
  endfacet
  facet normal 0 0 1
    outer loop
      vertex 149.2 -42.7 0
      vertex 112.851 -29.2997 0
      vertex 149.2 -81.3 0
    endloop
  endfacet
  facet normal -0 0 1
    outer loop
      vertex 108.959 -30.0738 0
      vertex 149.2 -81.3 0
      vertex 112.851 -29.2997 0
    endloop
  endfacet
  facet normal -0 0 1
    outer loop
      vertex 105 -30.3333 0
      vertex 149.2 -81.3 0
      vertex 108.959 -30.0738 0
    endloop
  endfacet
  facet normal 0 0 1
    outer loop
      vertex 60.8 -81.3 0
      vertex 105 -30.3333 0
      vertex 101.041 -30.0738 0
    endloop
  endfacet
  facet normal 0 0 1
    outer loop
      vertex 60.8 -81.3 0
      vertex 101.041 -30.0738 0
      vertex 97.1492 -29.2997 0
    endloop
  endfacet
  facet normal 0 0 1
    outer loop
      vertex 60.8 -42.7 0
      vertex 97.1492 -29.2997 0
      vertex 93.3919 -28.0243 0
    endloop
  endfacet
  facet normal 0 0 1
    outer loop
      vertex 60.8 -42.7 0
      vertex 93.3919 -28.0243 0
      vertex 89.8333 -26.2694 0
    endloop
  endfacet
  facet normal 0 0 1
    outer loop
      vertex 60.8 -42.7 0
      vertex 89.8333 -26.2694 0
      vertex 86.5342 -24.0651 0
    endloop
  endfacet
  facet normal 0 0 1
    outer loop
      vertex 60.8 -42.7 0
      vertex 86.5342 -24.0651 0
      vertex 83.5511 -21.4489 0
    endloop
  endfacet
  facet normal -0 0 1
    outer loop
      vertex 68.5 34 0
      vertex 78.7306 15.1667 0
      vertex 71.5 34 0
    endloop
  endfacet
  facet normal 0 0 1
    outer loop
      vertex 76.9757 11.6081 0
      vertex 68.5 34 0
      vertex 75.7002 7.85084 0
    endloop
  endfacet
  facet normal 0 0 1
    outer loop
      vertex 60.8 42.7 0
      vertex 45.5 39.95 0
      vertex 68.5 34 0
    endloop
  endfacet
  facet normal 0 0 1
    outer loop
      vertex 45.5 39.95 0
      vertex 60.8 42.7 0
      vertex 45.5 42.45 0
    endloop
  endfacet
  facet normal 0 0 1
    outer loop
      vertex 68.5 34 0
      vertex 45.5 39.95 0
      vertex 75.7002 7.85084 0
    endloop
  endfacet
  facet normal -0 0 1
    outer loop
      vertex 66.5 82 0
      vertex 77.2 80.8 0
      vertex 66.5 84 0
    endloop
  endfacet
  facet normal 0 0 1
    outer loop
      vertex 77.2 80.8 0
      vertex 66.5 82 0
      vertex 68.5 46 0
    endloop
  endfacet
  facet normal -0 0 1
    outer loop
      vertex 60.8 81.3 0
      vertex 68.5 46 0
      vertex 66.5 82 0
    endloop
  endfacet
  facet normal 0 0 1
    outer loop
      vertex 60.8 81.3 0
      vertex 66.5 82 0
      vertex 63.5 82 0
    endloop
  endfacet
  facet normal 0 0 1
    outer loop
      vertex 68.5 46 0
      vertex 60.8 81.3 0
      vertex 60.8 42.7 0
    endloop
  endfacet
  facet normal 0 0 1
    outer loop
      vertex 68.5 36 0
      vertex 60.8 42.7 0
      vertex 68.5 34 0
    endloop
  endfacet
  facet normal 0 0 1
    outer loop
      vertex 75.7002 7.85084 0
      vertex 45.5 39.95 0
      vertex 74.9262 3.95929 0
    endloop
  endfacet
  facet normal 0 0 1
    outer loop
      vertex 74.6667 0 0
      vertex 60.8 -42.7 0
      vertex 74.9262 -3.95929 0
    endloop
  endfacet
  facet normal 0 0 1
    outer loop
      vertex 74.9262 -3.95929 0
      vertex 60.8 -42.7 0
      vertex 75.7002 -7.85084 0
    endloop
  endfacet
  facet normal 0 0 1
    outer loop
      vertex 60.8 -42.7 0
      vertex 76.9757 -11.6081 0
      vertex 75.7002 -7.85084 0
    endloop
  endfacet
  facet normal 0 0 1
    outer loop
      vertex 60.8 -42.7 0
      vertex 78.7306 -15.1667 0
      vertex 76.9757 -11.6081 0
    endloop
  endfacet
  facet normal 0 0 1
    outer loop
      vertex 60.8 -42.7 0
      vertex 80.935 -18.4658 0
      vertex 78.7306 -15.1667 0
    endloop
  endfacet
  facet normal 0 0 1
    outer loop
      vertex 60.8 -42.7 0
      vertex 83.5511 -21.4489 0
      vertex 80.935 -18.4658 0
    endloop
  endfacet
  facet normal 0 0 1
    outer loop
      vertex 97.1492 -29.2997 0
      vertex 60.8 -42.7 0
      vertex 60.8 -81.3 0
    endloop
  endfacet
  facet normal 0 0 1
    outer loop
      vertex 105 -30.3333 0
      vertex 60.8 -81.3 0
      vertex 149.2 -81.3 0
    endloop
  endfacet
  facet normal 0 0 1
    outer loop
      vertex 2.5 -102.5 0
      vertex 189.7 -95.3 0
      vertex 60.8 -81.3 0
    endloop
  endfacet
  facet normal 0 0 1
    outer loop
      vertex 45.5 -84.05 0
      vertex 60.8 -81.3 0
      vertex 45.5 -81.55 0
    endloop
  endfacet
  facet normal 0 0 1
    outer loop
      vertex 2.5 -102.5 0
      vertex 60.8 -81.3 0
      vertex 45.5 -84.05 0
    endloop
  endfacet
  facet normal 0 0 1
    outer loop
      vertex 12.3 -95.3 0
      vertex 45.5 -84.05 0
      vertex 40.5 -84.05 0
    endloop
  endfacet
  facet normal 0 0 1
    outer loop
      vertex 25.2 81.3 0
      vertex 5.7 88.7 0
      vertex 25.2 42.7 0
    endloop
  endfacet
  facet normal 0 0 1
    outer loop
      vertex 40.5 -39.95 0
      vertex 25.2 -42.7 0
      vertex 40.5 -42.45 0
    endloop
  endfacet
  facet normal -0 0 1
    outer loop
      vertex 5.7 -3.3 0
      vertex 25.2 -42.7 0
      vertex 12.3 -3.3 0
    endloop
  endfacet
  facet normal 0 0 1
    outer loop
      vertex 25.2 -42.7 0
      vertex 12.3 -88.7 0
      vertex 25.2 -81.3 0
    endloop
  endfacet
  facet normal 0 0 1
    outer loop
      vertex 12.3 -95.3 0
      vertex 25.2 -81.3 0
      vertex 12.3 -88.7 0
    endloop
  endfacet
  facet normal 0 0 1
    outer loop
      vertex 25.2 -81.3 0
      vertex 12.3 -95.3 0
      vertex 40.5 -84.05 0
    endloop
  endfacet
  facet normal 0 0 1
    outer loop
      vertex 45.5 -84.05 0
      vertex 12.3 -95.3 0
      vertex 2.5 -102.5 0
    endloop
  endfacet
  facet normal 0 0 1
    outer loop
      vertex 2.5 -102.5 0
      vertex 12.3 -95.3 0
      vertex 5.7 -95.3 0
    endloop
  endfacet
  facet normal 0 0 1
    outer loop
      vertex 189.7 -95.3 0
      vertex 2.5 -102.5 0
      vertex 207.5 -102.5 0
    endloop
  endfacet
  facet normal 0 0 1
    outer loop
      vertex 5.7 -88.7 0
      vertex 2.5 -102.5 0
      vertex 5.7 -95.3 0
    endloop
  endfacet
  facet normal -0 0 1
    outer loop
      vertex 169.5 81.55 0
      vertex 184.8 81.3 0
      vertex 169.5 84.05 0
    endloop
  endfacet
  facet normal -0 0 1
    outer loop
      vertex 164.5 81.55 0
      vertex 184.8 81.3 0
      vertex 169.5 81.55 0
    endloop
  endfacet
  facet normal 0 0 1
    outer loop
      vertex 184.8 81.3 0
      vertex 164.5 81.55 0
      vertex 149.2 81.3 0
    endloop
  endfacet
  facet normal 0 0 1
    outer loop
      vertex 135.333 0 0
      vertex 189.7 3.3 0
      vertex 164.5 39.95 0
    endloop
  endfacet
  facet normal 0 0 1
    outer loop
      vertex 189.7 -3.3 0
      vertex 169.5 -39.95 0
      vertex 184.8 -42.7 0
    endloop
  endfacet
  facet normal -0 0 1
    outer loop
      vertex 169.5 -42.45 0
      vertex 184.8 -42.7 0
      vertex 169.5 -39.95 0
    endloop
  endfacet
  facet normal -0 0 1
    outer loop
      vertex 164.5 -42.45 0
      vertex 184.8 -42.7 0
      vertex 169.5 -42.45 0
    endloop
  endfacet
  facet normal 0 0 1
    outer loop
      vertex 164.5 -42.45 0
      vertex 149.2 -42.7 0
      vertex 184.8 -42.7 0
    endloop
  endfacet
  facet normal 0 0 1
    outer loop
      vertex 164.5 -39.95 0
      vertex 149.2 -42.7 0
      vertex 164.5 -42.45 0
    endloop
  endfacet
  facet normal 0 0 1
    outer loop
      vertex 133.091 3.69824 0
      vertex 133.091 -3.69824 0
      vertex 133.333 0 0
    endloop
  endfacet
  facet normal 0 0 1
    outer loop
      vertex 132.368 7.33321 0
      vertex 133.091 -3.69824 0
      vertex 133.091 3.69824 0
    endloop
  endfacet
  facet normal 0 0 1
    outer loop
      vertex 132.368 7.33321 0
      vertex 132.368 -7.33321 0
      vertex 133.091 -3.69824 0
    endloop
  endfacet
  facet normal 0 0 1
    outer loop
      vertex 131.177 10.8427 0
      vertex 132.368 -7.33321 0
      vertex 132.368 7.33321 0
    endloop
  endfacet
  facet normal 0 0 1
    outer loop
      vertex 131.177 10.8427 0
      vertex 131.177 -10.8427 0
      vertex 132.368 -7.33321 0
    endloop
  endfacet
  facet normal 0 0 1
    outer loop
      vertex 129.537 14.1667 0
      vertex 131.177 -10.8427 0
      vertex 131.177 10.8427 0
    endloop
  endfacet
  facet normal 0 0 1
    outer loop
      vertex 129.537 14.1667 0
      vertex 129.537 -14.1667 0
      vertex 131.177 -10.8427 0
    endloop
  endfacet
  facet normal 0 0 1
    outer loop
      vertex 127.478 17.2482 0
      vertex 129.537 -14.1667 0
      vertex 129.537 14.1667 0
    endloop
  endfacet
  facet normal 0 0 1
    outer loop
      vertex 127.478 17.2482 0
      vertex 127.478 -17.2482 0
      vertex 129.537 -14.1667 0
    endloop
  endfacet
  facet normal 0 0 1
    outer loop
      vertex 125.035 20.0347 0
      vertex 127.478 -17.2482 0
      vertex 127.478 17.2482 0
    endloop
  endfacet
  facet normal 0 0 1
    outer loop
      vertex 125.035 20.0347 0
      vertex 125.035 -20.0347 0
      vertex 127.478 -17.2482 0
    endloop
  endfacet
  facet normal 0 0 1
    outer loop
      vertex 122.248 22.4783 0
      vertex 125.035 -20.0347 0
      vertex 125.035 20.0347 0
    endloop
  endfacet
  facet normal 0 0 1
    outer loop
      vertex 122.248 22.4783 0
      vertex 122.248 -22.4783 0
      vertex 125.035 -20.0347 0
    endloop
  endfacet
  facet normal 0 0 1
    outer loop
      vertex 119.167 24.5374 0
      vertex 122.248 -22.4783 0
      vertex 122.248 22.4783 0
    endloop
  endfacet
  facet normal 0 0 1
    outer loop
      vertex 119.167 24.5374 0
      vertex 119.167 -24.5374 0
      vertex 122.248 -22.4783 0
    endloop
  endfacet
  facet normal 0 0 1
    outer loop
      vertex 115.843 26.1766 0
      vertex 119.167 -24.5374 0
      vertex 119.167 24.5374 0
    endloop
  endfacet
  facet normal 0 0 1
    outer loop
      vertex 115.843 26.1766 0
      vertex 115.843 -26.1766 0
      vertex 119.167 -24.5374 0
    endloop
  endfacet
  facet normal 0 0 1
    outer loop
      vertex 112.333 27.3679 0
      vertex 115.843 -26.1766 0
      vertex 115.843 26.1766 0
    endloop
  endfacet
  facet normal 0 0 1
    outer loop
      vertex 112.333 27.3679 0
      vertex 112.333 -27.3679 0
      vertex 115.843 -26.1766 0
    endloop
  endfacet
  facet normal 0 0 1
    outer loop
      vertex 108.698 28.0909 0
      vertex 112.333 -27.3679 0
      vertex 112.333 27.3679 0
    endloop
  endfacet
  facet normal 0 0 1
    outer loop
      vertex 108.698 28.0909 0
      vertex 108.698 -28.0909 0
      vertex 112.333 -27.3679 0
    endloop
  endfacet
  facet normal 0 0 1
    outer loop
      vertex 105 28.3333 0
      vertex 108.698 -28.0909 0
      vertex 108.698 28.0909 0
    endloop
  endfacet
  facet normal 0 0 1
    outer loop
      vertex 105 28.3333 0
      vertex 105 -28.3333 0
      vertex 108.698 -28.0909 0
    endloop
  endfacet
  facet normal -0 0 1
    outer loop
      vertex 101.302 28.0909 0
      vertex 105 -28.3333 0
      vertex 105 28.3333 0
    endloop
  endfacet
  facet normal 0 0 1
    outer loop
      vertex 101.302 28.0909 0
      vertex 101.302 -28.0909 0
      vertex 105 -28.3333 0
    endloop
  endfacet
  facet normal -0 0 1
    outer loop
      vertex 97.6668 27.3679 0
      vertex 101.302 -28.0909 0
      vertex 101.302 28.0909 0
    endloop
  endfacet
  facet normal 0 0 1
    outer loop
      vertex 97.6668 27.3679 0
      vertex 97.6668 -27.3679 0
      vertex 101.302 -28.0909 0
    endloop
  endfacet
  facet normal -0 0 1
    outer loop
      vertex 94.1573 26.1766 0
      vertex 97.6668 -27.3679 0
      vertex 97.6668 27.3679 0
    endloop
  endfacet
  facet normal 0 0 1
    outer loop
      vertex 94.1573 26.1766 0
      vertex 94.1573 -26.1766 0
      vertex 97.6668 -27.3679 0
    endloop
  endfacet
  facet normal -0 0 1
    outer loop
      vertex 90.8333 24.5374 0
      vertex 94.1573 -26.1766 0
      vertex 94.1573 26.1766 0
    endloop
  endfacet
  facet normal 0 0 1
    outer loop
      vertex 90.8333 24.5374 0
      vertex 90.8333 -24.5374 0
      vertex 94.1573 -26.1766 0
    endloop
  endfacet
  facet normal -0 0 1
    outer loop
      vertex 87.7518 22.4783 0
      vertex 90.8333 -24.5374 0
      vertex 90.8333 24.5374 0
    endloop
  endfacet
  facet normal 0 0 1
    outer loop
      vertex 87.7518 22.4783 0
      vertex 87.7518 -22.4783 0
      vertex 90.8333 -24.5374 0
    endloop
  endfacet
  facet normal -0 0 1
    outer loop
      vertex 84.9653 20.0347 0
      vertex 87.7518 -22.4783 0
      vertex 87.7518 22.4783 0
    endloop
  endfacet
  facet normal 0 0 1
    outer loop
      vertex 84.9653 20.0347 0
      vertex 84.9653 -20.0347 0
      vertex 87.7518 -22.4783 0
    endloop
  endfacet
  facet normal -0 0 1
    outer loop
      vertex 82.5217 17.2482 0
      vertex 84.9653 -20.0347 0
      vertex 84.9653 20.0347 0
    endloop
  endfacet
  facet normal 0 0 1
    outer loop
      vertex 82.5217 17.2482 0
      vertex 82.5217 -17.2482 0
      vertex 84.9653 -20.0347 0
    endloop
  endfacet
  facet normal -0 0 1
    outer loop
      vertex 80.4626 14.1667 0
      vertex 82.5217 -17.2482 0
      vertex 82.5217 17.2482 0
    endloop
  endfacet
  facet normal 0 0 1
    outer loop
      vertex 80.4626 14.1667 0
      vertex 80.4626 -14.1667 0
      vertex 82.5217 -17.2482 0
    endloop
  endfacet
  facet normal -0 0 1
    outer loop
      vertex 78.8234 10.8427 0
      vertex 80.4626 -14.1667 0
      vertex 80.4626 14.1667 0
    endloop
  endfacet
  facet normal 0 0 1
    outer loop
      vertex 78.8234 10.8427 0
      vertex 78.8234 -10.8427 0
      vertex 80.4626 -14.1667 0
    endloop
  endfacet
  facet normal -0 0 1
    outer loop
      vertex 77.6321 7.33321 0
      vertex 78.8234 -10.8427 0
      vertex 78.8234 10.8427 0
    endloop
  endfacet
  facet normal 0 0 1
    outer loop
      vertex 77.6321 7.33321 0
      vertex 77.6321 -7.33321 0
      vertex 78.8234 -10.8427 0
    endloop
  endfacet
  facet normal -0 0 1
    outer loop
      vertex 76.9091 3.69824 0
      vertex 77.6321 -7.33321 0
      vertex 77.6321 7.33321 0
    endloop
  endfacet
  facet normal 0 0 1
    outer loop
      vertex 76.9091 3.69824 0
      vertex 76.9091 -3.69824 0
      vertex 77.6321 -7.33321 0
    endloop
  endfacet
  facet normal 0 -0 1
    outer loop
      vertex 76.9091 -3.69824 0
      vertex 76.9091 3.69824 0
      vertex 76.6667 0 0
    endloop
  endfacet
  facet normal 0 -1 0
    outer loop
      vertex 149.2 42.7 0
      vertex 184.8 42.7 6.8
      vertex 149.2 42.7 6.8
    endloop
  endfacet
  facet normal 0 -1 -0
    outer loop
      vertex 184.8 42.7 6.8
      vertex 149.2 42.7 0
      vertex 184.8 42.7 0
    endloop
  endfacet
  facet normal 0 1 -0
    outer loop
      vertex 184.8 81.3 0
      vertex 149.2 81.3 6.8
      vertex 184.8 81.3 6.8
    endloop
  endfacet
  facet normal 0 1 0
    outer loop
      vertex 149.2 81.3 6.8
      vertex 184.8 81.3 0
      vertex 149.2 81.3 0
    endloop
  endfacet
  facet normal -0 0 1
    outer loop
      vertex 149.2 78.8 4
      vertex 184.8 77.3 4
      vertex 184.8 78.8 4
    endloop
  endfacet
  facet normal 0 0 1
    outer loop
      vertex 184.8 77.3 4
      vertex 149.2 78.8 4
      vertex 149.2 77.3 4
    endloop
  endfacet
  facet normal -0 0 1
    outer loop
      vertex 149.2 46.7 4
      vertex 184.8 45.2 4
      vertex 184.8 46.7 4
    endloop
  endfacet
  facet normal 0 0 1
    outer loop
      vertex 184.8 45.2 4
      vertex 149.2 46.7 4
      vertex 149.2 45.2 4
    endloop
  endfacet
  facet normal 0 1 -0
    outer loop
      vertex 184.8 45.2 4
      vertex 149.2 45.2 6.8
      vertex 184.8 45.2 6.8
    endloop
  endfacet
  facet normal 0 1 0
    outer loop
      vertex 149.2 45.2 6.8
      vertex 184.8 45.2 4
      vertex 149.2 45.2 4
    endloop
  endfacet
  facet normal 0 -1 0
    outer loop
      vertex 149.2 78.8 4
      vertex 184.8 78.8 6.8
      vertex 149.2 78.8 6.8
    endloop
  endfacet
  facet normal 0 -1 -0
    outer loop
      vertex 184.8 78.8 6.8
      vertex 149.2 78.8 4
      vertex 184.8 78.8 4
    endloop
  endfacet
  facet normal 0 -1 0
    outer loop
      vertex 149.2 77.3 1.5
      vertex 184.8 77.3 4
      vertex 149.2 77.3 4
    endloop
  endfacet
  facet normal 0 -1 -0
    outer loop
      vertex 184.8 77.3 4
      vertex 149.2 77.3 1.5
      vertex 184.8 77.3 1.5
    endloop
  endfacet
  facet normal -0 0 1
    outer loop
      vertex 149.2 77.3 1.5
      vertex 184.8 46.7 1.5
      vertex 184.8 77.3 1.5
    endloop
  endfacet
  facet normal 0 0 1
    outer loop
      vertex 184.8 46.7 1.5
      vertex 149.2 77.3 1.5
      vertex 149.2 46.7 1.5
    endloop
  endfacet
  facet normal 0 1 -0
    outer loop
      vertex 184.8 46.7 1.5
      vertex 149.2 46.7 4
      vertex 184.8 46.7 4
    endloop
  endfacet
  facet normal 0 1 0
    outer loop
      vertex 149.2 46.7 4
      vertex 184.8 46.7 1.5
      vertex 149.2 46.7 1.5
    endloop
  endfacet
  facet normal -1 0 0
    outer loop
      vertex 25.2 81.3 0
      vertex 25.2 78.8 4
      vertex 25.2 81.3 6.8
    endloop
  endfacet
  facet normal -1 0 0
    outer loop
      vertex 25.2 81.3 0
      vertex 25.2 77.3 1.5
      vertex 25.2 78.8 4
    endloop
  endfacet
  facet normal -1 0 0
    outer loop
      vertex 25.2 81.3 0
      vertex 25.2 46.7 1.5
      vertex 25.2 77.3 1.5
    endloop
  endfacet
  facet normal -1 0 0
    outer loop
      vertex 25.2 46.7 1.5
      vertex 25.2 45.2 4
      vertex 25.2 46.7 4
    endloop
  endfacet
  facet normal -1 0 0
    outer loop
      vertex 25.2 42.7 0
      vertex 25.2 46.7 1.5
      vertex 25.2 81.3 0
    endloop
  endfacet
  facet normal -1 0 0
    outer loop
      vertex 25.2 42.7 0
      vertex 25.2 45.2 4
      vertex 25.2 46.7 1.5
    endloop
  endfacet
  facet normal -1 0 0
    outer loop
      vertex 25.2 42.7 6.8
      vertex 25.2 45.2 4
      vertex 25.2 42.7 0
    endloop
  endfacet
  facet normal -1 0 0
    outer loop
      vertex 25.2 45.2 4
      vertex 25.2 42.7 6.8
      vertex 25.2 45.2 6.8
    endloop
  endfacet
  facet normal -1 -0 0
    outer loop
      vertex 25.2 81.3 6.8
      vertex 25.2 78.8 4
      vertex 25.2 78.8 6.8
    endloop
  endfacet
  facet normal -1 -0 0
    outer loop
      vertex 25.2 78.8 4
      vertex 25.2 77.3 1.5
      vertex 25.2 77.3 4
    endloop
  endfacet
  facet normal -0 0 1
    outer loop
      vertex 25.2 45.2 6.8
      vertex 60.8 42.7 6.8
      vertex 60.8 45.2 6.8
    endloop
  endfacet
  facet normal 0 0 1
    outer loop
      vertex 60.8 42.7 6.8
      vertex 25.2 45.2 6.8
      vertex 25.2 42.7 6.8
    endloop
  endfacet
  facet normal -0 0 1
    outer loop
      vertex 25.2 81.3 6.8
      vertex 60.8 78.8 6.8
      vertex 60.8 81.3 6.8
    endloop
  endfacet
  facet normal 0 0 1
    outer loop
      vertex 60.8 78.8 6.8
      vertex 25.2 81.3 6.8
      vertex 25.2 78.8 6.8
    endloop
  endfacet
  facet normal 1 0 0
    outer loop
      vertex 60.8 45.2 6.8
      vertex 60.8 42.7 6.8
      vertex 60.8 45.2 4
    endloop
  endfacet
  facet normal 1 0 0
    outer loop
      vertex 60.8 46.7 4
      vertex 60.8 45.2 4
      vertex 60.8 46.7 1.5
    endloop
  endfacet
  facet normal 1 0 0
    outer loop
      vertex 60.8 78.8 4
      vertex 60.8 81.3 6.8
      vertex 60.8 78.8 6.8
    endloop
  endfacet
  facet normal 1 0 0
    outer loop
      vertex 60.8 81.3 6.8
      vertex 60.8 78.8 4
      vertex 60.8 81.3 0
    endloop
  endfacet
  facet normal 1 0 0
    outer loop
      vertex 60.8 77.3 1.5
      vertex 60.8 78.8 4
      vertex 60.8 77.3 4
    endloop
  endfacet
  facet normal 1 0 0
    outer loop
      vertex 60.8 78.8 4
      vertex 60.8 77.3 1.5
      vertex 60.8 81.3 0
    endloop
  endfacet
  facet normal 1 -0 0
    outer loop
      vertex 60.8 46.7 1.5
      vertex 60.8 81.3 0
      vertex 60.8 77.3 1.5
    endloop
  endfacet
  facet normal 1 0 0
    outer loop
      vertex 60.8 42.7 0
      vertex 60.8 45.2 4
      vertex 60.8 42.7 6.8
    endloop
  endfacet
  facet normal 1 0 0
    outer loop
      vertex 60.8 46.7 1.5
      vertex 60.8 42.7 0
      vertex 60.8 81.3 0
    endloop
  endfacet
  facet normal 1 0 0
    outer loop
      vertex 60.8 45.2 4
      vertex 60.8 42.7 0
      vertex 60.8 46.7 1.5
    endloop
  endfacet
  facet normal 0 -1 0
    outer loop
      vertex 25.2 42.7 0
      vertex 60.8 42.7 6.8
      vertex 25.2 42.7 6.8
    endloop
  endfacet
  facet normal 0 -1 -0
    outer loop
      vertex 60.8 42.7 6.8
      vertex 25.2 42.7 0
      vertex 60.8 42.7 0
    endloop
  endfacet
  facet normal 0 1 -0
    outer loop
      vertex 60.8 81.3 0
      vertex 25.2 81.3 6.8
      vertex 60.8 81.3 6.8
    endloop
  endfacet
  facet normal 0 1 0
    outer loop
      vertex 25.2 81.3 6.8
      vertex 60.8 81.3 0
      vertex 25.2 81.3 0
    endloop
  endfacet
  facet normal -0 0 1
    outer loop
      vertex 25.2 78.8 4
      vertex 60.8 77.3 4
      vertex 60.8 78.8 4
    endloop
  endfacet
  facet normal 0 0 1
    outer loop
      vertex 60.8 77.3 4
      vertex 25.2 78.8 4
      vertex 25.2 77.3 4
    endloop
  endfacet
  facet normal -0 0 1
    outer loop
      vertex 25.2 46.7 4
      vertex 60.8 45.2 4
      vertex 60.8 46.7 4
    endloop
  endfacet
  facet normal 0 0 1
    outer loop
      vertex 60.8 45.2 4
      vertex 25.2 46.7 4
      vertex 25.2 45.2 4
    endloop
  endfacet
  facet normal 0 1 -0
    outer loop
      vertex 60.8 45.2 4
      vertex 25.2 45.2 6.8
      vertex 60.8 45.2 6.8
    endloop
  endfacet
  facet normal 0 1 0
    outer loop
      vertex 25.2 45.2 6.8
      vertex 60.8 45.2 4
      vertex 25.2 45.2 4
    endloop
  endfacet
  facet normal 0 -1 0
    outer loop
      vertex 25.2 78.8 4
      vertex 60.8 78.8 6.8
      vertex 25.2 78.8 6.8
    endloop
  endfacet
  facet normal 0 -1 -0
    outer loop
      vertex 60.8 78.8 6.8
      vertex 25.2 78.8 4
      vertex 60.8 78.8 4
    endloop
  endfacet
  facet normal 0 -1 0
    outer loop
      vertex 25.2 77.3 1.5
      vertex 60.8 77.3 4
      vertex 25.2 77.3 4
    endloop
  endfacet
  facet normal 0 -1 -0
    outer loop
      vertex 60.8 77.3 4
      vertex 25.2 77.3 1.5
      vertex 60.8 77.3 1.5
    endloop
  endfacet
  facet normal -0 0 1
    outer loop
      vertex 25.2 77.3 1.5
      vertex 60.8 46.7 1.5
      vertex 60.8 77.3 1.5
    endloop
  endfacet
  facet normal 0 0 1
    outer loop
      vertex 60.8 46.7 1.5
      vertex 25.2 77.3 1.5
      vertex 25.2 46.7 1.5
    endloop
  endfacet
  facet normal 0 1 -0
    outer loop
      vertex 60.8 46.7 1.5
      vertex 25.2 46.7 4
      vertex 60.8 46.7 4
    endloop
  endfacet
  facet normal 0 1 0
    outer loop
      vertex 25.2 46.7 4
      vertex 60.8 46.7 1.5
      vertex 25.2 46.7 1.5
    endloop
  endfacet
  facet normal -1 0 0
    outer loop
      vertex 25.2 -42.7 0
      vertex 25.2 -45.2 4
      vertex 25.2 -42.7 6.8
    endloop
  endfacet
  facet normal -1 0 0
    outer loop
      vertex 25.2 -42.7 0
      vertex 25.2 -46.7 1.5
      vertex 25.2 -45.2 4
    endloop
  endfacet
  facet normal -1 0 0
    outer loop
      vertex 25.2 -42.7 0
      vertex 25.2 -77.3 1.5
      vertex 25.2 -46.7 1.5
    endloop
  endfacet
  facet normal -1 0 0
    outer loop
      vertex 25.2 -77.3 1.5
      vertex 25.2 -78.8 4
      vertex 25.2 -77.3 4
    endloop
  endfacet
  facet normal -1 0 0
    outer loop
      vertex 25.2 -81.3 0
      vertex 25.2 -77.3 1.5
      vertex 25.2 -42.7 0
    endloop
  endfacet
  facet normal -1 0 0
    outer loop
      vertex 25.2 -81.3 0
      vertex 25.2 -78.8 4
      vertex 25.2 -77.3 1.5
    endloop
  endfacet
  facet normal -1 0 0
    outer loop
      vertex 25.2 -81.3 6.8
      vertex 25.2 -78.8 4
      vertex 25.2 -81.3 0
    endloop
  endfacet
  facet normal -1 0 0
    outer loop
      vertex 25.2 -78.8 4
      vertex 25.2 -81.3 6.8
      vertex 25.2 -78.8 6.8
    endloop
  endfacet
  facet normal -1 -0 0
    outer loop
      vertex 25.2 -42.7 6.8
      vertex 25.2 -45.2 4
      vertex 25.2 -45.2 6.8
    endloop
  endfacet
  facet normal -1 -0 0
    outer loop
      vertex 25.2 -45.2 4
      vertex 25.2 -46.7 1.5
      vertex 25.2 -46.7 4
    endloop
  endfacet
  facet normal -0 0 1
    outer loop
      vertex 25.2 -78.8 6.8
      vertex 60.8 -81.3 6.8
      vertex 60.8 -78.8 6.8
    endloop
  endfacet
  facet normal 0 0 1
    outer loop
      vertex 60.8 -81.3 6.8
      vertex 25.2 -78.8 6.8
      vertex 25.2 -81.3 6.8
    endloop
  endfacet
  facet normal -0 0 1
    outer loop
      vertex 25.2 -42.7 6.8
      vertex 60.8 -45.2 6.8
      vertex 60.8 -42.7 6.8
    endloop
  endfacet
  facet normal 0 0 1
    outer loop
      vertex 60.8 -45.2 6.8
      vertex 25.2 -42.7 6.8
      vertex 25.2 -45.2 6.8
    endloop
  endfacet
  facet normal 1 0 0
    outer loop
      vertex 60.8 -78.8 6.8
      vertex 60.8 -81.3 6.8
      vertex 60.8 -78.8 4
    endloop
  endfacet
  facet normal 1 0 0
    outer loop
      vertex 60.8 -77.3 4
      vertex 60.8 -78.8 4
      vertex 60.8 -77.3 1.5
    endloop
  endfacet
  facet normal 1 0 0
    outer loop
      vertex 60.8 -45.2 4
      vertex 60.8 -42.7 6.8
      vertex 60.8 -45.2 6.8
    endloop
  endfacet
  facet normal 1 0 0
    outer loop
      vertex 60.8 -42.7 6.8
      vertex 60.8 -45.2 4
      vertex 60.8 -42.7 0
    endloop
  endfacet
  facet normal 1 0 0
    outer loop
      vertex 60.8 -46.7 1.5
      vertex 60.8 -45.2 4
      vertex 60.8 -46.7 4
    endloop
  endfacet
  facet normal 1 0 0
    outer loop
      vertex 60.8 -45.2 4
      vertex 60.8 -46.7 1.5
      vertex 60.8 -42.7 0
    endloop
  endfacet
  facet normal 1 -0 0
    outer loop
      vertex 60.8 -77.3 1.5
      vertex 60.8 -42.7 0
      vertex 60.8 -46.7 1.5
    endloop
  endfacet
  facet normal 1 0 0
    outer loop
      vertex 60.8 -81.3 0
      vertex 60.8 -78.8 4
      vertex 60.8 -81.3 6.8
    endloop
  endfacet
  facet normal 1 0 0
    outer loop
      vertex 60.8 -77.3 1.5
      vertex 60.8 -81.3 0
      vertex 60.8 -42.7 0
    endloop
  endfacet
  facet normal 1 0 0
    outer loop
      vertex 60.8 -78.8 4
      vertex 60.8 -81.3 0
      vertex 60.8 -77.3 1.5
    endloop
  endfacet
  facet normal 0 -1 0
    outer loop
      vertex 25.2 -81.3 0
      vertex 60.8 -81.3 6.8
      vertex 25.2 -81.3 6.8
    endloop
  endfacet
  facet normal 0 -1 -0
    outer loop
      vertex 60.8 -81.3 6.8
      vertex 25.2 -81.3 0
      vertex 60.8 -81.3 0
    endloop
  endfacet
  facet normal 0 1 -0
    outer loop
      vertex 60.8 -42.7 0
      vertex 25.2 -42.7 6.8
      vertex 60.8 -42.7 6.8
    endloop
  endfacet
  facet normal 0 1 0
    outer loop
      vertex 25.2 -42.7 6.8
      vertex 60.8 -42.7 0
      vertex 25.2 -42.7 0
    endloop
  endfacet
  facet normal -0 0 1
    outer loop
      vertex 25.2 -45.2 4
      vertex 60.8 -46.7 4
      vertex 60.8 -45.2 4
    endloop
  endfacet
  facet normal 0 0 1
    outer loop
      vertex 60.8 -46.7 4
      vertex 25.2 -45.2 4
      vertex 25.2 -46.7 4
    endloop
  endfacet
  facet normal -0 0 1
    outer loop
      vertex 25.2 -77.3 4
      vertex 60.8 -78.8 4
      vertex 60.8 -77.3 4
    endloop
  endfacet
  facet normal 0 0 1
    outer loop
      vertex 60.8 -78.8 4
      vertex 25.2 -77.3 4
      vertex 25.2 -78.8 4
    endloop
  endfacet
  facet normal 0 1 -0
    outer loop
      vertex 60.8 -78.8 4
      vertex 25.2 -78.8 6.8
      vertex 60.8 -78.8 6.8
    endloop
  endfacet
  facet normal 0 1 0
    outer loop
      vertex 25.2 -78.8 6.8
      vertex 60.8 -78.8 4
      vertex 25.2 -78.8 4
    endloop
  endfacet
  facet normal 0 -1 0
    outer loop
      vertex 25.2 -45.2 4
      vertex 60.8 -45.2 6.8
      vertex 25.2 -45.2 6.8
    endloop
  endfacet
  facet normal 0 -1 -0
    outer loop
      vertex 60.8 -45.2 6.8
      vertex 25.2 -45.2 4
      vertex 60.8 -45.2 4
    endloop
  endfacet
  facet normal 0 -1 0
    outer loop
      vertex 25.2 -46.7 1.5
      vertex 60.8 -46.7 4
      vertex 25.2 -46.7 4
    endloop
  endfacet
  facet normal 0 -1 -0
    outer loop
      vertex 60.8 -46.7 4
      vertex 25.2 -46.7 1.5
      vertex 60.8 -46.7 1.5
    endloop
  endfacet
  facet normal -0 0 1
    outer loop
      vertex 25.2 -46.7 1.5
      vertex 60.8 -77.3 1.5
      vertex 60.8 -46.7 1.5
    endloop
  endfacet
  facet normal 0 0 1
    outer loop
      vertex 60.8 -77.3 1.5
      vertex 25.2 -46.7 1.5
      vertex 25.2 -77.3 1.5
    endloop
  endfacet
  facet normal 0 1 -0
    outer loop
      vertex 60.8 -77.3 1.5
      vertex 25.2 -77.3 4
      vertex 60.8 -77.3 4
    endloop
  endfacet
  facet normal 0 1 0
    outer loop
      vertex 25.2 -77.3 4
      vertex 60.8 -77.3 1.5
      vertex 25.2 -77.3 1.5
    endloop
  endfacet
  facet normal -1 0 0
    outer loop
      vertex 149.2 -42.7 0
      vertex 149.2 -45.2 4
      vertex 149.2 -42.7 6.8
    endloop
  endfacet
  facet normal -1 0 0
    outer loop
      vertex 149.2 -42.7 0
      vertex 149.2 -46.7 1.5
      vertex 149.2 -45.2 4
    endloop
  endfacet
  facet normal -1 0 0
    outer loop
      vertex 149.2 -42.7 0
      vertex 149.2 -77.3 1.5
      vertex 149.2 -46.7 1.5
    endloop
  endfacet
  facet normal -1 0 0
    outer loop
      vertex 149.2 -77.3 1.5
      vertex 149.2 -78.8 4
      vertex 149.2 -77.3 4
    endloop
  endfacet
  facet normal -1 0 0
    outer loop
      vertex 149.2 -81.3 0
      vertex 149.2 -77.3 1.5
      vertex 149.2 -42.7 0
    endloop
  endfacet
  facet normal -1 0 0
    outer loop
      vertex 149.2 -81.3 0
      vertex 149.2 -78.8 4
      vertex 149.2 -77.3 1.5
    endloop
  endfacet
  facet normal -1 0 0
    outer loop
      vertex 149.2 -81.3 6.8
      vertex 149.2 -78.8 4
      vertex 149.2 -81.3 0
    endloop
  endfacet
  facet normal -1 0 0
    outer loop
      vertex 149.2 -78.8 4
      vertex 149.2 -81.3 6.8
      vertex 149.2 -78.8 6.8
    endloop
  endfacet
  facet normal -1 -0 0
    outer loop
      vertex 149.2 -42.7 6.8
      vertex 149.2 -45.2 4
      vertex 149.2 -45.2 6.8
    endloop
  endfacet
  facet normal -1 -0 0
    outer loop
      vertex 149.2 -45.2 4
      vertex 149.2 -46.7 1.5
      vertex 149.2 -46.7 4
    endloop
  endfacet
  facet normal -0 0 1
    outer loop
      vertex 149.2 -78.8 6.8
      vertex 184.8 -81.3 6.8
      vertex 184.8 -78.8 6.8
    endloop
  endfacet
  facet normal 0 0 1
    outer loop
      vertex 184.8 -81.3 6.8
      vertex 149.2 -78.8 6.8
      vertex 149.2 -81.3 6.8
    endloop
  endfacet
  facet normal -0 0 1
    outer loop
      vertex 149.2 -42.7 6.8
      vertex 184.8 -45.2 6.8
      vertex 184.8 -42.7 6.8
    endloop
  endfacet
  facet normal 0 0 1
    outer loop
      vertex 184.8 -45.2 6.8
      vertex 149.2 -42.7 6.8
      vertex 149.2 -45.2 6.8
    endloop
  endfacet
  facet normal 1 0 0
    outer loop
      vertex 184.8 -78.8 6.8
      vertex 184.8 -81.3 6.8
      vertex 184.8 -78.8 4
    endloop
  endfacet
  facet normal 1 0 0
    outer loop
      vertex 184.8 -77.3 4
      vertex 184.8 -78.8 4
      vertex 184.8 -77.3 1.5
    endloop
  endfacet
  facet normal 1 0 0
    outer loop
      vertex 184.8 -45.2 4
      vertex 184.8 -42.7 6.8
      vertex 184.8 -45.2 6.8
    endloop
  endfacet
  facet normal 1 0 0
    outer loop
      vertex 184.8 -42.7 6.8
      vertex 184.8 -45.2 4
      vertex 184.8 -42.7 0
    endloop
  endfacet
  facet normal 1 0 0
    outer loop
      vertex 184.8 -46.7 1.5
      vertex 184.8 -45.2 4
      vertex 184.8 -46.7 4
    endloop
  endfacet
  facet normal 1 0 0
    outer loop
      vertex 184.8 -45.2 4
      vertex 184.8 -46.7 1.5
      vertex 184.8 -42.7 0
    endloop
  endfacet
  facet normal 1 -0 0
    outer loop
      vertex 184.8 -77.3 1.5
      vertex 184.8 -42.7 0
      vertex 184.8 -46.7 1.5
    endloop
  endfacet
  facet normal 1 0 0
    outer loop
      vertex 184.8 -81.3 0
      vertex 184.8 -78.8 4
      vertex 184.8 -81.3 6.8
    endloop
  endfacet
  facet normal 1 0 0
    outer loop
      vertex 184.8 -77.3 1.5
      vertex 184.8 -81.3 0
      vertex 184.8 -42.7 0
    endloop
  endfacet
  facet normal 1 0 0
    outer loop
      vertex 184.8 -78.8 4
      vertex 184.8 -81.3 0
      vertex 184.8 -77.3 1.5
    endloop
  endfacet
  facet normal 0 -1 0
    outer loop
      vertex 149.2 -81.3 0
      vertex 184.8 -81.3 6.8
      vertex 149.2 -81.3 6.8
    endloop
  endfacet
  facet normal 0 -1 -0
    outer loop
      vertex 184.8 -81.3 6.8
      vertex 149.2 -81.3 0
      vertex 184.8 -81.3 0
    endloop
  endfacet
  facet normal 0 1 -0
    outer loop
      vertex 184.8 -42.7 0
      vertex 149.2 -42.7 6.8
      vertex 184.8 -42.7 6.8
    endloop
  endfacet
  facet normal 0 1 0
    outer loop
      vertex 149.2 -42.7 6.8
      vertex 184.8 -42.7 0
      vertex 149.2 -42.7 0
    endloop
  endfacet
  facet normal -0 0 1
    outer loop
      vertex 149.2 -45.2 4
      vertex 184.8 -46.7 4
      vertex 184.8 -45.2 4
    endloop
  endfacet
  facet normal 0 0 1
    outer loop
      vertex 184.8 -46.7 4
      vertex 149.2 -45.2 4
      vertex 149.2 -46.7 4
    endloop
  endfacet
  facet normal -0 0 1
    outer loop
      vertex 149.2 -77.3 4
      vertex 184.8 -78.8 4
      vertex 184.8 -77.3 4
    endloop
  endfacet
  facet normal 0 0 1
    outer loop
      vertex 184.8 -78.8 4
      vertex 149.2 -77.3 4
      vertex 149.2 -78.8 4
    endloop
  endfacet
  facet normal 0 1 -0
    outer loop
      vertex 184.8 -78.8 4
      vertex 149.2 -78.8 6.8
      vertex 184.8 -78.8 6.8
    endloop
  endfacet
  facet normal 0 1 0
    outer loop
      vertex 149.2 -78.8 6.8
      vertex 184.8 -78.8 4
      vertex 149.2 -78.8 4
    endloop
  endfacet
  facet normal 0 -1 0
    outer loop
      vertex 149.2 -45.2 4
      vertex 184.8 -45.2 6.8
      vertex 149.2 -45.2 6.8
    endloop
  endfacet
  facet normal 0 -1 -0
    outer loop
      vertex 184.8 -45.2 6.8
      vertex 149.2 -45.2 4
      vertex 184.8 -45.2 4
    endloop
  endfacet
  facet normal 0 -1 0
    outer loop
      vertex 149.2 -46.7 1.5
      vertex 184.8 -46.7 4
      vertex 149.2 -46.7 4
    endloop
  endfacet
  facet normal 0 -1 -0
    outer loop
      vertex 184.8 -46.7 4
      vertex 149.2 -46.7 1.5
      vertex 184.8 -46.7 1.5
    endloop
  endfacet
  facet normal -0 0 1
    outer loop
      vertex 149.2 -46.7 1.5
      vertex 184.8 -77.3 1.5
      vertex 184.8 -46.7 1.5
    endloop
  endfacet
  facet normal 0 0 1
    outer loop
      vertex 184.8 -77.3 1.5
      vertex 149.2 -46.7 1.5
      vertex 149.2 -77.3 1.5
    endloop
  endfacet
  facet normal 0 1 -0
    outer loop
      vertex 184.8 -77.3 1.5
      vertex 149.2 -77.3 4
      vertex 184.8 -77.3 4
    endloop
  endfacet
  facet normal 0 1 0
    outer loop
      vertex 149.2 -77.3 4
      vertex 184.8 -77.3 1.5
      vertex 149.2 -77.3 1.5
    endloop
  endfacet
  facet normal -1 0 0
    outer loop
      vertex 77.2 80.8 0
      vertex 77.2 78.3 4
      vertex 77.2 80.8 6.8
    endloop
  endfacet
  facet normal -1 0 0
    outer loop
      vertex 77.2 80.8 0
      vertex 77.2 76.8 1.5
      vertex 77.2 78.3 4
    endloop
  endfacet
  facet normal -1 0 0
    outer loop
      vertex 77.2 80.8 0
      vertex 77.2 47.2 1.5
      vertex 77.2 76.8 1.5
    endloop
  endfacet
  facet normal -1 0 0
    outer loop
      vertex 77.2 47.2 1.5
      vertex 77.2 45.7 4
      vertex 77.2 47.2 4
    endloop
  endfacet
  facet normal -1 0 0
    outer loop
      vertex 77.2 43.2 0
      vertex 77.2 47.2 1.5
      vertex 77.2 80.8 0
    endloop
  endfacet
  facet normal -1 0 0
    outer loop
      vertex 77.2 43.2 0
      vertex 77.2 45.7 4
      vertex 77.2 47.2 1.5
    endloop
  endfacet
  facet normal -1 0 0
    outer loop
      vertex 77.2 43.2 6.8
      vertex 77.2 45.7 4
      vertex 77.2 43.2 0
    endloop
  endfacet
  facet normal -1 0 0
    outer loop
      vertex 77.2 45.7 4
      vertex 77.2 43.2 6.8
      vertex 77.2 45.7 6.8
    endloop
  endfacet
  facet normal -1 -0 0
    outer loop
      vertex 77.2 80.8 6.8
      vertex 77.2 78.3 4
      vertex 77.2 78.3 6.8
    endloop
  endfacet
  facet normal -1 -0 0
    outer loop
      vertex 77.2 78.3 4
      vertex 77.2 76.8 1.5
      vertex 77.2 76.8 4
    endloop
  endfacet
  facet normal -0 0 1
    outer loop
      vertex 77.2 45.7 6.8
      vertex 132.8 43.2 6.8
      vertex 132.8 45.7 6.8
    endloop
  endfacet
  facet normal 0 0 1
    outer loop
      vertex 132.8 43.2 6.8
      vertex 77.2 45.7 6.8
      vertex 77.2 43.2 6.8
    endloop
  endfacet
  facet normal -0 0 1
    outer loop
      vertex 77.2 80.8 6.8
      vertex 132.8 78.3 6.8
      vertex 132.8 80.8 6.8
    endloop
  endfacet
  facet normal 0 0 1
    outer loop
      vertex 132.8 78.3 6.8
      vertex 77.2 80.8 6.8
      vertex 77.2 78.3 6.8
    endloop
  endfacet
  facet normal 1 0 0
    outer loop
      vertex 132.8 45.7 6.8
      vertex 132.8 43.2 6.8
      vertex 132.8 45.7 4
    endloop
  endfacet
  facet normal 1 0 0
    outer loop
      vertex 132.8 47.2 4
      vertex 132.8 45.7 4
      vertex 132.8 47.2 1.5
    endloop
  endfacet
  facet normal 1 0 0
    outer loop
      vertex 132.8 78.3 4
      vertex 132.8 80.8 6.8
      vertex 132.8 78.3 6.8
    endloop
  endfacet
  facet normal 1 0 0
    outer loop
      vertex 132.8 80.8 6.8
      vertex 132.8 78.3 4
      vertex 132.8 80.8 0
    endloop
  endfacet
  facet normal 1 0 0
    outer loop
      vertex 132.8 76.8 1.5
      vertex 132.8 78.3 4
      vertex 132.8 76.8 4
    endloop
  endfacet
  facet normal 1 0 0
    outer loop
      vertex 132.8 78.3 4
      vertex 132.8 76.8 1.5
      vertex 132.8 80.8 0
    endloop
  endfacet
  facet normal 1 -0 0
    outer loop
      vertex 132.8 47.2 1.5
      vertex 132.8 80.8 0
      vertex 132.8 76.8 1.5
    endloop
  endfacet
  facet normal 1 0 0
    outer loop
      vertex 132.8 43.2 0
      vertex 132.8 45.7 4
      vertex 132.8 43.2 6.8
    endloop
  endfacet
  facet normal 1 0 0
    outer loop
      vertex 132.8 47.2 1.5
      vertex 132.8 43.2 0
      vertex 132.8 80.8 0
    endloop
  endfacet
  facet normal 1 0 0
    outer loop
      vertex 132.8 45.7 4
      vertex 132.8 43.2 0
      vertex 132.8 47.2 1.5
    endloop
  endfacet
  facet normal 0 1 -0
    outer loop
      vertex 132.8 80.8 0
      vertex 77.2 80.8 6.8
      vertex 132.8 80.8 6.8
    endloop
  endfacet
  facet normal 0 1 0
    outer loop
      vertex 77.2 80.8 6.8
      vertex 132.8 80.8 0
      vertex 77.2 80.8 0
    endloop
  endfacet
  facet normal 0 -1 0
    outer loop
      vertex 77.2 43.2 0
      vertex 132.8 43.2 6.8
      vertex 77.2 43.2 6.8
    endloop
  endfacet
  facet normal 0 -1 -0
    outer loop
      vertex 132.8 43.2 6.8
      vertex 77.2 43.2 0
      vertex 132.8 43.2 0
    endloop
  endfacet
  facet normal -0 0 1
    outer loop
      vertex 77.2 78.3 4
      vertex 132.8 76.8 4
      vertex 132.8 78.3 4
    endloop
  endfacet
  facet normal 0 0 1
    outer loop
      vertex 132.8 76.8 4
      vertex 77.2 78.3 4
      vertex 77.2 76.8 4
    endloop
  endfacet
  facet normal -0 0 1
    outer loop
      vertex 77.2 47.2 4
      vertex 132.8 45.7 4
      vertex 132.8 47.2 4
    endloop
  endfacet
  facet normal 0 0 1
    outer loop
      vertex 132.8 45.7 4
      vertex 77.2 47.2 4
      vertex 77.2 45.7 4
    endloop
  endfacet
  facet normal 0 1 -0
    outer loop
      vertex 132.8 45.7 4
      vertex 77.2 45.7 6.8
      vertex 132.8 45.7 6.8
    endloop
  endfacet
  facet normal 0 1 0
    outer loop
      vertex 77.2 45.7 6.8
      vertex 132.8 45.7 4
      vertex 77.2 45.7 4
    endloop
  endfacet
  facet normal 0 -1 0
    outer loop
      vertex 77.2 78.3 4
      vertex 132.8 78.3 6.8
      vertex 77.2 78.3 6.8
    endloop
  endfacet
  facet normal 0 -1 -0
    outer loop
      vertex 132.8 78.3 6.8
      vertex 77.2 78.3 4
      vertex 132.8 78.3 4
    endloop
  endfacet
  facet normal -0 0 1
    outer loop
      vertex 77.2 76.8 1.5
      vertex 132.8 47.2 1.5
      vertex 132.8 76.8 1.5
    endloop
  endfacet
  facet normal 0 0 1
    outer loop
      vertex 132.8 47.2 1.5
      vertex 77.2 76.8 1.5
      vertex 77.2 47.2 1.5
    endloop
  endfacet
  facet normal 0 1 -0
    outer loop
      vertex 132.8 47.2 1.5
      vertex 77.2 47.2 4
      vertex 132.8 47.2 4
    endloop
  endfacet
  facet normal 0 1 0
    outer loop
      vertex 77.2 47.2 4
      vertex 132.8 47.2 1.5
      vertex 77.2 47.2 1.5
    endloop
  endfacet
  facet normal 0 -1 0
    outer loop
      vertex 77.2 76.8 1.5
      vertex 132.8 76.8 4
      vertex 77.2 76.8 4
    endloop
  endfacet
  facet normal 0 -1 -0
    outer loop
      vertex 132.8 76.8 4
      vertex 77.2 76.8 1.5
      vertex 132.8 76.8 1.5
    endloop
  endfacet
  facet normal 0.997867 0.0652763 0
    outer loop
      vertex 135.333 0 3.99
      vertex 135.074 3.95929 0
      vertex 135.074 3.95929 3.99
    endloop
  endfacet
  facet normal 0.997867 0.0652763 0
    outer loop
      vertex 135.074 3.95929 0
      vertex 135.333 0 3.99
      vertex 135.333 0 0
    endloop
  endfacet
  facet normal -0.997859 0.0654017 0
    outer loop
      vertex 74.6667 0 0
      vertex 74.9262 3.95929 3.99
      vertex 74.9262 3.95929 0
    endloop
  endfacet
  facet normal -0.997859 0.0654017 0
    outer loop
      vertex 74.9262 3.95929 3.99
      vertex 74.6667 0 0
      vertex 74.6667 0 3.99
    endloop
  endfacet
  facet normal 0.0654065 0.997859 -0
    outer loop
      vertex 108.959 30.0738 0
      vertex 105 30.3333 3.99
      vertex 108.959 30.0738 3.99
    endloop
  endfacet
  facet normal 0.0654065 0.997859 0
    outer loop
      vertex 105 30.3333 3.99
      vertex 108.959 30.0738 0
      vertex 105 30.3333 0
    endloop
  endfacet
  facet normal 0.659371 0.751817 -0
    outer loop
      vertex 126.449 21.4489 0
      vertex 123.466 24.0651 3.99
      vertex 126.449 21.4489 3.99
    endloop
  endfacet
  facet normal 0.659371 0.751817 0
    outer loop
      vertex 123.466 24.0651 3.99
      vertex 126.449 21.4489 0
      vertex 123.466 24.0651 0
    endloop
  endfacet
  facet normal -0.659359 0.751828 0
    outer loop
      vertex 86.5342 24.0651 0
      vertex 83.5511 21.4489 3.99
      vertex 86.5342 24.0651 3.99
    endloop
  endfacet
  facet normal -0.659359 0.751828 0
    outer loop
      vertex 83.5511 21.4489 3.99
      vertex 86.5342 24.0651 0
      vertex 83.5511 21.4489 0
    endloop
  endfacet
  facet normal -0.321432 0.946933 0
    outer loop
      vertex 97.1492 29.2997 0
      vertex 93.3919 28.0243 3.99
      vertex 97.1492 29.2997 3.99
    endloop
  endfacet
  facet normal -0.321432 0.946933 0
    outer loop
      vertex 93.3919 28.0243 3.99
      vertex 97.1492 29.2997 0
      vertex 93.3919 28.0243 0
    endloop
  endfacet
  facet normal -0.980789 -0.195072 0
    outer loop
      vertex 75.7002 -7.85084 0
      vertex 74.9262 -3.95929 3.99
      vertex 74.9262 -3.95929 0
    endloop
  endfacet
  facet normal -0.980789 -0.195072 0
    outer loop
      vertex 74.9262 -3.95929 3.99
      vertex 75.7002 -7.85084 0
      vertex 75.7002 -7.85084 3.99
    endloop
  endfacet
  facet normal 0.896863 0.442307 0
    outer loop
      vertex 133.024 11.6081 3.99
      vertex 131.269 15.1667 0
      vertex 131.269 15.1667 3.99
    endloop
  endfacet
  facet normal 0.896863 0.442307 0
    outer loop
      vertex 131.269 15.1667 0
      vertex 133.024 11.6081 3.99
      vertex 133.024 11.6081 0
    endloop
  endfacet
  facet normal 0.831515 0.555503 0
    outer loop
      vertex 131.269 15.1667 3.99
      vertex 129.065 18.4658 0
      vertex 129.065 18.4658 3.99
    endloop
  endfacet
  facet normal 0.831515 0.555503 0
    outer loop
      vertex 129.065 18.4658 0
      vertex 131.269 15.1667 3.99
      vertex 131.269 15.1667 0
    endloop
  endfacet
  facet normal 0.442247 0.896893 -0
    outer loop
      vertex 120.167 26.2694 0
      vertex 116.608 28.0243 3.99
      vertex 120.167 26.2694 3.99
    endloop
  endfacet
  facet normal 0.442247 0.896893 0
    outer loop
      vertex 116.608 28.0243 3.99
      vertex 120.167 26.2694 0
      vertex 116.608 28.0243 0
    endloop
  endfacet
  facet normal 0.555567 0.831472 -0
    outer loop
      vertex 123.466 24.0651 0
      vertex 120.167 26.2694 3.99
      vertex 123.466 24.0651 3.99
    endloop
  endfacet
  facet normal 0.555567 0.831472 0
    outer loop
      vertex 120.167 26.2694 3.99
      vertex 123.466 24.0651 0
      vertex 120.167 26.2694 0
    endloop
  endfacet
  facet normal -0.831468 0.555572 0
    outer loop
      vertex 78.7306 15.1667 0
      vertex 80.935 18.4658 3.99
      vertex 80.935 18.4658 0
    endloop
  endfacet
  facet normal -0.831468 0.555572 0
    outer loop
      vertex 80.935 18.4658 3.99
      vertex 78.7306 15.1667 0
      vertex 78.7306 15.1667 3.99
    endloop
  endfacet
  facet normal -0.751841 0.659345 0
    outer loop
      vertex 80.935 18.4658 0
      vertex 83.5511 21.4489 3.99
      vertex 83.5511 21.4489 0
    endloop
  endfacet
  facet normal -0.751841 0.659345 0
    outer loop
      vertex 83.5511 21.4489 3.99
      vertex 80.935 18.4658 0
      vertex 80.935 18.4658 3.99
    endloop
  endfacet
  facet normal 0 0 1
    outer loop
      vertex 133.333 0 3.99
      vertex 135.333 0 3.99
      vertex 135.074 3.95929 3.99
    endloop
  endfacet
  facet normal 0 0 1
    outer loop
      vertex 133.091 3.69824 3.99
      vertex 135.074 3.95929 3.99
      vertex 134.3 7.85084 3.99
    endloop
  endfacet
  facet normal 0 0 1
    outer loop
      vertex 135.333 0 3.99
      vertex 133.333 0 3.99
      vertex 135.074 -3.95929 3.99
    endloop
  endfacet
  facet normal -0 0 1
    outer loop
      vertex 133.091 -3.69824 3.99
      vertex 135.074 -3.95929 3.99
      vertex 133.333 0 3.99
    endloop
  endfacet
  facet normal 0 0 1
    outer loop
      vertex 135.074 3.95929 3.99
      vertex 133.091 3.69824 3.99
      vertex 133.333 0 3.99
    endloop
  endfacet
  facet normal 0 0 1
    outer loop
      vertex 132.368 7.33321 3.99
      vertex 134.3 7.85084 3.99
      vertex 133.024 11.6081 3.99
    endloop
  endfacet
  facet normal 0 0 1
    outer loop
      vertex 134.3 7.85084 3.99
      vertex 132.368 7.33321 3.99
      vertex 133.091 3.69824 3.99
    endloop
  endfacet
  facet normal 0 0 1
    outer loop
      vertex 131.177 10.8427 3.99
      vertex 133.024 11.6081 3.99
      vertex 131.269 15.1667 3.99
    endloop
  endfacet
  facet normal 0 0 1
    outer loop
      vertex 133.024 11.6081 3.99
      vertex 131.177 10.8427 3.99
      vertex 132.368 7.33321 3.99
    endloop
  endfacet
  facet normal 0 0 1
    outer loop
      vertex 131.269 15.1667 3.99
      vertex 129.537 14.1667 3.99
      vertex 131.177 10.8427 3.99
    endloop
  endfacet
  facet normal 0 0 1
    outer loop
      vertex 129.065 18.4658 3.99
      vertex 129.537 14.1667 3.99
      vertex 131.269 15.1667 3.99
    endloop
  endfacet
  facet normal 0 0 1
    outer loop
      vertex 129.065 18.4658 3.99
      vertex 127.478 17.2482 3.99
      vertex 129.537 14.1667 3.99
    endloop
  endfacet
  facet normal 0 0 1
    outer loop
      vertex 126.449 21.4489 3.99
      vertex 127.478 17.2482 3.99
      vertex 129.065 18.4658 3.99
    endloop
  endfacet
  facet normal 0 0 1
    outer loop
      vertex 126.449 21.4489 3.99
      vertex 125.035 20.0347 3.99
      vertex 127.478 17.2482 3.99
    endloop
  endfacet
  facet normal 0 0 1
    outer loop
      vertex 123.466 24.0651 3.99
      vertex 125.035 20.0347 3.99
      vertex 126.449 21.4489 3.99
    endloop
  endfacet
  facet normal 0 0 1
    outer loop
      vertex 123.466 24.0651 3.99
      vertex 122.248 22.4783 3.99
      vertex 125.035 20.0347 3.99
    endloop
  endfacet
  facet normal 0 0 1
    outer loop
      vertex 120.167 26.2694 3.99
      vertex 122.248 22.4783 3.99
      vertex 123.466 24.0651 3.99
    endloop
  endfacet
  facet normal 0 0 1
    outer loop
      vertex 120.167 26.2694 3.99
      vertex 119.167 24.5374 3.99
      vertex 122.248 22.4783 3.99
    endloop
  endfacet
  facet normal 0 0 1
    outer loop
      vertex 116.608 28.0243 3.99
      vertex 119.167 24.5374 3.99
      vertex 120.167 26.2694 3.99
    endloop
  endfacet
  facet normal 0 0 1
    outer loop
      vertex 116.608 28.0243 3.99
      vertex 115.843 26.1766 3.99
      vertex 119.167 24.5374 3.99
    endloop
  endfacet
  facet normal 0 0 1
    outer loop
      vertex 112.851 29.2997 3.99
      vertex 115.843 26.1766 3.99
      vertex 116.608 28.0243 3.99
    endloop
  endfacet
  facet normal 0 0 1
    outer loop
      vertex 112.851 29.2997 3.99
      vertex 112.333 27.3679 3.99
      vertex 115.843 26.1766 3.99
    endloop
  endfacet
  facet normal 0 0 1
    outer loop
      vertex 108.959 30.0738 3.99
      vertex 112.333 27.3679 3.99
      vertex 112.851 29.2997 3.99
    endloop
  endfacet
  facet normal 0 0 1
    outer loop
      vertex 108.959 30.0738 3.99
      vertex 108.698 28.0909 3.99
      vertex 112.333 27.3679 3.99
    endloop
  endfacet
  facet normal 0 0 1
    outer loop
      vertex 105 30.3333 3.99
      vertex 108.698 28.0909 3.99
      vertex 108.959 30.0738 3.99
    endloop
  endfacet
  facet normal 0 0 1
    outer loop
      vertex 105 30.3333 3.99
      vertex 105 28.3333 3.99
      vertex 108.698 28.0909 3.99
    endloop
  endfacet
  facet normal 0 0 1
    outer loop
      vertex 105 30.3333 3.99
      vertex 101.302 28.0909 3.99
      vertex 105 28.3333 3.99
    endloop
  endfacet
  facet normal -0 0 1
    outer loop
      vertex 101.041 30.0738 3.99
      vertex 101.302 28.0909 3.99
      vertex 105 30.3333 3.99
    endloop
  endfacet
  facet normal 0 0 1
    outer loop
      vertex 101.041 30.0738 3.99
      vertex 97.6668 27.3679 3.99
      vertex 101.302 28.0909 3.99
    endloop
  endfacet
  facet normal -0 0 1
    outer loop
      vertex 97.1492 29.2997 3.99
      vertex 97.6668 27.3679 3.99
      vertex 101.041 30.0738 3.99
    endloop
  endfacet
  facet normal 0 0 1
    outer loop
      vertex 97.1492 29.2997 3.99
      vertex 94.1573 26.1766 3.99
      vertex 97.6668 27.3679 3.99
    endloop
  endfacet
  facet normal -0 0 1
    outer loop
      vertex 93.3919 28.0243 3.99
      vertex 94.1573 26.1766 3.99
      vertex 97.1492 29.2997 3.99
    endloop
  endfacet
  facet normal 0 0 1
    outer loop
      vertex 93.3919 28.0243 3.99
      vertex 90.8333 24.5374 3.99
      vertex 94.1573 26.1766 3.99
    endloop
  endfacet
  facet normal -0 0 1
    outer loop
      vertex 89.8333 26.2694 3.99
      vertex 90.8333 24.5374 3.99
      vertex 93.3919 28.0243 3.99
    endloop
  endfacet
  facet normal 0 0 1
    outer loop
      vertex 89.8333 26.2694 3.99
      vertex 87.7518 22.4783 3.99
      vertex 90.8333 24.5374 3.99
    endloop
  endfacet
  facet normal -0 0 1
    outer loop
      vertex 86.5342 24.0651 3.99
      vertex 87.7518 22.4783 3.99
      vertex 89.8333 26.2694 3.99
    endloop
  endfacet
  facet normal 0 0 1
    outer loop
      vertex 86.5342 24.0651 3.99
      vertex 84.9653 20.0347 3.99
      vertex 87.7518 22.4783 3.99
    endloop
  endfacet
  facet normal -0 0 1
    outer loop
      vertex 83.5511 21.4489 3.99
      vertex 84.9653 20.0347 3.99
      vertex 86.5342 24.0651 3.99
    endloop
  endfacet
  facet normal 0 0 1
    outer loop
      vertex 83.5511 21.4489 3.99
      vertex 82.5217 17.2482 3.99
      vertex 84.9653 20.0347 3.99
    endloop
  endfacet
  facet normal -0 0 1
    outer loop
      vertex 80.935 18.4658 3.99
      vertex 82.5217 17.2482 3.99
      vertex 83.5511 21.4489 3.99
    endloop
  endfacet
  facet normal 0 0 1
    outer loop
      vertex 80.935 18.4658 3.99
      vertex 80.4626 14.1667 3.99
      vertex 82.5217 17.2482 3.99
    endloop
  endfacet
  facet normal -0 0 1
    outer loop
      vertex 78.7306 15.1667 3.99
      vertex 80.4626 14.1667 3.99
      vertex 80.935 18.4658 3.99
    endloop
  endfacet
  facet normal 0 0 1
    outer loop
      vertex 80.4626 14.1667 3.99
      vertex 78.7306 15.1667 3.99
      vertex 78.8234 10.8427 3.99
    endloop
  endfacet
  facet normal -0 0 1
    outer loop
      vertex 76.9757 11.6081 3.99
      vertex 78.8234 10.8427 3.99
      vertex 78.7306 15.1667 3.99
    endloop
  endfacet
  facet normal 0 0 1
    outer loop
      vertex 78.8234 10.8427 3.99
      vertex 76.9757 11.6081 3.99
      vertex 77.6321 7.33321 3.99
    endloop
  endfacet
  facet normal -0 0 1
    outer loop
      vertex 75.7002 7.85084 3.99
      vertex 77.6321 7.33321 3.99
      vertex 76.9757 11.6081 3.99
    endloop
  endfacet
  facet normal 0 0 1
    outer loop
      vertex 77.6321 7.33321 3.99
      vertex 75.7002 7.85084 3.99
      vertex 76.9091 3.69824 3.99
    endloop
  endfacet
  facet normal -0 0 1
    outer loop
      vertex 74.9262 3.95929 3.99
      vertex 76.9091 3.69824 3.99
      vertex 75.7002 7.85084 3.99
    endloop
  endfacet
  facet normal 0 0 1
    outer loop
      vertex 135.074 -3.95929 3.99
      vertex 133.091 -3.69824 3.99
      vertex 134.3 -7.85084 3.99
    endloop
  endfacet
  facet normal -0 0 1
    outer loop
      vertex 132.368 -7.33321 3.99
      vertex 134.3 -7.85084 3.99
      vertex 133.091 -3.69824 3.99
    endloop
  endfacet
  facet normal 0 0 1
    outer loop
      vertex 134.3 -7.85084 3.99
      vertex 132.368 -7.33321 3.99
      vertex 133.024 -11.6081 3.99
    endloop
  endfacet
  facet normal -0 0 1
    outer loop
      vertex 131.177 -10.8427 3.99
      vertex 133.024 -11.6081 3.99
      vertex 132.368 -7.33321 3.99
    endloop
  endfacet
  facet normal 0 0 1
    outer loop
      vertex 133.024 -11.6081 3.99
      vertex 131.177 -10.8427 3.99
      vertex 131.269 -15.1667 3.99
    endloop
  endfacet
  facet normal -0 0 1
    outer loop
      vertex 129.537 -14.1667 3.99
      vertex 131.269 -15.1667 3.99
      vertex 131.177 -10.8427 3.99
    endloop
  endfacet
  facet normal 0 0 1
    outer loop
      vertex 129.537 -14.1667 3.99
      vertex 129.065 -18.4658 3.99
      vertex 131.269 -15.1667 3.99
    endloop
  endfacet
  facet normal -0 0 1
    outer loop
      vertex 127.478 -17.2482 3.99
      vertex 129.065 -18.4658 3.99
      vertex 129.537 -14.1667 3.99
    endloop
  endfacet
  facet normal 0 0 1
    outer loop
      vertex 127.478 -17.2482 3.99
      vertex 126.449 -21.4489 3.99
      vertex 129.065 -18.4658 3.99
    endloop
  endfacet
  facet normal -0 0 1
    outer loop
      vertex 125.035 -20.0347 3.99
      vertex 126.449 -21.4489 3.99
      vertex 127.478 -17.2482 3.99
    endloop
  endfacet
  facet normal 0 0 1
    outer loop
      vertex 125.035 -20.0347 3.99
      vertex 123.466 -24.0651 3.99
      vertex 126.449 -21.4489 3.99
    endloop
  endfacet
  facet normal -0 0 1
    outer loop
      vertex 122.248 -22.4783 3.99
      vertex 123.466 -24.0651 3.99
      vertex 125.035 -20.0347 3.99
    endloop
  endfacet
  facet normal 0 0 1
    outer loop
      vertex 122.248 -22.4783 3.99
      vertex 120.167 -26.2694 3.99
      vertex 123.466 -24.0651 3.99
    endloop
  endfacet
  facet normal -0 0 1
    outer loop
      vertex 119.167 -24.5374 3.99
      vertex 120.167 -26.2694 3.99
      vertex 122.248 -22.4783 3.99
    endloop
  endfacet
  facet normal 0 0 1
    outer loop
      vertex 119.167 -24.5374 3.99
      vertex 116.608 -28.0243 3.99
      vertex 120.167 -26.2694 3.99
    endloop
  endfacet
  facet normal -0 0 1
    outer loop
      vertex 115.843 -26.1766 3.99
      vertex 116.608 -28.0243 3.99
      vertex 119.167 -24.5374 3.99
    endloop
  endfacet
  facet normal 0 0 1
    outer loop
      vertex 115.843 -26.1766 3.99
      vertex 112.851 -29.2997 3.99
      vertex 116.608 -28.0243 3.99
    endloop
  endfacet
  facet normal -0 0 1
    outer loop
      vertex 112.333 -27.3679 3.99
      vertex 112.851 -29.2997 3.99
      vertex 115.843 -26.1766 3.99
    endloop
  endfacet
  facet normal 0 0 1
    outer loop
      vertex 112.333 -27.3679 3.99
      vertex 108.959 -30.0738 3.99
      vertex 112.851 -29.2997 3.99
    endloop
  endfacet
  facet normal -0 0 1
    outer loop
      vertex 108.698 -28.0909 3.99
      vertex 108.959 -30.0738 3.99
      vertex 112.333 -27.3679 3.99
    endloop
  endfacet
  facet normal -0 0 1
    outer loop
      vertex 105 -28.3333 3.99
      vertex 108.959 -30.0738 3.99
      vertex 108.698 -28.0909 3.99
    endloop
  endfacet
  facet normal 0 0 1
    outer loop
      vertex 105 -28.3333 3.99
      vertex 105 -30.3333 3.99
      vertex 108.959 -30.0738 3.99
    endloop
  endfacet
  facet normal 0 0 1
    outer loop
      vertex 101.302 -28.0909 3.99
      vertex 105 -30.3333 3.99
      vertex 105 -28.3333 3.99
    endloop
  endfacet
  facet normal 0 0 1
    outer loop
      vertex 101.302 -28.0909 3.99
      vertex 101.041 -30.0738 3.99
      vertex 105 -30.3333 3.99
    endloop
  endfacet
  facet normal 0 0 1
    outer loop
      vertex 97.6668 -27.3679 3.99
      vertex 101.041 -30.0738 3.99
      vertex 101.302 -28.0909 3.99
    endloop
  endfacet
  facet normal 0 0 1
    outer loop
      vertex 97.6668 -27.3679 3.99
      vertex 97.1492 -29.2997 3.99
      vertex 101.041 -30.0738 3.99
    endloop
  endfacet
  facet normal 0 0 1
    outer loop
      vertex 94.1573 -26.1766 3.99
      vertex 97.1492 -29.2997 3.99
      vertex 97.6668 -27.3679 3.99
    endloop
  endfacet
  facet normal 0 0 1
    outer loop
      vertex 94.1573 -26.1766 3.99
      vertex 93.3919 -28.0243 3.99
      vertex 97.1492 -29.2997 3.99
    endloop
  endfacet
  facet normal 0 0 1
    outer loop
      vertex 90.8333 -24.5374 3.99
      vertex 93.3919 -28.0243 3.99
      vertex 94.1573 -26.1766 3.99
    endloop
  endfacet
  facet normal 0 0 1
    outer loop
      vertex 90.8333 -24.5374 3.99
      vertex 89.8333 -26.2694 3.99
      vertex 93.3919 -28.0243 3.99
    endloop
  endfacet
  facet normal 0 0 1
    outer loop
      vertex 87.7518 -22.4783 3.99
      vertex 89.8333 -26.2694 3.99
      vertex 90.8333 -24.5374 3.99
    endloop
  endfacet
  facet normal 0 0 1
    outer loop
      vertex 87.7518 -22.4783 3.99
      vertex 86.5342 -24.0651 3.99
      vertex 89.8333 -26.2694 3.99
    endloop
  endfacet
  facet normal 0 0 1
    outer loop
      vertex 84.9653 -20.0347 3.99
      vertex 86.5342 -24.0651 3.99
      vertex 87.7518 -22.4783 3.99
    endloop
  endfacet
  facet normal 0 0 1
    outer loop
      vertex 84.9653 -20.0347 3.99
      vertex 83.5511 -21.4489 3.99
      vertex 86.5342 -24.0651 3.99
    endloop
  endfacet
  facet normal 0 0 1
    outer loop
      vertex 82.5217 -17.2482 3.99
      vertex 83.5511 -21.4489 3.99
      vertex 84.9653 -20.0347 3.99
    endloop
  endfacet
  facet normal 0 0 1
    outer loop
      vertex 82.5217 -17.2482 3.99
      vertex 80.935 -18.4658 3.99
      vertex 83.5511 -21.4489 3.99
    endloop
  endfacet
  facet normal 0 0 1
    outer loop
      vertex 80.4626 -14.1667 3.99
      vertex 80.935 -18.4658 3.99
      vertex 82.5217 -17.2482 3.99
    endloop
  endfacet
  facet normal 0 0 1
    outer loop
      vertex 78.7306 -15.1667 3.99
      vertex 80.4626 -14.1667 3.99
      vertex 78.8234 -10.8427 3.99
    endloop
  endfacet
  facet normal 0 0 1
    outer loop
      vertex 80.4626 -14.1667 3.99
      vertex 78.7306 -15.1667 3.99
      vertex 80.935 -18.4658 3.99
    endloop
  endfacet
  facet normal 0 0 1
    outer loop
      vertex 76.9757 -11.6081 3.99
      vertex 78.8234 -10.8427 3.99
      vertex 77.6321 -7.33321 3.99
    endloop
  endfacet
  facet normal 0 0 1
    outer loop
      vertex 78.8234 -10.8427 3.99
      vertex 76.9757 -11.6081 3.99
      vertex 78.7306 -15.1667 3.99
    endloop
  endfacet
  facet normal 0 0 1
    outer loop
      vertex 75.7002 -7.85084 3.99
      vertex 77.6321 -7.33321 3.99
      vertex 76.9091 -3.69824 3.99
    endloop
  endfacet
  facet normal 0 0 1
    outer loop
      vertex 74.9262 -3.95929 3.99
      vertex 76.9091 -3.69824 3.99
      vertex 76.6667 0 3.99
    endloop
  endfacet
  facet normal 0 0 1
    outer loop
      vertex 76.9091 3.69824 3.99
      vertex 74.9262 3.95929 3.99
      vertex 76.6667 0 3.99
    endloop
  endfacet
  facet normal 0 0 1
    outer loop
      vertex 77.6321 -7.33321 3.99
      vertex 75.7002 -7.85084 3.99
      vertex 76.9757 -11.6081 3.99
    endloop
  endfacet
  facet normal 0 0 1
    outer loop
      vertex 74.6667 0 3.99
      vertex 76.6667 0 3.99
      vertex 74.9262 3.95929 3.99
    endloop
  endfacet
  facet normal 0 0 1
    outer loop
      vertex 76.9091 -3.69824 3.99
      vertex 74.9262 -3.95929 3.99
      vertex 75.7002 -7.85084 3.99
    endloop
  endfacet
  facet normal 0 0 1
    outer loop
      vertex 76.6667 0 3.99
      vertex 74.6667 0 3.99
      vertex 74.9262 -3.95929 3.99
    endloop
  endfacet
  facet normal -0.555555 0.83148 0
    outer loop
      vertex 89.8333 26.2694 0
      vertex 86.5342 24.0651 3.99
      vertex 89.8333 26.2694 3.99
    endloop
  endfacet
  facet normal -0.555555 0.83148 0
    outer loop
      vertex 86.5342 24.0651 3.99
      vertex 89.8333 26.2694 0
      vertex 86.5342 24.0651 0
    endloop
  endfacet
  facet normal -0.0654065 0.997859 0
    outer loop
      vertex 105 30.3333 0
      vertex 101.041 30.0738 3.99
      vertex 105 30.3333 3.99
    endloop
  endfacet
  facet normal -0.0654065 0.997859 0
    outer loop
      vertex 101.041 30.0738 3.99
      vertex 105 30.3333 0
      vertex 101.041 30.0738 0
    endloop
  endfacet
  facet normal 0.946885 -0.321571 0
    outer loop
      vertex 133.024 -11.6081 3.99
      vertex 134.3 -7.85084 0
      vertex 134.3 -7.85084 3.99
    endloop
  endfacet
  facet normal 0.946885 -0.321571 0
    outer loop
      vertex 134.3 -7.85084 0
      vertex 133.024 -11.6081 3.99
      vertex 133.024 -11.6081 0
    endloop
  endfacet
  facet normal 0.195074 -0.980789 0
    outer loop
      vertex 108.959 -30.0738 0
      vertex 112.851 -29.2997 3.99
      vertex 108.959 -30.0738 3.99
    endloop
  endfacet
  facet normal 0.195074 -0.980789 0
    outer loop
      vertex 112.851 -29.2997 3.99
      vertex 108.959 -30.0738 0
      vertex 112.851 -29.2997 0
    endloop
  endfacet
  facet normal 0.0654065 -0.997859 0
    outer loop
      vertex 105 -30.3333 0
      vertex 108.959 -30.0738 3.99
      vertex 105 -30.3333 3.99
    endloop
  endfacet
  facet normal 0.0654065 -0.997859 0
    outer loop
      vertex 108.959 -30.0738 3.99
      vertex 105 -30.3333 0
      vertex 108.959 -30.0738 0
    endloop
  endfacet
  facet normal 0.751853 -0.65933 0
    outer loop
      vertex 126.449 -21.4489 3.99
      vertex 129.065 -18.4658 0
      vertex 129.065 -18.4658 3.99
    endloop
  endfacet
  facet normal 0.751853 -0.65933 0
    outer loop
      vertex 129.065 -18.4658 0
      vertex 126.449 -21.4489 3.99
      vertex 126.449 -21.4489 0
    endloop
  endfacet
  facet normal 0.896863 -0.442307 0
    outer loop
      vertex 131.269 -15.1667 3.99
      vertex 133.024 -11.6081 0
      vertex 133.024 -11.6081 3.99
    endloop
  endfacet
  facet normal 0.896863 -0.442307 0
    outer loop
      vertex 133.024 -11.6081 0
      vertex 131.269 -15.1667 3.99
      vertex 131.269 -15.1667 0
    endloop
  endfacet
  facet normal -0.659359 -0.751828 0
    outer loop
      vertex 83.5511 -21.4489 0
      vertex 86.5342 -24.0651 3.99
      vertex 83.5511 -21.4489 3.99
    endloop
  endfacet
  facet normal -0.659359 -0.751828 -0
    outer loop
      vertex 86.5342 -24.0651 3.99
      vertex 83.5511 -21.4489 0
      vertex 86.5342 -24.0651 0
    endloop
  endfacet
  facet normal -0.321432 -0.946933 0
    outer loop
      vertex 93.3919 -28.0243 0
      vertex 97.1492 -29.2997 3.99
      vertex 93.3919 -28.0243 3.99
    endloop
  endfacet
  facet normal -0.321432 -0.946933 -0
    outer loop
      vertex 97.1492 -29.2997 3.99
      vertex 93.3919 -28.0243 0
      vertex 97.1492 -29.2997 0
    endloop
  endfacet
  facet normal -0.751841 -0.659345 0
    outer loop
      vertex 83.5511 -21.4489 0
      vertex 80.935 -18.4658 3.99
      vertex 80.935 -18.4658 0
    endloop
  endfacet
  facet normal -0.751841 -0.659345 0
    outer loop
      vertex 80.935 -18.4658 3.99
      vertex 83.5511 -21.4489 0
      vertex 83.5511 -21.4489 3.99
    endloop
  endfacet
  facet normal -0.997859 -0.0654017 0
    outer loop
      vertex 74.9262 -3.95929 0
      vertex 74.6667 0 3.99
      vertex 74.6667 0 0
    endloop
  endfacet
  facet normal -0.997859 -0.0654017 0
    outer loop
      vertex 74.6667 0 3.99
      vertex 74.9262 -3.95929 0
      vertex 74.9262 -3.95929 3.99
    endloop
  endfacet
  facet normal 0.946885 0.321571 0
    outer loop
      vertex 134.3 7.85084 3.99
      vertex 133.024 11.6081 0
      vertex 133.024 11.6081 3.99
    endloop
  endfacet
  facet normal 0.946885 0.321571 0
    outer loop
      vertex 133.024 11.6081 0
      vertex 134.3 7.85084 3.99
      vertex 134.3 7.85084 0
    endloop
  endfacet
  facet normal 0.980789 0.195072 0
    outer loop
      vertex 135.074 3.95929 3.99
      vertex 134.3 7.85084 0
      vertex 134.3 7.85084 3.99
    endloop
  endfacet
  facet normal 0.980789 0.195072 0
    outer loop
      vertex 134.3 7.85084 0
      vertex 135.074 3.95929 3.99
      vertex 135.074 3.95929 0
    endloop
  endfacet
  facet normal 0.195074 0.980789 -0
    outer loop
      vertex 112.851 29.2997 0
      vertex 108.959 30.0738 3.99
      vertex 112.851 29.2997 3.99
    endloop
  endfacet
  facet normal 0.195074 0.980789 0
    outer loop
      vertex 108.959 30.0738 3.99
      vertex 112.851 29.2997 0
      vertex 108.959 30.0738 0
    endloop
  endfacet
  facet normal -0.896873 0.442287 0
    outer loop
      vertex 76.9757 11.6081 0
      vertex 78.7306 15.1667 3.99
      vertex 78.7306 15.1667 0
    endloop
  endfacet
  facet normal -0.896873 0.442287 0
    outer loop
      vertex 78.7306 15.1667 3.99
      vertex 76.9757 11.6081 0
      vertex 76.9757 11.6081 3.99
    endloop
  endfacet
  facet normal -0.980789 0.195072 0
    outer loop
      vertex 74.9262 3.95929 0
      vertex 75.7002 7.85084 3.99
      vertex 75.7002 7.85084 0
    endloop
  endfacet
  facet normal -0.980789 0.195072 0
    outer loop
      vertex 75.7002 7.85084 3.99
      vertex 74.9262 3.95929 0
      vertex 74.9262 3.95929 3.99
    endloop
  endfacet
  facet normal 0.442247 -0.896893 0
    outer loop
      vertex 116.608 -28.0243 0
      vertex 120.167 -26.2694 3.99
      vertex 116.608 -28.0243 3.99
    endloop
  endfacet
  facet normal 0.442247 -0.896893 0
    outer loop
      vertex 120.167 -26.2694 3.99
      vertex 116.608 -28.0243 0
      vertex 120.167 -26.2694 0
    endloop
  endfacet
  facet normal 0.659371 -0.751817 0
    outer loop
      vertex 123.466 -24.0651 0
      vertex 126.449 -21.4489 3.99
      vertex 123.466 -24.0651 3.99
    endloop
  endfacet
  facet normal 0.659371 -0.751817 0
    outer loop
      vertex 126.449 -21.4489 3.99
      vertex 123.466 -24.0651 0
      vertex 126.449 -21.4489 0
    endloop
  endfacet
  facet normal 0.831515 -0.555503 0
    outer loop
      vertex 129.065 -18.4658 3.99
      vertex 131.269 -15.1667 0
      vertex 131.269 -15.1667 3.99
    endloop
  endfacet
  facet normal 0.831515 -0.555503 0
    outer loop
      vertex 131.269 -15.1667 0
      vertex 129.065 -18.4658 3.99
      vertex 129.065 -18.4658 0
    endloop
  endfacet
  facet normal -0.555555 -0.83148 0
    outer loop
      vertex 86.5342 -24.0651 0
      vertex 89.8333 -26.2694 3.99
      vertex 86.5342 -24.0651 3.99
    endloop
  endfacet
  facet normal -0.555555 -0.83148 -0
    outer loop
      vertex 89.8333 -26.2694 3.99
      vertex 86.5342 -24.0651 0
      vertex 89.8333 -26.2694 0
    endloop
  endfacet
  facet normal -0.0654065 -0.997859 0
    outer loop
      vertex 101.041 -30.0738 0
      vertex 105 -30.3333 3.99
      vertex 101.041 -30.0738 3.99
    endloop
  endfacet
  facet normal -0.0654065 -0.997859 -0
    outer loop
      vertex 105 -30.3333 3.99
      vertex 101.041 -30.0738 0
      vertex 105 -30.3333 0
    endloop
  endfacet
  facet normal -0.896873 -0.442287 0
    outer loop
      vertex 78.7306 -15.1667 0
      vertex 76.9757 -11.6081 3.99
      vertex 76.9757 -11.6081 0
    endloop
  endfacet
  facet normal -0.896873 -0.442287 0
    outer loop
      vertex 76.9757 -11.6081 3.99
      vertex 78.7306 -15.1667 0
      vertex 78.7306 -15.1667 3.99
    endloop
  endfacet
  facet normal 0.751853 0.65933 0
    outer loop
      vertex 129.065 18.4658 3.99
      vertex 126.449 21.4489 0
      vertex 126.449 21.4489 3.99
    endloop
  endfacet
  facet normal 0.751853 0.65933 0
    outer loop
      vertex 126.449 21.4489 0
      vertex 129.065 18.4658 3.99
      vertex 129.065 18.4658 0
    endloop
  endfacet
  facet normal 0.321455 0.946925 -0
    outer loop
      vertex 116.608 28.0243 0
      vertex 112.851 29.2997 3.99
      vertex 116.608 28.0243 3.99
    endloop
  endfacet
  facet normal 0.321455 0.946925 0
    outer loop
      vertex 112.851 29.2997 3.99
      vertex 116.608 28.0243 0
      vertex 112.851 29.2997 0
    endloop
  endfacet
  facet normal -0.946924 0.321458 0
    outer loop
      vertex 75.7002 7.85084 0
      vertex 76.9757 11.6081 3.99
      vertex 76.9757 11.6081 0
    endloop
  endfacet
  facet normal -0.946924 0.321458 0
    outer loop
      vertex 76.9757 11.6081 3.99
      vertex 75.7002 7.85084 0
      vertex 75.7002 7.85084 3.99
    endloop
  endfacet
  facet normal -0.442287 0.896873 0
    outer loop
      vertex 93.3919 28.0243 0
      vertex 89.8333 26.2694 3.99
      vertex 93.3919 28.0243 3.99
    endloop
  endfacet
  facet normal -0.442287 0.896873 0
    outer loop
      vertex 89.8333 26.2694 3.99
      vertex 93.3919 28.0243 0
      vertex 89.8333 26.2694 0
    endloop
  endfacet
  facet normal -0.195084 0.980787 0
    outer loop
      vertex 101.041 30.0738 0
      vertex 97.1492 29.2997 3.99
      vertex 101.041 30.0738 3.99
    endloop
  endfacet
  facet normal -0.195084 0.980787 0
    outer loop
      vertex 97.1492 29.2997 3.99
      vertex 101.041 30.0738 0
      vertex 97.1492 29.2997 0
    endloop
  endfacet
  facet normal 0.321455 -0.946925 0
    outer loop
      vertex 112.851 -29.2997 0
      vertex 116.608 -28.0243 3.99
      vertex 112.851 -29.2997 3.99
    endloop
  endfacet
  facet normal 0.321455 -0.946925 0
    outer loop
      vertex 116.608 -28.0243 3.99
      vertex 112.851 -29.2997 0
      vertex 116.608 -28.0243 0
    endloop
  endfacet
  facet normal 0.555567 -0.831472 0
    outer loop
      vertex 120.167 -26.2694 0
      vertex 123.466 -24.0651 3.99
      vertex 120.167 -26.2694 3.99
    endloop
  endfacet
  facet normal 0.555567 -0.831472 0
    outer loop
      vertex 123.466 -24.0651 3.99
      vertex 120.167 -26.2694 0
      vertex 123.466 -24.0651 0
    endloop
  endfacet
  facet normal 0.980789 -0.195072 0
    outer loop
      vertex 134.3 -7.85084 3.99
      vertex 135.074 -3.95929 0
      vertex 135.074 -3.95929 3.99
    endloop
  endfacet
  facet normal 0.980789 -0.195072 0
    outer loop
      vertex 135.074 -3.95929 0
      vertex 134.3 -7.85084 3.99
      vertex 134.3 -7.85084 0
    endloop
  endfacet
  facet normal -0.442287 -0.896873 0
    outer loop
      vertex 89.8333 -26.2694 0
      vertex 93.3919 -28.0243 3.99
      vertex 89.8333 -26.2694 3.99
    endloop
  endfacet
  facet normal -0.442287 -0.896873 -0
    outer loop
      vertex 93.3919 -28.0243 3.99
      vertex 89.8333 -26.2694 0
      vertex 93.3919 -28.0243 0
    endloop
  endfacet
  facet normal -0.195084 -0.980787 0
    outer loop
      vertex 97.1492 -29.2997 0
      vertex 101.041 -30.0738 3.99
      vertex 97.1492 -29.2997 3.99
    endloop
  endfacet
  facet normal -0.195084 -0.980787 -0
    outer loop
      vertex 101.041 -30.0738 3.99
      vertex 97.1492 -29.2997 0
      vertex 101.041 -30.0738 0
    endloop
  endfacet
  facet normal -0.831468 -0.555572 0
    outer loop
      vertex 80.935 -18.4658 0
      vertex 78.7306 -15.1667 3.99
      vertex 78.7306 -15.1667 0
    endloop
  endfacet
  facet normal -0.831468 -0.555572 0
    outer loop
      vertex 78.7306 -15.1667 3.99
      vertex 80.935 -18.4658 0
      vertex 80.935 -18.4658 3.99
    endloop
  endfacet
  facet normal -0.946924 -0.321458 0
    outer loop
      vertex 76.9757 -11.6081 0
      vertex 75.7002 -7.85084 3.99
      vertex 75.7002 -7.85084 0
    endloop
  endfacet
  facet normal -0.946924 -0.321458 0
    outer loop
      vertex 75.7002 -7.85084 3.99
      vertex 76.9757 -11.6081 0
      vertex 76.9757 -11.6081 3.99
    endloop
  endfacet
  facet normal 0.997867 -0.0652763 0
    outer loop
      vertex 135.074 -3.95929 3.99
      vertex 135.333 0 0
      vertex 135.333 0 3.99
    endloop
  endfacet
  facet normal 0.997867 -0.0652763 0
    outer loop
      vertex 135.333 0 0
      vertex 135.074 -3.95929 3.99
      vertex 135.074 -3.95929 0
    endloop
  endfacet
  facet normal -0.831469 -0.555572 0
    outer loop
      vertex 129.537 14.1667 0
      vertex 127.478 17.2482 3.99
      vertex 127.478 17.2482 0
    endloop
  endfacet
  facet normal -0.831469 -0.555572 0
    outer loop
      vertex 127.478 17.2482 3.99
      vertex 129.537 14.1667 0
      vertex 129.537 14.1667 3.99
    endloop
  endfacet
  facet normal -0.321395 -0.946945 0
    outer loop
      vertex 112.333 27.3679 0
      vertex 115.843 26.1766 3.99
      vertex 112.333 27.3679 3.99
    endloop
  endfacet
  facet normal -0.321395 -0.946945 -0
    outer loop
      vertex 115.843 26.1766 3.99
      vertex 112.333 27.3679 0
      vertex 115.843 26.1766 0
    endloop
  endfacet
  facet normal 0.321436 -0.946931 0
    outer loop
      vertex 94.1573 26.1766 0
      vertex 97.6668 27.3679 3.99
      vertex 94.1573 26.1766 3.99
    endloop
  endfacet
  facet normal 0.321436 -0.946931 0
    outer loop
      vertex 97.6668 27.3679 3.99
      vertex 94.1573 26.1766 0
      vertex 97.6668 27.3679 0
    endloop
  endfacet
  facet normal 0.896874 -0.442285 0
    outer loop
      vertex 78.8234 10.8427 3.99
      vertex 80.4626 14.1667 0
      vertex 80.4626 14.1667 3.99
    endloop
  endfacet
  facet normal 0.896874 -0.442285 0
    outer loop
      vertex 80.4626 14.1667 0
      vertex 78.8234 10.8427 3.99
      vertex 78.8234 10.8427 0
    endloop
  endfacet
  facet normal -0.980787 0.19508 0
    outer loop
      vertex 132.368 -7.33321 0
      vertex 133.091 -3.69824 3.99
      vertex 133.091 -3.69824 0
    endloop
  endfacet
  facet normal -0.980787 0.19508 0
    outer loop
      vertex 133.091 -3.69824 3.99
      vertex 132.368 -7.33321 0
      vertex 132.368 -7.33321 3.99
    endloop
  endfacet
  facet normal -0.980787 -0.19508 0
    outer loop
      vertex 133.091 3.69824 0
      vertex 132.368 7.33321 3.99
      vertex 132.368 7.33321 0
    endloop
  endfacet
  facet normal -0.980787 -0.19508 0
    outer loop
      vertex 132.368 7.33321 3.99
      vertex 133.091 3.69824 0
      vertex 133.091 3.69824 3.99
    endloop
  endfacet
  facet normal -0.442285 -0.896874 0
    outer loop
      vertex 115.843 26.1766 0
      vertex 119.167 24.5374 3.99
      vertex 115.843 26.1766 3.99
    endloop
  endfacet
  facet normal -0.442285 -0.896874 -0
    outer loop
      vertex 119.167 24.5374 3.99
      vertex 115.843 26.1766 0
      vertex 119.167 24.5374 0
    endloop
  endfacet
  facet normal 0.997859 -0.0654044 0
    outer loop
      vertex 76.6667 0 3.99
      vertex 76.9091 3.69824 0
      vertex 76.9091 3.69824 3.99
    endloop
  endfacet
  facet normal 0.997859 -0.0654044 0
    outer loop
      vertex 76.9091 3.69824 0
      vertex 76.6667 0 3.99
      vertex 76.6667 0 0
    endloop
  endfacet
  facet normal 0.751853 -0.659331 0
    outer loop
      vertex 82.5217 17.2482 3.99
      vertex 84.9653 20.0347 0
      vertex 84.9653 20.0347 3.99
    endloop
  endfacet
  facet normal 0.751853 -0.659331 0
    outer loop
      vertex 84.9653 20.0347 0
      vertex 82.5217 17.2482 3.99
      vertex 82.5217 17.2482 0
    endloop
  endfacet
  facet normal 0.195068 -0.98079 0
    outer loop
      vertex 97.6668 27.3679 0
      vertex 101.302 28.0909 3.99
      vertex 97.6668 27.3679 3.99
    endloop
  endfacet
  facet normal 0.195068 -0.98079 0
    outer loop
      vertex 101.302 28.0909 3.99
      vertex 97.6668 27.3679 0
      vertex 101.302 28.0909 0
    endloop
  endfacet
  facet normal 0.659331 -0.751853 0
    outer loop
      vertex 84.9653 20.0347 0
      vertex 87.7518 22.4783 3.99
      vertex 84.9653 20.0347 3.99
    endloop
  endfacet
  facet normal 0.659331 -0.751853 0
    outer loop
      vertex 87.7518 22.4783 3.99
      vertex 84.9653 20.0347 0
      vertex 87.7518 22.4783 0
    endloop
  endfacet
  facet normal -0.997866 0.0652969 0
    outer loop
      vertex 133.091 -3.69824 0
      vertex 133.333 0 3.99
      vertex 133.333 0 0
    endloop
  endfacet
  facet normal -0.997866 0.0652969 0
    outer loop
      vertex 133.333 0 3.99
      vertex 133.091 -3.69824 0
      vertex 133.091 -3.69824 3.99
    endloop
  endfacet
  facet normal -0.946956 0.321364 0
    outer loop
      vertex 131.177 -10.8427 0
      vertex 132.368 -7.33321 3.99
      vertex 132.368 -7.33321 0
    endloop
  endfacet
  facet normal -0.946956 0.321364 0
    outer loop
      vertex 132.368 -7.33321 3.99
      vertex 131.177 -10.8427 0
      vertex 131.177 -10.8427 3.99
    endloop
  endfacet
  facet normal 0.659331 0.751853 -0
    outer loop
      vertex 87.7518 -22.4783 0
      vertex 84.9653 -20.0347 3.99
      vertex 87.7518 -22.4783 3.99
    endloop
  endfacet
  facet normal 0.659331 0.751853 0
    outer loop
      vertex 84.9653 -20.0347 3.99
      vertex 87.7518 -22.4783 0
      vertex 84.9653 -20.0347 0
    endloop
  endfacet
  facet normal -0.659264 -0.751911 0
    outer loop
      vertex 122.248 22.4783 0
      vertex 125.035 20.0347 3.99
      vertex 122.248 22.4783 3.99
    endloop
  endfacet
  facet normal -0.659264 -0.751911 -0
    outer loop
      vertex 125.035 20.0347 3.99
      vertex 122.248 22.4783 0
      vertex 125.035 20.0347 0
    endloop
  endfacet
  facet normal 0.0654086 -0.997859 0
    outer loop
      vertex 101.302 28.0909 0
      vertex 105 28.3333 3.99
      vertex 101.302 28.0909 3.99
    endloop
  endfacet
  facet normal 0.0654086 -0.997859 0
    outer loop
      vertex 105 28.3333 3.99
      vertex 101.302 28.0909 0
      vertex 105 28.3333 0
    endloop
  endfacet
  facet normal -0.195078 -0.980788 0
    outer loop
      vertex 108.698 28.0909 0
      vertex 112.333 27.3679 3.99
      vertex 108.698 28.0909 3.99
    endloop
  endfacet
  facet normal -0.195078 -0.980788 -0
    outer loop
      vertex 112.333 27.3679 3.99
      vertex 108.698 28.0909 0
      vertex 112.333 27.3679 0
    endloop
  endfacet
  facet normal -0.555653 -0.831415 0
    outer loop
      vertex 119.167 24.5374 0
      vertex 122.248 22.4783 3.99
      vertex 119.167 24.5374 3.99
    endloop
  endfacet
  facet normal -0.555653 -0.831415 -0
    outer loop
      vertex 122.248 22.4783 3.99
      vertex 119.167 24.5374 0
      vertex 122.248 22.4783 0
    endloop
  endfacet
  facet normal 0.946931 -0.321437 0
    outer loop
      vertex 77.6321 7.33321 3.99
      vertex 78.8234 10.8427 0
      vertex 78.8234 10.8427 3.99
    endloop
  endfacet
  facet normal 0.946931 -0.321437 0
    outer loop
      vertex 78.8234 10.8427 0
      vertex 77.6321 7.33321 3.99
      vertex 77.6321 7.33321 0
    endloop
  endfacet
  facet normal 0.980787 -0.19508 0
    outer loop
      vertex 76.9091 3.69824 3.99
      vertex 77.6321 7.33321 0
      vertex 77.6321 7.33321 3.99
    endloop
  endfacet
  facet normal 0.980787 -0.19508 0
    outer loop
      vertex 77.6321 7.33321 0
      vertex 76.9091 3.69824 3.99
      vertex 76.9091 3.69824 0
    endloop
  endfacet
  facet normal 0.831456 -0.55559 0
    outer loop
      vertex 80.4626 14.1667 3.99
      vertex 82.5217 17.2482 0
      vertex 82.5217 17.2482 3.99
    endloop
  endfacet
  facet normal 0.831456 -0.55559 0
    outer loop
      vertex 82.5217 17.2482 0
      vertex 80.4626 14.1667 3.99
      vertex 80.4626 14.1667 0
    endloop
  endfacet
  facet normal 0.55559 -0.831456 0
    outer loop
      vertex 87.7518 22.4783 0
      vertex 90.8333 24.5374 3.99
      vertex 87.7518 22.4783 3.99
    endloop
  endfacet
  facet normal 0.55559 -0.831456 0
    outer loop
      vertex 90.8333 24.5374 3.99
      vertex 87.7518 22.4783 0
      vertex 90.8333 24.5374 0
    endloop
  endfacet
  facet normal 0.442285 -0.896874 0
    outer loop
      vertex 90.8333 24.5374 0
      vertex 94.1573 26.1766 3.99
      vertex 90.8333 24.5374 3.99
    endloop
  endfacet
  facet normal 0.442285 -0.896874 0
    outer loop
      vertex 94.1573 26.1766 3.99
      vertex 90.8333 24.5374 0
      vertex 94.1573 26.1766 0
    endloop
  endfacet
  facet normal -0.997866 -0.0652969 0
    outer loop
      vertex 133.333 0 0
      vertex 133.091 3.69824 3.99
      vertex 133.091 3.69824 0
    endloop
  endfacet
  facet normal -0.997866 -0.0652969 0
    outer loop
      vertex 133.091 3.69824 3.99
      vertex 133.333 0 0
      vertex 133.333 0 3.99
    endloop
  endfacet
  facet normal 0.997859 0.0654044 0
    outer loop
      vertex 76.9091 -3.69824 3.99
      vertex 76.6667 0 0
      vertex 76.6667 0 3.99
    endloop
  endfacet
  facet normal 0.997859 0.0654044 0
    outer loop
      vertex 76.6667 0 0
      vertex 76.9091 -3.69824 3.99
      vertex 76.9091 -3.69824 0
    endloop
  endfacet
  facet normal 0.751853 0.659331 0
    outer loop
      vertex 84.9653 -20.0347 3.99
      vertex 82.5217 -17.2482 0
      vertex 82.5217 -17.2482 3.99
    endloop
  endfacet
  facet normal 0.751853 0.659331 0
    outer loop
      vertex 82.5217 -17.2482 0
      vertex 84.9653 -20.0347 3.99
      vertex 84.9653 -20.0347 0
    endloop
  endfacet
  facet normal -0.195078 0.980788 0
    outer loop
      vertex 112.333 -27.3679 0
      vertex 108.698 -28.0909 3.99
      vertex 112.333 -27.3679 3.99
    endloop
  endfacet
  facet normal -0.195078 0.980788 0
    outer loop
      vertex 108.698 -28.0909 3.99
      vertex 112.333 -27.3679 0
      vertex 108.698 -28.0909 0
    endloop
  endfacet
  facet normal -0.442285 0.896874 0
    outer loop
      vertex 119.167 -24.5374 0
      vertex 115.843 -26.1766 3.99
      vertex 119.167 -24.5374 3.99
    endloop
  endfacet
  facet normal -0.442285 0.896874 0
    outer loop
      vertex 115.843 -26.1766 3.99
      vertex 119.167 -24.5374 0
      vertex 115.843 -26.1766 0
    endloop
  endfacet
  facet normal -0.896789 -0.442459 0
    outer loop
      vertex 131.177 10.8427 0
      vertex 129.537 14.1667 3.99
      vertex 129.537 14.1667 0
    endloop
  endfacet
  facet normal -0.896789 -0.442459 0
    outer loop
      vertex 129.537 14.1667 3.99
      vertex 131.177 10.8427 0
      vertex 131.177 10.8427 3.99
    endloop
  endfacet
  facet normal -0.946956 -0.321364 0
    outer loop
      vertex 132.368 7.33321 0
      vertex 131.177 10.8427 3.99
      vertex 131.177 10.8427 0
    endloop
  endfacet
  facet normal -0.946956 -0.321364 0
    outer loop
      vertex 131.177 10.8427 3.99
      vertex 132.368 7.33321 0
      vertex 132.368 7.33321 3.99
    endloop
  endfacet
  facet normal -0.751933 -0.65924 0
    outer loop
      vertex 127.478 17.2482 0
      vertex 125.035 20.0347 3.99
      vertex 125.035 20.0347 0
    endloop
  endfacet
  facet normal -0.751933 -0.65924 0
    outer loop
      vertex 125.035 20.0347 3.99
      vertex 127.478 17.2482 0
      vertex 127.478 17.2482 3.99
    endloop
  endfacet
  facet normal -0.0654086 -0.997859 0
    outer loop
      vertex 105 28.3333 0
      vertex 108.698 28.0909 3.99
      vertex 105 28.3333 3.99
    endloop
  endfacet
  facet normal -0.0654086 -0.997859 -0
    outer loop
      vertex 108.698 28.0909 3.99
      vertex 105 28.3333 0
      vertex 108.698 28.0909 0
    endloop
  endfacet
  facet normal -0.831469 0.555572 0
    outer loop
      vertex 127.478 -17.2482 0
      vertex 129.537 -14.1667 3.99
      vertex 129.537 -14.1667 0
    endloop
  endfacet
  facet normal -0.831469 0.555572 0
    outer loop
      vertex 129.537 -14.1667 3.99
      vertex 127.478 -17.2482 0
      vertex 127.478 -17.2482 3.99
    endloop
  endfacet
  facet normal -0.896789 0.442459 0
    outer loop
      vertex 129.537 -14.1667 0
      vertex 131.177 -10.8427 3.99
      vertex 131.177 -10.8427 0
    endloop
  endfacet
  facet normal -0.896789 0.442459 0
    outer loop
      vertex 131.177 -10.8427 3.99
      vertex 129.537 -14.1667 0
      vertex 129.537 -14.1667 3.99
    endloop
  endfacet
  facet normal 0.321436 0.946931 -0
    outer loop
      vertex 97.6668 -27.3679 0
      vertex 94.1573 -26.1766 3.99
      vertex 97.6668 -27.3679 3.99
    endloop
  endfacet
  facet normal 0.321436 0.946931 0
    outer loop
      vertex 94.1573 -26.1766 3.99
      vertex 97.6668 -27.3679 0
      vertex 94.1573 -26.1766 0
    endloop
  endfacet
  facet normal 0.195068 0.98079 -0
    outer loop
      vertex 101.302 -28.0909 0
      vertex 97.6668 -27.3679 3.99
      vertex 101.302 -28.0909 3.99
    endloop
  endfacet
  facet normal 0.195068 0.98079 0
    outer loop
      vertex 97.6668 -27.3679 3.99
      vertex 101.302 -28.0909 0
      vertex 97.6668 -27.3679 0
    endloop
  endfacet
  facet normal 0.0654086 0.997859 -0
    outer loop
      vertex 105 -28.3333 0
      vertex 101.302 -28.0909 3.99
      vertex 105 -28.3333 3.99
    endloop
  endfacet
  facet normal 0.0654086 0.997859 0
    outer loop
      vertex 101.302 -28.0909 3.99
      vertex 105 -28.3333 0
      vertex 101.302 -28.0909 0
    endloop
  endfacet
  facet normal 0.946931 0.321437 0
    outer loop
      vertex 78.8234 -10.8427 3.99
      vertex 77.6321 -7.33321 0
      vertex 77.6321 -7.33321 3.99
    endloop
  endfacet
  facet normal 0.946931 0.321437 0
    outer loop
      vertex 77.6321 -7.33321 0
      vertex 78.8234 -10.8427 3.99
      vertex 78.8234 -10.8427 0
    endloop
  endfacet
  facet normal 0.980787 0.19508 0
    outer loop
      vertex 77.6321 -7.33321 3.99
      vertex 76.9091 -3.69824 0
      vertex 76.9091 -3.69824 3.99
    endloop
  endfacet
  facet normal 0.980787 0.19508 0
    outer loop
      vertex 76.9091 -3.69824 0
      vertex 77.6321 -7.33321 3.99
      vertex 77.6321 -7.33321 0
    endloop
  endfacet
  facet normal -0.321395 0.946945 0
    outer loop
      vertex 115.843 -26.1766 0
      vertex 112.333 -27.3679 3.99
      vertex 115.843 -26.1766 3.99
    endloop
  endfacet
  facet normal -0.321395 0.946945 0
    outer loop
      vertex 112.333 -27.3679 3.99
      vertex 115.843 -26.1766 0
      vertex 112.333 -27.3679 0
    endloop
  endfacet
  facet normal -0.659264 0.751911 0
    outer loop
      vertex 125.035 -20.0347 0
      vertex 122.248 -22.4783 3.99
      vertex 125.035 -20.0347 3.99
    endloop
  endfacet
  facet normal -0.659264 0.751911 0
    outer loop
      vertex 122.248 -22.4783 3.99
      vertex 125.035 -20.0347 0
      vertex 122.248 -22.4783 0
    endloop
  endfacet
  facet normal -0.555653 0.831415 0
    outer loop
      vertex 122.248 -22.4783 0
      vertex 119.167 -24.5374 3.99
      vertex 122.248 -22.4783 3.99
    endloop
  endfacet
  facet normal -0.555653 0.831415 0
    outer loop
      vertex 119.167 -24.5374 3.99
      vertex 122.248 -22.4783 0
      vertex 119.167 -24.5374 0
    endloop
  endfacet
  facet normal -0.0654086 0.997859 0
    outer loop
      vertex 108.698 -28.0909 0
      vertex 105 -28.3333 3.99
      vertex 108.698 -28.0909 3.99
    endloop
  endfacet
  facet normal -0.0654086 0.997859 0
    outer loop
      vertex 105 -28.3333 3.99
      vertex 108.698 -28.0909 0
      vertex 105 -28.3333 0
    endloop
  endfacet
  facet normal 0.442285 0.896874 -0
    outer loop
      vertex 94.1573 -26.1766 0
      vertex 90.8333 -24.5374 3.99
      vertex 94.1573 -26.1766 3.99
    endloop
  endfacet
  facet normal 0.442285 0.896874 0
    outer loop
      vertex 90.8333 -24.5374 3.99
      vertex 94.1573 -26.1766 0
      vertex 90.8333 -24.5374 0
    endloop
  endfacet
  facet normal 0.831456 0.55559 0
    outer loop
      vertex 82.5217 -17.2482 3.99
      vertex 80.4626 -14.1667 0
      vertex 80.4626 -14.1667 3.99
    endloop
  endfacet
  facet normal 0.831456 0.55559 0
    outer loop
      vertex 80.4626 -14.1667 0
      vertex 82.5217 -17.2482 3.99
      vertex 82.5217 -17.2482 0
    endloop
  endfacet
  facet normal 0.896874 0.442285 0
    outer loop
      vertex 80.4626 -14.1667 3.99
      vertex 78.8234 -10.8427 0
      vertex 78.8234 -10.8427 3.99
    endloop
  endfacet
  facet normal 0.896874 0.442285 0
    outer loop
      vertex 78.8234 -10.8427 0
      vertex 80.4626 -14.1667 3.99
      vertex 80.4626 -14.1667 0
    endloop
  endfacet
  facet normal -0.751933 0.65924 0
    outer loop
      vertex 125.035 -20.0347 0
      vertex 127.478 -17.2482 3.99
      vertex 127.478 -17.2482 0
    endloop
  endfacet
  facet normal -0.751933 0.65924 0
    outer loop
      vertex 127.478 -17.2482 3.99
      vertex 125.035 -20.0347 0
      vertex 125.035 -20.0347 3.99
    endloop
  endfacet
  facet normal 0.55559 0.831456 -0
    outer loop
      vertex 90.8333 -24.5374 0
      vertex 87.7518 -22.4783 3.99
      vertex 90.8333 -24.5374 3.99
    endloop
  endfacet
  facet normal 0.55559 0.831456 0
    outer loop
      vertex 87.7518 -22.4783 3.99
      vertex 90.8333 -24.5374 0
      vertex 87.7518 -22.4783 0
    endloop
  endfacet
  facet normal -1 0 0
    outer loop
      vertex 2.5 -102.5 -6
      vertex 2.5 102.5 0
      vertex 2.5 102.5 -6
    endloop
  endfacet
  facet normal -1 -0 0
    outer loop
      vertex 2.5 102.5 0
      vertex 2.5 -102.5 -6
      vertex 2.5 -102.5 0
    endloop
  endfacet
  facet normal 1 -0 0
    outer loop
      vertex 207.5 -102.5 0
      vertex 207.5 102.5 -6
      vertex 207.5 102.5 0
    endloop
  endfacet
  facet normal 1 0 0
    outer loop
      vertex 207.5 102.5 -6
      vertex 207.5 -102.5 0
      vertex 207.5 -102.5 -6
    endloop
  endfacet
  facet normal 0 0 -1
    outer loop
      vertex 5.7 88.7 -6
      vertex 40.5 39.7 -6
      vertex 5.7 3.3 -6
    endloop
  endfacet
  facet normal 0 0 -1
    outer loop
      vertex 40.5 39.7 -6
      vertex 5.7 88.7 -6
      vertex 12.3 88.7 -6
    endloop
  endfacet
  facet normal 0 0 -1
    outer loop
      vertex 5.7 -3.3 -6
      vertex 40.5 -39.7 -6
      vertex 5.7 -88.7 -6
    endloop
  endfacet
  facet normal 0 0 -1
    outer loop
      vertex 40.5 -39.7 -6
      vertex 5.7 -3.3 -6
      vertex 12.3 -3.3 -6
    endloop
  endfacet
  facet normal 0 0 -1
    outer loop
      vertex 12.3 -3.3 -6
      vertex 45.5 -39.7 -6
      vertex 40.5 -39.7 -6
    endloop
  endfacet
  facet normal 0 0 -1
    outer loop
      vertex 45.5 -39.7 -6
      vertex 12.3 -3.3 -6
      vertex 45.5 39.7 -6
    endloop
  endfacet
  facet normal 0 0 -1
    outer loop
      vertex 63.5 84 -6
      vertex 66.5 92 -6
      vertex 66.5 84 -6
    endloop
  endfacet
  facet normal -0 0 -1
    outer loop
      vertex 66.5 92 -6
      vertex 63.5 84 -6
      vertex 63.5 92 -6
    endloop
  endfacet
  facet normal 0 0 -1
    outer loop
      vertex 68.5 36 -6
      vertex 71.5 44 -6
      vertex 71.5 36 -6
    endloop
  endfacet
  facet normal -0 0 -1
    outer loop
      vertex 71.5 44 -6
      vertex 68.5 36 -6
      vertex 68.5 44 -6
    endloop
  endfacet
  facet normal 0 0 -1
    outer loop
      vertex 102.5 83.8 -6
      vertex 104.3 88.7 -6
      vertex 107.5 83.8 -6
    endloop
  endfacet
  facet normal -0 0 -1
    outer loop
      vertex 104.3 88.7 -6
      vertex 102.5 83.8 -6
      vertex 97.7 88.7 -6
    endloop
  endfacet
  facet normal 0 0 -1
    outer loop
      vertex 138.5 36 -6
      vertex 141.5 44 -6
      vertex 141.5 36 -6
    endloop
  endfacet
  facet normal -0 0 -1
    outer loop
      vertex 141.5 44 -6
      vertex 138.5 36 -6
      vertex 138.5 44 -6
    endloop
  endfacet
  facet normal 0 0 -1
    outer loop
      vertex 143.5 84 -6
      vertex 146.5 92 -6
      vertex 146.5 84 -6
    endloop
  endfacet
  facet normal -0 0 -1
    outer loop
      vertex 146.5 92 -6
      vertex 143.5 84 -6
      vertex 143.5 92 -6
    endloop
  endfacet
  facet normal 0 0 -1
    outer loop
      vertex 189.7 -3.3 -6
      vertex 141.5 34 -6
      vertex 189.7 3.3 -6
    endloop
  endfacet
  facet normal 0 0 -1
    outer loop
      vertex 189.7 3.3 -6
      vertex 164.5 39.7 -6
      vertex 169.5 39.7 -6
    endloop
  endfacet
  facet normal 0 0 -1
    outer loop
      vertex 169.5 39.7 -6
      vertex 196.3 3.3 -6
      vertex 189.7 3.3 -6
    endloop
  endfacet
  facet normal 0 0 -1
    outer loop
      vertex 196.3 3.3 -6
      vertex 169.5 39.7 -6
      vertex 196.3 88.7 -6
    endloop
  endfacet
  facet normal 0 0 -1
    outer loop
      vertex 169.5 -39.7 -6
      vertex 196.3 -88.7 -6
      vertex 189.7 -88.7 -6
    endloop
  endfacet
  facet normal 0 0 -1
    outer loop
      vertex 196.3 -88.7 -6
      vertex 169.5 -39.7 -6
      vertex 196.3 -3.3 -6
    endloop
  endfacet
  facet normal 0 0 -1
    outer loop
      vertex 196.3 -88.7 -6
      vertex 207.5 -102.5 -6
      vertex 196.3 -95.3 -6
    endloop
  endfacet
  facet normal 0 0 -1
    outer loop
      vertex 207.5 -102.5 -6
      vertex 189.7 -95.3 -6
      vertex 196.3 -95.3 -6
    endloop
  endfacet
  facet normal 0 0 -1
    outer loop
      vertex 169.5 -84.3 -6
      vertex 189.7 -88.7 -6
      vertex 189.7 -95.3 -6
    endloop
  endfacet
  facet normal -0 0 -1
    outer loop
      vertex 196.3 -3.3 -6
      vertex 169.5 -39.7 -6
      vertex 189.7 -3.3 -6
    endloop
  endfacet
  facet normal 0 0 -1
    outer loop
      vertex 164.5 -39.7 -6
      vertex 189.7 -3.3 -6
      vertex 169.5 -39.7 -6
    endloop
  endfacet
  facet normal 0 0 -1
    outer loop
      vertex 141.5 34 -6
      vertex 189.7 -3.3 -6
      vertex 164.5 -39.7 -6
    endloop
  endfacet
  facet normal 0 0 -1
    outer loop
      vertex 189.7 -88.7 -6
      vertex 169.5 -84.3 -6
      vertex 169.5 -39.7 -6
    endloop
  endfacet
  facet normal 0 0 -1
    outer loop
      vertex 189.7 -95.3 -6
      vertex 164.5 -84.3 -6
      vertex 169.5 -84.3 -6
    endloop
  endfacet
  facet normal 0 0 -1
    outer loop
      vertex 45.5 -39.7 -6
      vertex 164.5 -39.7 -6
      vertex 164.5 -84.3 -6
    endloop
  endfacet
  facet normal 0 0 -1
    outer loop
      vertex 189.7 3.3 -6
      vertex 141.5 34 -6
      vertex 164.5 39.7 -6
    endloop
  endfacet
  facet normal 0 0 -1
    outer loop
      vertex 141.5 36 -6
      vertex 164.5 39.7 -6
      vertex 141.5 34 -6
    endloop
  endfacet
  facet normal 0 0 -1
    outer loop
      vertex 141.5 44 -6
      vertex 164.5 39.7 -6
      vertex 141.5 36 -6
    endloop
  endfacet
  facet normal 0 0 -1
    outer loop
      vertex 107.5 83.8 -6
      vertex 143.5 84 -6
      vertex 143.5 82 -6
    endloop
  endfacet
  facet normal -0 0 -1
    outer loop
      vertex 143.5 84 -6
      vertex 107.5 83.8 -6
      vertex 143.5 92 -6
    endloop
  endfacet
  facet normal 0 0 -1
    outer loop
      vertex 164.5 39.7 -6
      vertex 141.5 46 -6
      vertex 164.5 84.3 -6
    endloop
  endfacet
  facet normal 0 0 -1
    outer loop
      vertex 141.5 46 -6
      vertex 164.5 39.7 -6
      vertex 141.5 44 -6
    endloop
  endfacet
  facet normal 0 0 -1
    outer loop
      vertex 164.5 -39.7 -6
      vertex 138.5 34 -6
      vertex 141.5 34 -6
    endloop
  endfacet
  facet normal 0 0 -1
    outer loop
      vertex 107.5 40.2 -6
      vertex 138.5 36 -6
      vertex 138.5 34 -6
    endloop
  endfacet
  facet normal 0 0 -1
    outer loop
      vertex 138.5 36 -6
      vertex 107.5 40.2 -6
      vertex 138.5 44 -6
    endloop
  endfacet
  facet normal -0 0 -1
    outer loop
      vertex 138.5 44 -6
      vertex 107.5 40.2 -6
      vertex 138.5 46 -6
    endloop
  endfacet
  facet normal 0 -0 -1
    outer loop
      vertex 107.5 40.2 -6
      vertex 164.5 -39.7 -6
      vertex 45.5 -39.7 -6
    endloop
  endfacet
  facet normal 0 0 -1
    outer loop
      vertex 164.5 -39.7 -6
      vertex 107.5 40.2 -6
      vertex 138.5 34 -6
    endloop
  endfacet
  facet normal 0 0 -1
    outer loop
      vertex 71.5 46 -6
      vertex 102.5 83.8 -6
      vertex 102.5 40.2 -6
    endloop
  endfacet
  facet normal 0 0 -1
    outer loop
      vertex 71.5 44 -6
      vertex 102.5 40.2 -6
      vertex 71.5 36 -6
    endloop
  endfacet
  facet normal 0 0 -1
    outer loop
      vertex 71.5 36 -6
      vertex 102.5 40.2 -6
      vertex 71.5 34 -6
    endloop
  endfacet
  facet normal -0 0 -1
    outer loop
      vertex 107.5 40.2 -6
      vertex 45.5 -39.7 -6
      vertex 102.5 40.2 -6
    endloop
  endfacet
  facet normal 0 0 -1
    outer loop
      vertex 102.5 40.2 -6
      vertex 45.5 -39.7 -6
      vertex 71.5 34 -6
    endloop
  endfacet
  facet normal 0 0 -1
    outer loop
      vertex 45.5 39.7 -6
      vertex 68.5 36 -6
      vertex 68.5 34 -6
    endloop
  endfacet
  facet normal 0 0 -1
    outer loop
      vertex 68.5 36 -6
      vertex 45.5 39.7 -6
      vertex 68.5 44 -6
    endloop
  endfacet
  facet normal -0 0 -1
    outer loop
      vertex 68.5 44 -6
      vertex 45.5 39.7 -6
      vertex 68.5 46 -6
    endloop
  endfacet
  facet normal 0 0 -1
    outer loop
      vertex 68.5 46 -6
      vertex 63.5 82 -6
      vertex 66.5 82 -6
    endloop
  endfacet
  facet normal 0 0 -1
    outer loop
      vertex 45.5 84.3 -6
      vertex 63.5 84 -6
      vertex 63.5 82 -6
    endloop
  endfacet
  facet normal 0 0 -1
    outer loop
      vertex 63.5 84 -6
      vertex 45.5 84.3 -6
      vertex 63.5 92 -6
    endloop
  endfacet
  facet normal 0 0 -1
    outer loop
      vertex 45.5 39.7 -6
      vertex 68.5 34 -6
      vertex 45.5 -39.7 -6
    endloop
  endfacet
  facet normal -0 0 -1
    outer loop
      vertex 71.5 34 -6
      vertex 45.5 -39.7 -6
      vertex 68.5 34 -6
    endloop
  endfacet
  facet normal 0 0 -1
    outer loop
      vertex 45.5 -39.7 -6
      vertex 164.5 -84.3 -6
      vertex 45.5 -84.3 -6
    endloop
  endfacet
  facet normal 0 0 -1
    outer loop
      vertex 189.7 -95.3 -6
      vertex 45.5 -84.3 -6
      vertex 164.5 -84.3 -6
    endloop
  endfacet
  facet normal 0 0 -1
    outer loop
      vertex 2.5 -102.5 -6
      vertex 189.7 -95.3 -6
      vertex 207.5 -102.5 -6
    endloop
  endfacet
  facet normal -0 0 -1
    outer loop
      vertex 189.7 -95.3 -6
      vertex 2.5 -102.5 -6
      vertex 45.5 -84.3 -6
    endloop
  endfacet
  facet normal 0 0 -1
    outer loop
      vertex 12.3 -88.7 -6
      vertex 40.5 -39.7 -6
      vertex 40.5 -84.3 -6
    endloop
  endfacet
  facet normal 0 0 -1
    outer loop
      vertex 12.3 3.3 -6
      vertex 45.5 39.7 -6
      vertex 12.3 -3.3 -6
    endloop
  endfacet
  facet normal 0 0 -1
    outer loop
      vertex 12.3 -88.7 -6
      vertex 40.5 -84.3 -6
      vertex 12.3 -95.3 -6
    endloop
  endfacet
  facet normal 0 -0 -1
    outer loop
      vertex 12.3 -95.3 -6
      vertex 45.5 -84.3 -6
      vertex 2.5 -102.5 -6
    endloop
  endfacet
  facet normal -0 0 -1
    outer loop
      vertex 45.5 -84.3 -6
      vertex 12.3 -95.3 -6
      vertex 40.5 -84.3 -6
    endloop
  endfacet
  facet normal 0 0 -1
    outer loop
      vertex 2.5 -102.5 -6
      vertex 5.7 -88.7 -6
      vertex 5.7 -95.3 -6
    endloop
  endfacet
  facet normal -0 0 -1
    outer loop
      vertex 5.7 -88.7 -6
      vertex 2.5 -102.5 -6
      vertex 5.7 -3.3 -6
    endloop
  endfacet
  facet normal -0 0 -1
    outer loop
      vertex 5.7 -3.3 -6
      vertex 2.5 -102.5 -6
      vertex 5.7 3.3 -6
    endloop
  endfacet
  facet normal 0 0 -1
    outer loop
      vertex 2.5 102.5 -6
      vertex 5.7 3.3 -6
      vertex 2.5 -102.5 -6
    endloop
  endfacet
  facet normal 0 0 -1
    outer loop
      vertex 5.7 3.3 -6
      vertex 2.5 102.5 -6
      vertex 5.7 88.7 -6
    endloop
  endfacet
  facet normal -0 0 -1
    outer loop
      vertex 12.3 -95.3 -6
      vertex 2.5 -102.5 -6
      vertex 5.7 -95.3 -6
    endloop
  endfacet
  facet normal 0 0 -1
    outer loop
      vertex 196.3 -3.3 -6
      vertex 207.5 -102.5 -6
      vertex 196.3 -88.7 -6
    endloop
  endfacet
  facet normal 0 0 -1
    outer loop
      vertex 207.5 -102.5 -6
      vertex 196.3 -3.3 -6
      vertex 207.5 102.5 -6
    endloop
  endfacet
  facet normal 0 0 -1
    outer loop
      vertex 196.3 3.3 -6
      vertex 207.5 102.5 -6
      vertex 196.3 -3.3 -6
    endloop
  endfacet
  facet normal 0 0 -1
    outer loop
      vertex 196.3 88.7 -6
      vertex 207.5 102.5 -6
      vertex 196.3 3.3 -6
    endloop
  endfacet
  facet normal 0 0 -1
    outer loop
      vertex 196.3 95.3 -6
      vertex 207.5 102.5 -6
      vertex 196.3 88.7 -6
    endloop
  endfacet
  facet normal 0 0 -1
    outer loop
      vertex 189.7 95.3 -6
      vertex 207.5 102.5 -6
      vertex 196.3 95.3 -6
    endloop
  endfacet
  facet normal -0 0 -1
    outer loop
      vertex 196.3 88.7 -6
      vertex 169.5 39.7 -6
      vertex 189.7 88.7 -6
    endloop
  endfacet
  facet normal 0 0 -1
    outer loop
      vertex 169.5 84.3 -6
      vertex 189.7 88.7 -6
      vertex 169.5 39.7 -6
    endloop
  endfacet
  facet normal -0 0 -1
    outer loop
      vertex 189.7 88.7 -6
      vertex 169.5 84.3 -6
      vertex 189.7 95.3 -6
    endloop
  endfacet
  facet normal 0 0 -1
    outer loop
      vertex 146.5 94 -6
      vertex 169.5 84.3 -6
      vertex 164.5 84.3 -6
    endloop
  endfacet
  facet normal 0 0 -1
    outer loop
      vertex 146.5 84 -6
      vertex 164.5 84.3 -6
      vertex 146.5 82 -6
    endloop
  endfacet
  facet normal 0 0 -1
    outer loop
      vertex 146.5 92 -6
      vertex 164.5 84.3 -6
      vertex 146.5 84 -6
    endloop
  endfacet
  facet normal 0 0 -1
    outer loop
      vertex 146.5 94 -6
      vertex 164.5 84.3 -6
      vertex 146.5 92 -6
    endloop
  endfacet
  facet normal 0 0 -1
    outer loop
      vertex 169.5 84.3 -6
      vertex 146.5 94 -6
      vertex 189.7 95.3 -6
    endloop
  endfacet
  facet normal -0 0 -1
    outer loop
      vertex 189.7 95.3 -6
      vertex 146.5 94 -6
      vertex 207.5 102.5 -6
    endloop
  endfacet
  facet normal 0 0 -1
    outer loop
      vertex 143.5 94 -6
      vertex 207.5 102.5 -6
      vertex 146.5 94 -6
    endloop
  endfacet
  facet normal 0 0 -1
    outer loop
      vertex 164.5 84.3 -6
      vertex 141.5 46 -6
      vertex 146.5 82 -6
    endloop
  endfacet
  facet normal -0 0 -1
    outer loop
      vertex 146.5 82 -6
      vertex 141.5 46 -6
      vertex 143.5 82 -6
    endloop
  endfacet
  facet normal 0 0 -1
    outer loop
      vertex 138.5 46 -6
      vertex 143.5 82 -6
      vertex 141.5 46 -6
    endloop
  endfacet
  facet normal 0 0 -1
    outer loop
      vertex 107.5 83.8 -6
      vertex 143.5 82 -6
      vertex 138.5 46 -6
    endloop
  endfacet
  facet normal 0 0 -1
    outer loop
      vertex 107.5 83.8 -6
      vertex 138.5 46 -6
      vertex 107.5 40.2 -6
    endloop
  endfacet
  facet normal -0 0 -1
    outer loop
      vertex 143.5 92 -6
      vertex 107.5 83.8 -6
      vertex 143.5 94 -6
    endloop
  endfacet
  facet normal 0 0 -1
    outer loop
      vertex 104.3 95.3 -6
      vertex 107.5 83.8 -6
      vertex 104.3 88.7 -6
    endloop
  endfacet
  facet normal 0 0 -1
    outer loop
      vertex 107.5 83.8 -6
      vertex 104.3 95.3 -6
      vertex 143.5 94 -6
    endloop
  endfacet
  facet normal 0 0 -1
    outer loop
      vertex 104.3 95.3 -6
      vertex 207.5 102.5 -6
      vertex 143.5 94 -6
    endloop
  endfacet
  facet normal 0 0 -1
    outer loop
      vertex 97.7 95.3 -6
      vertex 207.5 102.5 -6
      vertex 104.3 95.3 -6
    endloop
  endfacet
  facet normal 0 0 -1
    outer loop
      vertex 71.5 46 -6
      vertex 102.5 40.2 -6
      vertex 71.5 44 -6
    endloop
  endfacet
  facet normal 0 0 -1
    outer loop
      vertex 66.5 82 -6
      vertex 102.5 83.8 -6
      vertex 71.5 46 -6
    endloop
  endfacet
  facet normal -0 0 -1
    outer loop
      vertex 102.5 83.8 -6
      vertex 66.5 82 -6
      vertex 97.7 88.7 -6
    endloop
  endfacet
  facet normal 0 0 -1
    outer loop
      vertex 66.5 82 -6
      vertex 71.5 46 -6
      vertex 68.5 46 -6
    endloop
  endfacet
  facet normal 0 0 -1
    outer loop
      vertex 66.5 84 -6
      vertex 97.7 88.7 -6
      vertex 66.5 82 -6
    endloop
  endfacet
  facet normal 0 0 -1
    outer loop
      vertex 66.5 92 -6
      vertex 97.7 88.7 -6
      vertex 66.5 84 -6
    endloop
  endfacet
  facet normal 0 0 -1
    outer loop
      vertex 97.7 88.7 -6
      vertex 66.5 92 -6
      vertex 97.7 95.3 -6
    endloop
  endfacet
  facet normal 0 0 -1
    outer loop
      vertex 66.5 94 -6
      vertex 97.7 95.3 -6
      vertex 66.5 92 -6
    endloop
  endfacet
  facet normal 0 0 -1
    outer loop
      vertex 2.5 102.5 -6
      vertex 97.7 95.3 -6
      vertex 66.5 94 -6
    endloop
  endfacet
  facet normal 0 0 -1
    outer loop
      vertex 2.5 102.5 -6
      vertex 66.5 94 -6
      vertex 63.5 94 -6
    endloop
  endfacet
  facet normal -0 0 -1
    outer loop
      vertex 68.5 46 -6
      vertex 45.5 39.7 -6
      vertex 63.5 82 -6
    endloop
  endfacet
  facet normal 0 0 -1
    outer loop
      vertex 45.5 84.3 -6
      vertex 63.5 82 -6
      vertex 45.5 39.7 -6
    endloop
  endfacet
  facet normal -0 0 -1
    outer loop
      vertex 63.5 92 -6
      vertex 45.5 84.3 -6
      vertex 63.5 94 -6
    endloop
  endfacet
  facet normal 0 0 -1
    outer loop
      vertex 40.5 84.3 -6
      vertex 63.5 94 -6
      vertex 45.5 84.3 -6
    endloop
  endfacet
  facet normal 0 0 -1
    outer loop
      vertex 5.7 -88.7 -6
      vertex 40.5 -39.7 -6
      vertex 12.3 -88.7 -6
    endloop
  endfacet
  facet normal -0 0 -1
    outer loop
      vertex 45.5 39.7 -6
      vertex 12.3 3.3 -6
      vertex 40.5 39.7 -6
    endloop
  endfacet
  facet normal 0 0 -1
    outer loop
      vertex 5.7 3.3 -6
      vertex 40.5 39.7 -6
      vertex 12.3 3.3 -6
    endloop
  endfacet
  facet normal 0 0 -1
    outer loop
      vertex 40.5 39.7 -6
      vertex 12.3 88.7 -6
      vertex 40.5 84.3 -6
    endloop
  endfacet
  facet normal 0 0 -1
    outer loop
      vertex 12.3 95.3 -6
      vertex 40.5 84.3 -6
      vertex 12.3 88.7 -6
    endloop
  endfacet
  facet normal 0 0 -1
    outer loop
      vertex 40.5 84.3 -6
      vertex 12.3 95.3 -6
      vertex 63.5 94 -6
    endloop
  endfacet
  facet normal 0 0 -1
    outer loop
      vertex 2.5 102.5 -6
      vertex 63.5 94 -6
      vertex 12.3 95.3 -6
    endloop
  endfacet
  facet normal 0 0 -1
    outer loop
      vertex 2.5 102.5 -6
      vertex 12.3 95.3 -6
      vertex 5.7 95.3 -6
    endloop
  endfacet
  facet normal 0 0 -1
    outer loop
      vertex 97.7 95.3 -6
      vertex 2.5 102.5 -6
      vertex 207.5 102.5 -6
    endloop
  endfacet
  facet normal 0 0 -1
    outer loop
      vertex 5.7 88.7 -6
      vertex 2.5 102.5 -6
      vertex 5.7 95.3 -6
    endloop
  endfacet
  facet normal 0 -1 0
    outer loop
      vertex 2.5 -102.5 -6
      vertex 207.5 -102.5 0
      vertex 2.5 -102.5 0
    endloop
  endfacet
  facet normal 0 -1 -0
    outer loop
      vertex 207.5 -102.5 0
      vertex 2.5 -102.5 -6
      vertex 207.5 -102.5 -6
    endloop
  endfacet
  facet normal 0 1 -0
    outer loop
      vertex 207.5 102.5 -6
      vertex 2.5 102.5 0
      vertex 207.5 102.5 0
    endloop
  endfacet
  facet normal 0 1 0
    outer loop
      vertex 2.5 102.5 0
      vertex 207.5 102.5 -6
      vertex 2.5 102.5 -6
    endloop
  endfacet
  facet normal 1 -0 0
    outer loop
      vertex 5.7 -95.3 0
      vertex 5.7 -88.7 -6
      vertex 5.7 -88.7 0
    endloop
  endfacet
  facet normal 1 0 0
    outer loop
      vertex 5.7 -88.7 -6
      vertex 5.7 -95.3 0
      vertex 5.7 -95.3 -6
    endloop
  endfacet
  facet normal -1 0 0
    outer loop
      vertex 12.3 -95.3 -6
      vertex 12.3 -88.7 0
      vertex 12.3 -88.7 -6
    endloop
  endfacet
  facet normal -1 -0 0
    outer loop
      vertex 12.3 -88.7 0
      vertex 12.3 -95.3 -6
      vertex 12.3 -95.3 0
    endloop
  endfacet
  facet normal 0 -1 0
    outer loop
      vertex 5.7 -88.7 -6
      vertex 12.3 -88.7 0
      vertex 5.7 -88.7 0
    endloop
  endfacet
  facet normal 0 -1 -0
    outer loop
      vertex 12.3 -88.7 0
      vertex 5.7 -88.7 -6
      vertex 12.3 -88.7 -6
    endloop
  endfacet
  facet normal 0 1 -0
    outer loop
      vertex 12.3 -95.3 -6
      vertex 5.7 -95.3 0
      vertex 12.3 -95.3 0
    endloop
  endfacet
  facet normal 0 1 0
    outer loop
      vertex 5.7 -95.3 0
      vertex 12.3 -95.3 -6
      vertex 5.7 -95.3 -6
    endloop
  endfacet
  facet normal 1 -0 0
    outer loop
      vertex 189.7 -95.3 0
      vertex 189.7 -88.7 -6
      vertex 189.7 -88.7 0
    endloop
  endfacet
  facet normal 1 0 0
    outer loop
      vertex 189.7 -88.7 -6
      vertex 189.7 -95.3 0
      vertex 189.7 -95.3 -6
    endloop
  endfacet
  facet normal -1 0 0
    outer loop
      vertex 196.3 -95.3 -6
      vertex 196.3 -88.7 0
      vertex 196.3 -88.7 -6
    endloop
  endfacet
  facet normal -1 -0 0
    outer loop
      vertex 196.3 -88.7 0
      vertex 196.3 -95.3 -6
      vertex 196.3 -95.3 0
    endloop
  endfacet
  facet normal 0 1 -0
    outer loop
      vertex 196.3 -95.3 -6
      vertex 189.7 -95.3 0
      vertex 196.3 -95.3 0
    endloop
  endfacet
  facet normal 0 1 0
    outer loop
      vertex 189.7 -95.3 0
      vertex 196.3 -95.3 -6
      vertex 189.7 -95.3 -6
    endloop
  endfacet
  facet normal 0 -1 0
    outer loop
      vertex 189.7 -88.7 -6
      vertex 196.3 -88.7 0
      vertex 189.7 -88.7 0
    endloop
  endfacet
  facet normal 0 -1 -0
    outer loop
      vertex 196.3 -88.7 0
      vertex 189.7 -88.7 -6
      vertex 196.3 -88.7 -6
    endloop
  endfacet
  facet normal 1 -0 0
    outer loop
      vertex 5.7 88.7 0
      vertex 5.7 95.3 -6
      vertex 5.7 95.3 0
    endloop
  endfacet
  facet normal 1 0 0
    outer loop
      vertex 5.7 95.3 -6
      vertex 5.7 88.7 0
      vertex 5.7 88.7 -6
    endloop
  endfacet
  facet normal -1 0 0
    outer loop
      vertex 12.3 88.7 -6
      vertex 12.3 95.3 0
      vertex 12.3 95.3 -6
    endloop
  endfacet
  facet normal -1 -0 0
    outer loop
      vertex 12.3 95.3 0
      vertex 12.3 88.7 -6
      vertex 12.3 88.7 0
    endloop
  endfacet
  facet normal 0 -1 0
    outer loop
      vertex 5.7 95.3 -6
      vertex 12.3 95.3 0
      vertex 5.7 95.3 0
    endloop
  endfacet
  facet normal 0 -1 -0
    outer loop
      vertex 12.3 95.3 0
      vertex 5.7 95.3 -6
      vertex 12.3 95.3 -6
    endloop
  endfacet
  facet normal 0 1 -0
    outer loop
      vertex 12.3 88.7 -6
      vertex 5.7 88.7 0
      vertex 12.3 88.7 0
    endloop
  endfacet
  facet normal 0 1 0
    outer loop
      vertex 5.7 88.7 0
      vertex 12.3 88.7 -6
      vertex 5.7 88.7 -6
    endloop
  endfacet
  facet normal 1 -0 0
    outer loop
      vertex 189.7 88.7 0
      vertex 189.7 95.3 -6
      vertex 189.7 95.3 0
    endloop
  endfacet
  facet normal 1 0 0
    outer loop
      vertex 189.7 95.3 -6
      vertex 189.7 88.7 0
      vertex 189.7 88.7 -6
    endloop
  endfacet
  facet normal -1 0 0
    outer loop
      vertex 196.3 88.7 -6
      vertex 196.3 95.3 0
      vertex 196.3 95.3 -6
    endloop
  endfacet
  facet normal -1 -0 0
    outer loop
      vertex 196.3 95.3 0
      vertex 196.3 88.7 -6
      vertex 196.3 88.7 0
    endloop
  endfacet
  facet normal 0 1 -0
    outer loop
      vertex 196.3 88.7 -6
      vertex 189.7 88.7 0
      vertex 196.3 88.7 0
    endloop
  endfacet
  facet normal 0 1 0
    outer loop
      vertex 189.7 88.7 0
      vertex 196.3 88.7 -6
      vertex 189.7 88.7 -6
    endloop
  endfacet
  facet normal 0 -1 0
    outer loop
      vertex 189.7 95.3 -6
      vertex 196.3 95.3 0
      vertex 189.7 95.3 0
    endloop
  endfacet
  facet normal 0 -1 -0
    outer loop
      vertex 196.3 95.3 0
      vertex 189.7 95.3 -6
      vertex 196.3 95.3 -6
    endloop
  endfacet
  facet normal 1 -0 0
    outer loop
      vertex 5.7 -3.3 0
      vertex 5.7 3.3 -6
      vertex 5.7 3.3 0
    endloop
  endfacet
  facet normal 1 0 0
    outer loop
      vertex 5.7 3.3 -6
      vertex 5.7 -3.3 0
      vertex 5.7 -3.3 -6
    endloop
  endfacet
  facet normal -1 0 0
    outer loop
      vertex 12.3 -3.3 -6
      vertex 12.3 3.3 0
      vertex 12.3 3.3 -6
    endloop
  endfacet
  facet normal -1 -0 0
    outer loop
      vertex 12.3 3.3 0
      vertex 12.3 -3.3 -6
      vertex 12.3 -3.3 0
    endloop
  endfacet
  facet normal 0 -1 0
    outer loop
      vertex 5.7 3.3 -6
      vertex 12.3 3.3 0
      vertex 5.7 3.3 0
    endloop
  endfacet
  facet normal 0 -1 -0
    outer loop
      vertex 12.3 3.3 0
      vertex 5.7 3.3 -6
      vertex 12.3 3.3 -6
    endloop
  endfacet
  facet normal 0 1 -0
    outer loop
      vertex 12.3 -3.3 -6
      vertex 5.7 -3.3 0
      vertex 12.3 -3.3 0
    endloop
  endfacet
  facet normal 0 1 0
    outer loop
      vertex 5.7 -3.3 0
      vertex 12.3 -3.3 -6
      vertex 5.7 -3.3 -6
    endloop
  endfacet
  facet normal 1 -0 0
    outer loop
      vertex 189.7 -3.3 0
      vertex 189.7 3.3 -6
      vertex 189.7 3.3 0
    endloop
  endfacet
  facet normal 1 0 0
    outer loop
      vertex 189.7 3.3 -6
      vertex 189.7 -3.3 0
      vertex 189.7 -3.3 -6
    endloop
  endfacet
  facet normal -1 0 0
    outer loop
      vertex 196.3 -3.3 -6
      vertex 196.3 3.3 0
      vertex 196.3 3.3 -6
    endloop
  endfacet
  facet normal -1 -0 0
    outer loop
      vertex 196.3 3.3 0
      vertex 196.3 -3.3 -6
      vertex 196.3 -3.3 0
    endloop
  endfacet
  facet normal 0 1 -0
    outer loop
      vertex 196.3 -3.3 -6
      vertex 189.7 -3.3 0
      vertex 196.3 -3.3 0
    endloop
  endfacet
  facet normal 0 1 0
    outer loop
      vertex 189.7 -3.3 0
      vertex 196.3 -3.3 -6
      vertex 189.7 -3.3 -6
    endloop
  endfacet
  facet normal 0 -1 0
    outer loop
      vertex 189.7 3.3 -6
      vertex 196.3 3.3 0
      vertex 189.7 3.3 0
    endloop
  endfacet
  facet normal 0 -1 -0
    outer loop
      vertex 196.3 3.3 0
      vertex 189.7 3.3 -6
      vertex 196.3 3.3 -6
    endloop
  endfacet
  facet normal 1 -0 0
    outer loop
      vertex 97.7 88.7 0
      vertex 97.7 95.3 -6
      vertex 97.7 95.3 0
    endloop
  endfacet
  facet normal 1 0 0
    outer loop
      vertex 97.7 95.3 -6
      vertex 97.7 88.7 0
      vertex 97.7 88.7 -6
    endloop
  endfacet
  facet normal -1 0 0
    outer loop
      vertex 104.3 88.7 -6
      vertex 104.3 95.3 0
      vertex 104.3 95.3 -6
    endloop
  endfacet
  facet normal -1 -0 0
    outer loop
      vertex 104.3 95.3 0
      vertex 104.3 88.7 -6
      vertex 104.3 88.7 0
    endloop
  endfacet
  facet normal 0 -1 0
    outer loop
      vertex 97.7 95.3 -6
      vertex 104.3 95.3 0
      vertex 97.7 95.3 0
    endloop
  endfacet
  facet normal 0 -1 -0
    outer loop
      vertex 104.3 95.3 0
      vertex 97.7 95.3 -6
      vertex 104.3 95.3 -6
    endloop
  endfacet
  facet normal 0 1 -0
    outer loop
      vertex 104.3 88.7 -6
      vertex 97.7 88.7 0
      vertex 104.3 88.7 0
    endloop
  endfacet
  facet normal 0 1 0
    outer loop
      vertex 97.7 88.7 0
      vertex 104.3 88.7 -6
      vertex 97.7 88.7 -6
    endloop
  endfacet
  facet normal 1 0 0
    outer loop
      vertex 164.5 42.45 0
      vertex 164.5 39.95 0
      vertex 164.5 42.45 -4.41
    endloop
  endfacet
  facet normal 1 0 0
    outer loop
      vertex 164.5 84.05 0
      vertex 164.5 81.55 0
      vertex 164.5 84.05 -4.41
    endloop
  endfacet
  facet normal 1 -0 0
    outer loop
      vertex 164.5 84.05 -4.41
      vertex 164.5 84.3 -6
      vertex 164.5 84.3 -4.41
    endloop
  endfacet
  facet normal 1 0 0
    outer loop
      vertex 164.5 81.55 -4.41
      vertex 164.5 84.05 -4.41
      vertex 164.5 81.55 0
    endloop
  endfacet
  facet normal 1 0 0
    outer loop
      vertex 164.5 84.05 -4.41
      vertex 164.5 81.55 -4.41
      vertex 164.5 84.3 -6
    endloop
  endfacet
  facet normal 1 -0 0
    outer loop
      vertex 164.5 42.45 -4.41
      vertex 164.5 84.3 -6
      vertex 164.5 81.55 -4.41
    endloop
  endfacet
  facet normal 1 0 0
    outer loop
      vertex 164.5 39.95 -4.41
      vertex 164.5 42.45 -4.41
      vertex 164.5 39.95 0
    endloop
  endfacet
  facet normal 1 0 0
    outer loop
      vertex 164.5 39.7 -6
      vertex 164.5 42.45 -4.41
      vertex 164.5 39.95 -4.41
    endloop
  endfacet
  facet normal 1 0 0
    outer loop
      vertex 164.5 39.7 -6
      vertex 164.5 39.95 -4.41
      vertex 164.5 39.7 -4.41
    endloop
  endfacet
  facet normal 1 0 0
    outer loop
      vertex 164.5 42.45 -4.41
      vertex 164.5 39.7 -6
      vertex 164.5 84.3 -6
    endloop
  endfacet
  facet normal -1 0 0
    outer loop
      vertex 169.5 84.3 -6
      vertex 169.5 84.05 -4.41
      vertex 169.5 84.3 -4.41
    endloop
  endfacet
  facet normal -1 0 0
    outer loop
      vertex 169.5 84.05 -4.41
      vertex 169.5 81.55 -4.41
      vertex 169.5 84.05 0
    endloop
  endfacet
  facet normal -1 0 0
    outer loop
      vertex 169.5 84.3 -6
      vertex 169.5 81.55 -4.41
      vertex 169.5 84.05 -4.41
    endloop
  endfacet
  facet normal -1 0 0
    outer loop
      vertex 169.5 84.3 -6
      vertex 169.5 42.45 -4.41
      vertex 169.5 81.55 -4.41
    endloop
  endfacet
  facet normal -1 0 0
    outer loop
      vertex 169.5 42.45 -4.41
      vertex 169.5 39.95 -4.41
      vertex 169.5 42.45 0
    endloop
  endfacet
  facet normal -1 0 0
    outer loop
      vertex 169.5 39.7 -6
      vertex 169.5 42.45 -4.41
      vertex 169.5 84.3 -6
    endloop
  endfacet
  facet normal -1 -0 0
    outer loop
      vertex 169.5 42.45 -4.41
      vertex 169.5 39.7 -6
      vertex 169.5 39.95 -4.41
    endloop
  endfacet
  facet normal -1 -0 0
    outer loop
      vertex 169.5 39.95 -4.41
      vertex 169.5 39.7 -6
      vertex 169.5 39.7 -4.41
    endloop
  endfacet
  facet normal -1 -0 0
    outer loop
      vertex 169.5 84.05 0
      vertex 169.5 81.55 -4.41
      vertex 169.5 81.55 0
    endloop
  endfacet
  facet normal -1 -0 0
    outer loop
      vertex 169.5 42.45 0
      vertex 169.5 39.95 -4.41
      vertex 169.5 39.95 0
    endloop
  endfacet
  facet normal 0 -1 0
    outer loop
      vertex 164.5 42.45 -4.41
      vertex 169.5 42.45 0
      vertex 164.5 42.45 0
    endloop
  endfacet
  facet normal 0 -1 -0
    outer loop
      vertex 169.5 42.45 0
      vertex 164.5 42.45 -4.41
      vertex 169.5 42.45 -4.41
    endloop
  endfacet
  facet normal 0 1 -0
    outer loop
      vertex 169.5 39.95 -4.41
      vertex 164.5 39.95 0
      vertex 169.5 39.95 0
    endloop
  endfacet
  facet normal 0 1 0
    outer loop
      vertex 164.5 39.95 0
      vertex 169.5 39.95 -4.41
      vertex 164.5 39.95 -4.41
    endloop
  endfacet
  facet normal 0 -1 0
    outer loop
      vertex 164.5 84.05 -4.41
      vertex 169.5 84.05 0
      vertex 164.5 84.05 0
    endloop
  endfacet
  facet normal 0 -1 -0
    outer loop
      vertex 169.5 84.05 0
      vertex 164.5 84.05 -4.41
      vertex 169.5 84.05 -4.41
    endloop
  endfacet
  facet normal 0 1 -0
    outer loop
      vertex 169.5 81.55 -4.41
      vertex 164.5 81.55 0
      vertex 169.5 81.55 0
    endloop
  endfacet
  facet normal 0 1 0
    outer loop
      vertex 164.5 81.55 0
      vertex 169.5 81.55 -4.41
      vertex 164.5 81.55 -4.41
    endloop
  endfacet
  facet normal 0 0 -1
    outer loop
      vertex 164.5 39.7 -4.41
      vertex 169.5 39.95 -4.41
      vertex 169.5 39.7 -4.41
    endloop
  endfacet
  facet normal -0 0 -1
    outer loop
      vertex 169.5 39.95 -4.41
      vertex 164.5 39.7 -4.41
      vertex 164.5 39.95 -4.41
    endloop
  endfacet
  facet normal 0 0 -1
    outer loop
      vertex 164.5 84.05 -4.41
      vertex 169.5 84.3 -4.41
      vertex 169.5 84.05 -4.41
    endloop
  endfacet
  facet normal -0 0 -1
    outer loop
      vertex 169.5 84.3 -4.41
      vertex 164.5 84.05 -4.41
      vertex 164.5 84.3 -4.41
    endloop
  endfacet
  facet normal 0 0 -1
    outer loop
      vertex 164.5 42.45 -4.41
      vertex 169.5 81.55 -4.41
      vertex 169.5 42.45 -4.41
    endloop
  endfacet
  facet normal -0 0 -1
    outer loop
      vertex 169.5 81.55 -4.41
      vertex 164.5 42.45 -4.41
      vertex 164.5 81.55 -4.41
    endloop
  endfacet
  facet normal 0 -1 0
    outer loop
      vertex 164.5 84.3 -6
      vertex 169.5 84.3 -4.41
      vertex 164.5 84.3 -4.41
    endloop
  endfacet
  facet normal 0 -1 -0
    outer loop
      vertex 169.5 84.3 -4.41
      vertex 164.5 84.3 -6
      vertex 169.5 84.3 -6
    endloop
  endfacet
  facet normal 0 1 -0
    outer loop
      vertex 169.5 39.7 -6
      vertex 164.5 39.7 -4.41
      vertex 169.5 39.7 -4.41
    endloop
  endfacet
  facet normal 0 1 0
    outer loop
      vertex 164.5 39.7 -4.41
      vertex 169.5 39.7 -6
      vertex 164.5 39.7 -6
    endloop
  endfacet
  facet normal 1 0 0
    outer loop
      vertex 40.5 42.45 0
      vertex 40.5 39.95 0
      vertex 40.5 42.45 -4.41
    endloop
  endfacet
  facet normal 1 0 0
    outer loop
      vertex 40.5 84.05 0
      vertex 40.5 81.55 0
      vertex 40.5 84.05 -4.41
    endloop
  endfacet
  facet normal 1 -0 0
    outer loop
      vertex 40.5 84.05 -4.41
      vertex 40.5 84.3 -6
      vertex 40.5 84.3 -4.41
    endloop
  endfacet
  facet normal 1 0 0
    outer loop
      vertex 40.5 81.55 -4.41
      vertex 40.5 84.05 -4.41
      vertex 40.5 81.55 0
    endloop
  endfacet
  facet normal 1 0 0
    outer loop
      vertex 40.5 84.05 -4.41
      vertex 40.5 81.55 -4.41
      vertex 40.5 84.3 -6
    endloop
  endfacet
  facet normal 1 -0 0
    outer loop
      vertex 40.5 42.45 -4.41
      vertex 40.5 84.3 -6
      vertex 40.5 81.55 -4.41
    endloop
  endfacet
  facet normal 1 0 0
    outer loop
      vertex 40.5 39.95 -4.41
      vertex 40.5 42.45 -4.41
      vertex 40.5 39.95 0
    endloop
  endfacet
  facet normal 1 0 0
    outer loop
      vertex 40.5 39.7 -6
      vertex 40.5 42.45 -4.41
      vertex 40.5 39.95 -4.41
    endloop
  endfacet
  facet normal 1 0 0
    outer loop
      vertex 40.5 39.7 -6
      vertex 40.5 39.95 -4.41
      vertex 40.5 39.7 -4.41
    endloop
  endfacet
  facet normal 1 0 0
    outer loop
      vertex 40.5 42.45 -4.41
      vertex 40.5 39.7 -6
      vertex 40.5 84.3 -6
    endloop
  endfacet
  facet normal -1 0 0
    outer loop
      vertex 45.5 84.3 -6
      vertex 45.5 84.05 -4.41
      vertex 45.5 84.3 -4.41
    endloop
  endfacet
  facet normal -1 0 0
    outer loop
      vertex 45.5 84.05 -4.41
      vertex 45.5 81.55 -4.41
      vertex 45.5 84.05 0
    endloop
  endfacet
  facet normal -1 0 0
    outer loop
      vertex 45.5 84.3 -6
      vertex 45.5 81.55 -4.41
      vertex 45.5 84.05 -4.41
    endloop
  endfacet
  facet normal -1 0 0
    outer loop
      vertex 45.5 84.3 -6
      vertex 45.5 42.45 -4.41
      vertex 45.5 81.55 -4.41
    endloop
  endfacet
  facet normal -1 0 0
    outer loop
      vertex 45.5 42.45 -4.41
      vertex 45.5 39.95 -4.41
      vertex 45.5 42.45 0
    endloop
  endfacet
  facet normal -1 0 0
    outer loop
      vertex 45.5 39.7 -6
      vertex 45.5 42.45 -4.41
      vertex 45.5 84.3 -6
    endloop
  endfacet
  facet normal -1 -0 0
    outer loop
      vertex 45.5 42.45 -4.41
      vertex 45.5 39.7 -6
      vertex 45.5 39.95 -4.41
    endloop
  endfacet
  facet normal -1 -0 0
    outer loop
      vertex 45.5 39.95 -4.41
      vertex 45.5 39.7 -6
      vertex 45.5 39.7 -4.41
    endloop
  endfacet
  facet normal -1 -0 0
    outer loop
      vertex 45.5 84.05 0
      vertex 45.5 81.55 -4.41
      vertex 45.5 81.55 0
    endloop
  endfacet
  facet normal -1 -0 0
    outer loop
      vertex 45.5 42.45 0
      vertex 45.5 39.95 -4.41
      vertex 45.5 39.95 0
    endloop
  endfacet
  facet normal 0 -1 0
    outer loop
      vertex 40.5 42.45 -4.41
      vertex 45.5 42.45 0
      vertex 40.5 42.45 0
    endloop
  endfacet
  facet normal 0 -1 -0
    outer loop
      vertex 45.5 42.45 0
      vertex 40.5 42.45 -4.41
      vertex 45.5 42.45 -4.41
    endloop
  endfacet
  facet normal 0 1 -0
    outer loop
      vertex 45.5 39.95 -4.41
      vertex 40.5 39.95 0
      vertex 45.5 39.95 0
    endloop
  endfacet
  facet normal 0 1 0
    outer loop
      vertex 40.5 39.95 0
      vertex 45.5 39.95 -4.41
      vertex 40.5 39.95 -4.41
    endloop
  endfacet
  facet normal 0 -1 0
    outer loop
      vertex 40.5 84.05 -4.41
      vertex 45.5 84.05 0
      vertex 40.5 84.05 0
    endloop
  endfacet
  facet normal 0 -1 -0
    outer loop
      vertex 45.5 84.05 0
      vertex 40.5 84.05 -4.41
      vertex 45.5 84.05 -4.41
    endloop
  endfacet
  facet normal 0 1 -0
    outer loop
      vertex 45.5 81.55 -4.41
      vertex 40.5 81.55 0
      vertex 45.5 81.55 0
    endloop
  endfacet
  facet normal 0 1 0
    outer loop
      vertex 40.5 81.55 0
      vertex 45.5 81.55 -4.41
      vertex 40.5 81.55 -4.41
    endloop
  endfacet
  facet normal 0 0 -1
    outer loop
      vertex 40.5 39.7 -4.41
      vertex 45.5 39.95 -4.41
      vertex 45.5 39.7 -4.41
    endloop
  endfacet
  facet normal -0 0 -1
    outer loop
      vertex 45.5 39.95 -4.41
      vertex 40.5 39.7 -4.41
      vertex 40.5 39.95 -4.41
    endloop
  endfacet
  facet normal 0 0 -1
    outer loop
      vertex 40.5 84.05 -4.41
      vertex 45.5 84.3 -4.41
      vertex 45.5 84.05 -4.41
    endloop
  endfacet
  facet normal -0 0 -1
    outer loop
      vertex 45.5 84.3 -4.41
      vertex 40.5 84.05 -4.41
      vertex 40.5 84.3 -4.41
    endloop
  endfacet
  facet normal 0 0 -1
    outer loop
      vertex 40.5 42.45 -4.41
      vertex 45.5 81.55 -4.41
      vertex 45.5 42.45 -4.41
    endloop
  endfacet
  facet normal -0 0 -1
    outer loop
      vertex 45.5 81.55 -4.41
      vertex 40.5 42.45 -4.41
      vertex 40.5 81.55 -4.41
    endloop
  endfacet
  facet normal 0 -1 0
    outer loop
      vertex 40.5 84.3 -6
      vertex 45.5 84.3 -4.41
      vertex 40.5 84.3 -4.41
    endloop
  endfacet
  facet normal 0 -1 -0
    outer loop
      vertex 45.5 84.3 -4.41
      vertex 40.5 84.3 -6
      vertex 45.5 84.3 -6
    endloop
  endfacet
  facet normal 0 1 -0
    outer loop
      vertex 45.5 39.7 -6
      vertex 40.5 39.7 -4.41
      vertex 45.5 39.7 -4.41
    endloop
  endfacet
  facet normal 0 1 0
    outer loop
      vertex 40.5 39.7 -4.41
      vertex 45.5 39.7 -6
      vertex 40.5 39.7 -6
    endloop
  endfacet
  facet normal 1 0 0
    outer loop
      vertex 40.5 -81.55 0
      vertex 40.5 -84.05 0
      vertex 40.5 -81.55 -4.41
    endloop
  endfacet
  facet normal 1 0 0
    outer loop
      vertex 40.5 -39.95 0
      vertex 40.5 -42.45 0
      vertex 40.5 -39.95 -4.41
    endloop
  endfacet
  facet normal 1 -0 0
    outer loop
      vertex 40.5 -39.95 -4.41
      vertex 40.5 -39.7 -6
      vertex 40.5 -39.7 -4.41
    endloop
  endfacet
  facet normal 1 0 0
    outer loop
      vertex 40.5 -42.45 -4.41
      vertex 40.5 -39.95 -4.41
      vertex 40.5 -42.45 0
    endloop
  endfacet
  facet normal 1 0 0
    outer loop
      vertex 40.5 -39.95 -4.41
      vertex 40.5 -42.45 -4.41
      vertex 40.5 -39.7 -6
    endloop
  endfacet
  facet normal 1 -0 0
    outer loop
      vertex 40.5 -81.55 -4.41
      vertex 40.5 -39.7 -6
      vertex 40.5 -42.45 -4.41
    endloop
  endfacet
  facet normal 1 0 0
    outer loop
      vertex 40.5 -84.05 -4.41
      vertex 40.5 -81.55 -4.41
      vertex 40.5 -84.05 0
    endloop
  endfacet
  facet normal 1 0 0
    outer loop
      vertex 40.5 -84.3 -6
      vertex 40.5 -81.55 -4.41
      vertex 40.5 -84.05 -4.41
    endloop
  endfacet
  facet normal 1 0 0
    outer loop
      vertex 40.5 -84.3 -6
      vertex 40.5 -84.05 -4.41
      vertex 40.5 -84.3 -4.41
    endloop
  endfacet
  facet normal 1 0 0
    outer loop
      vertex 40.5 -81.55 -4.41
      vertex 40.5 -84.3 -6
      vertex 40.5 -39.7 -6
    endloop
  endfacet
  facet normal -1 0 0
    outer loop
      vertex 45.5 -39.7 -6
      vertex 45.5 -39.95 -4.41
      vertex 45.5 -39.7 -4.41
    endloop
  endfacet
  facet normal -1 0 0
    outer loop
      vertex 45.5 -39.95 -4.41
      vertex 45.5 -42.45 -4.41
      vertex 45.5 -39.95 0
    endloop
  endfacet
  facet normal -1 0 0
    outer loop
      vertex 45.5 -39.7 -6
      vertex 45.5 -42.45 -4.41
      vertex 45.5 -39.95 -4.41
    endloop
  endfacet
  facet normal -1 0 0
    outer loop
      vertex 45.5 -39.7 -6
      vertex 45.5 -81.55 -4.41
      vertex 45.5 -42.45 -4.41
    endloop
  endfacet
  facet normal -1 0 0
    outer loop
      vertex 45.5 -81.55 -4.41
      vertex 45.5 -84.05 -4.41
      vertex 45.5 -81.55 0
    endloop
  endfacet
  facet normal -1 0 0
    outer loop
      vertex 45.5 -84.3 -6
      vertex 45.5 -81.55 -4.41
      vertex 45.5 -39.7 -6
    endloop
  endfacet
  facet normal -1 -0 0
    outer loop
      vertex 45.5 -81.55 -4.41
      vertex 45.5 -84.3 -6
      vertex 45.5 -84.05 -4.41
    endloop
  endfacet
  facet normal -1 -0 0
    outer loop
      vertex 45.5 -84.05 -4.41
      vertex 45.5 -84.3 -6
      vertex 45.5 -84.3 -4.41
    endloop
  endfacet
  facet normal -1 -0 0
    outer loop
      vertex 45.5 -39.95 0
      vertex 45.5 -42.45 -4.41
      vertex 45.5 -42.45 0
    endloop
  endfacet
  facet normal -1 -0 0
    outer loop
      vertex 45.5 -81.55 0
      vertex 45.5 -84.05 -4.41
      vertex 45.5 -84.05 0
    endloop
  endfacet
  facet normal 0 -1 0
    outer loop
      vertex 40.5 -81.55 -4.41
      vertex 45.5 -81.55 0
      vertex 40.5 -81.55 0
    endloop
  endfacet
  facet normal 0 -1 -0
    outer loop
      vertex 45.5 -81.55 0
      vertex 40.5 -81.55 -4.41
      vertex 45.5 -81.55 -4.41
    endloop
  endfacet
  facet normal 0 1 -0
    outer loop
      vertex 45.5 -84.05 -4.41
      vertex 40.5 -84.05 0
      vertex 45.5 -84.05 0
    endloop
  endfacet
  facet normal 0 1 0
    outer loop
      vertex 40.5 -84.05 0
      vertex 45.5 -84.05 -4.41
      vertex 40.5 -84.05 -4.41
    endloop
  endfacet
  facet normal 0 -1 0
    outer loop
      vertex 40.5 -39.95 -4.41
      vertex 45.5 -39.95 0
      vertex 40.5 -39.95 0
    endloop
  endfacet
  facet normal 0 -1 -0
    outer loop
      vertex 45.5 -39.95 0
      vertex 40.5 -39.95 -4.41
      vertex 45.5 -39.95 -4.41
    endloop
  endfacet
  facet normal 0 1 -0
    outer loop
      vertex 45.5 -42.45 -4.41
      vertex 40.5 -42.45 0
      vertex 45.5 -42.45 0
    endloop
  endfacet
  facet normal 0 1 0
    outer loop
      vertex 40.5 -42.45 0
      vertex 45.5 -42.45 -4.41
      vertex 40.5 -42.45 -4.41
    endloop
  endfacet
  facet normal 0 0 -1
    outer loop
      vertex 40.5 -84.3 -4.41
      vertex 45.5 -84.05 -4.41
      vertex 45.5 -84.3 -4.41
    endloop
  endfacet
  facet normal -0 0 -1
    outer loop
      vertex 45.5 -84.05 -4.41
      vertex 40.5 -84.3 -4.41
      vertex 40.5 -84.05 -4.41
    endloop
  endfacet
  facet normal 0 0 -1
    outer loop
      vertex 40.5 -39.95 -4.41
      vertex 45.5 -39.7 -4.41
      vertex 45.5 -39.95 -4.41
    endloop
  endfacet
  facet normal -0 0 -1
    outer loop
      vertex 45.5 -39.7 -4.41
      vertex 40.5 -39.95 -4.41
      vertex 40.5 -39.7 -4.41
    endloop
  endfacet
  facet normal 0 0 -1
    outer loop
      vertex 40.5 -81.55 -4.41
      vertex 45.5 -42.45 -4.41
      vertex 45.5 -81.55 -4.41
    endloop
  endfacet
  facet normal -0 0 -1
    outer loop
      vertex 45.5 -42.45 -4.41
      vertex 40.5 -81.55 -4.41
      vertex 40.5 -42.45 -4.41
    endloop
  endfacet
  facet normal 0 -1 0
    outer loop
      vertex 40.5 -39.7 -6
      vertex 45.5 -39.7 -4.41
      vertex 40.5 -39.7 -4.41
    endloop
  endfacet
  facet normal 0 -1 -0
    outer loop
      vertex 45.5 -39.7 -4.41
      vertex 40.5 -39.7 -6
      vertex 45.5 -39.7 -6
    endloop
  endfacet
  facet normal 0 1 -0
    outer loop
      vertex 45.5 -84.3 -6
      vertex 40.5 -84.3 -4.41
      vertex 45.5 -84.3 -4.41
    endloop
  endfacet
  facet normal 0 1 0
    outer loop
      vertex 40.5 -84.3 -4.41
      vertex 45.5 -84.3 -6
      vertex 40.5 -84.3 -6
    endloop
  endfacet
  facet normal 1 0 0
    outer loop
      vertex 164.5 -81.55 0
      vertex 164.5 -84.05 0
      vertex 164.5 -81.55 -4.41
    endloop
  endfacet
  facet normal 1 0 0
    outer loop
      vertex 164.5 -39.95 0
      vertex 164.5 -42.45 0
      vertex 164.5 -39.95 -4.41
    endloop
  endfacet
  facet normal 1 -0 0
    outer loop
      vertex 164.5 -39.95 -4.41
      vertex 164.5 -39.7 -6
      vertex 164.5 -39.7 -4.41
    endloop
  endfacet
  facet normal 1 0 0
    outer loop
      vertex 164.5 -42.45 -4.41
      vertex 164.5 -39.95 -4.41
      vertex 164.5 -42.45 0
    endloop
  endfacet
  facet normal 1 0 0
    outer loop
      vertex 164.5 -39.95 -4.41
      vertex 164.5 -42.45 -4.41
      vertex 164.5 -39.7 -6
    endloop
  endfacet
  facet normal 1 -0 0
    outer loop
      vertex 164.5 -81.55 -4.41
      vertex 164.5 -39.7 -6
      vertex 164.5 -42.45 -4.41
    endloop
  endfacet
  facet normal 1 0 0
    outer loop
      vertex 164.5 -84.05 -4.41
      vertex 164.5 -81.55 -4.41
      vertex 164.5 -84.05 0
    endloop
  endfacet
  facet normal 1 0 0
    outer loop
      vertex 164.5 -84.3 -6
      vertex 164.5 -81.55 -4.41
      vertex 164.5 -84.05 -4.41
    endloop
  endfacet
  facet normal 1 0 0
    outer loop
      vertex 164.5 -84.3 -6
      vertex 164.5 -84.05 -4.41
      vertex 164.5 -84.3 -4.41
    endloop
  endfacet
  facet normal 1 0 0
    outer loop
      vertex 164.5 -81.55 -4.41
      vertex 164.5 -84.3 -6
      vertex 164.5 -39.7 -6
    endloop
  endfacet
  facet normal -1 0 0
    outer loop
      vertex 169.5 -39.7 -6
      vertex 169.5 -39.95 -4.41
      vertex 169.5 -39.7 -4.41
    endloop
  endfacet
  facet normal -1 0 0
    outer loop
      vertex 169.5 -39.95 -4.41
      vertex 169.5 -42.45 -4.41
      vertex 169.5 -39.95 0
    endloop
  endfacet
  facet normal -1 0 0
    outer loop
      vertex 169.5 -39.7 -6
      vertex 169.5 -42.45 -4.41
      vertex 169.5 -39.95 -4.41
    endloop
  endfacet
  facet normal -1 0 0
    outer loop
      vertex 169.5 -39.7 -6
      vertex 169.5 -81.55 -4.41
      vertex 169.5 -42.45 -4.41
    endloop
  endfacet
  facet normal -1 0 0
    outer loop
      vertex 169.5 -81.55 -4.41
      vertex 169.5 -84.05 -4.41
      vertex 169.5 -81.55 0
    endloop
  endfacet
  facet normal -1 0 0
    outer loop
      vertex 169.5 -84.3 -6
      vertex 169.5 -81.55 -4.41
      vertex 169.5 -39.7 -6
    endloop
  endfacet
  facet normal -1 -0 0
    outer loop
      vertex 169.5 -81.55 -4.41
      vertex 169.5 -84.3 -6
      vertex 169.5 -84.05 -4.41
    endloop
  endfacet
  facet normal -1 -0 0
    outer loop
      vertex 169.5 -84.05 -4.41
      vertex 169.5 -84.3 -6
      vertex 169.5 -84.3 -4.41
    endloop
  endfacet
  facet normal -1 -0 0
    outer loop
      vertex 169.5 -39.95 0
      vertex 169.5 -42.45 -4.41
      vertex 169.5 -42.45 0
    endloop
  endfacet
  facet normal -1 -0 0
    outer loop
      vertex 169.5 -81.55 0
      vertex 169.5 -84.05 -4.41
      vertex 169.5 -84.05 0
    endloop
  endfacet
  facet normal 0 -1 0
    outer loop
      vertex 164.5 -81.55 -4.41
      vertex 169.5 -81.55 0
      vertex 164.5 -81.55 0
    endloop
  endfacet
  facet normal 0 -1 -0
    outer loop
      vertex 169.5 -81.55 0
      vertex 164.5 -81.55 -4.41
      vertex 169.5 -81.55 -4.41
    endloop
  endfacet
  facet normal 0 1 -0
    outer loop
      vertex 169.5 -84.05 -4.41
      vertex 164.5 -84.05 0
      vertex 169.5 -84.05 0
    endloop
  endfacet
  facet normal 0 1 0
    outer loop
      vertex 164.5 -84.05 0
      vertex 169.5 -84.05 -4.41
      vertex 164.5 -84.05 -4.41
    endloop
  endfacet
  facet normal 0 -1 0
    outer loop
      vertex 164.5 -39.95 -4.41
      vertex 169.5 -39.95 0
      vertex 164.5 -39.95 0
    endloop
  endfacet
  facet normal 0 -1 -0
    outer loop
      vertex 169.5 -39.95 0
      vertex 164.5 -39.95 -4.41
      vertex 169.5 -39.95 -4.41
    endloop
  endfacet
  facet normal 0 1 -0
    outer loop
      vertex 169.5 -42.45 -4.41
      vertex 164.5 -42.45 0
      vertex 169.5 -42.45 0
    endloop
  endfacet
  facet normal 0 1 0
    outer loop
      vertex 164.5 -42.45 0
      vertex 169.5 -42.45 -4.41
      vertex 164.5 -42.45 -4.41
    endloop
  endfacet
  facet normal 0 0 -1
    outer loop
      vertex 164.5 -84.3 -4.41
      vertex 169.5 -84.05 -4.41
      vertex 169.5 -84.3 -4.41
    endloop
  endfacet
  facet normal -0 0 -1
    outer loop
      vertex 169.5 -84.05 -4.41
      vertex 164.5 -84.3 -4.41
      vertex 164.5 -84.05 -4.41
    endloop
  endfacet
  facet normal 0 0 -1
    outer loop
      vertex 164.5 -39.95 -4.41
      vertex 169.5 -39.7 -4.41
      vertex 169.5 -39.95 -4.41
    endloop
  endfacet
  facet normal -0 0 -1
    outer loop
      vertex 169.5 -39.7 -4.41
      vertex 164.5 -39.95 -4.41
      vertex 164.5 -39.7 -4.41
    endloop
  endfacet
  facet normal 0 0 -1
    outer loop
      vertex 164.5 -81.55 -4.41
      vertex 169.5 -42.45 -4.41
      vertex 169.5 -81.55 -4.41
    endloop
  endfacet
  facet normal -0 0 -1
    outer loop
      vertex 169.5 -42.45 -4.41
      vertex 164.5 -81.55 -4.41
      vertex 164.5 -42.45 -4.41
    endloop
  endfacet
  facet normal 0 -1 0
    outer loop
      vertex 164.5 -39.7 -6
      vertex 169.5 -39.7 -4.41
      vertex 164.5 -39.7 -4.41
    endloop
  endfacet
  facet normal 0 -1 -0
    outer loop
      vertex 169.5 -39.7 -4.41
      vertex 164.5 -39.7 -6
      vertex 169.5 -39.7 -6
    endloop
  endfacet
  facet normal 0 1 -0
    outer loop
      vertex 169.5 -84.3 -6
      vertex 164.5 -84.3 -4.41
      vertex 169.5 -84.3 -4.41
    endloop
  endfacet
  facet normal 0 1 0
    outer loop
      vertex 164.5 -84.3 -4.41
      vertex 169.5 -84.3 -6
      vertex 164.5 -84.3 -6
    endloop
  endfacet
  facet normal 1 0 0
    outer loop
      vertex 102.5 42.95 0
      vertex 102.5 40.45 0
      vertex 102.5 42.95 -4.41
    endloop
  endfacet
  facet normal 1 0 0
    outer loop
      vertex 102.5 83.55 0
      vertex 102.5 81.05 0
      vertex 102.5 83.55 -4.41
    endloop
  endfacet
  facet normal 1 -0 0
    outer loop
      vertex 102.5 83.55 -4.41
      vertex 102.5 83.8 -6
      vertex 102.5 83.8 -4.41
    endloop
  endfacet
  facet normal 1 0 0
    outer loop
      vertex 102.5 81.05 -4.41
      vertex 102.5 83.55 -4.41
      vertex 102.5 81.05 0
    endloop
  endfacet
  facet normal 1 0 0
    outer loop
      vertex 102.5 83.55 -4.41
      vertex 102.5 81.05 -4.41
      vertex 102.5 83.8 -6
    endloop
  endfacet
  facet normal 1 -0 0
    outer loop
      vertex 102.5 42.95 -4.41
      vertex 102.5 83.8 -6
      vertex 102.5 81.05 -4.41
    endloop
  endfacet
  facet normal 1 0 0
    outer loop
      vertex 102.5 40.45 -4.41
      vertex 102.5 42.95 -4.41
      vertex 102.5 40.45 0
    endloop
  endfacet
  facet normal 1 0 0
    outer loop
      vertex 102.5 40.2 -6
      vertex 102.5 42.95 -4.41
      vertex 102.5 40.45 -4.41
    endloop
  endfacet
  facet normal 1 0 0
    outer loop
      vertex 102.5 40.2 -6
      vertex 102.5 40.45 -4.41
      vertex 102.5 40.2 -4.41
    endloop
  endfacet
  facet normal 1 0 0
    outer loop
      vertex 102.5 42.95 -4.41
      vertex 102.5 40.2 -6
      vertex 102.5 83.8 -6
    endloop
  endfacet
  facet normal -1 0 0
    outer loop
      vertex 107.5 83.8 -6
      vertex 107.5 83.55 -4.41
      vertex 107.5 83.8 -4.41
    endloop
  endfacet
  facet normal -1 0 0
    outer loop
      vertex 107.5 83.55 -4.41
      vertex 107.5 81.05 -4.41
      vertex 107.5 83.55 0
    endloop
  endfacet
  facet normal -1 0 0
    outer loop
      vertex 107.5 83.8 -6
      vertex 107.5 81.05 -4.41
      vertex 107.5 83.55 -4.41
    endloop
  endfacet
  facet normal -1 0 0
    outer loop
      vertex 107.5 83.8 -6
      vertex 107.5 42.95 -4.41
      vertex 107.5 81.05 -4.41
    endloop
  endfacet
  facet normal -1 0 0
    outer loop
      vertex 107.5 42.95 -4.41
      vertex 107.5 40.45 -4.41
      vertex 107.5 42.95 0
    endloop
  endfacet
  facet normal -1 0 0
    outer loop
      vertex 107.5 40.2 -6
      vertex 107.5 42.95 -4.41
      vertex 107.5 83.8 -6
    endloop
  endfacet
  facet normal -1 -0 0
    outer loop
      vertex 107.5 42.95 -4.41
      vertex 107.5 40.2 -6
      vertex 107.5 40.45 -4.41
    endloop
  endfacet
  facet normal -1 -0 0
    outer loop
      vertex 107.5 40.45 -4.41
      vertex 107.5 40.2 -6
      vertex 107.5 40.2 -4.41
    endloop
  endfacet
  facet normal -1 -0 0
    outer loop
      vertex 107.5 83.55 0
      vertex 107.5 81.05 -4.41
      vertex 107.5 81.05 0
    endloop
  endfacet
  facet normal -1 -0 0
    outer loop
      vertex 107.5 42.95 0
      vertex 107.5 40.45 -4.41
      vertex 107.5 40.45 0
    endloop
  endfacet
  facet normal 0 1 -0
    outer loop
      vertex 107.5 40.45 -4.41
      vertex 102.5 40.45 0
      vertex 107.5 40.45 0
    endloop
  endfacet
  facet normal 0 1 0
    outer loop
      vertex 102.5 40.45 0
      vertex 107.5 40.45 -4.41
      vertex 102.5 40.45 -4.41
    endloop
  endfacet
  facet normal 0 -1 0
    outer loop
      vertex 102.5 42.95 -4.41
      vertex 107.5 42.95 0
      vertex 102.5 42.95 0
    endloop
  endfacet
  facet normal 0 -1 -0
    outer loop
      vertex 107.5 42.95 0
      vertex 102.5 42.95 -4.41
      vertex 107.5 42.95 -4.41
    endloop
  endfacet
  facet normal 0 1 -0
    outer loop
      vertex 107.5 81.05 -4.41
      vertex 102.5 81.05 0
      vertex 107.5 81.05 0
    endloop
  endfacet
  facet normal 0 1 0
    outer loop
      vertex 102.5 81.05 0
      vertex 107.5 81.05 -4.41
      vertex 102.5 81.05 -4.41
    endloop
  endfacet
  facet normal 0 -1 0
    outer loop
      vertex 102.5 83.55 -4.41
      vertex 107.5 83.55 0
      vertex 102.5 83.55 0
    endloop
  endfacet
  facet normal 0 -1 -0
    outer loop
      vertex 107.5 83.55 0
      vertex 102.5 83.55 -4.41
      vertex 107.5 83.55 -4.41
    endloop
  endfacet
  facet normal 0 0 -1
    outer loop
      vertex 102.5 40.2 -4.41
      vertex 107.5 40.45 -4.41
      vertex 107.5 40.2 -4.41
    endloop
  endfacet
  facet normal -0 0 -1
    outer loop
      vertex 107.5 40.45 -4.41
      vertex 102.5 40.2 -4.41
      vertex 102.5 40.45 -4.41
    endloop
  endfacet
  facet normal 0 0 -1
    outer loop
      vertex 102.5 83.55 -4.41
      vertex 107.5 83.8 -4.41
      vertex 107.5 83.55 -4.41
    endloop
  endfacet
  facet normal -0 0 -1
    outer loop
      vertex 107.5 83.8 -4.41
      vertex 102.5 83.55 -4.41
      vertex 102.5 83.8 -4.41
    endloop
  endfacet
  facet normal 0 0 -1
    outer loop
      vertex 102.5 42.95 -4.41
      vertex 107.5 81.05 -4.41
      vertex 107.5 42.95 -4.41
    endloop
  endfacet
  facet normal -0 0 -1
    outer loop
      vertex 107.5 81.05 -4.41
      vertex 102.5 42.95 -4.41
      vertex 102.5 81.05 -4.41
    endloop
  endfacet
  facet normal 0 1 -0
    outer loop
      vertex 107.5 40.2 -6
      vertex 102.5 40.2 -4.41
      vertex 107.5 40.2 -4.41
    endloop
  endfacet
  facet normal 0 1 0
    outer loop
      vertex 102.5 40.2 -4.41
      vertex 107.5 40.2 -6
      vertex 102.5 40.2 -6
    endloop
  endfacet
  facet normal 0 -1 0
    outer loop
      vertex 102.5 83.8 -6
      vertex 107.5 83.8 -4.41
      vertex 102.5 83.8 -4.41
    endloop
  endfacet
  facet normal 0 -1 -0
    outer loop
      vertex 107.5 83.8 -4.41
      vertex 102.5 83.8 -6
      vertex 107.5 83.8 -6
    endloop
  endfacet
  facet normal 1 -0 0
    outer loop
      vertex 68.5 34 0
      vertex 68.5 36 -6
      vertex 68.5 36 0
    endloop
  endfacet
  facet normal 1 0 0
    outer loop
      vertex 68.5 36 -6
      vertex 68.5 34 0
      vertex 68.5 34 -6
    endloop
  endfacet
  facet normal -1 0 0
    outer loop
      vertex 71.5 34 -6
      vertex 71.5 36 0
      vertex 71.5 36 -6
    endloop
  endfacet
  facet normal -1 -0 0
    outer loop
      vertex 71.5 36 0
      vertex 71.5 34 -6
      vertex 71.5 34 0
    endloop
  endfacet
  facet normal 0 -1 0
    outer loop
      vertex 68.5 36 -6
      vertex 71.5 36 0
      vertex 68.5 36 0
    endloop
  endfacet
  facet normal 0 -1 -0
    outer loop
      vertex 71.5 36 0
      vertex 68.5 36 -6
      vertex 71.5 36 -6
    endloop
  endfacet
  facet normal 0 1 -0
    outer loop
      vertex 71.5 34 -6
      vertex 68.5 34 0
      vertex 71.5 34 0
    endloop
  endfacet
  facet normal 0 1 0
    outer loop
      vertex 68.5 34 0
      vertex 71.5 34 -6
      vertex 68.5 34 -6
    endloop
  endfacet
  facet normal 1 -0 0
    outer loop
      vertex 68.5 44 0
      vertex 68.5 46 -6
      vertex 68.5 46 0
    endloop
  endfacet
  facet normal 1 0 0
    outer loop
      vertex 68.5 46 -6
      vertex 68.5 44 0
      vertex 68.5 44 -6
    endloop
  endfacet
  facet normal -1 0 0
    outer loop
      vertex 71.5 44 -6
      vertex 71.5 46 0
      vertex 71.5 46 -6
    endloop
  endfacet
  facet normal -1 -0 0
    outer loop
      vertex 71.5 46 0
      vertex 71.5 44 -6
      vertex 71.5 44 0
    endloop
  endfacet
  facet normal 0 1 -0
    outer loop
      vertex 71.5 44 -6
      vertex 68.5 44 0
      vertex 71.5 44 0
    endloop
  endfacet
  facet normal 0 1 0
    outer loop
      vertex 68.5 44 0
      vertex 71.5 44 -6
      vertex 68.5 44 -6
    endloop
  endfacet
  facet normal 0 -1 0
    outer loop
      vertex 68.5 46 -6
      vertex 71.5 46 0
      vertex 68.5 46 0
    endloop
  endfacet
  facet normal 0 -1 -0
    outer loop
      vertex 71.5 46 0
      vertex 68.5 46 -6
      vertex 71.5 46 -6
    endloop
  endfacet
  facet normal 1 -0 0
    outer loop
      vertex 138.5 34 0
      vertex 138.5 36 -6
      vertex 138.5 36 0
    endloop
  endfacet
  facet normal 1 0 0
    outer loop
      vertex 138.5 36 -6
      vertex 138.5 34 0
      vertex 138.5 34 -6
    endloop
  endfacet
  facet normal -1 0 0
    outer loop
      vertex 141.5 34 -6
      vertex 141.5 36 0
      vertex 141.5 36 -6
    endloop
  endfacet
  facet normal -1 -0 0
    outer loop
      vertex 141.5 36 0
      vertex 141.5 34 -6
      vertex 141.5 34 0
    endloop
  endfacet
  facet normal 0 -1 0
    outer loop
      vertex 138.5 36 -6
      vertex 141.5 36 0
      vertex 138.5 36 0
    endloop
  endfacet
  facet normal 0 -1 -0
    outer loop
      vertex 141.5 36 0
      vertex 138.5 36 -6
      vertex 141.5 36 -6
    endloop
  endfacet
  facet normal 0 1 -0
    outer loop
      vertex 141.5 34 -6
      vertex 138.5 34 0
      vertex 141.5 34 0
    endloop
  endfacet
  facet normal 0 1 0
    outer loop
      vertex 138.5 34 0
      vertex 141.5 34 -6
      vertex 138.5 34 -6
    endloop
  endfacet
  facet normal 1 -0 0
    outer loop
      vertex 138.5 44 0
      vertex 138.5 46 -6
      vertex 138.5 46 0
    endloop
  endfacet
  facet normal 1 0 0
    outer loop
      vertex 138.5 46 -6
      vertex 138.5 44 0
      vertex 138.5 44 -6
    endloop
  endfacet
  facet normal -1 0 0
    outer loop
      vertex 141.5 44 -6
      vertex 141.5 46 0
      vertex 141.5 46 -6
    endloop
  endfacet
  facet normal -1 -0 0
    outer loop
      vertex 141.5 46 0
      vertex 141.5 44 -6
      vertex 141.5 44 0
    endloop
  endfacet
  facet normal 0 1 -0
    outer loop
      vertex 141.5 44 -6
      vertex 138.5 44 0
      vertex 141.5 44 0
    endloop
  endfacet
  facet normal 0 1 0
    outer loop
      vertex 138.5 44 0
      vertex 141.5 44 -6
      vertex 138.5 44 -6
    endloop
  endfacet
  facet normal 0 -1 0
    outer loop
      vertex 138.5 46 -6
      vertex 141.5 46 0
      vertex 138.5 46 0
    endloop
  endfacet
  facet normal 0 -1 -0
    outer loop
      vertex 141.5 46 0
      vertex 138.5 46 -6
      vertex 141.5 46 -6
    endloop
  endfacet
  facet normal 1 -0 0
    outer loop
      vertex 63.5 82 0
      vertex 63.5 84 -6
      vertex 63.5 84 0
    endloop
  endfacet
  facet normal 1 0 0
    outer loop
      vertex 63.5 84 -6
      vertex 63.5 82 0
      vertex 63.5 82 -6
    endloop
  endfacet
  facet normal -1 0 0
    outer loop
      vertex 66.5 82 -6
      vertex 66.5 84 0
      vertex 66.5 84 -6
    endloop
  endfacet
  facet normal -1 -0 0
    outer loop
      vertex 66.5 84 0
      vertex 66.5 82 -6
      vertex 66.5 82 0
    endloop
  endfacet
  facet normal 0 -1 0
    outer loop
      vertex 63.5 84 -6
      vertex 66.5 84 0
      vertex 63.5 84 0
    endloop
  endfacet
  facet normal 0 -1 -0
    outer loop
      vertex 66.5 84 0
      vertex 63.5 84 -6
      vertex 66.5 84 -6
    endloop
  endfacet
  facet normal 0 1 -0
    outer loop
      vertex 66.5 82 -6
      vertex 63.5 82 0
      vertex 66.5 82 0
    endloop
  endfacet
  facet normal 0 1 0
    outer loop
      vertex 63.5 82 0
      vertex 66.5 82 -6
      vertex 63.5 82 -6
    endloop
  endfacet
  facet normal 1 -0 0
    outer loop
      vertex 63.5 92 0
      vertex 63.5 94 -6
      vertex 63.5 94 0
    endloop
  endfacet
  facet normal 1 0 0
    outer loop
      vertex 63.5 94 -6
      vertex 63.5 92 0
      vertex 63.5 92 -6
    endloop
  endfacet
  facet normal -1 0 0
    outer loop
      vertex 66.5 92 -6
      vertex 66.5 94 0
      vertex 66.5 94 -6
    endloop
  endfacet
  facet normal -1 -0 0
    outer loop
      vertex 66.5 94 0
      vertex 66.5 92 -6
      vertex 66.5 92 0
    endloop
  endfacet
  facet normal 0 1 -0
    outer loop
      vertex 66.5 92 -6
      vertex 63.5 92 0
      vertex 66.5 92 0
    endloop
  endfacet
  facet normal 0 1 0
    outer loop
      vertex 63.5 92 0
      vertex 66.5 92 -6
      vertex 63.5 92 -6
    endloop
  endfacet
  facet normal 0 -1 0
    outer loop
      vertex 63.5 94 -6
      vertex 66.5 94 0
      vertex 63.5 94 0
    endloop
  endfacet
  facet normal 0 -1 -0
    outer loop
      vertex 66.5 94 0
      vertex 63.5 94 -6
      vertex 66.5 94 -6
    endloop
  endfacet
  facet normal 1 -0 0
    outer loop
      vertex 143.5 82 0
      vertex 143.5 84 -6
      vertex 143.5 84 0
    endloop
  endfacet
  facet normal 1 0 0
    outer loop
      vertex 143.5 84 -6
      vertex 143.5 82 0
      vertex 143.5 82 -6
    endloop
  endfacet
  facet normal -1 0 0
    outer loop
      vertex 146.5 82 -6
      vertex 146.5 84 0
      vertex 146.5 84 -6
    endloop
  endfacet
  facet normal -1 -0 0
    outer loop
      vertex 146.5 84 0
      vertex 146.5 82 -6
      vertex 146.5 82 0
    endloop
  endfacet
  facet normal 0 -1 0
    outer loop
      vertex 143.5 84 -6
      vertex 146.5 84 0
      vertex 143.5 84 0
    endloop
  endfacet
  facet normal 0 -1 -0
    outer loop
      vertex 146.5 84 0
      vertex 143.5 84 -6
      vertex 146.5 84 -6
    endloop
  endfacet
  facet normal 0 1 -0
    outer loop
      vertex 146.5 82 -6
      vertex 143.5 82 0
      vertex 146.5 82 0
    endloop
  endfacet
  facet normal 0 1 0
    outer loop
      vertex 143.5 82 0
      vertex 146.5 82 -6
      vertex 143.5 82 -6
    endloop
  endfacet
  facet normal 1 -0 0
    outer loop
      vertex 143.5 92 0
      vertex 143.5 94 -6
      vertex 143.5 94 0
    endloop
  endfacet
  facet normal 1 0 0
    outer loop
      vertex 143.5 94 -6
      vertex 143.5 92 0
      vertex 143.5 92 -6
    endloop
  endfacet
  facet normal -1 0 0
    outer loop
      vertex 146.5 92 -6
      vertex 146.5 94 0
      vertex 146.5 94 -6
    endloop
  endfacet
  facet normal -1 -0 0
    outer loop
      vertex 146.5 94 0
      vertex 146.5 92 -6
      vertex 146.5 92 0
    endloop
  endfacet
  facet normal 0 1 -0
    outer loop
      vertex 146.5 92 -6
      vertex 143.5 92 0
      vertex 146.5 92 0
    endloop
  endfacet
  facet normal 0 1 0
    outer loop
      vertex 143.5 92 0
      vertex 146.5 92 -6
      vertex 143.5 92 -6
    endloop
  endfacet
  facet normal 0 -1 0
    outer loop
      vertex 143.5 94 -6
      vertex 146.5 94 0
      vertex 143.5 94 0
    endloop
  endfacet
  facet normal 0 -1 -0
    outer loop
      vertex 146.5 94 0
      vertex 143.5 94 -6
      vertex 146.5 94 -6
    endloop
  endfacet
endsolid OpenSCAD_Model
