solid OpenSCAD_Model
  facet normal 0.997859 -0.0654094 0
    outer loop
      vertex 36.8143 -4.8467 6.7
      vertex 37.132 0 1.90735e-07
      vertex 37.132 0 6.7
    endloop
  endfacet
  facet normal 0.997859 -0.0654094 0
    outer loop
      vertex 37.132 0 1.90735e-07
      vertex 36.8143 -4.8467 6.7
      vertex 36.8143 -4.8467 1.90735e-07
    endloop
  endfacet
  facet normal -0.997859 -0.0654094 0
    outer loop
      vertex -36.8143 -4.8467 1.90735e-07
      vertex -37.132 0 6.7
      vertex -37.132 0 1.90735e-07
    endloop
  endfacet
  facet normal -0.997859 -0.0654094 0
    outer loop
      vertex -37.132 0 6.7
      vertex -36.8143 -4.8467 1.90735e-07
      vertex -36.8143 -4.8467 6.7
    endloop
  endfacet
  facet normal -0.0654094 -0.997859 0
    outer loop
      vertex -4.8467 -36.8143 1.90735e-07
      vertex 0 -37.132 6.7
      vertex -4.8467 -36.8143 6.7
    endloop
  endfacet
  facet normal -0.0654094 -0.997859 -0
    outer loop
      vertex 0 -37.132 6.7
      vertex -4.8467 -36.8143 1.90735e-07
      vertex 0 -37.132 1.90735e-07
    endloop
  endfacet
  facet normal 0.0654094 0.997859 -0
    outer loop
      vertex 4.8467 36.8143 1.90735e-07
      vertex 0 37.132 6.7
      vertex 4.8467 36.8143 6.7
    endloop
  endfacet
  facet normal 0.0654094 0.997859 0
    outer loop
      vertex 0 37.132 6.7
      vertex 4.8467 36.8143 1.90735e-07
      vertex 0 37.132 1.90735e-07
    endloop
  endfacet
  facet normal 0.659341 -0.751844 0
    outer loop
      vertex 22.6045 -29.4588 1.90735e-07
      vertex 26.2563 -26.2563 6.7
      vertex 22.6045 -29.4588 6.7
    endloop
  endfacet
  facet normal 0.659341 -0.751844 0
    outer loop
      vertex 26.2563 -26.2563 6.7
      vertex 22.6045 -29.4588 1.90735e-07
      vertex 26.2563 -26.2563 1.90735e-07
    endloop
  endfacet
  facet normal -0.659341 -0.751844 0
    outer loop
      vertex -26.2563 -26.2563 1.90735e-07
      vertex -22.6045 -29.4588 6.7
      vertex -26.2563 -26.2563 6.7
    endloop
  endfacet
  facet normal -0.659341 -0.751844 -0
    outer loop
      vertex -22.6045 -29.4588 6.7
      vertex -26.2563 -26.2563 1.90735e-07
      vertex -22.6045 -29.4588 1.90735e-07
    endloop
  endfacet
  facet normal -0.442282 -0.896876 0
    outer loop
      vertex -18.566 -32.1573 1.90735e-07
      vertex -14.2098 -34.3055 6.7
      vertex -18.566 -32.1573 6.7
    endloop
  endfacet
  facet normal -0.442282 -0.896876 -0
    outer loop
      vertex -14.2098 -34.3055 6.7
      vertex -18.566 -32.1573 1.90735e-07
      vertex -14.2098 -34.3055 1.90735e-07
    endloop
  endfacet
  facet normal 0.896876 -0.442282 0
    outer loop
      vertex 32.1573 -18.566 6.7
      vertex 34.3055 -14.2098 1.90735e-07
      vertex 34.3055 -14.2098 6.7
    endloop
  endfacet
  facet normal 0.896876 -0.442282 0
    outer loop
      vertex 34.3055 -14.2098 1.90735e-07
      vertex 32.1573 -18.566 6.7
      vertex 32.1573 -18.566 1.90735e-07
    endloop
  endfacet
  facet normal 0.321446 -0.946928 0
    outer loop
      vertex 9.61047 -35.8668 1.90735e-07
      vertex 14.2098 -34.3055 6.7
      vertex 9.61047 -35.8668 6.7
    endloop
  endfacet
  facet normal 0.321446 -0.946928 0
    outer loop
      vertex 14.2098 -34.3055 6.7
      vertex 9.61047 -35.8668 1.90735e-07
      vertex 14.2098 -34.3055 1.90735e-07
    endloop
  endfacet
  facet normal 0.195076 -0.980788 0
    outer loop
      vertex 4.8467 -36.8143 1.90735e-07
      vertex 9.61047 -35.8668 6.7
      vertex 4.8467 -36.8143 6.7
    endloop
  endfacet
  facet normal 0.195076 -0.980788 0
    outer loop
      vertex 9.61047 -35.8668 6.7
      vertex 4.8467 -36.8143 1.90735e-07
      vertex 9.61047 -35.8668 1.90735e-07
    endloop
  endfacet
  facet normal 0.442282 -0.896876 0
    outer loop
      vertex 14.2098 -34.3055 1.90735e-07
      vertex 18.566 -32.1573 6.7
      vertex 14.2098 -34.3055 6.7
    endloop
  endfacet
  facet normal 0.442282 -0.896876 0
    outer loop
      vertex 18.566 -32.1573 6.7
      vertex 14.2098 -34.3055 1.90735e-07
      vertex 18.566 -32.1573 1.90735e-07
    endloop
  endfacet
  facet normal -0.896876 -0.442282 0
    outer loop
      vertex -32.1573 -18.566 1.90735e-07
      vertex -34.3055 -14.2098 6.7
      vertex -34.3055 -14.2098 1.90735e-07
    endloop
  endfacet
  facet normal -0.896876 -0.442282 0
    outer loop
      vertex -34.3055 -14.2098 6.7
      vertex -32.1573 -18.566 1.90735e-07
      vertex -32.1573 -18.566 6.7
    endloop
  endfacet
  facet normal -0 0 -1
    outer loop
      vertex 0 -2.64999 1.90735e-07
      vertex -6.20648 -20.5499 1.90735e-07
      vertex -0.345886 -2.62732 1.90735e-07
    endloop
  endfacet
  facet normal 0 0 -1
    outer loop
      vertex -1.64999 2.07011 1.90735e-07
      vertex -3.20866 25.0365 1.90735e-07
      vertex -3.15648 25.8327 1.90735e-07
    endloop
  endfacet
  facet normal -0 0 -1
    outer loop
      vertex -0.345886 -2.62732 1.90735e-07
      vertex -6.20648 -20.5499 1.90735e-07
      vertex -0.685867 -2.55969 1.90735e-07
    endloop
  endfacet
  facet normal 0 0 -1
    outer loop
      vertex -1.64999 2.07011 1.90735e-07
      vertex -3.36433 24.2539 1.90735e-07
      vertex -3.20866 25.0365 1.90735e-07
    endloop
  endfacet
  facet normal -0 0 -1
    outer loop
      vertex -0.685867 -2.55969 1.90735e-07
      vertex -6.20648 -20.5499 1.90735e-07
      vertex -1.0141 -2.44827 1.90735e-07
    endloop
  endfacet
  facet normal 0 0 -1
    outer loop
      vertex -1.64999 2.07011 1.90735e-07
      vertex -3.62081 23.4983 1.90735e-07
      vertex -3.36433 24.2539 1.90735e-07
    endloop
  endfacet
  facet normal -0 0 -1
    outer loop
      vertex -1.0141 -2.44827 1.90735e-07
      vertex -6.20648 -20.5499 1.90735e-07
      vertex -1.325 -2.29495 1.90735e-07
    endloop
  endfacet
  facet normal 0 0 -1
    outer loop
      vertex -1.64999 2.07011 1.90735e-07
      vertex -3.97372 22.7827 1.90735e-07
      vertex -3.62081 23.4983 1.90735e-07
    endloop
  endfacet
  facet normal 0 0 -1
    outer loop
      vertex -14.6935 -15.6499 1.90735e-07
      vertex -1.325 -2.29495 1.90735e-07
      vertex -6.20648 -20.5499 1.90735e-07
    endloop
  endfacet
  facet normal 0 0 -1
    outer loop
      vertex -1.64999 2.07011 1.90735e-07
      vertex -4.41702 22.1192 1.90735e-07
      vertex -3.97372 22.7827 1.90735e-07
    endloop
  endfacet
  facet normal -0 0 -1
    outer loop
      vertex -1.325 -2.29495 1.90735e-07
      vertex -14.6935 -15.6499 1.90735e-07
      vertex -1.6132 -2.10237 1.90735e-07
    endloop
  endfacet
  facet normal 0 0 -1
    outer loop
      vertex -1.64999 2.07011 1.90735e-07
      vertex -4.94312 21.5193 1.90735e-07
      vertex -4.41702 22.1192 1.90735e-07
    endloop
  endfacet
  facet normal -0 0 -1
    outer loop
      vertex -1.6132 -2.10237 1.90735e-07
      vertex -14.6935 -15.6499 1.90735e-07
      vertex -1.64999 -2.07011 1.90735e-07
    endloop
  endfacet
  facet normal 0 0 -1
    outer loop
      vertex -1.64999 2.07011 1.90735e-07
      vertex -5.54303 20.9932 1.90735e-07
      vertex -4.94312 21.5193 1.90735e-07
    endloop
  endfacet
  facet normal 0 0 -1
    outer loop
      vertex -15.4092 -15.297 1.90735e-07
      vertex -1.64999 -2.07011 1.90735e-07
      vertex -14.6935 -15.6499 1.90735e-07
    endloop
  endfacet
  facet normal 0 0 -1
    outer loop
      vertex -1.64999 2.07011 1.90735e-07
      vertex -6.20648 20.5499 1.90735e-07
      vertex -5.54303 20.9932 1.90735e-07
    endloop
  endfacet
  facet normal 0 0 -1
    outer loop
      vertex -16.1647 -15.0405 1.90735e-07
      vertex -1.64999 -2.07011 1.90735e-07
      vertex -15.4092 -15.297 1.90735e-07
    endloop
  endfacet
  facet normal 0 0 -1
    outer loop
      vertex -1.64999 2.07011 1.90735e-07
      vertex -14.6935 15.6499 1.90735e-07
      vertex -6.20648 20.5499 1.90735e-07
    endloop
  endfacet
  facet normal 0 0 -1
    outer loop
      vertex -16.9473 -14.8849 1.90735e-07
      vertex -1.64999 -2.07011 1.90735e-07
      vertex -16.1647 -15.0405 1.90735e-07
    endloop
  endfacet
  facet normal 0 0 -1
    outer loop
      vertex -1.64999 2.07011 1.90735e-07
      vertex -15.4092 15.297 1.90735e-07
      vertex -14.6935 15.6499 1.90735e-07
    endloop
  endfacet
  facet normal -0 0 -1
    outer loop
      vertex -1.64999 -2.07011 1.90735e-07
      vertex -16.9473 -14.8849 1.90735e-07
      vertex -1.64999 2.07011 1.90735e-07
    endloop
  endfacet
  facet normal 0 0 -1
    outer loop
      vertex -1.64999 2.07011 1.90735e-07
      vertex -16.1647 15.0405 1.90735e-07
      vertex -15.4092 15.297 1.90735e-07
    endloop
  endfacet
  facet normal 0 0 -1
    outer loop
      vertex -16.9473 14.8849 1.90735e-07
      vertex -1.64999 2.07011 1.90735e-07
      vertex -16.9473 -14.8849 1.90735e-07
    endloop
  endfacet
  facet normal 0 0 -1
    outer loop
      vertex -1.64999 2.07011 1.90735e-07
      vertex -16.9473 14.8849 1.90735e-07
      vertex -16.1647 15.0405 1.90735e-07
    endloop
  endfacet
  facet normal 0 0 -1
    outer loop
      vertex -17.7435 -14.8327 1.90735e-07
      vertex -16.9473 14.8849 1.90735e-07
      vertex -16.9473 -14.8849 1.90735e-07
    endloop
  endfacet
  facet normal 0 0 -1
    outer loop
      vertex -17.7435 -14.8327 1.90735e-07
      vertex -17.7435 14.8327 1.90735e-07
      vertex -16.9473 14.8849 1.90735e-07
    endloop
  endfacet
  facet normal 0 0 -1
    outer loop
      vertex -18.5397 -14.8849 1.90735e-07
      vertex -17.7435 14.8327 1.90735e-07
      vertex -17.7435 -14.8327 1.90735e-07
    endloop
  endfacet
  facet normal 0 0 -1
    outer loop
      vertex -18.5397 -14.8849 1.90735e-07
      vertex -18.5397 14.8849 1.90735e-07
      vertex -17.7435 14.8327 1.90735e-07
    endloop
  endfacet
  facet normal 0 0 -1
    outer loop
      vertex -19.3223 -15.0405 1.90735e-07
      vertex -18.5397 14.8849 1.90735e-07
      vertex -18.5397 -14.8849 1.90735e-07
    endloop
  endfacet
  facet normal 0 0 -1
    outer loop
      vertex -19.3223 -15.0405 1.90735e-07
      vertex -19.3223 15.0405 1.90735e-07
      vertex -18.5397 14.8849 1.90735e-07
    endloop
  endfacet
  facet normal 0 0 -1
    outer loop
      vertex -36.8143 -4.8467 1.90735e-07
      vertex -19.3223 -15.0405 1.90735e-07
      vertex -20.0779 -15.297 1.90735e-07
    endloop
  endfacet
  facet normal 0 0 -1
    outer loop
      vertex -19.3223 -15.0405 1.90735e-07
      vertex -37.132 0 1.90735e-07
      vertex -19.3223 15.0405 1.90735e-07
    endloop
  endfacet
  facet normal 0 0 -1
    outer loop
      vertex -35.8668 -9.61047 1.90735e-07
      vertex -20.0779 -15.297 1.90735e-07
      vertex -20.7935 -15.6499 1.90735e-07
    endloop
  endfacet
  facet normal 0 -0 -1
    outer loop
      vertex -36.8143 4.8467 1.90735e-07
      vertex -19.3223 15.0405 1.90735e-07
      vertex -37.132 0 1.90735e-07
    endloop
  endfacet
  facet normal 0 0 -1
    outer loop
      vertex -35.8668 -9.61047 1.90735e-07
      vertex -20.7935 -15.6499 1.90735e-07
      vertex -21.457 -16.0932 1.90735e-07
    endloop
  endfacet
  facet normal -0 0 -1
    outer loop
      vertex -19.3223 15.0405 1.90735e-07
      vertex -36.8143 4.8467 1.90735e-07
      vertex -20.0779 15.297 1.90735e-07
    endloop
  endfacet
  facet normal 0 0 -1
    outer loop
      vertex -34.3055 -14.2098 1.90735e-07
      vertex -21.457 -16.0932 1.90735e-07
      vertex -22.0569 -16.6193 1.90735e-07
    endloop
  endfacet
  facet normal 0 -0 -1
    outer loop
      vertex -35.8668 9.61047 1.90735e-07
      vertex -20.0779 15.297 1.90735e-07
      vertex -36.8143 4.8467 1.90735e-07
    endloop
  endfacet
  facet normal 0 0 -1
    outer loop
      vertex -34.3055 -14.2098 1.90735e-07
      vertex -22.0569 -16.6193 1.90735e-07
      vertex -22.583 -17.2192 1.90735e-07
    endloop
  endfacet
  facet normal -0 0 -1
    outer loop
      vertex -20.0779 15.297 1.90735e-07
      vertex -35.8668 9.61047 1.90735e-07
      vertex -20.7935 15.6499 1.90735e-07
    endloop
  endfacet
  facet normal 0 0 -1
    outer loop
      vertex -32.1573 -18.566 1.90735e-07
      vertex -22.583 -17.2192 1.90735e-07
      vertex -23.0263 -17.8827 1.90735e-07
    endloop
  endfacet
  facet normal -0 0 -1
    outer loop
      vertex -20.7935 15.6499 1.90735e-07
      vertex -35.8668 9.61047 1.90735e-07
      vertex -21.457 16.0932 1.90735e-07
    endloop
  endfacet
  facet normal 0 0 -1
    outer loop
      vertex -32.1573 -18.566 1.90735e-07
      vertex -23.0263 -17.8827 1.90735e-07
      vertex -23.3792 -18.5983 1.90735e-07
    endloop
  endfacet
  facet normal 0 -0 -1
    outer loop
      vertex -34.3055 14.2098 1.90735e-07
      vertex -21.457 16.0932 1.90735e-07
      vertex -35.8668 9.61047 1.90735e-07
    endloop
  endfacet
  facet normal 0 0 -1
    outer loop
      vertex -32.1573 -18.566 1.90735e-07
      vertex -23.3792 -18.5983 1.90735e-07
      vertex -23.6357 -19.3539 1.90735e-07
    endloop
  endfacet
  facet normal -0 0 -1
    outer loop
      vertex -21.457 16.0932 1.90735e-07
      vertex -34.3055 14.2098 1.90735e-07
      vertex -22.0569 16.6193 1.90735e-07
    endloop
  endfacet
  facet normal 0 0 -1
    outer loop
      vertex -29.4588 -22.6045 1.90735e-07
      vertex -23.6357 -19.3539 1.90735e-07
      vertex -23.7913 -20.1365 1.90735e-07
    endloop
  endfacet
  facet normal -0 0 -1
    outer loop
      vertex -22.0569 16.6193 1.90735e-07
      vertex -34.3055 14.2098 1.90735e-07
      vertex -22.583 17.2192 1.90735e-07
    endloop
  endfacet
  facet normal 0 0 -1
    outer loop
      vertex -29.4588 -22.6045 1.90735e-07
      vertex -23.7913 -20.1365 1.90735e-07
      vertex -23.8435 -20.9327 1.90735e-07
    endloop
  endfacet
  facet normal 0 -0 -1
    outer loop
      vertex -32.1573 18.566 1.90735e-07
      vertex -22.583 17.2192 1.90735e-07
      vertex -34.3055 14.2098 1.90735e-07
    endloop
  endfacet
  facet normal -0 0 -1
    outer loop
      vertex 18.566 32.1573 1.90735e-07
      vertex -3.15648 25.8327 1.90735e-07
      vertex 14.2098 34.3055 1.90735e-07
    endloop
  endfacet
  facet normal -0 0 -1
    outer loop
      vertex 14.2098 34.3055 1.90735e-07
      vertex -3.15648 25.8327 1.90735e-07
      vertex 9.61047 35.8668 1.90735e-07
    endloop
  endfacet
  facet normal 0 0 -1
    outer loop
      vertex -3.15648 25.8327 1.90735e-07
      vertex 1.6132 2.10237 1.90735e-07
      vertex 1.325 2.29495 1.90735e-07
    endloop
  endfacet
  facet normal 0 0 -1
    outer loop
      vertex -3.15648 25.8327 1.90735e-07
      vertex 1.325 2.29495 1.90735e-07
      vertex 1.0141 2.44827 1.90735e-07
    endloop
  endfacet
  facet normal 0 0 -1
    outer loop
      vertex -3.15648 25.8327 1.90735e-07
      vertex 1.0141 2.44827 1.90735e-07
      vertex 0.685867 2.55969 1.90735e-07
    endloop
  endfacet
  facet normal 0 0 -1
    outer loop
      vertex -3.15648 25.8327 1.90735e-07
      vertex 0.685867 2.55969 1.90735e-07
      vertex 0.345886 2.62732 1.90735e-07
    endloop
  endfacet
  facet normal 0 0 -1
    outer loop
      vertex -3.15648 25.8327 1.90735e-07
      vertex 0.345886 2.62732 1.90735e-07
      vertex 0 2.64999 1.90735e-07
    endloop
  endfacet
  facet normal 0 0 -1
    outer loop
      vertex -3.20866 26.6289 1.90735e-07
      vertex 9.61047 35.8668 1.90735e-07
      vertex -3.15648 25.8327 1.90735e-07
    endloop
  endfacet
  facet normal 0 0 -1
    outer loop
      vertex -3.15648 25.8327 1.90735e-07
      vertex 0 2.64999 1.90735e-07
      vertex -0.345886 2.62732 1.90735e-07
    endloop
  endfacet
  facet normal 0 0 -1
    outer loop
      vertex -3.15648 25.8327 1.90735e-07
      vertex -0.345886 2.62732 1.90735e-07
      vertex -0.685867 2.55969 1.90735e-07
    endloop
  endfacet
  facet normal 0 0 -1
    outer loop
      vertex -3.15648 25.8327 1.90735e-07
      vertex -0.685867 2.55969 1.90735e-07
      vertex -1.0141 2.44827 1.90735e-07
    endloop
  endfacet
  facet normal 0 0 -1
    outer loop
      vertex -3.15648 25.8327 1.90735e-07
      vertex -1.0141 2.44827 1.90735e-07
      vertex -1.325 2.29495 1.90735e-07
    endloop
  endfacet
  facet normal 0 0 -1
    outer loop
      vertex -3.15648 25.8327 1.90735e-07
      vertex -1.325 2.29495 1.90735e-07
      vertex -1.6132 2.10237 1.90735e-07
    endloop
  endfacet
  facet normal 0 0 -1
    outer loop
      vertex -3.15648 25.8327 1.90735e-07
      vertex -1.6132 2.10237 1.90735e-07
      vertex -1.64999 2.07011 1.90735e-07
    endloop
  endfacet
  facet normal 0 0 -1
    outer loop
      vertex -6.20648 -20.5499 1.90735e-07
      vertex 0 -2.64999 1.90735e-07
      vertex -5.54303 -20.9932 1.90735e-07
    endloop
  endfacet
  facet normal -0 0 -1
    outer loop
      vertex 9.61047 35.8668 1.90735e-07
      vertex -3.20866 26.6289 1.90735e-07
      vertex 4.8467 36.8143 1.90735e-07
    endloop
  endfacet
  facet normal 0 0 -1
    outer loop
      vertex -3.36433 27.4115 1.90735e-07
      vertex 4.8467 36.8143 1.90735e-07
      vertex -3.20866 26.6289 1.90735e-07
    endloop
  endfacet
  facet normal 0 0 -1
    outer loop
      vertex -3.62081 28.1671 1.90735e-07
      vertex 4.8467 36.8143 1.90735e-07
      vertex -3.36433 27.4115 1.90735e-07
    endloop
  endfacet
  facet normal -0 0 -1
    outer loop
      vertex 4.8467 36.8143 1.90735e-07
      vertex -3.62081 28.1671 1.90735e-07
      vertex 0 37.132 1.90735e-07
    endloop
  endfacet
  facet normal 0 0 -1
    outer loop
      vertex -3.97372 28.8827 1.90735e-07
      vertex 0 37.132 1.90735e-07
      vertex -3.62081 28.1671 1.90735e-07
    endloop
  endfacet
  facet normal 0 0 -1
    outer loop
      vertex -4.41702 29.5461 1.90735e-07
      vertex 0 37.132 1.90735e-07
      vertex -3.97372 28.8827 1.90735e-07
    endloop
  endfacet
  facet normal 0 0 -1
    outer loop
      vertex -4.94312 30.146 1.90735e-07
      vertex 0 37.132 1.90735e-07
      vertex -4.41702 29.5461 1.90735e-07
    endloop
  endfacet
  facet normal 0 0 -1
    outer loop
      vertex 0 37.132 1.90735e-07
      vertex -4.94312 30.146 1.90735e-07
      vertex -4.8467 36.8143 1.90735e-07
    endloop
  endfacet
  facet normal 0 0 -1
    outer loop
      vertex -5.54303 30.6721 1.90735e-07
      vertex -4.8467 36.8143 1.90735e-07
      vertex -4.94312 30.146 1.90735e-07
    endloop
  endfacet
  facet normal 0 0 -1
    outer loop
      vertex -6.20648 31.1154 1.90735e-07
      vertex -4.8467 36.8143 1.90735e-07
      vertex -5.54303 30.6721 1.90735e-07
    endloop
  endfacet
  facet normal 0 0 -1
    outer loop
      vertex -6.92211 31.4683 1.90735e-07
      vertex -4.8467 36.8143 1.90735e-07
      vertex -6.20648 31.1154 1.90735e-07
    endloop
  endfacet
  facet normal 0 0 -1
    outer loop
      vertex -7.67768 31.7248 1.90735e-07
      vertex -4.8467 36.8143 1.90735e-07
      vertex -6.92211 31.4683 1.90735e-07
    endloop
  endfacet
  facet normal 0 0 -1
    outer loop
      vertex -9.61047 35.8668 1.90735e-07
      vertex -7.67768 31.7248 1.90735e-07
      vertex -8.46027 31.8805 1.90735e-07
    endloop
  endfacet
  facet normal 0 0 -1
    outer loop
      vertex -9.61047 35.8668 1.90735e-07
      vertex -8.46027 31.8805 1.90735e-07
      vertex -9.25648 31.9327 1.90735e-07
    endloop
  endfacet
  facet normal 0 0 -1
    outer loop
      vertex -7.67768 31.7248 1.90735e-07
      vertex -9.61047 35.8668 1.90735e-07
      vertex -4.8467 36.8143 1.90735e-07
    endloop
  endfacet
  facet normal 0 0 -1
    outer loop
      vertex -10.0527 31.8805 1.90735e-07
      vertex -9.61047 35.8668 1.90735e-07
      vertex -9.25648 31.9327 1.90735e-07
    endloop
  endfacet
  facet normal 0 0 -1
    outer loop
      vertex -10.8353 31.7248 1.90735e-07
      vertex -9.61047 35.8668 1.90735e-07
      vertex -10.0527 31.8805 1.90735e-07
    endloop
  endfacet
  facet normal 0 0 -1
    outer loop
      vertex -14.2098 34.3055 1.90735e-07
      vertex -10.8353 31.7248 1.90735e-07
      vertex -11.5908 31.4683 1.90735e-07
    endloop
  endfacet
  facet normal 0 0 -1
    outer loop
      vertex -14.2098 34.3055 1.90735e-07
      vertex -11.5908 31.4683 1.90735e-07
      vertex -12.3065 31.1154 1.90735e-07
    endloop
  endfacet
  facet normal 0 0 -1
    outer loop
      vertex -10.8353 31.7248 1.90735e-07
      vertex -14.2098 34.3055 1.90735e-07
      vertex -9.61047 35.8668 1.90735e-07
    endloop
  endfacet
  facet normal 0 0 -1
    outer loop
      vertex -12.3065 31.1154 1.90735e-07
      vertex -18.566 32.1573 1.90735e-07
      vertex -14.2098 34.3055 1.90735e-07
    endloop
  endfacet
  facet normal 0 0 -1
    outer loop
      vertex -20.7935 26.2154 1.90735e-07
      vertex -18.566 32.1573 1.90735e-07
      vertex -12.3065 31.1154 1.90735e-07
    endloop
  endfacet
  facet normal 0 0 -1
    outer loop
      vertex -22.6045 29.4588 1.90735e-07
      vertex -20.7935 26.2154 1.90735e-07
      vertex -21.457 25.7721 1.90735e-07
    endloop
  endfacet
  facet normal 0 0 -1
    outer loop
      vertex -22.6045 29.4588 1.90735e-07
      vertex -21.457 25.7721 1.90735e-07
      vertex -22.0569 25.246 1.90735e-07
    endloop
  endfacet
  facet normal 0 0 -1
    outer loop
      vertex -26.2563 26.2563 1.90735e-07
      vertex -22.0569 25.246 1.90735e-07
      vertex -22.583 24.6461 1.90735e-07
    endloop
  endfacet
  facet normal 0 0 -1
    outer loop
      vertex -20.7935 26.2154 1.90735e-07
      vertex -22.6045 29.4588 1.90735e-07
      vertex -18.566 32.1573 1.90735e-07
    endloop
  endfacet
  facet normal 0 0 -1
    outer loop
      vertex -26.2563 26.2563 1.90735e-07
      vertex -22.583 24.6461 1.90735e-07
      vertex -23.0263 23.9827 1.90735e-07
    endloop
  endfacet
  facet normal 0 0 -1
    outer loop
      vertex -26.2563 26.2563 1.90735e-07
      vertex -23.0263 23.9827 1.90735e-07
      vertex -23.3792 23.2671 1.90735e-07
    endloop
  endfacet
  facet normal 0 0 -1
    outer loop
      vertex -26.2563 26.2563 1.90735e-07
      vertex -23.3792 23.2671 1.90735e-07
      vertex -23.6357 22.5115 1.90735e-07
    endloop
  endfacet
  facet normal 0 0 -1
    outer loop
      vertex -29.4588 22.6045 1.90735e-07
      vertex -23.6357 22.5115 1.90735e-07
      vertex -23.7913 21.7289 1.90735e-07
    endloop
  endfacet
  facet normal 0 0 -1
    outer loop
      vertex -22.0569 25.246 1.90735e-07
      vertex -26.2563 26.2563 1.90735e-07
      vertex -22.6045 29.4588 1.90735e-07
    endloop
  endfacet
  facet normal 0 0 -1
    outer loop
      vertex -29.4588 22.6045 1.90735e-07
      vertex -23.7913 21.7289 1.90735e-07
      vertex -23.8435 20.9327 1.90735e-07
    endloop
  endfacet
  facet normal -0 0 -1
    outer loop
      vertex -23.6357 -19.3539 1.90735e-07
      vertex -29.4588 -22.6045 1.90735e-07
      vertex -32.1573 -18.566 1.90735e-07
    endloop
  endfacet
  facet normal -0 0 -1
    outer loop
      vertex -22.583 -17.2192 1.90735e-07
      vertex -32.1573 -18.566 1.90735e-07
      vertex -34.3055 -14.2098 1.90735e-07
    endloop
  endfacet
  facet normal 0 0 -1
    outer loop
      vertex -23.6357 22.5115 1.90735e-07
      vertex -29.4588 22.6045 1.90735e-07
      vertex -26.2563 26.2563 1.90735e-07
    endloop
  endfacet
  facet normal 0 0 -1
    outer loop
      vertex -21.457 -16.0932 1.90735e-07
      vertex -34.3055 -14.2098 1.90735e-07
      vertex -35.8668 -9.61047 1.90735e-07
    endloop
  endfacet
  facet normal 0 0 -1
    outer loop
      vertex -23.7913 20.1365 1.90735e-07
      vertex -29.4588 22.6045 1.90735e-07
      vertex -23.8435 20.9327 1.90735e-07
    endloop
  endfacet
  facet normal 0 0 -1
    outer loop
      vertex -20.0779 -15.297 1.90735e-07
      vertex -35.8668 -9.61047 1.90735e-07
      vertex -36.8143 -4.8467 1.90735e-07
    endloop
  endfacet
  facet normal 0 0 -1
    outer loop
      vertex -23.6357 19.3539 1.90735e-07
      vertex -29.4588 22.6045 1.90735e-07
      vertex -23.7913 20.1365 1.90735e-07
    endloop
  endfacet
  facet normal 0 0 -1
    outer loop
      vertex -19.3223 -15.0405 1.90735e-07
      vertex -36.8143 -4.8467 1.90735e-07
      vertex -37.132 0 1.90735e-07
    endloop
  endfacet
  facet normal 0 -0 -1
    outer loop
      vertex -29.4588 22.6045 1.90735e-07
      vertex -23.6357 19.3539 1.90735e-07
      vertex -32.1573 18.566 1.90735e-07
    endloop
  endfacet
  facet normal 0 0 -1
    outer loop
      vertex -22.583 17.2192 1.90735e-07
      vertex -32.1573 18.566 1.90735e-07
      vertex -23.0263 17.8827 1.90735e-07
    endloop
  endfacet
  facet normal -0 0 -1
    outer loop
      vertex -23.3792 18.5983 1.90735e-07
      vertex -32.1573 18.566 1.90735e-07
      vertex -23.6357 19.3539 1.90735e-07
    endloop
  endfacet
  facet normal 0 0 -1
    outer loop
      vertex -23.0263 17.8827 1.90735e-07
      vertex -32.1573 18.566 1.90735e-07
      vertex -23.3792 18.5983 1.90735e-07
    endloop
  endfacet
  facet normal 0 0 -1
    outer loop
      vertex 33.1 -4.9 1.90735e-07
      vertex 37.132 0 1.90735e-07
      vertex 36.8143 -4.8467 1.90735e-07
    endloop
  endfacet
  facet normal 0 0 -1
    outer loop
      vertex 32.8921 -6.4788 1.90735e-07
      vertex 36.8143 -4.8467 1.90735e-07
      vertex 35.8668 -9.61047 1.90735e-07
    endloop
  endfacet
  facet normal 0 0 -1
    outer loop
      vertex 33.1 4.9 1.90735e-07
      vertex 37.132 0 1.90735e-07
      vertex 33.1 -4.9 1.90735e-07
    endloop
  endfacet
  facet normal 0 0 -1
    outer loop
      vertex 31.3134 -9.21335 1.90735e-07
      vertex 35.8668 -9.61047 1.90735e-07
      vertex 34.3055 -14.2098 1.90735e-07
    endloop
  endfacet
  facet normal 0 0 -1
    outer loop
      vertex 37.132 0 1.90735e-07
      vertex 33.1 4.9 1.90735e-07
      vertex 36.8143 4.8467 1.90735e-07
    endloop
  endfacet
  facet normal 0 0 -1
    outer loop
      vertex 33.0478 5.69621 1.90735e-07
      vertex 36.8143 4.8467 1.90735e-07
      vertex 33.1 4.9 1.90735e-07
    endloop
  endfacet
  facet normal 0 0 -1
    outer loop
      vertex 36.8143 -4.8467 1.90735e-07
      vertex 33.0478 -5.69621 1.90735e-07
      vertex 33.1 -4.9 1.90735e-07
    endloop
  endfacet
  facet normal 0 0 -1
    outer loop
      vertex 36.8143 -4.8467 1.90735e-07
      vertex 32.8921 -6.4788 1.90735e-07
      vertex 33.0478 -5.69621 1.90735e-07
    endloop
  endfacet
  facet normal 0 0 -1
    outer loop
      vertex 35.8668 -9.61047 1.90735e-07
      vertex 32.6357 -7.23437 1.90735e-07
      vertex 32.8921 -6.4788 1.90735e-07
    endloop
  endfacet
  facet normal 0 0 -1
    outer loop
      vertex 35.8668 -9.61047 1.90735e-07
      vertex 32.2828 -7.95 1.90735e-07
      vertex 32.6357 -7.23437 1.90735e-07
    endloop
  endfacet
  facet normal 0 0 -1
    outer loop
      vertex 28.5788 -10.7921 1.90735e-07
      vertex 34.3055 -14.2098 1.90735e-07
      vertex 32.1573 -18.566 1.90735e-07
    endloop
  endfacet
  facet normal 0 0 -1
    outer loop
      vertex 35.8668 -9.61047 1.90735e-07
      vertex 31.8395 -8.61344 1.90735e-07
      vertex 32.2828 -7.95 1.90735e-07
    endloop
  endfacet
  facet normal 0 0 -1
    outer loop
      vertex 35.8668 -9.61047 1.90735e-07
      vertex 31.3134 -9.21335 1.90735e-07
      vertex 31.8395 -8.61344 1.90735e-07
    endloop
  endfacet
  facet normal 0 0 -1
    outer loop
      vertex 34.3055 -14.2098 1.90735e-07
      vertex 30.7134 -9.73946 1.90735e-07
      vertex 31.3134 -9.21335 1.90735e-07
    endloop
  endfacet
  facet normal 0 0 -1
    outer loop
      vertex 34.3055 -14.2098 1.90735e-07
      vertex 30.05 -10.1828 1.90735e-07
      vertex 30.7134 -9.73946 1.90735e-07
    endloop
  endfacet
  facet normal 0 0 -1
    outer loop
      vertex 26.2038 -10.9478 1.90735e-07
      vertex 32.1573 -18.566 1.90735e-07
      vertex 29.4588 -22.6045 1.90735e-07
    endloop
  endfacet
  facet normal 0 0 -1
    outer loop
      vertex 34.3055 -14.2098 1.90735e-07
      vertex 29.3344 -10.5357 1.90735e-07
      vertex 30.05 -10.1828 1.90735e-07
    endloop
  endfacet
  facet normal 0 0 -1
    outer loop
      vertex 34.3055 -14.2098 1.90735e-07
      vertex 28.5788 -10.7921 1.90735e-07
      vertex 29.3344 -10.5357 1.90735e-07
    endloop
  endfacet
  facet normal 0 0 -1
    outer loop
      vertex 32.1573 -18.566 1.90735e-07
      vertex 27.7962 -10.9478 1.90735e-07
      vertex 28.5788 -10.7921 1.90735e-07
    endloop
  endfacet
  facet normal 0 0 -1
    outer loop
      vertex 32.1573 -18.566 1.90735e-07
      vertex 27 -11 1.90735e-07
      vertex 27.7962 -10.9478 1.90735e-07
    endloop
  endfacet
  facet normal 0 0 -1
    outer loop
      vertex 24.6656 -10.5357 1.90735e-07
      vertex 29.4588 -22.6045 1.90735e-07
      vertex 26.2563 -26.2563 1.90735e-07
    endloop
  endfacet
  facet normal 0 0 -1
    outer loop
      vertex 32.1573 -18.566 1.90735e-07
      vertex 26.2038 -10.9478 1.90735e-07
      vertex 27 -11 1.90735e-07
    endloop
  endfacet
  facet normal 0 0 -1
    outer loop
      vertex 29.4588 -22.6045 1.90735e-07
      vertex 25.4212 -10.7921 1.90735e-07
      vertex 26.2038 -10.9478 1.90735e-07
    endloop
  endfacet
  facet normal 0 0 -1
    outer loop
      vertex 29.4588 -22.6045 1.90735e-07
      vertex 24.6656 -10.5357 1.90735e-07
      vertex 25.4212 -10.7921 1.90735e-07
    endloop
  endfacet
  facet normal 0 0 -1
    outer loop
      vertex 26.2563 -26.2563 1.90735e-07
      vertex 23.95 -10.1828 1.90735e-07
      vertex 24.6656 -10.5357 1.90735e-07
    endloop
  endfacet
  facet normal 0 0 -1
    outer loop
      vertex 26.2563 -26.2563 1.90735e-07
      vertex 23.2866 -9.73946 1.90735e-07
      vertex 23.95 -10.1828 1.90735e-07
    endloop
  endfacet
  facet normal 0 0 -1
    outer loop
      vertex 22.6045 -29.4588 1.90735e-07
      vertex 23.2866 -9.73946 1.90735e-07
      vertex 26.2563 -26.2563 1.90735e-07
    endloop
  endfacet
  facet normal -0 0 -1
    outer loop
      vertex 23.2866 -9.73946 1.90735e-07
      vertex 22.6045 -29.4588 1.90735e-07
      vertex 22.6866 -9.21335 1.90735e-07
    endloop
  endfacet
  facet normal 0 0 -1
    outer loop
      vertex 18.566 -32.1573 1.90735e-07
      vertex 22.6866 -9.21335 1.90735e-07
      vertex 22.6045 -29.4588 1.90735e-07
    endloop
  endfacet
  facet normal -0 0 -1
    outer loop
      vertex 22.6866 -9.21335 1.90735e-07
      vertex 18.566 -32.1573 1.90735e-07
      vertex 22.1605 -8.61344 1.90735e-07
    endloop
  endfacet
  facet normal 0 0 -1
    outer loop
      vertex -3.36433 -24.2539 1.90735e-07
      vertex 14.2098 -34.3055 1.90735e-07
      vertex -3.20866 -25.0365 1.90735e-07
    endloop
  endfacet
  facet normal 0 0 -1
    outer loop
      vertex 14.2098 -34.3055 1.90735e-07
      vertex -3.36433 -24.2539 1.90735e-07
      vertex 18.566 -32.1573 1.90735e-07
    endloop
  endfacet
  facet normal 0 0 -1
    outer loop
      vertex 18.566 -32.1573 1.90735e-07
      vertex -3.36433 -24.2539 1.90735e-07
      vertex 22.1605 -8.61344 1.90735e-07
    endloop
  endfacet
  facet normal 0 -0 -1
    outer loop
      vertex 1.64999 -2.07011 1.90735e-07
      vertex 21.3643 -7.23437 1.90735e-07
      vertex 1.6132 -2.10237 1.90735e-07
    endloop
  endfacet
  facet normal 0 -0 -1
    outer loop
      vertex 1.6132 -2.10237 1.90735e-07
      vertex 21.3643 -7.23437 1.90735e-07
      vertex 1.325 -2.29495 1.90735e-07
    endloop
  endfacet
  facet normal 0 0 -1
    outer loop
      vertex 21.7172 -7.95 1.90735e-07
      vertex 1.325 -2.29495 1.90735e-07
      vertex 21.3643 -7.23437 1.90735e-07
    endloop
  endfacet
  facet normal 0 0 -1
    outer loop
      vertex 32.8921 6.4788 1.90735e-07
      vertex 36.8143 4.8467 1.90735e-07
      vertex 33.0478 5.69621 1.90735e-07
    endloop
  endfacet
  facet normal 0 0 -1
    outer loop
      vertex 36.8143 4.8467 1.90735e-07
      vertex 32.8921 6.4788 1.90735e-07
      vertex 35.8668 9.61047 1.90735e-07
    endloop
  endfacet
  facet normal 0 0 -1
    outer loop
      vertex 32.6357 7.23437 1.90735e-07
      vertex 35.8668 9.61047 1.90735e-07
      vertex 32.8921 6.4788 1.90735e-07
    endloop
  endfacet
  facet normal 0 0 -1
    outer loop
      vertex 32.2828 7.95 1.90735e-07
      vertex 35.8668 9.61047 1.90735e-07
      vertex 32.6357 7.23437 1.90735e-07
    endloop
  endfacet
  facet normal 0 0 -1
    outer loop
      vertex 31.8395 8.61344 1.90735e-07
      vertex 35.8668 9.61047 1.90735e-07
      vertex 32.2828 7.95 1.90735e-07
    endloop
  endfacet
  facet normal 0 0 -1
    outer loop
      vertex 31.3134 9.21335 1.90735e-07
      vertex 35.8668 9.61047 1.90735e-07
      vertex 31.8395 8.61344 1.90735e-07
    endloop
  endfacet
  facet normal -0 0 -1
    outer loop
      vertex 35.8668 9.61047 1.90735e-07
      vertex 31.3134 9.21335 1.90735e-07
      vertex 34.3055 14.2098 1.90735e-07
    endloop
  endfacet
  facet normal 0 0 -1
    outer loop
      vertex 30.7134 9.73946 1.90735e-07
      vertex 34.3055 14.2098 1.90735e-07
      vertex 31.3134 9.21335 1.90735e-07
    endloop
  endfacet
  facet normal 0 0 -1
    outer loop
      vertex 30.05 10.1828 1.90735e-07
      vertex 34.3055 14.2098 1.90735e-07
      vertex 30.7134 9.73946 1.90735e-07
    endloop
  endfacet
  facet normal 0 0 -1
    outer loop
      vertex 29.3344 10.5357 1.90735e-07
      vertex 34.3055 14.2098 1.90735e-07
      vertex 30.05 10.1828 1.90735e-07
    endloop
  endfacet
  facet normal 0 0 -1
    outer loop
      vertex 28.5788 10.7921 1.90735e-07
      vertex 34.3055 14.2098 1.90735e-07
      vertex 29.3344 10.5357 1.90735e-07
    endloop
  endfacet
  facet normal -0 0 -1
    outer loop
      vertex 34.3055 14.2098 1.90735e-07
      vertex 28.5788 10.7921 1.90735e-07
      vertex 32.1573 18.566 1.90735e-07
    endloop
  endfacet
  facet normal 0 0 -1
    outer loop
      vertex 27.7962 10.9478 1.90735e-07
      vertex 32.1573 18.566 1.90735e-07
      vertex 28.5788 10.7921 1.90735e-07
    endloop
  endfacet
  facet normal 0 0 -1
    outer loop
      vertex 27 11 1.90735e-07
      vertex 32.1573 18.566 1.90735e-07
      vertex 27.7962 10.9478 1.90735e-07
    endloop
  endfacet
  facet normal 0 0 -1
    outer loop
      vertex 26.2038 10.9478 1.90735e-07
      vertex 32.1573 18.566 1.90735e-07
      vertex 27 11 1.90735e-07
    endloop
  endfacet
  facet normal -0 0 -1
    outer loop
      vertex 32.1573 18.566 1.90735e-07
      vertex 26.2038 10.9478 1.90735e-07
      vertex 29.4588 22.6045 1.90735e-07
    endloop
  endfacet
  facet normal 0 0 -1
    outer loop
      vertex 25.4212 10.7921 1.90735e-07
      vertex 29.4588 22.6045 1.90735e-07
      vertex 26.2038 10.9478 1.90735e-07
    endloop
  endfacet
  facet normal 0 0 -1
    outer loop
      vertex 24.6656 10.5357 1.90735e-07
      vertex 29.4588 22.6045 1.90735e-07
      vertex 25.4212 10.7921 1.90735e-07
    endloop
  endfacet
  facet normal -0 0 -1
    outer loop
      vertex 29.4588 22.6045 1.90735e-07
      vertex 24.6656 10.5357 1.90735e-07
      vertex 26.2563 26.2563 1.90735e-07
    endloop
  endfacet
  facet normal 0 0 -1
    outer loop
      vertex 23.95 10.1828 1.90735e-07
      vertex 26.2563 26.2563 1.90735e-07
      vertex 24.6656 10.5357 1.90735e-07
    endloop
  endfacet
  facet normal 0 0 -1
    outer loop
      vertex 23.2866 9.73946 1.90735e-07
      vertex 26.2563 26.2563 1.90735e-07
      vertex 23.95 10.1828 1.90735e-07
    endloop
  endfacet
  facet normal 0 0 -1
    outer loop
      vertex 22.6045 29.4588 1.90735e-07
      vertex 23.2866 9.73946 1.90735e-07
      vertex 22.6866 9.21335 1.90735e-07
    endloop
  endfacet
  facet normal 0 0 -1
    outer loop
      vertex 23.2866 9.73946 1.90735e-07
      vertex 22.6045 29.4588 1.90735e-07
      vertex 26.2563 26.2563 1.90735e-07
    endloop
  endfacet
  facet normal 0 0 -1
    outer loop
      vertex 18.566 32.1573 1.90735e-07
      vertex 22.6866 9.21335 1.90735e-07
      vertex 22.1605 8.61344 1.90735e-07
    endloop
  endfacet
  facet normal -0 0 -1
    outer loop
      vertex 21.3643 7.23437 1.90735e-07
      vertex 1.6132 2.10237 1.90735e-07
      vertex 21.7172 7.95 1.90735e-07
    endloop
  endfacet
  facet normal -0 0 -1
    outer loop
      vertex 21.1079 6.4788 1.90735e-07
      vertex 1.64999 2.07011 1.90735e-07
      vertex 21.3643 7.23437 1.90735e-07
    endloop
  endfacet
  facet normal -0 0 -1
    outer loop
      vertex 20.9522 5.69621 1.90735e-07
      vertex 1.64999 2.07011 1.90735e-07
      vertex 21.1079 6.4788 1.90735e-07
    endloop
  endfacet
  facet normal -0 0 -1
    outer loop
      vertex 20.9 4.9 1.90735e-07
      vertex 1.64999 2.07011 1.90735e-07
      vertex 20.9522 5.69621 1.90735e-07
    endloop
  endfacet
  facet normal 0 0 -1
    outer loop
      vertex 22.6866 9.21335 1.90735e-07
      vertex 18.566 32.1573 1.90735e-07
      vertex 22.6045 29.4588 1.90735e-07
    endloop
  endfacet
  facet normal 0 0 -1
    outer loop
      vertex 1.64999 2.07011 1.90735e-07
      vertex 20.9 4.9 1.90735e-07
      vertex 1.64999 -2.07011 1.90735e-07
    endloop
  endfacet
  facet normal 0 0 -1
    outer loop
      vertex 20.9 -4.9 1.90735e-07
      vertex 1.64999 -2.07011 1.90735e-07
      vertex 20.9 4.9 1.90735e-07
    endloop
  endfacet
  facet normal 0 0 -1
    outer loop
      vertex 9.61047 -35.8668 1.90735e-07
      vertex -3.20866 -25.0365 1.90735e-07
      vertex 14.2098 -34.3055 1.90735e-07
    endloop
  endfacet
  facet normal 0 0 -1
    outer loop
      vertex 1.6132 2.10237 1.90735e-07
      vertex 21.3643 7.23437 1.90735e-07
      vertex 1.64999 2.07011 1.90735e-07
    endloop
  endfacet
  facet normal 0 0 -1
    outer loop
      vertex -3.20866 -25.0365 1.90735e-07
      vertex 9.61047 -35.8668 1.90735e-07
      vertex -3.15648 -25.8327 1.90735e-07
    endloop
  endfacet
  facet normal 0 0 -1
    outer loop
      vertex -3.15648 25.8327 1.90735e-07
      vertex 18.566 32.1573 1.90735e-07
      vertex 22.1605 8.61344 1.90735e-07
    endloop
  endfacet
  facet normal 0 0 -1
    outer loop
      vertex -3.20866 -26.6289 1.90735e-07
      vertex 9.61047 -35.8668 1.90735e-07
      vertex 4.8467 -36.8143 1.90735e-07
    endloop
  endfacet
  facet normal 0 0 -1
    outer loop
      vertex -3.15648 25.8327 1.90735e-07
      vertex 21.7172 7.95 1.90735e-07
      vertex 1.6132 2.10237 1.90735e-07
    endloop
  endfacet
  facet normal 0 0 -1
    outer loop
      vertex 21.7172 7.95 1.90735e-07
      vertex -3.15648 25.8327 1.90735e-07
      vertex 22.1605 8.61344 1.90735e-07
    endloop
  endfacet
  facet normal 0 0 -1
    outer loop
      vertex 21.3643 -7.23437 1.90735e-07
      vertex 1.64999 -2.07011 1.90735e-07
      vertex 21.1079 -6.4788 1.90735e-07
    endloop
  endfacet
  facet normal 0 0 -1
    outer loop
      vertex 20.9522 -5.69621 1.90735e-07
      vertex 1.64999 -2.07011 1.90735e-07
      vertex 20.9 -4.9 1.90735e-07
    endloop
  endfacet
  facet normal 0 0 -1
    outer loop
      vertex 21.1079 -6.4788 1.90735e-07
      vertex 1.64999 -2.07011 1.90735e-07
      vertex 20.9522 -5.69621 1.90735e-07
    endloop
  endfacet
  facet normal 0 0 -1
    outer loop
      vertex -3.62081 -23.4983 1.90735e-07
      vertex 22.1605 -8.61344 1.90735e-07
      vertex -3.36433 -24.2539 1.90735e-07
    endloop
  endfacet
  facet normal -0 0 -1
    outer loop
      vertex 22.1605 -8.61344 1.90735e-07
      vertex -3.62081 -23.4983 1.90735e-07
      vertex 21.7172 -7.95 1.90735e-07
    endloop
  endfacet
  facet normal 0 0 -1
    outer loop
      vertex -3.62081 -28.1671 1.90735e-07
      vertex 4.8467 -36.8143 1.90735e-07
      vertex 0 -37.132 1.90735e-07
    endloop
  endfacet
  facet normal 0 0 -1
    outer loop
      vertex -3.97372 -22.7827 1.90735e-07
      vertex 21.7172 -7.95 1.90735e-07
      vertex -3.62081 -23.4983 1.90735e-07
    endloop
  endfacet
  facet normal -0 0 -1
    outer loop
      vertex 21.7172 -7.95 1.90735e-07
      vertex -3.97372 -22.7827 1.90735e-07
      vertex 1.325 -2.29495 1.90735e-07
    endloop
  endfacet
  facet normal 0 0 -1
    outer loop
      vertex 1.325 -2.29495 1.90735e-07
      vertex -3.97372 -22.7827 1.90735e-07
      vertex 1.0141 -2.44827 1.90735e-07
    endloop
  endfacet
  facet normal 0 0 -1
    outer loop
      vertex -4.41702 -22.1192 1.90735e-07
      vertex 1.0141 -2.44827 1.90735e-07
      vertex -3.97372 -22.7827 1.90735e-07
    endloop
  endfacet
  facet normal 0 0 -1
    outer loop
      vertex 1.0141 -2.44827 1.90735e-07
      vertex -4.41702 -22.1192 1.90735e-07
      vertex 0.685867 -2.55969 1.90735e-07
    endloop
  endfacet
  facet normal 0 0 -1
    outer loop
      vertex -4.94312 -21.5193 1.90735e-07
      vertex 0.685867 -2.55969 1.90735e-07
      vertex -4.41702 -22.1192 1.90735e-07
    endloop
  endfacet
  facet normal 0 0 -1
    outer loop
      vertex 0.685867 -2.55969 1.90735e-07
      vertex -4.94312 -21.5193 1.90735e-07
      vertex 0.345886 -2.62732 1.90735e-07
    endloop
  endfacet
  facet normal 0 0 -1
    outer loop
      vertex 0.345886 -2.62732 1.90735e-07
      vertex -5.54303 -20.9932 1.90735e-07
      vertex 0 -2.64999 1.90735e-07
    endloop
  endfacet
  facet normal 0 0 -1
    outer loop
      vertex -5.54303 -20.9932 1.90735e-07
      vertex 0.345886 -2.62732 1.90735e-07
      vertex -4.94312 -21.5193 1.90735e-07
    endloop
  endfacet
  facet normal 0 0 -1
    outer loop
      vertex 9.61047 -35.8668 1.90735e-07
      vertex -3.20866 -26.6289 1.90735e-07
      vertex -3.15648 -25.8327 1.90735e-07
    endloop
  endfacet
  facet normal 0 0 -1
    outer loop
      vertex 4.8467 -36.8143 1.90735e-07
      vertex -3.36433 -27.4115 1.90735e-07
      vertex -3.20866 -26.6289 1.90735e-07
    endloop
  endfacet
  facet normal 0 0 -1
    outer loop
      vertex 4.8467 -36.8143 1.90735e-07
      vertex -3.62081 -28.1671 1.90735e-07
      vertex -3.36433 -27.4115 1.90735e-07
    endloop
  endfacet
  facet normal 0 0 -1
    outer loop
      vertex 0 -37.132 1.90735e-07
      vertex -3.97372 -28.8827 1.90735e-07
      vertex -3.62081 -28.1671 1.90735e-07
    endloop
  endfacet
  facet normal 0 0 -1
    outer loop
      vertex 0 -37.132 1.90735e-07
      vertex -4.41702 -29.5461 1.90735e-07
      vertex -3.97372 -28.8827 1.90735e-07
    endloop
  endfacet
  facet normal 0 0 -1
    outer loop
      vertex -4.94312 -30.146 1.90735e-07
      vertex 0 -37.132 1.90735e-07
      vertex -4.8467 -36.8143 1.90735e-07
    endloop
  endfacet
  facet normal 0 0 -1
    outer loop
      vertex 0 -37.132 1.90735e-07
      vertex -4.94312 -30.146 1.90735e-07
      vertex -4.41702 -29.5461 1.90735e-07
    endloop
  endfacet
  facet normal 0 0 -1
    outer loop
      vertex -4.8467 -36.8143 1.90735e-07
      vertex -5.54303 -30.6721 1.90735e-07
      vertex -4.94312 -30.146 1.90735e-07
    endloop
  endfacet
  facet normal 0 0 -1
    outer loop
      vertex -4.8467 -36.8143 1.90735e-07
      vertex -6.20648 -31.1154 1.90735e-07
      vertex -5.54303 -30.6721 1.90735e-07
    endloop
  endfacet
  facet normal 0 0 -1
    outer loop
      vertex -4.8467 -36.8143 1.90735e-07
      vertex -6.92211 -31.4683 1.90735e-07
      vertex -6.20648 -31.1154 1.90735e-07
    endloop
  endfacet
  facet normal 0 0 -1
    outer loop
      vertex -4.8467 -36.8143 1.90735e-07
      vertex -7.67768 -31.7248 1.90735e-07
      vertex -6.92211 -31.4683 1.90735e-07
    endloop
  endfacet
  facet normal 0 0 -1
    outer loop
      vertex -9.61047 -35.8668 1.90735e-07
      vertex -7.67768 -31.7248 1.90735e-07
      vertex -4.8467 -36.8143 1.90735e-07
    endloop
  endfacet
  facet normal 0 0 -1
    outer loop
      vertex -7.67768 -31.7248 1.90735e-07
      vertex -9.61047 -35.8668 1.90735e-07
      vertex -8.46027 -31.8805 1.90735e-07
    endloop
  endfacet
  facet normal 0 0 -1
    outer loop
      vertex -8.46027 -31.8805 1.90735e-07
      vertex -9.61047 -35.8668 1.90735e-07
      vertex -9.25648 -31.9327 1.90735e-07
    endloop
  endfacet
  facet normal 0 0 -1
    outer loop
      vertex -9.61047 -35.8668 1.90735e-07
      vertex -10.0527 -31.8805 1.90735e-07
      vertex -9.25648 -31.9327 1.90735e-07
    endloop
  endfacet
  facet normal 0 0 -1
    outer loop
      vertex -9.61047 -35.8668 1.90735e-07
      vertex -10.8353 -31.7248 1.90735e-07
      vertex -10.0527 -31.8805 1.90735e-07
    endloop
  endfacet
  facet normal 0 0 -1
    outer loop
      vertex -14.2098 -34.3055 1.90735e-07
      vertex -10.8353 -31.7248 1.90735e-07
      vertex -9.61047 -35.8668 1.90735e-07
    endloop
  endfacet
  facet normal -0 0 -1
    outer loop
      vertex -10.8353 -31.7248 1.90735e-07
      vertex -14.2098 -34.3055 1.90735e-07
      vertex -11.5908 -31.4683 1.90735e-07
    endloop
  endfacet
  facet normal -0 0 -1
    outer loop
      vertex -11.5908 -31.4683 1.90735e-07
      vertex -14.2098 -34.3055 1.90735e-07
      vertex -12.3065 -31.1154 1.90735e-07
    endloop
  endfacet
  facet normal 0 0 -1
    outer loop
      vertex -18.566 -32.1573 1.90735e-07
      vertex -12.3065 -31.1154 1.90735e-07
      vertex -14.2098 -34.3055 1.90735e-07
    endloop
  endfacet
  facet normal 0 0 -1
    outer loop
      vertex -18.566 -32.1573 1.90735e-07
      vertex -20.7935 -26.2154 1.90735e-07
      vertex -12.3065 -31.1154 1.90735e-07
    endloop
  endfacet
  facet normal 0 0 -1
    outer loop
      vertex -22.6045 -29.4588 1.90735e-07
      vertex -20.7935 -26.2154 1.90735e-07
      vertex -18.566 -32.1573 1.90735e-07
    endloop
  endfacet
  facet normal -0 0 -1
    outer loop
      vertex -20.7935 -26.2154 1.90735e-07
      vertex -22.6045 -29.4588 1.90735e-07
      vertex -21.457 -25.7721 1.90735e-07
    endloop
  endfacet
  facet normal -0 0 -1
    outer loop
      vertex -21.457 -25.7721 1.90735e-07
      vertex -22.6045 -29.4588 1.90735e-07
      vertex -22.0569 -25.246 1.90735e-07
    endloop
  endfacet
  facet normal 0 0 -1
    outer loop
      vertex -26.2563 -26.2563 1.90735e-07
      vertex -22.0569 -25.246 1.90735e-07
      vertex -22.6045 -29.4588 1.90735e-07
    endloop
  endfacet
  facet normal -0 0 -1
    outer loop
      vertex -22.0569 -25.246 1.90735e-07
      vertex -26.2563 -26.2563 1.90735e-07
      vertex -22.583 -24.6461 1.90735e-07
    endloop
  endfacet
  facet normal -0 0 -1
    outer loop
      vertex -22.583 -24.6461 1.90735e-07
      vertex -26.2563 -26.2563 1.90735e-07
      vertex -23.0263 -23.9827 1.90735e-07
    endloop
  endfacet
  facet normal -0 0 -1
    outer loop
      vertex -23.0263 -23.9827 1.90735e-07
      vertex -26.2563 -26.2563 1.90735e-07
      vertex -23.3792 -23.2671 1.90735e-07
    endloop
  endfacet
  facet normal -0 0 -1
    outer loop
      vertex -23.3792 -23.2671 1.90735e-07
      vertex -26.2563 -26.2563 1.90735e-07
      vertex -23.6357 -22.5115 1.90735e-07
    endloop
  endfacet
  facet normal -0 0 -1
    outer loop
      vertex -23.7913 -21.7289 1.90735e-07
      vertex -29.4588 -22.6045 1.90735e-07
      vertex -23.8435 -20.9327 1.90735e-07
    endloop
  endfacet
  facet normal -0 0 -1
    outer loop
      vertex -23.6357 -22.5115 1.90735e-07
      vertex -29.4588 -22.6045 1.90735e-07
      vertex -23.7913 -21.7289 1.90735e-07
    endloop
  endfacet
  facet normal 0 0 -1
    outer loop
      vertex -29.4588 -22.6045 1.90735e-07
      vertex -23.6357 -22.5115 1.90735e-07
      vertex -26.2563 -26.2563 1.90735e-07
    endloop
  endfacet
  facet normal -0.555579 -0.831464 0
    outer loop
      vertex -22.6045 -29.4588 1.90735e-07
      vertex -18.566 -32.1573 6.7
      vertex -22.6045 -29.4588 6.7
    endloop
  endfacet
  facet normal -0.555579 -0.831464 -0
    outer loop
      vertex -18.566 -32.1573 6.7
      vertex -22.6045 -29.4588 1.90735e-07
      vertex -18.566 -32.1573 1.90735e-07
    endloop
  endfacet
  facet normal -0.321446 -0.946928 0
    outer loop
      vertex -14.2098 -34.3055 1.90735e-07
      vertex -9.61047 -35.8668 6.7
      vertex -14.2098 -34.3055 6.7
    endloop
  endfacet
  facet normal -0.321446 -0.946928 -0
    outer loop
      vertex -9.61047 -35.8668 6.7
      vertex -14.2098 -34.3055 1.90735e-07
      vertex -9.61047 -35.8668 1.90735e-07
    endloop
  endfacet
  facet normal 0 0 1
    outer loop
      vertex 9.61047 -35.8668 6.7
      vertex -4.2001 -25.167 6.7
      vertex -4.15646 -25.8327 6.7
    endloop
  endfacet
  facet normal 0 0 1
    outer loop
      vertex -15.7918 -16.2209 6.7
      vertex -3.96677 -3.04381 6.7
      vertex -4.33013 -2.5 6.7
    endloop
  endfacet
  facet normal 0 0 1
    outer loop
      vertex -3.53553 -3.53553 6.7
      vertex -4.33025 -24.5127 6.7
      vertex -4.2001 -25.167 6.7
    endloop
  endfacet
  facet normal 0 0 1
    outer loop
      vertex -3.53553 -3.53553 6.7
      vertex -4.54468 -23.881 6.7
      vertex -4.33025 -24.5127 6.7
    endloop
  endfacet
  facet normal 0 0 1
    outer loop
      vertex -16.4235 -16.0065 6.7
      vertex -4.33013 -2.5 6.7
      vertex -4.6194 -1.91342 6.7
    endloop
  endfacet
  facet normal 0 0 1
    outer loop
      vertex -17.0778 -15.8763 6.7
      vertex -4.6194 -1.91342 6.7
      vertex -4.82963 -1.2941 6.7
    endloop
  endfacet
  facet normal 0 0 1
    outer loop
      vertex -3.53553 -3.53553 6.7
      vertex -4.83974 -23.2827 6.7
      vertex -4.54468 -23.881 6.7
    endloop
  endfacet
  facet normal 0 0 1
    outer loop
      vertex -17.7435 -15.8327 6.7
      vertex -4.82963 -1.2941 6.7
      vertex -4.95722 -0.652631 6.7
    endloop
  endfacet
  facet normal 0 0 1
    outer loop
      vertex -18.4092 -15.8763 6.7
      vertex -4.95722 -0.652631 6.7
      vertex -5 0 6.7
    endloop
  endfacet
  facet normal 0 0 1
    outer loop
      vertex -3.96677 3.04381 6.7
      vertex -15.7918 16.2209 6.7
      vertex -4.33013 2.5 6.7
    endloop
  endfacet
  facet normal 0 0 1
    outer loop
      vertex -3.53553 -3.53553 6.7
      vertex -5.21037 -22.728 6.7
      vertex -4.83974 -23.2827 6.7
    endloop
  endfacet
  facet normal -0 0 1
    outer loop
      vertex -16.4235 16.0065 6.7
      vertex -4.33013 2.5 6.7
      vertex -15.7918 16.2209 6.7
    endloop
  endfacet
  facet normal 0 0 1
    outer loop
      vertex -3.53553 -3.53553 6.7
      vertex -5.65022 -22.2264 6.7
      vertex -5.21037 -22.728 6.7
    endloop
  endfacet
  facet normal 0 0 1
    outer loop
      vertex -4.33013 2.5 6.7
      vertex -16.4235 16.0065 6.7
      vertex -4.6194 1.91342 6.7
    endloop
  endfacet
  facet normal 0 0 1
    outer loop
      vertex -3.53553 -3.53553 6.7
      vertex -6.15178 -21.7866 6.7
      vertex -5.65022 -22.2264 6.7
    endloop
  endfacet
  facet normal -0 0 1
    outer loop
      vertex -17.0778 15.8763 6.7
      vertex -4.6194 1.91342 6.7
      vertex -16.4235 16.0065 6.7
    endloop
  endfacet
  facet normal 0 0 1
    outer loop
      vertex -3.53553 -3.53553 6.7
      vertex -6.70647 -21.416 6.7
      vertex -6.15178 -21.7866 6.7
    endloop
  endfacet
  facet normal 0 0 1
    outer loop
      vertex -4.6194 1.91342 6.7
      vertex -17.0778 15.8763 6.7
      vertex -4.82963 1.2941 6.7
    endloop
  endfacet
  facet normal 0 0 1
    outer loop
      vertex -3.53553 -3.53553 6.7
      vertex -15.1935 -16.5159 6.7
      vertex -6.70647 -21.416 6.7
    endloop
  endfacet
  facet normal -0 0 1
    outer loop
      vertex -17.7435 15.8327 6.7
      vertex -4.82963 1.2941 6.7
      vertex -17.0778 15.8763 6.7
    endloop
  endfacet
  facet normal 0 0 1
    outer loop
      vertex -3.96677 -3.04381 6.7
      vertex -15.7918 -16.2209 6.7
      vertex -15.1935 -16.5159 6.7
    endloop
  endfacet
  facet normal 0 0 1
    outer loop
      vertex -4.82963 1.2941 6.7
      vertex -17.7435 15.8327 6.7
      vertex -4.95722 0.652631 6.7
    endloop
  endfacet
  facet normal 0 0 1
    outer loop
      vertex -4.33013 -2.5 6.7
      vertex -16.4235 -16.0065 6.7
      vertex -15.7918 -16.2209 6.7
    endloop
  endfacet
  facet normal 0 0 1
    outer loop
      vertex -18.4092 15.8763 6.7
      vertex -4.95722 0.652631 6.7
      vertex -17.7435 15.8327 6.7
    endloop
  endfacet
  facet normal 0 0 1
    outer loop
      vertex -4.6194 -1.91342 6.7
      vertex -17.0778 -15.8763 6.7
      vertex -16.4235 -16.0065 6.7
    endloop
  endfacet
  facet normal 0 0 1
    outer loop
      vertex -4.95722 0.652631 6.7
      vertex -18.4092 15.8763 6.7
      vertex -5 0 6.7
    endloop
  endfacet
  facet normal 0 0 1
    outer loop
      vertex -4.82963 -1.2941 6.7
      vertex -17.7435 -15.8327 6.7
      vertex -17.0778 -15.8763 6.7
    endloop
  endfacet
  facet normal 0 0 1
    outer loop
      vertex -18.4092 -15.8763 6.7
      vertex -5 0 6.7
      vertex -18.4092 15.8763 6.7
    endloop
  endfacet
  facet normal 0 0 1
    outer loop
      vertex -4.95722 -0.652631 6.7
      vertex -18.4092 -15.8763 6.7
      vertex -17.7435 -15.8327 6.7
    endloop
  endfacet
  facet normal 0 0 1
    outer loop
      vertex -37.132 0 6.7
      vertex -18.4092 15.8763 6.7
      vertex -19.0635 16.0065 6.7
    endloop
  endfacet
  facet normal 0 0 1
    outer loop
      vertex -18.4092 15.8763 6.7
      vertex -37.132 0 6.7
      vertex -18.4092 -15.8763 6.7
    endloop
  endfacet
  facet normal 0 0 1
    outer loop
      vertex -36.8143 4.8467 6.7
      vertex -19.0635 16.0065 6.7
      vertex -19.6952 16.2209 6.7
    endloop
  endfacet
  facet normal 0 0 1
    outer loop
      vertex -18.4092 -15.8763 6.7
      vertex -37.132 0 6.7
      vertex -19.0635 -16.0065 6.7
    endloop
  endfacet
  facet normal 0 0 1
    outer loop
      vertex -35.8668 9.61047 6.7
      vertex -19.6952 16.2209 6.7
      vertex -20.2935 16.5159 6.7
    endloop
  endfacet
  facet normal -0 -0 1
    outer loop
      vertex -36.8143 -4.8467 6.7
      vertex -19.0635 -16.0065 6.7
      vertex -37.132 0 6.7
    endloop
  endfacet
  facet normal 0 0 1
    outer loop
      vertex -35.8668 9.61047 6.7
      vertex -20.2935 16.5159 6.7
      vertex -20.8482 16.8866 6.7
    endloop
  endfacet
  facet normal 0 0 1
    outer loop
      vertex -19.0635 -16.0065 6.7
      vertex -36.8143 -4.8467 6.7
      vertex -19.6952 -16.2209 6.7
    endloop
  endfacet
  facet normal 0 0 1
    outer loop
      vertex -34.3055 14.2098 6.7
      vertex -20.8482 16.8866 6.7
      vertex -21.3498 17.3264 6.7
    endloop
  endfacet
  facet normal -0 -0 1
    outer loop
      vertex -35.8668 -9.61047 6.7
      vertex -19.6952 -16.2209 6.7
      vertex -36.8143 -4.8467 6.7
    endloop
  endfacet
  facet normal 0 0 1
    outer loop
      vertex -34.3055 14.2098 6.7
      vertex -21.3498 17.3264 6.7
      vertex -21.7896 17.828 6.7
    endloop
  endfacet
  facet normal 0 0 1
    outer loop
      vertex -19.6952 -16.2209 6.7
      vertex -35.8668 -9.61047 6.7
      vertex -20.2935 -16.5159 6.7
    endloop
  endfacet
  facet normal 0 0 1
    outer loop
      vertex -32.1573 18.566 6.7
      vertex -21.7896 17.828 6.7
      vertex -22.1602 18.3827 6.7
    endloop
  endfacet
  facet normal 0 0 1
    outer loop
      vertex -20.2935 -16.5159 6.7
      vertex -35.8668 -9.61047 6.7
      vertex -20.8482 -16.8866 6.7
    endloop
  endfacet
  facet normal -0 0 1
    outer loop
      vertex -32.1573 18.566 6.7
      vertex -22.1602 18.3827 6.7
      vertex -22.4553 18.981 6.7
    endloop
  endfacet
  facet normal -0 -0 1
    outer loop
      vertex -34.3055 -14.2098 6.7
      vertex -20.8482 -16.8866 6.7
      vertex -35.8668 -9.61047 6.7
    endloop
  endfacet
  facet normal 0 0 1
    outer loop
      vertex -32.1573 18.566 6.7
      vertex -22.4553 18.981 6.7
      vertex -22.6697 19.6127 6.7
    endloop
  endfacet
  facet normal 0 0 1
    outer loop
      vertex -20.8482 -16.8866 6.7
      vertex -34.3055 -14.2098 6.7
      vertex -21.3498 -17.3264 6.7
    endloop
  endfacet
  facet normal 0 0 1
    outer loop
      vertex -29.4588 22.6045 6.7
      vertex -22.6697 19.6127 6.7
      vertex -22.7999 20.267 6.7
    endloop
  endfacet
  facet normal 0 0 1
    outer loop
      vertex -21.3498 -17.3264 6.7
      vertex -34.3055 -14.2098 6.7
      vertex -21.7896 -17.828 6.7
    endloop
  endfacet
  facet normal 0 0 1
    outer loop
      vertex -29.4588 22.6045 6.7
      vertex -22.7999 20.267 6.7
      vertex -22.8435 20.9327 6.7
    endloop
  endfacet
  facet normal 0 -0 1
    outer loop
      vertex -32.1573 -18.566 6.7
      vertex -21.7896 -17.828 6.7
      vertex -34.3055 -14.2098 6.7
    endloop
  endfacet
  facet normal 0 0 1
    outer loop
      vertex 22.0738 -6.21997 6.7
      vertex 3.96677 -3.04381 6.7
      vertex 22.2882 -6.85168 6.7
    endloop
  endfacet
  facet normal -0 0 1
    outer loop
      vertex 3.53553 -3.53553 6.7
      vertex 22.2882 -6.85168 6.7
      vertex 3.96677 -3.04381 6.7
    endloop
  endfacet
  facet normal 0 0 1
    outer loop
      vertex 22.2882 -6.85168 6.7
      vertex 3.53553 -3.53553 6.7
      vertex 22.5833 -7.45 6.7
    endloop
  endfacet
  facet normal -0 0 1
    outer loop
      vertex 3.04381 -3.96677 6.7
      vertex 22.5833 -7.45 6.7
      vertex 3.53553 -3.53553 6.7
    endloop
  endfacet
  facet normal 0 0 1
    outer loop
      vertex 22.5833 -7.45 6.7
      vertex 3.04381 -3.96677 6.7
      vertex 22.9539 -8.00467 6.7
    endloop
  endfacet
  facet normal -0 0 1
    outer loop
      vertex 2.5 -4.33013 6.7
      vertex 22.9539 -8.00467 6.7
      vertex 3.04381 -3.96677 6.7
    endloop
  endfacet
  facet normal 0 0 1
    outer loop
      vertex 22.9539 -8.00467 6.7
      vertex 2.5 -4.33013 6.7
      vertex 14.2098 -34.3055 6.7
    endloop
  endfacet
  facet normal -0 0 1
    outer loop
      vertex -4.2001 -25.167 6.7
      vertex 14.2098 -34.3055 6.7
      vertex 2.5 -4.33013 6.7
    endloop
  endfacet
  facet normal 0 0 1
    outer loop
      vertex -4.2001 -25.167 6.7
      vertex 9.61047 -35.8668 6.7
      vertex 14.2098 -34.3055 6.7
    endloop
  endfacet
  facet normal 0 0 1
    outer loop
      vertex -4.2001 -25.167 6.7
      vertex 2.5 -4.33013 6.7
      vertex 1.91342 -4.6194 6.7
    endloop
  endfacet
  facet normal 0 0 1
    outer loop
      vertex -4.2001 -25.167 6.7
      vertex 1.91342 -4.6194 6.7
      vertex 1.2941 -4.82963 6.7
    endloop
  endfacet
  facet normal 0 0 1
    outer loop
      vertex -4.2001 -25.167 6.7
      vertex 1.2941 -4.82963 6.7
      vertex 0.652631 -4.95722 6.7
    endloop
  endfacet
  facet normal 0 0 1
    outer loop
      vertex -4.2001 -25.167 6.7
      vertex 0.652631 -4.95722 6.7
      vertex 0 -5 6.7
    endloop
  endfacet
  facet normal -0 0 1
    outer loop
      vertex -4.2001 -26.4984 6.7
      vertex 9.61047 -35.8668 6.7
      vertex -4.15646 -25.8327 6.7
    endloop
  endfacet
  facet normal 0 0 1
    outer loop
      vertex -4.2001 -25.167 6.7
      vertex 0 -5 6.7
      vertex -0.652631 -4.95722 6.7
    endloop
  endfacet
  facet normal 0 0 1
    outer loop
      vertex -4.2001 -25.167 6.7
      vertex -0.652631 -4.95722 6.7
      vertex -1.2941 -4.82963 6.7
    endloop
  endfacet
  facet normal 0 0 1
    outer loop
      vertex -4.2001 -25.167 6.7
      vertex -1.2941 -4.82963 6.7
      vertex -1.91342 -4.6194 6.7
    endloop
  endfacet
  facet normal 0 0 1
    outer loop
      vertex -4.2001 -25.167 6.7
      vertex -1.91342 -4.6194 6.7
      vertex -2.5 -4.33013 6.7
    endloop
  endfacet
  facet normal 0 0 1
    outer loop
      vertex -4.2001 -25.167 6.7
      vertex -2.5 -4.33013 6.7
      vertex -3.04381 -3.96677 6.7
    endloop
  endfacet
  facet normal 0 0 1
    outer loop
      vertex -4.2001 -25.167 6.7
      vertex -3.04381 -3.96677 6.7
      vertex -3.53553 -3.53553 6.7
    endloop
  endfacet
  facet normal 0 0 1
    outer loop
      vertex -15.1935 -16.5159 6.7
      vertex -3.53553 -3.53553 6.7
      vertex -3.96677 -3.04381 6.7
    endloop
  endfacet
  facet normal 0 0 1
    outer loop
      vertex 9.61047 -35.8668 6.7
      vertex -4.2001 -26.4984 6.7
      vertex 4.8467 -36.8143 6.7
    endloop
  endfacet
  facet normal -0 0 1
    outer loop
      vertex -4.33025 -27.1526 6.7
      vertex 4.8467 -36.8143 6.7
      vertex -4.2001 -26.4984 6.7
    endloop
  endfacet
  facet normal -0 0 1
    outer loop
      vertex -4.54468 -27.7844 6.7
      vertex 4.8467 -36.8143 6.7
      vertex -4.33025 -27.1526 6.7
    endloop
  endfacet
  facet normal 0 0 1
    outer loop
      vertex 4.8467 -36.8143 6.7
      vertex -4.54468 -27.7844 6.7
      vertex 0 -37.132 6.7
    endloop
  endfacet
  facet normal -0 0 1
    outer loop
      vertex -4.83974 -28.3827 6.7
      vertex 0 -37.132 6.7
      vertex -4.54468 -27.7844 6.7
    endloop
  endfacet
  facet normal -0 0 1
    outer loop
      vertex -5.21037 -28.9374 6.7
      vertex 0 -37.132 6.7
      vertex -4.83974 -28.3827 6.7
    endloop
  endfacet
  facet normal -0 0 1
    outer loop
      vertex -5.65022 -29.4389 6.7
      vertex 0 -37.132 6.7
      vertex -5.21037 -28.9374 6.7
    endloop
  endfacet
  facet normal 0 0 1
    outer loop
      vertex 0 -37.132 6.7
      vertex -5.65022 -29.4389 6.7
      vertex -4.8467 -36.8143 6.7
    endloop
  endfacet
  facet normal -0 0 1
    outer loop
      vertex -6.15178 -29.8788 6.7
      vertex -4.8467 -36.8143 6.7
      vertex -5.65022 -29.4389 6.7
    endloop
  endfacet
  facet normal -0 0 1
    outer loop
      vertex -6.70647 -30.2494 6.7
      vertex -4.8467 -36.8143 6.7
      vertex -6.15178 -29.8788 6.7
    endloop
  endfacet
  facet normal -0 0 1
    outer loop
      vertex -7.30478 -30.5445 6.7
      vertex -4.8467 -36.8143 6.7
      vertex -6.70647 -30.2494 6.7
    endloop
  endfacet
  facet normal -0 0 1
    outer loop
      vertex -7.93649 -30.7589 6.7
      vertex -4.8467 -36.8143 6.7
      vertex -7.30478 -30.5445 6.7
    endloop
  endfacet
  facet normal 0 0 1
    outer loop
      vertex -9.61047 -35.8668 6.7
      vertex -7.93649 -30.7589 6.7
      vertex -8.59079 -30.8891 6.7
    endloop
  endfacet
  facet normal 0 0 1
    outer loop
      vertex -9.61047 -35.8668 6.7
      vertex -8.59079 -30.8891 6.7
      vertex -9.25647 -30.9327 6.7
    endloop
  endfacet
  facet normal 0 0 1
    outer loop
      vertex -7.93649 -30.7589 6.7
      vertex -9.61047 -35.8668 6.7
      vertex -4.8467 -36.8143 6.7
    endloop
  endfacet
  facet normal 0 0 1
    outer loop
      vertex -9.92215 -30.8891 6.7
      vertex -9.61047 -35.8668 6.7
      vertex -9.25647 -30.9327 6.7
    endloop
  endfacet
  facet normal 0 0 1
    outer loop
      vertex -10.5764 -30.7589 6.7
      vertex -9.61047 -35.8668 6.7
      vertex -9.92215 -30.8891 6.7
    endloop
  endfacet
  facet normal 0 0 1
    outer loop
      vertex -14.2098 -34.3055 6.7
      vertex -10.5764 -30.7589 6.7
      vertex -11.2082 -30.5445 6.7
    endloop
  endfacet
  facet normal 0 0 1
    outer loop
      vertex -14.2098 -34.3055 6.7
      vertex -11.2082 -30.5445 6.7
      vertex -11.8065 -30.2494 6.7
    endloop
  endfacet
  facet normal 0 0 1
    outer loop
      vertex -10.5764 -30.7589 6.7
      vertex -14.2098 -34.3055 6.7
      vertex -9.61047 -35.8668 6.7
    endloop
  endfacet
  facet normal 0 0 1
    outer loop
      vertex -11.8065 -30.2494 6.7
      vertex -18.566 -32.1573 6.7
      vertex -14.2098 -34.3055 6.7
    endloop
  endfacet
  facet normal 0 0 1
    outer loop
      vertex -20.2935 -25.3494 6.7
      vertex -18.566 -32.1573 6.7
      vertex -11.8065 -30.2494 6.7
    endloop
  endfacet
  facet normal 0 0 1
    outer loop
      vertex -22.6045 -29.4588 6.7
      vertex -20.2935 -25.3494 6.7
      vertex -20.8482 -24.9788 6.7
    endloop
  endfacet
  facet normal 0 0 1
    outer loop
      vertex -22.6045 -29.4588 6.7
      vertex -20.8482 -24.9788 6.7
      vertex -21.3498 -24.5389 6.7
    endloop
  endfacet
  facet normal 0 0 1
    outer loop
      vertex -26.2563 -26.2563 6.7
      vertex -21.3498 -24.5389 6.7
      vertex -21.7896 -24.0374 6.7
    endloop
  endfacet
  facet normal 0 0 1
    outer loop
      vertex -26.2563 -26.2563 6.7
      vertex -21.7896 -24.0374 6.7
      vertex -22.1602 -23.4827 6.7
    endloop
  endfacet
  facet normal 0 0 1
    outer loop
      vertex -26.2563 -26.2563 6.7
      vertex -22.1602 -23.4827 6.7
      vertex -22.4553 -22.8844 6.7
    endloop
  endfacet
  facet normal 0 0 1
    outer loop
      vertex -20.2935 -25.3494 6.7
      vertex -22.6045 -29.4588 6.7
      vertex -18.566 -32.1573 6.7
    endloop
  endfacet
  facet normal 0 0 1
    outer loop
      vertex -26.2563 -26.2563 6.7
      vertex -22.4553 -22.8844 6.7
      vertex -22.6697 -22.2527 6.7
    endloop
  endfacet
  facet normal 0 0 1
    outer loop
      vertex -29.4588 -22.6045 6.7
      vertex -22.6697 -22.2527 6.7
      vertex -22.7999 -21.5984 6.7
    endloop
  endfacet
  facet normal 0 0 1
    outer loop
      vertex -29.4588 -22.6045 6.7
      vertex -22.7999 -21.5984 6.7
      vertex -22.8435 -20.9327 6.7
    endloop
  endfacet
  facet normal 0 0 1
    outer loop
      vertex -22.6697 19.6127 6.7
      vertex -29.4588 22.6045 6.7
      vertex -32.1573 18.566 6.7
    endloop
  endfacet
  facet normal 0 0 1
    outer loop
      vertex -21.3498 -24.5389 6.7
      vertex -26.2563 -26.2563 6.7
      vertex -22.6045 -29.4588 6.7
    endloop
  endfacet
  facet normal 0 0 1
    outer loop
      vertex -21.7896 17.828 6.7
      vertex -32.1573 18.566 6.7
      vertex -34.3055 14.2098 6.7
    endloop
  endfacet
  facet normal 0 0 1
    outer loop
      vertex -22.6697 -22.2527 6.7
      vertex -29.4588 -22.6045 6.7
      vertex -26.2563 -26.2563 6.7
    endloop
  endfacet
  facet normal 0 0 1
    outer loop
      vertex -20.8482 16.8866 6.7
      vertex -34.3055 14.2098 6.7
      vertex -35.8668 9.61047 6.7
    endloop
  endfacet
  facet normal 0 0 1
    outer loop
      vertex -22.7999 -20.267 6.7
      vertex -29.4588 -22.6045 6.7
      vertex -22.8435 -20.9327 6.7
    endloop
  endfacet
  facet normal 0 0 1
    outer loop
      vertex -19.6952 16.2209 6.7
      vertex -35.8668 9.61047 6.7
      vertex -36.8143 4.8467 6.7
    endloop
  endfacet
  facet normal 0 0 1
    outer loop
      vertex -22.6697 -19.6127 6.7
      vertex -29.4588 -22.6045 6.7
      vertex -22.7999 -20.267 6.7
    endloop
  endfacet
  facet normal 0 0 1
    outer loop
      vertex -19.0635 16.0065 6.7
      vertex -36.8143 4.8467 6.7
      vertex -37.132 0 6.7
    endloop
  endfacet
  facet normal 0 -0 1
    outer loop
      vertex -29.4588 -22.6045 6.7
      vertex -22.6697 -19.6127 6.7
      vertex -32.1573 -18.566 6.7
    endloop
  endfacet
  facet normal 0 0 1
    outer loop
      vertex -21.7896 -17.828 6.7
      vertex -32.1573 -18.566 6.7
      vertex -22.1602 -18.3827 6.7
    endloop
  endfacet
  facet normal 0 0 1
    outer loop
      vertex -22.4553 -18.981 6.7
      vertex -32.1573 -18.566 6.7
      vertex -22.6697 -19.6127 6.7
    endloop
  endfacet
  facet normal 0 0 1
    outer loop
      vertex -22.1602 -18.3827 6.7
      vertex -32.1573 -18.566 6.7
      vertex -22.4553 -18.981 6.7
    endloop
  endfacet
  facet normal 0 0 1
    outer loop
      vertex 0 5 6.7
      vertex -6.15178 21.7866 6.7
      vertex -0.652631 4.95722 6.7
    endloop
  endfacet
  facet normal -0 0 1
    outer loop
      vertex -6.70647 21.416 6.7
      vertex -0.652631 4.95722 6.7
      vertex -6.15178 21.7866 6.7
    endloop
  endfacet
  facet normal 0 0 1
    outer loop
      vertex -0.652631 4.95722 6.7
      vertex -6.70647 21.416 6.7
      vertex -1.2941 4.82963 6.7
    endloop
  endfacet
  facet normal 0 0 1
    outer loop
      vertex -1.2941 4.82963 6.7
      vertex -6.70647 21.416 6.7
      vertex -1.91342 4.6194 6.7
    endloop
  endfacet
  facet normal 0 0 1
    outer loop
      vertex -1.91342 4.6194 6.7
      vertex -6.70647 21.416 6.7
      vertex -2.5 4.33013 6.7
    endloop
  endfacet
  facet normal -0 0 1
    outer loop
      vertex -15.1935 16.5159 6.7
      vertex -2.5 4.33013 6.7
      vertex -6.70647 21.416 6.7
    endloop
  endfacet
  facet normal 0 0 1
    outer loop
      vertex -2.5 4.33013 6.7
      vertex -15.1935 16.5159 6.7
      vertex -3.04381 3.96677 6.7
    endloop
  endfacet
  facet normal 0 0 1
    outer loop
      vertex -3.04381 3.96677 6.7
      vertex -15.1935 16.5159 6.7
      vertex -3.53553 3.53553 6.7
    endloop
  endfacet
  facet normal 0 0 1
    outer loop
      vertex -3.53553 3.53553 6.7
      vertex -15.1935 16.5159 6.7
      vertex -3.96677 3.04381 6.7
    endloop
  endfacet
  facet normal -0 0 1
    outer loop
      vertex -15.7918 16.2209 6.7
      vertex -3.96677 3.04381 6.7
      vertex -15.1935 16.5159 6.7
    endloop
  endfacet
  facet normal 0 0 1
    outer loop
      vertex 32.1 4.89999 6.7
      vertex 37.132 0 6.7
      vertex 36.8143 4.8467 6.7
    endloop
  endfacet
  facet normal -0 0 1
    outer loop
      vertex 31.9262 6.21997 6.7
      vertex 36.8143 4.8467 6.7
      vertex 35.8668 9.61047 6.7
    endloop
  endfacet
  facet normal 0 0 1
    outer loop
      vertex 32.1 -4.89999 6.7
      vertex 37.132 0 6.7
      vertex 32.1 4.89999 6.7
    endloop
  endfacet
  facet normal 0 0 1
    outer loop
      vertex 30.6062 8.50624 6.7
      vertex 35.8668 9.61047 6.7
      vertex 34.3055 14.2098 6.7
    endloop
  endfacet
  facet normal 0 0 1
    outer loop
      vertex 37.132 0 6.7
      vertex 32.1 -4.89999 6.7
      vertex 36.8143 -4.8467 6.7
    endloop
  endfacet
  facet normal 0 0 1
    outer loop
      vertex 28.32 9.82622 6.7
      vertex 34.3055 14.2098 6.7
      vertex 32.1573 18.566 6.7
    endloop
  endfacet
  facet normal 0 0 1
    outer loop
      vertex 32.0564 -5.56567 6.7
      vertex 36.8143 -4.8467 6.7
      vertex 32.1 -4.89999 6.7
    endloop
  endfacet
  facet normal 0 0 1
    outer loop
      vertex 31.9262 -6.21997 6.7
      vertex 36.8143 -4.8467 6.7
      vertex 32.0564 -5.56567 6.7
    endloop
  endfacet
  facet normal 0 0 1
    outer loop
      vertex 36.8143 4.8467 6.7
      vertex 32.0564 5.56567 6.7
      vertex 32.1 4.89999 6.7
    endloop
  endfacet
  facet normal 0 0 1
    outer loop
      vertex 36.8143 4.8467 6.7
      vertex 31.9262 6.21997 6.7
      vertex 32.0564 5.56567 6.7
    endloop
  endfacet
  facet normal 0 0 1
    outer loop
      vertex 35.8668 9.61047 6.7
      vertex 31.7118 6.85168 6.7
      vertex 31.9262 6.21997 6.7
    endloop
  endfacet
  facet normal 0 0 1
    outer loop
      vertex 35.8668 9.61047 6.7
      vertex 31.4167 7.45 6.7
      vertex 31.7118 6.85168 6.7
    endloop
  endfacet
  facet normal 0 0 1
    outer loop
      vertex 35.8668 9.61047 6.7
      vertex 31.0461 8.00467 6.7
      vertex 31.4167 7.45 6.7
    endloop
  endfacet
  facet normal 0 0 1
    outer loop
      vertex 35.8668 9.61047 6.7
      vertex 30.6062 8.50624 6.7
      vertex 31.0461 8.00467 6.7
    endloop
  endfacet
  facet normal 0 0 1
    outer loop
      vertex 34.3055 14.2098 6.7
      vertex 30.1047 8.94609 6.7
      vertex 30.6062 8.50624 6.7
    endloop
  endfacet
  facet normal 0 0 1
    outer loop
      vertex 34.3055 14.2098 6.7
      vertex 29.55 9.31673 6.7
      vertex 30.1047 8.94609 6.7
    endloop
  endfacet
  facet normal 0 0 1
    outer loop
      vertex 25.1532 18.3973 6.7
      vertex 32.1573 18.566 6.7
      vertex 29.4588 22.6045 6.7
    endloop
  endfacet
  facet normal 0 0 1
    outer loop
      vertex 34.3055 14.2098 6.7
      vertex 28.9517 9.61177 6.7
      vertex 29.55 9.31673 6.7
    endloop
  endfacet
  facet normal 0 0 1
    outer loop
      vertex 24.9659 16.2573 6.7
      vertex 32.1573 18.566 6.7
      vertex 25.1179 16.7784 6.7
    endloop
  endfacet
  facet normal 0 0 1
    outer loop
      vertex 34.3055 14.2098 6.7
      vertex 28.32 9.82622 6.7
      vertex 28.9517 9.61177 6.7
    endloop
  endfacet
  facet normal 0 0 1
    outer loop
      vertex 32.1573 18.566 6.7
      vertex 24.9659 16.2573 6.7
      vertex 28.32 9.82622 6.7
    endloop
  endfacet
  facet normal -0 0 1
    outer loop
      vertex 24.7473 15.7604 6.7
      vertex 28.32 9.82622 6.7
      vertex 24.9659 16.2573 6.7
    endloop
  endfacet
  facet normal 0 0 1
    outer loop
      vertex 23.8699 20.7364 6.7
      vertex 29.4588 22.6045 6.7
      vertex 26.2563 26.2563 6.7
    endloop
  endfacet
  facet normal 0 0 1
    outer loop
      vertex 32.1573 18.566 6.7
      vertex 25.2123 17.8577 6.7
      vertex 25.2004 17.315 6.7
    endloop
  endfacet
  facet normal 0 0 1
    outer loop
      vertex 32.1573 18.566 6.7
      vertex 25.2004 17.315 6.7
      vertex 25.1179 16.7784 6.7
    endloop
  endfacet
  facet normal 0 0 1
    outer loop
      vertex 32.1573 18.566 6.7
      vertex 25.1532 18.3973 6.7
      vertex 25.2123 17.8577 6.7
    endloop
  endfacet
  facet normal 0 0 1
    outer loop
      vertex 29.4588 22.6045 6.7
      vertex 25.0241 18.9246 6.7
      vertex 25.1532 18.3973 6.7
    endloop
  endfacet
  facet normal 0 0 1
    outer loop
      vertex 29.4588 22.6045 6.7
      vertex 24.8274 19.4305 6.7
      vertex 25.0241 18.9246 6.7
    endloop
  endfacet
  facet normal 0 0 1
    outer loop
      vertex 29.4588 22.6045 6.7
      vertex 24.5663 19.9065 6.7
      vertex 24.8274 19.4305 6.7
    endloop
  endfacet
  facet normal 0 0 1
    outer loop
      vertex 29.4588 22.6045 6.7
      vertex 24.2453 20.3442 6.7
      vertex 24.5663 19.9065 6.7
    endloop
  endfacet
  facet normal 0 0 1
    outer loop
      vertex 29.4588 22.6045 6.7
      vertex 23.8699 20.7364 6.7
      vertex 24.2453 20.3442 6.7
    endloop
  endfacet
  facet normal 0 0 1
    outer loop
      vertex 26.2563 26.2563 6.7
      vertex 23.4466 21.0761 6.7
      vertex 23.8699 20.7364 6.7
    endloop
  endfacet
  facet normal 0 0 1
    outer loop
      vertex 26.2563 26.2563 6.7
      vertex 22.9825 21.3578 6.7
      vertex 23.4466 21.0761 6.7
    endloop
  endfacet
  facet normal 0 0 1
    outer loop
      vertex 21.9644 21.7283 6.7
      vertex 26.2563 26.2563 6.7
      vertex 22.6045 29.4588 6.7
    endloop
  endfacet
  facet normal 0 0 1
    outer loop
      vertex 26.2563 26.2563 6.7
      vertex 22.4856 21.5764 6.7
      vertex 22.9825 21.3578 6.7
    endloop
  endfacet
  facet normal 0 0 1
    outer loop
      vertex 26.2563 26.2563 6.7
      vertex 21.9644 21.7283 6.7
      vertex 22.4856 21.5764 6.7
    endloop
  endfacet
  facet normal 0 0 1
    outer loop
      vertex 22.6045 29.4588 6.7
      vertex 21.4279 21.8109 6.7
      vertex 21.9644 21.7283 6.7
    endloop
  endfacet
  facet normal 0 0 1
    outer loop
      vertex 22.6045 29.4588 6.7
      vertex 20.8852 21.8227 6.7
      vertex 21.4279 21.8109 6.7
    endloop
  endfacet
  facet normal 0 0 1
    outer loop
      vertex 22.6045 29.4588 6.7
      vertex 20.3456 21.7636 6.7
      vertex 20.8852 21.8227 6.7
    endloop
  endfacet
  facet normal 0 0 1
    outer loop
      vertex 22.6045 29.4588 6.7
      vertex 19.8183 21.6346 6.7
      vertex 20.3456 21.7636 6.7
    endloop
  endfacet
  facet normal 0 0 1
    outer loop
      vertex 18.566 32.1573 6.7
      vertex 19.8183 21.6346 6.7
      vertex 22.6045 29.4588 6.7
    endloop
  endfacet
  facet normal 0 0 1
    outer loop
      vertex 19.8183 21.6346 6.7
      vertex 18.566 32.1573 6.7
      vertex 19.3124 21.4378 6.7
    endloop
  endfacet
  facet normal 0 0 1
    outer loop
      vertex 19.3124 21.4378 6.7
      vertex 18.566 32.1573 6.7
      vertex 18.8364 21.1767 6.7
    endloop
  endfacet
  facet normal 0 0 1
    outer loop
      vertex 18.566 32.1573 6.7
      vertex 18.3987 20.8557 6.7
      vertex 18.8364 21.1767 6.7
    endloop
  endfacet
  facet normal 0 0 1
    outer loop
      vertex 14.2098 34.3055 6.7
      vertex 18.3987 20.8557 6.7
      vertex 18.566 32.1573 6.7
    endloop
  endfacet
  facet normal 0 0 1
    outer loop
      vertex 18.3987 20.8557 6.7
      vertex 14.2098 34.3055 6.7
      vertex 18.0065 20.4804 6.7
    endloop
  endfacet
  facet normal 0 0 1
    outer loop
      vertex 18.0065 20.4804 6.7
      vertex 14.2098 34.3055 6.7
      vertex 17.6667 20.057 6.7
    endloop
  endfacet
  facet normal 0 0 1
    outer loop
      vertex 9.61047 35.8668 6.7
      vertex 17.6667 20.057 6.7
      vertex 14.2098 34.3055 6.7
    endloop
  endfacet
  facet normal 0 0 1
    outer loop
      vertex 17.6667 20.057 6.7
      vertex 9.61047 35.8668 6.7
      vertex 17.3851 19.5929 6.7
    endloop
  endfacet
  facet normal -0 0 1
    outer loop
      vertex -4.15646 25.8327 6.7
      vertex 17.3851 19.5929 6.7
      vertex 9.61047 35.8668 6.7
    endloop
  endfacet
  facet normal 0 0 1
    outer loop
      vertex 17.3851 19.5929 6.7
      vertex -4.2001 25.167 6.7
      vertex 17.1665 19.096 6.7
    endloop
  endfacet
  facet normal -0 0 1
    outer loop
      vertex -4.2001 25.167 6.7
      vertex 17.3851 19.5929 6.7
      vertex -4.15646 25.8327 6.7
    endloop
  endfacet
  facet normal 0 0 1
    outer loop
      vertex 36.8143 -4.8467 6.7
      vertex 31.9262 -6.21997 6.7
      vertex 35.8668 -9.61047 6.7
    endloop
  endfacet
  facet normal -0 0 1
    outer loop
      vertex 31.7118 -6.85168 6.7
      vertex 35.8668 -9.61047 6.7
      vertex 31.9262 -6.21997 6.7
    endloop
  endfacet
  facet normal -0 0 1
    outer loop
      vertex 31.4167 -7.45 6.7
      vertex 35.8668 -9.61047 6.7
      vertex 31.7118 -6.85168 6.7
    endloop
  endfacet
  facet normal -0 0 1
    outer loop
      vertex 31.0461 -8.00467 6.7
      vertex 35.8668 -9.61047 6.7
      vertex 31.4167 -7.45 6.7
    endloop
  endfacet
  facet normal -0 0 1
    outer loop
      vertex 30.6062 -8.50624 6.7
      vertex 35.8668 -9.61047 6.7
      vertex 31.0461 -8.00467 6.7
    endloop
  endfacet
  facet normal 0 0 1
    outer loop
      vertex 35.8668 -9.61047 6.7
      vertex 30.6062 -8.50624 6.7
      vertex 34.3055 -14.2098 6.7
    endloop
  endfacet
  facet normal -0 0 1
    outer loop
      vertex 30.1047 -8.94609 6.7
      vertex 34.3055 -14.2098 6.7
      vertex 30.6062 -8.50624 6.7
    endloop
  endfacet
  facet normal -0 0 1
    outer loop
      vertex 29.55 -9.31673 6.7
      vertex 34.3055 -14.2098 6.7
      vertex 30.1047 -8.94609 6.7
    endloop
  endfacet
  facet normal -0 0 1
    outer loop
      vertex 28.9517 -9.61177 6.7
      vertex 34.3055 -14.2098 6.7
      vertex 29.55 -9.31673 6.7
    endloop
  endfacet
  facet normal -0 0 1
    outer loop
      vertex 28.32 -9.82622 6.7
      vertex 34.3055 -14.2098 6.7
      vertex 28.9517 -9.61177 6.7
    endloop
  endfacet
  facet normal 0 0 1
    outer loop
      vertex 34.3055 -14.2098 6.7
      vertex 28.32 -9.82622 6.7
      vertex 32.1573 -18.566 6.7
    endloop
  endfacet
  facet normal -0 0 1
    outer loop
      vertex 27.6657 -9.95636 6.7
      vertex 32.1573 -18.566 6.7
      vertex 28.32 -9.82622 6.7
    endloop
  endfacet
  facet normal -0 0 1
    outer loop
      vertex 27 -10 6.7
      vertex 32.1573 -18.566 6.7
      vertex 27.6657 -9.95636 6.7
    endloop
  endfacet
  facet normal 0 0 1
    outer loop
      vertex 26.3343 -9.95636 6.7
      vertex 32.1573 -18.566 6.7
      vertex 27 -10 6.7
    endloop
  endfacet
  facet normal 0 0 1
    outer loop
      vertex 32.1573 -18.566 6.7
      vertex 26.3343 -9.95636 6.7
      vertex 29.4588 -22.6045 6.7
    endloop
  endfacet
  facet normal 0 0 1
    outer loop
      vertex 25.68 -9.82622 6.7
      vertex 29.4588 -22.6045 6.7
      vertex 26.3343 -9.95636 6.7
    endloop
  endfacet
  facet normal 0 0 1
    outer loop
      vertex 25.0483 -9.61177 6.7
      vertex 29.4588 -22.6045 6.7
      vertex 25.68 -9.82622 6.7
    endloop
  endfacet
  facet normal 0 0 1
    outer loop
      vertex 29.4588 -22.6045 6.7
      vertex 25.0483 -9.61177 6.7
      vertex 26.2563 -26.2563 6.7
    endloop
  endfacet
  facet normal 0 0 1
    outer loop
      vertex 24.45 -9.31673 6.7
      vertex 26.2563 -26.2563 6.7
      vertex 25.0483 -9.61177 6.7
    endloop
  endfacet
  facet normal 0 0 1
    outer loop
      vertex 23.8953 -8.94609 6.7
      vertex 26.2563 -26.2563 6.7
      vertex 24.45 -9.31673 6.7
    endloop
  endfacet
  facet normal 0 0 1
    outer loop
      vertex 22.6045 -29.4588 6.7
      vertex 23.8953 -8.94609 6.7
      vertex 23.3938 -8.50624 6.7
    endloop
  endfacet
  facet normal 0 0 1
    outer loop
      vertex 18.566 -32.1573 6.7
      vertex 23.3938 -8.50624 6.7
      vertex 22.9539 -8.00467 6.7
    endloop
  endfacet
  facet normal 0 0 1
    outer loop
      vertex 23.8953 -8.94609 6.7
      vertex 22.6045 -29.4588 6.7
      vertex 26.2563 -26.2563 6.7
    endloop
  endfacet
  facet normal 0 0 1
    outer loop
      vertex 21.9436 -5.56567 6.7
      vertex 4.33013 -2.5 6.7
      vertex 22.0738 -6.21997 6.7
    endloop
  endfacet
  facet normal 0 0 1
    outer loop
      vertex 21.9 -4.89999 6.7
      vertex 4.6194 -1.91342 6.7
      vertex 21.9436 -5.56567 6.7
    endloop
  endfacet
  facet normal -0 0 1
    outer loop
      vertex 4.6194 -1.91342 6.7
      vertex 21.9 -4.89999 6.7
      vertex 4.82963 -1.2941 6.7
    endloop
  endfacet
  facet normal -0 0 1
    outer loop
      vertex 4.82963 -1.2941 6.7
      vertex 21.9 -4.89999 6.7
      vertex 4.95722 -0.652631 6.7
    endloop
  endfacet
  facet normal -0 0 1
    outer loop
      vertex 4.95722 -0.652631 6.7
      vertex 21.9 -4.89999 6.7
      vertex 5 0 6.7
    endloop
  endfacet
  facet normal 0 0 1
    outer loop
      vertex 19.15 13.9956 6.7
      vertex 22.2882 6.85168 6.7
      vertex 19.6468 13.7769 6.7
    endloop
  endfacet
  facet normal 0 0 1
    outer loop
      vertex 22.2882 6.85168 6.7
      vertex 19.15 13.9956 6.7
      vertex 22.0738 6.21997 6.7
    endloop
  endfacet
  facet normal 0 0 1
    outer loop
      vertex 18.6859 14.2772 6.7
      vertex 22.0738 6.21997 6.7
      vertex 19.15 13.9956 6.7
    endloop
  endfacet
  facet normal 0 0 1
    outer loop
      vertex 22.0738 6.21997 6.7
      vertex 18.6859 14.2772 6.7
      vertex 21.9436 5.56567 6.7
    endloop
  endfacet
  facet normal 0 -0 1
    outer loop
      vertex 4.95722 0.652631 6.7
      vertex 21.9 4.89999 6.7
      vertex 4.82963 1.2941 6.7
    endloop
  endfacet
  facet normal 0 0 1
    outer loop
      vertex 4.33013 2.5 6.7
      vertex 21.9436 5.56567 6.7
      vertex 18.6859 14.2772 6.7
    endloop
  endfacet
  facet normal 0 -0 1
    outer loop
      vertex 4.6194 1.91342 6.7
      vertex 21.9436 5.56567 6.7
      vertex 4.33013 2.5 6.7
    endloop
  endfacet
  facet normal -0 0 1
    outer loop
      vertex 4.33013 -2.5 6.7
      vertex 21.9436 -5.56567 6.7
      vertex 4.6194 -1.91342 6.7
    endloop
  endfacet
  facet normal 0 0 1
    outer loop
      vertex 4.33013 2.5 6.7
      vertex 18.6859 14.2772 6.7
      vertex 18.2625 14.617 6.7
    endloop
  endfacet
  facet normal 0 0 1
    outer loop
      vertex 3.96677 3.04381 6.7
      vertex 18.2625 14.617 6.7
      vertex 17.8871 15.0091 6.7
    endloop
  endfacet
  facet normal 0 0 1
    outer loop
      vertex 3.53553 3.53553 6.7
      vertex 17.8871 15.0091 6.7
      vertex 17.5661 15.4469 6.7
    endloop
  endfacet
  facet normal 0 0 1
    outer loop
      vertex 3.04381 3.96677 6.7
      vertex 17.5661 15.4469 6.7
      vertex 17.305 15.9228 6.7
    endloop
  endfacet
  facet normal 0 0 1
    outer loop
      vertex 2.5 4.33013 6.7
      vertex 17.305 15.9228 6.7
      vertex 17.1083 16.4287 6.7
    endloop
  endfacet
  facet normal 0 0 1
    outer loop
      vertex 1.91342 4.6194 6.7
      vertex 17.1083 16.4287 6.7
      vertex 16.9793 16.956 6.7
    endloop
  endfacet
  facet normal 0 0 1
    outer loop
      vertex 1.2941 4.82963 6.7
      vertex 16.9793 16.956 6.7
      vertex 16.9202 17.4956 6.7
    endloop
  endfacet
  facet normal -0 0 1
    outer loop
      vertex -4.33025 24.5127 6.7
      vertex 17.1665 19.096 6.7
      vertex -4.2001 25.167 6.7
    endloop
  endfacet
  facet normal 0 0 1
    outer loop
      vertex 23.3938 -8.50624 6.7
      vertex 18.566 -32.1573 6.7
      vertex 22.6045 -29.4588 6.7
    endloop
  endfacet
  facet normal 0 0 1
    outer loop
      vertex 17.1665 19.096 6.7
      vertex -4.33025 24.5127 6.7
      vertex 17.0146 18.5749 6.7
    endloop
  endfacet
  facet normal 0 0 1
    outer loop
      vertex 22.9539 -8.00467 6.7
      vertex 14.2098 -34.3055 6.7
      vertex 18.566 -32.1573 6.7
    endloop
  endfacet
  facet normal -0 0 1
    outer loop
      vertex 3.96677 -3.04381 6.7
      vertex 22.0738 -6.21997 6.7
      vertex 4.33013 -2.5 6.7
    endloop
  endfacet
  facet normal 0 0 1
    outer loop
      vertex 21.9 4.89999 6.7
      vertex 5 0 6.7
      vertex 21.9 -4.89999 6.7
    endloop
  endfacet
  facet normal 0 0 1
    outer loop
      vertex -4.2001 26.4984 6.7
      vertex 9.61047 35.8668 6.7
      vertex 4.8467 36.8143 6.7
    endloop
  endfacet
  facet normal 0 -0 1
    outer loop
      vertex 5 0 6.7
      vertex 21.9 4.89999 6.7
      vertex 4.95722 0.652631 6.7
    endloop
  endfacet
  facet normal 0 0 1
    outer loop
      vertex 21.9 4.89999 6.7
      vertex 4.6194 1.91342 6.7
      vertex 4.82963 1.2941 6.7
    endloop
  endfacet
  facet normal 0 0 1
    outer loop
      vertex 21.9436 5.56567 6.7
      vertex 4.6194 1.91342 6.7
      vertex 21.9 4.89999 6.7
    endloop
  endfacet
  facet normal 0 0 1
    outer loop
      vertex 18.2625 14.617 6.7
      vertex 3.96677 3.04381 6.7
      vertex 4.33013 2.5 6.7
    endloop
  endfacet
  facet normal 0 0 1
    outer loop
      vertex 17.8871 15.0091 6.7
      vertex 3.53553 3.53553 6.7
      vertex 3.96677 3.04381 6.7
    endloop
  endfacet
  facet normal 0 0 1
    outer loop
      vertex 17.5661 15.4469 6.7
      vertex 3.04381 3.96677 6.7
      vertex 3.53553 3.53553 6.7
    endloop
  endfacet
  facet normal -0 0 1
    outer loop
      vertex -4.54468 23.881 6.7
      vertex 17.0146 18.5749 6.7
      vertex -4.33025 24.5127 6.7
    endloop
  endfacet
  facet normal 0 0 1
    outer loop
      vertex 17.305 15.9228 6.7
      vertex 2.5 4.33013 6.7
      vertex 3.04381 3.96677 6.7
    endloop
  endfacet
  facet normal 0 0 1
    outer loop
      vertex 17.1083 16.4287 6.7
      vertex 1.91342 4.6194 6.7
      vertex 2.5 4.33013 6.7
    endloop
  endfacet
  facet normal 0 0 1
    outer loop
      vertex 16.9793 16.956 6.7
      vertex 1.2941 4.82963 6.7
      vertex 1.91342 4.6194 6.7
    endloop
  endfacet
  facet normal 0 0 1
    outer loop
      vertex -4.54468 27.7844 6.7
      vertex 4.8467 36.8143 6.7
      vertex 0 37.132 6.7
    endloop
  endfacet
  facet normal 0 0 1
    outer loop
      vertex 17.0146 18.5749 6.7
      vertex -4.54468 23.881 6.7
      vertex 16.932 18.0384 6.7
    endloop
  endfacet
  facet normal -0 0 1
    outer loop
      vertex -4.83974 23.2827 6.7
      vertex 16.932 18.0384 6.7
      vertex -4.54468 23.881 6.7
    endloop
  endfacet
  facet normal 0 0 1
    outer loop
      vertex 16.932 18.0384 6.7
      vertex -4.83974 23.2827 6.7
      vertex 16.9202 17.4956 6.7
    endloop
  endfacet
  facet normal 0 0 1
    outer loop
      vertex 16.9202 17.4956 6.7
      vertex -4.83974 23.2827 6.7
      vertex 1.2941 4.82963 6.7
    endloop
  endfacet
  facet normal -0 0 1
    outer loop
      vertex -5.21037 22.728 6.7
      vertex 1.2941 4.82963 6.7
      vertex -4.83974 23.2827 6.7
    endloop
  endfacet
  facet normal 0 0 1
    outer loop
      vertex 1.2941 4.82963 6.7
      vertex -5.21037 22.728 6.7
      vertex 0.652631 4.95722 6.7
    endloop
  endfacet
  facet normal -0 0 1
    outer loop
      vertex -5.65022 22.2264 6.7
      vertex 0.652631 4.95722 6.7
      vertex -5.21037 22.728 6.7
    endloop
  endfacet
  facet normal 0 0 1
    outer loop
      vertex 0.652631 4.95722 6.7
      vertex -5.65022 22.2264 6.7
      vertex 0 5 6.7
    endloop
  endfacet
  facet normal -0 0 1
    outer loop
      vertex -6.15178 21.7866 6.7
      vertex 0 5 6.7
      vertex -5.65022 22.2264 6.7
    endloop
  endfacet
  facet normal 0 0 1
    outer loop
      vertex 9.61047 35.8668 6.7
      vertex -4.2001 26.4984 6.7
      vertex -4.15646 25.8327 6.7
    endloop
  endfacet
  facet normal 0 0 1
    outer loop
      vertex 4.8467 36.8143 6.7
      vertex -4.33025 27.1526 6.7
      vertex -4.2001 26.4984 6.7
    endloop
  endfacet
  facet normal 0 0 1
    outer loop
      vertex 4.8467 36.8143 6.7
      vertex -4.54468 27.7844 6.7
      vertex -4.33025 27.1526 6.7
    endloop
  endfacet
  facet normal 0 0 1
    outer loop
      vertex 0 37.132 6.7
      vertex -4.83974 28.3827 6.7
      vertex -4.54468 27.7844 6.7
    endloop
  endfacet
  facet normal 0 0 1
    outer loop
      vertex -5.65022 29.4389 6.7
      vertex 0 37.132 6.7
      vertex -4.8467 36.8143 6.7
    endloop
  endfacet
  facet normal 0 0 1
    outer loop
      vertex 0 37.132 6.7
      vertex -5.21037 28.9374 6.7
      vertex -4.83974 28.3827 6.7
    endloop
  endfacet
  facet normal 0 0 1
    outer loop
      vertex 0 37.132 6.7
      vertex -5.65022 29.4389 6.7
      vertex -5.21037 28.9374 6.7
    endloop
  endfacet
  facet normal 0 0 1
    outer loop
      vertex -4.8467 36.8143 6.7
      vertex -6.15178 29.8788 6.7
      vertex -5.65022 29.4389 6.7
    endloop
  endfacet
  facet normal 0 0 1
    outer loop
      vertex -4.8467 36.8143 6.7
      vertex -6.70647 30.2494 6.7
      vertex -6.15178 29.8788 6.7
    endloop
  endfacet
  facet normal 0 0 1
    outer loop
      vertex -4.8467 36.8143 6.7
      vertex -7.30478 30.5445 6.7
      vertex -6.70647 30.2494 6.7
    endloop
  endfacet
  facet normal 0 0 1
    outer loop
      vertex -4.8467 36.8143 6.7
      vertex -7.93649 30.7589 6.7
      vertex -7.30478 30.5445 6.7
    endloop
  endfacet
  facet normal -0 0 1
    outer loop
      vertex -9.61047 35.8668 6.7
      vertex -7.93649 30.7589 6.7
      vertex -4.8467 36.8143 6.7
    endloop
  endfacet
  facet normal 0 0 1
    outer loop
      vertex -7.93649 30.7589 6.7
      vertex -9.61047 35.8668 6.7
      vertex -8.59079 30.8891 6.7
    endloop
  endfacet
  facet normal 0 0 1
    outer loop
      vertex -8.59079 30.8891 6.7
      vertex -9.61047 35.8668 6.7
      vertex -9.25647 30.9327 6.7
    endloop
  endfacet
  facet normal 0 0 1
    outer loop
      vertex -9.61047 35.8668 6.7
      vertex -9.92215 30.8891 6.7
      vertex -9.25647 30.9327 6.7
    endloop
  endfacet
  facet normal 0 0 1
    outer loop
      vertex -9.61047 35.8668 6.7
      vertex -10.5764 30.7589 6.7
      vertex -9.92215 30.8891 6.7
    endloop
  endfacet
  facet normal -0 0 1
    outer loop
      vertex -14.2098 34.3055 6.7
      vertex -10.5764 30.7589 6.7
      vertex -9.61047 35.8668 6.7
    endloop
  endfacet
  facet normal 0 0 1
    outer loop
      vertex -10.5764 30.7589 6.7
      vertex -14.2098 34.3055 6.7
      vertex -11.2082 30.5445 6.7
    endloop
  endfacet
  facet normal 0 0 1
    outer loop
      vertex -11.2082 30.5445 6.7
      vertex -14.2098 34.3055 6.7
      vertex -11.8065 30.2494 6.7
    endloop
  endfacet
  facet normal -0 0 1
    outer loop
      vertex -18.566 32.1573 6.7
      vertex -11.8065 30.2494 6.7
      vertex -14.2098 34.3055 6.7
    endloop
  endfacet
  facet normal 0 0 1
    outer loop
      vertex -18.566 32.1573 6.7
      vertex -20.2935 25.3494 6.7
      vertex -11.8065 30.2494 6.7
    endloop
  endfacet
  facet normal -0 0 1
    outer loop
      vertex -22.6045 29.4588 6.7
      vertex -20.2935 25.3494 6.7
      vertex -18.566 32.1573 6.7
    endloop
  endfacet
  facet normal 0 0 1
    outer loop
      vertex -20.2935 25.3494 6.7
      vertex -22.6045 29.4588 6.7
      vertex -20.8482 24.9788 6.7
    endloop
  endfacet
  facet normal 0 0 1
    outer loop
      vertex -20.8482 24.9788 6.7
      vertex -22.6045 29.4588 6.7
      vertex -21.3498 24.5389 6.7
    endloop
  endfacet
  facet normal -0 0 1
    outer loop
      vertex -26.2563 26.2563 6.7
      vertex -21.3498 24.5389 6.7
      vertex -22.6045 29.4588 6.7
    endloop
  endfacet
  facet normal 0 0 1
    outer loop
      vertex -21.3498 24.5389 6.7
      vertex -26.2563 26.2563 6.7
      vertex -21.7896 24.0374 6.7
    endloop
  endfacet
  facet normal 0 0 1
    outer loop
      vertex -21.7896 24.0374 6.7
      vertex -26.2563 26.2563 6.7
      vertex -22.1602 23.4827 6.7
    endloop
  endfacet
  facet normal 0 0 1
    outer loop
      vertex -22.1602 23.4827 6.7
      vertex -26.2563 26.2563 6.7
      vertex -22.4553 22.8844 6.7
    endloop
  endfacet
  facet normal 0 0 1
    outer loop
      vertex -22.4553 22.8844 6.7
      vertex -26.2563 26.2563 6.7
      vertex -22.6697 22.2527 6.7
    endloop
  endfacet
  facet normal -0 0 1
    outer loop
      vertex -29.4588 22.6045 6.7
      vertex -22.6697 22.2527 6.7
      vertex -26.2563 26.2563 6.7
    endloop
  endfacet
  facet normal 0 0 1
    outer loop
      vertex -22.7999 21.5984 6.7
      vertex -29.4588 22.6045 6.7
      vertex -22.8435 20.9327 6.7
    endloop
  endfacet
  facet normal 0 0 1
    outer loop
      vertex -22.6697 22.2527 6.7
      vertex -29.4588 22.6045 6.7
      vertex -22.7999 21.5984 6.7
    endloop
  endfacet
  facet normal 0 0 1
    outer loop
      vertex 28.32 9.82622 6.7
      vertex 24.7473 15.7604 6.7
      vertex 27.6657 9.95636 6.7
    endloop
  endfacet
  facet normal -0 0 1
    outer loop
      vertex 24.4657 15.2963 6.7
      vertex 27.6657 9.95636 6.7
      vertex 24.7473 15.7604 6.7
    endloop
  endfacet
  facet normal 0 0 1
    outer loop
      vertex 27.6657 9.95636 6.7
      vertex 24.4657 15.2963 6.7
      vertex 27 10 6.7
    endloop
  endfacet
  facet normal -0 0 1
    outer loop
      vertex 24.1259 14.873 6.7
      vertex 27 10 6.7
      vertex 24.4657 15.2963 6.7
    endloop
  endfacet
  facet normal 0 0 1
    outer loop
      vertex 27 10 6.7
      vertex 24.1259 14.873 6.7
      vertex 26.3343 9.95636 6.7
    endloop
  endfacet
  facet normal -0 0 1
    outer loop
      vertex 23.7338 14.4976 6.7
      vertex 26.3343 9.95636 6.7
      vertex 24.1259 14.873 6.7
    endloop
  endfacet
  facet normal 0 0 1
    outer loop
      vertex 26.3343 9.95636 6.7
      vertex 23.7338 14.4976 6.7
      vertex 25.68 9.82622 6.7
    endloop
  endfacet
  facet normal -0 0 1
    outer loop
      vertex 23.296 14.1766 6.7
      vertex 25.68 9.82622 6.7
      vertex 23.7338 14.4976 6.7
    endloop
  endfacet
  facet normal 0 0 1
    outer loop
      vertex 25.68 9.82622 6.7
      vertex 23.296 14.1766 6.7
      vertex 25.0483 9.61177 6.7
    endloop
  endfacet
  facet normal -0 0 1
    outer loop
      vertex 22.8201 13.9155 6.7
      vertex 25.0483 9.61177 6.7
      vertex 23.296 14.1766 6.7
    endloop
  endfacet
  facet normal 0 0 1
    outer loop
      vertex 25.0483 9.61177 6.7
      vertex 22.8201 13.9155 6.7
      vertex 24.45 9.31673 6.7
    endloop
  endfacet
  facet normal -0 0 1
    outer loop
      vertex 22.3142 13.7187 6.7
      vertex 24.45 9.31673 6.7
      vertex 22.8201 13.9155 6.7
    endloop
  endfacet
  facet normal 0 0 1
    outer loop
      vertex 24.45 9.31673 6.7
      vertex 22.3142 13.7187 6.7
      vertex 23.8953 8.94609 6.7
    endloop
  endfacet
  facet normal -0 0 1
    outer loop
      vertex 21.7869 13.5897 6.7
      vertex 23.8953 8.94609 6.7
      vertex 22.3142 13.7187 6.7
    endloop
  endfacet
  facet normal 0 0 1
    outer loop
      vertex 23.8953 8.94609 6.7
      vertex 21.7869 13.5897 6.7
      vertex 23.3938 8.50624 6.7
    endloop
  endfacet
  facet normal -0 0 1
    outer loop
      vertex 21.2472 13.5306 6.7
      vertex 23.3938 8.50624 6.7
      vertex 21.7869 13.5897 6.7
    endloop
  endfacet
  facet normal 0 0 1
    outer loop
      vertex 20.7045 13.5425 6.7
      vertex 23.3938 8.50624 6.7
      vertex 21.2472 13.5306 6.7
    endloop
  endfacet
  facet normal 0 0 1
    outer loop
      vertex 23.3938 8.50624 6.7
      vertex 20.7045 13.5425 6.7
      vertex 22.9539 8.00467 6.7
    endloop
  endfacet
  facet normal 0 0 1
    outer loop
      vertex 20.168 13.625 6.7
      vertex 22.9539 8.00467 6.7
      vertex 20.7045 13.5425 6.7
    endloop
  endfacet
  facet normal 0 0 1
    outer loop
      vertex 22.9539 8.00467 6.7
      vertex 20.168 13.625 6.7
      vertex 22.5833 7.45 6.7
    endloop
  endfacet
  facet normal 0 0 1
    outer loop
      vertex 22.5833 7.45 6.7
      vertex 19.6468 13.7769 6.7
      vertex 22.2882 6.85168 6.7
    endloop
  endfacet
  facet normal 0 0 1
    outer loop
      vertex 19.6468 13.7769 6.7
      vertex 22.5833 7.45 6.7
      vertex 20.168 13.625 6.7
    endloop
  endfacet
  facet normal 0.195076 0.980788 -0
    outer loop
      vertex 9.61047 35.8668 1.90735e-07
      vertex 4.8467 36.8143 6.7
      vertex 9.61047 35.8668 6.7
    endloop
  endfacet
  facet normal 0.195076 0.980788 0
    outer loop
      vertex 4.8467 36.8143 6.7
      vertex 9.61047 35.8668 1.90735e-07
      vertex 4.8467 36.8143 1.90735e-07
    endloop
  endfacet
  facet normal 0.442282 0.896876 -0
    outer loop
      vertex 18.566 32.1573 1.90735e-07
      vertex 14.2098 34.3055 6.7
      vertex 18.566 32.1573 6.7
    endloop
  endfacet
  facet normal 0.442282 0.896876 0
    outer loop
      vertex 14.2098 34.3055 6.7
      vertex 18.566 32.1573 1.90735e-07
      vertex 14.2098 34.3055 1.90735e-07
    endloop
  endfacet
  facet normal 0.946928 -0.321446 0
    outer loop
      vertex 34.3055 -14.2098 6.7
      vertex 35.8668 -9.61047 1.90735e-07
      vertex 35.8668 -9.61047 6.7
    endloop
  endfacet
  facet normal 0.946928 -0.321446 0
    outer loop
      vertex 35.8668 -9.61047 1.90735e-07
      vertex 34.3055 -14.2098 6.7
      vertex 34.3055 -14.2098 1.90735e-07
    endloop
  endfacet
  facet normal 0.980788 -0.195076 0
    outer loop
      vertex 35.8668 -9.61047 6.7
      vertex 36.8143 -4.8467 1.90735e-07
      vertex 36.8143 -4.8467 6.7
    endloop
  endfacet
  facet normal 0.980788 -0.195076 0
    outer loop
      vertex 36.8143 -4.8467 1.90735e-07
      vertex 35.8668 -9.61047 6.7
      vertex 35.8668 -9.61047 1.90735e-07
    endloop
  endfacet
  facet normal 0.751844 -0.659341 0
    outer loop
      vertex 26.2563 -26.2563 6.7
      vertex 29.4588 -22.6045 1.90735e-07
      vertex 29.4588 -22.6045 6.7
    endloop
  endfacet
  facet normal 0.751844 -0.659341 0
    outer loop
      vertex 29.4588 -22.6045 1.90735e-07
      vertex 26.2563 -26.2563 6.7
      vertex 26.2563 -26.2563 1.90735e-07
    endloop
  endfacet
  facet normal 0.831464 -0.555579 0
    outer loop
      vertex 29.4588 -22.6045 6.7
      vertex 32.1573 -18.566 1.90735e-07
      vertex 32.1573 -18.566 6.7
    endloop
  endfacet
  facet normal 0.831464 -0.555579 0
    outer loop
      vertex 32.1573 -18.566 1.90735e-07
      vertex 29.4588 -22.6045 6.7
      vertex 29.4588 -22.6045 1.90735e-07
    endloop
  endfacet
  facet normal 0.0654094 -0.997859 0
    outer loop
      vertex 0 -37.132 1.90735e-07
      vertex 4.8467 -36.8143 6.7
      vertex 0 -37.132 6.7
    endloop
  endfacet
  facet normal 0.0654094 -0.997859 0
    outer loop
      vertex 4.8467 -36.8143 6.7
      vertex 0 -37.132 1.90735e-07
      vertex 4.8467 -36.8143 1.90735e-07
    endloop
  endfacet
  facet normal 0.555579 -0.831464 0
    outer loop
      vertex 18.566 -32.1573 1.90735e-07
      vertex 22.6045 -29.4588 6.7
      vertex 18.566 -32.1573 6.7
    endloop
  endfacet
  facet normal 0.555579 -0.831464 0
    outer loop
      vertex 22.6045 -29.4588 6.7
      vertex 18.566 -32.1573 1.90735e-07
      vertex 22.6045 -29.4588 1.90735e-07
    endloop
  endfacet
  facet normal -0.831464 -0.555579 0
    outer loop
      vertex -29.4588 -22.6045 1.90735e-07
      vertex -32.1573 -18.566 6.7
      vertex -32.1573 -18.566 1.90735e-07
    endloop
  endfacet
  facet normal -0.831464 -0.555579 0
    outer loop
      vertex -32.1573 -18.566 6.7
      vertex -29.4588 -22.6045 1.90735e-07
      vertex -29.4588 -22.6045 6.7
    endloop
  endfacet
  facet normal -0.751844 -0.659341 0
    outer loop
      vertex -26.2563 -26.2563 1.90735e-07
      vertex -29.4588 -22.6045 6.7
      vertex -29.4588 -22.6045 1.90735e-07
    endloop
  endfacet
  facet normal -0.751844 -0.659341 0
    outer loop
      vertex -29.4588 -22.6045 6.7
      vertex -26.2563 -26.2563 1.90735e-07
      vertex -26.2563 -26.2563 6.7
    endloop
  endfacet
  facet normal -0.946928 -0.321446 0
    outer loop
      vertex -34.3055 -14.2098 1.90735e-07
      vertex -35.8668 -9.61047 6.7
      vertex -35.8668 -9.61047 1.90735e-07
    endloop
  endfacet
  facet normal -0.946928 -0.321446 0
    outer loop
      vertex -35.8668 -9.61047 6.7
      vertex -34.3055 -14.2098 1.90735e-07
      vertex -34.3055 -14.2098 6.7
    endloop
  endfacet
  facet normal -0.980788 -0.195076 0
    outer loop
      vertex -35.8668 -9.61047 1.90735e-07
      vertex -36.8143 -4.8467 6.7
      vertex -36.8143 -4.8467 1.90735e-07
    endloop
  endfacet
  facet normal -0.980788 -0.195076 0
    outer loop
      vertex -36.8143 -4.8467 6.7
      vertex -35.8668 -9.61047 1.90735e-07
      vertex -35.8668 -9.61047 6.7
    endloop
  endfacet
  facet normal -0.195076 -0.980788 0
    outer loop
      vertex -9.61047 -35.8668 1.90735e-07
      vertex -4.8467 -36.8143 6.7
      vertex -9.61047 -35.8668 6.7
    endloop
  endfacet
  facet normal -0.195076 -0.980788 -0
    outer loop
      vertex -4.8467 -36.8143 6.7
      vertex -9.61047 -35.8668 1.90735e-07
      vertex -4.8467 -36.8143 1.90735e-07
    endloop
  endfacet
  facet normal 0.997859 0.0654094 0
    outer loop
      vertex 37.132 0 6.7
      vertex 36.8143 4.8467 1.90735e-07
      vertex 36.8143 4.8467 6.7
    endloop
  endfacet
  facet normal 0.997859 0.0654094 0
    outer loop
      vertex 36.8143 4.8467 1.90735e-07
      vertex 37.132 0 6.7
      vertex 37.132 0 1.90735e-07
    endloop
  endfacet
  facet normal 0.555579 0.831464 -0
    outer loop
      vertex 22.6045 29.4588 1.90735e-07
      vertex 18.566 32.1573 6.7
      vertex 22.6045 29.4588 6.7
    endloop
  endfacet
  facet normal 0.555579 0.831464 0
    outer loop
      vertex 18.566 32.1573 6.7
      vertex 22.6045 29.4588 1.90735e-07
      vertex 18.566 32.1573 1.90735e-07
    endloop
  endfacet
  facet normal 0.751844 0.659341 0
    outer loop
      vertex 29.4588 22.6045 6.7
      vertex 26.2563 26.2563 1.90735e-07
      vertex 26.2563 26.2563 6.7
    endloop
  endfacet
  facet normal 0.751844 0.659341 0
    outer loop
      vertex 26.2563 26.2563 1.90735e-07
      vertex 29.4588 22.6045 6.7
      vertex 29.4588 22.6045 1.90735e-07
    endloop
  endfacet
  facet normal 0.946928 0.321446 0
    outer loop
      vertex 35.8668 9.61047 6.7
      vertex 34.3055 14.2098 1.90735e-07
      vertex 34.3055 14.2098 6.7
    endloop
  endfacet
  facet normal 0.946928 0.321446 0
    outer loop
      vertex 34.3055 14.2098 1.90735e-07
      vertex 35.8668 9.61047 6.7
      vertex 35.8668 9.61047 1.90735e-07
    endloop
  endfacet
  facet normal 0.980788 0.195076 0
    outer loop
      vertex 36.8143 4.8467 6.7
      vertex 35.8668 9.61047 1.90735e-07
      vertex 35.8668 9.61047 6.7
    endloop
  endfacet
  facet normal 0.980788 0.195076 0
    outer loop
      vertex 35.8668 9.61047 1.90735e-07
      vertex 36.8143 4.8467 6.7
      vertex 36.8143 4.8467 1.90735e-07
    endloop
  endfacet
  facet normal -0.659341 0.751844 0
    outer loop
      vertex -22.6045 29.4588 1.90735e-07
      vertex -26.2563 26.2563 6.7
      vertex -22.6045 29.4588 6.7
    endloop
  endfacet
  facet normal -0.659341 0.751844 0
    outer loop
      vertex -26.2563 26.2563 6.7
      vertex -22.6045 29.4588 1.90735e-07
      vertex -26.2563 26.2563 1.90735e-07
    endloop
  endfacet
  facet normal -0.896876 0.442282 0
    outer loop
      vertex -34.3055 14.2098 1.90735e-07
      vertex -32.1573 18.566 6.7
      vertex -32.1573 18.566 1.90735e-07
    endloop
  endfacet
  facet normal -0.896876 0.442282 0
    outer loop
      vertex -32.1573 18.566 6.7
      vertex -34.3055 14.2098 1.90735e-07
      vertex -34.3055 14.2098 6.7
    endloop
  endfacet
  facet normal -0.831464 0.555579 0
    outer loop
      vertex -32.1573 18.566 1.90735e-07
      vertex -29.4588 22.6045 6.7
      vertex -29.4588 22.6045 1.90735e-07
    endloop
  endfacet
  facet normal -0.831464 0.555579 0
    outer loop
      vertex -29.4588 22.6045 6.7
      vertex -32.1573 18.566 1.90735e-07
      vertex -32.1573 18.566 6.7
    endloop
  endfacet
  facet normal 0.831464 0.555579 0
    outer loop
      vertex 32.1573 18.566 6.7
      vertex 29.4588 22.6045 1.90735e-07
      vertex 29.4588 22.6045 6.7
    endloop
  endfacet
  facet normal 0.831464 0.555579 0
    outer loop
      vertex 29.4588 22.6045 1.90735e-07
      vertex 32.1573 18.566 6.7
      vertex 32.1573 18.566 1.90735e-07
    endloop
  endfacet
  facet normal -0.751844 0.659341 0
    outer loop
      vertex -29.4588 22.6045 1.90735e-07
      vertex -26.2563 26.2563 6.7
      vertex -26.2563 26.2563 1.90735e-07
    endloop
  endfacet
  facet normal -0.751844 0.659341 0
    outer loop
      vertex -26.2563 26.2563 6.7
      vertex -29.4588 22.6045 1.90735e-07
      vertex -29.4588 22.6045 6.7
    endloop
  endfacet
  facet normal -0.980788 0.195076 0
    outer loop
      vertex -36.8143 4.8467 1.90735e-07
      vertex -35.8668 9.61047 6.7
      vertex -35.8668 9.61047 1.90735e-07
    endloop
  endfacet
  facet normal -0.980788 0.195076 0
    outer loop
      vertex -35.8668 9.61047 6.7
      vertex -36.8143 4.8467 1.90735e-07
      vertex -36.8143 4.8467 6.7
    endloop
  endfacet
  facet normal -0.997859 0.0654094 0
    outer loop
      vertex -37.132 0 1.90735e-07
      vertex -36.8143 4.8467 6.7
      vertex -36.8143 4.8467 1.90735e-07
    endloop
  endfacet
  facet normal -0.997859 0.0654094 0
    outer loop
      vertex -36.8143 4.8467 6.7
      vertex -37.132 0 1.90735e-07
      vertex -37.132 0 6.7
    endloop
  endfacet
  facet normal -0.946928 0.321446 0
    outer loop
      vertex -35.8668 9.61047 1.90735e-07
      vertex -34.3055 14.2098 6.7
      vertex -34.3055 14.2098 1.90735e-07
    endloop
  endfacet
  facet normal -0.946928 0.321446 0
    outer loop
      vertex -34.3055 14.2098 6.7
      vertex -35.8668 9.61047 1.90735e-07
      vertex -35.8668 9.61047 6.7
    endloop
  endfacet
  facet normal 0.321446 0.946928 -0
    outer loop
      vertex 14.2098 34.3055 1.90735e-07
      vertex 9.61047 35.8668 6.7
      vertex 14.2098 34.3055 6.7
    endloop
  endfacet
  facet normal 0.321446 0.946928 0
    outer loop
      vertex 9.61047 35.8668 6.7
      vertex 14.2098 34.3055 1.90735e-07
      vertex 9.61047 35.8668 1.90735e-07
    endloop
  endfacet
  facet normal 0.896876 0.442282 0
    outer loop
      vertex 34.3055 14.2098 6.7
      vertex 32.1573 18.566 1.90735e-07
      vertex 32.1573 18.566 6.7
    endloop
  endfacet
  facet normal 0.896876 0.442282 0
    outer loop
      vertex 32.1573 18.566 1.90735e-07
      vertex 34.3055 14.2098 6.7
      vertex 34.3055 14.2098 1.90735e-07
    endloop
  endfacet
  facet normal 0.659341 0.751844 -0
    outer loop
      vertex 26.2563 26.2563 1.90735e-07
      vertex 22.6045 29.4588 6.7
      vertex 26.2563 26.2563 6.7
    endloop
  endfacet
  facet normal 0.659341 0.751844 0
    outer loop
      vertex 22.6045 29.4588 6.7
      vertex 26.2563 26.2563 1.90735e-07
      vertex 22.6045 29.4588 1.90735e-07
    endloop
  endfacet
  facet normal -0.0654094 0.997859 0
    outer loop
      vertex 0 37.132 1.90735e-07
      vertex -4.8467 36.8143 6.7
      vertex 0 37.132 6.7
    endloop
  endfacet
  facet normal -0.0654094 0.997859 0
    outer loop
      vertex -4.8467 36.8143 6.7
      vertex 0 37.132 1.90735e-07
      vertex -4.8467 36.8143 1.90735e-07
    endloop
  endfacet
  facet normal -0.321446 0.946928 0
    outer loop
      vertex -9.61047 35.8668 1.90735e-07
      vertex -14.2098 34.3055 6.7
      vertex -9.61047 35.8668 6.7
    endloop
  endfacet
  facet normal -0.321446 0.946928 0
    outer loop
      vertex -14.2098 34.3055 6.7
      vertex -9.61047 35.8668 1.90735e-07
      vertex -14.2098 34.3055 1.90735e-07
    endloop
  endfacet
  facet normal -0.442282 0.896876 0
    outer loop
      vertex -14.2098 34.3055 1.90735e-07
      vertex -18.566 32.1573 6.7
      vertex -14.2098 34.3055 6.7
    endloop
  endfacet
  facet normal -0.442282 0.896876 0
    outer loop
      vertex -18.566 32.1573 6.7
      vertex -14.2098 34.3055 1.90735e-07
      vertex -18.566 32.1573 1.90735e-07
    endloop
  endfacet
  facet normal -0.195076 0.980788 0
    outer loop
      vertex -4.8467 36.8143 1.90735e-07
      vertex -9.61047 35.8668 6.7
      vertex -4.8467 36.8143 6.7
    endloop
  endfacet
  facet normal -0.195076 0.980788 0
    outer loop
      vertex -9.61047 35.8668 6.7
      vertex -4.8467 36.8143 1.90735e-07
      vertex -9.61047 35.8668 1.90735e-07
    endloop
  endfacet
  facet normal -0.555579 0.831464 0
    outer loop
      vertex -18.566 32.1573 1.90735e-07
      vertex -22.6045 29.4588 6.7
      vertex -18.566 32.1573 6.7
    endloop
  endfacet
  facet normal -0.555579 0.831464 0
    outer loop
      vertex -22.6045 29.4588 6.7
      vertex -18.566 32.1573 1.90735e-07
      vertex -22.6045 29.4588 1.90735e-07
    endloop
  endfacet
  facet normal 0.997858 -0.0654097 0
    outer loop
      vertex 4.95722 -0.652631 14.8
      vertex 5 0 6.7
      vertex 5 0 14.8
    endloop
  endfacet
  facet normal 0.997858 -0.0654097 0
    outer loop
      vertex 5 0 6.7
      vertex 4.95722 -0.652631 14.8
      vertex 4.95722 -0.652631 6.7
    endloop
  endfacet
  facet normal -0.997858 -0.0654097 0
    outer loop
      vertex -4.95722 -0.652631 6.7
      vertex -5 0 14.8
      vertex -5 0 6.7
    endloop
  endfacet
  facet normal -0.997858 -0.0654097 0
    outer loop
      vertex -5 0 14.8
      vertex -4.95722 -0.652631 6.7
      vertex -4.95722 -0.652631 14.8
    endloop
  endfacet
  facet normal 0.0654097 -0.997858 0
    outer loop
      vertex 0 -5 6.7
      vertex 0.652631 -4.95722 14.8
      vertex 0 -5 14.8
    endloop
  endfacet
  facet normal 0.0654097 -0.997858 0
    outer loop
      vertex 0.652631 -4.95722 14.8
      vertex 0 -5 6.7
      vertex 0.652631 -4.95722 6.7
    endloop
  endfacet
  facet normal 0.75183 -0.659357 0
    outer loop
      vertex 3.53553 -3.53553 14.8
      vertex 3.96677 -3.04381 6.7
      vertex 3.96677 -3.04381 14.8
    endloop
  endfacet
  facet normal 0.75183 -0.659357 0
    outer loop
      vertex 3.96677 -3.04381 6.7
      vertex 3.53553 -3.53553 14.8
      vertex 3.53553 -3.53553 6.7
    endloop
  endfacet
  facet normal -0.659357 -0.75183 0
    outer loop
      vertex -3.53553 -3.53553 6.7
      vertex -3.04381 -3.96677 14.8
      vertex -3.53553 -3.53553 14.8
    endloop
  endfacet
  facet normal -0.659357 -0.75183 -0
    outer loop
      vertex -3.04381 -3.96677 14.8
      vertex -3.53553 -3.53553 6.7
      vertex -3.04381 -3.96677 6.7
    endloop
  endfacet
  facet normal -0.321438 -0.946931 0
    outer loop
      vertex -1.91342 -4.6194 6.7
      vertex -1.2941 -4.82963 14.8
      vertex -1.91342 -4.6194 14.8
    endloop
  endfacet
  facet normal -0.321438 -0.946931 -0
    outer loop
      vertex -1.2941 -4.82963 14.8
      vertex -1.91342 -4.6194 6.7
      vertex -1.2941 -4.82963 6.7
    endloop
  endfacet
  facet normal 0.896872 -0.44229 0
    outer loop
      vertex 4.33013 -2.5 14.8
      vertex 4.6194 -1.91342 6.7
      vertex 4.6194 -1.91342 14.8
    endloop
  endfacet
  facet normal 0.896872 -0.44229 0
    outer loop
      vertex 4.6194 -1.91342 6.7
      vertex 4.33013 -2.5 14.8
      vertex 4.33013 -2.5 6.7
    endloop
  endfacet
  facet normal 0.980787 -0.195081 0
    outer loop
      vertex 4.82963 -1.2941 14.8
      vertex 4.95722 -0.652631 6.7
      vertex 4.95722 -0.652631 14.8
    endloop
  endfacet
  facet normal 0.980787 -0.195081 0
    outer loop
      vertex 4.95722 -0.652631 6.7
      vertex 4.82963 -1.2941 14.8
      vertex 4.82963 -1.2941 6.7
    endloop
  endfacet
  facet normal 0.831471 -0.555568 0
    outer loop
      vertex 3.96677 -3.04381 14.8
      vertex 4.33013 -2.5 6.7
      vertex 4.33013 -2.5 14.8
    endloop
  endfacet
  facet normal 0.831471 -0.555568 0
    outer loop
      vertex 4.33013 -2.5 6.7
      vertex 3.96677 -3.04381 14.8
      vertex 3.96677 -3.04381 6.7
    endloop
  endfacet
  facet normal 0.44229 -0.896872 0
    outer loop
      vertex 1.91342 -4.6194 6.7
      vertex 2.5 -4.33013 14.8
      vertex 1.91342 -4.6194 14.8
    endloop
  endfacet
  facet normal 0.44229 -0.896872 0
    outer loop
      vertex 2.5 -4.33013 14.8
      vertex 1.91342 -4.6194 6.7
      vertex 2.5 -4.33013 6.7
    endloop
  endfacet
  facet normal 0.321438 -0.946931 0
    outer loop
      vertex 1.2941 -4.82963 6.7
      vertex 1.91342 -4.6194 14.8
      vertex 1.2941 -4.82963 14.8
    endloop
  endfacet
  facet normal 0.321438 -0.946931 0
    outer loop
      vertex 1.91342 -4.6194 14.8
      vertex 1.2941 -4.82963 6.7
      vertex 1.91342 -4.6194 6.7
    endloop
  endfacet
  facet normal 0.555568 -0.831471 0
    outer loop
      vertex 2.5 -4.33013 6.7
      vertex 3.04381 -3.96677 14.8
      vertex 2.5 -4.33013 14.8
    endloop
  endfacet
  facet normal 0.555568 -0.831471 0
    outer loop
      vertex 3.04381 -3.96677 14.8
      vertex 2.5 -4.33013 6.7
      vertex 3.04381 -3.96677 6.7
    endloop
  endfacet
  facet normal -0.896872 -0.44229 0
    outer loop
      vertex -4.33013 -2.5 6.7
      vertex -4.6194 -1.91342 14.8
      vertex -4.6194 -1.91342 6.7
    endloop
  endfacet
  facet normal -0.896872 -0.44229 0
    outer loop
      vertex -4.6194 -1.91342 14.8
      vertex -4.33013 -2.5 6.7
      vertex -4.33013 -2.5 14.8
    endloop
  endfacet
  facet normal -0.946931 -0.321438 0
    outer loop
      vertex -4.6194 -1.91342 6.7
      vertex -4.82963 -1.2941 14.8
      vertex -4.82963 -1.2941 6.7
    endloop
  endfacet
  facet normal -0.946931 -0.321438 0
    outer loop
      vertex -4.82963 -1.2941 14.8
      vertex -4.6194 -1.91342 6.7
      vertex -4.6194 -1.91342 14.8
    endloop
  endfacet
  facet normal -0.44229 -0.896872 0
    outer loop
      vertex -2.5 -4.33013 6.7
      vertex -1.91342 -4.6194 14.8
      vertex -2.5 -4.33013 14.8
    endloop
  endfacet
  facet normal -0.44229 -0.896872 -0
    outer loop
      vertex -1.91342 -4.6194 14.8
      vertex -2.5 -4.33013 6.7
      vertex -1.91342 -4.6194 6.7
    endloop
  endfacet
  facet normal -0.195081 -0.980787 0
    outer loop
      vertex -1.2941 -4.82963 6.7
      vertex -0.652631 -4.95722 14.8
      vertex -1.2941 -4.82963 14.8
    endloop
  endfacet
  facet normal -0.195081 -0.980787 -0
    outer loop
      vertex -0.652631 -4.95722 14.8
      vertex -1.2941 -4.82963 6.7
      vertex -0.652631 -4.95722 6.7
    endloop
  endfacet
  facet normal 0.44229 0.896872 -0
    outer loop
      vertex 2.5 4.33013 6.7
      vertex 1.91342 4.6194 14.8
      vertex 2.5 4.33013 14.8
    endloop
  endfacet
  facet normal 0.44229 0.896872 0
    outer loop
      vertex 1.91342 4.6194 14.8
      vertex 2.5 4.33013 6.7
      vertex 1.91342 4.6194 6.7
    endloop
  endfacet
  facet normal -0.321438 0.946931 0
    outer loop
      vertex -1.2941 4.82963 6.7
      vertex -1.91342 4.6194 14.8
      vertex -1.2941 4.82963 14.8
    endloop
  endfacet
  facet normal -0.321438 0.946931 0
    outer loop
      vertex -1.91342 4.6194 14.8
      vertex -1.2941 4.82963 6.7
      vertex -1.91342 4.6194 6.7
    endloop
  endfacet
  facet normal -0.896872 0.44229 0
    outer loop
      vertex -4.6194 1.91342 6.7
      vertex -4.33013 2.5 14.8
      vertex -4.33013 2.5 6.7
    endloop
  endfacet
  facet normal -0.896872 0.44229 0
    outer loop
      vertex -4.33013 2.5 14.8
      vertex -4.6194 1.91342 6.7
      vertex -4.6194 1.91342 14.8
    endloop
  endfacet
  facet normal 0 0 1
    outer loop
      vertex 2.8 0 14.8
      vertex 5 0 14.8
      vertex 4.95722 0.652631 14.8
    endloop
  endfacet
  facet normal 0 0 1
    outer loop
      vertex 2.77604 0.365473 14.8
      vertex 4.95722 0.652631 14.8
      vertex 4.82963 1.2941 14.8
    endloop
  endfacet
  facet normal 0 0 1
    outer loop
      vertex 5 0 14.8
      vertex 2.8 0 14.8
      vertex 4.95722 -0.652631 14.8
    endloop
  endfacet
  facet normal 0 0 1
    outer loop
      vertex 2.70459 0.724693 14.8
      vertex 4.82963 1.2941 14.8
      vertex 4.6194 1.91342 14.8
    endloop
  endfacet
  facet normal -0 0 1
    outer loop
      vertex 2.77604 -0.365473 14.8
      vertex 4.95722 -0.652631 14.8
      vertex 2.8 0 14.8
    endloop
  endfacet
  facet normal 0 0 1
    outer loop
      vertex 2.58686 1.07151 14.8
      vertex 4.6194 1.91342 14.8
      vertex 4.33013 2.5 14.8
    endloop
  endfacet
  facet normal 0 0 1
    outer loop
      vertex 4.95722 -0.652631 14.8
      vertex 2.77604 -0.365473 14.8
      vertex 4.82963 -1.2941 14.8
    endloop
  endfacet
  facet normal 0 0 1
    outer loop
      vertex 2.42487 1.4 14.8
      vertex 4.33013 2.5 14.8
      vertex 3.96677 3.04381 14.8
    endloop
  endfacet
  facet normal -0 0 1
    outer loop
      vertex 2.70459 -0.724693 14.8
      vertex 4.82963 -1.2941 14.8
      vertex 2.77604 -0.365473 14.8
    endloop
  endfacet
  facet normal 0 0 1
    outer loop
      vertex 2.22139 1.70453 14.8
      vertex 3.96677 3.04381 14.8
      vertex 3.53553 3.53553 14.8
    endloop
  endfacet
  facet normal 0 0 1
    outer loop
      vertex 4.82963 -1.2941 14.8
      vertex 2.70459 -0.724693 14.8
      vertex 4.6194 -1.91342 14.8
    endloop
  endfacet
  facet normal 0 0 1
    outer loop
      vertex 1.9799 1.9799 14.8
      vertex 3.53553 3.53553 14.8
      vertex 3.04381 3.96677 14.8
    endloop
  endfacet
  facet normal -0 0 1
    outer loop
      vertex 2.58686 -1.07151 14.8
      vertex 4.6194 -1.91342 14.8
      vertex 2.70459 -0.724693 14.8
    endloop
  endfacet
  facet normal 0 0 1
    outer loop
      vertex 4.6194 -1.91342 14.8
      vertex 2.58686 -1.07151 14.8
      vertex 4.33013 -2.5 14.8
    endloop
  endfacet
  facet normal 0 0 1
    outer loop
      vertex 4.95722 0.652631 14.8
      vertex 2.77604 0.365473 14.8
      vertex 2.8 0 14.8
    endloop
  endfacet
  facet normal 0 0 1
    outer loop
      vertex 4.82963 1.2941 14.8
      vertex 2.70459 0.724693 14.8
      vertex 2.77604 0.365473 14.8
    endloop
  endfacet
  facet normal 0 0 1
    outer loop
      vertex 4.6194 1.91342 14.8
      vertex 2.58686 1.07151 14.8
      vertex 2.70459 0.724693 14.8
    endloop
  endfacet
  facet normal 0 0 1
    outer loop
      vertex 1.70453 2.22139 14.8
      vertex 3.04381 3.96677 14.8
      vertex 2.5 4.33013 14.8
    endloop
  endfacet
  facet normal 0 0 1
    outer loop
      vertex 4.33013 2.5 14.8
      vertex 2.42487 1.4 14.8
      vertex 2.58686 1.07151 14.8
    endloop
  endfacet
  facet normal 0 0 1
    outer loop
      vertex 3.96677 3.04381 14.8
      vertex 2.22139 1.70453 14.8
      vertex 2.42487 1.4 14.8
    endloop
  endfacet
  facet normal 0 0 1
    outer loop
      vertex 3.53553 3.53553 14.8
      vertex 1.9799 1.9799 14.8
      vertex 2.22139 1.70453 14.8
    endloop
  endfacet
  facet normal 0 0 1
    outer loop
      vertex 1.4 2.42487 14.8
      vertex 2.5 4.33013 14.8
      vertex 1.91342 4.6194 14.8
    endloop
  endfacet
  facet normal 0 0 1
    outer loop
      vertex 3.04381 3.96677 14.8
      vertex 1.70453 2.22139 14.8
      vertex 1.9799 1.9799 14.8
    endloop
  endfacet
  facet normal 0 0 1
    outer loop
      vertex 2.5 4.33013 14.8
      vertex 1.4 2.42487 14.8
      vertex 1.70453 2.22139 14.8
    endloop
  endfacet
  facet normal 0 0 1
    outer loop
      vertex 1.07151 2.58686 14.8
      vertex 1.91342 4.6194 14.8
      vertex 1.2941 4.82963 14.8
    endloop
  endfacet
  facet normal 0 0 1
    outer loop
      vertex 1.91342 4.6194 14.8
      vertex 1.07151 2.58686 14.8
      vertex 1.4 2.42487 14.8
    endloop
  endfacet
  facet normal 0 0 1
    outer loop
      vertex 1.2941 4.82963 14.8
      vertex 0.724693 2.70459 14.8
      vertex 1.07151 2.58686 14.8
    endloop
  endfacet
  facet normal 0 0 1
    outer loop
      vertex 0.652631 4.95722 14.8
      vertex 0.724693 2.70459 14.8
      vertex 1.2941 4.82963 14.8
    endloop
  endfacet
  facet normal 0 0 1
    outer loop
      vertex 0.652631 4.95722 14.8
      vertex 0.365473 2.77604 14.8
      vertex 0.724693 2.70459 14.8
    endloop
  endfacet
  facet normal 0 0 1
    outer loop
      vertex 0 5 14.8
      vertex 0.365473 2.77604 14.8
      vertex 0.652631 4.95722 14.8
    endloop
  endfacet
  facet normal 0 0 1
    outer loop
      vertex 0 5 14.8
      vertex 0 2.8 14.8
      vertex 0.365473 2.77604 14.8
    endloop
  endfacet
  facet normal 0 0 1
    outer loop
      vertex 0 5 14.8
      vertex -0.365473 2.77604 14.8
      vertex 0 2.8 14.8
    endloop
  endfacet
  facet normal -0 0 1
    outer loop
      vertex -0.652631 4.95722 14.8
      vertex -0.365473 2.77604 14.8
      vertex 0 5 14.8
    endloop
  endfacet
  facet normal 0 0 1
    outer loop
      vertex -0.652631 4.95722 14.8
      vertex -0.724693 2.70459 14.8
      vertex -0.365473 2.77604 14.8
    endloop
  endfacet
  facet normal -0 0 1
    outer loop
      vertex -1.2941 4.82963 14.8
      vertex -0.724693 2.70459 14.8
      vertex -0.652631 4.95722 14.8
    endloop
  endfacet
  facet normal 0 0 1
    outer loop
      vertex -0.724693 2.70459 14.8
      vertex -1.2941 4.82963 14.8
      vertex -1.07151 2.58686 14.8
    endloop
  endfacet
  facet normal -0 0 1
    outer loop
      vertex -1.91342 4.6194 14.8
      vertex -1.07151 2.58686 14.8
      vertex -1.2941 4.82963 14.8
    endloop
  endfacet
  facet normal 0 0 1
    outer loop
      vertex -1.07151 2.58686 14.8
      vertex -1.91342 4.6194 14.8
      vertex -1.4 2.42487 14.8
    endloop
  endfacet
  facet normal -0 0 1
    outer loop
      vertex -2.5 4.33013 14.8
      vertex -1.4 2.42487 14.8
      vertex -1.91342 4.6194 14.8
    endloop
  endfacet
  facet normal 0 0 1
    outer loop
      vertex -1.4 2.42487 14.8
      vertex -2.5 4.33013 14.8
      vertex -1.70453 2.22139 14.8
    endloop
  endfacet
  facet normal -0 0 1
    outer loop
      vertex -3.04381 3.96677 14.8
      vertex -1.70453 2.22139 14.8
      vertex -2.5 4.33013 14.8
    endloop
  endfacet
  facet normal 0 0 1
    outer loop
      vertex -1.70453 2.22139 14.8
      vertex -3.04381 3.96677 14.8
      vertex -1.9799 1.9799 14.8
    endloop
  endfacet
  facet normal -0 0 1
    outer loop
      vertex -3.53553 3.53553 14.8
      vertex -1.9799 1.9799 14.8
      vertex -3.04381 3.96677 14.8
    endloop
  endfacet
  facet normal 0 0 1
    outer loop
      vertex -1.9799 1.9799 14.8
      vertex -3.53553 3.53553 14.8
      vertex -2.22139 1.70453 14.8
    endloop
  endfacet
  facet normal -0 0 1
    outer loop
      vertex -3.96677 3.04381 14.8
      vertex -2.22139 1.70453 14.8
      vertex -3.53553 3.53553 14.8
    endloop
  endfacet
  facet normal 0 0 1
    outer loop
      vertex -2.22139 1.70453 14.8
      vertex -3.96677 3.04381 14.8
      vertex -2.42487 1.4 14.8
    endloop
  endfacet
  facet normal 0 0 1
    outer loop
      vertex -2.42487 1.4 14.8
      vertex -4.33013 2.5 14.8
      vertex -2.58686 1.07151 14.8
    endloop
  endfacet
  facet normal -0 0 1
    outer loop
      vertex -4.33013 2.5 14.8
      vertex -2.42487 1.4 14.8
      vertex -3.96677 3.04381 14.8
    endloop
  endfacet
  facet normal -0 0 1
    outer loop
      vertex 2.42487 -1.4 14.8
      vertex 4.33013 -2.5 14.8
      vertex 2.58686 -1.07151 14.8
    endloop
  endfacet
  facet normal 0 0 1
    outer loop
      vertex 4.33013 -2.5 14.8
      vertex 2.42487 -1.4 14.8
      vertex 3.96677 -3.04381 14.8
    endloop
  endfacet
  facet normal -0 0 1
    outer loop
      vertex 2.22139 -1.70453 14.8
      vertex 3.96677 -3.04381 14.8
      vertex 2.42487 -1.4 14.8
    endloop
  endfacet
  facet normal 0 0 1
    outer loop
      vertex 3.96677 -3.04381 14.8
      vertex 2.22139 -1.70453 14.8
      vertex 3.53553 -3.53553 14.8
    endloop
  endfacet
  facet normal -0 0 1
    outer loop
      vertex 1.9799 -1.9799 14.8
      vertex 3.53553 -3.53553 14.8
      vertex 2.22139 -1.70453 14.8
    endloop
  endfacet
  facet normal 0 0 1
    outer loop
      vertex 3.53553 -3.53553 14.8
      vertex 1.9799 -1.9799 14.8
      vertex 3.04381 -3.96677 14.8
    endloop
  endfacet
  facet normal -0 0 1
    outer loop
      vertex 1.70453 -2.22139 14.8
      vertex 3.04381 -3.96677 14.8
      vertex 1.9799 -1.9799 14.8
    endloop
  endfacet
  facet normal 0 0 1
    outer loop
      vertex 3.04381 -3.96677 14.8
      vertex 1.70453 -2.22139 14.8
      vertex 2.5 -4.33013 14.8
    endloop
  endfacet
  facet normal -0 0 1
    outer loop
      vertex 1.4 -2.42487 14.8
      vertex 2.5 -4.33013 14.8
      vertex 1.70453 -2.22139 14.8
    endloop
  endfacet
  facet normal 0 0 1
    outer loop
      vertex 2.5 -4.33013 14.8
      vertex 1.4 -2.42487 14.8
      vertex 1.91342 -4.6194 14.8
    endloop
  endfacet
  facet normal -0 0 1
    outer loop
      vertex 1.07151 -2.58686 14.8
      vertex 1.91342 -4.6194 14.8
      vertex 1.4 -2.42487 14.8
    endloop
  endfacet
  facet normal 0 0 1
    outer loop
      vertex 1.91342 -4.6194 14.8
      vertex 1.07151 -2.58686 14.8
      vertex 1.2941 -4.82963 14.8
    endloop
  endfacet
  facet normal -0 0 1
    outer loop
      vertex 0.724693 -2.70459 14.8
      vertex 1.2941 -4.82963 14.8
      vertex 1.07151 -2.58686 14.8
    endloop
  endfacet
  facet normal 0 0 1
    outer loop
      vertex 0.724693 -2.70459 14.8
      vertex 0.652631 -4.95722 14.8
      vertex 1.2941 -4.82963 14.8
    endloop
  endfacet
  facet normal -0 0 1
    outer loop
      vertex 0.365473 -2.77604 14.8
      vertex 0.652631 -4.95722 14.8
      vertex 0.724693 -2.70459 14.8
    endloop
  endfacet
  facet normal -0 0 1
    outer loop
      vertex 0 -2.8 14.8
      vertex 0.652631 -4.95722 14.8
      vertex 0.365473 -2.77604 14.8
    endloop
  endfacet
  facet normal 0 0 1
    outer loop
      vertex 0 -2.8 14.8
      vertex 0 -5 14.8
      vertex 0.652631 -4.95722 14.8
    endloop
  endfacet
  facet normal 0 0 1
    outer loop
      vertex -0.365473 -2.77604 14.8
      vertex 0 -5 14.8
      vertex 0 -2.8 14.8
    endloop
  endfacet
  facet normal 0 0 1
    outer loop
      vertex -0.365473 -2.77604 14.8
      vertex -0.652631 -4.95722 14.8
      vertex 0 -5 14.8
    endloop
  endfacet
  facet normal 0 0 1
    outer loop
      vertex -0.724693 -2.70459 14.8
      vertex -0.652631 -4.95722 14.8
      vertex -0.365473 -2.77604 14.8
    endloop
  endfacet
  facet normal 0 0 1
    outer loop
      vertex -1.2941 -4.82963 14.8
      vertex -0.724693 -2.70459 14.8
      vertex -1.07151 -2.58686 14.8
    endloop
  endfacet
  facet normal 0 0 1
    outer loop
      vertex -0.724693 -2.70459 14.8
      vertex -1.2941 -4.82963 14.8
      vertex -0.652631 -4.95722 14.8
    endloop
  endfacet
  facet normal 0 0 1
    outer loop
      vertex -1.91342 -4.6194 14.8
      vertex -1.07151 -2.58686 14.8
      vertex -1.4 -2.42487 14.8
    endloop
  endfacet
  facet normal 0 0 1
    outer loop
      vertex -2.5 -4.33013 14.8
      vertex -1.4 -2.42487 14.8
      vertex -1.70453 -2.22139 14.8
    endloop
  endfacet
  facet normal 0 0 1
    outer loop
      vertex -1.07151 -2.58686 14.8
      vertex -1.91342 -4.6194 14.8
      vertex -1.2941 -4.82963 14.8
    endloop
  endfacet
  facet normal 0 0 1
    outer loop
      vertex -3.04381 -3.96677 14.8
      vertex -1.70453 -2.22139 14.8
      vertex -1.9799 -1.9799 14.8
    endloop
  endfacet
  facet normal 0 0 1
    outer loop
      vertex -3.53553 -3.53553 14.8
      vertex -1.9799 -1.9799 14.8
      vertex -2.22139 -1.70453 14.8
    endloop
  endfacet
  facet normal 0 0 1
    outer loop
      vertex -3.96677 -3.04381 14.8
      vertex -2.22139 -1.70453 14.8
      vertex -2.42487 -1.4 14.8
    endloop
  endfacet
  facet normal 0 0 1
    outer loop
      vertex -1.4 -2.42487 14.8
      vertex -2.5 -4.33013 14.8
      vertex -1.91342 -4.6194 14.8
    endloop
  endfacet
  facet normal 0 0 1
    outer loop
      vertex -4.33013 -2.5 14.8
      vertex -2.42487 -1.4 14.8
      vertex -2.58686 -1.07151 14.8
    endloop
  endfacet
  facet normal 0 0 1
    outer loop
      vertex -4.6194 -1.91342 14.8
      vertex -2.58686 -1.07151 14.8
      vertex -2.70459 -0.724693 14.8
    endloop
  endfacet
  facet normal 0 0 1
    outer loop
      vertex -4.82963 -1.2941 14.8
      vertex -2.70459 -0.724693 14.8
      vertex -2.77604 -0.365473 14.8
    endloop
  endfacet
  facet normal 0 0 1
    outer loop
      vertex -1.70453 -2.22139 14.8
      vertex -3.04381 -3.96677 14.8
      vertex -2.5 -4.33013 14.8
    endloop
  endfacet
  facet normal 0 0 1
    outer loop
      vertex -4.95722 -0.652631 14.8
      vertex -2.77604 -0.365473 14.8
      vertex -2.8 0 14.8
    endloop
  endfacet
  facet normal -0 0 1
    outer loop
      vertex -4.6194 1.91342 14.8
      vertex -2.58686 1.07151 14.8
      vertex -4.33013 2.5 14.8
    endloop
  endfacet
  facet normal 0 0 1
    outer loop
      vertex -2.58686 1.07151 14.8
      vertex -4.6194 1.91342 14.8
      vertex -2.70459 0.724693 14.8
    endloop
  endfacet
  facet normal 0 0 1
    outer loop
      vertex -1.9799 -1.9799 14.8
      vertex -3.53553 -3.53553 14.8
      vertex -3.04381 -3.96677 14.8
    endloop
  endfacet
  facet normal -0 0 1
    outer loop
      vertex -4.82963 1.2941 14.8
      vertex -2.70459 0.724693 14.8
      vertex -4.6194 1.91342 14.8
    endloop
  endfacet
  facet normal 0 0 1
    outer loop
      vertex -2.22139 -1.70453 14.8
      vertex -3.96677 -3.04381 14.8
      vertex -3.53553 -3.53553 14.8
    endloop
  endfacet
  facet normal 0 0 1
    outer loop
      vertex -2.70459 0.724693 14.8
      vertex -4.82963 1.2941 14.8
      vertex -2.77604 0.365473 14.8
    endloop
  endfacet
  facet normal 0 0 1
    outer loop
      vertex -2.42487 -1.4 14.8
      vertex -4.33013 -2.5 14.8
      vertex -3.96677 -3.04381 14.8
    endloop
  endfacet
  facet normal -0 0 1
    outer loop
      vertex -4.95722 0.652631 14.8
      vertex -2.77604 0.365473 14.8
      vertex -4.82963 1.2941 14.8
    endloop
  endfacet
  facet normal 0 0 1
    outer loop
      vertex -2.58686 -1.07151 14.8
      vertex -4.6194 -1.91342 14.8
      vertex -4.33013 -2.5 14.8
    endloop
  endfacet
  facet normal 0 0 1
    outer loop
      vertex -2.77604 0.365473 14.8
      vertex -4.95722 0.652631 14.8
      vertex -2.8 0 14.8
    endloop
  endfacet
  facet normal 0 0 1
    outer loop
      vertex -2.70459 -0.724693 14.8
      vertex -4.82963 -1.2941 14.8
      vertex -4.6194 -1.91342 14.8
    endloop
  endfacet
  facet normal 0 0 1
    outer loop
      vertex -5 0 14.8
      vertex -2.8 0 14.8
      vertex -4.95722 0.652631 14.8
    endloop
  endfacet
  facet normal 0 0 1
    outer loop
      vertex -2.77604 -0.365473 14.8
      vertex -4.95722 -0.652631 14.8
      vertex -4.82963 -1.2941 14.8
    endloop
  endfacet
  facet normal 0 0 1
    outer loop
      vertex -2.8 0 14.8
      vertex -5 0 14.8
      vertex -4.95722 -0.652631 14.8
    endloop
  endfacet
  facet normal 0.946931 -0.321438 0
    outer loop
      vertex 4.6194 -1.91342 14.8
      vertex 4.82963 -1.2941 6.7
      vertex 4.82963 -1.2941 14.8
    endloop
  endfacet
  facet normal 0.946931 -0.321438 0
    outer loop
      vertex 4.82963 -1.2941 6.7
      vertex 4.6194 -1.91342 14.8
      vertex 4.6194 -1.91342 6.7
    endloop
  endfacet
  facet normal 0.195081 -0.980787 0
    outer loop
      vertex 0.652631 -4.95722 6.7
      vertex 1.2941 -4.82963 14.8
      vertex 0.652631 -4.95722 14.8
    endloop
  endfacet
  facet normal 0.195081 -0.980787 0
    outer loop
      vertex 1.2941 -4.82963 14.8
      vertex 0.652631 -4.95722 6.7
      vertex 1.2941 -4.82963 6.7
    endloop
  endfacet
  facet normal 0.659357 -0.75183 0
    outer loop
      vertex 3.04381 -3.96677 6.7
      vertex 3.53553 -3.53553 14.8
      vertex 3.04381 -3.96677 14.8
    endloop
  endfacet
  facet normal 0.659357 -0.75183 0
    outer loop
      vertex 3.53553 -3.53553 14.8
      vertex 3.04381 -3.96677 6.7
      vertex 3.53553 -3.53553 6.7
    endloop
  endfacet
  facet normal -0.831471 -0.555568 0
    outer loop
      vertex -3.96677 -3.04381 6.7
      vertex -4.33013 -2.5 14.8
      vertex -4.33013 -2.5 6.7
    endloop
  endfacet
  facet normal -0.831471 -0.555568 0
    outer loop
      vertex -4.33013 -2.5 14.8
      vertex -3.96677 -3.04381 6.7
      vertex -3.96677 -3.04381 14.8
    endloop
  endfacet
  facet normal -0.75183 -0.659357 0
    outer loop
      vertex -3.53553 -3.53553 6.7
      vertex -3.96677 -3.04381 14.8
      vertex -3.96677 -3.04381 6.7
    endloop
  endfacet
  facet normal -0.75183 -0.659357 0
    outer loop
      vertex -3.96677 -3.04381 14.8
      vertex -3.53553 -3.53553 6.7
      vertex -3.53553 -3.53553 14.8
    endloop
  endfacet
  facet normal -0.980787 -0.195081 0
    outer loop
      vertex -4.82963 -1.2941 6.7
      vertex -4.95722 -0.652631 14.8
      vertex -4.95722 -0.652631 6.7
    endloop
  endfacet
  facet normal -0.980787 -0.195081 0
    outer loop
      vertex -4.95722 -0.652631 14.8
      vertex -4.82963 -1.2941 6.7
      vertex -4.82963 -1.2941 14.8
    endloop
  endfacet
  facet normal -0.555568 -0.831471 0
    outer loop
      vertex -3.04381 -3.96677 6.7
      vertex -2.5 -4.33013 14.8
      vertex -3.04381 -3.96677 14.8
    endloop
  endfacet
  facet normal -0.555568 -0.831471 -0
    outer loop
      vertex -2.5 -4.33013 14.8
      vertex -3.04381 -3.96677 6.7
      vertex -2.5 -4.33013 6.7
    endloop
  endfacet
  facet normal -0.0654097 -0.997858 0
    outer loop
      vertex -0.652631 -4.95722 6.7
      vertex 0 -5 14.8
      vertex -0.652631 -4.95722 14.8
    endloop
  endfacet
  facet normal -0.0654097 -0.997858 -0
    outer loop
      vertex 0 -5 14.8
      vertex -0.652631 -4.95722 6.7
      vertex 0 -5 6.7
    endloop
  endfacet
  facet normal 0.0654097 0.997858 -0
    outer loop
      vertex 0.652631 4.95722 6.7
      vertex 0 5 14.8
      vertex 0.652631 4.95722 14.8
    endloop
  endfacet
  facet normal 0.0654097 0.997858 0
    outer loop
      vertex 0 5 14.8
      vertex 0.652631 4.95722 6.7
      vertex 0 5 6.7
    endloop
  endfacet
  facet normal 0.321438 0.946931 -0
    outer loop
      vertex 1.91342 4.6194 6.7
      vertex 1.2941 4.82963 14.8
      vertex 1.91342 4.6194 14.8
    endloop
  endfacet
  facet normal 0.321438 0.946931 0
    outer loop
      vertex 1.2941 4.82963 14.8
      vertex 1.91342 4.6194 6.7
      vertex 1.2941 4.82963 6.7
    endloop
  endfacet
  facet normal 0.555568 0.831471 -0
    outer loop
      vertex 3.04381 3.96677 6.7
      vertex 2.5 4.33013 14.8
      vertex 3.04381 3.96677 14.8
    endloop
  endfacet
  facet normal 0.555568 0.831471 0
    outer loop
      vertex 2.5 4.33013 14.8
      vertex 3.04381 3.96677 6.7
      vertex 2.5 4.33013 6.7
    endloop
  endfacet
  facet normal 0.946931 0.321438 0
    outer loop
      vertex 4.82963 1.2941 14.8
      vertex 4.6194 1.91342 6.7
      vertex 4.6194 1.91342 14.8
    endloop
  endfacet
  facet normal 0.946931 0.321438 0
    outer loop
      vertex 4.6194 1.91342 6.7
      vertex 4.82963 1.2941 14.8
      vertex 4.82963 1.2941 6.7
    endloop
  endfacet
  facet normal 0.75183 0.659357 0
    outer loop
      vertex 3.96677 3.04381 14.8
      vertex 3.53553 3.53553 6.7
      vertex 3.53553 3.53553 14.8
    endloop
  endfacet
  facet normal 0.75183 0.659357 0
    outer loop
      vertex 3.53553 3.53553 6.7
      vertex 3.96677 3.04381 14.8
      vertex 3.96677 3.04381 6.7
    endloop
  endfacet
  facet normal -0.659357 0.75183 0
    outer loop
      vertex -3.04381 3.96677 6.7
      vertex -3.53553 3.53553 14.8
      vertex -3.04381 3.96677 14.8
    endloop
  endfacet
  facet normal -0.659357 0.75183 0
    outer loop
      vertex -3.53553 3.53553 14.8
      vertex -3.04381 3.96677 6.7
      vertex -3.53553 3.53553 6.7
    endloop
  endfacet
  facet normal -0.44229 0.896872 0
    outer loop
      vertex -1.91342 4.6194 6.7
      vertex -2.5 4.33013 14.8
      vertex -1.91342 4.6194 14.8
    endloop
  endfacet
  facet normal -0.44229 0.896872 0
    outer loop
      vertex -2.5 4.33013 14.8
      vertex -1.91342 4.6194 6.7
      vertex -2.5 4.33013 6.7
    endloop
  endfacet
  facet normal -0.195081 0.980787 0
    outer loop
      vertex -0.652631 4.95722 6.7
      vertex -1.2941 4.82963 14.8
      vertex -0.652631 4.95722 14.8
    endloop
  endfacet
  facet normal -0.195081 0.980787 0
    outer loop
      vertex -1.2941 4.82963 14.8
      vertex -0.652631 4.95722 6.7
      vertex -1.2941 4.82963 6.7
    endloop
  endfacet
  facet normal -0.831471 0.555568 0
    outer loop
      vertex -4.33013 2.5 6.7
      vertex -3.96677 3.04381 14.8
      vertex -3.96677 3.04381 6.7
    endloop
  endfacet
  facet normal -0.831471 0.555568 0
    outer loop
      vertex -3.96677 3.04381 14.8
      vertex -4.33013 2.5 6.7
      vertex -4.33013 2.5 14.8
    endloop
  endfacet
  facet normal -0.946931 0.321438 0
    outer loop
      vertex -4.82963 1.2941 6.7
      vertex -4.6194 1.91342 14.8
      vertex -4.6194 1.91342 6.7
    endloop
  endfacet
  facet normal -0.946931 0.321438 0
    outer loop
      vertex -4.6194 1.91342 14.8
      vertex -4.82963 1.2941 6.7
      vertex -4.82963 1.2941 14.8
    endloop
  endfacet
  facet normal -0.997858 0.0654097 0
    outer loop
      vertex -5 0 6.7
      vertex -4.95722 0.652631 14.8
      vertex -4.95722 0.652631 6.7
    endloop
  endfacet
  facet normal -0.997858 0.0654097 0
    outer loop
      vertex -4.95722 0.652631 14.8
      vertex -5 0 6.7
      vertex -5 0 14.8
    endloop
  endfacet
  facet normal 0.195081 0.980787 -0
    outer loop
      vertex 1.2941 4.82963 6.7
      vertex 0.652631 4.95722 14.8
      vertex 1.2941 4.82963 14.8
    endloop
  endfacet
  facet normal 0.195081 0.980787 0
    outer loop
      vertex 0.652631 4.95722 14.8
      vertex 1.2941 4.82963 6.7
      vertex 0.652631 4.95722 6.7
    endloop
  endfacet
  facet normal 0.659357 0.75183 -0
    outer loop
      vertex 3.53553 3.53553 6.7
      vertex 3.04381 3.96677 14.8
      vertex 3.53553 3.53553 14.8
    endloop
  endfacet
  facet normal 0.659357 0.75183 0
    outer loop
      vertex 3.04381 3.96677 14.8
      vertex 3.53553 3.53553 6.7
      vertex 3.04381 3.96677 6.7
    endloop
  endfacet
  facet normal 0.896872 0.44229 0
    outer loop
      vertex 4.6194 1.91342 14.8
      vertex 4.33013 2.5 6.7
      vertex 4.33013 2.5 14.8
    endloop
  endfacet
  facet normal 0.896872 0.44229 0
    outer loop
      vertex 4.33013 2.5 6.7
      vertex 4.6194 1.91342 14.8
      vertex 4.6194 1.91342 6.7
    endloop
  endfacet
  facet normal 0.980787 0.195081 0
    outer loop
      vertex 4.95722 0.652631 14.8
      vertex 4.82963 1.2941 6.7
      vertex 4.82963 1.2941 14.8
    endloop
  endfacet
  facet normal 0.980787 0.195081 0
    outer loop
      vertex 4.82963 1.2941 6.7
      vertex 4.95722 0.652631 14.8
      vertex 4.95722 0.652631 6.7
    endloop
  endfacet
  facet normal -0.555568 0.831471 0
    outer loop
      vertex -2.5 4.33013 6.7
      vertex -3.04381 3.96677 14.8
      vertex -2.5 4.33013 14.8
    endloop
  endfacet
  facet normal -0.555568 0.831471 0
    outer loop
      vertex -3.04381 3.96677 14.8
      vertex -2.5 4.33013 6.7
      vertex -3.04381 3.96677 6.7
    endloop
  endfacet
  facet normal -0.0654097 0.997858 0
    outer loop
      vertex 0 5 6.7
      vertex -0.652631 4.95722 14.8
      vertex 0 5 14.8
    endloop
  endfacet
  facet normal -0.0654097 0.997858 0
    outer loop
      vertex -0.652631 4.95722 14.8
      vertex 0 5 6.7
      vertex -0.652631 4.95722 6.7
    endloop
  endfacet
  facet normal -0.75183 0.659357 0
    outer loop
      vertex -3.96677 3.04381 6.7
      vertex -3.53553 3.53553 14.8
      vertex -3.53553 3.53553 6.7
    endloop
  endfacet
  facet normal -0.75183 0.659357 0
    outer loop
      vertex -3.53553 3.53553 14.8
      vertex -3.96677 3.04381 6.7
      vertex -3.96677 3.04381 14.8
    endloop
  endfacet
  facet normal -0.980787 0.195081 0
    outer loop
      vertex -4.95722 0.652631 6.7
      vertex -4.82963 1.2941 14.8
      vertex -4.82963 1.2941 6.7
    endloop
  endfacet
  facet normal -0.980787 0.195081 0
    outer loop
      vertex -4.82963 1.2941 14.8
      vertex -4.95722 0.652631 6.7
      vertex -4.95722 0.652631 14.8
    endloop
  endfacet
  facet normal 0.831471 0.555568 0
    outer loop
      vertex 4.33013 2.5 14.8
      vertex 3.96677 3.04381 6.7
      vertex 3.96677 3.04381 14.8
    endloop
  endfacet
  facet normal 0.831471 0.555568 0
    outer loop
      vertex 3.96677 3.04381 6.7
      vertex 4.33013 2.5 14.8
      vertex 4.33013 2.5 6.7
    endloop
  endfacet
  facet normal 0.997858 0.0654097 0
    outer loop
      vertex 5 0 14.8
      vertex 4.95722 0.652631 6.7
      vertex 4.95722 0.652631 14.8
    endloop
  endfacet
  facet normal 0.997858 0.0654097 0
    outer loop
      vertex 4.95722 0.652631 6.7
      vertex 5 0 14.8
      vertex 5 0 6.7
    endloop
  endfacet
  facet normal 0 0 -1
    outer loop
      vertex 25.0483 9.61177 1
      vertex 25.0483 9.61178 1
      vertex 25.6321 9.80995 1
    endloop
  endfacet
  facet normal -0 0 -1
    outer loop
      vertex 25.0483 9.61177 1
      vertex 24.45 9.31673 1
      vertex 25.0483 9.61178 1
    endloop
  endfacet
  facet normal 0 0 -1
    outer loop
      vertex 23.8953 8.94609 1
      vertex 23.8953 8.9461 1
      vertex 24.45 9.31673 1
    endloop
  endfacet
  facet normal -0 0 -1
    outer loop
      vertex 23.8953 8.94609 1
      vertex 23.3938 8.50624 1
      vertex 23.8953 8.9461 1
    endloop
  endfacet
  facet normal 0 0 -1
    outer loop
      vertex 22.9539 8.00468 1
      vertex 23.3938 8.50624 1
      vertex 22.9539 8.00467 1
    endloop
  endfacet
  facet normal 0 0 0
    outer loop
      vertex 32.1 -4.9 1
      vertex 32.1 -4.89999 1
      vertex 32.1 4.9 1
    endloop
  endfacet
  facet normal 0 0 -1
    outer loop
      vertex 32.0564 -5.56567 1
      vertex 32.1 -4.9 1
      vertex 32.0564 -5.56568 1
    endloop
  endfacet
  facet normal -0 0 -1
    outer loop
      vertex 32.1 -4.9 1
      vertex 32.0564 -5.56567 1
      vertex 32.1 -4.89999 1
    endloop
  endfacet
  facet normal 0 0 -1
    outer loop
      vertex 31.9262 -6.21997 1
      vertex 32.0564 -5.56568 1
      vertex 31.9262 -6.21998 1
    endloop
  endfacet
  facet normal -0 0 -1
    outer loop
      vertex 32.0564 -5.56568 1
      vertex 31.9262 -6.21997 1
      vertex 32.0564 -5.56567 1
    endloop
  endfacet
  facet normal 0 0 -1
    outer loop
      vertex 31.7118 -6.85168 1
      vertex 31.9262 -6.21997 1
      vertex 31.9262 -6.21998 1
    endloop
  endfacet
  facet normal 0 0 -1
    outer loop
      vertex 31.0461 -8.00467 1
      vertex 31.4167 -7.45 1
      vertex 31.0461 -8.00468 1
    endloop
  endfacet
  facet normal -0 0 -1
    outer loop
      vertex 31.0461 -8.00468 1
      vertex 30.6062 -8.50624 1
      vertex 31.0461 -8.00467 1
    endloop
  endfacet
  facet normal 0 0 -1
    outer loop
      vertex 30.1047 -8.9461 1
      vertex 30.1047 -8.94609 1
      vertex 30.6062 -8.50624 1
    endloop
  endfacet
  facet normal 0 0 -1
    outer loop
      vertex 29.55 -9.31673 1
      vertex 30.1047 -8.94609 1
      vertex 30.1047 -8.9461 1
    endloop
  endfacet
  facet normal 0 0 -1
    outer loop
      vertex 28.9517 -9.61178 1
      vertex 28.9517 -9.61177 1
      vertex 29.55 -9.31673 1
    endloop
  endfacet
  facet normal -0 0 -1
    outer loop
      vertex 28.9517 -9.61178 1
      vertex 28.32 -9.82622 1
      vertex 28.9517 -9.61177 1
    endloop
  endfacet
  facet normal 0 0 -1
    outer loop
      vertex 27.6657 -9.95637 1
      vertex 27.6657 -9.95636 1
      vertex 28.32 -9.82622 1
    endloop
  endfacet
  facet normal 0 -0 -1
    outer loop
      vertex 27.6657 -9.95636 1
      vertex 27.6657 -9.95637 1
      vertex 27 -10 1
    endloop
  endfacet
  facet normal 0 0 -0
    outer loop
      vertex 32.1 4.89999 1
      vertex 32.1 4.9 1
      vertex 32.1 -4.89999 1
    endloop
  endfacet
  facet normal 0 0 -1
    outer loop
      vertex 32.0564 5.56567 1
      vertex 32.1 4.9 1
      vertex 32.1 4.89999 1
    endloop
  endfacet
  facet normal 0 0 -1
    outer loop
      vertex 32.0564 5.56567 1
      vertex 32.0564 5.56568 1
      vertex 32.1 4.9 1
    endloop
  endfacet
  facet normal 0 0 -1
    outer loop
      vertex 31.9262 6.21997 1
      vertex 32.0564 5.56568 1
      vertex 32.0564 5.56567 1
    endloop
  endfacet
  facet normal 0 0 -1
    outer loop
      vertex 32.0564 5.56568 1
      vertex 31.9262 6.21997 1
      vertex 31.9262 6.21998 1
    endloop
  endfacet
  facet normal 0 0 -1
    outer loop
      vertex 31.9262 6.21997 1
      vertex 31.7118 6.85168 1
      vertex 31.9262 6.21998 1
    endloop
  endfacet
  facet normal 0 0 -1
    outer loop
      vertex 31.4167 7.45 1
      vertex 31.0461 8.00467 1
      vertex 31.0461 8.00468 1
    endloop
  endfacet
  facet normal 0 0 -1
    outer loop
      vertex 30.6062 8.50624 1
      vertex 31.0461 8.00468 1
      vertex 31.0461 8.00467 1
    endloop
  endfacet
  facet normal 0 0 -1
    outer loop
      vertex 30.1047 8.94609 1
      vertex 30.1047 8.9461 1
      vertex 30.6062 8.50624 1
    endloop
  endfacet
  facet normal 0 0 -1
    outer loop
      vertex 30.1047 8.94609 1
      vertex 29.55 9.31673 1
      vertex 30.1047 8.9461 1
    endloop
  endfacet
  facet normal 0 0 -1
    outer loop
      vertex 28.9517 9.61177 1
      vertex 28.9517 9.61178 1
      vertex 29.55 9.31673 1
    endloop
  endfacet
  facet normal 0 0 -1
    outer loop
      vertex 28.32 9.82622 1
      vertex 28.9517 9.61178 1
      vertex 28.9517 9.61177 1
    endloop
  endfacet
  facet normal 0 0 -1
    outer loop
      vertex 27.6657 9.95636 1
      vertex 27.6657 9.95637 1
      vertex 28.32 9.82622 1
    endloop
  endfacet
  facet normal -0 -0 -1
    outer loop
      vertex 27.6657 9.95637 1
      vertex 27.6657 9.95636 1
      vertex 27 10 1
    endloop
  endfacet
  facet normal 0 0 -1
    outer loop
      vertex 26.3343 9.95636 1
      vertex 26.3343 9.95637 1
      vertex 27 10 1
    endloop
  endfacet
  facet normal -0 0 -1
    outer loop
      vertex 26.3343 9.95636 1
      vertex 25.68 9.82622 1
      vertex 26.3343 9.95637 1
    endloop
  endfacet
  facet normal 0 0 -1
    outer loop
      vertex 25.0483 -9.61178 1
      vertex 25.0483 -9.61177 1
      vertex 25.6321 -9.80995 1
    endloop
  endfacet
  facet normal 0 0 -1
    outer loop
      vertex 24.45 -9.31673 1
      vertex 25.0483 -9.61177 1
      vertex 25.0483 -9.61178 1
    endloop
  endfacet
  facet normal 0 0 -1
    outer loop
      vertex 23.8953 -8.9461 1
      vertex 23.8953 -8.94609 1
      vertex 24.45 -9.31673 1
    endloop
  endfacet
  facet normal 0 0 -1
    outer loop
      vertex 23.3938 -8.50624 1
      vertex 23.8953 -8.94609 1
      vertex 23.8953 -8.9461 1
    endloop
  endfacet
  facet normal 0 0 -1
    outer loop
      vertex 23.3938 -8.50624 1
      vertex 22.9539 -8.00468 1
      vertex 22.9539 -8.00467 1
    endloop
  endfacet
  facet normal 0 0 -1
    outer loop
      vertex 26.3343 -9.95637 1
      vertex 26.3343 -9.95636 1
      vertex 27 -10 1
    endloop
  endfacet
  facet normal 0 0 -1
    outer loop
      vertex 25.68 -9.82622 1
      vertex 26.3343 -9.95636 1
      vertex 26.3343 -9.95637 1
    endloop
  endfacet
  facet normal 0.712316 0.137646 -0.68823
    outer loop
      vertex 21.9436 5.56567 0.999988
      vertex 20.9522 5.69621 1.90735e-07
      vertex 21.9436 5.56568 0.99999
    endloop
  endfacet
  facet normal 0.706362 -0.0462727 -0.706337
    outer loop
      vertex 20.9522 5.69621 1.90735e-07
      vertex 21.9436 5.56567 0.999988
      vertex 21.9 4.9 0.999995
    endloop
  endfacet
  facet normal 0.643503 0.0761645 -0.761645
    outer loop
      vertex 22.0738 6.21997 0.999999
      vertex 20.9522 5.69621 1.90735e-07
      vertex 22.0738 6.21998 1
    endloop
  endfacet
  facet normal 0.694267 -0.138145 -0.706335
    outer loop
      vertex 20.9522 5.69621 1.90735e-07
      vertex 22.0738 6.21997 0.999999
      vertex 21.9436 5.56568 0.99999
    endloop
  endfacet
  facet normal 0.705344 0.0705347 -0.705347
    outer loop
      vertex 21.9 4.89999 0.999994
      vertex 20.9 4.9 1.90735e-07
      vertex 21.9 4.9 0.999995
    endloop
  endfacet
  facet normal 0.707105 0 -0.707109
    outer loop
      vertex 21.9 -4.89999 0.999994
      vertex 20.9 4.9 1.90735e-07
      vertex 21.9 4.89999 0.999994
    endloop
  endfacet
  facet normal 0.705344 -0.0705347 -0.705347
    outer loop
      vertex 20.9 -4.9 1.90735e-07
      vertex 21.9 -4.89999 0.999994
      vertex 21.9 -4.9 0.999995
    endloop
  endfacet
  facet normal 0.707105 0 -0.707109
    outer loop
      vertex 21.9 -4.89999 0.999994
      vertex 20.9 -4.9 1.90735e-07
      vertex 20.9 4.9 1.90735e-07
    endloop
  endfacet
  facet normal 0.313074 -0.63485 -0.706364
    outer loop
      vertex 24.6656 10.5357 1.90735e-07
      vertex 25.0483 9.61178 1
      vertex 24.45 9.31673 1
    endloop
  endfacet
  facet normal 0.706346 -0.0463085 -0.70635
    outer loop
      vertex 21.9 4.9 0.999995
      vertex 20.9 4.9 1.90735e-07
      vertex 20.9522 5.69621 1.90735e-07
    endloop
  endfacet
  facet normal 0.588558 0.393241 -0.706372
    outer loop
      vertex 22.9539 -8.00467 1
      vertex 21.7172 -7.95 1.90735e-07
      vertex 22.5833 -7.45 0.999999
    endloop
  endfacet
  facet normal 0.628766 0 -0.777595
    outer loop
      vertex 21.7172 -7.95 1.90735e-07
      vertex 22.9539 -8.00467 1
      vertex 22.9539 -8.00468 1
    endloop
  endfacet
  facet normal -0.706348 0.0463086 -0.706348
    outer loop
      vertex 33.1 -4.9 1.90735e-07
      vertex 33.0478 -5.69621 1.90735e-07
      vertex 32.1 -4.9 1
    endloop
  endfacet
  facet normal 0.706346 0.0463085 -0.70635
    outer loop
      vertex 20.9 -4.9 1.90735e-07
      vertex 21.9 -4.9 0.999995
      vertex 20.9522 -5.69621 1.90735e-07
    endloop
  endfacet
  facet normal -0.313074 0.63485 -0.706364
    outer loop
      vertex 29.55 -9.31673 1
      vertex 29.3344 -10.5357 1.90735e-07
      vertex 28.9517 -9.61178 1
    endloop
  endfacet
  facet normal -0.694269 -0.138153 -0.706332
    outer loop
      vertex 33.0478 5.69621 1.90735e-07
      vertex 32.0564 5.56568 1
      vertex 31.9262 6.21998 1
    endloop
  endfacet
  facet normal -0.634824 -0.313104 -0.706374
    outer loop
      vertex 32.2828 7.95 1.90735e-07
      vertex 31.7118 6.85168 1
      vertex 31.4167 7.45 1
    endloop
  endfacet
  facet normal 0.588558 -0.393241 -0.706372
    outer loop
      vertex 21.7172 7.95 1.90735e-07
      vertex 22.9539 8.00467 1
      vertex 22.5833 7.45 0.999999
    endloop
  endfacet
  facet normal 0.628766 0 -0.777595
    outer loop
      vertex 22.9539 8.00467 1
      vertex 21.7172 7.95 1.90735e-07
      vertex 22.9539 8.00468 1
    endloop
  endfacet
  facet normal 0.63486 0.31307 -0.706357
    outer loop
      vertex 21.3643 -7.23437 1.90735e-07
      vertex 22.2882 -6.85169 0.999995
      vertex 21.7172 -7.95 1.90735e-07
    endloop
  endfacet
  facet normal -0.634824 0.313104 -0.706374
    outer loop
      vertex 31.7118 -6.85168 1
      vertex 32.2828 -7.95 1.90735e-07
      vertex 31.4167 -7.45 1
    endloop
  endfacet
  facet normal -0.227467 0.670337 -0.706334
    outer loop
      vertex 29.3344 -10.5357 1.90735e-07
      vertex 28.5788 -10.7921 1.90735e-07
      vertex 28.32 -9.82622 1
    endloop
  endfacet
  facet normal 0.313078 -0.634849 -0.706363
    outer loop
      vertex 24.6656 10.5357 1.90735e-07
      vertex 24.45 9.31673 1
      vertex 23.95 10.1828 1.90735e-07
    endloop
  endfacet
  facet normal -0.707107 0 -0.707107
    outer loop
      vertex 33.1 -4.9 1.90735e-07
      vertex 32.1 4.9 1
      vertex 33.1 4.9 1.90735e-07
    endloop
  endfacet
  facet normal -0.707107 -0 -0.707107
    outer loop
      vertex 32.1 4.9 1
      vertex 33.1 -4.9 1.90735e-07
      vertex 32.1 -4.9 1
    endloop
  endfacet
  facet normal -0.706367 0.0462649 -0.706332
    outer loop
      vertex 32.1 -4.9 1
      vertex 33.0478 -5.69621 1.90735e-07
      vertex 32.0564 -5.56568 1
    endloop
  endfacet
  facet normal 0.63486 -0.31307 -0.706357
    outer loop
      vertex 22.2882 6.85169 0.999995
      vertex 21.3643 7.23437 1.90735e-07
      vertex 21.7172 7.95 1.90735e-07
    endloop
  endfacet
  facet normal 0.1381 0.694269 -0.706342
    outer loop
      vertex 26.3343 -9.95637 1
      vertex 26.2038 -10.9478 1.90735e-07
      vertex 25.68 -9.82622 1
    endloop
  endfacet
  facet normal -0.694265 0.138127 -0.706341
    outer loop
      vertex 33.0478 -5.69621 1.90735e-07
      vertex 32.8921 -6.4788 1.90735e-07
      vertex 31.9262 -6.21998 1
    endloop
  endfacet
  facet normal 0.393268 -0.58858 -0.706338
    outer loop
      vertex 24.45 9.31673 1
      vertex 23.8953 8.9461 1
      vertex 23.2866 9.73946 1.90735e-07
    endloop
  endfacet
  facet normal 0.1381 -0.694269 -0.706342
    outer loop
      vertex 26.2038 10.9478 1.90735e-07
      vertex 26.3343 9.95637 1
      vertex 25.68 9.82622 1
    endloop
  endfacet
  facet normal -0.694265 -0.138127 -0.706341
    outer loop
      vertex 32.8921 6.4788 1.90735e-07
      vertex 33.0478 5.69621 1.90735e-07
      vertex 31.9262 6.21998 1
    endloop
  endfacet
  facet normal -0.393268 -0.58858 -0.706338
    outer loop
      vertex 30.7134 9.73946 1.90735e-07
      vertex 30.1047 8.9461 1
      vertex 29.55 9.31673 1
    endloop
  endfacet
  facet normal -0.588555 -0.393263 -0.706362
    outer loop
      vertex 31.8395 8.61344 1.90735e-07
      vertex 32.2828 7.95 1.90735e-07
      vertex 31.0461 8.00468 1
    endloop
  endfacet
  facet normal -0.532194 0.466716 -0.706361
    outer loop
      vertex 31.8395 -8.61344 1.90735e-07
      vertex 31.3134 -9.21335 1.90735e-07
      vertex 31.0461 -8.00468 1
    endloop
  endfacet
  facet normal 0.588555 0.393263 -0.706362
    outer loop
      vertex 22.9539 -8.00468 1
      vertex 22.1605 -8.61344 1.90735e-07
      vertex 21.7172 -7.95 1.90735e-07
    endloop
  endfacet
  facet normal 0.393268 0.58858 -0.706338
    outer loop
      vertex 23.8953 -8.9461 1
      vertex 24.45 -9.31673 1
      vertex 23.2866 -9.73946 1.90735e-07
    endloop
  endfacet
  facet normal -0.46677 0.532181 -0.706335
    outer loop
      vertex 30.6062 -8.50624 1
      vertex 30.7134 -9.73946 1.90735e-07
      vertex 30.1047 -8.9461 1
    endloop
  endfacet
  facet normal 0.227527 -0.670285 -0.706364
    outer loop
      vertex 24.6656 10.5357 1.90735e-07
      vertex 25.6321 9.80995 1
      vertex 25.0483 9.61178 1
    endloop
  endfacet
  facet normal 0.573137 0.81946 -0
    outer loop
      vertex 25.68 9.82622 0.999999
      vertex 24.6656 10.5357 1.90735e-07
      vertex 25.68 9.82622 1
    endloop
  endfacet
  facet normal 0.227631 -0.670205 -0.706406
    outer loop
      vertex 25.6321 9.80995 1
      vertex 24.6656 10.5357 1.90735e-07
      vertex 25.68 9.82622 0.999999
    endloop
  endfacet
  facet normal 0.393305 -0.588529 -0.70636
    outer loop
      vertex 23.95 10.1828 1.90735e-07
      vertex 24.45 9.31673 1
      vertex 23.2866 9.73946 1.90735e-07
    endloop
  endfacet
  facet normal 0.138127 -0.694273 -0.706332
    outer loop
      vertex 26.2038 10.9478 1.90735e-07
      vertex 25.68 9.82622 1
      vertex 25.4212 10.7921 1.90735e-07
    endloop
  endfacet
  facet normal 0.0463095 -0.706353 -0.706343
    outer loop
      vertex 27 11 1.90735e-07
      vertex 26.3343 9.95637 1
      vertex 26.2038 10.9478 1.90735e-07
    endloop
  endfacet
  facet normal -0.532157 -0.466736 -0.706375
    outer loop
      vertex 31.3134 9.21335 1.90735e-07
      vertex 31.0461 8.00468 1
      vertex 30.6062 8.50624 1
    endloop
  endfacet
  facet normal -0.532194 -0.466716 -0.706361
    outer loop
      vertex 31.3134 9.21335 1.90735e-07
      vertex 31.8395 8.61344 1.90735e-07
      vertex 31.0461 8.00468 1
    endloop
  endfacet
  facet normal -0.227467 -0.670337 -0.706334
    outer loop
      vertex 28.5788 10.7921 1.90735e-07
      vertex 29.3344 10.5357 1.90735e-07
      vertex 28.32 9.82622 1
    endloop
  endfacet
  facet normal -0.670316 -0.227506 -0.706341
    outer loop
      vertex 32.8921 6.4788 1.90735e-07
      vertex 31.9262 6.21998 1
      vertex 31.7118 6.85168 1
    endloop
  endfacet
  facet normal -0.706367 -0.0462649 -0.706332
    outer loop
      vertex 33.0478 5.69621 1.90735e-07
      vertex 32.1 4.9 1
      vertex 32.0564 5.56568 1
    endloop
  endfacet
  facet normal -0.63486 0.31307 -0.706356
    outer loop
      vertex 32.6357 -7.23437 1.90735e-07
      vertex 32.2828 -7.95 1.90735e-07
      vertex 31.7118 -6.85168 1
    endloop
  endfacet
  facet normal 0.694265 0.138127 -0.706341
    outer loop
      vertex 22.0738 -6.21998 1
      vertex 21.1079 -6.4788 1.90735e-07
      vertex 20.9522 -5.69621 1.90735e-07
    endloop
  endfacet
  facet normal 0.313078 0.634849 -0.706363
    outer loop
      vertex 24.45 -9.31673 1
      vertex 24.6656 -10.5357 1.90735e-07
      vertex 23.95 -10.1828 1.90735e-07
    endloop
  endfacet
  facet normal -0.138127 0.694273 -0.706332
    outer loop
      vertex 28.32 -9.82622 1
      vertex 28.5788 -10.7921 1.90735e-07
      vertex 27.7962 -10.9478 1.90735e-07
    endloop
  endfacet
  facet normal -0.393268 0.58858 -0.706338
    outer loop
      vertex 30.1047 -8.9461 1
      vertex 30.7134 -9.73946 1.90735e-07
      vertex 29.55 -9.31673 1
    endloop
  endfacet
  facet normal -0.393305 0.588529 -0.70636
    outer loop
      vertex 30.7134 -9.73946 1.90735e-07
      vertex 30.05 -10.1828 1.90735e-07
      vertex 29.55 -9.31673 1
    endloop
  endfacet
  facet normal 0.532157 -0.466736 -0.706375
    outer loop
      vertex 23.3938 8.50624 1
      vertex 22.9539 8.00468 1
      vertex 22.6866 9.21335 1.90735e-07
    endloop
  endfacet
  facet normal 0.227467 -0.670337 -0.706334
    outer loop
      vertex 25.4212 10.7921 1.90735e-07
      vertex 25.68 9.82622 1
      vertex 24.6656 10.5357 1.90735e-07
    endloop
  endfacet
  facet normal 0.634824 -0.313105 -0.706374
    outer loop
      vertex 21.7172 7.95 1.90735e-07
      vertex 22.5833 7.45 0.999999
      vertex 22.2882 6.85169 0.999995
    endloop
  endfacet
  facet normal 0.694265 -0.138127 -0.706341
    outer loop
      vertex 21.1079 6.4788 1.90735e-07
      vertex 22.0738 6.21998 1
      vertex 20.9522 5.69621 1.90735e-07
    endloop
  endfacet
  facet normal -0.0462941 -0.706349 -0.706349
    outer loop
      vertex 27.6657 9.95637 1
      vertex 27 10 1
      vertex 27 11 1.90735e-07
    endloop
  endfacet
  facet normal -0.466675 -0.532218 -0.70637
    outer loop
      vertex 30.7134 9.73946 1.90735e-07
      vertex 31.3134 9.21335 1.90735e-07
      vertex 30.6062 8.50624 1
    endloop
  endfacet
  facet normal -0.313074 -0.63485 -0.706364
    outer loop
      vertex 29.3344 10.5357 1.90735e-07
      vertex 29.55 9.31673 1
      vertex 28.9517 9.61178 1
    endloop
  endfacet
  facet normal -0.227537 -0.670281 -0.706364
    outer loop
      vertex 29.3344 10.5357 1.90735e-07
      vertex 28.9517 9.61178 1
      vertex 28.32 9.82622 1
    endloop
  endfacet
  facet normal -0.0463095 -0.706353 -0.706343
    outer loop
      vertex 27.7962 10.9478 1.90735e-07
      vertex 27.6657 9.95637 1
      vertex 27 11 1.90735e-07
    endloop
  endfacet
  facet normal -0.1381 -0.694269 -0.706342
    outer loop
      vertex 27.7962 10.9478 1.90735e-07
      vertex 28.32 9.82622 1
      vertex 27.6657 9.95637 1
    endloop
  endfacet
  facet normal -0.706348 -0.0463086 -0.706348
    outer loop
      vertex 33.0478 5.69621 1.90735e-07
      vertex 33.1 4.9 1.90735e-07
      vertex 32.1 4.9 1
    endloop
  endfacet
  facet normal -0.670315 -0.227469 -0.706354
    outer loop
      vertex 32.6357 7.23437 1.90735e-07
      vertex 32.8921 6.4788 1.90735e-07
      vertex 31.7118 6.85168 1
    endloop
  endfacet
  facet normal -0.694269 0.138153 -0.706332
    outer loop
      vertex 32.0564 -5.56568 1
      vertex 33.0478 -5.69621 1.90735e-07
      vertex 31.9262 -6.21998 1
    endloop
  endfacet
  facet normal 0.670314 0.227511 -0.706341
    outer loop
      vertex 21.1079 -6.4788 1.90735e-07
      vertex 22.0751 -6.22381 1
      vertex 22.2882 -6.85168 0.999995
    endloop
  endfacet
  facet normal 0.670311 0.227521 -0.706341
    outer loop
      vertex 22.0751 -6.22381 1
      vertex 21.1079 -6.4788 1.90735e-07
      vertex 22.0738 -6.21998 1
    endloop
  endfacet
  facet normal 0.532194 0.466716 -0.706361
    outer loop
      vertex 22.9539 -8.00468 1
      vertex 22.6866 -9.21335 1.90735e-07
      vertex 22.1605 -8.61344 1.90735e-07
    endloop
  endfacet
  facet normal 0.393305 0.588529 -0.70636
    outer loop
      vertex 24.45 -9.31673 1
      vertex 23.95 -10.1828 1.90735e-07
      vertex 23.2866 -9.73946 1.90735e-07
    endloop
  endfacet
  facet normal -0.0462941 0.706349 -0.706349
    outer loop
      vertex 27.6657 -9.95637 1
      vertex 27 -11 1.90735e-07
      vertex 27 -10 1
    endloop
  endfacet
  facet normal 0.0462941 0.706349 -0.706349
    outer loop
      vertex 27 -10 1
      vertex 27 -11 1.90735e-07
      vertex 26.3343 -9.95637 1
    endloop
  endfacet
  facet normal -0.0463095 0.706353 -0.706343
    outer loop
      vertex 27.6657 -9.95637 1
      vertex 27.7962 -10.9478 1.90735e-07
      vertex 27 -11 1.90735e-07
    endloop
  endfacet
  facet normal -0.1381 0.694269 -0.706342
    outer loop
      vertex 28.32 -9.82622 1
      vertex 27.7962 -10.9478 1.90735e-07
      vertex 27.6657 -9.95637 1
    endloop
  endfacet
  facet normal -0.227537 0.670281 -0.706364
    outer loop
      vertex 28.9517 -9.61178 1
      vertex 29.3344 -10.5357 1.90735e-07
      vertex 28.32 -9.82622 1
    endloop
  endfacet
  facet normal -0.313078 0.634849 -0.706363
    outer loop
      vertex 29.55 -9.31673 1
      vertex 30.05 -10.1828 1.90735e-07
      vertex 29.3344 -10.5357 1.90735e-07
    endloop
  endfacet
  facet normal 0.0462941 -0.706349 -0.706349
    outer loop
      vertex 27 11 1.90735e-07
      vertex 27 10 1
      vertex 26.3343 9.95637 1
    endloop
  endfacet
  facet normal -0.138127 -0.694273 -0.706332
    outer loop
      vertex 28.5788 10.7921 1.90735e-07
      vertex 28.32 9.82622 1
      vertex 27.7962 10.9478 1.90735e-07
    endloop
  endfacet
  facet normal -0.588561 -0.393237 -0.706371
    outer loop
      vertex 32.2828 7.95 1.90735e-07
      vertex 31.4167 7.45 1
      vertex 31.0461 8.00468 1
    endloop
  endfacet
  facet normal -0.63486 -0.31307 -0.706356
    outer loop
      vertex 32.2828 7.95 1.90735e-07
      vertex 32.6357 7.23437 1.90735e-07
      vertex 31.7118 6.85168 1
    endloop
  endfacet
  facet normal -0.670315 0.227469 -0.706354
    outer loop
      vertex 32.8921 -6.4788 1.90735e-07
      vertex 32.6357 -7.23437 1.90735e-07
      vertex 31.7118 -6.85168 1
    endloop
  endfacet
  facet normal -0.588555 0.393263 -0.706362
    outer loop
      vertex 32.2828 -7.95 1.90735e-07
      vertex 31.8395 -8.61344 1.90735e-07
      vertex 31.0461 -8.00468 1
    endloop
  endfacet
  facet normal -0.588561 0.393237 -0.706371
    outer loop
      vertex 31.4167 -7.45 1
      vertex 32.2828 -7.95 1.90735e-07
      vertex 31.0461 -8.00468 1
    endloop
  endfacet
  facet normal -0.670316 0.227506 -0.706341
    outer loop
      vertex 31.9262 -6.21998 1
      vertex 32.8921 -6.4788 1.90735e-07
      vertex 31.7118 -6.85168 1
    endloop
  endfacet
  facet normal 0.706362 0.0462727 -0.706337
    outer loop
      vertex 21.9436 -5.56567 0.999988
      vertex 20.9522 -5.69621 1.90735e-07
      vertex 21.9 -4.9 0.999995
    endloop
  endfacet
  facet normal 0.712316 -0.137646 -0.68823
    outer loop
      vertex 20.9522 -5.69621 1.90735e-07
      vertex 21.9436 -5.56567 0.999988
      vertex 21.9436 -5.56568 0.99999
    endloop
  endfacet
  facet normal 0.694267 0.138145 -0.706335
    outer loop
      vertex 22.0738 -6.21997 0.999999
      vertex 20.9522 -5.69621 1.90735e-07
      vertex 21.9436 -5.56568 0.99999
    endloop
  endfacet
  facet normal 0.643503 -0.0761645 -0.761645
    outer loop
      vertex 20.9522 -5.69621 1.90735e-07
      vertex 22.0738 -6.21997 0.999999
      vertex 22.0738 -6.21998 1
    endloop
  endfacet
  facet normal 0.7345 0 -0.678608
    outer loop
      vertex 21.3643 -7.23437 1.90735e-07
      vertex 22.2882 -6.85168 0.999995
      vertex 22.2882 -6.85169 0.999995
    endloop
  endfacet
  facet normal 0.670313 0.227468 -0.706356
    outer loop
      vertex 22.2882 -6.85168 0.999995
      vertex 21.3643 -7.23437 1.90735e-07
      vertex 21.1079 -6.4788 1.90735e-07
    endloop
  endfacet
  facet normal 0.634824 0.313105 -0.706374
    outer loop
      vertex 22.5833 -7.45 0.999999
      vertex 21.7172 -7.95 1.90735e-07
      vertex 22.2882 -6.85169 0.999995
    endloop
  endfacet
  facet normal 0.532157 0.466736 -0.706375
    outer loop
      vertex 22.9539 -8.00468 1
      vertex 23.3938 -8.50624 1
      vertex 22.6866 -9.21335 1.90735e-07
    endloop
  endfacet
  facet normal 0.313074 0.63485 -0.706364
    outer loop
      vertex 25.0483 -9.61178 1
      vertex 24.6656 -10.5357 1.90735e-07
      vertex 24.45 -9.31673 1
    endloop
  endfacet
  facet normal 0.0463095 0.706353 -0.706343
    outer loop
      vertex 26.3343 -9.95637 1
      vertex 27 -11 1.90735e-07
      vertex 26.2038 -10.9478 1.90735e-07
    endloop
  endfacet
  facet normal 0.46677 -0.532181 -0.706335
    outer loop
      vertex 23.8953 8.9461 1
      vertex 23.3938 8.50624 1
      vertex 23.2866 9.73946 1.90735e-07
    endloop
  endfacet
  facet normal 0.466675 -0.532218 -0.70637
    outer loop
      vertex 23.2866 9.73946 1.90735e-07
      vertex 23.3938 8.50624 1
      vertex 22.6866 9.21335 1.90735e-07
    endloop
  endfacet
  facet normal 0.588555 -0.393263 -0.706362
    outer loop
      vertex 22.1605 8.61344 1.90735e-07
      vertex 22.9539 8.00468 1
      vertex 21.7172 7.95 1.90735e-07
    endloop
  endfacet
  facet normal 0.532194 -0.466716 -0.706361
    outer loop
      vertex 22.6866 9.21335 1.90735e-07
      vertex 22.9539 8.00468 1
      vertex 22.1605 8.61344 1.90735e-07
    endloop
  endfacet
  facet normal 0.670311 -0.227521 -0.706341
    outer loop
      vertex 21.1079 6.4788 1.90735e-07
      vertex 22.0751 6.22381 1
      vertex 22.0738 6.21998 1
    endloop
  endfacet
  facet normal 0.670314 -0.227511 -0.706341
    outer loop
      vertex 22.0751 6.22381 1
      vertex 21.1079 6.4788 1.90735e-07
      vertex 22.2882 6.85168 0.999995
    endloop
  endfacet
  facet normal 0.670313 -0.227468 -0.706356
    outer loop
      vertex 21.3643 7.23437 1.90735e-07
      vertex 22.2882 6.85168 0.999995
      vertex 21.1079 6.4788 1.90735e-07
    endloop
  endfacet
  facet normal 0.7345 0 -0.678608
    outer loop
      vertex 22.2882 6.85169 0.999995
      vertex 22.2882 6.85168 0.999995
      vertex 21.3643 7.23437 1.90735e-07
    endloop
  endfacet
  facet normal -0.46677 -0.532181 -0.706335
    outer loop
      vertex 30.7134 9.73946 1.90735e-07
      vertex 30.6062 8.50624 1
      vertex 30.1047 8.9461 1
    endloop
  endfacet
  facet normal -0.313078 -0.634849 -0.706363
    outer loop
      vertex 30.05 10.1828 1.90735e-07
      vertex 29.55 9.31673 1
      vertex 29.3344 10.5357 1.90735e-07
    endloop
  endfacet
  facet normal -0.393305 -0.588529 -0.70636
    outer loop
      vertex 30.05 10.1828 1.90735e-07
      vertex 30.7134 9.73946 1.90735e-07
      vertex 29.55 9.31673 1
    endloop
  endfacet
  facet normal -0.466675 0.532218 -0.70637
    outer loop
      vertex 31.3134 -9.21335 1.90735e-07
      vertex 30.7134 -9.73946 1.90735e-07
      vertex 30.6062 -8.50624 1
    endloop
  endfacet
  facet normal -0.532157 0.466736 -0.706375
    outer loop
      vertex 31.0461 -8.00468 1
      vertex 31.3134 -9.21335 1.90735e-07
      vertex 30.6062 -8.50624 1
    endloop
  endfacet
  facet normal 0.46677 0.532181 -0.706335
    outer loop
      vertex 23.3938 -8.50624 1
      vertex 23.8953 -8.9461 1
      vertex 23.2866 -9.73946 1.90735e-07
    endloop
  endfacet
  facet normal 0.466675 0.532218 -0.70637
    outer loop
      vertex 23.3938 -8.50624 1
      vertex 23.2866 -9.73946 1.90735e-07
      vertex 22.6866 -9.21335 1.90735e-07
    endloop
  endfacet
  facet normal 0.227631 0.670205 -0.706406
    outer loop
      vertex 24.6656 -10.5357 1.90735e-07
      vertex 25.6321 -9.80995 1
      vertex 25.68 -9.82622 0.999999
    endloop
  endfacet
  facet normal 0.227527 0.670285 -0.706364
    outer loop
      vertex 25.6321 -9.80995 1
      vertex 24.6656 -10.5357 1.90735e-07
      vertex 25.0483 -9.61178 1
    endloop
  endfacet
  facet normal 0.573137 -0.81946 0
    outer loop
      vertex 24.6656 -10.5357 1.90735e-07
      vertex 25.68 -9.82622 0.999999
      vertex 25.68 -9.82622 1
    endloop
  endfacet
  facet normal 0.138127 0.694273 -0.706332
    outer loop
      vertex 25.68 -9.82622 1
      vertex 26.2038 -10.9478 1.90735e-07
      vertex 25.4212 -10.7921 1.90735e-07
    endloop
  endfacet
  facet normal 0.227467 0.670337 -0.706334
    outer loop
      vertex 25.68 -9.82622 1
      vertex 25.4212 -10.7921 1.90735e-07
      vertex 24.6656 -10.5357 1.90735e-07
    endloop
  endfacet
  facet normal -0.393244 -0.588557 -0.706371
    outer loop
      vertex -6.70647 -21.416 0.999995
      vertex -6.20648 -20.5499 1.90735e-07
      vertex -6.15179 -21.7866 0.999987
    endloop
  endfacet
  facet normal -0.694265 0.138099 -0.706346
    outer loop
      vertex -3.36433 -27.4115 1.90735e-07
      vertex -4.33025 -27.1527 0.999997
      vertex -3.20866 -26.6289 1.90735e-07
    endloop
  endfacet
  facet normal 0 -0.783381 -0.621542
    outer loop
      vertex -6.15179 -21.7866 0.999987
      vertex -5.54303 -20.9932 1.90735e-07
      vertex -6.15178 -21.7866 0.999987
    endloop
  endfacet
  facet normal -0.393256 -0.588554 -0.706367
    outer loop
      vertex -5.54303 -20.9932 1.90735e-07
      vertex -6.15179 -21.7866 0.999987
      vertex -6.20648 -20.5499 1.90735e-07
    endloop
  endfacet
  facet normal -0.046263 0.70635 -0.70635
    outer loop
      vertex -8.59079 -30.8891 1
      vertex -9.25648 -31.9327 1.90735e-07
      vertex -9.25648 -30.9327 1
    endloop
  endfacet
  facet normal 0.313142 0.634878 -0.706309
    outer loop
      vertex -11.2082 -30.5445 1
      vertex -11.5908 -31.4683 1.90735e-07
      vertex -11.8065 -30.2494 1
    endloop
  endfacet
  facet normal 0.393251 0.58859 -0.70634
    outer loop
      vertex -20.8482 -24.9788 1
      vertex -20.7935 -26.2154 1.90735e-07
      vertex -21.457 -25.7721 1.90735e-07
    endloop
  endfacet
  facet normal -0.466715 -0.532194 -0.706361
    outer loop
      vertex -6.15177 -21.7866 0.999986
      vertex -5.54303 -20.9932 1.90735e-07
      vertex -4.94312 -21.5193 1.90735e-07
    endloop
  endfacet
  facet normal 0 -0.78338 -0.621543
    outer loop
      vertex -6.15178 -21.7866 0.999986
      vertex -5.54303 -20.9932 1.90735e-07
      vertex -6.15177 -21.7866 0.999986
    endloop
  endfacet
  facet normal -0.793376 0.608732 0
    outer loop
      vertex -5.54303 -20.9932 1.90735e-07
      vertex -6.15178 -21.7866 0.999986
      vertex -6.15178 -21.7866 0.999987
    endloop
  endfacet
  facet normal -0.466697 -0.532228 -0.706348
    outer loop
      vertex -4.94312 -21.5193 1.90735e-07
      vertex -5.65023 -22.2264 0.999995
      vertex -6.15177 -21.7866 0.999986
    endloop
  endfacet
  facet normal -0.227568 -0.670282 -0.706353
    outer loop
      vertex -15.4092 -15.297 1.90735e-07
      vertex -15.7918 -16.2209 0.999983
      vertex -16.1647 -15.0405 1.90735e-07
    endloop
  endfacet
  facet normal -0.694261 0.138123 -0.706345
    outer loop
      vertex -3.20866 -26.6289 1.90735e-07
      vertex -4.33025 -27.1526 0.999995
      vertex -4.2001 -26.4984 0.999998
    endloop
  endfacet
  facet normal -0.661503 -0.0149958 -0.749792
    outer loop
      vertex -4.33025 -27.1526 0.999995
      vertex -3.20866 -26.6289 1.90735e-07
      vertex -4.33025 -27.1527 0.999997
    endloop
  endfacet
  facet normal -0.706351 -0.0462917 -0.706346
    outer loop
      vertex -3.15648 -25.8327 1.90735e-07
      vertex -4.15646 -25.8327 0.999988
      vertex -3.20866 -25.0365 1.90735e-07
    endloop
  endfacet
  facet normal 0 -1 0
    outer loop
      vertex -4.15646 -25.8327 0.999988
      vertex -3.15648 -25.8327 1.90735e-07
      vertex -4.15646 -25.8327 0.99999
    endloop
  endfacet
  facet normal 0.138145 0.69427 -0.706333
    outer loop
      vertex -9.92216 -30.8891 1
      vertex -10.0527 -31.8805 1.90735e-07
      vertex -10.5765 -30.7589 1
    endloop
  endfacet
  facet normal 0.353559 0.612378 -0.707099
    outer loop
      vertex -20.2935 -25.3494 1
      vertex -11.8065 -30.2494 1
      vertex -20.7935 -26.2154 1.90735e-07
    endloop
  endfacet
  facet normal 0.706348 -0.0463092 -0.706348
    outer loop
      vertex -23.7913 -20.1365 1.90735e-07
      vertex -22.8435 -20.9327 1
      vertex -23.8435 -20.9327 1.90735e-07
    endloop
  endfacet
  facet normal 0.608787 -0.793333 0
    outer loop
      vertex -5.21037 -22.728 0.999996
      vertex -4.41702 -22.1192 1.90735e-07
      vertex -5.21037 -22.728 0.999997
    endloop
  endfacet
  facet normal -0.532213 -0.466697 -0.706359
    outer loop
      vertex -5.65022 -22.2264 0.999994
      vertex -4.41702 -22.1192 1.90735e-07
      vertex -5.21037 -22.728 0.999996
    endloop
  endfacet
  facet normal -0.0866017 0.996243 0
    outer loop
      vertex -4.41702 -22.1192 1.90735e-07
      vertex -5.65022 -22.2264 0.999994
      vertex -5.65022 -22.2264 0.999995
    endloop
  endfacet
  facet normal -0.68671 -0.343355 -0.640731
    outer loop
      vertex -6.70652 -21.4159 0.999995
      vertex -6.20648 -20.5499 1.90735e-07
      vertex -6.70647 -21.416 0.999995
    endloop
  endfacet
  facet normal -0.353554 -0.612371 -0.707108
    outer loop
      vertex -6.20648 -20.5499 1.90735e-07
      vertex -6.70652 -21.4159 0.999995
      vertex -14.6935 -15.6499 1.90735e-07
    endloop
  endfacet
  facet normal -0.588581 -0.393245 -0.706351
    outer loop
      vertex -3.97372 -22.7827 1.90735e-07
      vertex -4.83974 -23.2827 0.999992
      vertex -4.41702 -22.1192 1.90735e-07
    endloop
  endfacet
  facet normal -0.466732 0.532213 -0.706336
    outer loop
      vertex -5.54303 -30.6721 1.90735e-07
      vertex -6.15179 -29.8788 0.999995
      vertex -4.94312 -30.146 1.90735e-07
    endloop
  endfacet
  facet normal -0.793334 -0.608786 0
    outer loop
      vertex -6.15179 -29.8788 0.999995
      vertex -5.54303 -30.6721 1.90735e-07
      vertex -6.15179 -29.8788 0.999996
    endloop
  endfacet
  facet normal -0.313077 0.634875 -0.70634
    outer loop
      vertex -6.70648 -30.2494 1
      vertex -6.20648 -31.1154 1.90735e-07
      vertex -6.92211 -31.4683 1.90735e-07
    endloop
  endfacet
  facet normal 0.138126 0.694267 -0.706339
    outer loop
      vertex -10.5765 -30.7589 1
      vertex -10.0527 -31.8805 1.90735e-07
      vertex -10.8353 -31.7248 1.90735e-07
    endloop
  endfacet
  facet normal -0.138156 0.694269 -0.706331
    outer loop
      vertex -7.9365 -30.7589 1
      vertex -8.46027 -31.8805 1.90735e-07
      vertex -8.59079 -30.8891 1
    endloop
  endfacet
  facet normal -0.0463096 0.706363 -0.706333
    outer loop
      vertex -8.59079 -30.8891 1
      vertex -8.46027 -31.8805 1.90735e-07
      vertex -9.25648 -31.9327 1.90735e-07
    endloop
  endfacet
  facet normal 0.313053 0.634888 -0.706339
    outer loop
      vertex -11.8065 -30.2494 1
      vertex -11.5908 -31.4683 1.90735e-07
      vertex -12.3065 -31.1154 1.90735e-07
    endloop
  endfacet
  facet normal 0.353559 0.612378 -0.707099
    outer loop
      vertex -11.8065 -30.2494 1
      vertex -12.3065 -31.1154 1.90735e-07
      vertex -20.7935 -26.2154 1.90735e-07
    endloop
  endfacet
  facet normal 0.393243 0.588592 -0.706342
    outer loop
      vertex -20.2935 -25.3494 1
      vertex -20.7935 -26.2154 1.90735e-07
      vertex -20.8482 -24.9788 1
    endloop
  endfacet
  facet normal 0.0463089 -0.706344 -0.706353
    outer loop
      vertex -17.7435 -14.8327 1.90735e-07
      vertex -17.7435 -15.8327 0.999987
      vertex -18.5397 -14.8849 1.90735e-07
    endloop
  endfacet
  facet normal 0.313078 -0.634851 -0.706361
    outer loop
      vertex -20.0779 -15.297 1.90735e-07
      vertex -19.6952 -16.2209 0.99999
      vertex -20.7935 -15.6499 1.90735e-07
    endloop
  endfacet
  facet normal -0.313048 -0.634879 -0.70635
    outer loop
      vertex -15.7918 -16.2209 0.999982
      vertex -15.4092 -15.297 1.90735e-07
      vertex -14.6935 -15.6499 1.90735e-07
    endloop
  endfacet
  facet normal -0.923912 0.382605 0
    outer loop
      vertex -15.4092 -15.297 1.90735e-07
      vertex -15.7918 -16.2209 0.999982
      vertex -15.7918 -16.2209 0.999983
    endloop
  endfacet
  facet normal 0.130501 -0.991448 0
    outer loop
      vertex -4.2001 -25.167 0.999996
      vertex -3.20866 -25.0365 1.90735e-07
      vertex -4.2001 -25.167 0.999997
    endloop
  endfacet
  facet normal -0.694265 -0.138096 -0.706347
    outer loop
      vertex -3.20866 -25.0365 1.90735e-07
      vertex -4.2001 -25.167 0.999996
      vertex -4.33024 -24.5127 0.99999
    endloop
  endfacet
  facet normal -0.532201 -0.466729 -0.706347
    outer loop
      vertex -5.65022 -22.2264 0.999995
      vertex -4.94312 -21.5193 1.90735e-07
      vertex -4.41702 -22.1192 1.90735e-07
    endloop
  endfacet
  facet normal 0 -0.816498 -0.577349
    outer loop
      vertex -4.94312 -21.5193 1.90735e-07
      vertex -5.65022 -22.2264 0.999995
      vertex -5.65023 -22.2264 0.999995
    endloop
  endfacet
  facet normal -0.670299 -0.227525 -0.706351
    outer loop
      vertex -4.54468 -23.881 0.999988
      vertex -3.62081 -23.4983 1.90735e-07
      vertex -3.36433 -24.2539 1.90735e-07
    endloop
  endfacet
  facet normal -0.382701 0.923872 0
    outer loop
      vertex -3.62081 -23.4983 1.90735e-07
      vertex -4.54468 -23.881 0.999988
      vertex -4.54468 -23.881 0.999989
    endloop
  endfacet
  facet normal -0.634858 -0.313085 -0.706352
    outer loop
      vertex -3.62081 -23.4983 1.90735e-07
      vertex -4.54468 -23.881 0.999989
      vertex -4.83974 -23.2827 0.999992
    endloop
  endfacet
  facet normal -0.634859 0.313086 -0.70635
    outer loop
      vertex -3.62081 -28.1671 1.90735e-07
      vertex -4.83974 -28.3827 0.999997
      vertex -4.54468 -27.7844 0.999994
    endloop
  endfacet
  facet normal 0.174173 -0.984715 0
    outer loop
      vertex -4.83974 -28.3827 0.999997
      vertex -3.62081 -28.1671 1.90735e-07
      vertex -4.83974 -28.3827 0.999999
    endloop
  endfacet
  facet normal -0.53217 0.466761 -0.706349
    outer loop
      vertex -5.21037 -28.9374 1
      vertex -4.94312 -30.146 1.90735e-07
      vertex -5.65023 -29.4389 1
    endloop
  endfacet
  facet normal -0.588562 0.39328 -0.706346
    outer loop
      vertex -4.41702 -29.5461 1.90735e-07
      vertex -4.9478 -28.5444 1
      vertex -4.83975 -28.3827 0.999999
    endloop
  endfacet
  facet normal -0.588596 0.393251 -0.706335
    outer loop
      vertex -4.9478 -28.5444 1
      vertex -4.41702 -29.5461 1.90735e-07
      vertex -5.21037 -28.9374 1
    endloop
  endfacet
  facet normal -0.466744 0.532187 -0.706348
    outer loop
      vertex -4.94312 -30.146 1.90735e-07
      vertex -5.81157 -29.5804 1
      vertex -5.65023 -29.4389 1
    endloop
  endfacet
  facet normal -0.466757 0.532171 -0.706351
    outer loop
      vertex -4.94312 -30.146 1.90735e-07
      vertex -6.15178 -29.8788 0.999994
      vertex -5.81157 -29.5804 1
    endloop
  endfacet
  facet normal -0.0290679 0.956379 -0.290679
    outer loop
      vertex -6.15178 -29.8788 0.999994
      vertex -4.94312 -30.146 1.90735e-07
      vertex -6.15179 -29.8788 0.999995
    endloop
  endfacet
  facet normal -0.138127 0.694265 -0.706341
    outer loop
      vertex -7.9365 -30.7589 1
      vertex -7.67768 -31.7248 1.90735e-07
      vertex -8.46027 -31.8805 1.90735e-07
    endloop
  endfacet
  facet normal -0.22751 0.670336 -0.70632
    outer loop
      vertex -7.30479 -30.5445 1
      vertex -6.92211 -31.4683 1.90735e-07
      vertex -7.9365 -30.7589 1
    endloop
  endfacet
  facet normal 0.0462637 0.70635 -0.70635
    outer loop
      vertex -9.25648 -30.9327 1
      vertex -9.25648 -31.9327 1.90735e-07
      vertex -9.92216 -30.8891 1
    endloop
  endfacet
  facet normal 0.138034 -0.69425 -0.706373
    outer loop
      vertex -19.0635 -16.0065 0.999994
      vertex -19.3223 -15.0405 1.90735e-07
      vertex -18.5397 -14.8849 1.90735e-07
    endloop
  endfacet
  facet normal 0.694271 -0.138154 -0.706329
    outer loop
      vertex -22.6697 -19.6127 1
      vertex -22.7999 -20.267 1
      vertex -23.7913 -20.1365 1.90735e-07
    endloop
  endfacet
  facet normal -0.353556 -0.612374 -0.707104
    outer loop
      vertex -15.1935 -16.5159 0.999985
      vertex -14.6935 -15.6499 1.90735e-07
      vertex -6.70652 -21.4159 0.999995
    endloop
  endfacet
  facet normal -0.313038 -0.63489 -0.706344
    outer loop
      vertex -14.6935 -15.6499 1.90735e-07
      vertex -15.1935 -16.5159 0.999985
      vertex -15.7918 -16.2209 0.999982
    endloop
  endfacet
  facet normal 0 1 0
    outer loop
      vertex -3.15648 -25.8327 1.90735e-07
      vertex -4.15647 -25.8327 0.99999
      vertex -4.15646 -25.8327 0.99999
    endloop
  endfacet
  facet normal -0.706349 0.0462915 -0.706349
    outer loop
      vertex -4.15647 -25.8327 0.99999
      vertex -3.15648 -25.8327 1.90735e-07
      vertex -3.20866 -26.6289 1.90735e-07
    endloop
  endfacet
  facet normal -0.706351 0.0462868 -0.706347
    outer loop
      vertex -3.20866 -26.6289 1.90735e-07
      vertex -4.2001 -26.4984 0.999997
      vertex -4.15647 -25.8327 0.99999
    endloop
  endfacet
  facet normal -0.130501 -0.991448 0
    outer loop
      vertex -4.2001 -26.4984 0.999997
      vertex -3.20866 -26.6289 1.90735e-07
      vertex -4.2001 -26.4984 0.999998
    endloop
  endfacet
  facet normal 0.0229636 -0.973006 -0.229636
    outer loop
      vertex -4.33025 -24.5127 0.999989
      vertex -3.36433 -24.2539 1.90735e-07
      vertex -4.33024 -24.5127 0.99999
    endloop
  endfacet
  facet normal -0.670299 -0.227533 -0.706348
    outer loop
      vertex -3.36433 -24.2539 1.90735e-07
      vertex -4.33025 -24.5127 0.999989
      vertex -4.54468 -23.881 0.999988
    endloop
  endfacet
  facet normal -0.694266 -0.138099 -0.706345
    outer loop
      vertex -4.33024 -24.5127 0.99999
      vertex -3.36433 -24.2539 1.90735e-07
      vertex -3.20866 -25.0365 1.90735e-07
    endloop
  endfacet
  facet normal -0.70635 -0.0462953 -0.706347
    outer loop
      vertex -3.20866 -25.0365 1.90735e-07
      vertex -4.15646 -25.8327 0.999988
      vertex -4.2001 -25.167 0.999997
    endloop
  endfacet
  facet normal -0.588569 -0.393253 -0.706356
    outer loop
      vertex -4.41702 -22.1192 1.90735e-07
      vertex -4.83974 -23.2827 0.999992
      vertex -5.21037 -22.728 0.999997
    endloop
  endfacet
  facet normal -0.313132 0.634869 -0.706321
    outer loop
      vertex -6.70648 -30.2494 1
      vertex -6.92211 -31.4683 1.90735e-07
      vertex -7.30479 -30.5445 1
    endloop
  endfacet
  facet normal -0.532211 0.466738 -0.706333
    outer loop
      vertex -4.41702 -29.5461 1.90735e-07
      vertex -4.94312 -30.146 1.90735e-07
      vertex -5.21037 -28.9374 1
    endloop
  endfacet
  facet normal -0.227553 0.670301 -0.70634
    outer loop
      vertex -6.92211 -31.4683 1.90735e-07
      vertex -7.67768 -31.7248 1.90735e-07
      vertex -7.9365 -30.7589 1
    endloop
  endfacet
  facet normal 0.046309 0.706363 -0.706333
    outer loop
      vertex -9.92216 -30.8891 1
      vertex -9.25648 -31.9327 1.90735e-07
      vertex -10.0527 -31.8805 1.90735e-07
    endloop
  endfacet
  facet normal 0.227516 0.670344 -0.706311
    outer loop
      vertex -11.2082 -30.5445 1
      vertex -10.5765 -30.7589 1
      vertex -11.5908 -31.4683 1.90735e-07
    endloop
  endfacet
  facet normal 0.227573 0.670298 -0.706337
    outer loop
      vertex -10.5765 -30.7589 1
      vertex -10.8353 -31.7248 1.90735e-07
      vertex -11.5908 -31.4683 1.90735e-07
    endloop
  endfacet
  facet normal 0.532202 0.46673 -0.706345
    outer loop
      vertex -21.3498 -24.5389 1
      vertex -22.0569 -25.246 1.90735e-07
      vertex -22.583 -24.6461 1.90735e-07
    endloop
  endfacet
  facet normal 0.466732 0.532204 -0.706343
    outer loop
      vertex -20.8482 -24.9788 1
      vertex -21.457 -25.7721 1.90735e-07
      vertex -22.0569 -25.246 1.90735e-07
    endloop
  endfacet
  facet normal 0.634869 0.313087 -0.706341
    outer loop
      vertex -22.1603 -23.4827 1
      vertex -23.0263 -23.9827 1.90735e-07
      vertex -23.3792 -23.2671 1.90735e-07
    endloop
  endfacet
  facet normal -0.138179 -0.694265 -0.706331
    outer loop
      vertex -17.0778 -15.8763 0.999994
      vertex -16.9473 -14.8849 1.90735e-07
      vertex -16.4236 -16.0065 0.999989
    endloop
  endfacet
  facet normal -0.991447 0.130506 0
    outer loop
      vertex -16.9473 -14.8849 1.90735e-07
      vertex -17.0778 -15.8763 0.999994
      vertex -17.0778 -15.8763 0.999995
    endloop
  endfacet
  facet normal 0 -0.719224 -0.694778
    outer loop
      vertex -16.4236 -16.0065 0.999989
      vertex -16.1647 -15.0405 1.90735e-07
      vertex -16.4235 -16.0065 0.999989
    endloop
  endfacet
  facet normal -0.138032 -0.694242 -0.706382
    outer loop
      vertex -16.1647 -15.0405 1.90735e-07
      vertex -16.4236 -16.0065 0.999989
      vertex -16.9473 -14.8849 1.90735e-07
    endloop
  endfacet
  facet normal 0.694252 -0.138034 -0.706371
    outer loop
      vertex -23.6357 -19.3539 1.90735e-07
      vertex -22.6697 -19.6127 1
      vertex -23.7913 -20.1365 1.90735e-07
    endloop
  endfacet
  facet normal -0.6703 0.227538 -0.706346
    outer loop
      vertex -3.36433 -27.4115 1.90735e-07
      vertex -4.54468 -27.7844 0.999992
      vertex -4.33025 -27.1527 0.999997
    endloop
  endfacet
  facet normal 0.301247 -0.953546 0
    outer loop
      vertex -4.54468 -27.7844 0.999992
      vertex -3.36433 -27.4115 1.90735e-07
      vertex -4.54468 -27.7844 0.999993
    endloop
  endfacet
  facet normal -0.6703 0.227526 -0.706349
    outer loop
      vertex -3.62081 -28.1671 1.90735e-07
      vertex -4.54468 -27.7844 0.999993
      vertex -3.36433 -27.4115 1.90735e-07
    endloop
  endfacet
  facet normal -0.382701 -0.923872 0
    outer loop
      vertex -4.54468 -27.7844 0.999993
      vertex -3.62081 -28.1671 1.90735e-07
      vertex -4.54468 -27.7844 0.999994
    endloop
  endfacet
  facet normal -0.634857 -0.31309 -0.70635
    outer loop
      vertex -4.83974 -23.2827 0.999992
      vertex -3.97372 -22.7827 1.90735e-07
      vertex -3.62081 -23.4983 1.90735e-07
    endloop
  endfacet
  facet normal -0.588557 0.393288 -0.706347
    outer loop
      vertex -4.41702 -29.5461 1.90735e-07
      vertex -4.83974 -28.3827 0.999999
      vertex -3.97372 -28.8827 1.90735e-07
    endloop
  endfacet
  facet normal 0 0.651842 -0.758354
    outer loop
      vertex -4.83974 -28.3827 0.999999
      vertex -4.41702 -29.5461 1.90735e-07
      vertex -4.83975 -28.3827 0.999999
    endloop
  endfacet
  facet normal -0.63486 0.313092 -0.706348
    outer loop
      vertex -3.97372 -28.8827 1.90735e-07
      vertex -4.83974 -28.3827 0.999999
      vertex -3.62081 -28.1671 1.90735e-07
    endloop
  endfacet
  facet normal -0.393202 0.588633 -0.706331
    outer loop
      vertex -5.54303 -30.6721 1.90735e-07
      vertex -6.44731 -30.0762 1
      vertex -6.15179 -29.8788 0.999996
    endloop
  endfacet
  facet normal -0.393305 0.588527 -0.706362
    outer loop
      vertex -6.44731 -30.0762 1
      vertex -5.54303 -30.6721 1.90735e-07
      vertex -6.70648 -30.2494 1
    endloop
  endfacet
  facet normal -0.39327 0.588575 -0.706341
    outer loop
      vertex -5.54303 -30.6721 1.90735e-07
      vertex -6.20648 -31.1154 1.90735e-07
      vertex -6.70648 -30.2494 1
    endloop
  endfacet
  facet normal 0.694252 0.138034 -0.706371
    outer loop
      vertex -22.6697 -22.2527 1
      vertex -23.6357 -22.5115 1.90735e-07
      vertex -23.7913 -21.7289 1.90735e-07
    endloop
  endfacet
  facet normal 0.466734 0.532198 -0.706345
    outer loop
      vertex -21.3498 -24.5389 1
      vertex -20.8482 -24.9788 1
      vertex -22.0569 -25.246 1.90735e-07
    endloop
  endfacet
  facet normal -0.923877 -0.38269 0
    outer loop
      vertex -20.0779 -15.297 1.90735e-07
      vertex -19.6952 -16.2209 0.999989
      vertex -19.6952 -16.2209 0.99999
    endloop
  endfacet
  facet normal 0.227538 -0.670283 -0.706362
    outer loop
      vertex -19.6952 -16.2209 0.999989
      vertex -20.0779 -15.297 1.90735e-07
      vertex -19.3223 -15.0405 1.90735e-07
    endloop
  endfacet
  facet normal 0.227501 -0.670283 -0.706374
    outer loop
      vertex -19.3223 -15.0405 1.90735e-07
      vertex -19.0635 -16.0065 0.999994
      vertex -19.6952 -16.2209 0.999989
    endloop
  endfacet
  facet normal 0.046254 -0.706368 -0.706332
    outer loop
      vertex -18.4092 -15.8763 0.999996
      vertex -18.5397 -14.8849 1.90735e-07
      vertex -17.7435 -15.8327 0.999987
    endloop
  endfacet
  facet normal -0.991447 -0.130506 0
    outer loop
      vertex -18.5397 -14.8849 1.90735e-07
      vertex -18.4092 -15.8763 0.999996
      vertex -18.4092 -15.8763 0.999998
    endloop
  endfacet
  facet normal 0.138159 -0.694269 -0.70633
    outer loop
      vertex -19.0635 -16.0065 0.999993
      vertex -18.5397 -14.8849 1.90735e-07
      vertex -18.4092 -15.8763 0.999998
    endloop
  endfacet
  facet normal -0.906063 0.423142 0
    outer loop
      vertex -18.5397 -14.8849 1.90735e-07
      vertex -19.0635 -16.0065 0.999993
      vertex -19.0635 -16.0065 0.999994
    endloop
  endfacet
  facet normal 0.393222 -0.588569 -0.706374
    outer loop
      vertex -20.8482 -16.8866 1
      vertex -20.7935 -15.6499 1.90735e-07
      vertex -20.2935 -16.516 0.999995
    endloop
  endfacet
  facet normal 0.466714 -0.532184 -0.70637
    outer loop
      vertex -21.457 -16.0932 1.90735e-07
      vertex -20.8482 -16.8866 1
      vertex -22.0569 -16.6193 1.90735e-07
    endloop
  endfacet
  facet normal 0.588565 -0.393234 -0.706369
    outer loop
      vertex -22.583 -17.2192 1.90735e-07
      vertex -21.7896 -17.828 1
      vertex -23.0263 -17.8827 1.90735e-07
    endloop
  endfacet
  facet normal 0.706348 0.0463092 -0.706348
    outer loop
      vertex -22.8435 -20.9327 1
      vertex -23.7913 -21.7289 1.90735e-07
      vertex -23.8435 -20.9327 1.90735e-07
    endloop
  endfacet
  facet normal -0.2275 -0.670281 -0.706377
    outer loop
      vertex -16.4235 -16.0065 0.999988
      vertex -16.1647 -15.0405 1.90735e-07
      vertex -15.7918 -16.2209 0.999983
    endloop
  endfacet
  facet normal -0.965936 0.258783 0
    outer loop
      vertex -16.1647 -15.0405 1.90735e-07
      vertex -16.4235 -16.0065 0.999988
      vertex -16.4235 -16.0065 0.999989
    endloop
  endfacet
  facet normal -1 0 0
    outer loop
      vertex -17.7435 -14.8327 1.90735e-07
      vertex -17.7435 -15.8327 0.999986
      vertex -17.7435 -15.8327 0.999987
    endloop
  endfacet
  facet normal -0.0463089 -0.706343 -0.706353
    outer loop
      vertex -17.7435 -15.8327 0.999986
      vertex -17.7435 -14.8327 1.90735e-07
      vertex -16.9473 -14.8849 1.90735e-07
    endloop
  endfacet
  facet normal -0.046254 -0.706367 -0.706332
    outer loop
      vertex -16.9473 -14.8849 1.90735e-07
      vertex -17.0778 -15.8763 0.999995
      vertex -17.7435 -15.8327 0.999986
    endloop
  endfacet
  facet normal 0.393234 -0.588565 -0.706369
    outer loop
      vertex -20.7935 -15.6499 1.90735e-07
      vertex -20.8482 -16.8866 1
      vertex -21.457 -16.0932 1.90735e-07
    endloop
  endfacet
  facet normal 0.313039 -0.634892 -0.706341
    outer loop
      vertex -20.2935 -16.5159 0.999993
      vertex -20.7935 -15.6499 1.90735e-07
      vertex -19.6952 -16.2209 0.99999
    endloop
  endfacet
  facet normal 0.891225 -0.0090694 -0.45347
    outer loop
      vertex -20.7935 -15.6499 1.90735e-07
      vertex -20.2935 -16.5159 0.999993
      vertex -20.2935 -16.516 0.999995
    endloop
  endfacet
  facet normal 0.588797 -0.392857 -0.706386
    outer loop
      vertex -23.0263 -17.8827 1.90735e-07
      vertex -22.0812 -18.2643 1
      vertex -22.1602 -18.3827 0.999999
    endloop
  endfacet
  facet normal 0.588538 -0.393348 -0.706329
    outer loop
      vertex -22.0812 -18.2643 1
      vertex -23.0263 -17.8827 1.90735e-07
      vertex -21.7896 -17.828 1
    endloop
  endfacet
  facet normal -0.0044413 -0.895952 -0.44413
    outer loop
      vertex -23.0263 -17.8827 1.90735e-07
      vertex -22.1602 -18.3827 0.999999
      vertex -22.1603 -18.3827 1
    endloop
  endfacet
  facet normal 0 0 -1
    outer loop
      vertex -9.25648 -30.9327 1
      vertex -9.92215 -30.8891 1
      vertex -9.25647 -30.9327 1
    endloop
  endfacet
  facet normal 0 0 -1
    outer loop
      vertex -9.92216 -30.8891 1
      vertex -9.92215 -30.8891 1
      vertex -9.25648 -30.9327 1
    endloop
  endfacet
  facet normal 0 0 -1
    outer loop
      vertex -9.92216 -30.8891 1
      vertex -10.5764 -30.7589 1
      vertex -9.92215 -30.8891 1
    endloop
  endfacet
  facet normal 0 0 -1
    outer loop
      vertex -10.5765 -30.7589 1
      vertex -10.5764 -30.7589 1
      vertex -9.92216 -30.8891 1
    endloop
  endfacet
  facet normal 0 0 -1
    outer loop
      vertex -11.2082 -30.5445 1
      vertex -10.5764 -30.7589 1
      vertex -10.5765 -30.7589 1
    endloop
  endfacet
  facet normal 0 0 -1
    outer loop
      vertex -22.1603 -23.4827 1
      vertex -22.1602 -23.4827 1
      vertex -21.7896 -24.0374 1
    endloop
  endfacet
  facet normal 0 0 -1
    outer loop
      vertex -22.4553 -22.8844 1
      vertex -22.1602 -23.4827 1
      vertex -22.1603 -23.4827 1
    endloop
  endfacet
  facet normal 0 0 1
    outer loop
      vertex -6.70648 -30.2494 1
      vertex -6.70647 -30.2494 1
      vertex -6.44731 -30.0762 1
    endloop
  endfacet
  facet normal -0 0 1
    outer loop
      vertex -6.70648 -30.2494 1
      vertex -7.30478 -30.5445 1
      vertex -6.70647 -30.2494 1
    endloop
  endfacet
  facet normal 0 0 1
    outer loop
      vertex -7.30479 -30.5445 1
      vertex -7.30478 -30.5445 1
      vertex -6.70648 -30.2494 1
    endloop
  endfacet
  facet normal -0 0 1
    outer loop
      vertex -7.30479 -30.5445 1
      vertex -7.93649 -30.7589 1
      vertex -7.30478 -30.5445 1
    endloop
  endfacet
  facet normal 0 0 1
    outer loop
      vertex -7.9365 -30.7589 1
      vertex -7.93649 -30.7589 1
      vertex -7.30479 -30.5445 1
    endloop
  endfacet
  facet normal 0 0 1
    outer loop
      vertex -9.25648 -30.9327 1
      vertex -9.25647 -30.9327 1
      vertex -8.59079 -30.8891 1
    endloop
  endfacet
  facet normal 0 0 -1
    outer loop
      vertex -7.9365 -30.7589 1
      vertex -8.59079 -30.8891 1
      vertex -9.25648 -30.9327 1
    endloop
  endfacet
  facet normal 0 0 1
    outer loop
      vertex -7.93649 -30.7589 1
      vertex -7.9365 -30.7589 1
      vertex -9.25648 -30.9327 1
    endloop
  endfacet
  facet normal 0 0 1
    outer loop
      vertex -9.25648 -30.9327 1
      vertex -8.59079 -30.8891 1
      vertex -7.93649 -30.7589 1
    endloop
  endfacet
  facet normal 0 0 1
    outer loop
      vertex -5.65023 -29.4389 1
      vertex -5.65022 -29.4389 1
      vertex -5.21037 -28.9374 1
    endloop
  endfacet
  facet normal 0 0 1
    outer loop
      vertex -5.65022 -29.4389 1
      vertex -5.65023 -29.4389 1
      vertex -5.81157 -29.5804 1
    endloop
  endfacet
  facet normal 0.6703 -0.22745 -0.706374
    outer loop
      vertex -23.6357 -19.3539 1.90735e-07
      vertex -22.5055 -19.1288 1
      vertex -22.6697 -19.6127 1
    endloop
  endfacet
  facet normal 0.67029 -0.227667 -0.706314
    outer loop
      vertex -22.5055 -19.1288 1
      vertex -23.6357 -19.3539 1.90735e-07
      vertex -22.4553 -18.981 0.999999
    endloop
  endfacet
  facet normal 0.706368 0.0462636 -0.706331
    outer loop
      vertex -22.8435 -20.9327 1
      vertex -22.7999 -21.5984 1
      vertex -23.7913 -21.7289 1.90735e-07
    endloop
  endfacet
  facet normal 0.694271 0.138154 -0.706329
    outer loop
      vertex -22.7999 -21.5984 1
      vertex -22.6697 -22.2527 1
      vertex -23.7913 -21.7289 1.90735e-07
    endloop
  endfacet
  facet normal 0.634875 0.313034 -0.706359
    outer loop
      vertex -22.4553 -22.8844 1
      vertex -22.1603 -23.4827 1
      vertex -23.3792 -23.2671 1.90735e-07
    endloop
  endfacet
  facet normal 0.588562 0.393291 -0.70634
    outer loop
      vertex -22.1603 -23.4827 1
      vertex -22.583 -24.6461 1.90735e-07
      vertex -23.0263 -23.9827 1.90735e-07
    endloop
  endfacet
  facet normal 0.588535 0.393311 -0.706352
    outer loop
      vertex -22.1603 -23.4827 1
      vertex -21.7896 -24.0374 1
      vertex -22.583 -24.6461 1.90735e-07
    endloop
  endfacet
  facet normal 0.532204 0.466726 -0.706347
    outer loop
      vertex -21.7896 -24.0374 1
      vertex -21.3498 -24.5389 1
      vertex -22.583 -24.6461 1.90735e-07
    endloop
  endfacet
  facet normal 0.670287 0.227539 -0.706358
    outer loop
      vertex -22.4553 -22.8844 1
      vertex -23.3792 -23.2671 1.90735e-07
      vertex -23.6357 -22.5115 1.90735e-07
    endloop
  endfacet
  facet normal 0.670286 0.227496 -0.706372
    outer loop
      vertex -22.6697 -22.2527 1
      vertex -22.4553 -22.8844 1
      vertex -23.6357 -22.5115 1.90735e-07
    endloop
  endfacet
  facet normal 0.466678 -0.53225 -0.706344
    outer loop
      vertex -21.3498 -17.3264 0.999997
      vertex -22.0569 -16.6193 1.90735e-07
      vertex -20.8482 -16.8866 1
    endloop
  endfacet
  facet normal -0.707107 -0.707107 0
    outer loop
      vertex -22.0569 -16.6193 1.90735e-07
      vertex -21.3498 -17.3264 0.999997
      vertex -21.3498 -17.3264 0.999999
    endloop
  endfacet
  facet normal 0.532193 -0.466709 -0.706366
    outer loop
      vertex -22.0569 -16.6193 1.90735e-07
      vertex -21.5651 -17.572 1
      vertex -21.7896 -17.828 1
    endloop
  endfacet
  facet normal 0.532296 -0.466629 -0.706341
    outer loop
      vertex -21.5651 -17.572 1
      vertex -22.0569 -16.6193 1.90735e-07
      vertex -21.3498 -17.3264 0.999999
    endloop
  endfacet
  facet normal 0.532184 -0.466714 -0.70637
    outer loop
      vertex -22.0569 -16.6193 1.90735e-07
      vertex -21.7896 -17.828 1
      vertex -22.583 -17.2192 1.90735e-07
    endloop
  endfacet
  facet normal 0.634869 -0.313087 -0.706341
    outer loop
      vertex -23.0263 -17.8827 1.90735e-07
      vertex -22.1603 -18.3827 1
      vertex -23.3792 -18.5983 1.90735e-07
    endloop
  endfacet
  facet normal 0.706368 -0.0462636 -0.706331
    outer loop
      vertex -22.7999 -20.267 1
      vertex -22.8435 -20.9327 1
      vertex -23.7913 -20.1365 1.90735e-07
    endloop
  endfacet
  facet normal 0.634852 -0.313082 -0.706359
    outer loop
      vertex -23.3792 -18.5983 1.90735e-07
      vertex -22.2028 -18.469 1
      vertex -22.4553 -18.981 0.999997
    endloop
  endfacet
  facet normal 0.634914 -0.312675 -0.706484
    outer loop
      vertex -22.2028 -18.469 1
      vertex -23.3792 -18.5983 1.90735e-07
      vertex -22.1603 -18.3827 1
    endloop
  endfacet
  facet normal -0.38269 -0.923877 0
    outer loop
      vertex -23.3792 -18.5983 1.90735e-07
      vertex -22.4553 -18.981 0.999997
      vertex -22.4553 -18.981 0.999999
    endloop
  endfacet
  facet normal 0.670287 -0.227539 -0.706358
    outer loop
      vertex -23.3792 -18.5983 1.90735e-07
      vertex -22.4553 -18.981 0.999999
      vertex -23.6357 -19.3539 1.90735e-07
    endloop
  endfacet
  facet normal -0.313038 0.63489 -0.706344
    outer loop
      vertex -15.1935 16.5159 0.999985
      vertex -14.6935 15.6499 1.90735e-07
      vertex -15.7918 16.2209 0.999982
    endloop
  endfacet
  facet normal -0.353556 0.612374 -0.707104
    outer loop
      vertex -14.6935 15.6499 1.90735e-07
      vertex -15.1935 16.5159 0.999985
      vertex -6.70652 21.4159 0.999995
    endloop
  endfacet
  facet normal 0.670286 -0.227496 -0.706372
    outer loop
      vertex -22.4553 22.8844 1
      vertex -22.6697 22.2527 1
      vertex -23.6357 22.5115 1.90735e-07
    endloop
  endfacet
  facet normal 0.313142 -0.634878 -0.706309
    outer loop
      vertex -11.5908 31.4683 1.90735e-07
      vertex -11.2082 30.5445 1
      vertex -11.8065 30.2494 1
    endloop
  endfacet
  facet normal -0.313048 0.634879 -0.70635
    outer loop
      vertex -15.4092 15.297 1.90735e-07
      vertex -15.7918 16.2209 0.999982
      vertex -14.6935 15.6499 1.90735e-07
    endloop
  endfacet
  facet normal -0.923912 -0.382605 0
    outer loop
      vertex -15.7918 16.2209 0.999982
      vertex -15.4092 15.297 1.90735e-07
      vertex -15.7918 16.2209 0.999983
    endloop
  endfacet
  facet normal 0.532296 0.466629 -0.706341
    outer loop
      vertex -22.0569 16.6193 1.90735e-07
      vertex -21.5651 17.572 1
      vertex -21.3498 17.3264 0.999999
    endloop
  endfacet
  facet normal 0.532193 0.466709 -0.706366
    outer loop
      vertex -21.5651 17.572 1
      vertex -22.0569 16.6193 1.90735e-07
      vertex -21.7896 17.828 1
    endloop
  endfacet
  facet normal 0.313053 -0.634888 -0.706339
    outer loop
      vertex -11.5908 31.4683 1.90735e-07
      vertex -11.8065 30.2494 1
      vertex -12.3065 31.1154 1.90735e-07
    endloop
  endfacet
  facet normal 0.393251 -0.58859 -0.70634
    outer loop
      vertex -20.7935 26.2154 1.90735e-07
      vertex -20.8482 24.9788 1
      vertex -21.457 25.7721 1.90735e-07
    endloop
  endfacet
  facet normal -0.227568 0.670282 -0.706353
    outer loop
      vertex -15.7918 16.2209 0.999983
      vertex -15.4092 15.297 1.90735e-07
      vertex -16.1647 15.0405 1.90735e-07
    endloop
  endfacet
  facet normal -0.2275 0.670281 -0.706377
    outer loop
      vertex -16.1647 15.0405 1.90735e-07
      vertex -16.4235 16.0065 0.999988
      vertex -15.7918 16.2209 0.999983
    endloop
  endfacet
  facet normal -0.965936 -0.258783 0
    outer loop
      vertex -16.4235 16.0065 0.999988
      vertex -16.1647 15.0405 1.90735e-07
      vertex -16.4235 16.0065 0.999989
    endloop
  endfacet
  facet normal -0.588581 0.393245 -0.706351
    outer loop
      vertex -4.83974 23.2827 0.999992
      vertex -3.97372 22.7827 1.90735e-07
      vertex -4.41702 22.1192 1.90735e-07
    endloop
  endfacet
  facet normal 0.588562 -0.393291 -0.70634
    outer loop
      vertex -22.583 24.6461 1.90735e-07
      vertex -22.1603 23.4827 1
      vertex -23.0263 23.9827 1.90735e-07
    endloop
  endfacet
  facet normal 0.353559 -0.612378 -0.707099
    outer loop
      vertex -11.8065 30.2494 1
      vertex -20.2935 25.3494 1
      vertex -20.7935 26.2154 1.90735e-07
    endloop
  endfacet
  facet normal -0.694266 0.138099 -0.706345
    outer loop
      vertex -3.36433 24.2539 1.90735e-07
      vertex -4.33024 24.5127 0.99999
      vertex -3.20866 25.0365 1.90735e-07
    endloop
  endfacet
  facet normal 0.891225 0.0090694 -0.45347
    outer loop
      vertex -20.2935 16.5159 0.999993
      vertex -20.7935 15.6499 1.90735e-07
      vertex -20.2935 16.516 0.999995
    endloop
  endfacet
  facet normal 0.313039 0.634892 -0.706341
    outer loop
      vertex -20.7935 15.6499 1.90735e-07
      vertex -20.2935 16.5159 0.999993
      vertex -19.6952 16.2209 0.99999
    endloop
  endfacet
  facet normal 0.670287 0.227539 -0.706358
    outer loop
      vertex -22.4553 18.981 0.999999
      vertex -23.3792 18.5983 1.90735e-07
      vertex -23.6357 19.3539 1.90735e-07
    endloop
  endfacet
  facet normal 0.670287 -0.227539 -0.706358
    outer loop
      vertex -23.3792 23.2671 1.90735e-07
      vertex -22.4553 22.8844 1
      vertex -23.6357 22.5115 1.90735e-07
    endloop
  endfacet
  facet normal 0.393243 -0.588592 -0.706342
    outer loop
      vertex -20.7935 26.2154 1.90735e-07
      vertex -20.2935 25.3494 1
      vertex -20.8482 24.9788 1
    endloop
  endfacet
  facet normal 0.353559 -0.612378 -0.707099
    outer loop
      vertex -12.3065 31.1154 1.90735e-07
      vertex -11.8065 30.2494 1
      vertex -20.7935 26.2154 1.90735e-07
    endloop
  endfacet
  facet normal 0.227573 -0.670298 -0.706337
    outer loop
      vertex -10.8353 31.7248 1.90735e-07
      vertex -10.5765 30.7589 1
      vertex -11.5908 31.4683 1.90735e-07
    endloop
  endfacet
  facet normal 0 0.719224 -0.694778
    outer loop
      vertex -16.1647 15.0405 1.90735e-07
      vertex -16.4236 16.0065 0.999989
      vertex -16.4235 16.0065 0.999989
    endloop
  endfacet
  facet normal -0.138032 0.694242 -0.706382
    outer loop
      vertex -16.4236 16.0065 0.999989
      vertex -16.1647 15.0405 1.90735e-07
      vertex -16.9473 14.8849 1.90735e-07
    endloop
  endfacet
  facet normal -0.393244 0.588557 -0.706371
    outer loop
      vertex -6.20648 20.5499 1.90735e-07
      vertex -6.70647 21.416 0.999995
      vertex -6.15179 21.7866 0.999987
    endloop
  endfacet
  facet normal -0.68671 0.343355 -0.640731
    outer loop
      vertex -6.20648 20.5499 1.90735e-07
      vertex -6.70652 21.4159 0.999995
      vertex -6.70647 21.416 0.999995
    endloop
  endfacet
  facet normal -0.353554 0.612371 -0.707108
    outer loop
      vertex -6.70652 21.4159 0.999995
      vertex -6.20648 20.5499 1.90735e-07
      vertex -14.6935 15.6499 1.90735e-07
    endloop
  endfacet
  facet normal -0.466715 0.532194 -0.706361
    outer loop
      vertex -5.54303 20.9932 1.90735e-07
      vertex -6.15177 21.7866 0.999986
      vertex -4.94312 21.5193 1.90735e-07
    endloop
  endfacet
  facet normal 0 0.78338 -0.621543
    outer loop
      vertex -5.54303 20.9932 1.90735e-07
      vertex -6.15178 21.7866 0.999986
      vertex -6.15177 21.7866 0.999986
    endloop
  endfacet
  facet normal -0.793376 -0.608732 0
    outer loop
      vertex -6.15178 21.7866 0.999986
      vertex -5.54303 20.9932 1.90735e-07
      vertex -6.15178 21.7866 0.999987
    endloop
  endfacet
  facet normal 0.0463089 0.706344 -0.706353
    outer loop
      vertex -17.7435 15.8327 0.999987
      vertex -17.7435 14.8327 1.90735e-07
      vertex -18.5397 14.8849 1.90735e-07
    endloop
  endfacet
  facet normal 0.138159 0.694269 -0.70633
    outer loop
      vertex -18.5397 14.8849 1.90735e-07
      vertex -19.0635 16.0065 0.999993
      vertex -18.4092 15.8763 0.999998
    endloop
  endfacet
  facet normal -0.906063 -0.423142 0
    outer loop
      vertex -19.0635 16.0065 0.999993
      vertex -18.5397 14.8849 1.90735e-07
      vertex -19.0635 16.0065 0.999994
    endloop
  endfacet
  facet normal 0.694252 0.138034 -0.706371
    outer loop
      vertex -22.6697 19.6127 1
      vertex -23.6357 19.3539 1.90735e-07
      vertex -23.7913 20.1365 1.90735e-07
    endloop
  endfacet
  facet normal 0.694252 -0.138034 -0.706371
    outer loop
      vertex -23.6357 22.5115 1.90735e-07
      vertex -22.6697 22.2527 1
      vertex -23.7913 21.7289 1.90735e-07
    endloop
  endfacet
  facet normal 0.634914 0.312675 -0.706484
    outer loop
      vertex -23.3792 18.5983 1.90735e-07
      vertex -22.2028 18.469 1
      vertex -22.1603 18.3827 1
    endloop
  endfacet
  facet normal -0.38269 0.923877 0
    outer loop
      vertex -22.4553 18.981 0.999997
      vertex -23.3792 18.5983 1.90735e-07
      vertex -22.4553 18.981 0.999999
    endloop
  endfacet
  facet normal 0.634852 0.313082 -0.706359
    outer loop
      vertex -22.2028 18.469 1
      vertex -23.3792 18.5983 1.90735e-07
      vertex -22.4553 18.981 0.999997
    endloop
  endfacet
  facet normal 0.588535 -0.393311 -0.706352
    outer loop
      vertex -21.7896 24.0374 1
      vertex -22.1603 23.4827 1
      vertex -22.583 24.6461 1.90735e-07
    endloop
  endfacet
  facet normal 0.466732 -0.532204 -0.706343
    outer loop
      vertex -21.457 25.7721 1.90735e-07
      vertex -20.8482 24.9788 1
      vertex -22.0569 25.246 1.90735e-07
    endloop
  endfacet
  facet normal 0.634869 -0.313087 -0.706341
    outer loop
      vertex -23.0263 23.9827 1.90735e-07
      vertex -22.1603 23.4827 1
      vertex -23.3792 23.2671 1.90735e-07
    endloop
  endfacet
  facet normal 0.634875 -0.313034 -0.706359
    outer loop
      vertex -22.1603 23.4827 1
      vertex -22.4553 22.8844 1
      vertex -23.3792 23.2671 1.90735e-07
    endloop
  endfacet
  facet normal -0.393202 -0.588633 -0.706331
    outer loop
      vertex -6.44731 30.0762 1
      vertex -5.54303 30.6721 1.90735e-07
      vertex -6.15179 29.8788 0.999996
    endloop
  endfacet
  facet normal -0.393305 -0.588527 -0.706362
    outer loop
      vertex -5.54303 30.6721 1.90735e-07
      vertex -6.44731 30.0762 1
      vertex -6.70648 30.2494 1
    endloop
  endfacet
  facet normal 0.608787 0.793333 0
    outer loop
      vertex -4.41702 22.1192 1.90735e-07
      vertex -5.21037 22.728 0.999996
      vertex -5.21037 22.728 0.999997
    endloop
  endfacet
  facet normal -0.532213 0.466697 -0.706359
    outer loop
      vertex -4.41702 22.1192 1.90735e-07
      vertex -5.65022 22.2264 0.999994
      vertex -5.21037 22.728 0.999996
    endloop
  endfacet
  facet normal -0.0866017 -0.996243 0
    outer loop
      vertex -5.65022 22.2264 0.999994
      vertex -4.41702 22.1192 1.90735e-07
      vertex -5.65022 22.2264 0.999995
    endloop
  endfacet
  facet normal -0.694261 -0.138123 -0.706345
    outer loop
      vertex -4.33025 27.1526 0.999995
      vertex -3.20866 26.6289 1.90735e-07
      vertex -4.2001 26.4984 0.999998
    endloop
  endfacet
  facet normal -0.661503 0.0149958 -0.749792
    outer loop
      vertex -3.20866 26.6289 1.90735e-07
      vertex -4.33025 27.1526 0.999995
      vertex -4.33025 27.1527 0.999997
    endloop
  endfacet
  facet normal -0.670299 0.227525 -0.706351
    outer loop
      vertex -3.62081 23.4983 1.90735e-07
      vertex -4.54468 23.881 0.999988
      vertex -3.36433 24.2539 1.90735e-07
    endloop
  endfacet
  facet normal -0.382701 -0.923872 0
    outer loop
      vertex -4.54468 23.881 0.999988
      vertex -3.62081 23.4983 1.90735e-07
      vertex -4.54468 23.881 0.999989
    endloop
  endfacet
  facet normal -0.138179 0.694265 -0.706331
    outer loop
      vertex -16.9473 14.8849 1.90735e-07
      vertex -17.0778 15.8763 0.999994
      vertex -16.4236 16.0065 0.999989
    endloop
  endfacet
  facet normal -0.991447 -0.130506 0
    outer loop
      vertex -17.0778 15.8763 0.999994
      vertex -16.9473 14.8849 1.90735e-07
      vertex -17.0778 15.8763 0.999995
    endloop
  endfacet
  facet normal 0.227501 0.670283 -0.706374
    outer loop
      vertex -19.0635 16.0065 0.999994
      vertex -19.3223 15.0405 1.90735e-07
      vertex -19.6952 16.2209 0.999989
    endloop
  endfacet
  facet normal 0.393234 0.588565 -0.706369
    outer loop
      vertex -20.8482 16.8866 1
      vertex -20.7935 15.6499 1.90735e-07
      vertex -21.457 16.0932 1.90735e-07
    endloop
  endfacet
  facet normal -0.707107 0.707107 0
    outer loop
      vertex -21.3498 17.3264 0.999997
      vertex -22.0569 16.6193 1.90735e-07
      vertex -21.3498 17.3264 0.999999
    endloop
  endfacet
  facet normal 0.466678 0.53225 -0.706344
    outer loop
      vertex -22.0569 16.6193 1.90735e-07
      vertex -21.3498 17.3264 0.999997
      vertex -20.8482 16.8866 1
    endloop
  endfacet
  facet normal 0.393222 0.588569 -0.706374
    outer loop
      vertex -20.7935 15.6499 1.90735e-07
      vertex -20.8482 16.8866 1
      vertex -20.2935 16.516 0.999995
    endloop
  endfacet
  facet normal 0.313078 0.634851 -0.706361
    outer loop
      vertex -19.6952 16.2209 0.99999
      vertex -20.0779 15.297 1.90735e-07
      vertex -20.7935 15.6499 1.90735e-07
    endloop
  endfacet
  facet normal 0.227538 0.670283 -0.706362
    outer loop
      vertex -20.0779 15.297 1.90735e-07
      vertex -19.6952 16.2209 0.999989
      vertex -19.3223 15.0405 1.90735e-07
    endloop
  endfacet
  facet normal -0.923877 0.38269 0
    outer loop
      vertex -19.6952 16.2209 0.999989
      vertex -20.0779 15.297 1.90735e-07
      vertex -19.6952 16.2209 0.99999
    endloop
  endfacet
  facet normal 0.694271 0.138154 -0.706329
    outer loop
      vertex -22.7999 20.267 1
      vertex -22.6697 19.6127 1
      vertex -23.7913 20.1365 1.90735e-07
    endloop
  endfacet
  facet normal 0.67029 0.227667 -0.706314
    outer loop
      vertex -23.6357 19.3539 1.90735e-07
      vertex -22.5055 19.1288 1
      vertex -22.4553 18.981 0.999999
    endloop
  endfacet
  facet normal 0.6703 0.22745 -0.706374
    outer loop
      vertex -22.5055 19.1288 1
      vertex -23.6357 19.3539 1.90735e-07
      vertex -22.6697 19.6127 1
    endloop
  endfacet
  facet normal 0 0 1
    outer loop
      vertex -6.70647 30.2494 1
      vertex -6.70648 30.2494 1
      vertex -6.44731 30.0762 1
    endloop
  endfacet
  facet normal 0 0 1
    outer loop
      vertex -7.30478 30.5445 1
      vertex -6.70648 30.2494 1
      vertex -6.70647 30.2494 1
    endloop
  endfacet
  facet normal 0 0 1
    outer loop
      vertex -7.30478 30.5445 1
      vertex -7.30479 30.5445 1
      vertex -6.70648 30.2494 1
    endloop
  endfacet
  facet normal 0 0 1
    outer loop
      vertex -7.93649 30.7589 1
      vertex -7.30479 30.5445 1
      vertex -7.30478 30.5445 1
    endloop
  endfacet
  facet normal 0 0 1
    outer loop
      vertex -7.93649 30.7589 1
      vertex -7.9365 30.7589 1
      vertex -7.30479 30.5445 1
    endloop
  endfacet
  facet normal 0 0 -1
    outer loop
      vertex -9.92215 30.8891 1
      vertex -9.25648 30.9327 1
      vertex -9.25647 30.9327 1
    endloop
  endfacet
  facet normal 0 0 -1
    outer loop
      vertex -9.92215 30.8891 1
      vertex -9.92216 30.8891 1
      vertex -9.25648 30.9327 1
    endloop
  endfacet
  facet normal 0 0 -1
    outer loop
      vertex -10.5764 30.7589 1
      vertex -9.92216 30.8891 1
      vertex -9.92215 30.8891 1
    endloop
  endfacet
  facet normal 0 0 -1
    outer loop
      vertex -10.5764 30.7589 1
      vertex -10.5765 30.7589 1
      vertex -9.92216 30.8891 1
    endloop
  endfacet
  facet normal -0 0 -1
    outer loop
      vertex -10.5764 30.7589 1
      vertex -11.2082 30.5445 1
      vertex -10.5765 30.7589 1
    endloop
  endfacet
  facet normal 0 0 -1
    outer loop
      vertex -22.1602 23.4827 1
      vertex -22.1603 23.4827 1
      vertex -21.7896 24.0374 1
    endloop
  endfacet
  facet normal -0 0 -1
    outer loop
      vertex -22.1602 23.4827 1
      vertex -22.4553 22.8844 1
      vertex -22.1603 23.4827 1
    endloop
  endfacet
  facet normal 0 0 1
    outer loop
      vertex -8.59079 30.8891 1
      vertex -7.9365 30.7589 1
      vertex -7.93649 30.7589 1
    endloop
  endfacet
  facet normal 0 0 1
    outer loop
      vertex -8.59079 30.8891 1
      vertex -9.25647 30.9327 1
      vertex -9.25648 30.9327 1
    endloop
  endfacet
  facet normal 0 0 1
    outer loop
      vertex -5.65022 29.4389 1
      vertex -5.65023 29.4389 1
      vertex -5.21037 28.9374 1
    endloop
  endfacet
  facet normal 0 -0 1
    outer loop
      vertex -5.65023 29.4389 1
      vertex -5.65022 29.4389 1
      vertex -5.81157 29.5804 1
    endloop
  endfacet
  facet normal 0.706348 -0.0463092 -0.706348
    outer loop
      vertex -23.7913 21.7289 1.90735e-07
      vertex -22.8435 20.9327 1
      vertex -23.8435 20.9327 1.90735e-07
    endloop
  endfacet
  facet normal 0.706368 0.0462636 -0.706331
    outer loop
      vertex -22.8435 20.9327 1
      vertex -22.7999 20.267 1
      vertex -23.7913 20.1365 1.90735e-07
    endloop
  endfacet
  facet normal 0.706348 0.0463092 -0.706348
    outer loop
      vertex -22.8435 20.9327 1
      vertex -23.7913 20.1365 1.90735e-07
      vertex -23.8435 20.9327 1.90735e-07
    endloop
  endfacet
  facet normal 0.634869 0.313087 -0.706341
    outer loop
      vertex -22.1603 18.3827 1
      vertex -23.0263 17.8827 1.90735e-07
      vertex -23.3792 18.5983 1.90735e-07
    endloop
  endfacet
  facet normal 0.588538 0.393348 -0.706329
    outer loop
      vertex -23.0263 17.8827 1.90735e-07
      vertex -22.0812 18.2643 1
      vertex -21.7896 17.828 1
    endloop
  endfacet
  facet normal -0.0044413 0.895952 -0.44413
    outer loop
      vertex -22.1602 18.3827 0.999999
      vertex -23.0263 17.8827 1.90735e-07
      vertex -22.1603 18.3827 1
    endloop
  endfacet
  facet normal 0.588797 0.392857 -0.706386
    outer loop
      vertex -22.0812 18.2643 1
      vertex -23.0263 17.8827 1.90735e-07
      vertex -22.1602 18.3827 0.999999
    endloop
  endfacet
  facet normal 0.466734 -0.532198 -0.706345
    outer loop
      vertex -20.8482 24.9788 1
      vertex -21.3498 24.5389 1
      vertex -22.0569 25.246 1.90735e-07
    endloop
  endfacet
  facet normal 0.0462637 -0.70635 -0.70635
    outer loop
      vertex -9.25648 31.9327 1.90735e-07
      vertex -9.25648 30.9327 1
      vertex -9.92216 30.8891 1
    endloop
  endfacet
  facet normal -0.046263 -0.70635 -0.70635
    outer loop
      vertex -8.59079 30.8891 1
      vertex -9.25648 30.9327 1
      vertex -9.25648 31.9327 1.90735e-07
    endloop
  endfacet
  facet normal -0.532201 0.466729 -0.706347
    outer loop
      vertex -4.94312 21.5193 1.90735e-07
      vertex -5.65022 22.2264 0.999995
      vertex -4.41702 22.1192 1.90735e-07
    endloop
  endfacet
  facet normal 0 0.816498 -0.577349
    outer loop
      vertex -5.65022 22.2264 0.999995
      vertex -4.94312 21.5193 1.90735e-07
      vertex -5.65023 22.2264 0.999995
    endloop
  endfacet
  facet normal 0 0.783381 -0.621542
    outer loop
      vertex -5.54303 20.9932 1.90735e-07
      vertex -6.15179 21.7866 0.999987
      vertex -6.15178 21.7866 0.999987
    endloop
  endfacet
  facet normal -0.393256 0.588554 -0.706367
    outer loop
      vertex -6.15179 21.7866 0.999987
      vertex -5.54303 20.9932 1.90735e-07
      vertex -6.20648 20.5499 1.90735e-07
    endloop
  endfacet
  facet normal -0.466697 0.532228 -0.706348
    outer loop
      vertex -5.65023 22.2264 0.999995
      vertex -4.94312 21.5193 1.90735e-07
      vertex -6.15177 21.7866 0.999986
    endloop
  endfacet
  facet normal -0.706349 -0.0462915 -0.706349
    outer loop
      vertex -3.15648 25.8327 1.90735e-07
      vertex -4.15647 25.8327 0.99999
      vertex -3.20866 26.6289 1.90735e-07
    endloop
  endfacet
  facet normal 0 -1 0
    outer loop
      vertex -4.15647 25.8327 0.99999
      vertex -3.15648 25.8327 1.90735e-07
      vertex -4.15646 25.8327 0.99999
    endloop
  endfacet
  facet normal -0.6703 -0.227538 -0.706346
    outer loop
      vertex -4.54468 27.7844 0.999992
      vertex -3.36433 27.4115 1.90735e-07
      vertex -4.33025 27.1527 0.999997
    endloop
  endfacet
  facet normal 0.301247 0.953546 0
    outer loop
      vertex -3.36433 27.4115 1.90735e-07
      vertex -4.54468 27.7844 0.999992
      vertex -4.54468 27.7844 0.999993
    endloop
  endfacet
  facet normal -0.53217 -0.466761 -0.706349
    outer loop
      vertex -4.94312 30.146 1.90735e-07
      vertex -5.21037 28.9374 1
      vertex -5.65023 29.4389 1
    endloop
  endfacet
  facet normal -0.634857 0.31309 -0.70635
    outer loop
      vertex -3.97372 22.7827 1.90735e-07
      vertex -4.83974 23.2827 0.999992
      vertex -3.62081 23.4983 1.90735e-07
    endloop
  endfacet
  facet normal -0.588569 0.393253 -0.706356
    outer loop
      vertex -4.83974 23.2827 0.999992
      vertex -4.41702 22.1192 1.90735e-07
      vertex -5.21037 22.728 0.999997
    endloop
  endfacet
  facet normal -0.046254 0.706367 -0.706332
    outer loop
      vertex -17.0778 15.8763 0.999995
      vertex -16.9473 14.8849 1.90735e-07
      vertex -17.7435 15.8327 0.999986
    endloop
  endfacet
  facet normal -0.0463089 0.706343 -0.706353
    outer loop
      vertex -17.7435 14.8327 1.90735e-07
      vertex -17.7435 15.8327 0.999986
      vertex -16.9473 14.8849 1.90735e-07
    endloop
  endfacet
  facet normal -1 -0 0
    outer loop
      vertex -17.7435 15.8327 0.999986
      vertex -17.7435 14.8327 1.90735e-07
      vertex -17.7435 15.8327 0.999987
    endloop
  endfacet
  facet normal -0.991447 0.130506 0
    outer loop
      vertex -18.4092 15.8763 0.999996
      vertex -18.5397 14.8849 1.90735e-07
      vertex -18.4092 15.8763 0.999998
    endloop
  endfacet
  facet normal 0.046254 0.706368 -0.706332
    outer loop
      vertex -18.5397 14.8849 1.90735e-07
      vertex -18.4092 15.8763 0.999996
      vertex -17.7435 15.8327 0.999987
    endloop
  endfacet
  facet normal 0.138034 0.69425 -0.706373
    outer loop
      vertex -19.3223 15.0405 1.90735e-07
      vertex -19.0635 16.0065 0.999994
      vertex -18.5397 14.8849 1.90735e-07
    endloop
  endfacet
  facet normal 0.532184 0.466714 -0.70637
    outer loop
      vertex -21.7896 17.828 1
      vertex -22.0569 16.6193 1.90735e-07
      vertex -22.583 17.2192 1.90735e-07
    endloop
  endfacet
  facet normal 0.588565 0.393234 -0.706369
    outer loop
      vertex -21.7896 17.828 1
      vertex -22.583 17.2192 1.90735e-07
      vertex -23.0263 17.8827 1.90735e-07
    endloop
  endfacet
  facet normal 0.706368 -0.0462636 -0.706331
    outer loop
      vertex -22.7999 21.5984 1
      vertex -22.8435 20.9327 1
      vertex -23.7913 21.7289 1.90735e-07
    endloop
  endfacet
  facet normal 0.694271 -0.138154 -0.706329
    outer loop
      vertex -22.6697 22.2527 1
      vertex -22.7999 21.5984 1
      vertex -23.7913 21.7289 1.90735e-07
    endloop
  endfacet
  facet normal 0.532204 -0.466726 -0.706347
    outer loop
      vertex -21.3498 24.5389 1
      vertex -21.7896 24.0374 1
      vertex -22.583 24.6461 1.90735e-07
    endloop
  endfacet
  facet normal 0.532202 -0.46673 -0.706345
    outer loop
      vertex -22.0569 25.246 1.90735e-07
      vertex -21.3498 24.5389 1
      vertex -22.583 24.6461 1.90735e-07
    endloop
  endfacet
  facet normal 0.227516 -0.670344 -0.706311
    outer loop
      vertex -10.5765 30.7589 1
      vertex -11.2082 30.5445 1
      vertex -11.5908 31.4683 1.90735e-07
    endloop
  endfacet
  facet normal -0.138127 -0.694265 -0.706341
    outer loop
      vertex -7.67768 31.7248 1.90735e-07
      vertex -7.9365 30.7589 1
      vertex -8.46027 31.8805 1.90735e-07
    endloop
  endfacet
  facet normal -0.634858 0.313085 -0.706352
    outer loop
      vertex -4.54468 23.881 0.999989
      vertex -3.62081 23.4983 1.90735e-07
      vertex -4.83974 23.2827 0.999992
    endloop
  endfacet
  facet normal -0.694265 -0.138099 -0.706346
    outer loop
      vertex -4.33025 27.1527 0.999997
      vertex -3.36433 27.4115 1.90735e-07
      vertex -3.20866 26.6289 1.90735e-07
    endloop
  endfacet
  facet normal -0.63486 -0.313092 -0.706348
    outer loop
      vertex -4.83974 28.3827 0.999999
      vertex -3.97372 28.8827 1.90735e-07
      vertex -3.62081 28.1671 1.90735e-07
    endloop
  endfacet
  facet normal 0.466714 0.532184 -0.70637
    outer loop
      vertex -20.8482 16.8866 1
      vertex -21.457 16.0932 1.90735e-07
      vertex -22.0569 16.6193 1.90735e-07
    endloop
  endfacet
  facet normal 0.138126 -0.694267 -0.706339
    outer loop
      vertex -10.0527 31.8805 1.90735e-07
      vertex -10.5765 30.7589 1
      vertex -10.8353 31.7248 1.90735e-07
    endloop
  endfacet
  facet normal -0.313077 -0.634875 -0.70634
    outer loop
      vertex -6.20648 31.1154 1.90735e-07
      vertex -6.70648 30.2494 1
      vertex -6.92211 31.4683 1.90735e-07
    endloop
  endfacet
  facet normal -0.39327 -0.588575 -0.706341
    outer loop
      vertex -6.20648 31.1154 1.90735e-07
      vertex -5.54303 30.6721 1.90735e-07
      vertex -6.70648 30.2494 1
    endloop
  endfacet
  facet normal -0.227553 -0.670301 -0.70634
    outer loop
      vertex -7.67768 31.7248 1.90735e-07
      vertex -6.92211 31.4683 1.90735e-07
      vertex -7.9365 30.7589 1
    endloop
  endfacet
  facet normal 0.0229636 0.973006 -0.229636
    outer loop
      vertex -3.36433 24.2539 1.90735e-07
      vertex -4.33025 24.5127 0.999989
      vertex -4.33024 24.5127 0.99999
    endloop
  endfacet
  facet normal -0.670299 0.227533 -0.706348
    outer loop
      vertex -4.33025 24.5127 0.999989
      vertex -3.36433 24.2539 1.90735e-07
      vertex -4.54468 23.881 0.999988
    endloop
  endfacet
  facet normal -0.70635 0.0462953 -0.706347
    outer loop
      vertex -3.20866 25.0365 1.90735e-07
      vertex -4.2001 25.167 0.999997
      vertex -4.15646 25.8327 0.999988
    endloop
  endfacet
  facet normal -0.634859 -0.313086 -0.70635
    outer loop
      vertex -4.83974 28.3827 0.999997
      vertex -3.62081 28.1671 1.90735e-07
      vertex -4.54468 27.7844 0.999994
    endloop
  endfacet
  facet normal 0.174173 0.984715 0
    outer loop
      vertex -3.62081 28.1671 1.90735e-07
      vertex -4.83974 28.3827 0.999997
      vertex -4.83974 28.3827 0.999999
    endloop
  endfacet
  facet normal -0.532211 -0.466738 -0.706333
    outer loop
      vertex -4.94312 30.146 1.90735e-07
      vertex -4.41702 29.5461 1.90735e-07
      vertex -5.21037 28.9374 1
    endloop
  endfacet
  facet normal -0.466744 -0.532187 -0.706348
    outer loop
      vertex -5.81157 29.5804 1
      vertex -4.94312 30.146 1.90735e-07
      vertex -5.65023 29.4389 1
    endloop
  endfacet
  facet normal -0.466757 -0.532171 -0.706351
    outer loop
      vertex -6.15178 29.8788 0.999994
      vertex -4.94312 30.146 1.90735e-07
      vertex -5.81157 29.5804 1
    endloop
  endfacet
  facet normal -0.0290679 -0.956379 -0.290679
    outer loop
      vertex -4.94312 30.146 1.90735e-07
      vertex -6.15178 29.8788 0.999994
      vertex -6.15179 29.8788 0.999995
    endloop
  endfacet
  facet normal -0.466732 -0.532213 -0.706336
    outer loop
      vertex -6.15179 29.8788 0.999995
      vertex -5.54303 30.6721 1.90735e-07
      vertex -4.94312 30.146 1.90735e-07
    endloop
  endfacet
  facet normal -0.793334 0.608786 0
    outer loop
      vertex -5.54303 30.6721 1.90735e-07
      vertex -6.15179 29.8788 0.999995
      vertex -6.15179 29.8788 0.999996
    endloop
  endfacet
  facet normal 0.046309 -0.706363 -0.706333
    outer loop
      vertex -9.25648 31.9327 1.90735e-07
      vertex -9.92216 30.8891 1
      vertex -10.0527 31.8805 1.90735e-07
    endloop
  endfacet
  facet normal 0.138145 -0.69427 -0.706333
    outer loop
      vertex -10.0527 31.8805 1.90735e-07
      vertex -9.92216 30.8891 1
      vertex -10.5765 30.7589 1
    endloop
  endfacet
  facet normal -0.138156 -0.694269 -0.706331
    outer loop
      vertex -8.46027 31.8805 1.90735e-07
      vertex -7.9365 30.7589 1
      vertex -8.59079 30.8891 1
    endloop
  endfacet
  facet normal -0.0463096 -0.706363 -0.706333
    outer loop
      vertex -8.46027 31.8805 1.90735e-07
      vertex -8.59079 30.8891 1
      vertex -9.25648 31.9327 1.90735e-07
    endloop
  endfacet
  facet normal -0.313132 -0.634869 -0.706321
    outer loop
      vertex -6.92211 31.4683 1.90735e-07
      vertex -6.70648 30.2494 1
      vertex -7.30479 30.5445 1
    endloop
  endfacet
  facet normal -0.22751 -0.670336 -0.70632
    outer loop
      vertex -6.92211 31.4683 1.90735e-07
      vertex -7.30479 30.5445 1
      vertex -7.9365 30.7589 1
    endloop
  endfacet
  facet normal -0.706351 0.0462917 -0.706346
    outer loop
      vertex -4.15646 25.8327 0.999988
      vertex -3.15648 25.8327 1.90735e-07
      vertex -3.20866 25.0365 1.90735e-07
    endloop
  endfacet
  facet normal 0 1 0
    outer loop
      vertex -3.15648 25.8327 1.90735e-07
      vertex -4.15646 25.8327 0.999988
      vertex -4.15646 25.8327 0.99999
    endloop
  endfacet
  facet normal 0.130501 0.991448 0
    outer loop
      vertex -3.20866 25.0365 1.90735e-07
      vertex -4.2001 25.167 0.999996
      vertex -4.2001 25.167 0.999997
    endloop
  endfacet
  facet normal -0.694265 0.138096 -0.706347
    outer loop
      vertex -4.2001 25.167 0.999996
      vertex -3.20866 25.0365 1.90735e-07
      vertex -4.33024 24.5127 0.99999
    endloop
  endfacet
  facet normal -0.706351 -0.0462868 -0.706347
    outer loop
      vertex -4.2001 26.4984 0.999997
      vertex -3.20866 26.6289 1.90735e-07
      vertex -4.15647 25.8327 0.99999
    endloop
  endfacet
  facet normal -0.130501 0.991448 0
    outer loop
      vertex -3.20866 26.6289 1.90735e-07
      vertex -4.2001 26.4984 0.999997
      vertex -4.2001 26.4984 0.999998
    endloop
  endfacet
  facet normal -0.6703 -0.227526 -0.706349
    outer loop
      vertex -4.54468 27.7844 0.999993
      vertex -3.62081 28.1671 1.90735e-07
      vertex -3.36433 27.4115 1.90735e-07
    endloop
  endfacet
  facet normal -0.382701 0.923872 0
    outer loop
      vertex -3.62081 28.1671 1.90735e-07
      vertex -4.54468 27.7844 0.999993
      vertex -4.54468 27.7844 0.999994
    endloop
  endfacet
  facet normal -0.588557 -0.393288 -0.706347
    outer loop
      vertex -4.83974 28.3827 0.999999
      vertex -4.41702 29.5461 1.90735e-07
      vertex -3.97372 28.8827 1.90735e-07
    endloop
  endfacet
  facet normal 0 -0.651842 -0.758354
    outer loop
      vertex -4.41702 29.5461 1.90735e-07
      vertex -4.83974 28.3827 0.999999
      vertex -4.83975 28.3827 0.999999
    endloop
  endfacet
  facet normal -0.588562 -0.39328 -0.706346
    outer loop
      vertex -4.9478 28.5444 1
      vertex -4.41702 29.5461 1.90735e-07
      vertex -4.83975 28.3827 0.999999
    endloop
  endfacet
  facet normal -0.588596 -0.393251 -0.706335
    outer loop
      vertex -4.41702 29.5461 1.90735e-07
      vertex -4.9478 28.5444 1
      vertex -5.21037 28.9374 1
    endloop
  endfacet
  facet normal -0.195165 -0.98077 0
    outer loop
      vertex -17.0778 -15.8763 0.999994
      vertex -16.4235 -16.0065 6.7
      vertex -17.0778 -15.8763 6.7
    endloop
  endfacet
  facet normal -0.195193 -0.980765 3.42444e-06
    outer loop
      vertex -16.4236 -16.0065 0.999989
      vertex -16.4235 -16.0065 6.7
      vertex -17.0778 -15.8763 0.999994
    endloop
  endfacet
  facet normal 0 -1 0
    outer loop
      vertex -16.4235 -16.0065 0.999989
      vertex -16.4235 -16.0065 6.7
      vertex -16.4236 -16.0065 0.999989
    endloop
  endfacet
  facet normal 0 0 0
    outer loop
      vertex -16.4235 -16.0065 6.7
      vertex -16.4235 -16.0065 0.999989
      vertex -16.4235 -16.0065 0.999988
    endloop
  endfacet
  facet normal -0.321395 -0.946945 0
    outer loop
      vertex -16.4235 -16.0065 0.999988
      vertex -15.7918 -16.2209 6.7
      vertex -16.4235 -16.0065 6.7
    endloop
  endfacet
  facet normal -0.321395 -0.946945 0
    outer loop
      vertex -15.7918 -16.2209 0.999983
      vertex -15.7918 -16.2209 6.7
      vertex -16.4235 -16.0065 0.999988
    endloop
  endfacet
  facet normal 0 0 0
    outer loop
      vertex -15.7918 -16.2209 6.7
      vertex -15.7918 -16.2209 0.999983
      vertex -15.7918 -16.2209 0.999982
    endloop
  endfacet
  facet normal -0.44223 -0.896902 0
    outer loop
      vertex -15.7918 -16.2209 6.7
      vertex -15.1935 -16.5159 0.999985
      vertex -15.1935 -16.5159 6.7
    endloop
  endfacet
  facet normal -0.44223 -0.896902 -0
    outer loop
      vertex -15.7918 -16.2209 6.7
      vertex -15.7918 -16.2209 0.999982
      vertex -15.1935 -16.5159 0.999985
    endloop
  endfacet
  facet normal -0.500008 -0.866021 -1.08073e-05
    outer loop
      vertex -15.1935 -16.5159 6.7
      vertex -6.70652 -21.4159 0.999995
      vertex -6.70647 -21.416 6.7
    endloop
  endfacet
  facet normal -0.500003 -0.866024 0
    outer loop
      vertex -6.70652 -21.4159 0.999995
      vertex -15.1935 -16.5159 6.7
      vertex -15.1935 -16.5159 0.999985
    endloop
  endfacet
  facet normal -0.894427 -0.447214 0
    outer loop
      vertex -6.70647 -21.416 0.999995
      vertex -6.70647 -21.416 6.7
      vertex -6.70652 -21.4159 0.999995
    endloop
  endfacet
  facet normal -0.555537 -0.831492 0
    outer loop
      vertex -6.70647 -21.416 0.999995
      vertex -6.15178 -21.7866 6.7
      vertex -6.70647 -21.416 6.7
    endloop
  endfacet
  facet normal -0.555544 -0.831487 9.74636e-07
    outer loop
      vertex -6.15179 -21.7866 0.999987
      vertex -6.15178 -21.7866 6.7
      vertex -6.70647 -21.416 0.999995
    endloop
  endfacet
  facet normal 0 -1 0
    outer loop
      vertex -6.15178 -21.7866 0.999987
      vertex -6.15178 -21.7866 6.7
      vertex -6.15179 -21.7866 0.999987
    endloop
  endfacet
  facet normal 0 0 0
    outer loop
      vertex -6.15178 -21.7866 6.7
      vertex -6.15178 -21.7866 0.999987
      vertex -6.15178 -21.7866 0.999986
    endloop
  endfacet
  facet normal -0.659298 -0.751882 1.15666e-06
    outer loop
      vertex -6.15178 -21.7866 6.7
      vertex -5.65023 -22.2264 0.999995
      vertex -5.65022 -22.2264 6.7
    endloop
  endfacet
  facet normal 0 -1 0
    outer loop
      vertex -6.15177 -21.7866 0.999986
      vertex -6.15178 -21.7866 6.7
      vertex -6.15178 -21.7866 0.999986
    endloop
  endfacet
  facet normal -0.659313 -0.751869 -1.15669e-06
    outer loop
      vertex -6.15178 -21.7866 6.7
      vertex -6.15177 -21.7866 0.999986
      vertex -5.65023 -22.2264 0.999995
    endloop
  endfacet
  facet normal 0 -1 0
    outer loop
      vertex -5.65022 -22.2264 0.999995
      vertex -5.65022 -22.2264 6.7
      vertex -5.65023 -22.2264 0.999995
    endloop
  endfacet
  facet normal 0 0 0
    outer loop
      vertex -5.65022 -22.2264 6.7
      vertex -5.65022 -22.2264 0.999995
      vertex -5.65022 -22.2264 0.999994
    endloop
  endfacet
  facet normal -0.751871 -0.659311 0
    outer loop
      vertex -5.21037 -22.728 0.999996
      vertex -5.65022 -22.2264 6.7
      vertex -5.65022 -22.2264 0.999994
    endloop
  endfacet
  facet normal -0.751871 -0.659311 0
    outer loop
      vertex -5.65022 -22.2264 6.7
      vertex -5.21037 -22.728 0.999996
      vertex -5.21037 -22.728 6.7
    endloop
  endfacet
  facet normal -0 0 0
    outer loop
      vertex -5.21037 -22.728 0.999997
      vertex -5.21037 -22.728 6.7
      vertex -5.21037 -22.728 0.999996
    endloop
  endfacet
  facet normal -0.831476 -0.555561 0
    outer loop
      vertex -4.83974 -23.2827 0.999992
      vertex -5.21037 -22.728 6.7
      vertex -5.21037 -22.728 0.999997
    endloop
  endfacet
  facet normal -0.831476 -0.555561 0
    outer loop
      vertex -4.83974 -23.2827 0.999992
      vertex -4.83974 -23.2827 6.7
      vertex -5.21037 -22.728 6.7
    endloop
  endfacet
  facet normal -0.896866 -0.442302 0
    outer loop
      vertex -4.54468 -23.881 0.999989
      vertex -4.83974 -23.2827 6.7
      vertex -4.83974 -23.2827 0.999992
    endloop
  endfacet
  facet normal 0 0 0
    outer loop
      vertex -4.54468 -23.881 6.7
      vertex -4.54468 -23.881 0.999989
      vertex -4.54468 -23.881 0.999988
    endloop
  endfacet
  facet normal -0.896866 -0.442302 0
    outer loop
      vertex -4.54468 -23.881 0.999989
      vertex -4.54468 -23.881 6.7
      vertex -4.83974 -23.2827 6.7
    endloop
  endfacet
  facet normal -0.946932 -0.321435 0
    outer loop
      vertex -4.33025 -24.5127 0.999989
      vertex -4.54468 -23.881 6.7
      vertex -4.54468 -23.881 0.999988
    endloop
  endfacet
  facet normal -0.946932 -0.321435 0
    outer loop
      vertex -4.54468 -23.881 6.7
      vertex -4.33025 -24.5127 0.999989
      vertex -4.33025 -24.5127 6.7
    endloop
  endfacet
  facet normal -0 -1 0
    outer loop
      vertex -4.33024 -24.5127 0.99999
      vertex -4.33025 -24.5127 6.7
      vertex -4.33025 -24.5127 0.999989
    endloop
  endfacet
  facet normal -0.980788 -0.195078 -1.72068e-06
    outer loop
      vertex -4.2001 -25.167 0.999996
      vertex -4.33025 -24.5127 6.7
      vertex -4.33024 -24.5127 0.99999
    endloop
  endfacet
  facet normal -0.980785 -0.195093 0
    outer loop
      vertex -4.33025 -24.5127 6.7
      vertex -4.2001 -25.167 0.999996
      vertex -4.2001 -25.167 6.7
    endloop
  endfacet
  facet normal -0 0 0
    outer loop
      vertex -4.2001 -25.167 0.999997
      vertex -4.2001 -25.167 6.7
      vertex -4.2001 -25.167 0.999996
    endloop
  endfacet
  facet normal -0.997858 -0.0654146 0
    outer loop
      vertex -4.15646 -25.8327 0.999988
      vertex -4.2001 -25.167 6.7
      vertex -4.2001 -25.167 0.999997
    endloop
  endfacet
  facet normal -0.997858 -0.0654146 0
    outer loop
      vertex -4.2001 -25.167 6.7
      vertex -4.15646 -25.8327 0.999988
      vertex -4.15646 -25.8327 6.7
    endloop
  endfacet
  facet normal -0 0 0
    outer loop
      vertex -4.15646 -25.8327 0.99999
      vertex -4.15646 -25.8327 6.7
      vertex -4.15646 -25.8327 0.999988
    endloop
  endfacet
  facet normal 0 1 0
    outer loop
      vertex -4.15647 -25.8327 0.99999
      vertex -4.15646 -25.8327 6.7
      vertex -4.15646 -25.8327 0.99999
    endloop
  endfacet
  facet normal -0.997859 0.0653997 1.75063e-06
    outer loop
      vertex -4.2001 -26.4984 0.999997
      vertex -4.15646 -25.8327 6.7
      vertex -4.15647 -25.8327 0.99999
    endloop
  endfacet
  facet normal -0.997858 0.0654146 0
    outer loop
      vertex -4.15646 -25.8327 6.7
      vertex -4.2001 -26.4984 0.999997
      vertex -4.2001 -26.4984 6.7
    endloop
  endfacet
  facet normal -0 0 0
    outer loop
      vertex -4.2001 -26.4984 0.999998
      vertex -4.2001 -26.4984 6.7
      vertex -4.2001 -26.4984 0.999997
    endloop
  endfacet
  facet normal -0.980779 0.195121 0
    outer loop
      vertex -4.33025 -27.1526 0.999995
      vertex -4.2001 -26.4984 6.7
      vertex -4.2001 -26.4984 0.999998
    endloop
  endfacet
  facet normal -0.980779 0.195121 0
    outer loop
      vertex -4.2001 -26.4984 6.7
      vertex -4.33025 -27.1526 0.999995
      vertex -4.33025 -27.1526 6.7
    endloop
  endfacet
  facet normal -1 0 0
    outer loop
      vertex -4.33025 -27.1526 0.999995
      vertex -4.33025 -27.1527 0.999997
      vertex -4.33025 -27.1526 6.7
    endloop
  endfacet
  facet normal -0.946932 0.321435 -5.63921e-06
    outer loop
      vertex -4.54468 -27.7844 0.999992
      vertex -4.33025 -27.1526 6.7
      vertex -4.33025 -27.1527 0.999997
    endloop
  endfacet
  facet normal -0.946947 0.321389 0
    outer loop
      vertex -4.33025 -27.1526 6.7
      vertex -4.54468 -27.7844 0.999992
      vertex -4.54468 -27.7844 6.7
    endloop
  endfacet
  facet normal -0 0 0
    outer loop
      vertex -4.54468 -27.7844 0.999993
      vertex -4.54468 -27.7844 6.7
      vertex -4.54468 -27.7844 0.999992
    endloop
  endfacet
  facet normal -0 0 0
    outer loop
      vertex -4.54468 -27.7844 0.999994
      vertex -4.54468 -27.7844 6.7
      vertex -4.54468 -27.7844 0.999993
    endloop
  endfacet
  facet normal -0.896866 0.442302 0
    outer loop
      vertex -4.83974 -28.3827 0.999997
      vertex -4.54468 -27.7844 6.7
      vertex -4.54468 -27.7844 0.999994
    endloop
  endfacet
  facet normal -0.896866 0.442302 0
    outer loop
      vertex -4.54468 -27.7844 6.7
      vertex -4.83974 -28.3827 0.999997
      vertex -4.83974 -28.3827 6.7
    endloop
  endfacet
  facet normal -0 0 0
    outer loop
      vertex -4.83974 -28.3827 0.999999
      vertex -4.83974 -28.3827 6.7
      vertex -4.83974 -28.3827 0.999997
    endloop
  endfacet
  facet normal -0.831433 0.555625 0
    outer loop
      vertex -4.9478 -28.5444 1
      vertex -4.83974 -28.3827 6.7
      vertex -4.83974 -28.3827 0.999999
    endloop
  endfacet
  facet normal -0.831493 0.555535 0
    outer loop
      vertex -5.21037 -28.9374 6.7
      vertex -4.9478 -28.5444 1
      vertex -5.21037 -28.9374 1
    endloop
  endfacet
  facet normal -0.831476 0.555561 2.63266e-06
    outer loop
      vertex -4.9478 -28.5444 1
      vertex -5.21037 -28.9374 6.7
      vertex -4.83974 -28.3827 6.7
    endloop
  endfacet
  facet normal 0 6.18429e-06 1
    outer loop
      vertex -4.9478 -28.5444 1
      vertex -4.83974 -28.3827 0.999999
      vertex -4.83975 -28.3827 0.999999
    endloop
  endfacet
  facet normal -0.751805 0.659385 0
    outer loop
      vertex -5.65022 -29.4389 1
      vertex -5.21037 -28.9374 6.7
      vertex -5.21037 -28.9374 1
    endloop
  endfacet
  facet normal -0.751805 0.659385 0
    outer loop
      vertex -5.21037 -28.9374 6.7
      vertex -5.65022 -29.4389 1
      vertex -5.65022 -29.4389 6.7
    endloop
  endfacet
  facet normal -0.659345 0.75184 0
    outer loop
      vertex -5.81157 -29.5804 1
      vertex -5.65022 -29.4389 6.7
      vertex -5.65022 -29.4389 1
    endloop
  endfacet
  facet normal -0.659383 0.751807 1.87367e-06
    outer loop
      vertex -5.65022 -29.4389 6.7
      vertex -5.81157 -29.5804 1
      vertex -6.15178 -29.8788 6.7
    endloop
  endfacet
  facet normal -0.659401 0.751792 0
    outer loop
      vertex -6.15178 -29.8788 6.7
      vertex -5.81157 -29.5804 1
      vertex -6.15178 -29.8788 0.999994
    endloop
  endfacet
  facet normal -0.555537 0.831492 7.26157e-06
    outer loop
      vertex -6.15178 -29.8788 6.7
      vertex -6.44731 -30.0762 1
      vertex -6.70647 -30.2494 6.7
    endloop
  endfacet
  facet normal -0.555453 0.831548 9.74479e-07
    outer loop
      vertex -6.15178 -29.8788 6.7
      vertex -6.15179 -29.8788 0.999996
      vertex -6.44731 -30.0762 1
    endloop
  endfacet
  facet normal 0 1 0
    outer loop
      vertex -6.15178 -29.8788 6.7
      vertex -6.15179 -29.8788 0.999995
      vertex -6.15179 -29.8788 0.999996
    endloop
  endfacet
  facet normal -0 1 0
    outer loop
      vertex -6.15179 -29.8788 0.999995
      vertex -6.15178 -29.8788 6.7
      vertex -6.15178 -29.8788 0.999994
    endloop
  endfacet
  facet normal -0.555647 0.831418 0
    outer loop
      vertex -6.70647 -30.2494 6.7
      vertex -6.44731 -30.0762 1
      vertex -6.70647 -30.2494 1
    endloop
  endfacet
  facet normal -0.442344 0.896845 0
    outer loop
      vertex -6.70647 -30.2494 1
      vertex -7.30478 -30.5445 6.7
      vertex -6.70647 -30.2494 6.7
    endloop
  endfacet
  facet normal -0.442344 0.896845 0
    outer loop
      vertex -7.30478 -30.5445 6.7
      vertex -6.70647 -30.2494 1
      vertex -7.30478 -30.5445 1
    endloop
  endfacet
  facet normal -0.32139 0.946947 0
    outer loop
      vertex -7.30478 -30.5445 1
      vertex -7.93649 -30.7589 6.7
      vertex -7.30478 -30.5445 6.7
    endloop
  endfacet
  facet normal -0.32139 0.946947 0
    outer loop
      vertex -7.93649 -30.7589 6.7
      vertex -7.30478 -30.5445 1
      vertex -7.93649 -30.7589 1
    endloop
  endfacet
  facet normal -0.195165 0.98077 0
    outer loop
      vertex -7.93649 -30.7589 1
      vertex -8.59079 -30.8891 6.7
      vertex -7.93649 -30.7589 6.7
    endloop
  endfacet
  facet normal -0.195165 0.98077 0
    outer loop
      vertex -8.59079 -30.8891 6.7
      vertex -7.93649 -30.7589 1
      vertex -8.59079 -30.8891 1
    endloop
  endfacet
  facet normal -0.0653569 0.997862 0
    outer loop
      vertex -8.59079 -30.8891 1
      vertex -9.25647 -30.9327 6.7
      vertex -8.59079 -30.8891 6.7
    endloop
  endfacet
  facet normal -0.0653569 0.997862 0
    outer loop
      vertex -9.25647 -30.9327 6.7
      vertex -8.59079 -30.8891 1
      vertex -9.25647 -30.9327 1
    endloop
  endfacet
  facet normal 0.0653569 0.997862 -0
    outer loop
      vertex -9.25647 -30.9327 1
      vertex -9.92215 -30.8891 6.7
      vertex -9.25647 -30.9327 6.7
    endloop
  endfacet
  facet normal 0.0653569 0.997862 0
    outer loop
      vertex -9.92215 -30.8891 6.7
      vertex -9.25647 -30.9327 1
      vertex -9.92215 -30.8891 1
    endloop
  endfacet
  facet normal 0.195179 0.980768 -0
    outer loop
      vertex -9.92215 -30.8891 1
      vertex -10.5764 -30.7589 6.7
      vertex -9.92215 -30.8891 6.7
    endloop
  endfacet
  facet normal 0.195179 0.980768 0
    outer loop
      vertex -10.5764 -30.7589 6.7
      vertex -9.92215 -30.8891 1
      vertex -10.5764 -30.7589 1
    endloop
  endfacet
  facet normal 0.321349 0.946961 -0
    outer loop
      vertex -10.5764 -30.7589 1
      vertex -11.2082 -30.5445 6.7
      vertex -10.5764 -30.7589 6.7
    endloop
  endfacet
  facet normal 0.321349 0.946961 0
    outer loop
      vertex -11.2082 -30.5445 6.7
      vertex -10.5764 -30.7589 1
      vertex -11.2082 -30.5445 1
    endloop
  endfacet
  facet normal 0.44235 0.896842 -0
    outer loop
      vertex -11.2082 -30.5445 1
      vertex -11.8065 -30.2494 6.7
      vertex -11.2082 -30.5445 6.7
    endloop
  endfacet
  facet normal 0.44235 0.896842 0
    outer loop
      vertex -11.8065 -30.2494 6.7
      vertex -11.2082 -30.5445 1
      vertex -11.8065 -30.2494 1
    endloop
  endfacet
  facet normal 0.500002 0.866024 -0
    outer loop
      vertex -11.8065 -30.2494 1
      vertex -20.2935 -25.3494 6.7
      vertex -11.8065 -30.2494 6.7
    endloop
  endfacet
  facet normal 0.500002 0.866024 0
    outer loop
      vertex -20.2935 -25.3494 6.7
      vertex -11.8065 -30.2494 1
      vertex -20.2935 -25.3494 1
    endloop
  endfacet
  facet normal 0.55553 0.831496 -0
    outer loop
      vertex -20.2935 -25.3494 1
      vertex -20.8482 -24.9788 6.7
      vertex -20.2935 -25.3494 6.7
    endloop
  endfacet
  facet normal 0.55553 0.831496 0
    outer loop
      vertex -20.8482 -24.9788 6.7
      vertex -20.2935 -25.3494 1
      vertex -20.8482 -24.9788 1
    endloop
  endfacet
  facet normal 0.659353 0.751833 -0
    outer loop
      vertex -20.8482 -24.9788 1
      vertex -21.3498 -24.5389 6.7
      vertex -20.8482 -24.9788 6.7
    endloop
  endfacet
  facet normal 0.659353 0.751833 0
    outer loop
      vertex -21.3498 -24.5389 6.7
      vertex -20.8482 -24.9788 1
      vertex -21.3498 -24.5389 1
    endloop
  endfacet
  facet normal 0.751843 0.659343 0
    outer loop
      vertex -21.3498 -24.5389 6.7
      vertex -21.7896 -24.0374 1
      vertex -21.7896 -24.0374 6.7
    endloop
  endfacet
  facet normal 0.751843 0.659343 0
    outer loop
      vertex -21.7896 -24.0374 1
      vertex -21.3498 -24.5389 6.7
      vertex -21.3498 -24.5389 1
    endloop
  endfacet
  facet normal 0.831496 0.55553 0
    outer loop
      vertex -21.7896 -24.0374 6.7
      vertex -22.1602 -23.4827 1
      vertex -22.1602 -23.4827 6.7
    endloop
  endfacet
  facet normal 0.831496 0.55553 0
    outer loop
      vertex -22.1602 -23.4827 1
      vertex -21.7896 -24.0374 6.7
      vertex -21.7896 -24.0374 1
    endloop
  endfacet
  facet normal 0.896842 0.44235 0
    outer loop
      vertex -22.1602 -23.4827 6.7
      vertex -22.4553 -22.8844 1
      vertex -22.4553 -22.8844 6.7
    endloop
  endfacet
  facet normal 0.896842 0.44235 0
    outer loop
      vertex -22.4553 -22.8844 1
      vertex -22.1602 -23.4827 6.7
      vertex -22.1602 -23.4827 1
    endloop
  endfacet
  facet normal 0.946945 0.321395 0
    outer loop
      vertex -22.4553 -22.8844 6.7
      vertex -22.6697 -22.2527 1
      vertex -22.6697 -22.2527 6.7
    endloop
  endfacet
  facet normal 0.946945 0.321395 0
    outer loop
      vertex -22.6697 -22.2527 1
      vertex -22.4553 -22.8844 6.7
      vertex -22.4553 -22.8844 1
    endloop
  endfacet
  facet normal 0.98077 0.195165 0
    outer loop
      vertex -22.6697 -22.2527 6.7
      vertex -22.7999 -21.5984 1
      vertex -22.7999 -21.5984 6.7
    endloop
  endfacet
  facet normal 0.98077 0.195165 0
    outer loop
      vertex -22.7999 -21.5984 1
      vertex -22.6697 -22.2527 6.7
      vertex -22.6697 -22.2527 1
    endloop
  endfacet
  facet normal 0.997862 0.0653549 0
    outer loop
      vertex -22.7999 -21.5984 6.7
      vertex -22.8435 -20.9327 1
      vertex -22.8435 -20.9327 6.7
    endloop
  endfacet
  facet normal 0.997862 0.0653549 0
    outer loop
      vertex -22.8435 -20.9327 1
      vertex -22.7999 -21.5984 6.7
      vertex -22.7999 -21.5984 1
    endloop
  endfacet
  facet normal 0.997862 -0.0653549 0
    outer loop
      vertex -22.8435 -20.9327 6.7
      vertex -22.7999 -20.267 1
      vertex -22.7999 -20.267 6.7
    endloop
  endfacet
  facet normal 0.997862 -0.0653549 0
    outer loop
      vertex -22.7999 -20.267 1
      vertex -22.8435 -20.9327 6.7
      vertex -22.8435 -20.9327 1
    endloop
  endfacet
  facet normal 0.98077 -0.195165 0
    outer loop
      vertex -22.7999 -20.267 6.7
      vertex -22.6697 -19.6127 1
      vertex -22.6697 -19.6127 6.7
    endloop
  endfacet
  facet normal 0.98077 -0.195165 0
    outer loop
      vertex -22.6697 -19.6127 1
      vertex -22.7999 -20.267 6.7
      vertex -22.7999 -20.267 1
    endloop
  endfacet
  facet normal 0 0 0
    outer loop
      vertex -22.4553 -18.981 6.7
      vertex -22.4553 -18.981 0.999999
      vertex -22.4553 -18.981 0.999997
    endloop
  endfacet
  facet normal 0.946874 -0.321604 0
    outer loop
      vertex -22.4553 -18.981 6.7
      vertex -22.5055 -19.1288 1
      vertex -22.4553 -18.981 0.999999
    endloop
  endfacet
  facet normal 0.946945 -0.321395 -6.05403e-06
    outer loop
      vertex -22.6697 -19.6127 6.7
      vertex -22.5055 -19.1288 1
      vertex -22.4553 -18.981 6.7
    endloop
  endfacet
  facet normal 0.946967 -0.321331 0
    outer loop
      vertex -22.5055 -19.1288 1
      vertex -22.6697 -19.6127 6.7
      vertex -22.6697 -19.6127 1
    endloop
  endfacet
  facet normal 0 -1 -0
    outer loop
      vertex -22.1602 -18.3827 6.7
      vertex -22.1603 -18.3827 1
      vertex -22.1602 -18.3827 0.999999
    endloop
  endfacet
  facet normal 0.897114 -0.4418 -1.57388e-05
    outer loop
      vertex -22.1602 -18.3827 6.7
      vertex -22.2028 -18.469 1
      vertex -22.1603 -18.3827 1
    endloop
  endfacet
  facet normal 0.896842 -0.44235 -5.37794e-06
    outer loop
      vertex -22.4553 -18.981 6.7
      vertex -22.2028 -18.469 1
      vertex -22.1602 -18.3827 6.7
    endloop
  endfacet
  facet normal 0.896866 -0.442302 0
    outer loop
      vertex -22.2028 -18.469 1
      vertex -22.4553 -18.981 6.7
      vertex -22.4553 -18.981 0.999997
    endloop
  endfacet
  facet normal 0.831405 -0.555667 0
    outer loop
      vertex -21.7896 -17.828 6.7
      vertex -22.0812 -18.2643 1
      vertex -21.7896 -17.828 1
    endloop
  endfacet
  facet normal 0.831496 -0.55553 -1.51846e-05
    outer loop
      vertex -22.1602 -18.3827 6.7
      vertex -22.0812 -18.2643 1
      vertex -21.7896 -17.828 6.7
    endloop
  endfacet
  facet normal 0.831834 -0.555024 0
    outer loop
      vertex -22.0812 -18.2643 1
      vertex -22.1602 -18.3827 6.7
      vertex -22.1602 -18.3827 0.999999
    endloop
  endfacet
  facet normal 0 0 0
    outer loop
      vertex -21.3498 -17.3264 6.7
      vertex -21.3498 -17.3264 0.999999
      vertex -21.3498 -17.3264 0.999997
    endloop
  endfacet
  facet normal 0.751969 -0.659198 0
    outer loop
      vertex -21.3498 -17.3264 6.7
      vertex -21.5651 -17.572 1
      vertex -21.3498 -17.3264 0.999999
    endloop
  endfacet
  facet normal 0.751908 -0.659268 5.36491e-06
    outer loop
      vertex -21.7896 -17.828 6.7
      vertex -21.5651 -17.572 1
      vertex -21.3498 -17.3264 6.7
    endloop
  endfacet
  facet normal 0.751849 -0.659336 0
    outer loop
      vertex -21.5651 -17.572 1
      vertex -21.7896 -17.828 6.7
      vertex -21.7896 -17.828 1
    endloop
  endfacet
  facet normal 0.659268 -0.751908 0
    outer loop
      vertex -21.3498 -17.3264 6.7
      vertex -20.8482 -16.8866 1
      vertex -20.8482 -16.8866 6.7
    endloop
  endfacet
  facet normal 0.659268 -0.751908 0
    outer loop
      vertex -20.8482 -16.8866 1
      vertex -21.3498 -17.3264 6.7
      vertex -21.3498 -17.3264 0.999997
    endloop
  endfacet
  facet normal 0.555634 -0.831427 0
    outer loop
      vertex -20.8482 -16.8866 1
      vertex -20.2935 -16.5159 6.7
      vertex -20.8482 -16.8866 6.7
    endloop
  endfacet
  facet normal 0.55553 -0.831496 1.45876e-05
    outer loop
      vertex -20.2935 -16.516 0.999995
      vertex -20.2935 -16.5159 6.7
      vertex -20.8482 -16.8866 1
    endloop
  endfacet
  facet normal 1 0 0
    outer loop
      vertex -20.2935 -16.5159 6.7
      vertex -20.2935 -16.516 0.999995
      vertex -20.2935 -16.5159 0.999993
    endloop
  endfacet
  facet normal 0.44223 -0.896902 0
    outer loop
      vertex -20.2935 -16.5159 0.999993
      vertex -19.6952 -16.2209 6.7
      vertex -20.2935 -16.5159 6.7
    endloop
  endfacet
  facet normal 0.44223 -0.896902 0
    outer loop
      vertex -19.6952 -16.2209 0.99999
      vertex -19.6952 -16.2209 6.7
      vertex -20.2935 -16.5159 0.999993
    endloop
  endfacet
  facet normal 0 0 0
    outer loop
      vertex -19.6952 -16.2209 6.7
      vertex -19.6952 -16.2209 0.99999
      vertex -19.6952 -16.2209 0.999989
    endloop
  endfacet
  facet normal 0.321395 -0.946945 0
    outer loop
      vertex -19.6952 -16.2209 6.7
      vertex -19.0635 -16.0065 0.999994
      vertex -19.0635 -16.0065 6.7
    endloop
  endfacet
  facet normal 0.321395 -0.946945 0
    outer loop
      vertex -19.0635 -16.0065 0.999994
      vertex -19.6952 -16.2209 6.7
      vertex -19.6952 -16.2209 0.999989
    endloop
  endfacet
  facet normal 0 0 0
    outer loop
      vertex -19.0635 -16.0065 6.7
      vertex -19.0635 -16.0065 0.999994
      vertex -19.0635 -16.0065 0.999993
    endloop
  endfacet
  facet normal 0.195165 -0.98077 0
    outer loop
      vertex -19.0635 -16.0065 6.7
      vertex -18.4092 -15.8763 0.999998
      vertex -18.4092 -15.8763 6.7
    endloop
  endfacet
  facet normal 0.195165 -0.98077 0
    outer loop
      vertex -18.4092 -15.8763 0.999998
      vertex -19.0635 -16.0065 6.7
      vertex -19.0635 -16.0065 0.999993
    endloop
  endfacet
  facet normal 0 0 0
    outer loop
      vertex -18.4092 -15.8763 6.7
      vertex -18.4092 -15.8763 0.999998
      vertex -18.4092 -15.8763 0.999996
    endloop
  endfacet
  facet normal 0.0653549 -0.997862 0
    outer loop
      vertex -18.4092 -15.8763 0.999996
      vertex -17.7435 -15.8327 6.7
      vertex -18.4092 -15.8763 6.7
    endloop
  endfacet
  facet normal 0.0653549 -0.997862 0
    outer loop
      vertex -17.7435 -15.8327 0.999987
      vertex -17.7435 -15.8327 6.7
      vertex -18.4092 -15.8763 0.999996
    endloop
  endfacet
  facet normal 0 0 0
    outer loop
      vertex -17.7435 -15.8327 6.7
      vertex -17.7435 -15.8327 0.999987
      vertex -17.7435 -15.8327 0.999986
    endloop
  endfacet
  facet normal -0.0653549 -0.997862 0
    outer loop
      vertex -17.7435 -15.8327 6.7
      vertex -17.0778 -15.8763 0.999995
      vertex -17.0778 -15.8763 6.7
    endloop
  endfacet
  facet normal -0.0653549 -0.997862 -0
    outer loop
      vertex -17.7435 -15.8327 6.7
      vertex -17.7435 -15.8327 0.999986
      vertex -17.0778 -15.8763 0.999995
    endloop
  endfacet
  facet normal 0 0 0
    outer loop
      vertex -17.0778 -15.8763 6.7
      vertex -17.0778 -15.8763 0.999995
      vertex -17.0778 -15.8763 0.999994
    endloop
  endfacet
  facet normal -0.195078 -0.980788 0
    outer loop
      vertex 27.6657 9.95636 1
      vertex 28.32 9.82622 6.7
      vertex 27.6657 9.95636 6.7
    endloop
  endfacet
  facet normal -0.195078 -0.980788 -0
    outer loop
      vertex 28.32 9.82622 6.7
      vertex 27.6657 9.95636 1
      vertex 28.32 9.82622 1
    endloop
  endfacet
  facet normal -0.321462 -0.946922 0
    outer loop
      vertex 28.32 9.82622 1
      vertex 28.9517 9.61177 6.7
      vertex 28.32 9.82622 6.7
    endloop
  endfacet
  facet normal -0.321462 -0.946922 -0
    outer loop
      vertex 28.9517 9.61177 6.7
      vertex 28.32 9.82622 1
      vertex 28.9517 9.61177 1
    endloop
  endfacet
  facet normal -0.442278 -0.896878 0
    outer loop
      vertex 28.9517 9.61177 1
      vertex 29.55 9.31673 6.7
      vertex 28.9517 9.61177 6.7
    endloop
  endfacet
  facet normal -0.442278 -0.896878 -0
    outer loop
      vertex 29.55 9.31673 6.7
      vertex 28.9517 9.61177 1
      vertex 29.55 9.31673 1
    endloop
  endfacet
  facet normal -0.555572 -0.831469 0
    outer loop
      vertex 29.55 9.31673 1
      vertex 30.1047 8.94609 6.7
      vertex 29.55 9.31673 6.7
    endloop
  endfacet
  facet normal -0.555572 -0.831469 -0
    outer loop
      vertex 30.1047 8.94609 6.7
      vertex 29.55 9.31673 1
      vertex 30.1047 8.94609 1
    endloop
  endfacet
  facet normal -0.659385 -0.751805 0
    outer loop
      vertex 30.1047 8.94609 1
      vertex 30.6062 8.50624 6.7
      vertex 30.1047 8.94609 6.7
    endloop
  endfacet
  facet normal -0.659385 -0.751805 -0
    outer loop
      vertex 30.6062 8.50624 6.7
      vertex 30.1047 8.94609 1
      vertex 30.6062 8.50624 1
    endloop
  endfacet
  facet normal -0.751814 -0.659375 0
    outer loop
      vertex 31.0461 8.00467 1
      vertex 30.6062 8.50624 6.7
      vertex 30.6062 8.50624 1
    endloop
  endfacet
  facet normal -0.751814 -0.659375 0
    outer loop
      vertex 30.6062 8.50624 6.7
      vertex 31.0461 8.00467 1
      vertex 31.0461 8.00467 6.7
    endloop
  endfacet
  facet normal -0.831483 -0.555551 0
    outer loop
      vertex 31.4167 7.45 1
      vertex 31.0461 8.00467 6.7
      vertex 31.0461 8.00467 1
    endloop
  endfacet
  facet normal -0.831483 -0.555551 0
    outer loop
      vertex 31.0461 8.00467 6.7
      vertex 31.4167 7.45 1
      vertex 31.4167 7.45 6.7
    endloop
  endfacet
  facet normal -0.896848 -0.442338 0
    outer loop
      vertex 31.7118 6.85168 1
      vertex 31.4167 7.45 6.7
      vertex 31.4167 7.45 1
    endloop
  endfacet
  facet normal -0.896848 -0.442338 0
    outer loop
      vertex 31.4167 7.45 6.7
      vertex 31.7118 6.85168 1
      vertex 31.7118 6.85168 6.7
    endloop
  endfacet
  facet normal -0.946947 -0.32139 0
    outer loop
      vertex 31.9262 6.21997 1
      vertex 31.7118 6.85168 6.7
      vertex 31.7118 6.85168 1
    endloop
  endfacet
  facet normal -0.946947 -0.32139 0
    outer loop
      vertex 31.7118 6.85168 6.7
      vertex 31.9262 6.21997 1
      vertex 31.9262 6.21997 6.7
    endloop
  endfacet
  facet normal -0.98077 -0.195165 0
    outer loop
      vertex 32.0564 5.56567 1
      vertex 31.9262 6.21997 6.7
      vertex 31.9262 6.21997 1
    endloop
  endfacet
  facet normal -0.98077 -0.195165 0
    outer loop
      vertex 31.9262 6.21997 6.7
      vertex 32.0564 5.56567 1
      vertex 32.0564 5.56567 6.7
    endloop
  endfacet
  facet normal -0.997862 -0.0653569 0
    outer loop
      vertex 32.1 4.89999 1
      vertex 32.0564 5.56567 6.7
      vertex 32.0564 5.56567 1
    endloop
  endfacet
  facet normal -0.997862 -0.0653569 0
    outer loop
      vertex 32.0564 5.56567 6.7
      vertex 32.1 4.89999 1
      vertex 32.1 4.89999 6.7
    endloop
  endfacet
  facet normal -1 0 0
    outer loop
      vertex 32.1 -4.89999 1
      vertex 32.1 4.89999 6.7
      vertex 32.1 4.89999 1
    endloop
  endfacet
  facet normal -1 -0 0
    outer loop
      vertex 32.1 4.89999 6.7
      vertex 32.1 -4.89999 1
      vertex 32.1 -4.89999 6.7
    endloop
  endfacet
  facet normal -0.997862 0.0653569 0
    outer loop
      vertex 32.0564 -5.56567 1
      vertex 32.1 -4.89999 6.7
      vertex 32.1 -4.89999 1
    endloop
  endfacet
  facet normal -0.997862 0.0653569 0
    outer loop
      vertex 32.1 -4.89999 6.7
      vertex 32.0564 -5.56567 1
      vertex 32.0564 -5.56567 6.7
    endloop
  endfacet
  facet normal -0.98077 0.195165 0
    outer loop
      vertex 31.9262 -6.21997 1
      vertex 32.0564 -5.56567 6.7
      vertex 32.0564 -5.56567 1
    endloop
  endfacet
  facet normal -0.98077 0.195165 0
    outer loop
      vertex 32.0564 -5.56567 6.7
      vertex 31.9262 -6.21997 1
      vertex 31.9262 -6.21997 6.7
    endloop
  endfacet
  facet normal -0.946947 0.32139 0
    outer loop
      vertex 31.7118 -6.85168 1
      vertex 31.9262 -6.21997 6.7
      vertex 31.9262 -6.21997 1
    endloop
  endfacet
  facet normal -0.946947 0.32139 0
    outer loop
      vertex 31.9262 -6.21997 6.7
      vertex 31.7118 -6.85168 1
      vertex 31.7118 -6.85168 6.7
    endloop
  endfacet
  facet normal -0.896848 0.442338 0
    outer loop
      vertex 31.4167 -7.45 1
      vertex 31.7118 -6.85168 6.7
      vertex 31.7118 -6.85168 1
    endloop
  endfacet
  facet normal -0.896848 0.442338 0
    outer loop
      vertex 31.7118 -6.85168 6.7
      vertex 31.4167 -7.45 1
      vertex 31.4167 -7.45 6.7
    endloop
  endfacet
  facet normal -0.831483 0.555551 0
    outer loop
      vertex 31.0461 -8.00467 1
      vertex 31.4167 -7.45 6.7
      vertex 31.4167 -7.45 1
    endloop
  endfacet
  facet normal -0.831483 0.555551 0
    outer loop
      vertex 31.4167 -7.45 6.7
      vertex 31.0461 -8.00467 1
      vertex 31.0461 -8.00467 6.7
    endloop
  endfacet
  facet normal -0.751814 0.659375 0
    outer loop
      vertex 30.6062 -8.50624 1
      vertex 31.0461 -8.00467 6.7
      vertex 31.0461 -8.00467 1
    endloop
  endfacet
  facet normal -0.751814 0.659375 0
    outer loop
      vertex 31.0461 -8.00467 6.7
      vertex 30.6062 -8.50624 1
      vertex 30.6062 -8.50624 6.7
    endloop
  endfacet
  facet normal -0.659385 0.751805 0
    outer loop
      vertex 30.6062 -8.50624 1
      vertex 30.1047 -8.94609 6.7
      vertex 30.6062 -8.50624 6.7
    endloop
  endfacet
  facet normal -0.659385 0.751805 0
    outer loop
      vertex 30.1047 -8.94609 6.7
      vertex 30.6062 -8.50624 1
      vertex 30.1047 -8.94609 1
    endloop
  endfacet
  facet normal -0.555572 0.831469 0
    outer loop
      vertex 30.1047 -8.94609 1
      vertex 29.55 -9.31673 6.7
      vertex 30.1047 -8.94609 6.7
    endloop
  endfacet
  facet normal -0.555572 0.831469 0
    outer loop
      vertex 29.55 -9.31673 6.7
      vertex 30.1047 -8.94609 1
      vertex 29.55 -9.31673 1
    endloop
  endfacet
  facet normal -0.442278 0.896878 0
    outer loop
      vertex 29.55 -9.31673 1
      vertex 28.9517 -9.61177 6.7
      vertex 29.55 -9.31673 6.7
    endloop
  endfacet
  facet normal -0.442278 0.896878 0
    outer loop
      vertex 28.9517 -9.61177 6.7
      vertex 29.55 -9.31673 1
      vertex 28.9517 -9.61177 1
    endloop
  endfacet
  facet normal -0.321462 0.946922 0
    outer loop
      vertex 28.9517 -9.61177 1
      vertex 28.32 -9.82622 6.7
      vertex 28.9517 -9.61177 6.7
    endloop
  endfacet
  facet normal -0.321462 0.946922 0
    outer loop
      vertex 28.32 -9.82622 6.7
      vertex 28.9517 -9.61177 1
      vertex 28.32 -9.82622 1
    endloop
  endfacet
  facet normal -0.195078 0.980788 0
    outer loop
      vertex 28.32 -9.82622 1
      vertex 27.6657 -9.95636 6.7
      vertex 28.32 -9.82622 6.7
    endloop
  endfacet
  facet normal -0.195078 0.980788 0
    outer loop
      vertex 27.6657 -9.95636 6.7
      vertex 28.32 -9.82622 1
      vertex 27.6657 -9.95636 1
    endloop
  endfacet
  facet normal -0.0654146 0.997858 0
    outer loop
      vertex 27.6657 -9.95636 1
      vertex 27 -10 6.7
      vertex 27.6657 -9.95636 6.7
    endloop
  endfacet
  facet normal -0.0654146 0.997858 0
    outer loop
      vertex 27 -10 6.7
      vertex 27.6657 -9.95636 1
      vertex 27 -10 1
    endloop
  endfacet
  facet normal 0.0654146 0.997858 -0
    outer loop
      vertex 27 -10 1
      vertex 26.3343 -9.95636 6.7
      vertex 27 -10 6.7
    endloop
  endfacet
  facet normal 0.0654146 0.997858 0
    outer loop
      vertex 26.3343 -9.95636 6.7
      vertex 27 -10 1
      vertex 26.3343 -9.95636 1
    endloop
  endfacet
  facet normal 0.195078 0.980788 -0
    outer loop
      vertex 26.3343 -9.95636 1
      vertex 25.68 -9.82622 6.7
      vertex 26.3343 -9.95636 6.7
    endloop
  endfacet
  facet normal 0.195078 0.980788 -0
    outer loop
      vertex 25.68 -9.82622 1
      vertex 25.68 -9.82622 6.7
      vertex 26.3343 -9.95636 1
    endloop
  endfacet
  facet normal 0 0 0
    outer loop
      vertex 25.68 -9.82622 6.7
      vertex 25.68 -9.82622 1
      vertex 25.68 -9.82622 0.999999
    endloop
  endfacet
  facet normal 0.321462 0.946922 1.47376e-06
    outer loop
      vertex 25.68 -9.82622 6.7
      vertex 25.6321 -9.80995 1
      vertex 25.0483 -9.61177 6.7
    endloop
  endfacet
  facet normal 0.321619 0.946869 0
    outer loop
      vertex 25.6321 -9.80995 1
      vertex 25.68 -9.82622 6.7
      vertex 25.68 -9.82622 0.999999
    endloop
  endfacet
  facet normal 0.321449 0.946927 0
    outer loop
      vertex 25.0483 -9.61177 6.7
      vertex 25.6321 -9.80995 1
      vertex 25.0483 -9.61177 1
    endloop
  endfacet
  facet normal 0.442278 0.896878 -0
    outer loop
      vertex 25.0483 -9.61177 1
      vertex 24.45 -9.31673 6.7
      vertex 25.0483 -9.61177 6.7
    endloop
  endfacet
  facet normal 0.442278 0.896878 0
    outer loop
      vertex 24.45 -9.31673 6.7
      vertex 25.0483 -9.61177 1
      vertex 24.45 -9.31673 1
    endloop
  endfacet
  facet normal 0.555572 0.831469 -0
    outer loop
      vertex 24.45 -9.31673 1
      vertex 23.8953 -8.94609 6.7
      vertex 24.45 -9.31673 6.7
    endloop
  endfacet
  facet normal 0.555572 0.831469 0
    outer loop
      vertex 23.8953 -8.94609 6.7
      vertex 24.45 -9.31673 1
      vertex 23.8953 -8.94609 1
    endloop
  endfacet
  facet normal 0.659385 0.751805 -0
    outer loop
      vertex 23.8953 -8.94609 1
      vertex 23.3938 -8.50624 6.7
      vertex 23.8953 -8.94609 6.7
    endloop
  endfacet
  facet normal 0.659385 0.751805 0
    outer loop
      vertex 23.3938 -8.50624 6.7
      vertex 23.8953 -8.94609 1
      vertex 23.3938 -8.50624 1
    endloop
  endfacet
  facet normal 0.751814 0.659375 0
    outer loop
      vertex 23.3938 -8.50624 6.7
      vertex 22.9539 -8.00467 1
      vertex 22.9539 -8.00467 6.7
    endloop
  endfacet
  facet normal 0.751814 0.659375 0
    outer loop
      vertex 22.9539 -8.00467 1
      vertex 23.3938 -8.50624 6.7
      vertex 23.3938 -8.50624 1
    endloop
  endfacet
  facet normal 0.831483 0.555551 0
    outer loop
      vertex 22.9539 -8.00467 6.7
      vertex 22.5833 -7.45 0.999999
      vertex 22.5833 -7.45 6.7
    endloop
  endfacet
  facet normal 0.831483 0.555551 0
    outer loop
      vertex 22.5833 -7.45 0.999999
      vertex 22.9539 -8.00467 6.7
      vertex 22.9539 -8.00467 1
    endloop
  endfacet
  facet normal 1 0 0
    outer loop
      vertex 22.2882 -6.85168 6.7
      vertex 22.2882 -6.85169 0.999995
      vertex 22.2882 -6.85168 0.999995
    endloop
  endfacet
  facet normal 0.896848 0.442338 -7.76032e-07
    outer loop
      vertex 22.5833 -7.45 6.7
      vertex 22.2882 -6.85169 0.999995
      vertex 22.2882 -6.85168 6.7
    endloop
  endfacet
  facet normal 0.896845 0.442344 0
    outer loop
      vertex 22.2882 -6.85169 0.999995
      vertex 22.5833 -7.45 6.7
      vertex 22.5833 -7.45 0.999999
    endloop
  endfacet
  facet normal 1 0 0
    outer loop
      vertex 22.0738 -6.21997 6.7
      vertex 22.0738 -6.21998 1
      vertex 22.0738 -6.21997 0.999999
    endloop
  endfacet
  facet normal 0.946938 0.321415 -5.63886e-07
    outer loop
      vertex 22.0738 -6.21997 6.7
      vertex 22.0751 -6.22381 1
      vertex 22.0738 -6.21998 1
    endloop
  endfacet
  facet normal 0.946945 0.321395 -5.48504e-07
    outer loop
      vertex 22.0738 -6.21997 6.7
      vertex 22.2882 -6.85168 0.999995
      vertex 22.0751 -6.22381 1
    endloop
  endfacet
  facet normal 0.946947 0.32139 0
    outer loop
      vertex 22.2882 -6.85168 6.7
      vertex 22.2882 -6.85168 0.999995
      vertex 22.0738 -6.21997 6.7
    endloop
  endfacet
  facet normal 1 0 0
    outer loop
      vertex 21.9436 -5.56567 6.7
      vertex 21.9436 -5.56568 0.99999
      vertex 21.9436 -5.56567 0.999988
    endloop
  endfacet
  facet normal 0.98077 0.195165 -3.42394e-07
    outer loop
      vertex 22.0738 -6.21997 6.7
      vertex 21.9436 -5.56568 0.99999
      vertex 21.9436 -5.56567 6.7
    endloop
  endfacet
  facet normal 0.98077 0.195168 0
    outer loop
      vertex 21.9436 -5.56568 0.99999
      vertex 22.0738 -6.21997 6.7
      vertex 22.0738 -6.21997 0.999999
    endloop
  endfacet
  facet normal 1 0 0
    outer loop
      vertex 21.9 -4.89999 6.7
      vertex 21.9 -4.9 0.999995
      vertex 21.9 -4.89999 0.999994
    endloop
  endfacet
  facet normal 0.997862 0.0653569 -1.14661e-07
    outer loop
      vertex 21.9436 -5.56567 6.7
      vertex 21.9 -4.9 0.999995
      vertex 21.9 -4.89999 6.7
    endloop
  endfacet
  facet normal 0.997862 0.0653579 0
    outer loop
      vertex 21.9 -4.9 0.999995
      vertex 21.9436 -5.56567 6.7
      vertex 21.9436 -5.56567 0.999988
    endloop
  endfacet
  facet normal 1 -0 0
    outer loop
      vertex 21.9 -4.89999 6.7
      vertex 21.9 4.89999 0.999994
      vertex 21.9 4.89999 6.7
    endloop
  endfacet
  facet normal 1 0 0
    outer loop
      vertex 21.9 4.89999 0.999994
      vertex 21.9 -4.89999 6.7
      vertex 21.9 -4.89999 0.999994
    endloop
  endfacet
  facet normal 0.997862 -0.0653579 0
    outer loop
      vertex 21.9436 5.56567 6.7
      vertex 21.9 4.9 0.999995
      vertex 21.9436 5.56567 0.999988
    endloop
  endfacet
  facet normal 0.997862 -0.0653569 -1.14661e-07
    outer loop
      vertex 21.9 4.89999 6.7
      vertex 21.9 4.9 0.999995
      vertex 21.9436 5.56567 6.7
    endloop
  endfacet
  facet normal 1 0 0
    outer loop
      vertex 21.9 4.9 0.999995
      vertex 21.9 4.89999 6.7
      vertex 21.9 4.89999 0.999994
    endloop
  endfacet
  facet normal 0.98077 -0.195168 0
    outer loop
      vertex 22.0738 6.21997 6.7
      vertex 21.9436 5.56568 0.99999
      vertex 22.0738 6.21997 0.999999
    endloop
  endfacet
  facet normal 0.98077 -0.195165 -3.42394e-07
    outer loop
      vertex 21.9436 5.56567 6.7
      vertex 21.9436 5.56568 0.99999
      vertex 22.0738 6.21997 6.7
    endloop
  endfacet
  facet normal 1 0 0
    outer loop
      vertex 21.9436 5.56568 0.99999
      vertex 21.9436 5.56567 6.7
      vertex 21.9436 5.56567 0.999988
    endloop
  endfacet
  facet normal 0.946945 -0.321395 0
    outer loop
      vertex 22.2882 6.85168 6.7
      vertex 22.0751 6.22381 1
      vertex 22.2882 6.85168 0.999995
    endloop
  endfacet
  facet normal 0.946947 -0.32139 -5.4517e-07
    outer loop
      vertex 22.0738 6.21997 6.7
      vertex 22.0751 6.22381 1
      vertex 22.2882 6.85168 6.7
    endloop
  endfacet
  facet normal 0.946938 -0.321415 -5.63886e-07
    outer loop
      vertex 22.0751 6.22381 1
      vertex 22.0738 6.21997 6.7
      vertex 22.0738 6.21998 1
    endloop
  endfacet
  facet normal 1 0 0
    outer loop
      vertex 22.0738 6.21998 1
      vertex 22.0738 6.21997 6.7
      vertex 22.0738 6.21997 0.999999
    endloop
  endfacet
  facet normal 0.896845 -0.442344 0
    outer loop
      vertex 22.5833 7.45 6.7
      vertex 22.2882 6.85169 0.999995
      vertex 22.5833 7.45 0.999999
    endloop
  endfacet
  facet normal 0.896848 -0.442338 -7.76032e-07
    outer loop
      vertex 22.2882 6.85168 6.7
      vertex 22.2882 6.85169 0.999995
      vertex 22.5833 7.45 6.7
    endloop
  endfacet
  facet normal 1 0 0
    outer loop
      vertex 22.2882 6.85169 0.999995
      vertex 22.2882 6.85168 6.7
      vertex 22.2882 6.85168 0.999995
    endloop
  endfacet
  facet normal 0.831483 -0.555551 0
    outer loop
      vertex 22.9539 8.00467 6.7
      vertex 22.5833 7.45 0.999999
      vertex 22.9539 8.00467 1
    endloop
  endfacet
  facet normal 0.831483 -0.555551 0
    outer loop
      vertex 22.5833 7.45 6.7
      vertex 22.5833 7.45 0.999999
      vertex 22.9539 8.00467 6.7
    endloop
  endfacet
  facet normal 0.751814 -0.659375 0
    outer loop
      vertex 23.3938 8.50624 6.7
      vertex 22.9539 8.00467 1
      vertex 23.3938 8.50624 1
    endloop
  endfacet
  facet normal 0.751814 -0.659375 0
    outer loop
      vertex 22.9539 8.00467 6.7
      vertex 22.9539 8.00467 1
      vertex 23.3938 8.50624 6.7
    endloop
  endfacet
  facet normal 0.659385 -0.751805 0
    outer loop
      vertex 23.3938 8.50624 1
      vertex 23.8953 8.94609 6.7
      vertex 23.3938 8.50624 6.7
    endloop
  endfacet
  facet normal 0.659385 -0.751805 0
    outer loop
      vertex 23.8953 8.94609 6.7
      vertex 23.3938 8.50624 1
      vertex 23.8953 8.94609 1
    endloop
  endfacet
  facet normal 0.555572 -0.831469 0
    outer loop
      vertex 23.8953 8.94609 1
      vertex 24.45 9.31673 6.7
      vertex 23.8953 8.94609 6.7
    endloop
  endfacet
  facet normal 0.555572 -0.831469 0
    outer loop
      vertex 24.45 9.31673 6.7
      vertex 23.8953 8.94609 1
      vertex 24.45 9.31673 1
    endloop
  endfacet
  facet normal 0.442278 -0.896878 0
    outer loop
      vertex 24.45 9.31673 1
      vertex 25.0483 9.61177 6.7
      vertex 24.45 9.31673 6.7
    endloop
  endfacet
  facet normal 0.442278 -0.896878 0
    outer loop
      vertex 25.0483 9.61177 6.7
      vertex 24.45 9.31673 1
      vertex 25.0483 9.61177 1
    endloop
  endfacet
  facet normal 0.321462 -0.946922 0
    outer loop
      vertex 25.0483 9.61177 1
      vertex 25.68 9.82622 6.7
      vertex 25.0483 9.61177 6.7
    endloop
  endfacet
  facet normal 0.321449 -0.946927 1.59469e-06
    outer loop
      vertex 25.6321 9.80995 1
      vertex 25.68 9.82622 6.7
      vertex 25.0483 9.61177 1
    endloop
  endfacet
  facet normal 0.321619 -0.946869 0
    outer loop
      vertex 25.68 9.82622 6.7
      vertex 25.6321 9.80995 1
      vertex 25.68 9.82622 0.999999
    endloop
  endfacet
  facet normal 0.195078 -0.980788 0
    outer loop
      vertex 25.68 9.82622 6.7
      vertex 25.68 9.82622 1
      vertex 26.3343 9.95636 6.7
    endloop
  endfacet
  facet normal -0 0 0
    outer loop
      vertex 25.68 9.82622 1
      vertex 25.68 9.82622 6.7
      vertex 25.68 9.82622 0.999999
    endloop
  endfacet
  facet normal 0.195078 -0.980788 0
    outer loop
      vertex 26.3343 9.95636 6.7
      vertex 25.68 9.82622 1
      vertex 26.3343 9.95636 1
    endloop
  endfacet
  facet normal 0.0654146 -0.997858 0
    outer loop
      vertex 26.3343 9.95636 1
      vertex 27 10 6.7
      vertex 26.3343 9.95636 6.7
    endloop
  endfacet
  facet normal 0.0654146 -0.997858 0
    outer loop
      vertex 27 10 6.7
      vertex 26.3343 9.95636 1
      vertex 27 10 1
    endloop
  endfacet
  facet normal -0.0654146 -0.997858 0
    outer loop
      vertex 27 10 1
      vertex 27.6657 9.95636 6.7
      vertex 27 10 6.7
    endloop
  endfacet
  facet normal -0.0654146 -0.997858 -0
    outer loop
      vertex 27.6657 9.95636 6.7
      vertex 27 10 1
      vertex 27.6657 9.95636 1
    endloop
  endfacet
  facet normal -0.195165 -0.98077 0
    outer loop
      vertex -8.59079 30.8891 1
      vertex -7.93649 30.7589 6.7
      vertex -8.59079 30.8891 6.7
    endloop
  endfacet
  facet normal -0.195165 -0.98077 -0
    outer loop
      vertex -7.93649 30.7589 6.7
      vertex -8.59079 30.8891 1
      vertex -7.93649 30.7589 1
    endloop
  endfacet
  facet normal -0.32139 -0.946947 0
    outer loop
      vertex -7.93649 30.7589 1
      vertex -7.30478 30.5445 6.7
      vertex -7.93649 30.7589 6.7
    endloop
  endfacet
  facet normal -0.32139 -0.946947 -0
    outer loop
      vertex -7.30478 30.5445 6.7
      vertex -7.93649 30.7589 1
      vertex -7.30478 30.5445 1
    endloop
  endfacet
  facet normal -0.442344 -0.896845 0
    outer loop
      vertex -7.30478 30.5445 1
      vertex -6.70647 30.2494 6.7
      vertex -7.30478 30.5445 6.7
    endloop
  endfacet
  facet normal -0.442344 -0.896845 -0
    outer loop
      vertex -6.70647 30.2494 6.7
      vertex -7.30478 30.5445 1
      vertex -6.70647 30.2494 1
    endloop
  endfacet
  facet normal -0.555647 -0.831418 0
    outer loop
      vertex -6.44731 30.0762 1
      vertex -6.70647 30.2494 6.7
      vertex -6.70647 30.2494 1
    endloop
  endfacet
  facet normal -0.555537 -0.831492 7.26157e-06
    outer loop
      vertex -6.70647 30.2494 6.7
      vertex -6.44731 30.0762 1
      vertex -6.15178 29.8788 6.7
    endloop
  endfacet
  facet normal -0.555453 -0.831548 9.74479e-07
    outer loop
      vertex -6.15179 29.8788 0.999996
      vertex -6.15178 29.8788 6.7
      vertex -6.44731 30.0762 1
    endloop
  endfacet
  facet normal 0 -1 0
    outer loop
      vertex -6.15179 29.8788 0.999995
      vertex -6.15178 29.8788 6.7
      vertex -6.15179 29.8788 0.999996
    endloop
  endfacet
  facet normal 0 -1 -0
    outer loop
      vertex -6.15178 29.8788 6.7
      vertex -6.15179 29.8788 0.999995
      vertex -6.15178 29.8788 0.999994
    endloop
  endfacet
  facet normal -0.659383 -0.751807 1.87367e-06
    outer loop
      vertex -6.15178 29.8788 6.7
      vertex -5.81157 29.5804 1
      vertex -5.65022 29.4389 6.7
    endloop
  endfacet
  facet normal -0.659401 -0.751792 0
    outer loop
      vertex -5.81157 29.5804 1
      vertex -6.15178 29.8788 6.7
      vertex -6.15178 29.8788 0.999994
    endloop
  endfacet
  facet normal -0.659345 -0.75184 -0
    outer loop
      vertex -5.65022 29.4389 6.7
      vertex -5.81157 29.5804 1
      vertex -5.65022 29.4389 1
    endloop
  endfacet
  facet normal -0.751805 -0.659385 0
    outer loop
      vertex -5.21037 28.9374 1
      vertex -5.65022 29.4389 6.7
      vertex -5.65022 29.4389 1
    endloop
  endfacet
  facet normal -0.751805 -0.659385 0
    outer loop
      vertex -5.65022 29.4389 6.7
      vertex -5.21037 28.9374 1
      vertex -5.21037 28.9374 6.7
    endloop
  endfacet
  facet normal -0.831493 -0.555535 0
    outer loop
      vertex -4.9478 28.5444 1
      vertex -5.21037 28.9374 6.7
      vertex -5.21037 28.9374 1
    endloop
  endfacet
  facet normal -0.831457 -0.55559 1.4587e-06
    outer loop
      vertex -4.83974 28.3827 6.7
      vertex -4.9478 28.5444 1
      vertex -4.83975 28.3827 0.999999
    endloop
  endfacet
  facet normal 0 -1 -0
    outer loop
      vertex -4.83974 28.3827 6.7
      vertex -4.83975 28.3827 0.999999
      vertex -4.83974 28.3827 0.999999
    endloop
  endfacet
  facet normal 0 0 0
    outer loop
      vertex -4.83974 28.3827 6.7
      vertex -4.83974 28.3827 0.999999
      vertex -4.83974 28.3827 0.999997
    endloop
  endfacet
  facet normal -0.831476 -0.555561 2.63266e-06
    outer loop
      vertex -4.9478 28.5444 1
      vertex -4.83974 28.3827 6.7
      vertex -5.21037 28.9374 6.7
    endloop
  endfacet
  facet normal -0.896866 -0.442302 0
    outer loop
      vertex -4.54468 27.7844 0.999994
      vertex -4.83974 28.3827 6.7
      vertex -4.83974 28.3827 0.999997
    endloop
  endfacet
  facet normal 0 0 0
    outer loop
      vertex -4.54468 27.7844 6.7
      vertex -4.54468 27.7844 0.999994
      vertex -4.54468 27.7844 0.999993
    endloop
  endfacet
  facet normal 0 0 0
    outer loop
      vertex -4.54468 27.7844 6.7
      vertex -4.54468 27.7844 0.999993
      vertex -4.54468 27.7844 0.999992
    endloop
  endfacet
  facet normal -0.896866 -0.442302 0
    outer loop
      vertex -4.54468 27.7844 0.999994
      vertex -4.54468 27.7844 6.7
      vertex -4.83974 28.3827 6.7
    endloop
  endfacet
  facet normal -0.946932 -0.321435 0
    outer loop
      vertex -4.33025 27.1527 0.999997
      vertex -4.54468 27.7844 6.7
      vertex -4.54468 27.7844 0.999992
    endloop
  endfacet
  facet normal -1 -0 0
    outer loop
      vertex -4.33025 27.1527 0.999997
      vertex -4.33025 27.1526 0.999995
      vertex -4.33025 27.1526 6.7
    endloop
  endfacet
  facet normal -0.946947 -0.321389 -5.63841e-06
    outer loop
      vertex -4.33025 27.1527 0.999997
      vertex -4.33025 27.1526 6.7
      vertex -4.54468 27.7844 6.7
    endloop
  endfacet
  facet normal -0.980779 -0.195121 0
    outer loop
      vertex -4.2001 26.4984 0.999998
      vertex -4.33025 27.1526 6.7
      vertex -4.33025 27.1526 0.999995
    endloop
  endfacet
  facet normal 0 0 0
    outer loop
      vertex -4.2001 26.4984 6.7
      vertex -4.2001 26.4984 0.999998
      vertex -4.2001 26.4984 0.999997
    endloop
  endfacet
  facet normal -0.980779 -0.195121 0
    outer loop
      vertex -4.2001 26.4984 0.999998
      vertex -4.2001 26.4984 6.7
      vertex -4.33025 27.1526 6.7
    endloop
  endfacet
  facet normal -0.997859 -0.0653997 0
    outer loop
      vertex -4.15647 25.8327 0.99999
      vertex -4.2001 26.4984 6.7
      vertex -4.2001 26.4984 0.999997
    endloop
  endfacet
  facet normal 0 -1 -0
    outer loop
      vertex -4.15646 25.8327 6.7
      vertex -4.15647 25.8327 0.99999
      vertex -4.15646 25.8327 0.99999
    endloop
  endfacet
  facet normal 0 0 0
    outer loop
      vertex -4.15646 25.8327 6.7
      vertex -4.15646 25.8327 0.99999
      vertex -4.15646 25.8327 0.999988
    endloop
  endfacet
  facet normal -0.997858 -0.0654146 1.75063e-06
    outer loop
      vertex -4.15647 25.8327 0.99999
      vertex -4.15646 25.8327 6.7
      vertex -4.2001 26.4984 6.7
    endloop
  endfacet
  facet normal -0.997858 0.0654146 0
    outer loop
      vertex -4.2001 25.167 0.999997
      vertex -4.15646 25.8327 6.7
      vertex -4.15646 25.8327 0.999988
    endloop
  endfacet
  facet normal 0 0 0
    outer loop
      vertex -4.2001 25.167 6.7
      vertex -4.2001 25.167 0.999997
      vertex -4.2001 25.167 0.999996
    endloop
  endfacet
  facet normal -0.997858 0.0654146 0
    outer loop
      vertex -4.2001 25.167 0.999997
      vertex -4.2001 25.167 6.7
      vertex -4.15646 25.8327 6.7
    endloop
  endfacet
  facet normal -0.980788 0.195078 0
    outer loop
      vertex -4.33024 24.5127 0.99999
      vertex -4.2001 25.167 6.7
      vertex -4.2001 25.167 0.999996
    endloop
  endfacet
  facet normal 0 1 0
    outer loop
      vertex -4.33025 24.5127 6.7
      vertex -4.33024 24.5127 0.99999
      vertex -4.33025 24.5127 0.999989
    endloop
  endfacet
  facet normal -0.980785 0.195093 -1.72067e-06
    outer loop
      vertex -4.33024 24.5127 0.99999
      vertex -4.33025 24.5127 6.7
      vertex -4.2001 25.167 6.7
    endloop
  endfacet
  facet normal -0.946932 0.321435 0
    outer loop
      vertex -4.54468 23.881 0.999988
      vertex -4.33025 24.5127 6.7
      vertex -4.33025 24.5127 0.999989
    endloop
  endfacet
  facet normal -0.946932 0.321435 0
    outer loop
      vertex -4.54468 23.881 0.999988
      vertex -4.54468 23.881 6.7
      vertex -4.33025 24.5127 6.7
    endloop
  endfacet
  facet normal -0 0 0
    outer loop
      vertex -4.54468 23.881 0.999989
      vertex -4.54468 23.881 6.7
      vertex -4.54468 23.881 0.999988
    endloop
  endfacet
  facet normal -0.896866 0.442302 0
    outer loop
      vertex -4.83974 23.2827 0.999992
      vertex -4.54468 23.881 6.7
      vertex -4.54468 23.881 0.999989
    endloop
  endfacet
  facet normal -0.896866 0.442302 0
    outer loop
      vertex -4.83974 23.2827 0.999992
      vertex -4.83974 23.2827 6.7
      vertex -4.54468 23.881 6.7
    endloop
  endfacet
  facet normal -0.831476 0.555561 0
    outer loop
      vertex -5.21037 22.728 0.999997
      vertex -4.83974 23.2827 6.7
      vertex -4.83974 23.2827 0.999992
    endloop
  endfacet
  facet normal 0 0 0
    outer loop
      vertex -5.21037 22.728 6.7
      vertex -5.21037 22.728 0.999997
      vertex -5.21037 22.728 0.999996
    endloop
  endfacet
  facet normal -0.831476 0.555561 0
    outer loop
      vertex -5.21037 22.728 0.999997
      vertex -5.21037 22.728 6.7
      vertex -4.83974 23.2827 6.7
    endloop
  endfacet
  facet normal -0.751871 0.659311 0
    outer loop
      vertex -5.65022 22.2264 0.999994
      vertex -5.21037 22.728 6.7
      vertex -5.21037 22.728 0.999996
    endloop
  endfacet
  facet normal -0.751871 0.659311 0
    outer loop
      vertex -5.21037 22.728 6.7
      vertex -5.65022 22.2264 0.999994
      vertex -5.65022 22.2264 6.7
    endloop
  endfacet
  facet normal -0.659298 0.751882 1.15666e-06
    outer loop
      vertex -5.65022 22.2264 6.7
      vertex -5.65023 22.2264 0.999995
      vertex -6.15178 21.7866 6.7
    endloop
  endfacet
  facet normal 0 1 0
    outer loop
      vertex -5.65022 22.2264 6.7
      vertex -5.65022 22.2264 0.999995
      vertex -5.65023 22.2264 0.999995
    endloop
  endfacet
  facet normal -0 0 0
    outer loop
      vertex -5.65022 22.2264 0.999995
      vertex -5.65022 22.2264 6.7
      vertex -5.65022 22.2264 0.999994
    endloop
  endfacet
  facet normal -0.659313 0.751869 -1.15669e-06
    outer loop
      vertex -6.15177 21.7866 0.999986
      vertex -6.15178 21.7866 6.7
      vertex -5.65023 22.2264 0.999995
    endloop
  endfacet
  facet normal 0 1 0
    outer loop
      vertex -6.15178 21.7866 6.7
      vertex -6.15177 21.7866 0.999986
      vertex -6.15178 21.7866 0.999986
    endloop
  endfacet
  facet normal -0.555537 0.831492 0
    outer loop
      vertex -6.15178 21.7866 6.7
      vertex -6.70647 21.416 0.999995
      vertex -6.70647 21.416 6.7
    endloop
  endfacet
  facet normal 0 1 0
    outer loop
      vertex -6.15179 21.7866 0.999987
      vertex -6.15178 21.7866 6.7
      vertex -6.15178 21.7866 0.999987
    endloop
  endfacet
  facet normal -0 0 0
    outer loop
      vertex -6.15178 21.7866 0.999987
      vertex -6.15178 21.7866 6.7
      vertex -6.15178 21.7866 0.999986
    endloop
  endfacet
  facet normal -0.555544 0.831487 9.74636e-07
    outer loop
      vertex -6.15178 21.7866 6.7
      vertex -6.15179 21.7866 0.999987
      vertex -6.70647 21.416 0.999995
    endloop
  endfacet
  facet normal -0.894427 0.447214 0
    outer loop
      vertex -6.70652 21.4159 0.999995
      vertex -6.70647 21.416 6.7
      vertex -6.70647 21.416 0.999995
    endloop
  endfacet
  facet normal -0.500008 0.866021 -1.08073e-05
    outer loop
      vertex -6.70647 21.416 6.7
      vertex -6.70652 21.4159 0.999995
      vertex -15.1935 16.5159 6.7
    endloop
  endfacet
  facet normal -0.500003 0.866024 0
    outer loop
      vertex -15.1935 16.5159 6.7
      vertex -6.70652 21.4159 0.999995
      vertex -15.1935 16.5159 0.999985
    endloop
  endfacet
  facet normal -0.44223 0.896902 0
    outer loop
      vertex -15.1935 16.5159 6.7
      vertex -15.1935 16.5159 0.999985
      vertex -15.7918 16.2209 6.7
    endloop
  endfacet
  facet normal -0.44223 0.896902 0
    outer loop
      vertex -15.7918 16.2209 0.999982
      vertex -15.7918 16.2209 6.7
      vertex -15.1935 16.5159 0.999985
    endloop
  endfacet
  facet normal -0.321395 0.946945 0
    outer loop
      vertex -15.7918 16.2209 6.7
      vertex -16.4235 16.0065 0.999988
      vertex -16.4235 16.0065 6.7
    endloop
  endfacet
  facet normal -0 0 0
    outer loop
      vertex -15.7918 16.2209 0.999983
      vertex -15.7918 16.2209 6.7
      vertex -15.7918 16.2209 0.999982
    endloop
  endfacet
  facet normal -0.321395 0.946945 0
    outer loop
      vertex -15.7918 16.2209 6.7
      vertex -15.7918 16.2209 0.999983
      vertex -16.4235 16.0065 0.999988
    endloop
  endfacet
  facet normal -0.195165 0.98077 0
    outer loop
      vertex -16.4235 16.0065 6.7
      vertex -17.0778 15.8763 0.999994
      vertex -17.0778 15.8763 6.7
    endloop
  endfacet
  facet normal 0 1 0
    outer loop
      vertex -16.4236 16.0065 0.999989
      vertex -16.4235 16.0065 6.7
      vertex -16.4235 16.0065 0.999989
    endloop
  endfacet
  facet normal -0 0 0
    outer loop
      vertex -16.4235 16.0065 0.999989
      vertex -16.4235 16.0065 6.7
      vertex -16.4235 16.0065 0.999988
    endloop
  endfacet
  facet normal -0.195193 0.980765 3.42444e-06
    outer loop
      vertex -16.4235 16.0065 6.7
      vertex -16.4236 16.0065 0.999989
      vertex -17.0778 15.8763 0.999994
    endloop
  endfacet
  facet normal -0.0653549 0.997862 0
    outer loop
      vertex -17.0778 15.8763 6.7
      vertex -17.0778 15.8763 0.999995
      vertex -17.7435 15.8327 6.7
    endloop
  endfacet
  facet normal -0 0 0
    outer loop
      vertex -17.0778 15.8763 0.999995
      vertex -17.0778 15.8763 6.7
      vertex -17.0778 15.8763 0.999994
    endloop
  endfacet
  facet normal -0.0653549 0.997862 0
    outer loop
      vertex -17.7435 15.8327 0.999986
      vertex -17.7435 15.8327 6.7
      vertex -17.0778 15.8763 0.999995
    endloop
  endfacet
  facet normal 0.0653549 0.997862 0
    outer loop
      vertex -17.7435 15.8327 6.7
      vertex -18.4092 15.8763 0.999996
      vertex -18.4092 15.8763 6.7
    endloop
  endfacet
  facet normal -0 0 0
    outer loop
      vertex -17.7435 15.8327 0.999987
      vertex -17.7435 15.8327 6.7
      vertex -17.7435 15.8327 0.999986
    endloop
  endfacet
  facet normal 0.0653549 0.997862 0
    outer loop
      vertex -17.7435 15.8327 6.7
      vertex -17.7435 15.8327 0.999987
      vertex -18.4092 15.8763 0.999996
    endloop
  endfacet
  facet normal 0.195165 0.98077 0
    outer loop
      vertex -18.4092 15.8763 6.7
      vertex -18.4092 15.8763 0.999998
      vertex -19.0635 16.0065 6.7
    endloop
  endfacet
  facet normal -0 0 0
    outer loop
      vertex -18.4092 15.8763 0.999998
      vertex -18.4092 15.8763 6.7
      vertex -18.4092 15.8763 0.999996
    endloop
  endfacet
  facet normal 0.195165 0.98077 0
    outer loop
      vertex -19.0635 16.0065 6.7
      vertex -18.4092 15.8763 0.999998
      vertex -19.0635 16.0065 0.999993
    endloop
  endfacet
  facet normal 0.321395 0.946945 0
    outer loop
      vertex -19.0635 16.0065 6.7
      vertex -19.0635 16.0065 0.999994
      vertex -19.6952 16.2209 6.7
    endloop
  endfacet
  facet normal -0 0 0
    outer loop
      vertex -19.0635 16.0065 0.999994
      vertex -19.0635 16.0065 6.7
      vertex -19.0635 16.0065 0.999993
    endloop
  endfacet
  facet normal 0.321395 0.946945 0
    outer loop
      vertex -19.6952 16.2209 6.7
      vertex -19.0635 16.0065 0.999994
      vertex -19.6952 16.2209 0.999989
    endloop
  endfacet
  facet normal 0.44223 0.896902 0
    outer loop
      vertex -19.6952 16.2209 6.7
      vertex -20.2935 16.5159 0.999993
      vertex -20.2935 16.5159 6.7
    endloop
  endfacet
  facet normal -0 0 0
    outer loop
      vertex -19.6952 16.2209 0.99999
      vertex -19.6952 16.2209 6.7
      vertex -19.6952 16.2209 0.999989
    endloop
  endfacet
  facet normal 0.44223 0.896902 0
    outer loop
      vertex -19.6952 16.2209 6.7
      vertex -19.6952 16.2209 0.99999
      vertex -20.2935 16.5159 0.999993
    endloop
  endfacet
  facet normal 0.555634 0.831427 0
    outer loop
      vertex -20.2935 16.5159 6.7
      vertex -20.8482 16.8866 1
      vertex -20.8482 16.8866 6.7
    endloop
  endfacet
  facet normal 0.55553 0.831496 1.45876e-05
    outer loop
      vertex -20.2935 16.5159 6.7
      vertex -20.2935 16.516 0.999995
      vertex -20.8482 16.8866 1
    endloop
  endfacet
  facet normal 1 0 0
    outer loop
      vertex -20.2935 16.516 0.999995
      vertex -20.2935 16.5159 6.7
      vertex -20.2935 16.5159 0.999993
    endloop
  endfacet
  facet normal 0.659268 0.751908 0
    outer loop
      vertex -20.8482 16.8866 6.7
      vertex -20.8482 16.8866 1
      vertex -21.3498 17.3264 6.7
    endloop
  endfacet
  facet normal 0.659268 0.751908 0
    outer loop
      vertex -21.3498 17.3264 6.7
      vertex -20.8482 16.8866 1
      vertex -21.3498 17.3264 0.999997
    endloop
  endfacet
  facet normal 0.751849 0.659336 0
    outer loop
      vertex -21.7896 17.828 6.7
      vertex -21.5651 17.572 1
      vertex -21.7896 17.828 1
    endloop
  endfacet
  facet normal 0.751908 0.659268 5.36491e-06
    outer loop
      vertex -21.3498 17.3264 6.7
      vertex -21.5651 17.572 1
      vertex -21.7896 17.828 6.7
    endloop
  endfacet
  facet normal 0.751969 0.659198 0
    outer loop
      vertex -21.5651 17.572 1
      vertex -21.3498 17.3264 6.7
      vertex -21.3498 17.3264 0.999999
    endloop
  endfacet
  facet normal -0 0 0
    outer loop
      vertex -21.3498 17.3264 0.999999
      vertex -21.3498 17.3264 6.7
      vertex -21.3498 17.3264 0.999997
    endloop
  endfacet
  facet normal 0.831834 0.555024 0
    outer loop
      vertex -22.1602 18.3827 6.7
      vertex -22.0812 18.2643 1
      vertex -22.1602 18.3827 0.999999
    endloop
  endfacet
  facet normal 0.831496 0.55553 -1.51846e-05
    outer loop
      vertex -21.7896 17.828 6.7
      vertex -22.0812 18.2643 1
      vertex -22.1602 18.3827 6.7
    endloop
  endfacet
  facet normal 0.831405 0.555667 0
    outer loop
      vertex -22.0812 18.2643 1
      vertex -21.7896 17.828 6.7
      vertex -21.7896 17.828 1
    endloop
  endfacet
  facet normal 0.896866 0.442302 0
    outer loop
      vertex -22.4553 18.981 6.7
      vertex -22.2028 18.469 1
      vertex -22.4553 18.981 0.999997
    endloop
  endfacet
  facet normal 0.896842 0.44235 -5.37794e-06
    outer loop
      vertex -22.1602 18.3827 6.7
      vertex -22.2028 18.469 1
      vertex -22.4553 18.981 6.7
    endloop
  endfacet
  facet normal 0.897114 0.4418 -1.57388e-05
    outer loop
      vertex -22.2028 18.469 1
      vertex -22.1602 18.3827 6.7
      vertex -22.1603 18.3827 1
    endloop
  endfacet
  facet normal -0 1 0
    outer loop
      vertex -22.1603 18.3827 1
      vertex -22.1602 18.3827 6.7
      vertex -22.1602 18.3827 0.999999
    endloop
  endfacet
  facet normal 0.946967 0.321331 0
    outer loop
      vertex -22.6697 19.6127 6.7
      vertex -22.5055 19.1288 1
      vertex -22.6697 19.6127 1
    endloop
  endfacet
  facet normal 0.946945 0.321395 -6.05403e-06
    outer loop
      vertex -22.4553 18.981 6.7
      vertex -22.5055 19.1288 1
      vertex -22.6697 19.6127 6.7
    endloop
  endfacet
  facet normal 0.946874 0.321604 0
    outer loop
      vertex -22.5055 19.1288 1
      vertex -22.4553 18.981 6.7
      vertex -22.4553 18.981 0.999999
    endloop
  endfacet
  facet normal -0 0 0
    outer loop
      vertex -22.4553 18.981 0.999999
      vertex -22.4553 18.981 6.7
      vertex -22.4553 18.981 0.999997
    endloop
  endfacet
  facet normal 0.98077 0.195165 0
    outer loop
      vertex -22.6697 19.6127 6.7
      vertex -22.7999 20.267 1
      vertex -22.7999 20.267 6.7
    endloop
  endfacet
  facet normal 0.98077 0.195165 0
    outer loop
      vertex -22.7999 20.267 1
      vertex -22.6697 19.6127 6.7
      vertex -22.6697 19.6127 1
    endloop
  endfacet
  facet normal 0.997862 0.0653549 0
    outer loop
      vertex -22.7999 20.267 6.7
      vertex -22.8435 20.9327 1
      vertex -22.8435 20.9327 6.7
    endloop
  endfacet
  facet normal 0.997862 0.0653549 0
    outer loop
      vertex -22.8435 20.9327 1
      vertex -22.7999 20.267 6.7
      vertex -22.7999 20.267 1
    endloop
  endfacet
  facet normal 0.997862 -0.0653549 0
    outer loop
      vertex -22.8435 20.9327 6.7
      vertex -22.7999 21.5984 1
      vertex -22.7999 21.5984 6.7
    endloop
  endfacet
  facet normal 0.997862 -0.0653549 0
    outer loop
      vertex -22.7999 21.5984 1
      vertex -22.8435 20.9327 6.7
      vertex -22.8435 20.9327 1
    endloop
  endfacet
  facet normal 0.98077 -0.195165 0
    outer loop
      vertex -22.7999 21.5984 6.7
      vertex -22.6697 22.2527 1
      vertex -22.6697 22.2527 6.7
    endloop
  endfacet
  facet normal 0.98077 -0.195165 0
    outer loop
      vertex -22.6697 22.2527 1
      vertex -22.7999 21.5984 6.7
      vertex -22.7999 21.5984 1
    endloop
  endfacet
  facet normal 0.946945 -0.321395 0
    outer loop
      vertex -22.6697 22.2527 6.7
      vertex -22.4553 22.8844 1
      vertex -22.4553 22.8844 6.7
    endloop
  endfacet
  facet normal 0.946945 -0.321395 0
    outer loop
      vertex -22.4553 22.8844 1
      vertex -22.6697 22.2527 6.7
      vertex -22.6697 22.2527 1
    endloop
  endfacet
  facet normal 0.896842 -0.44235 0
    outer loop
      vertex -22.4553 22.8844 6.7
      vertex -22.1602 23.4827 1
      vertex -22.1602 23.4827 6.7
    endloop
  endfacet
  facet normal 0.896842 -0.44235 0
    outer loop
      vertex -22.1602 23.4827 1
      vertex -22.4553 22.8844 6.7
      vertex -22.4553 22.8844 1
    endloop
  endfacet
  facet normal 0.831496 -0.55553 0
    outer loop
      vertex -22.1602 23.4827 6.7
      vertex -21.7896 24.0374 1
      vertex -21.7896 24.0374 6.7
    endloop
  endfacet
  facet normal 0.831496 -0.55553 0
    outer loop
      vertex -21.7896 24.0374 1
      vertex -22.1602 23.4827 6.7
      vertex -22.1602 23.4827 1
    endloop
  endfacet
  facet normal 0.751843 -0.659343 0
    outer loop
      vertex -21.7896 24.0374 6.7
      vertex -21.3498 24.5389 1
      vertex -21.3498 24.5389 6.7
    endloop
  endfacet
  facet normal 0.751843 -0.659343 0
    outer loop
      vertex -21.3498 24.5389 1
      vertex -21.7896 24.0374 6.7
      vertex -21.7896 24.0374 1
    endloop
  endfacet
  facet normal 0.659353 -0.751833 0
    outer loop
      vertex -21.3498 24.5389 1
      vertex -20.8482 24.9788 6.7
      vertex -21.3498 24.5389 6.7
    endloop
  endfacet
  facet normal 0.659353 -0.751833 0
    outer loop
      vertex -20.8482 24.9788 6.7
      vertex -21.3498 24.5389 1
      vertex -20.8482 24.9788 1
    endloop
  endfacet
  facet normal 0.55553 -0.831496 0
    outer loop
      vertex -20.8482 24.9788 1
      vertex -20.2935 25.3494 6.7
      vertex -20.8482 24.9788 6.7
    endloop
  endfacet
  facet normal 0.55553 -0.831496 0
    outer loop
      vertex -20.2935 25.3494 6.7
      vertex -20.8482 24.9788 1
      vertex -20.2935 25.3494 1
    endloop
  endfacet
  facet normal 0.500002 -0.866024 0
    outer loop
      vertex -20.2935 25.3494 1
      vertex -11.8065 30.2494 6.7
      vertex -20.2935 25.3494 6.7
    endloop
  endfacet
  facet normal 0.500002 -0.866024 0
    outer loop
      vertex -11.8065 30.2494 6.7
      vertex -20.2935 25.3494 1
      vertex -11.8065 30.2494 1
    endloop
  endfacet
  facet normal 0.44235 -0.896842 0
    outer loop
      vertex -11.8065 30.2494 1
      vertex -11.2082 30.5445 6.7
      vertex -11.8065 30.2494 6.7
    endloop
  endfacet
  facet normal 0.44235 -0.896842 0
    outer loop
      vertex -11.2082 30.5445 6.7
      vertex -11.8065 30.2494 1
      vertex -11.2082 30.5445 1
    endloop
  endfacet
  facet normal 0.321349 -0.946961 0
    outer loop
      vertex -11.2082 30.5445 1
      vertex -10.5764 30.7589 6.7
      vertex -11.2082 30.5445 6.7
    endloop
  endfacet
  facet normal 0.321349 -0.946961 0
    outer loop
      vertex -10.5764 30.7589 6.7
      vertex -11.2082 30.5445 1
      vertex -10.5764 30.7589 1
    endloop
  endfacet
  facet normal 0.195179 -0.980768 0
    outer loop
      vertex -10.5764 30.7589 1
      vertex -9.92215 30.8891 6.7
      vertex -10.5764 30.7589 6.7
    endloop
  endfacet
  facet normal 0.195179 -0.980768 0
    outer loop
      vertex -9.92215 30.8891 6.7
      vertex -10.5764 30.7589 1
      vertex -9.92215 30.8891 1
    endloop
  endfacet
  facet normal 0.0653569 -0.997862 0
    outer loop
      vertex -9.92215 30.8891 1
      vertex -9.25647 30.9327 6.7
      vertex -9.92215 30.8891 6.7
    endloop
  endfacet
  facet normal 0.0653569 -0.997862 0
    outer loop
      vertex -9.25647 30.9327 6.7
      vertex -9.92215 30.8891 1
      vertex -9.25647 30.9327 1
    endloop
  endfacet
  facet normal -0.0653569 -0.997862 0
    outer loop
      vertex -9.25647 30.9327 1
      vertex -8.59079 30.8891 6.7
      vertex -9.25647 30.9327 6.7
    endloop
  endfacet
  facet normal -0.0653569 -0.997862 -0
    outer loop
      vertex -8.59079 30.8891 6.7
      vertex -9.25647 30.9327 1
      vertex -8.59079 30.8891 1
    endloop
  endfacet
  facet normal -0.997858 0.0654184 0
    outer loop
      vertex 2.77604 -0.365473 13.3
      vertex 2.8 0 14.8
      vertex 2.8 0 13.3
    endloop
  endfacet
  facet normal -0.997858 0.0654184 0
    outer loop
      vertex 2.8 0 14.8
      vertex 2.77604 -0.365473 13.3
      vertex 2.77604 -0.365473 14.8
    endloop
  endfacet
  facet normal 0.997858 0.0654184 0
    outer loop
      vertex -2.77604 -0.365473 14.8
      vertex -2.8 0 13.3
      vertex -2.8 0 14.8
    endloop
  endfacet
  facet normal 0.997858 0.0654184 0
    outer loop
      vertex -2.8 0 13.3
      vertex -2.77604 -0.365473 14.8
      vertex -2.77604 -0.365473 13.3
    endloop
  endfacet
  facet normal -0.0654184 0.997858 0
    outer loop
      vertex 0.365473 -2.77604 13.3
      vertex 0 -2.8 14.8
      vertex 0.365473 -2.77604 14.8
    endloop
  endfacet
  facet normal -0.0654184 0.997858 0
    outer loop
      vertex 0 -2.8 14.8
      vertex 0.365473 -2.77604 13.3
      vertex 0 -2.8 13.3
    endloop
  endfacet
  facet normal 0.0654184 -0.997858 0
    outer loop
      vertex -0.365473 2.77604 13.3
      vertex 0 2.8 14.8
      vertex -0.365473 2.77604 14.8
    endloop
  endfacet
  facet normal 0.0654184 -0.997858 0
    outer loop
      vertex 0 2.8 14.8
      vertex -0.365473 2.77604 13.3
      vertex 0 2.8 13.3
    endloop
  endfacet
  facet normal -0.659341 0.751844 0
    outer loop
      vertex 1.9799 -1.9799 13.3
      vertex 1.70453 -2.22139 14.8
      vertex 1.9799 -1.9799 14.8
    endloop
  endfacet
  facet normal -0.659341 0.751844 0
    outer loop
      vertex 1.70453 -2.22139 14.8
      vertex 1.9799 -1.9799 13.3
      vertex 1.70453 -2.22139 13.3
    endloop
  endfacet
  facet normal 0.659341 0.751844 -0
    outer loop
      vertex -1.70453 -2.22139 13.3
      vertex -1.9799 -1.9799 14.8
      vertex -1.70453 -2.22139 14.8
    endloop
  endfacet
  facet normal 0.659341 0.751844 0
    outer loop
      vertex -1.9799 -1.9799 14.8
      vertex -1.70453 -2.22139 13.3
      vertex -1.9799 -1.9799 13.3
    endloop
  endfacet
  facet normal 0.321443 0.946929 -0
    outer loop
      vertex -0.724693 -2.70459 13.3
      vertex -1.07151 -2.58686 14.8
      vertex -0.724693 -2.70459 14.8
    endloop
  endfacet
  facet normal 0.321443 0.946929 0
    outer loop
      vertex -1.07151 -2.58686 14.8
      vertex -0.724693 -2.70459 13.3
      vertex -1.07151 -2.58686 13.3
    endloop
  endfacet
  facet normal -0.896876 0.442281 0
    outer loop
      vertex 2.42487 -1.4 13.3
      vertex 2.58686 -1.07151 14.8
      vertex 2.58686 -1.07151 13.3
    endloop
  endfacet
  facet normal -0.896876 0.442281 0
    outer loop
      vertex 2.58686 -1.07151 14.8
      vertex 2.42487 -1.4 13.3
      vertex 2.42487 -1.4 14.8
    endloop
  endfacet
  facet normal -0.83147 0.555569 0
    outer loop
      vertex 2.22139 -1.70453 13.3
      vertex 2.42487 -1.4 14.8
      vertex 2.42487 -1.4 13.3
    endloop
  endfacet
  facet normal -0.83147 0.555569 0
    outer loop
      vertex 2.42487 -1.4 14.8
      vertex 2.22139 -1.70453 13.3
      vertex 2.22139 -1.70453 14.8
    endloop
  endfacet
  facet normal -0.442281 0.896876 0
    outer loop
      vertex 1.4 -2.42487 13.3
      vertex 1.07151 -2.58686 14.8
      vertex 1.4 -2.42487 14.8
    endloop
  endfacet
  facet normal -0.442281 0.896876 0
    outer loop
      vertex 1.07151 -2.58686 14.8
      vertex 1.4 -2.42487 13.3
      vertex 1.07151 -2.58686 13.3
    endloop
  endfacet
  facet normal -0.321443 0.946929 0
    outer loop
      vertex 1.07151 -2.58686 13.3
      vertex 0.724693 -2.70459 14.8
      vertex 1.07151 -2.58686 14.8
    endloop
  endfacet
  facet normal -0.321443 0.946929 0
    outer loop
      vertex 0.724693 -2.70459 14.8
      vertex 1.07151 -2.58686 13.3
      vertex 0.724693 -2.70459 13.3
    endloop
  endfacet
  facet normal -0.555569 0.83147 0
    outer loop
      vertex 1.70453 -2.22139 13.3
      vertex 1.4 -2.42487 14.8
      vertex 1.70453 -2.22139 14.8
    endloop
  endfacet
  facet normal -0.555569 0.83147 0
    outer loop
      vertex 1.4 -2.42487 14.8
      vertex 1.70453 -2.22139 13.3
      vertex 1.4 -2.42487 13.3
    endloop
  endfacet
  facet normal 0.83147 0.555569 0
    outer loop
      vertex -2.22139 -1.70453 14.8
      vertex -2.42487 -1.4 13.3
      vertex -2.42487 -1.4 14.8
    endloop
  endfacet
  facet normal 0.83147 0.555569 0
    outer loop
      vertex -2.42487 -1.4 13.3
      vertex -2.22139 -1.70453 14.8
      vertex -2.22139 -1.70453 13.3
    endloop
  endfacet
  facet normal 0.751844 0.659341 0
    outer loop
      vertex -1.9799 -1.9799 14.8
      vertex -2.22139 -1.70453 13.3
      vertex -2.22139 -1.70453 14.8
    endloop
  endfacet
  facet normal 0.751844 0.659341 0
    outer loop
      vertex -2.22139 -1.70453 13.3
      vertex -1.9799 -1.9799 14.8
      vertex -1.9799 -1.9799 13.3
    endloop
  endfacet
  facet normal 0.946929 0.321443 0
    outer loop
      vertex -2.58686 -1.07151 14.8
      vertex -2.70459 -0.724693 13.3
      vertex -2.70459 -0.724693 14.8
    endloop
  endfacet
  facet normal 0.946929 0.321443 0
    outer loop
      vertex -2.70459 -0.724693 13.3
      vertex -2.58686 -1.07151 14.8
      vertex -2.58686 -1.07151 13.3
    endloop
  endfacet
  facet normal 0.555569 0.83147 -0
    outer loop
      vertex -1.4 -2.42487 13.3
      vertex -1.70453 -2.22139 14.8
      vertex -1.4 -2.42487 14.8
    endloop
  endfacet
  facet normal 0.555569 0.83147 0
    outer loop
      vertex -1.70453 -2.22139 14.8
      vertex -1.4 -2.42487 13.3
      vertex -1.70453 -2.22139 13.3
    endloop
  endfacet
  facet normal 0.195082 0.980787 -0
    outer loop
      vertex -0.365473 -2.77604 13.3
      vertex -0.724693 -2.70459 14.8
      vertex -0.365473 -2.77604 14.8
    endloop
  endfacet
  facet normal 0.195082 0.980787 0
    outer loop
      vertex -0.724693 -2.70459 14.8
      vertex -0.365473 -2.77604 13.3
      vertex -0.724693 -2.70459 13.3
    endloop
  endfacet
  facet normal -0.751844 -0.659341 0
    outer loop
      vertex 2.22139 1.70453 13.3
      vertex 1.9799 1.9799 14.8
      vertex 1.9799 1.9799 13.3
    endloop
  endfacet
  facet normal -0.751844 -0.659341 0
    outer loop
      vertex 1.9799 1.9799 14.8
      vertex 2.22139 1.70453 13.3
      vertex 2.22139 1.70453 14.8
    endloop
  endfacet
  facet normal 0.659341 -0.751844 0
    outer loop
      vertex -1.9799 1.9799 13.3
      vertex -1.70453 2.22139 14.8
      vertex -1.9799 1.9799 14.8
    endloop
  endfacet
  facet normal 0.659341 -0.751844 0
    outer loop
      vertex -1.70453 2.22139 14.8
      vertex -1.9799 1.9799 13.3
      vertex -1.70453 2.22139 13.3
    endloop
  endfacet
  facet normal 0.321443 -0.946929 0
    outer loop
      vertex -1.07151 2.58686 13.3
      vertex -0.724693 2.70459 14.8
      vertex -1.07151 2.58686 14.8
    endloop
  endfacet
  facet normal 0.321443 -0.946929 0
    outer loop
      vertex -0.724693 2.70459 14.8
      vertex -1.07151 2.58686 13.3
      vertex -0.724693 2.70459 13.3
    endloop
  endfacet
  facet normal 0.751844 -0.659341 0
    outer loop
      vertex -2.22139 1.70453 14.8
      vertex -1.9799 1.9799 13.3
      vertex -1.9799 1.9799 14.8
    endloop
  endfacet
  facet normal 0.751844 -0.659341 0
    outer loop
      vertex -1.9799 1.9799 13.3
      vertex -2.22139 1.70453 14.8
      vertex -2.22139 1.70453 13.3
    endloop
  endfacet
  facet normal -0.946929 0.321443 0
    outer loop
      vertex 2.58686 -1.07151 13.3
      vertex 2.70459 -0.724693 14.8
      vertex 2.70459 -0.724693 13.3
    endloop
  endfacet
  facet normal -0.946929 0.321443 0
    outer loop
      vertex 2.70459 -0.724693 14.8
      vertex 2.58686 -1.07151 13.3
      vertex 2.58686 -1.07151 14.8
    endloop
  endfacet
  facet normal -0.980787 0.195082 0
    outer loop
      vertex 2.70459 -0.724693 13.3
      vertex 2.77604 -0.365473 14.8
      vertex 2.77604 -0.365473 13.3
    endloop
  endfacet
  facet normal -0.980787 0.195082 0
    outer loop
      vertex 2.77604 -0.365473 14.8
      vertex 2.70459 -0.724693 13.3
      vertex 2.70459 -0.724693 14.8
    endloop
  endfacet
  facet normal -0.751844 0.659341 0
    outer loop
      vertex 1.9799 -1.9799 13.3
      vertex 2.22139 -1.70453 14.8
      vertex 2.22139 -1.70453 13.3
    endloop
  endfacet
  facet normal -0.751844 0.659341 0
    outer loop
      vertex 2.22139 -1.70453 14.8
      vertex 1.9799 -1.9799 13.3
      vertex 1.9799 -1.9799 14.8
    endloop
  endfacet
  facet normal -0.195082 0.980787 0
    outer loop
      vertex 0.724693 -2.70459 13.3
      vertex 0.365473 -2.77604 14.8
      vertex 0.724693 -2.70459 14.8
    endloop
  endfacet
  facet normal -0.195082 0.980787 0
    outer loop
      vertex 0.365473 -2.77604 14.8
      vertex 0.724693 -2.70459 13.3
      vertex 0.365473 -2.77604 13.3
    endloop
  endfacet
  facet normal 0.896876 0.442281 0
    outer loop
      vertex -2.42487 -1.4 14.8
      vertex -2.58686 -1.07151 13.3
      vertex -2.58686 -1.07151 14.8
    endloop
  endfacet
  facet normal 0.896876 0.442281 0
    outer loop
      vertex -2.58686 -1.07151 13.3
      vertex -2.42487 -1.4 14.8
      vertex -2.42487 -1.4 13.3
    endloop
  endfacet
  facet normal 0.980787 0.195082 0
    outer loop
      vertex -2.70459 -0.724693 14.8
      vertex -2.77604 -0.365473 13.3
      vertex -2.77604 -0.365473 14.8
    endloop
  endfacet
  facet normal 0.980787 0.195082 0
    outer loop
      vertex -2.77604 -0.365473 13.3
      vertex -2.70459 -0.724693 14.8
      vertex -2.70459 -0.724693 13.3
    endloop
  endfacet
  facet normal 0 0 1
    outer loop
      vertex 1.64999 2.07011 13.3
      vertex 2.8 0 13.3
      vertex 2.77604 0.365473 13.3
    endloop
  endfacet
  facet normal 0 0 1
    outer loop
      vertex 1.64999 2.07011 13.3
      vertex 2.77604 0.365473 13.3
      vertex 2.70459 0.724693 13.3
    endloop
  endfacet
  facet normal 0 0 1
    outer loop
      vertex 1.64999 -2.07011 13.3
      vertex 2.8 0 13.3
      vertex 1.64999 2.07011 13.3
    endloop
  endfacet
  facet normal 0 0 1
    outer loop
      vertex 1.64999 2.07011 13.3
      vertex 2.70459 0.724693 13.3
      vertex 2.58686 1.07151 13.3
    endloop
  endfacet
  facet normal 0 0 1
    outer loop
      vertex 2.8 0 13.3
      vertex 1.64999 -2.07011 13.3
      vertex 2.77604 -0.365473 13.3
    endloop
  endfacet
  facet normal 0 0 1
    outer loop
      vertex 1.64999 2.07011 13.3
      vertex 2.58686 1.07151 13.3
      vertex 2.42487 1.4 13.3
    endloop
  endfacet
  facet normal 0 0 1
    outer loop
      vertex 2.77604 -0.365473 13.3
      vertex 1.64999 -2.07011 13.3
      vertex 2.70459 -0.724693 13.3
    endloop
  endfacet
  facet normal 0 0 1
    outer loop
      vertex 1.64999 2.07011 13.3
      vertex 2.42487 1.4 13.3
      vertex 2.22139 1.70453 13.3
    endloop
  endfacet
  facet normal 0 0 1
    outer loop
      vertex 2.70459 -0.724693 13.3
      vertex 1.64999 -2.07011 13.3
      vertex 2.58686 -1.07151 13.3
    endloop
  endfacet
  facet normal 0 0 1
    outer loop
      vertex 1.64999 2.07011 13.3
      vertex 2.22139 1.70453 13.3
      vertex 1.9799 1.9799 13.3
    endloop
  endfacet
  facet normal 0 0 1
    outer loop
      vertex 2.58686 -1.07151 13.3
      vertex 1.64999 -2.07011 13.3
      vertex 2.42487 -1.4 13.3
    endloop
  endfacet
  facet normal -0 0 1
    outer loop
      vertex 1.64999 2.07011 13.3
      vertex 1.9799 1.9799 13.3
      vertex 1.70453 2.22139 13.3
    endloop
  endfacet
  facet normal 0 0 1
    outer loop
      vertex 2.42487 -1.4 13.3
      vertex 1.64999 -2.07011 13.3
      vertex 2.22139 -1.70453 13.3
    endloop
  endfacet
  facet normal 0 0 1
    outer loop
      vertex 2.22139 -1.70453 13.3
      vertex 1.64999 -2.07011 13.3
      vertex 1.9799 -1.9799 13.3
    endloop
  endfacet
  facet normal 0 0 1
    outer loop
      vertex 1.70453 2.22139 13.3
      vertex 1.6132 2.10237 13.3
      vertex 1.64999 2.07011 13.3
    endloop
  endfacet
  facet normal 0 0 1
    outer loop
      vertex 1.4 2.42487 13.3
      vertex 1.6132 2.10237 13.3
      vertex 1.70453 2.22139 13.3
    endloop
  endfacet
  facet normal 0 0 1
    outer loop
      vertex 1.4 2.42487 13.3
      vertex 1.325 2.29495 13.3
      vertex 1.6132 2.10237 13.3
    endloop
  endfacet
  facet normal 0 0 1
    outer loop
      vertex 1.07151 2.58686 13.3
      vertex 1.325 2.29495 13.3
      vertex 1.4 2.42487 13.3
    endloop
  endfacet
  facet normal 0 0 1
    outer loop
      vertex 1.07151 2.58686 13.3
      vertex 1.0141 2.44827 13.3
      vertex 1.325 2.29495 13.3
    endloop
  endfacet
  facet normal 0 0 1
    outer loop
      vertex 0.724693 2.70459 13.3
      vertex 1.0141 2.44827 13.3
      vertex 1.07151 2.58686 13.3
    endloop
  endfacet
  facet normal 0 0 1
    outer loop
      vertex 0.724693 2.70459 13.3
      vertex 0.685867 2.55969 13.3
      vertex 1.0141 2.44827 13.3
    endloop
  endfacet
  facet normal 0 0 1
    outer loop
      vertex 0.365473 2.77604 13.3
      vertex 0.685867 2.55969 13.3
      vertex 0.724693 2.70459 13.3
    endloop
  endfacet
  facet normal 0 0 1
    outer loop
      vertex 0.365473 2.77604 13.3
      vertex 0.345886 2.62732 13.3
      vertex 0.685867 2.55969 13.3
    endloop
  endfacet
  facet normal 0 0 1
    outer loop
      vertex 0 2.8 13.3
      vertex 0.345886 2.62732 13.3
      vertex 0.365473 2.77604 13.3
    endloop
  endfacet
  facet normal 0 0 1
    outer loop
      vertex 0 2.8 13.3
      vertex 0 2.64999 13.3
      vertex 0.345886 2.62732 13.3
    endloop
  endfacet
  facet normal 0 0 1
    outer loop
      vertex 0 2.8 13.3
      vertex -0.345886 2.62732 13.3
      vertex 0 2.64999 13.3
    endloop
  endfacet
  facet normal -0 0 1
    outer loop
      vertex -0.365473 2.77604 13.3
      vertex -0.345886 2.62732 13.3
      vertex 0 2.8 13.3
    endloop
  endfacet
  facet normal 0 0 1
    outer loop
      vertex -0.365473 2.77604 13.3
      vertex -0.685867 2.55969 13.3
      vertex -0.345886 2.62732 13.3
    endloop
  endfacet
  facet normal -0 0 1
    outer loop
      vertex -0.724693 2.70459 13.3
      vertex -0.685867 2.55969 13.3
      vertex -0.365473 2.77604 13.3
    endloop
  endfacet
  facet normal 0 0 1
    outer loop
      vertex -0.724693 2.70459 13.3
      vertex -1.0141 2.44827 13.3
      vertex -0.685867 2.55969 13.3
    endloop
  endfacet
  facet normal -0 0 1
    outer loop
      vertex -1.07151 2.58686 13.3
      vertex -1.0141 2.44827 13.3
      vertex -0.724693 2.70459 13.3
    endloop
  endfacet
  facet normal 0 0 1
    outer loop
      vertex -1.07151 2.58686 13.3
      vertex -1.325 2.29495 13.3
      vertex -1.0141 2.44827 13.3
    endloop
  endfacet
  facet normal -0 0 1
    outer loop
      vertex -1.4 2.42487 13.3
      vertex -1.325 2.29495 13.3
      vertex -1.07151 2.58686 13.3
    endloop
  endfacet
  facet normal 0 0 1
    outer loop
      vertex -1.4 2.42487 13.3
      vertex -1.6132 2.10237 13.3
      vertex -1.325 2.29495 13.3
    endloop
  endfacet
  facet normal -0 0 1
    outer loop
      vertex -1.70453 2.22139 13.3
      vertex -1.6132 2.10237 13.3
      vertex -1.4 2.42487 13.3
    endloop
  endfacet
  facet normal 0 0 1
    outer loop
      vertex -1.9799 1.9799 13.3
      vertex -1.64999 2.07011 13.3
      vertex -1.70453 2.22139 13.3
    endloop
  endfacet
  facet normal 0 0 1
    outer loop
      vertex -1.6132 2.10237 13.3
      vertex -1.70453 2.22139 13.3
      vertex -1.64999 2.07011 13.3
    endloop
  endfacet
  facet normal 0 0 1
    outer loop
      vertex 1.9799 -1.9799 13.3
      vertex 1.64999 -2.07011 13.3
      vertex 1.70453 -2.22139 13.3
    endloop
  endfacet
  facet normal -0 0 1
    outer loop
      vertex 1.6132 -2.10237 13.3
      vertex 1.70453 -2.22139 13.3
      vertex 1.64999 -2.07011 13.3
    endloop
  endfacet
  facet normal 0 0 1
    outer loop
      vertex 1.6132 -2.10237 13.3
      vertex 1.4 -2.42487 13.3
      vertex 1.70453 -2.22139 13.3
    endloop
  endfacet
  facet normal -0 0 1
    outer loop
      vertex 1.325 -2.29495 13.3
      vertex 1.4 -2.42487 13.3
      vertex 1.6132 -2.10237 13.3
    endloop
  endfacet
  facet normal 0 0 1
    outer loop
      vertex 1.325 -2.29495 13.3
      vertex 1.07151 -2.58686 13.3
      vertex 1.4 -2.42487 13.3
    endloop
  endfacet
  facet normal -0 0 1
    outer loop
      vertex 1.0141 -2.44827 13.3
      vertex 1.07151 -2.58686 13.3
      vertex 1.325 -2.29495 13.3
    endloop
  endfacet
  facet normal 0 0 1
    outer loop
      vertex 1.0141 -2.44827 13.3
      vertex 0.724693 -2.70459 13.3
      vertex 1.07151 -2.58686 13.3
    endloop
  endfacet
  facet normal -0 0 1
    outer loop
      vertex 0.685867 -2.55969 13.3
      vertex 0.724693 -2.70459 13.3
      vertex 1.0141 -2.44827 13.3
    endloop
  endfacet
  facet normal 0 0 1
    outer loop
      vertex 0.685867 -2.55969 13.3
      vertex 0.365473 -2.77604 13.3
      vertex 0.724693 -2.70459 13.3
    endloop
  endfacet
  facet normal -0 0 1
    outer loop
      vertex 0.345886 -2.62732 13.3
      vertex 0.365473 -2.77604 13.3
      vertex 0.685867 -2.55969 13.3
    endloop
  endfacet
  facet normal -0 0 1
    outer loop
      vertex 0 -2.64999 13.3
      vertex 0.365473 -2.77604 13.3
      vertex 0.345886 -2.62732 13.3
    endloop
  endfacet
  facet normal 0 0 1
    outer loop
      vertex 0 -2.64999 13.3
      vertex 0 -2.8 13.3
      vertex 0.365473 -2.77604 13.3
    endloop
  endfacet
  facet normal 0 0 1
    outer loop
      vertex -0.345886 -2.62732 13.3
      vertex 0 -2.8 13.3
      vertex 0 -2.64999 13.3
    endloop
  endfacet
  facet normal 0 0 1
    outer loop
      vertex -0.345886 -2.62732 13.3
      vertex -0.365473 -2.77604 13.3
      vertex 0 -2.8 13.3
    endloop
  endfacet
  facet normal 0 0 1
    outer loop
      vertex -0.685867 -2.55969 13.3
      vertex -0.365473 -2.77604 13.3
      vertex -0.345886 -2.62732 13.3
    endloop
  endfacet
  facet normal 0 0 1
    outer loop
      vertex -0.685867 -2.55969 13.3
      vertex -0.724693 -2.70459 13.3
      vertex -0.365473 -2.77604 13.3
    endloop
  endfacet
  facet normal 0 0 1
    outer loop
      vertex -1.0141 -2.44827 13.3
      vertex -0.724693 -2.70459 13.3
      vertex -0.685867 -2.55969 13.3
    endloop
  endfacet
  facet normal 0 0 1
    outer loop
      vertex -1.0141 -2.44827 13.3
      vertex -1.07151 -2.58686 13.3
      vertex -0.724693 -2.70459 13.3
    endloop
  endfacet
  facet normal 0 0 1
    outer loop
      vertex -1.325 -2.29495 13.3
      vertex -1.07151 -2.58686 13.3
      vertex -1.0141 -2.44827 13.3
    endloop
  endfacet
  facet normal 0 0 1
    outer loop
      vertex -1.325 -2.29495 13.3
      vertex -1.4 -2.42487 13.3
      vertex -1.07151 -2.58686 13.3
    endloop
  endfacet
  facet normal 0 0 1
    outer loop
      vertex -1.6132 -2.10237 13.3
      vertex -1.4 -2.42487 13.3
      vertex -1.325 -2.29495 13.3
    endloop
  endfacet
  facet normal 0 0 1
    outer loop
      vertex -1.70453 -2.22139 13.3
      vertex -1.6132 -2.10237 13.3
      vertex -1.64999 -2.07011 13.3
    endloop
  endfacet
  facet normal 0 0 1
    outer loop
      vertex -1.6132 -2.10237 13.3
      vertex -1.70453 -2.22139 13.3
      vertex -1.4 -2.42487 13.3
    endloop
  endfacet
  facet normal 0 0 1
    outer loop
      vertex -2.22139 1.70453 13.3
      vertex -1.64999 2.07011 13.3
      vertex -1.9799 1.9799 13.3
    endloop
  endfacet
  facet normal 0 0 1
    outer loop
      vertex -2.42487 1.4 13.3
      vertex -1.64999 2.07011 13.3
      vertex -2.22139 1.70453 13.3
    endloop
  endfacet
  facet normal 0 0 1
    outer loop
      vertex -1.64999 -2.07011 13.3
      vertex -1.9799 -1.9799 13.3
      vertex -1.70453 -2.22139 13.3
    endloop
  endfacet
  facet normal 0 0 1
    outer loop
      vertex -2.58686 1.07151 13.3
      vertex -1.64999 2.07011 13.3
      vertex -2.42487 1.4 13.3
    endloop
  endfacet
  facet normal 0 0 1
    outer loop
      vertex -1.64999 -2.07011 13.3
      vertex -2.22139 -1.70453 13.3
      vertex -1.9799 -1.9799 13.3
    endloop
  endfacet
  facet normal 0 0 1
    outer loop
      vertex -2.70459 0.724693 13.3
      vertex -1.64999 2.07011 13.3
      vertex -2.58686 1.07151 13.3
    endloop
  endfacet
  facet normal 0 0 1
    outer loop
      vertex -1.64999 -2.07011 13.3
      vertex -2.42487 -1.4 13.3
      vertex -2.22139 -1.70453 13.3
    endloop
  endfacet
  facet normal 0 0 1
    outer loop
      vertex -2.77604 0.365473 13.3
      vertex -1.64999 2.07011 13.3
      vertex -2.70459 0.724693 13.3
    endloop
  endfacet
  facet normal 0 0 1
    outer loop
      vertex -1.64999 -2.07011 13.3
      vertex -2.58686 -1.07151 13.3
      vertex -2.42487 -1.4 13.3
    endloop
  endfacet
  facet normal 0 0 1
    outer loop
      vertex -2.8 0 13.3
      vertex -1.64999 2.07011 13.3
      vertex -2.77604 0.365473 13.3
    endloop
  endfacet
  facet normal 0 0 1
    outer loop
      vertex -1.64999 -2.07011 13.3
      vertex -2.70459 -0.724693 13.3
      vertex -2.58686 -1.07151 13.3
    endloop
  endfacet
  facet normal 0 0 1
    outer loop
      vertex -1.64999 2.07011 13.3
      vertex -2.8 0 13.3
      vertex -1.64999 -2.07011 13.3
    endloop
  endfacet
  facet normal 0 0 1
    outer loop
      vertex -1.64999 -2.07011 13.3
      vertex -2.77604 -0.365473 13.3
      vertex -2.70459 -0.724693 13.3
    endloop
  endfacet
  facet normal 0 0 1
    outer loop
      vertex -1.64999 -2.07011 13.3
      vertex -2.8 0 13.3
      vertex -2.77604 -0.365473 13.3
    endloop
  endfacet
  facet normal 0.442281 0.896876 -0
    outer loop
      vertex -1.07151 -2.58686 13.3
      vertex -1.4 -2.42487 14.8
      vertex -1.07151 -2.58686 14.8
    endloop
  endfacet
  facet normal 0.442281 0.896876 0
    outer loop
      vertex -1.4 -2.42487 14.8
      vertex -1.07151 -2.58686 13.3
      vertex -1.4 -2.42487 13.3
    endloop
  endfacet
  facet normal 0.0654184 0.997858 -0
    outer loop
      vertex 0 -2.8 13.3
      vertex -0.365473 -2.77604 14.8
      vertex 0 -2.8 14.8
    endloop
  endfacet
  facet normal 0.0654184 0.997858 0
    outer loop
      vertex -0.365473 -2.77604 14.8
      vertex 0 -2.8 13.3
      vertex -0.365473 -2.77604 13.3
    endloop
  endfacet
  facet normal -0.997858 -0.0654184 0
    outer loop
      vertex 2.8 0 13.3
      vertex 2.77604 0.365473 14.8
      vertex 2.77604 0.365473 13.3
    endloop
  endfacet
  facet normal -0.997858 -0.0654184 0
    outer loop
      vertex 2.77604 0.365473 14.8
      vertex 2.8 0 13.3
      vertex 2.8 0 14.8
    endloop
  endfacet
  facet normal -0.0654184 -0.997858 0
    outer loop
      vertex 0 2.8 13.3
      vertex 0.365473 2.77604 14.8
      vertex 0 2.8 14.8
    endloop
  endfacet
  facet normal -0.0654184 -0.997858 -0
    outer loop
      vertex 0.365473 2.77604 14.8
      vertex 0 2.8 13.3
      vertex 0.365473 2.77604 13.3
    endloop
  endfacet
  facet normal -0.321443 -0.946929 0
    outer loop
      vertex 0.724693 2.70459 13.3
      vertex 1.07151 2.58686 14.8
      vertex 0.724693 2.70459 14.8
    endloop
  endfacet
  facet normal -0.321443 -0.946929 -0
    outer loop
      vertex 1.07151 2.58686 14.8
      vertex 0.724693 2.70459 13.3
      vertex 1.07151 2.58686 13.3
    endloop
  endfacet
  facet normal -0.442281 -0.896876 0
    outer loop
      vertex 1.07151 2.58686 13.3
      vertex 1.4 2.42487 14.8
      vertex 1.07151 2.58686 14.8
    endloop
  endfacet
  facet normal -0.442281 -0.896876 -0
    outer loop
      vertex 1.4 2.42487 14.8
      vertex 1.07151 2.58686 13.3
      vertex 1.4 2.42487 13.3
    endloop
  endfacet
  facet normal -0.659341 -0.751844 0
    outer loop
      vertex 1.70453 2.22139 13.3
      vertex 1.9799 1.9799 14.8
      vertex 1.70453 2.22139 14.8
    endloop
  endfacet
  facet normal -0.659341 -0.751844 -0
    outer loop
      vertex 1.9799 1.9799 14.8
      vertex 1.70453 2.22139 13.3
      vertex 1.9799 1.9799 13.3
    endloop
  endfacet
  facet normal -0.946929 -0.321443 0
    outer loop
      vertex 2.70459 0.724693 13.3
      vertex 2.58686 1.07151 14.8
      vertex 2.58686 1.07151 13.3
    endloop
  endfacet
  facet normal -0.946929 -0.321443 0
    outer loop
      vertex 2.58686 1.07151 14.8
      vertex 2.70459 0.724693 13.3
      vertex 2.70459 0.724693 14.8
    endloop
  endfacet
  facet normal -0.83147 -0.555569 0
    outer loop
      vertex 2.42487 1.4 13.3
      vertex 2.22139 1.70453 14.8
      vertex 2.22139 1.70453 13.3
    endloop
  endfacet
  facet normal -0.83147 -0.555569 0
    outer loop
      vertex 2.22139 1.70453 14.8
      vertex 2.42487 1.4 13.3
      vertex 2.42487 1.4 14.8
    endloop
  endfacet
  facet normal 0.555569 -0.83147 0
    outer loop
      vertex -1.70453 2.22139 13.3
      vertex -1.4 2.42487 14.8
      vertex -1.70453 2.22139 14.8
    endloop
  endfacet
  facet normal 0.555569 -0.83147 0
    outer loop
      vertex -1.4 2.42487 14.8
      vertex -1.70453 2.22139 13.3
      vertex -1.4 2.42487 13.3
    endloop
  endfacet
  facet normal 0.195082 -0.980787 0
    outer loop
      vertex -0.724693 2.70459 13.3
      vertex -0.365473 2.77604 14.8
      vertex -0.724693 2.70459 14.8
    endloop
  endfacet
  facet normal 0.195082 -0.980787 0
    outer loop
      vertex -0.365473 2.77604 14.8
      vertex -0.724693 2.70459 13.3
      vertex -0.365473 2.77604 13.3
    endloop
  endfacet
  facet normal 0.896876 -0.442281 0
    outer loop
      vertex -2.58686 1.07151 14.8
      vertex -2.42487 1.4 13.3
      vertex -2.42487 1.4 14.8
    endloop
  endfacet
  facet normal 0.896876 -0.442281 0
    outer loop
      vertex -2.42487 1.4 13.3
      vertex -2.58686 1.07151 14.8
      vertex -2.58686 1.07151 13.3
    endloop
  endfacet
  facet normal 0.946929 -0.321443 0
    outer loop
      vertex -2.70459 0.724693 14.8
      vertex -2.58686 1.07151 13.3
      vertex -2.58686 1.07151 14.8
    endloop
  endfacet
  facet normal 0.946929 -0.321443 0
    outer loop
      vertex -2.58686 1.07151 13.3
      vertex -2.70459 0.724693 14.8
      vertex -2.70459 0.724693 13.3
    endloop
  endfacet
  facet normal 0.997858 -0.0654184 0
    outer loop
      vertex -2.8 0 14.8
      vertex -2.77604 0.365473 13.3
      vertex -2.77604 0.365473 14.8
    endloop
  endfacet
  facet normal 0.997858 -0.0654184 0
    outer loop
      vertex -2.77604 0.365473 13.3
      vertex -2.8 0 14.8
      vertex -2.8 0 13.3
    endloop
  endfacet
  facet normal -0.195082 -0.980787 0
    outer loop
      vertex 0.365473 2.77604 13.3
      vertex 0.724693 2.70459 14.8
      vertex 0.365473 2.77604 14.8
    endloop
  endfacet
  facet normal -0.195082 -0.980787 -0
    outer loop
      vertex 0.724693 2.70459 14.8
      vertex 0.365473 2.77604 13.3
      vertex 0.724693 2.70459 13.3
    endloop
  endfacet
  facet normal -0.555569 -0.83147 0
    outer loop
      vertex 1.4 2.42487 13.3
      vertex 1.70453 2.22139 14.8
      vertex 1.4 2.42487 14.8
    endloop
  endfacet
  facet normal -0.555569 -0.83147 -0
    outer loop
      vertex 1.70453 2.22139 14.8
      vertex 1.4 2.42487 13.3
      vertex 1.70453 2.22139 13.3
    endloop
  endfacet
  facet normal -0.980787 -0.195082 0
    outer loop
      vertex 2.77604 0.365473 13.3
      vertex 2.70459 0.724693 14.8
      vertex 2.70459 0.724693 13.3
    endloop
  endfacet
  facet normal -0.980787 -0.195082 0
    outer loop
      vertex 2.70459 0.724693 14.8
      vertex 2.77604 0.365473 13.3
      vertex 2.77604 0.365473 14.8
    endloop
  endfacet
  facet normal -0.896876 -0.442281 0
    outer loop
      vertex 2.58686 1.07151 13.3
      vertex 2.42487 1.4 14.8
      vertex 2.42487 1.4 13.3
    endloop
  endfacet
  facet normal -0.896876 -0.442281 0
    outer loop
      vertex 2.42487 1.4 14.8
      vertex 2.58686 1.07151 13.3
      vertex 2.58686 1.07151 14.8
    endloop
  endfacet
  facet normal 0.442281 -0.896876 0
    outer loop
      vertex -1.4 2.42487 13.3
      vertex -1.07151 2.58686 14.8
      vertex -1.4 2.42487 14.8
    endloop
  endfacet
  facet normal 0.442281 -0.896876 0
    outer loop
      vertex -1.07151 2.58686 14.8
      vertex -1.4 2.42487 13.3
      vertex -1.07151 2.58686 13.3
    endloop
  endfacet
  facet normal 0.83147 -0.555569 0
    outer loop
      vertex -2.42487 1.4 14.8
      vertex -2.22139 1.70453 13.3
      vertex -2.22139 1.70453 14.8
    endloop
  endfacet
  facet normal 0.83147 -0.555569 0
    outer loop
      vertex -2.22139 1.70453 13.3
      vertex -2.42487 1.4 14.8
      vertex -2.42487 1.4 13.3
    endloop
  endfacet
  facet normal 0.980787 -0.195082 0
    outer loop
      vertex -2.77604 0.365473 14.8
      vertex -2.70459 0.724693 13.3
      vertex -2.70459 0.724693 14.8
    endloop
  endfacet
  facet normal 0.980787 -0.195082 0
    outer loop
      vertex -2.70459 0.724693 13.3
      vertex -2.77604 0.365473 14.8
      vertex -2.77604 0.365473 13.3
    endloop
  endfacet
  facet normal -0.6593 -0.75188 0
    outer loop
      vertex 1.6132 2.10237 1.90735e-07
      vertex 1.64999 2.07011 13.3
      vertex 1.6132 2.10237 13.3
    endloop
  endfacet
  facet normal -0.6593 -0.75188 -0
    outer loop
      vertex 1.64999 2.07011 13.3
      vertex 1.6132 2.10237 1.90735e-07
      vertex 1.64999 2.07011 1.90735e-07
    endloop
  endfacet
  facet normal -0.442291 -0.896871 0
    outer loop
      vertex 1.0141 2.44827 1.90735e-07
      vertex 1.325 2.29495 13.3
      vertex 1.0141 2.44827 13.3
    endloop
  endfacet
  facet normal -0.442291 -0.896871 -0
    outer loop
      vertex 1.325 2.29495 13.3
      vertex 1.0141 2.44827 1.90735e-07
      vertex 1.325 2.29495 1.90735e-07
    endloop
  endfacet
  facet normal 0.555592 0.831455 -0
    outer loop
      vertex -1.325 -2.29495 1.90735e-07
      vertex -1.6132 -2.10237 13.3
      vertex -1.325 -2.29495 13.3
    endloop
  endfacet
  facet normal 0.555592 0.831455 0
    outer loop
      vertex -1.6132 -2.10237 13.3
      vertex -1.325 -2.29495 1.90735e-07
      vertex -1.6132 -2.10237 1.90735e-07
    endloop
  endfacet
  facet normal -0.555592 -0.831455 0
    outer loop
      vertex 1.325 2.29495 1.90735e-07
      vertex 1.6132 2.10237 13.3
      vertex 1.325 2.29495 13.3
    endloop
  endfacet
  facet normal -0.555592 -0.831455 -0
    outer loop
      vertex 1.6132 2.10237 13.3
      vertex 1.325 2.29495 1.90735e-07
      vertex 1.6132 2.10237 1.90735e-07
    endloop
  endfacet
  facet normal -1 0 0
    outer loop
      vertex 1.64999 -2.07011 1.90735e-07
      vertex 1.64999 2.07011 13.3
      vertex 1.64999 2.07011 1.90735e-07
    endloop
  endfacet
  facet normal -1 -0 0
    outer loop
      vertex 1.64999 2.07011 13.3
      vertex 1.64999 -2.07011 1.90735e-07
      vertex 1.64999 -2.07011 13.3
    endloop
  endfacet
  facet normal 1 -0 0
    outer loop
      vertex -1.64999 -2.07011 13.3
      vertex -1.64999 2.07011 1.90735e-07
      vertex -1.64999 2.07011 13.3
    endloop
  endfacet
  facet normal 1 0 0
    outer loop
      vertex -1.64999 2.07011 1.90735e-07
      vertex -1.64999 -2.07011 13.3
      vertex -1.64999 -2.07011 1.90735e-07
    endloop
  endfacet
  facet normal 0.6593 0.75188 -0
    outer loop
      vertex -1.6132 -2.10237 1.90735e-07
      vertex -1.64999 -2.07011 13.3
      vertex -1.6132 -2.10237 13.3
    endloop
  endfacet
  facet normal 0.6593 0.75188 0
    outer loop
      vertex -1.64999 -2.07011 13.3
      vertex -1.6132 -2.10237 1.90735e-07
      vertex -1.64999 -2.07011 1.90735e-07
    endloop
  endfacet
  facet normal -0.0654015 0.997859 0
    outer loop
      vertex 0.345886 -2.62732 1.90735e-07
      vertex 0 -2.64999 13.3
      vertex 0.345886 -2.62732 13.3
    endloop
  endfacet
  facet normal -0.0654015 0.997859 0
    outer loop
      vertex 0 -2.64999 13.3
      vertex 0.345886 -2.62732 1.90735e-07
      vertex 0 -2.64999 1.90735e-07
    endloop
  endfacet
  facet normal 0.321439 -0.94693 0
    outer loop
      vertex -1.0141 2.44827 1.90735e-07
      vertex -0.685867 2.55969 13.3
      vertex -1.0141 2.44827 13.3
    endloop
  endfacet
  facet normal 0.321439 -0.94693 0
    outer loop
      vertex -0.685867 2.55969 13.3
      vertex -1.0141 2.44827 1.90735e-07
      vertex -0.685867 2.55969 1.90735e-07
    endloop
  endfacet
  facet normal 0.0654015 -0.997859 0
    outer loop
      vertex -0.345886 2.62732 1.90735e-07
      vertex 0 2.64999 13.3
      vertex -0.345886 2.62732 13.3
    endloop
  endfacet
  facet normal 0.0654015 -0.997859 0
    outer loop
      vertex 0 2.64999 13.3
      vertex -0.345886 2.62732 1.90735e-07
      vertex 0 2.64999 1.90735e-07
    endloop
  endfacet
  facet normal -0.321439 -0.94693 0
    outer loop
      vertex 0.685867 2.55969 1.90735e-07
      vertex 1.0141 2.44827 13.3
      vertex 0.685867 2.55969 13.3
    endloop
  endfacet
  facet normal -0.321439 -0.94693 -0
    outer loop
      vertex 1.0141 2.44827 13.3
      vertex 0.685867 2.55969 1.90735e-07
      vertex 1.0141 2.44827 1.90735e-07
    endloop
  endfacet
  facet normal 0.321439 0.94693 -0
    outer loop
      vertex -0.685867 -2.55969 1.90735e-07
      vertex -1.0141 -2.44827 13.3
      vertex -0.685867 -2.55969 13.3
    endloop
  endfacet
  facet normal 0.321439 0.94693 0
    outer loop
      vertex -1.0141 -2.44827 13.3
      vertex -0.685867 -2.55969 1.90735e-07
      vertex -1.0141 -2.44827 1.90735e-07
    endloop
  endfacet
  facet normal -0.442291 0.896871 0
    outer loop
      vertex 1.325 -2.29495 1.90735e-07
      vertex 1.0141 -2.44827 13.3
      vertex 1.325 -2.29495 13.3
    endloop
  endfacet
  facet normal -0.442291 0.896871 0
    outer loop
      vertex 1.0141 -2.44827 13.3
      vertex 1.325 -2.29495 1.90735e-07
      vertex 1.0141 -2.44827 1.90735e-07
    endloop
  endfacet
  facet normal -0.321439 0.94693 0
    outer loop
      vertex 1.0141 -2.44827 1.90735e-07
      vertex 0.685867 -2.55969 13.3
      vertex 1.0141 -2.44827 13.3
    endloop
  endfacet
  facet normal -0.321439 0.94693 0
    outer loop
      vertex 0.685867 -2.55969 13.3
      vertex 1.0141 -2.44827 1.90735e-07
      vertex 0.685867 -2.55969 1.90735e-07
    endloop
  endfacet
  facet normal 0.442291 0.896871 -0
    outer loop
      vertex -1.0141 -2.44827 1.90735e-07
      vertex -1.325 -2.29495 13.3
      vertex -1.0141 -2.44827 13.3
    endloop
  endfacet
  facet normal 0.442291 0.896871 0
    outer loop
      vertex -1.325 -2.29495 13.3
      vertex -1.0141 -2.44827 1.90735e-07
      vertex -1.325 -2.29495 1.90735e-07
    endloop
  endfacet
  facet normal 0.6593 -0.75188 0
    outer loop
      vertex -1.64999 2.07011 1.90735e-07
      vertex -1.6132 2.10237 13.3
      vertex -1.64999 2.07011 13.3
    endloop
  endfacet
  facet normal 0.6593 -0.75188 0
    outer loop
      vertex -1.6132 2.10237 13.3
      vertex -1.64999 2.07011 1.90735e-07
      vertex -1.6132 2.10237 1.90735e-07
    endloop
  endfacet
  facet normal 0.442291 -0.896871 0
    outer loop
      vertex -1.325 2.29495 1.90735e-07
      vertex -1.0141 2.44827 13.3
      vertex -1.325 2.29495 13.3
    endloop
  endfacet
  facet normal 0.442291 -0.896871 0
    outer loop
      vertex -1.0141 2.44827 13.3
      vertex -1.325 2.29495 1.90735e-07
      vertex -1.0141 2.44827 1.90735e-07
    endloop
  endfacet
  facet normal 0.1951 -0.980783 0
    outer loop
      vertex -0.685867 2.55969 1.90735e-07
      vertex -0.345886 2.62732 13.3
      vertex -0.685867 2.55969 13.3
    endloop
  endfacet
  facet normal 0.1951 -0.980783 0
    outer loop
      vertex -0.345886 2.62732 13.3
      vertex -0.685867 2.55969 1.90735e-07
      vertex -0.345886 2.62732 1.90735e-07
    endloop
  endfacet
  facet normal -0.0654015 -0.997859 0
    outer loop
      vertex 0 2.64999 1.90735e-07
      vertex 0.345886 2.62732 13.3
      vertex 0 2.64999 13.3
    endloop
  endfacet
  facet normal -0.0654015 -0.997859 -0
    outer loop
      vertex 0.345886 2.62732 13.3
      vertex 0 2.64999 1.90735e-07
      vertex 0.345886 2.62732 1.90735e-07
    endloop
  endfacet
  facet normal -0.555592 0.831455 0
    outer loop
      vertex 1.6132 -2.10237 1.90735e-07
      vertex 1.325 -2.29495 13.3
      vertex 1.6132 -2.10237 13.3
    endloop
  endfacet
  facet normal -0.555592 0.831455 0
    outer loop
      vertex 1.325 -2.29495 13.3
      vertex 1.6132 -2.10237 1.90735e-07
      vertex 1.325 -2.29495 1.90735e-07
    endloop
  endfacet
  facet normal -0.6593 0.75188 0
    outer loop
      vertex 1.64999 -2.07011 1.90735e-07
      vertex 1.6132 -2.10237 13.3
      vertex 1.64999 -2.07011 13.3
    endloop
  endfacet
  facet normal -0.6593 0.75188 0
    outer loop
      vertex 1.6132 -2.10237 13.3
      vertex 1.64999 -2.07011 1.90735e-07
      vertex 1.6132 -2.10237 1.90735e-07
    endloop
  endfacet
  facet normal -0.1951 0.980783 0
    outer loop
      vertex 0.685867 -2.55969 1.90735e-07
      vertex 0.345886 -2.62732 13.3
      vertex 0.685867 -2.55969 13.3
    endloop
  endfacet
  facet normal -0.1951 0.980783 0
    outer loop
      vertex 0.345886 -2.62732 13.3
      vertex 0.685867 -2.55969 1.90735e-07
      vertex 0.345886 -2.62732 1.90735e-07
    endloop
  endfacet
  facet normal 0.1951 0.980783 -0
    outer loop
      vertex -0.345886 -2.62732 1.90735e-07
      vertex -0.685867 -2.55969 13.3
      vertex -0.345886 -2.62732 13.3
    endloop
  endfacet
  facet normal 0.1951 0.980783 0
    outer loop
      vertex -0.685867 -2.55969 13.3
      vertex -0.345886 -2.62732 1.90735e-07
      vertex -0.685867 -2.55969 1.90735e-07
    endloop
  endfacet
  facet normal 0.0654015 0.997859 -0
    outer loop
      vertex 0 -2.64999 1.90735e-07
      vertex -0.345886 -2.62732 13.3
      vertex 0 -2.64999 13.3
    endloop
  endfacet
  facet normal 0.0654015 0.997859 0
    outer loop
      vertex -0.345886 -2.62732 13.3
      vertex 0 -2.64999 1.90735e-07
      vertex -0.345886 -2.62732 1.90735e-07
    endloop
  endfacet
  facet normal 0.555592 -0.831455 0
    outer loop
      vertex -1.6132 2.10237 1.90735e-07
      vertex -1.325 2.29495 13.3
      vertex -1.6132 2.10237 13.3
    endloop
  endfacet
  facet normal 0.555592 -0.831455 0
    outer loop
      vertex -1.325 2.29495 13.3
      vertex -1.6132 2.10237 1.90735e-07
      vertex -1.325 2.29495 1.90735e-07
    endloop
  endfacet
  facet normal -0.1951 -0.980783 0
    outer loop
      vertex 0.345886 2.62732 1.90735e-07
      vertex 0.685867 2.55969 13.3
      vertex 0.345886 2.62732 13.3
    endloop
  endfacet
  facet normal -0.1951 -0.980783 -0
    outer loop
      vertex 0.685867 2.55969 13.3
      vertex 0.345886 2.62732 1.90735e-07
      vertex 0.685867 2.55969 1.90735e-07
    endloop
  endfacet
  facet normal -0.806387 -0.591388 0
    outer loop
      vertex 24.5663 19.9065 3.51
      vertex 24.2453 20.3442 6.7
      vertex 24.2453 20.3442 3.51
    endloop
  endfacet
  facet normal -0.806387 -0.591388 0
    outer loop
      vertex 24.2453 20.3442 6.7
      vertex 24.5663 19.9065 3.51
      vertex 24.5663 19.9065 6.7
    endloop
  endfacet
  facet normal 0.806452 0.5913 0
    outer loop
      vertex 17.8871 15.0091 6.7
      vertex 17.5661 15.4469 3.51
      vertex 17.5661 15.4469 6.7
    endloop
  endfacet
  facet normal 0.806452 0.5913 0
    outer loop
      vertex 17.5661 15.4469 3.51
      vertex 17.8871 15.0091 6.7
      vertex 17.8871 15.0091 3.51
    endloop
  endfacet
  facet normal -0.5913 0.806452 0
    outer loop
      vertex 23.7338 14.4976 3.51
      vertex 23.296 14.1766 6.7
      vertex 23.7338 14.4976 6.7
    endloop
  endfacet
  facet normal -0.5913 0.806452 0
    outer loop
      vertex 23.296 14.1766 6.7
      vertex 23.7338 14.4976 3.51
      vertex 23.296 14.1766 3.51
    endloop
  endfacet
  facet normal 0.591388 -0.806387 0
    outer loop
      vertex 18.3987 20.8557 3.51
      vertex 18.8364 21.1767 6.7
      vertex 18.3987 20.8557 6.7
    endloop
  endfacet
  facet normal 0.591388 -0.806387 0
    outer loop
      vertex 18.8364 21.1767 6.7
      vertex 18.3987 20.8557 3.51
      vertex 18.8364 21.1767 3.51
    endloop
  endfacet
  facet normal -0.988387 0.15196 0
    outer loop
      vertex 25.1179 16.7784 3.51
      vertex 25.2004 17.315 6.7
      vertex 25.2004 17.315 3.51
    endloop
  endfacet
  facet normal -0.988387 0.15196 0
    outer loop
      vertex 25.2004 17.315 6.7
      vertex 25.1179 16.7784 3.51
      vertex 25.1179 16.7784 6.7
    endloop
  endfacet
  facet normal 0.151988 0.988382 -0
    outer loop
      vertex 20.7045 13.5425 3.51
      vertex 20.168 13.625 6.7
      vertex 20.7045 13.5425 6.7
    endloop
  endfacet
  facet normal 0.151988 0.988382 0
    outer loop
      vertex 20.168 13.625 6.7
      vertex 20.7045 13.5425 3.51
      vertex 20.168 13.625 3.51
    endloop
  endfacet
  facet normal -0.237635 0.971355 0
    outer loop
      vertex 22.3142 13.7187 3.51
      vertex 21.7869 13.5897 6.7
      vertex 22.3142 13.7187 6.7
    endloop
  endfacet
  facet normal -0.237635 0.971355 0
    outer loop
      vertex 21.7869 13.5897 6.7
      vertex 22.3142 13.7187 3.51
      vertex 21.7869 13.5897 3.51
    endloop
  endfacet
  facet normal -0.279802 -0.960058 0
    outer loop
      vertex 21.9644 21.7283 3.51
      vertex 22.4856 21.5764 6.7
      vertex 21.9644 21.7283 6.7
    endloop
  endfacet
  facet normal -0.279802 -0.960058 -0
    outer loop
      vertex 22.4856 21.5764 6.7
      vertex 21.9644 21.7283 3.51
      vertex 22.4856 21.5764 3.51
    endloop
  endfacet
  facet normal -0.85493 0.518743 0
    outer loop
      vertex 24.4657 15.2963 3.51
      vertex 24.7473 15.7604 6.7
      vertex 24.7473 15.7604 3.51
    endloop
  endfacet
  facet normal -0.85493 0.518743 0
    outer loop
      vertex 24.7473 15.7604 6.7
      vertex 24.4657 15.2963 3.51
      vertex 24.4657 15.2963 6.7
    endloop
  endfacet
  facet normal -0.959994 0.280021 0
    outer loop
      vertex 24.9659 16.2573 3.51
      vertex 25.1179 16.7784 6.7
      vertex 25.1179 16.7784 3.51
    endloop
  endfacet
  facet normal -0.959994 0.280021 0
    outer loop
      vertex 25.1179 16.7784 6.7
      vertex 24.9659 16.2573 3.51
      vertex 24.9659 16.2573 6.7
    endloop
  endfacet
  facet normal 0.518743 0.85493 -0
    outer loop
      vertex 19.15 13.9956 3.51
      vertex 18.6859 14.2772 6.7
      vertex 19.15 13.9956 6.7
    endloop
  endfacet
  facet normal 0.518743 0.85493 0
    outer loop
      vertex 18.6859 14.2772 6.7
      vertex 19.15 13.9956 3.51
      vertex 18.6859 14.2772 3.51
    endloop
  endfacet
  facet normal 0.625907 0.779897 -0
    outer loop
      vertex 18.6859 14.2772 3.51
      vertex 18.2625 14.617 6.7
      vertex 18.6859 14.2772 6.7
    endloop
  endfacet
  facet normal 0.625907 0.779897 0
    outer loop
      vertex 18.2625 14.617 6.7
      vertex 18.6859 14.2772 3.51
      vertex 18.2625 14.617 3.51
    endloop
  endfacet
  facet normal -0.481006 0.876717 0
    outer loop
      vertex 23.296 14.1766 3.51
      vertex 22.8201 13.9155 6.7
      vertex 23.296 14.1766 6.7
    endloop
  endfacet
  facet normal -0.481006 0.876717 0
    outer loop
      vertex 22.8201 13.9155 6.7
      vertex 23.296 14.1766 3.51
      vertex 22.8201 13.9155 3.51
    endloop
  endfacet
  facet normal 0.237635 -0.971355 0
    outer loop
      vertex 19.8183 21.6346 3.51
      vertex 20.3456 21.7636 6.7
      vertex 19.8183 21.6346 6.7
    endloop
  endfacet
  facet normal 0.237635 -0.971355 0
    outer loop
      vertex 20.3456 21.7636 6.7
      vertex 19.8183 21.6346 3.51
      vertex 20.3456 21.7636 3.51
    endloop
  endfacet
  facet normal -0.87676 -0.480929 0
    outer loop
      vertex 24.8274 19.4305 3.51
      vertex 24.5663 19.9065 6.7
      vertex 24.5663 19.9065 3.51
    endloop
  endfacet
  facet normal -0.87676 -0.480929 0
    outer loop
      vertex 24.5663 19.9065 6.7
      vertex 24.8274 19.4305 3.51
      vertex 24.8274 19.4305 6.7
    endloop
  endfacet
  facet normal -0.971312 -0.237808 0
    outer loop
      vertex 25.1532 18.3973 3.51
      vertex 25.0241 18.9246 6.7
      vertex 25.0241 18.9246 3.51
    endloop
  endfacet
  facet normal -0.971312 -0.237808 0
    outer loop
      vertex 25.0241 18.9246 6.7
      vertex 25.1532 18.3973 3.51
      vertex 25.1532 18.3973 6.7
    endloop
  endfacet
  facet normal -0.99976 0.0219221 0
    outer loop
      vertex 25.2004 17.315 3.51
      vertex 25.2123 17.8577 6.7
      vertex 25.2123 17.8577 3.51
    endloop
  endfacet
  facet normal -0.99976 0.0219221 0
    outer loop
      vertex 25.2123 17.8577 6.7
      vertex 25.2004 17.315 3.51
      vertex 25.2004 17.315 6.7
    endloop
  endfacet
  facet normal -0.994056 -0.108875 0
    outer loop
      vertex 25.2123 17.8577 3.51
      vertex 25.1532 18.3973 6.7
      vertex 25.1532 18.3973 3.51
    endloop
  endfacet
  facet normal -0.994056 -0.108875 0
    outer loop
      vertex 25.1532 18.3973 6.7
      vertex 25.2123 17.8577 3.51
      vertex 25.2123 17.8577 6.7
    endloop
  endfacet
  facet normal -0.779825 0.625997 0
    outer loop
      vertex 24.1259 14.873 3.51
      vertex 24.4657 15.2963 6.7
      vertex 24.4657 15.2963 3.51
    endloop
  endfacet
  facet normal -0.779825 0.625997 0
    outer loop
      vertex 24.4657 15.2963 6.7
      vertex 24.1259 14.873 3.51
      vertex 24.1259 14.873 6.7
    endloop
  endfacet
  facet normal -0.691557 0.722322 0
    outer loop
      vertex 24.1259 14.873 3.51
      vertex 23.7338 14.4976 6.7
      vertex 24.1259 14.873 6.7
    endloop
  endfacet
  facet normal -0.691557 0.722322 0
    outer loop
      vertex 23.7338 14.4976 6.7
      vertex 24.1259 14.873 3.51
      vertex 23.7338 14.4976 3.51
    endloop
  endfacet
  facet normal -0.915339 0.402683 0
    outer loop
      vertex 24.7473 15.7604 3.51
      vertex 24.9659 16.2573 6.7
      vertex 24.9659 16.2573 3.51
    endloop
  endfacet
  facet normal -0.915339 0.402683 0
    outer loop
      vertex 24.9659 16.2573 6.7
      vertex 24.7473 15.7604 3.51
      vertex 24.7473 15.7604 6.7
    endloop
  endfacet
  facet normal 0.402905 0.915242 -0
    outer loop
      vertex 19.6468 13.7769 3.51
      vertex 19.15 13.9956 6.7
      vertex 19.6468 13.7769 6.7
    endloop
  endfacet
  facet normal 0.402905 0.915242 0
    outer loop
      vertex 19.15 13.9956 6.7
      vertex 19.6468 13.7769 3.51
      vertex 19.15 13.9956 3.51
    endloop
  endfacet
  facet normal 0.279802 0.960058 -0
    outer loop
      vertex 20.168 13.625 3.51
      vertex 19.6468 13.7769 6.7
      vertex 20.168 13.625 6.7
    endloop
  endfacet
  facet normal 0.279802 0.960058 0
    outer loop
      vertex 19.6468 13.7769 6.7
      vertex 20.168 13.625 3.51
      vertex 19.6468 13.7769 3.51
    endloop
  endfacet
  facet normal 0.722322 0.691557 0
    outer loop
      vertex 18.2625 14.617 6.7
      vertex 17.8871 15.0091 3.51
      vertex 17.8871 15.0091 6.7
    endloop
  endfacet
  facet normal 0.722322 0.691557 0
    outer loop
      vertex 17.8871 15.0091 3.51
      vertex 18.2625 14.617 6.7
      vertex 18.2625 14.617 3.51
    endloop
  endfacet
  facet normal -0.108855 0.994058 0
    outer loop
      vertex 21.7869 13.5897 3.51
      vertex 21.2472 13.5306 6.7
      vertex 21.7869 13.5897 6.7
    endloop
  endfacet
  facet normal -0.108855 0.994058 0
    outer loop
      vertex 21.2472 13.5306 6.7
      vertex 21.7869 13.5897 3.51
      vertex 21.2472 13.5306 3.51
    endloop
  endfacet
  facet normal 0.0219221 0.99976 -0
    outer loop
      vertex 21.2472 13.5306 3.51
      vertex 20.7045 13.5425 6.7
      vertex 21.2472 13.5306 6.7
    endloop
  endfacet
  facet normal 0.0219221 0.99976 0
    outer loop
      vertex 20.7045 13.5425 6.7
      vertex 21.2472 13.5306 3.51
      vertex 20.7045 13.5425 3.51
    endloop
  endfacet
  facet normal -0.362544 0.931967 0
    outer loop
      vertex 22.8201 13.9155 3.51
      vertex 22.3142 13.7187 6.7
      vertex 22.8201 13.9155 6.7
    endloop
  endfacet
  facet normal -0.362544 0.931967 0
    outer loop
      vertex 22.3142 13.7187 6.7
      vertex 22.8201 13.9155 3.51
      vertex 22.3142 13.7187 3.51
    endloop
  endfacet
  facet normal -0.72241 -0.691465 0
    outer loop
      vertex 24.2453 20.3442 3.51
      vertex 23.8699 20.7364 6.7
      vertex 23.8699 20.7364 3.51
    endloop
  endfacet
  facet normal -0.72241 -0.691465 0
    outer loop
      vertex 23.8699 20.7364 6.7
      vertex 24.2453 20.3442 3.51
      vertex 24.2453 20.3442 6.7
    endloop
  endfacet
  facet normal -0.152168 -0.988355 0
    outer loop
      vertex 21.4279 21.8109 3.51
      vertex 21.9644 21.7283 6.7
      vertex 21.4279 21.8109 6.7
    endloop
  endfacet
  facet normal -0.152168 -0.988355 -0
    outer loop
      vertex 21.9644 21.7283 6.7
      vertex 21.4279 21.8109 3.51
      vertex 21.9644 21.7283 3.51
    endloop
  endfacet
  facet normal -0.625885 -0.779915 0
    outer loop
      vertex 23.4466 21.0761 3.51
      vertex 23.8699 20.7364 6.7
      vertex 23.4466 21.0761 6.7
    endloop
  endfacet
  facet normal -0.625885 -0.779915 -0
    outer loop
      vertex 23.8699 20.7364 6.7
      vertex 23.4466 21.0761 3.51
      vertex 23.8699 20.7364 3.51
    endloop
  endfacet
  facet normal 0.960043 -0.279851 0
    outer loop
      vertex 17.0146 18.5749 6.7
      vertex 17.1665 19.096 3.51
      vertex 17.1665 19.096 6.7
    endloop
  endfacet
  facet normal 0.960043 -0.279851 0
    outer loop
      vertex 17.1665 19.096 3.51
      vertex 17.0146 18.5749 6.7
      vertex 17.0146 18.5749 3.51
    endloop
  endfacet
  facet normal 0.988355 -0.152168 0
    outer loop
      vertex 16.932 18.0384 6.7
      vertex 17.0146 18.5749 3.51
      vertex 17.0146 18.5749 6.7
    endloop
  endfacet
  facet normal 0.988355 -0.152168 0
    outer loop
      vertex 17.0146 18.5749 3.51
      vertex 16.932 18.0384 6.7
      vertex 16.932 18.0384 3.51
    endloop
  endfacet
  facet normal -0.932029 -0.362384 0
    outer loop
      vertex 25.0241 18.9246 3.51
      vertex 24.8274 19.4305 6.7
      vertex 24.8274 19.4305 3.51
    endloop
  endfacet
  facet normal -0.932029 -0.362384 0
    outer loop
      vertex 24.8274 19.4305 6.7
      vertex 25.0241 18.9246 3.51
      vertex 25.0241 18.9246 6.7
    endloop
  endfacet
  facet normal 0.108875 -0.994056 0
    outer loop
      vertex 20.3456 21.7636 3.51
      vertex 20.8852 21.8227 6.7
      vertex 20.3456 21.7636 6.7
    endloop
  endfacet
  facet normal 0.108875 -0.994056 0
    outer loop
      vertex 20.8852 21.8227 6.7
      vertex 20.3456 21.7636 3.51
      vertex 20.8852 21.8227 3.51
    endloop
  endfacet
  facet normal -0.021738 -0.999764 0
    outer loop
      vertex 20.8852 21.8227 3.51
      vertex 21.4279 21.8109 6.7
      vertex 20.8852 21.8227 6.7
    endloop
  endfacet
  facet normal -0.021738 -0.999764 -0
    outer loop
      vertex 21.4279 21.8109 6.7
      vertex 20.8852 21.8227 3.51
      vertex 21.4279 21.8109 3.51
    endloop
  endfacet
  facet normal -0.402683 -0.915339 0
    outer loop
      vertex 22.4856 21.5764 3.51
      vertex 22.9825 21.3578 6.7
      vertex 22.4856 21.5764 6.7
    endloop
  endfacet
  facet normal -0.402683 -0.915339 -0
    outer loop
      vertex 22.9825 21.3578 6.7
      vertex 22.4856 21.5764 3.51
      vertex 22.9825 21.3578 3.51
    endloop
  endfacet
  facet normal 0.779897 -0.625907 0
    outer loop
      vertex 17.6667 20.057 6.7
      vertex 18.0065 20.4804 3.51
      vertex 18.0065 20.4804 6.7
    endloop
  endfacet
  facet normal 0.779897 -0.625907 0
    outer loop
      vertex 18.0065 20.4804 3.51
      vertex 17.6667 20.057 6.7
      vertex 17.6667 20.057 3.51
    endloop
  endfacet
  facet normal 0 0 1
    outer loop
      vertex 25.1532 18.3973 3.51
      vertex 25.2004 17.315 3.51
      vertex 25.2123 17.8577 3.51
    endloop
  endfacet
  facet normal 0 0 1
    outer loop
      vertex 25.1532 18.3973 3.51
      vertex 25.1179 16.7784 3.51
      vertex 25.2004 17.315 3.51
    endloop
  endfacet
  facet normal 0 0 1
    outer loop
      vertex 25.0241 18.9246 3.51
      vertex 25.1179 16.7784 3.51
      vertex 25.1532 18.3973 3.51
    endloop
  endfacet
  facet normal 0 0 1
    outer loop
      vertex 25.0241 18.9246 3.51
      vertex 24.9659 16.2573 3.51
      vertex 25.1179 16.7784 3.51
    endloop
  endfacet
  facet normal 0 0 1
    outer loop
      vertex 24.8274 19.4305 3.51
      vertex 24.9659 16.2573 3.51
      vertex 25.0241 18.9246 3.51
    endloop
  endfacet
  facet normal 0 0 1
    outer loop
      vertex 24.8274 19.4305 3.51
      vertex 24.7473 15.7604 3.51
      vertex 24.9659 16.2573 3.51
    endloop
  endfacet
  facet normal 0 0 1
    outer loop
      vertex 24.5663 19.9065 3.51
      vertex 24.7473 15.7604 3.51
      vertex 24.8274 19.4305 3.51
    endloop
  endfacet
  facet normal 0 0 1
    outer loop
      vertex 24.5663 19.9065 3.51
      vertex 24.4657 15.2963 3.51
      vertex 24.7473 15.7604 3.51
    endloop
  endfacet
  facet normal 0 0 1
    outer loop
      vertex 24.2453 20.3442 3.51
      vertex 24.4657 15.2963 3.51
      vertex 24.5663 19.9065 3.51
    endloop
  endfacet
  facet normal 0 0 1
    outer loop
      vertex 24.2453 20.3442 3.51
      vertex 24.1259 14.873 3.51
      vertex 24.4657 15.2963 3.51
    endloop
  endfacet
  facet normal 0 0 1
    outer loop
      vertex 23.8699 20.7364 3.51
      vertex 24.1259 14.873 3.51
      vertex 24.2453 20.3442 3.51
    endloop
  endfacet
  facet normal 0 0 1
    outer loop
      vertex 23.8699 20.7364 3.51
      vertex 23.7338 14.4976 3.51
      vertex 24.1259 14.873 3.51
    endloop
  endfacet
  facet normal 0 0 1
    outer loop
      vertex 23.4466 21.0761 3.51
      vertex 23.7338 14.4976 3.51
      vertex 23.8699 20.7364 3.51
    endloop
  endfacet
  facet normal 0 0 1
    outer loop
      vertex 23.4466 21.0761 3.51
      vertex 23.296 14.1766 3.51
      vertex 23.7338 14.4976 3.51
    endloop
  endfacet
  facet normal 0 0 1
    outer loop
      vertex 22.9825 21.3578 3.51
      vertex 23.296 14.1766 3.51
      vertex 23.4466 21.0761 3.51
    endloop
  endfacet
  facet normal 0 0 1
    outer loop
      vertex 22.9825 21.3578 3.51
      vertex 22.8201 13.9155 3.51
      vertex 23.296 14.1766 3.51
    endloop
  endfacet
  facet normal 0 0 1
    outer loop
      vertex 22.4856 21.5764 3.51
      vertex 22.8201 13.9155 3.51
      vertex 22.9825 21.3578 3.51
    endloop
  endfacet
  facet normal 0 0 1
    outer loop
      vertex 22.4856 21.5764 3.51
      vertex 22.3142 13.7187 3.51
      vertex 22.8201 13.9155 3.51
    endloop
  endfacet
  facet normal 0 0 1
    outer loop
      vertex 21.9644 21.7283 3.51
      vertex 22.3142 13.7187 3.51
      vertex 22.4856 21.5764 3.51
    endloop
  endfacet
  facet normal 0 0 1
    outer loop
      vertex 21.9644 21.7283 3.51
      vertex 21.7869 13.5897 3.51
      vertex 22.3142 13.7187 3.51
    endloop
  endfacet
  facet normal 0 0 1
    outer loop
      vertex 21.4279 21.8109 3.51
      vertex 21.7869 13.5897 3.51
      vertex 21.9644 21.7283 3.51
    endloop
  endfacet
  facet normal 0 0 1
    outer loop
      vertex 21.4279 21.8109 3.51
      vertex 21.2472 13.5306 3.51
      vertex 21.7869 13.5897 3.51
    endloop
  endfacet
  facet normal 0 0 1
    outer loop
      vertex 20.8852 21.8227 3.51
      vertex 21.2472 13.5306 3.51
      vertex 21.4279 21.8109 3.51
    endloop
  endfacet
  facet normal 0 0 1
    outer loop
      vertex 20.8852 21.8227 3.51
      vertex 20.7045 13.5425 3.51
      vertex 21.2472 13.5306 3.51
    endloop
  endfacet
  facet normal -0 0 1
    outer loop
      vertex 20.3456 21.7636 3.51
      vertex 20.7045 13.5425 3.51
      vertex 20.8852 21.8227 3.51
    endloop
  endfacet
  facet normal 0 0 1
    outer loop
      vertex 20.3456 21.7636 3.51
      vertex 20.168 13.625 3.51
      vertex 20.7045 13.5425 3.51
    endloop
  endfacet
  facet normal -0 0 1
    outer loop
      vertex 19.8183 21.6346 3.51
      vertex 20.168 13.625 3.51
      vertex 20.3456 21.7636 3.51
    endloop
  endfacet
  facet normal 0 0 1
    outer loop
      vertex 19.8183 21.6346 3.51
      vertex 19.6468 13.7769 3.51
      vertex 20.168 13.625 3.51
    endloop
  endfacet
  facet normal -0 0 1
    outer loop
      vertex 19.3124 21.4378 3.51
      vertex 19.6468 13.7769 3.51
      vertex 19.8183 21.6346 3.51
    endloop
  endfacet
  facet normal 0 0 1
    outer loop
      vertex 19.3124 21.4378 3.51
      vertex 19.15 13.9956 3.51
      vertex 19.6468 13.7769 3.51
    endloop
  endfacet
  facet normal -0 0 1
    outer loop
      vertex 18.8364 21.1767 3.51
      vertex 19.15 13.9956 3.51
      vertex 19.3124 21.4378 3.51
    endloop
  endfacet
  facet normal 0 0 1
    outer loop
      vertex 18.8364 21.1767 3.51
      vertex 18.6859 14.2772 3.51
      vertex 19.15 13.9956 3.51
    endloop
  endfacet
  facet normal -0 0 1
    outer loop
      vertex 18.3987 20.8557 3.51
      vertex 18.6859 14.2772 3.51
      vertex 18.8364 21.1767 3.51
    endloop
  endfacet
  facet normal 0 0 1
    outer loop
      vertex 18.3987 20.8557 3.51
      vertex 18.2625 14.617 3.51
      vertex 18.6859 14.2772 3.51
    endloop
  endfacet
  facet normal -0 0 1
    outer loop
      vertex 18.0065 20.4804 3.51
      vertex 18.2625 14.617 3.51
      vertex 18.3987 20.8557 3.51
    endloop
  endfacet
  facet normal 0 0 1
    outer loop
      vertex 18.0065 20.4804 3.51
      vertex 17.8871 15.0091 3.51
      vertex 18.2625 14.617 3.51
    endloop
  endfacet
  facet normal -0 0 1
    outer loop
      vertex 17.6667 20.057 3.51
      vertex 17.8871 15.0091 3.51
      vertex 18.0065 20.4804 3.51
    endloop
  endfacet
  facet normal 0 0 1
    outer loop
      vertex 17.6667 20.057 3.51
      vertex 17.5661 15.4469 3.51
      vertex 17.8871 15.0091 3.51
    endloop
  endfacet
  facet normal -0 0 1
    outer loop
      vertex 17.3851 19.5929 3.51
      vertex 17.5661 15.4469 3.51
      vertex 17.6667 20.057 3.51
    endloop
  endfacet
  facet normal 0 0 1
    outer loop
      vertex 17.3851 19.5929 3.51
      vertex 17.305 15.9228 3.51
      vertex 17.5661 15.4469 3.51
    endloop
  endfacet
  facet normal -0 0 1
    outer loop
      vertex 17.1665 19.096 3.51
      vertex 17.305 15.9228 3.51
      vertex 17.3851 19.5929 3.51
    endloop
  endfacet
  facet normal 0 0 1
    outer loop
      vertex 17.1665 19.096 3.51
      vertex 17.1083 16.4287 3.51
      vertex 17.305 15.9228 3.51
    endloop
  endfacet
  facet normal -0 0 1
    outer loop
      vertex 17.0146 18.5749 3.51
      vertex 17.1083 16.4287 3.51
      vertex 17.1665 19.096 3.51
    endloop
  endfacet
  facet normal 0 0 1
    outer loop
      vertex 17.0146 18.5749 3.51
      vertex 16.9793 16.956 3.51
      vertex 17.1083 16.4287 3.51
    endloop
  endfacet
  facet normal -0 0 1
    outer loop
      vertex 16.932 18.0384 3.51
      vertex 16.9793 16.956 3.51
      vertex 17.0146 18.5749 3.51
    endloop
  endfacet
  facet normal 0 0 1
    outer loop
      vertex 16.9793 16.956 3.51
      vertex 16.932 18.0384 3.51
      vertex 16.9202 17.4956 3.51
    endloop
  endfacet
  facet normal 0.971355 0.237635 0
    outer loop
      vertex 17.1083 16.4287 6.7
      vertex 16.9793 16.956 3.51
      vertex 16.9793 16.956 6.7
    endloop
  endfacet
  facet normal 0.971355 0.237635 0
    outer loop
      vertex 16.9793 16.956 3.51
      vertex 17.1083 16.4287 6.7
      vertex 17.1083 16.4287 3.51
    endloop
  endfacet
  facet normal 0.362544 -0.931967 0
    outer loop
      vertex 19.3124 21.4378 3.51
      vertex 19.8183 21.6346 6.7
      vertex 19.3124 21.4378 6.7
    endloop
  endfacet
  facet normal 0.362544 -0.931967 0
    outer loop
      vertex 19.8183 21.6346 6.7
      vertex 19.3124 21.4378 3.51
      vertex 19.8183 21.6346 3.51
    endloop
  endfacet
  facet normal 0.480929 -0.87676 0
    outer loop
      vertex 18.8364 21.1767 3.51
      vertex 19.3124 21.4378 6.7
      vertex 18.8364 21.1767 6.7
    endloop
  endfacet
  facet normal 0.480929 -0.87676 0
    outer loop
      vertex 19.3124 21.4378 6.7
      vertex 18.8364 21.1767 3.51
      vertex 19.3124 21.4378 3.51
    endloop
  endfacet
  facet normal -0.518877 -0.854849 0
    outer loop
      vertex 22.9825 21.3578 3.51
      vertex 23.4466 21.0761 6.7
      vertex 22.9825 21.3578 6.7
    endloop
  endfacet
  facet normal -0.518877 -0.854849 -0
    outer loop
      vertex 23.4466 21.0761 6.7
      vertex 22.9825 21.3578 3.51
      vertex 23.4466 21.0761 3.51
    endloop
  endfacet
  facet normal 0.691369 -0.722502 0
    outer loop
      vertex 18.0065 20.4804 3.51
      vertex 18.3987 20.8557 6.7
      vertex 18.0065 20.4804 6.7
    endloop
  endfacet
  facet normal 0.691369 -0.722502 0
    outer loop
      vertex 18.3987 20.8557 6.7
      vertex 18.0065 20.4804 3.51
      vertex 18.3987 20.8557 3.51
    endloop
  endfacet
  facet normal 0.915339 -0.402683 0
    outer loop
      vertex 17.1665 19.096 6.7
      vertex 17.3851 19.5929 3.51
      vertex 17.3851 19.5929 6.7
    endloop
  endfacet
  facet normal 0.915339 -0.402683 0
    outer loop
      vertex 17.3851 19.5929 3.51
      vertex 17.1665 19.096 6.7
      vertex 17.1665 19.096 3.51
    endloop
  endfacet
  facet normal 0.999764 -0.021734 0
    outer loop
      vertex 16.9202 17.4956 6.7
      vertex 16.932 18.0384 3.51
      vertex 16.932 18.0384 6.7
    endloop
  endfacet
  facet normal 0.999764 -0.021734 0
    outer loop
      vertex 16.932 18.0384 3.51
      vertex 16.9202 17.4956 6.7
      vertex 16.9202 17.4956 3.51
    endloop
  endfacet
  facet normal 0.994056 0.108875 0
    outer loop
      vertex 16.9793 16.956 6.7
      vertex 16.9202 17.4956 3.51
      vertex 16.9202 17.4956 6.7
    endloop
  endfacet
  facet normal 0.994056 0.108875 0
    outer loop
      vertex 16.9202 17.4956 3.51
      vertex 16.9793 16.956 6.7
      vertex 16.9793 16.956 3.51
    endloop
  endfacet
  facet normal 0.932029 0.362384 0
    outer loop
      vertex 17.305 15.9228 6.7
      vertex 17.1083 16.4287 3.51
      vertex 17.1083 16.4287 6.7
    endloop
  endfacet
  facet normal 0.932029 0.362384 0
    outer loop
      vertex 17.1083 16.4287 3.51
      vertex 17.305 15.9228 6.7
      vertex 17.305 15.9228 3.51
    endloop
  endfacet
  facet normal 0.876717 0.481006 0
    outer loop
      vertex 17.5661 15.4469 6.7
      vertex 17.305 15.9228 3.51
      vertex 17.305 15.9228 6.7
    endloop
  endfacet
  facet normal 0.876717 0.481006 0
    outer loop
      vertex 17.305 15.9228 3.51
      vertex 17.5661 15.4469 6.7
      vertex 17.5661 15.4469 3.51
    endloop
  endfacet
  facet normal 0.85493 -0.518743 0
    outer loop
      vertex 17.3851 19.5929 6.7
      vertex 17.6667 20.057 3.51
      vertex 17.6667 20.057 6.7
    endloop
  endfacet
  facet normal 0.85493 -0.518743 0
    outer loop
      vertex 17.6667 20.057 3.51
      vertex 17.3851 19.5929 6.7
      vertex 17.3851 19.5929 3.51
    endloop
  endfacet
endsolid OpenSCAD_Model
