solid OpenSCAD_Model
  facet normal 0.997859 0.0653982 0
    outer loop
      vertex 38.132 0 72
      vertex 37.8058 4.97723 2
      vertex 37.8058 4.97723 72
    endloop
  endfacet
  facet normal 0.997859 0.0653982 0
    outer loop
      vertex 37.8058 4.97723 2
      vertex 38.132 0 72
      vertex 38.132 0 2
    endloop
  endfacet
  facet normal -0.997859 0.0653982 0
    outer loop
      vertex -38.132 0 2
      vertex -37.8058 4.97723 72
      vertex -37.8058 4.97723 2
    endloop
  endfacet
  facet normal -0.997859 0.0653982 0
    outer loop
      vertex -37.8058 4.97723 72
      vertex -38.132 0 2
      vertex -38.132 0 72
    endloop
  endfacet
  facet normal -0.0653982 0.997859 0
    outer loop
      vertex 0 38.132 2
      vertex -4.97723 37.8058 72
      vertex 0 38.132 72
    endloop
  endfacet
  facet normal -0.0653982 0.997859 0
    outer loop
      vertex -4.97723 37.8058 72
      vertex 0 38.132 2
      vertex -4.97723 37.8058 2
    endloop
  endfacet
  facet normal 0.0653982 -0.997859 0
    outer loop
      vertex 0 -38.132 2
      vertex 4.97723 -37.8058 72
      vertex 0 -38.132 72
    endloop
  endfacet
  facet normal 0.0653982 -0.997859 0
    outer loop
      vertex 4.97723 -37.8058 72
      vertex 0 -38.132 2
      vertex 4.97723 -37.8058 2
    endloop
  endfacet
  facet normal 0.659352 0.751835 -0
    outer loop
      vertex 26.9634 26.9634 2
      vertex 23.2133 30.2522 72
      vertex 26.9634 26.9634 72
    endloop
  endfacet
  facet normal 0.659352 0.751835 0
    outer loop
      vertex 23.2133 30.2522 72
      vertex 26.9634 26.9634 2
      vertex 23.2133 30.2522 2
    endloop
  endfacet
  facet normal -0.659352 0.751835 0
    outer loop
      vertex -23.2133 30.2522 2
      vertex -26.9634 26.9634 72
      vertex -23.2133 30.2522 72
    endloop
  endfacet
  facet normal -0.659352 0.751835 0
    outer loop
      vertex -26.9634 26.9634 72
      vertex -23.2133 30.2522 2
      vertex -26.9634 26.9634 2
    endloop
  endfacet
  facet normal -0.321437 0.946931 0
    outer loop
      vertex -9.86929 36.8327 2
      vertex -14.5925 35.2294 72
      vertex -9.86929 36.8327 72
    endloop
  endfacet
  facet normal -0.321437 0.946931 0
    outer loop
      vertex -14.5925 35.2294 72
      vertex -9.86929 36.8327 2
      vertex -14.5925 35.2294 2
    endloop
  endfacet
  facet normal 0.896872 0.442291 0
    outer loop
      vertex 35.2294 14.5925 72
      vertex 33.0233 19.066 2
      vertex 33.0233 19.066 72
    endloop
  endfacet
  facet normal 0.896872 0.442291 0
    outer loop
      vertex 33.0233 19.066 2
      vertex 35.2294 14.5925 72
      vertex 35.2294 14.5925 2
    endloop
  endfacet
  facet normal 0.831473 0.555565 0
    outer loop
      vertex 33.0233 19.066 72
      vertex 30.2522 23.2133 2
      vertex 30.2522 23.2133 72
    endloop
  endfacet
  facet normal 0.831473 0.555565 0
    outer loop
      vertex 30.2522 23.2133 2
      vertex 33.0233 19.066 72
      vertex 33.0233 19.066 2
    endloop
  endfacet
  facet normal 0.321437 0.946931 -0
    outer loop
      vertex 14.5925 35.2294 2
      vertex 9.86929 36.8327 72
      vertex 14.5925 35.2294 72
    endloop
  endfacet
  facet normal 0.321437 0.946931 0
    outer loop
      vertex 9.86929 36.8327 72
      vertex 14.5925 35.2294 2
      vertex 9.86929 36.8327 2
    endloop
  endfacet
  facet normal 0.195092 0.980785 -0
    outer loop
      vertex 9.86929 36.8327 2
      vertex 4.97723 37.8058 72
      vertex 9.86929 36.8327 72
    endloop
  endfacet
  facet normal 0.195092 0.980785 0
    outer loop
      vertex 4.97723 37.8058 72
      vertex 9.86929 36.8327 2
      vertex 4.97723 37.8058 2
    endloop
  endfacet
  facet normal 0.442291 0.896872 -0
    outer loop
      vertex 19.066 33.0233 2
      vertex 14.5925 35.2294 72
      vertex 19.066 33.0233 72
    endloop
  endfacet
  facet normal 0.442291 0.896872 0
    outer loop
      vertex 14.5925 35.2294 72
      vertex 19.066 33.0233 2
      vertex 14.5925 35.2294 2
    endloop
  endfacet
  facet normal -0.831473 0.555565 0
    outer loop
      vertex -33.0233 19.066 2
      vertex -30.2522 23.2133 72
      vertex -30.2522 23.2133 2
    endloop
  endfacet
  facet normal -0.831473 0.555565 0
    outer loop
      vertex -30.2522 23.2133 72
      vertex -33.0233 19.066 2
      vertex -33.0233 19.066 72
    endloop
  endfacet
  facet normal -0.751835 0.659352 0
    outer loop
      vertex -30.2522 23.2133 2
      vertex -26.9634 26.9634 72
      vertex -26.9634 26.9634 2
    endloop
  endfacet
  facet normal -0.751835 0.659352 0
    outer loop
      vertex -26.9634 26.9634 72
      vertex -30.2522 23.2133 2
      vertex -30.2522 23.2133 72
    endloop
  endfacet
  facet normal -0.946931 0.321437 0
    outer loop
      vertex -36.8327 9.86929 2
      vertex -35.2294 14.5925 72
      vertex -35.2294 14.5925 2
    endloop
  endfacet
  facet normal -0.946931 0.321437 0
    outer loop
      vertex -35.2294 14.5925 72
      vertex -36.8327 9.86929 2
      vertex -36.8327 9.86929 72
    endloop
  endfacet
  facet normal -0.555565 0.831473 0
    outer loop
      vertex -19.066 33.0233 2
      vertex -23.2133 30.2522 72
      vertex -19.066 33.0233 72
    endloop
  endfacet
  facet normal -0.555565 0.831473 0
    outer loop
      vertex -23.2133 30.2522 72
      vertex -19.066 33.0233 2
      vertex -23.2133 30.2522 2
    endloop
  endfacet
  facet normal -0.195092 0.980785 0
    outer loop
      vertex -4.97723 37.8058 2
      vertex -9.86929 36.8327 72
      vertex -4.97723 37.8058 72
    endloop
  endfacet
  facet normal -0.195092 0.980785 0
    outer loop
      vertex -9.86929 36.8327 72
      vertex -4.97723 37.8058 2
      vertex -9.86929 36.8327 2
    endloop
  endfacet
  facet normal 0.195092 -0.980785 0
    outer loop
      vertex 4.97723 -37.8058 2
      vertex 9.86929 -36.8327 72
      vertex 4.97723 -37.8058 72
    endloop
  endfacet
  facet normal 0.195092 -0.980785 0
    outer loop
      vertex 9.86929 -36.8327 72
      vertex 4.97723 -37.8058 2
      vertex 9.86929 -36.8327 2
    endloop
  endfacet
  facet normal 0.946931 0.321437 0
    outer loop
      vertex 36.8327 9.86929 72
      vertex 35.2294 14.5925 2
      vertex 35.2294 14.5925 72
    endloop
  endfacet
  facet normal 0.946931 0.321437 0
    outer loop
      vertex 35.2294 14.5925 2
      vertex 36.8327 9.86929 72
      vertex 36.8327 9.86929 2
    endloop
  endfacet
  facet normal 0.980785 0.195092 0
    outer loop
      vertex 37.8058 4.97723 72
      vertex 36.8327 9.86929 2
      vertex 36.8327 9.86929 72
    endloop
  endfacet
  facet normal 0.980785 0.195092 0
    outer loop
      vertex 36.8327 9.86929 2
      vertex 37.8058 4.97723 72
      vertex 37.8058 4.97723 2
    endloop
  endfacet
  facet normal 0.751835 0.659352 0
    outer loop
      vertex 30.2522 23.2133 72
      vertex 26.9634 26.9634 2
      vertex 26.9634 26.9634 72
    endloop
  endfacet
  facet normal 0.751835 0.659352 0
    outer loop
      vertex 26.9634 26.9634 2
      vertex 30.2522 23.2133 72
      vertex 30.2522 23.2133 2
    endloop
  endfacet
  facet normal 0.0653982 0.997859 -0
    outer loop
      vertex 4.97723 37.8058 2
      vertex 0 38.132 72
      vertex 4.97723 37.8058 72
    endloop
  endfacet
  facet normal 0.0653982 0.997859 0
    outer loop
      vertex 0 38.132 72
      vertex 4.97723 37.8058 2
      vertex 0 38.132 2
    endloop
  endfacet
  facet normal 0.555565 0.831473 -0
    outer loop
      vertex 23.2133 30.2522 2
      vertex 19.066 33.0233 72
      vertex 23.2133 30.2522 72
    endloop
  endfacet
  facet normal 0.555565 0.831473 0
    outer loop
      vertex 19.066 33.0233 72
      vertex 23.2133 30.2522 2
      vertex 19.066 33.0233 2
    endloop
  endfacet
  facet normal -0.896872 0.442291 0
    outer loop
      vertex -35.2294 14.5925 2
      vertex -33.0233 19.066 72
      vertex -33.0233 19.066 2
    endloop
  endfacet
  facet normal -0.896872 0.442291 0
    outer loop
      vertex -33.0233 19.066 72
      vertex -35.2294 14.5925 2
      vertex -35.2294 14.5925 72
    endloop
  endfacet
  facet normal -0.980785 0.195092 0
    outer loop
      vertex -37.8058 4.97723 2
      vertex -36.8327 9.86929 72
      vertex -36.8327 9.86929 2
    endloop
  endfacet
  facet normal -0.980785 0.195092 0
    outer loop
      vertex -36.8327 9.86929 72
      vertex -37.8058 4.97723 2
      vertex -37.8058 4.97723 72
    endloop
  endfacet
  facet normal 0 0 1
    outer loop
      vertex 36.132 0 72
      vertex 38.132 0 72
      vertex 37.8058 4.97723 72
    endloop
  endfacet
  facet normal 0 0 1
    outer loop
      vertex 35.8229 4.71617 72
      vertex 37.8058 4.97723 72
      vertex 36.8327 9.86929 72
    endloop
  endfacet
  facet normal 0 0 1
    outer loop
      vertex 38.132 0 72
      vertex 36.132 0 72
      vertex 37.8058 -4.97723 72
    endloop
  endfacet
  facet normal -0 0 1
    outer loop
      vertex 35.8229 -4.71617 72
      vertex 37.8058 -4.97723 72
      vertex 36.132 0 72
    endloop
  endfacet
  facet normal 0 0 1
    outer loop
      vertex 37.8058 4.97723 72
      vertex 35.8229 4.71617 72
      vertex 36.132 0 72
    endloop
  endfacet
  facet normal 0 0 1
    outer loop
      vertex 34.9008 9.35165 72
      vertex 36.8327 9.86929 72
      vertex 35.2294 14.5925 72
    endloop
  endfacet
  facet normal 0 0 1
    outer loop
      vertex 36.8327 9.86929 72
      vertex 34.9008 9.35165 72
      vertex 35.8229 4.71617 72
    endloop
  endfacet
  facet normal 0 0 1
    outer loop
      vertex 35.2294 14.5925 72
      vertex 33.3816 13.8271 72
      vertex 34.9008 9.35165 72
    endloop
  endfacet
  facet normal 0 0 1
    outer loop
      vertex 33.0233 19.066 72
      vertex 33.3816 13.8271 72
      vertex 35.2294 14.5925 72
    endloop
  endfacet
  facet normal 0 0 1
    outer loop
      vertex 33.0233 19.066 72
      vertex 31.2912 18.066 72
      vertex 33.3816 13.8271 72
    endloop
  endfacet
  facet normal 0 0 1
    outer loop
      vertex 30.2522 23.2133 72
      vertex 31.2912 18.066 72
      vertex 33.0233 19.066 72
    endloop
  endfacet
  facet normal 0 0 1
    outer loop
      vertex 30.2522 23.2133 72
      vertex 28.6655 21.9958 72
      vertex 31.2912 18.066 72
    endloop
  endfacet
  facet normal 0 0 1
    outer loop
      vertex 26.9634 26.9634 72
      vertex 28.6655 21.9958 72
      vertex 30.2522 23.2133 72
    endloop
  endfacet
  facet normal 0 0 1
    outer loop
      vertex 26.9634 26.9634 72
      vertex 25.5492 25.5492 72
      vertex 28.6655 21.9958 72
    endloop
  endfacet
  facet normal 0 0 1
    outer loop
      vertex 23.2133 30.2522 72
      vertex 25.5492 25.5492 72
      vertex 26.9634 26.9634 72
    endloop
  endfacet
  facet normal 0 0 1
    outer loop
      vertex 23.2133 30.2522 72
      vertex 21.9958 28.6655 72
      vertex 25.5492 25.5492 72
    endloop
  endfacet
  facet normal 0 0 1
    outer loop
      vertex 19.066 33.0233 72
      vertex 21.9958 28.6655 72
      vertex 23.2133 30.2522 72
    endloop
  endfacet
  facet normal 0 0 1
    outer loop
      vertex 19.066 33.0233 72
      vertex 18.066 31.2912 72
      vertex 21.9958 28.6655 72
    endloop
  endfacet
  facet normal 0 0 1
    outer loop
      vertex 14.5925 35.2294 72
      vertex 18.066 31.2912 72
      vertex 19.066 33.0233 72
    endloop
  endfacet
  facet normal 0 0 1
    outer loop
      vertex 14.5925 35.2294 72
      vertex 13.8271 33.3816 72
      vertex 18.066 31.2912 72
    endloop
  endfacet
  facet normal 0 0 1
    outer loop
      vertex 9.86929 36.8327 72
      vertex 13.8271 33.3816 72
      vertex 14.5925 35.2294 72
    endloop
  endfacet
  facet normal 0 0 1
    outer loop
      vertex 9.86929 36.8327 72
      vertex 9.35165 34.9008 72
      vertex 13.8271 33.3816 72
    endloop
  endfacet
  facet normal 0 0 1
    outer loop
      vertex 4.97723 37.8058 72
      vertex 9.35165 34.9008 72
      vertex 9.86929 36.8327 72
    endloop
  endfacet
  facet normal 0 0 1
    outer loop
      vertex 4.97723 37.8058 72
      vertex 4.71617 35.8229 72
      vertex 9.35165 34.9008 72
    endloop
  endfacet
  facet normal 0 0 1
    outer loop
      vertex 0 38.132 72
      vertex 4.71617 35.8229 72
      vertex 4.97723 37.8058 72
    endloop
  endfacet
  facet normal 0 0 1
    outer loop
      vertex 0 38.132 72
      vertex 0 36.132 72
      vertex 4.71617 35.8229 72
    endloop
  endfacet
  facet normal 0 0 1
    outer loop
      vertex 0 38.132 72
      vertex -4.71617 35.8229 72
      vertex 0 36.132 72
    endloop
  endfacet
  facet normal -0 0 1
    outer loop
      vertex -4.97723 37.8058 72
      vertex -4.71617 35.8229 72
      vertex 0 38.132 72
    endloop
  endfacet
  facet normal 0 0 1
    outer loop
      vertex -4.97723 37.8058 72
      vertex -9.35165 34.9008 72
      vertex -4.71617 35.8229 72
    endloop
  endfacet
  facet normal -0 0 1
    outer loop
      vertex -9.86929 36.8327 72
      vertex -9.35165 34.9008 72
      vertex -4.97723 37.8058 72
    endloop
  endfacet
  facet normal 0 0 1
    outer loop
      vertex -9.86929 36.8327 72
      vertex -13.8271 33.3816 72
      vertex -9.35165 34.9008 72
    endloop
  endfacet
  facet normal -0 0 1
    outer loop
      vertex -14.5925 35.2294 72
      vertex -13.8271 33.3816 72
      vertex -9.86929 36.8327 72
    endloop
  endfacet
  facet normal 0 0 1
    outer loop
      vertex -14.5925 35.2294 72
      vertex -18.066 31.2912 72
      vertex -13.8271 33.3816 72
    endloop
  endfacet
  facet normal -0 0 1
    outer loop
      vertex -19.066 33.0233 72
      vertex -18.066 31.2912 72
      vertex -14.5925 35.2294 72
    endloop
  endfacet
  facet normal 0 0 1
    outer loop
      vertex -19.066 33.0233 72
      vertex -21.9958 28.6655 72
      vertex -18.066 31.2912 72
    endloop
  endfacet
  facet normal -0 0 1
    outer loop
      vertex -23.2133 30.2522 72
      vertex -21.9958 28.6655 72
      vertex -19.066 33.0233 72
    endloop
  endfacet
  facet normal 0 0 1
    outer loop
      vertex -23.2133 30.2522 72
      vertex -25.5492 25.5492 72
      vertex -21.9958 28.6655 72
    endloop
  endfacet
  facet normal -0 0 1
    outer loop
      vertex -26.9634 26.9634 72
      vertex -25.5492 25.5492 72
      vertex -23.2133 30.2522 72
    endloop
  endfacet
  facet normal 0 0 1
    outer loop
      vertex -26.9634 26.9634 72
      vertex -28.6655 21.9958 72
      vertex -25.5492 25.5492 72
    endloop
  endfacet
  facet normal -0 0 1
    outer loop
      vertex -30.2522 23.2133 72
      vertex -28.6655 21.9958 72
      vertex -26.9634 26.9634 72
    endloop
  endfacet
  facet normal 0 0 1
    outer loop
      vertex -30.2522 23.2133 72
      vertex -31.2912 18.066 72
      vertex -28.6655 21.9958 72
    endloop
  endfacet
  facet normal -0 0 1
    outer loop
      vertex -33.0233 19.066 72
      vertex -31.2912 18.066 72
      vertex -30.2522 23.2133 72
    endloop
  endfacet
  facet normal 0 0 1
    outer loop
      vertex -33.0233 19.066 72
      vertex -33.3816 13.8271 72
      vertex -31.2912 18.066 72
    endloop
  endfacet
  facet normal -0 0 1
    outer loop
      vertex -35.2294 14.5925 72
      vertex -33.3816 13.8271 72
      vertex -33.0233 19.066 72
    endloop
  endfacet
  facet normal 0 0 1
    outer loop
      vertex -33.3816 13.8271 72
      vertex -35.2294 14.5925 72
      vertex -34.9008 9.35165 72
    endloop
  endfacet
  facet normal -0 0 1
    outer loop
      vertex -36.8327 9.86929 72
      vertex -34.9008 9.35165 72
      vertex -35.2294 14.5925 72
    endloop
  endfacet
  facet normal 0 0 1
    outer loop
      vertex -34.9008 9.35165 72
      vertex -36.8327 9.86929 72
      vertex -35.8229 4.71617 72
    endloop
  endfacet
  facet normal -0 0 1
    outer loop
      vertex -37.8058 4.97723 72
      vertex -35.8229 4.71617 72
      vertex -36.8327 9.86929 72
    endloop
  endfacet
  facet normal 0 0 1
    outer loop
      vertex 37.8058 -4.97723 72
      vertex 35.8229 -4.71617 72
      vertex 36.8327 -9.86929 72
    endloop
  endfacet
  facet normal -0 0 1
    outer loop
      vertex 34.9008 -9.35165 72
      vertex 36.8327 -9.86929 72
      vertex 35.8229 -4.71617 72
    endloop
  endfacet
  facet normal 0 0 1
    outer loop
      vertex 36.8327 -9.86929 72
      vertex 34.9008 -9.35165 72
      vertex 35.2294 -14.5925 72
    endloop
  endfacet
  facet normal -0 0 1
    outer loop
      vertex 33.3816 -13.8271 72
      vertex 35.2294 -14.5925 72
      vertex 34.9008 -9.35165 72
    endloop
  endfacet
  facet normal 0 0 1
    outer loop
      vertex 33.3816 -13.8271 72
      vertex 33.0233 -19.066 72
      vertex 35.2294 -14.5925 72
    endloop
  endfacet
  facet normal -0 0 1
    outer loop
      vertex 31.2912 -18.066 72
      vertex 33.0233 -19.066 72
      vertex 33.3816 -13.8271 72
    endloop
  endfacet
  facet normal 0 0 1
    outer loop
      vertex 31.2912 -18.066 72
      vertex 30.2522 -23.2133 72
      vertex 33.0233 -19.066 72
    endloop
  endfacet
  facet normal -0 0 1
    outer loop
      vertex 28.6655 -21.9958 72
      vertex 30.2522 -23.2133 72
      vertex 31.2912 -18.066 72
    endloop
  endfacet
  facet normal 0 0 1
    outer loop
      vertex 28.6655 -21.9958 72
      vertex 26.9634 -26.9634 72
      vertex 30.2522 -23.2133 72
    endloop
  endfacet
  facet normal -0 0 1
    outer loop
      vertex 25.5492 -25.5492 72
      vertex 26.9634 -26.9634 72
      vertex 28.6655 -21.9958 72
    endloop
  endfacet
  facet normal 0 0 1
    outer loop
      vertex 25.5492 -25.5492 72
      vertex 23.2133 -30.2522 72
      vertex 26.9634 -26.9634 72
    endloop
  endfacet
  facet normal -0 0 1
    outer loop
      vertex 21.9958 -28.6655 72
      vertex 23.2133 -30.2522 72
      vertex 25.5492 -25.5492 72
    endloop
  endfacet
  facet normal 0 0 1
    outer loop
      vertex 21.9958 -28.6655 72
      vertex 19.066 -33.0233 72
      vertex 23.2133 -30.2522 72
    endloop
  endfacet
  facet normal -0 0 1
    outer loop
      vertex 18.066 -31.2912 72
      vertex 19.066 -33.0233 72
      vertex 21.9958 -28.6655 72
    endloop
  endfacet
  facet normal 0 0 1
    outer loop
      vertex 18.066 -31.2912 72
      vertex 14.5925 -35.2294 72
      vertex 19.066 -33.0233 72
    endloop
  endfacet
  facet normal -0 0 1
    outer loop
      vertex 13.8271 -33.3816 72
      vertex 14.5925 -35.2294 72
      vertex 18.066 -31.2912 72
    endloop
  endfacet
  facet normal 0 0 1
    outer loop
      vertex 13.8271 -33.3816 72
      vertex 9.86929 -36.8327 72
      vertex 14.5925 -35.2294 72
    endloop
  endfacet
  facet normal -0 0 1
    outer loop
      vertex 9.35165 -34.9008 72
      vertex 9.86929 -36.8327 72
      vertex 13.8271 -33.3816 72
    endloop
  endfacet
  facet normal 0 0 1
    outer loop
      vertex 9.35165 -34.9008 72
      vertex 4.97723 -37.8058 72
      vertex 9.86929 -36.8327 72
    endloop
  endfacet
  facet normal -0 0 1
    outer loop
      vertex 4.71617 -35.8229 72
      vertex 4.97723 -37.8058 72
      vertex 9.35165 -34.9008 72
    endloop
  endfacet
  facet normal -0 0 1
    outer loop
      vertex 0 -36.132 72
      vertex 4.97723 -37.8058 72
      vertex 4.71617 -35.8229 72
    endloop
  endfacet
  facet normal 0 0 1
    outer loop
      vertex 0 -36.132 72
      vertex 0 -38.132 72
      vertex 4.97723 -37.8058 72
    endloop
  endfacet
  facet normal 0 0 1
    outer loop
      vertex -4.71617 -35.8229 72
      vertex 0 -38.132 72
      vertex 0 -36.132 72
    endloop
  endfacet
  facet normal 0 0 1
    outer loop
      vertex -4.71617 -35.8229 72
      vertex -4.97723 -37.8058 72
      vertex 0 -38.132 72
    endloop
  endfacet
  facet normal 0 0 1
    outer loop
      vertex -9.35165 -34.9008 72
      vertex -4.97723 -37.8058 72
      vertex -4.71617 -35.8229 72
    endloop
  endfacet
  facet normal 0 0 1
    outer loop
      vertex -9.35165 -34.9008 72
      vertex -9.86929 -36.8327 72
      vertex -4.97723 -37.8058 72
    endloop
  endfacet
  facet normal 0 0 1
    outer loop
      vertex -13.8271 -33.3816 72
      vertex -9.86929 -36.8327 72
      vertex -9.35165 -34.9008 72
    endloop
  endfacet
  facet normal 0 0 1
    outer loop
      vertex -13.8271 -33.3816 72
      vertex -14.5925 -35.2294 72
      vertex -9.86929 -36.8327 72
    endloop
  endfacet
  facet normal 0 0 1
    outer loop
      vertex -18.066 -31.2912 72
      vertex -14.5925 -35.2294 72
      vertex -13.8271 -33.3816 72
    endloop
  endfacet
  facet normal 0 0 1
    outer loop
      vertex -18.066 -31.2912 72
      vertex -19.066 -33.0233 72
      vertex -14.5925 -35.2294 72
    endloop
  endfacet
  facet normal 0 0 1
    outer loop
      vertex -21.9958 -28.6655 72
      vertex -19.066 -33.0233 72
      vertex -18.066 -31.2912 72
    endloop
  endfacet
  facet normal 0 0 1
    outer loop
      vertex -21.9958 -28.6655 72
      vertex -23.2133 -30.2522 72
      vertex -19.066 -33.0233 72
    endloop
  endfacet
  facet normal 0 0 1
    outer loop
      vertex -25.5492 -25.5492 72
      vertex -23.2133 -30.2522 72
      vertex -21.9958 -28.6655 72
    endloop
  endfacet
  facet normal 0 0 1
    outer loop
      vertex -25.5492 -25.5492 72
      vertex -26.9634 -26.9634 72
      vertex -23.2133 -30.2522 72
    endloop
  endfacet
  facet normal 0 0 1
    outer loop
      vertex -28.6655 -21.9958 72
      vertex -26.9634 -26.9634 72
      vertex -25.5492 -25.5492 72
    endloop
  endfacet
  facet normal 0 0 1
    outer loop
      vertex -28.6655 -21.9958 72
      vertex -30.2522 -23.2133 72
      vertex -26.9634 -26.9634 72
    endloop
  endfacet
  facet normal 0 0 1
    outer loop
      vertex -31.2912 -18.066 72
      vertex -30.2522 -23.2133 72
      vertex -28.6655 -21.9958 72
    endloop
  endfacet
  facet normal 0 0 1
    outer loop
      vertex -31.2912 -18.066 72
      vertex -33.0233 -19.066 72
      vertex -30.2522 -23.2133 72
    endloop
  endfacet
  facet normal 0 0 1
    outer loop
      vertex -33.3816 -13.8271 72
      vertex -33.0233 -19.066 72
      vertex -31.2912 -18.066 72
    endloop
  endfacet
  facet normal 0 0 1
    outer loop
      vertex -35.2294 -14.5925 72
      vertex -33.3816 -13.8271 72
      vertex -34.9008 -9.35165 72
    endloop
  endfacet
  facet normal 0 0 1
    outer loop
      vertex -33.3816 -13.8271 72
      vertex -35.2294 -14.5925 72
      vertex -33.0233 -19.066 72
    endloop
  endfacet
  facet normal 0 0 1
    outer loop
      vertex -36.8327 -9.86929 72
      vertex -34.9008 -9.35165 72
      vertex -35.8229 -4.71617 72
    endloop
  endfacet
  facet normal 0 0 1
    outer loop
      vertex -37.8058 -4.97723 72
      vertex -35.8229 -4.71617 72
      vertex -36.132 0 72
    endloop
  endfacet
  facet normal 0 0 1
    outer loop
      vertex -35.8229 4.71617 72
      vertex -37.8058 4.97723 72
      vertex -36.132 0 72
    endloop
  endfacet
  facet normal 0 0 1
    outer loop
      vertex -34.9008 -9.35165 72
      vertex -36.8327 -9.86929 72
      vertex -35.2294 -14.5925 72
    endloop
  endfacet
  facet normal 0 0 1
    outer loop
      vertex -38.132 0 72
      vertex -36.132 0 72
      vertex -37.8058 4.97723 72
    endloop
  endfacet
  facet normal 0 0 1
    outer loop
      vertex -35.8229 -4.71617 72
      vertex -37.8058 -4.97723 72
      vertex -36.8327 -9.86929 72
    endloop
  endfacet
  facet normal 0 0 1
    outer loop
      vertex -36.132 0 72
      vertex -38.132 0 72
      vertex -37.8058 -4.97723 72
    endloop
  endfacet
  facet normal 0.997859 -0.0653982 0
    outer loop
      vertex 37.8058 -4.97723 72
      vertex 38.132 0 2
      vertex 38.132 0 72
    endloop
  endfacet
  facet normal 0.997859 -0.0653982 0
    outer loop
      vertex 38.132 0 2
      vertex 37.8058 -4.97723 72
      vertex 37.8058 -4.97723 2
    endloop
  endfacet
  facet normal 0.980785 -0.195092 0
    outer loop
      vertex 36.8327 -9.86929 72
      vertex 37.8058 -4.97723 2
      vertex 37.8058 -4.97723 72
    endloop
  endfacet
  facet normal 0.980785 -0.195092 0
    outer loop
      vertex 37.8058 -4.97723 2
      vertex 36.8327 -9.86929 72
      vertex 36.8327 -9.86929 2
    endloop
  endfacet
  facet normal 0.751835 -0.659352 0
    outer loop
      vertex 26.9634 -26.9634 72
      vertex 30.2522 -23.2133 2
      vertex 30.2522 -23.2133 72
    endloop
  endfacet
  facet normal 0.751835 -0.659352 0
    outer loop
      vertex 30.2522 -23.2133 2
      vertex 26.9634 -26.9634 72
      vertex 26.9634 -26.9634 2
    endloop
  endfacet
  facet normal 0.946931 -0.321437 0
    outer loop
      vertex 35.2294 -14.5925 72
      vertex 36.8327 -9.86929 2
      vertex 36.8327 -9.86929 72
    endloop
  endfacet
  facet normal 0.946931 -0.321437 0
    outer loop
      vertex 36.8327 -9.86929 2
      vertex 35.2294 -14.5925 72
      vertex 35.2294 -14.5925 2
    endloop
  endfacet
  facet normal -0.442291 -0.896872 0
    outer loop
      vertex -19.066 -33.0233 2
      vertex -14.5925 -35.2294 72
      vertex -19.066 -33.0233 72
    endloop
  endfacet
  facet normal -0.442291 -0.896872 -0
    outer loop
      vertex -14.5925 -35.2294 72
      vertex -19.066 -33.0233 2
      vertex -14.5925 -35.2294 2
    endloop
  endfacet
  facet normal 0 0 -1
    outer loop
      vertex 18.8374 -2.48 0
      vertex 18.8374 2.48 0
      vertex 19 0 0
    endloop
  endfacet
  facet normal 0 0 -1
    outer loop
      vertex 18.3526 -4.91756 0
      vertex 18.8374 2.48 0
      vertex 18.8374 -2.48 0
    endloop
  endfacet
  facet normal 0 0 -1
    outer loop
      vertex 18.3526 -4.91756 0
      vertex 18.3526 4.91756 0
      vertex 18.8374 2.48 0
    endloop
  endfacet
  facet normal 0 0 -1
    outer loop
      vertex 17.5537 -7.27098 0
      vertex 18.3526 4.91756 0
      vertex 18.3526 -4.91756 0
    endloop
  endfacet
  facet normal 0 0 -1
    outer loop
      vertex 16.4545 -9.5 0
      vertex 18.3526 4.91756 0
      vertex 17.5537 -7.27098 0
    endloop
  endfacet
  facet normal 0 0 -1
    outer loop
      vertex 39.155 -2.7 0
      vertex 40.932 2.7 0
      vertex 40.932 -2.7 0
    endloop
  endfacet
  facet normal 0 0 -1
    outer loop
      vertex 39.155 -2.7 0
      vertex 39.155 2.7 0
      vertex 40.932 2.7 0
    endloop
  endfacet
  facet normal 0 0 -1
    outer loop
      vertex 34.8314 -4.58563 0
      vertex 39.155 -2.7 0
      vertex 38.9955 -5.13386 0
    endloop
  endfacet
  facet normal 0 0 -1
    outer loop
      vertex 39.155 -2.7 0
      vertex 35.132 0 0
      vertex 39.155 2.7 0
    endloop
  endfacet
  facet normal 0 0 -1
    outer loop
      vertex 34.8314 -4.58563 0
      vertex 38.9955 -5.13386 0
      vertex 37.9918 -10.1799 0
    endloop
  endfacet
  facet normal 0 0 -1
    outer loop
      vertex 34.8314 4.58563 0
      vertex 39.155 2.7 0
      vertex 35.132 0 0
    endloop
  endfacet
  facet normal 0 0 -1
    outer loop
      vertex 33.9349 -9.09282 0
      vertex 37.9918 -10.1799 0
      vertex 36.338 -15.0517 0
    endloop
  endfacet
  facet normal 0 0 -1
    outer loop
      vertex 39.155 2.7 0
      vertex 34.8314 4.58563 0
      vertex 38.9955 5.13386 0
    endloop
  endfacet
  facet normal -0 0 -1
    outer loop
      vertex 38.9955 5.13386 0
      vertex 34.8314 4.58563 0
      vertex 37.9918 10.1799 0
    endloop
  endfacet
  facet normal -0 0 -1
    outer loop
      vertex 39.155 -2.7 0
      vertex 34.8314 -4.58563 0
      vertex 35.132 0 0
    endloop
  endfacet
  facet normal 0 0 -1
    outer loop
      vertex 32.4577 -13.4444 0
      vertex 36.338 -15.0517 0
      vertex 34.0625 -19.666 0
    endloop
  endfacet
  facet normal 0 0 -1
    outer loop
      vertex 37.9918 -10.1799 0
      vertex 33.9349 -9.09282 0
      vertex 34.8314 -4.58563 0
    endloop
  endfacet
  facet normal 0 0 -1
    outer loop
      vertex 36.338 -15.0517 0
      vertex 32.4577 -13.4444 0
      vertex 33.9349 -9.09282 0
    endloop
  endfacet
  facet normal 0 0 -1
    outer loop
      vertex 30.4252 -17.566 0
      vertex 34.0625 -19.666 0
      vertex 31.2042 -23.9438 0
    endloop
  endfacet
  facet normal 0 0 -1
    outer loop
      vertex 34.0625 -19.666 0
      vertex 30.4252 -17.566 0
      vertex 32.4577 -13.4444 0
    endloop
  endfacet
  facet normal 0 0 -1
    outer loop
      vertex 31.2042 -23.9438 0
      vertex 27.8721 -21.387 0
      vertex 30.4252 -17.566 0
    endloop
  endfacet
  facet normal 0 0 -1
    outer loop
      vertex 27.8119 -27.8119 0
      vertex 27.8721 -21.387 0
      vertex 31.2042 -23.9438 0
    endloop
  endfacet
  facet normal 0 0 -1
    outer loop
      vertex 27.8119 -27.8119 0
      vertex 24.8421 -24.8421 0
      vertex 27.8721 -21.387 0
    endloop
  endfacet
  facet normal 0 0 -1
    outer loop
      vertex 23.9438 -31.2042 0
      vertex 24.8421 -24.8421 0
      vertex 27.8119 -27.8119 0
    endloop
  endfacet
  facet normal 0 0 -1
    outer loop
      vertex 23.9438 -31.2042 0
      vertex 21.387 -27.8721 0
      vertex 24.8421 -24.8421 0
    endloop
  endfacet
  facet normal 0 0 -1
    outer loop
      vertex 19.666 -34.0625 0
      vertex 21.387 -27.8721 0
      vertex 23.9438 -31.2042 0
    endloop
  endfacet
  facet normal 0 0 -1
    outer loop
      vertex 19.666 -34.0625 0
      vertex 17.566 -30.4252 0
      vertex 21.387 -27.8721 0
    endloop
  endfacet
  facet normal 0 0 -1
    outer loop
      vertex 15.0517 -36.338 0
      vertex 17.566 -30.4252 0
      vertex 19.666 -34.0625 0
    endloop
  endfacet
  facet normal 0 0 -1
    outer loop
      vertex 15.0517 -36.338 0
      vertex 13.4444 -32.4577 0
      vertex 17.566 -30.4252 0
    endloop
  endfacet
  facet normal 0 0 -1
    outer loop
      vertex 10.1799 -37.9918 0
      vertex 13.4444 -32.4577 0
      vertex 15.0517 -36.338 0
    endloop
  endfacet
  facet normal 0 0 -1
    outer loop
      vertex 10.1799 -37.9918 0
      vertex 9.09282 -33.9349 0
      vertex 13.4444 -32.4577 0
    endloop
  endfacet
  facet normal 0 0 -1
    outer loop
      vertex 5.13386 -38.9955 0
      vertex 9.09282 -33.9349 0
      vertex 10.1799 -37.9918 0
    endloop
  endfacet
  facet normal 0 0 -1
    outer loop
      vertex 5.13386 -38.9955 0
      vertex 4.58563 -34.8314 0
      vertex 9.09282 -33.9349 0
    endloop
  endfacet
  facet normal 0 0 -1
    outer loop
      vertex 0 -39.332 0
      vertex 4.58563 -34.8314 0
      vertex 5.13386 -38.9955 0
    endloop
  endfacet
  facet normal 0 0 -1
    outer loop
      vertex 0 -39.332 0
      vertex 0 -35.132 0
      vertex 4.58563 -34.8314 0
    endloop
  endfacet
  facet normal 0 0 -1
    outer loop
      vertex 0 -39.332 0
      vertex -4.58563 -34.8314 0
      vertex 0 -35.132 0
    endloop
  endfacet
  facet normal 0 0 -1
    outer loop
      vertex -5.13386 -38.9955 0
      vertex -4.58563 -34.8314 0
      vertex 0 -39.332 0
    endloop
  endfacet
  facet normal 0 0 -1
    outer loop
      vertex -5.13386 -38.9955 0
      vertex -9.09282 -33.9349 0
      vertex -4.58563 -34.8314 0
    endloop
  endfacet
  facet normal 0 0 -1
    outer loop
      vertex -10.1799 -37.9918 0
      vertex -9.09282 -33.9349 0
      vertex -5.13386 -38.9955 0
    endloop
  endfacet
  facet normal 0 0 -1
    outer loop
      vertex -10.1799 -37.9918 0
      vertex -13.4444 -32.4577 0
      vertex -9.09282 -33.9349 0
    endloop
  endfacet
  facet normal 0 0 -1
    outer loop
      vertex -15.0517 -36.338 0
      vertex -13.4444 -32.4577 0
      vertex -10.1799 -37.9918 0
    endloop
  endfacet
  facet normal 0 0 -1
    outer loop
      vertex -15.0517 -36.338 0
      vertex -17.566 -30.4252 0
      vertex -13.4444 -32.4577 0
    endloop
  endfacet
  facet normal 0 0 -1
    outer loop
      vertex -19.666 -34.0625 0
      vertex -17.566 -30.4252 0
      vertex -15.0517 -36.338 0
    endloop
  endfacet
  facet normal 0 0 -1
    outer loop
      vertex -19.666 -34.0625 0
      vertex -21.387 -27.8721 0
      vertex -17.566 -30.4252 0
    endloop
  endfacet
  facet normal 0 0 -1
    outer loop
      vertex -23.9438 -31.2042 0
      vertex -21.387 -27.8721 0
      vertex -19.666 -34.0625 0
    endloop
  endfacet
  facet normal 0 0 -1
    outer loop
      vertex -23.9438 -31.2042 0
      vertex -24.8421 -24.8421 0
      vertex -21.387 -27.8721 0
    endloop
  endfacet
  facet normal 0 0 -1
    outer loop
      vertex -27.8119 -27.8119 0
      vertex -24.8421 -24.8421 0
      vertex -23.9438 -31.2042 0
    endloop
  endfacet
  facet normal 0 0 -1
    outer loop
      vertex -27.8119 -27.8119 0
      vertex -27.8721 -21.387 0
      vertex -24.8421 -24.8421 0
    endloop
  endfacet
  facet normal 0 0 -1
    outer loop
      vertex -31.2042 -23.9438 0
      vertex -27.8721 -21.387 0
      vertex -27.8119 -27.8119 0
    endloop
  endfacet
  facet normal -0 0 -1
    outer loop
      vertex -27.8721 -21.387 0
      vertex -31.2042 -23.9438 0
      vertex -30.4252 -17.566 0
    endloop
  endfacet
  facet normal 0 0 -1
    outer loop
      vertex -34.0625 -19.666 0
      vertex -30.4252 -17.566 0
      vertex -31.2042 -23.9438 0
    endloop
  endfacet
  facet normal -0 0 -1
    outer loop
      vertex -30.4252 -17.566 0
      vertex -34.0625 -19.666 0
      vertex -32.4577 -13.4444 0
    endloop
  endfacet
  facet normal 0 0 -1
    outer loop
      vertex -36.338 -15.0517 0
      vertex -32.4577 -13.4444 0
      vertex -34.0625 -19.666 0
    endloop
  endfacet
  facet normal -0 0 -1
    outer loop
      vertex -32.4577 -13.4444 0
      vertex -36.338 -15.0517 0
      vertex -33.9349 -9.09282 0
    endloop
  endfacet
  facet normal 0 0 -1
    outer loop
      vertex -37.9918 -10.1799 0
      vertex -33.9349 -9.09282 0
      vertex -36.338 -15.0517 0
    endloop
  endfacet
  facet normal -0 0 -1
    outer loop
      vertex -33.9349 -9.09282 0
      vertex -37.9918 -10.1799 0
      vertex -34.8314 -4.58563 0
    endloop
  endfacet
  facet normal 0 0 -1
    outer loop
      vertex 33.9375 9.08317 0
      vertex 37.9918 10.1799 0
      vertex 34.8314 4.58563 0
    endloop
  endfacet
  facet normal 0 0 -1
    outer loop
      vertex 33.526 10.619 0
      vertex 37.9918 10.1799 0
      vertex 33.9375 9.08317 0
    endloop
  endfacet
  facet normal 0 0 -1
    outer loop
      vertex 37.9918 10.1799 0
      vertex 33.526 10.619 0
      vertex 36.338 15.0517 0
    endloop
  endfacet
  facet normal 0 -0 -1
    outer loop
      vertex 33.9375 9.08317 0
      vertex 34.8314 4.58563 0
      vertex 33.9369 9.083 0
    endloop
  endfacet
  facet normal -0 0 -1
    outer loop
      vertex 36.338 15.0517 0
      vertex 33.526 10.619 0
      vertex 34.0625 19.666 0
    endloop
  endfacet
  facet normal 0 0 -1
    outer loop
      vertex 18.041 6.46981 0
      vertex 34.0625 19.666 0
      vertex 33.526 10.619 0
    endloop
  endfacet
  facet normal -0 0 -1
    outer loop
      vertex 34.0625 19.666 0
      vertex 18.041 6.46981 0
      vertex 31.2042 23.9438 0
    endloop
  endfacet
  facet normal -0 0 -1
    outer loop
      vertex 31.2042 23.9438 0
      vertex 18.041 6.46981 0
      vertex 27.8119 27.8119 0
    endloop
  endfacet
  facet normal -0 0 -1
    outer loop
      vertex 27.8119 27.8119 0
      vertex 18.041 6.46981 0
      vertex 23.9438 31.2042 0
    endloop
  endfacet
  facet normal 0 0 -1
    outer loop
      vertex 17.9437 6.44372 0
      vertex 23.9438 31.2042 0
      vertex 18.041 6.46981 0
    endloop
  endfacet
  facet normal -0 0 -1
    outer loop
      vertex 23.9438 31.2042 0
      vertex 17.9437 6.44372 0
      vertex 19.666 34.0625 0
    endloop
  endfacet
  facet normal 0 0 -1
    outer loop
      vertex -18.3526 4.91756 0
      vertex 18.3526 4.91756 0
      vertex 16.4545 -9.5 0
    endloop
  endfacet
  facet normal 0 0 -1
    outer loop
      vertex 18.3526 4.91756 0
      vertex -18.3526 4.91756 0
      vertex 17.9437 6.44372 0
    endloop
  endfacet
  facet normal 0 0 -1
    outer loop
      vertex -18.3526 4.91756 0
      vertex 16.4545 -9.5 0
      vertex 15.0737 -11.5665 0
    endloop
  endfacet
  facet normal 0 0 -1
    outer loop
      vertex 17.9437 6.44372 0
      vertex 15.0517 36.338 0
      vertex 19.666 34.0625 0
    endloop
  endfacet
  facet normal 0 0 -1
    outer loop
      vertex -18.3526 4.91756 0
      vertex 15.0737 -11.5665 0
      vertex 13.435 -13.435 0
    endloop
  endfacet
  facet normal 0 0 -1
    outer loop
      vertex -18.3526 4.91756 0
      vertex 13.435 -13.435 0
      vertex 11.5665 -15.0737 0
    endloop
  endfacet
  facet normal 0 -0 -1
    outer loop
      vertex 0 39.332 0
      vertex 17.9437 6.44372 0
      vertex -18.3526 4.91756 0
    endloop
  endfacet
  facet normal 0 0 -1
    outer loop
      vertex -18.3526 4.91756 0
      vertex 11.5665 -15.0737 0
      vertex 9.5 -16.4545 0
    endloop
  endfacet
  facet normal 0 0 -1
    outer loop
      vertex -18.3526 4.91756 0
      vertex 9.5 -16.4545 0
      vertex 7.27098 -17.5537 0
    endloop
  endfacet
  facet normal 0 0 -1
    outer loop
      vertex 17.9437 6.44372 0
      vertex 10.1799 37.9918 0
      vertex 15.0517 36.338 0
    endloop
  endfacet
  facet normal 0 0 -1
    outer loop
      vertex -18.3526 4.91756 0
      vertex 7.27098 -17.5537 0
      vertex 4.91756 -18.3526 0
    endloop
  endfacet
  facet normal 0 0 -1
    outer loop
      vertex -18.3526 4.91756 0
      vertex 4.91756 -18.3526 0
      vertex 2.48 -18.8374 0
    endloop
  endfacet
  facet normal 0 0 -1
    outer loop
      vertex -18.3526 4.91756 0
      vertex 2.48 -18.8374 0
      vertex 0 -19 0
    endloop
  endfacet
  facet normal 0 0 -1
    outer loop
      vertex 17.9437 6.44372 0
      vertex 5.13386 38.9955 0
      vertex 10.1799 37.9918 0
    endloop
  endfacet
  facet normal 0 0 -1
    outer loop
      vertex -18.3526 4.91756 0
      vertex 0 -19 0
      vertex -2.48 -18.8374 0
    endloop
  endfacet
  facet normal 0 0 -1
    outer loop
      vertex -18.3526 4.91756 0
      vertex -2.48 -18.8374 0
      vertex -4.91756 -18.3526 0
    endloop
  endfacet
  facet normal 0 0 -1
    outer loop
      vertex 17.9437 6.44372 0
      vertex 0 39.332 0
      vertex 5.13386 38.9955 0
    endloop
  endfacet
  facet normal 0 0 -1
    outer loop
      vertex -18.3526 4.91756 0
      vertex -4.91756 -18.3526 0
      vertex -7.27098 -17.5537 0
    endloop
  endfacet
  facet normal 0 0 -1
    outer loop
      vertex -18.3526 4.91756 0
      vertex -7.27098 -17.5537 0
      vertex -9.5 -16.4545 0
    endloop
  endfacet
  facet normal 0 0 -1
    outer loop
      vertex 0 39.332 0
      vertex -18.3526 4.91756 0
      vertex -5.13386 38.9955 0
    endloop
  endfacet
  facet normal 0 0 -1
    outer loop
      vertex -18.3526 4.91756 0
      vertex -9.5 -16.4545 0
      vertex -11.5665 -15.0737 0
    endloop
  endfacet
  facet normal 0 0 -1
    outer loop
      vertex -18.3526 4.91756 0
      vertex -11.5665 -15.0737 0
      vertex -13.435 -13.435 0
    endloop
  endfacet
  facet normal 0 0 -1
    outer loop
      vertex -5.13386 38.9955 0
      vertex -18.3526 4.91756 0
      vertex -10.1799 37.9918 0
    endloop
  endfacet
  facet normal 0 0 -1
    outer loop
      vertex -18.3526 4.91756 0
      vertex -13.435 -13.435 0
      vertex -15.0737 -11.5665 0
    endloop
  endfacet
  facet normal 0 0 -1
    outer loop
      vertex -18.3526 4.91756 0
      vertex -15.0737 -11.5665 0
      vertex -16.4545 -9.5 0
    endloop
  endfacet
  facet normal 0 0 -1
    outer loop
      vertex -18.3526 4.91756 0
      vertex -16.4545 -9.5 0
      vertex -17.5537 -7.27098 0
    endloop
  endfacet
  facet normal 0 0 -1
    outer loop
      vertex -18.3526 4.91756 0
      vertex -17.5537 -7.27098 0
      vertex -18.3526 -4.91756 0
    endloop
  endfacet
  facet normal 0 0 -1
    outer loop
      vertex -10.1799 37.9918 0
      vertex -18.3526 4.91756 0
      vertex -15.0517 36.338 0
    endloop
  endfacet
  facet normal 0 0 -1
    outer loop
      vertex -18.3526 4.91756 0
      vertex -19.666 34.0625 0
      vertex -15.0517 36.338 0
    endloop
  endfacet
  facet normal 0 0 -1
    outer loop
      vertex -18.3526 4.91756 0
      vertex -23.9438 31.2042 0
      vertex -19.666 34.0625 0
    endloop
  endfacet
  facet normal 0 0 -1
    outer loop
      vertex -18.3526 4.91756 0
      vertex -27.8119 27.8119 0
      vertex -23.9438 31.2042 0
    endloop
  endfacet
  facet normal 0 0 -1
    outer loop
      vertex -18.3526 4.91756 0
      vertex -31.2042 23.9438 0
      vertex -27.8119 27.8119 0
    endloop
  endfacet
  facet normal 0 0 -1
    outer loop
      vertex -34.0625 19.666 0
      vertex -18.3526 4.91756 0
      vertex -33.9349 9.09282 0
    endloop
  endfacet
  facet normal 0 0 -1
    outer loop
      vertex -18.3526 4.91756 0
      vertex -34.0625 19.666 0
      vertex -31.2042 23.9438 0
    endloop
  endfacet
  facet normal 0 0 -1
    outer loop
      vertex -37.9918 10.1799 0
      vertex -33.9349 9.09282 0
      vertex -34.8314 4.58563 0
    endloop
  endfacet
  facet normal 0 0 -1
    outer loop
      vertex -38.9955 5.13386 0
      vertex -34.8314 4.58563 0
      vertex -35.132 0 0
    endloop
  endfacet
  facet normal 0 0 -1
    outer loop
      vertex -38.9955 -5.13386 0
      vertex -34.8314 -4.58563 0
      vertex -37.9918 -10.1799 0
    endloop
  endfacet
  facet normal 0 0 -1
    outer loop
      vertex -33.9349 9.09282 0
      vertex -36.338 15.0517 0
      vertex -34.0625 19.666 0
    endloop
  endfacet
  facet normal -0 0 -1
    outer loop
      vertex -34.8314 -4.58563 0
      vertex -38.9955 -5.13386 0
      vertex -35.132 0 0
    endloop
  endfacet
  facet normal 0 0 -1
    outer loop
      vertex -33.9349 9.09282 0
      vertex -37.9918 10.1799 0
      vertex -36.338 15.0517 0
    endloop
  endfacet
  facet normal 0 0 -1
    outer loop
      vertex -39.332 0 0
      vertex -35.132 0 0
      vertex -38.9955 -5.13386 0
    endloop
  endfacet
  facet normal 0 0 -1
    outer loop
      vertex -34.8314 4.58563 0
      vertex -38.9955 5.13386 0
      vertex -37.9918 10.1799 0
    endloop
  endfacet
  facet normal 0 0 -1
    outer loop
      vertex -35.132 0 0
      vertex -39.332 0 0
      vertex -38.9955 5.13386 0
    endloop
  endfacet
  facet normal 0 0 -1
    outer loop
      vertex -18.8374 -2.48 0
      vertex -18.3526 4.91756 0
      vertex -18.3526 -4.91756 0
    endloop
  endfacet
  facet normal 0 0 -1
    outer loop
      vertex -18.8374 -2.48 0
      vertex -18.8374 2.48 0
      vertex -18.3526 4.91756 0
    endloop
  endfacet
  facet normal 0 -0 -1
    outer loop
      vertex -18.8374 2.48 0
      vertex -18.8374 -2.48 0
      vertex -19 0 0
    endloop
  endfacet
  facet normal 0.442291 -0.896872 0
    outer loop
      vertex 14.5925 -35.2294 2
      vertex 19.066 -33.0233 72
      vertex 14.5925 -35.2294 72
    endloop
  endfacet
  facet normal 0.442291 -0.896872 0
    outer loop
      vertex 19.066 -33.0233 72
      vertex 14.5925 -35.2294 2
      vertex 19.066 -33.0233 2
    endloop
  endfacet
  facet normal -0.442291 0.896872 0
    outer loop
      vertex -14.5925 35.2294 2
      vertex -19.066 33.0233 72
      vertex -14.5925 35.2294 72
    endloop
  endfacet
  facet normal -0.442291 0.896872 0
    outer loop
      vertex -19.066 33.0233 72
      vertex -14.5925 35.2294 2
      vertex -19.066 33.0233 2
    endloop
  endfacet
  facet normal 0.555565 -0.831473 0
    outer loop
      vertex 19.066 -33.0233 2
      vertex 23.2133 -30.2522 72
      vertex 19.066 -33.0233 72
    endloop
  endfacet
  facet normal 0.555565 -0.831473 0
    outer loop
      vertex 23.2133 -30.2522 72
      vertex 19.066 -33.0233 2
      vertex 23.2133 -30.2522 2
    endloop
  endfacet
  facet normal 0.659352 -0.751835 0
    outer loop
      vertex 23.2133 -30.2522 2
      vertex 26.9634 -26.9634 72
      vertex 23.2133 -30.2522 72
    endloop
  endfacet
  facet normal 0.659352 -0.751835 0
    outer loop
      vertex 26.9634 -26.9634 72
      vertex 23.2133 -30.2522 2
      vertex 26.9634 -26.9634 2
    endloop
  endfacet
  facet normal 0.831473 -0.555565 0
    outer loop
      vertex 30.2522 -23.2133 72
      vertex 33.0233 -19.066 2
      vertex 33.0233 -19.066 72
    endloop
  endfacet
  facet normal 0.831473 -0.555565 0
    outer loop
      vertex 33.0233 -19.066 2
      vertex 30.2522 -23.2133 72
      vertex 30.2522 -23.2133 2
    endloop
  endfacet
  facet normal -0.321437 -0.946931 0
    outer loop
      vertex -14.5925 -35.2294 2
      vertex -9.86929 -36.8327 72
      vertex -14.5925 -35.2294 72
    endloop
  endfacet
  facet normal -0.321437 -0.946931 -0
    outer loop
      vertex -9.86929 -36.8327 72
      vertex -14.5925 -35.2294 2
      vertex -9.86929 -36.8327 2
    endloop
  endfacet
  facet normal -0.659352 -0.751835 0
    outer loop
      vertex -26.9634 -26.9634 2
      vertex -23.2133 -30.2522 72
      vertex -26.9634 -26.9634 72
    endloop
  endfacet
  facet normal -0.659352 -0.751835 -0
    outer loop
      vertex -23.2133 -30.2522 72
      vertex -26.9634 -26.9634 2
      vertex -23.2133 -30.2522 2
    endloop
  endfacet
  facet normal -0.751835 -0.659352 0
    outer loop
      vertex -26.9634 -26.9634 2
      vertex -30.2522 -23.2133 72
      vertex -30.2522 -23.2133 2
    endloop
  endfacet
  facet normal -0.751835 -0.659352 0
    outer loop
      vertex -30.2522 -23.2133 72
      vertex -26.9634 -26.9634 2
      vertex -26.9634 -26.9634 72
    endloop
  endfacet
  facet normal -0.946931 -0.321437 0
    outer loop
      vertex -35.2294 -14.5925 2
      vertex -36.8327 -9.86929 72
      vertex -36.8327 -9.86929 2
    endloop
  endfacet
  facet normal -0.946931 -0.321437 0
    outer loop
      vertex -36.8327 -9.86929 72
      vertex -35.2294 -14.5925 2
      vertex -35.2294 -14.5925 72
    endloop
  endfacet
  facet normal 0.321437 -0.946931 0
    outer loop
      vertex 9.86929 -36.8327 2
      vertex 14.5925 -35.2294 72
      vertex 9.86929 -36.8327 72
    endloop
  endfacet
  facet normal 0.321437 -0.946931 0
    outer loop
      vertex 14.5925 -35.2294 72
      vertex 9.86929 -36.8327 2
      vertex 14.5925 -35.2294 2
    endloop
  endfacet
  facet normal 0.896872 -0.442291 0
    outer loop
      vertex 33.0233 -19.066 72
      vertex 35.2294 -14.5925 2
      vertex 35.2294 -14.5925 72
    endloop
  endfacet
  facet normal 0.896872 -0.442291 0
    outer loop
      vertex 35.2294 -14.5925 2
      vertex 33.0233 -19.066 72
      vertex 33.0233 -19.066 2
    endloop
  endfacet
  facet normal -0.0653982 -0.997859 0
    outer loop
      vertex -4.97723 -37.8058 2
      vertex 0 -38.132 72
      vertex -4.97723 -37.8058 72
    endloop
  endfacet
  facet normal -0.0653982 -0.997859 -0
    outer loop
      vertex 0 -38.132 72
      vertex -4.97723 -37.8058 2
      vertex 0 -38.132 2
    endloop
  endfacet
  facet normal -0.555565 -0.831473 0
    outer loop
      vertex -23.2133 -30.2522 2
      vertex -19.066 -33.0233 72
      vertex -23.2133 -30.2522 72
    endloop
  endfacet
  facet normal -0.555565 -0.831473 -0
    outer loop
      vertex -19.066 -33.0233 72
      vertex -23.2133 -30.2522 2
      vertex -19.066 -33.0233 2
    endloop
  endfacet
  facet normal -0.831473 -0.555565 0
    outer loop
      vertex -30.2522 -23.2133 2
      vertex -33.0233 -19.066 72
      vertex -33.0233 -19.066 2
    endloop
  endfacet
  facet normal -0.831473 -0.555565 0
    outer loop
      vertex -33.0233 -19.066 72
      vertex -30.2522 -23.2133 2
      vertex -30.2522 -23.2133 72
    endloop
  endfacet
  facet normal -0.896872 -0.442291 0
    outer loop
      vertex -33.0233 -19.066 2
      vertex -35.2294 -14.5925 72
      vertex -35.2294 -14.5925 2
    endloop
  endfacet
  facet normal -0.896872 -0.442291 0
    outer loop
      vertex -35.2294 -14.5925 72
      vertex -33.0233 -19.066 2
      vertex -33.0233 -19.066 72
    endloop
  endfacet
  facet normal -0.980785 -0.195092 0
    outer loop
      vertex -36.8327 -9.86929 2
      vertex -37.8058 -4.97723 72
      vertex -37.8058 -4.97723 2
    endloop
  endfacet
  facet normal -0.980785 -0.195092 0
    outer loop
      vertex -37.8058 -4.97723 72
      vertex -36.8327 -9.86929 2
      vertex -36.8327 -9.86929 72
    endloop
  endfacet
  facet normal -0.997859 -0.0653982 0
    outer loop
      vertex -37.8058 -4.97723 2
      vertex -38.132 0 72
      vertex -38.132 0 2
    endloop
  endfacet
  facet normal -0.997859 -0.0653982 0
    outer loop
      vertex -38.132 0 72
      vertex -37.8058 -4.97723 2
      vertex -37.8058 -4.97723 72
    endloop
  endfacet
  facet normal -0.195092 -0.980785 0
    outer loop
      vertex -9.86929 -36.8327 2
      vertex -4.97723 -37.8058 72
      vertex -9.86929 -36.8327 72
    endloop
  endfacet
  facet normal -0.195092 -0.980785 -0
    outer loop
      vertex -4.97723 -37.8058 72
      vertex -9.86929 -36.8327 2
      vertex -4.97723 -37.8058 2
    endloop
  endfacet
  facet normal -0.659352 -0.751834 0
    outer loop
      vertex 21.9958 28.6655 2
      vertex 25.5492 25.5492 72
      vertex 21.9958 28.6655 72
    endloop
  endfacet
  facet normal -0.659352 -0.751834 -0
    outer loop
      vertex 25.5492 25.5492 72
      vertex 21.9958 28.6655 2
      vertex 25.5492 25.5492 2
    endloop
  endfacet
  facet normal 0.946931 -0.321437 0
    outer loop
      vertex -34.9008 9.35165 72
      vertex -33.3816 13.8271 2
      vertex -33.3816 13.8271 72
    endloop
  endfacet
  facet normal 0.946931 -0.321437 0
    outer loop
      vertex -33.3816 13.8271 2
      vertex -34.9008 9.35165 72
      vertex -34.9008 9.35165 2
    endloop
  endfacet
  facet normal -0.980783 0.1951 0
    outer loop
      vertex 34.9008 -9.35165 2
      vertex 35.8229 -4.71617 72
      vertex 35.8229 -4.71617 2
    endloop
  endfacet
  facet normal -0.980783 0.1951 0
    outer loop
      vertex 35.8229 -4.71617 72
      vertex 34.9008 -9.35165 2
      vertex 34.9008 -9.35165 72
    endloop
  endfacet
  facet normal 0.321437 0.946931 -0
    outer loop
      vertex -9.35165 -34.9008 2
      vertex -13.8271 -33.3816 72
      vertex -9.35165 -34.9008 72
    endloop
  endfacet
  facet normal 0.321437 0.946931 0
    outer loop
      vertex -13.8271 -33.3816 72
      vertex -9.35165 -34.9008 2
      vertex -13.8271 -33.3816 2
    endloop
  endfacet
  facet normal 0.321437 -0.946931 0
    outer loop
      vertex -13.8271 33.3816 2
      vertex -9.35165 34.9008 72
      vertex -13.8271 33.3816 72
    endloop
  endfacet
  facet normal 0.321437 -0.946931 0
    outer loop
      vertex -9.35165 34.9008 72
      vertex -13.8271 33.3816 2
      vertex -9.35165 34.9008 2
    endloop
  endfacet
  facet normal 0.896872 -0.44229 0
    outer loop
      vertex -33.3816 13.8271 72
      vertex -31.2912 18.066 2
      vertex -31.2912 18.066 72
    endloop
  endfacet
  facet normal 0.896872 -0.44229 0
    outer loop
      vertex -31.2912 18.066 2
      vertex -33.3816 13.8271 72
      vertex -33.3816 13.8271 2
    endloop
  endfacet
  facet normal -0.980783 -0.1951 0
    outer loop
      vertex 35.8229 4.71617 2
      vertex 34.9008 9.35165 72
      vertex 34.9008 9.35165 2
    endloop
  endfacet
  facet normal -0.980783 -0.1951 0
    outer loop
      vertex 34.9008 9.35165 72
      vertex 35.8229 4.71617 2
      vertex 35.8229 4.71617 72
    endloop
  endfacet
  facet normal -0.946931 -0.321437 0
    outer loop
      vertex 34.9008 9.35165 2
      vertex 33.3816 13.8271 72
      vertex 33.3816 13.8271 2
    endloop
  endfacet
  facet normal -0.946931 -0.321437 0
    outer loop
      vertex 33.3816 13.8271 72
      vertex 34.9008 9.35165 2
      vertex 34.9008 9.35165 72
    endloop
  endfacet
  facet normal -0.896872 -0.44229 0
    outer loop
      vertex 33.3816 13.8271 2
      vertex 31.2912 18.066 72
      vertex 31.2912 18.066 2
    endloop
  endfacet
  facet normal -0.896872 -0.44229 0
    outer loop
      vertex 31.2912 18.066 72
      vertex 33.3816 13.8271 2
      vertex 33.3816 13.8271 72
    endloop
  endfacet
  facet normal -0.44229 -0.896872 0
    outer loop
      vertex 13.8271 33.3816 2
      vertex 18.066 31.2912 72
      vertex 13.8271 33.3816 72
    endloop
  endfacet
  facet normal -0.44229 -0.896872 -0
    outer loop
      vertex 18.066 31.2912 72
      vertex 13.8271 33.3816 2
      vertex 18.066 31.2912 2
    endloop
  endfacet
  facet normal -0.321437 -0.946931 0
    outer loop
      vertex 9.35165 34.9008 2
      vertex 13.8271 33.3816 72
      vertex 9.35165 34.9008 72
    endloop
  endfacet
  facet normal -0.321437 -0.946931 -0
    outer loop
      vertex 13.8271 33.3816 72
      vertex 9.35165 34.9008 2
      vertex 13.8271 33.3816 2
    endloop
  endfacet
  facet normal -0.1951 -0.980783 0
    outer loop
      vertex 4.71617 35.8229 2
      vertex 9.35165 34.9008 72
      vertex 4.71617 35.8229 72
    endloop
  endfacet
  facet normal -0.1951 -0.980783 -0
    outer loop
      vertex 9.35165 34.9008 72
      vertex 4.71617 35.8229 2
      vertex 9.35165 34.9008 2
    endloop
  endfacet
  facet normal 0.980783 -0.1951 0
    outer loop
      vertex -35.8229 4.71617 72
      vertex -34.9008 9.35165 2
      vertex -34.9008 9.35165 72
    endloop
  endfacet
  facet normal 0.980783 -0.1951 0
    outer loop
      vertex -34.9008 9.35165 2
      vertex -35.8229 4.71617 72
      vertex -35.8229 4.71617 2
    endloop
  endfacet
  facet normal 0.751834 -0.659352 0
    outer loop
      vertex -28.6655 21.9958 72
      vertex -25.5492 25.5492 2
      vertex -25.5492 25.5492 72
    endloop
  endfacet
  facet normal 0.751834 -0.659352 0
    outer loop
      vertex -25.5492 25.5492 2
      vertex -28.6655 21.9958 72
      vertex -28.6655 21.9958 2
    endloop
  endfacet
  facet normal 0.44229 -0.896872 0
    outer loop
      vertex -18.066 31.2912 2
      vertex -13.8271 33.3816 72
      vertex -18.066 31.2912 72
    endloop
  endfacet
  facet normal 0.44229 -0.896872 0
    outer loop
      vertex -13.8271 33.3816 72
      vertex -18.066 31.2912 2
      vertex -13.8271 33.3816 2
    endloop
  endfacet
  facet normal 0.1951 -0.980783 0
    outer loop
      vertex -9.35165 34.9008 2
      vertex -4.71617 35.8229 72
      vertex -9.35165 34.9008 72
    endloop
  endfacet
  facet normal 0.1951 -0.980783 0
    outer loop
      vertex -4.71617 35.8229 72
      vertex -9.35165 34.9008 2
      vertex -4.71617 35.8229 2
    endloop
  endfacet
  facet normal -0.997859 -0.0654002 0
    outer loop
      vertex 36.132 0 2
      vertex 35.8229 4.71617 72
      vertex 35.8229 4.71617 2
    endloop
  endfacet
  facet normal -0.997859 -0.0654002 0
    outer loop
      vertex 35.8229 4.71617 72
      vertex 36.132 0 2
      vertex 36.132 0 72
    endloop
  endfacet
  facet normal -0.946931 0.321437 0
    outer loop
      vertex 33.3816 -13.8271 2
      vertex 34.9008 -9.35165 72
      vertex 34.9008 -9.35165 2
    endloop
  endfacet
  facet normal -0.946931 0.321437 0
    outer loop
      vertex 34.9008 -9.35165 72
      vertex 33.3816 -13.8271 2
      vertex 33.3816 -13.8271 72
    endloop
  endfacet
  facet normal -0.321437 0.946931 0
    outer loop
      vertex 13.8271 -33.3816 2
      vertex 9.35165 -34.9008 72
      vertex 13.8271 -33.3816 72
    endloop
  endfacet
  facet normal -0.321437 0.946931 0
    outer loop
      vertex 9.35165 -34.9008 72
      vertex 13.8271 -33.3816 2
      vertex 9.35165 -34.9008 2
    endloop
  endfacet
  facet normal -0.44229 0.896872 0
    outer loop
      vertex 18.066 -31.2912 2
      vertex 13.8271 -33.3816 72
      vertex 18.066 -31.2912 72
    endloop
  endfacet
  facet normal -0.44229 0.896872 0
    outer loop
      vertex 13.8271 -33.3816 72
      vertex 18.066 -31.2912 2
      vertex 13.8271 -33.3816 2
    endloop
  endfacet
  facet normal 0.1951 0.980783 -0
    outer loop
      vertex -4.71617 -35.8229 2
      vertex -9.35165 -34.9008 72
      vertex -4.71617 -35.8229 72
    endloop
  endfacet
  facet normal 0.1951 0.980783 0
    outer loop
      vertex -9.35165 -34.9008 72
      vertex -4.71617 -35.8229 2
      vertex -9.35165 -34.9008 2
    endloop
  endfacet
  facet normal 0.659352 0.751834 -0
    outer loop
      vertex -21.9958 -28.6655 2
      vertex -25.5492 -25.5492 72
      vertex -21.9958 -28.6655 72
    endloop
  endfacet
  facet normal 0.659352 0.751834 0
    outer loop
      vertex -25.5492 -25.5492 72
      vertex -21.9958 -28.6655 2
      vertex -25.5492 -25.5492 2
    endloop
  endfacet
  facet normal 0.896872 0.44229 0
    outer loop
      vertex -31.2912 -18.066 72
      vertex -33.3816 -13.8271 2
      vertex -33.3816 -13.8271 72
    endloop
  endfacet
  facet normal 0.896872 0.44229 0
    outer loop
      vertex -33.3816 -13.8271 2
      vertex -31.2912 -18.066 72
      vertex -31.2912 -18.066 2
    endloop
  endfacet
  facet normal -0.83148 -0.555554 0
    outer loop
      vertex 31.2912 18.066 2
      vertex 28.6655 21.9958 72
      vertex 28.6655 21.9958 2
    endloop
  endfacet
  facet normal -0.83148 -0.555554 0
    outer loop
      vertex 28.6655 21.9958 72
      vertex 31.2912 18.066 2
      vertex 31.2912 18.066 72
    endloop
  endfacet
  facet normal -0.751834 -0.659352 0
    outer loop
      vertex 28.6655 21.9958 2
      vertex 25.5492 25.5492 72
      vertex 25.5492 25.5492 2
    endloop
  endfacet
  facet normal -0.751834 -0.659352 0
    outer loop
      vertex 25.5492 25.5492 72
      vertex 28.6655 21.9958 2
      vertex 28.6655 21.9958 72
    endloop
  endfacet
  facet normal -0.555554 -0.83148 0
    outer loop
      vertex 18.066 31.2912 2
      vertex 21.9958 28.6655 72
      vertex 18.066 31.2912 72
    endloop
  endfacet
  facet normal -0.555554 -0.83148 -0
    outer loop
      vertex 21.9958 28.6655 72
      vertex 18.066 31.2912 2
      vertex 21.9958 28.6655 2
    endloop
  endfacet
  facet normal -0.0654002 -0.997859 0
    outer loop
      vertex 0 36.132 2
      vertex 4.71617 35.8229 72
      vertex 0 36.132 72
    endloop
  endfacet
  facet normal -0.0654002 -0.997859 -0
    outer loop
      vertex 4.71617 35.8229 72
      vertex 0 36.132 2
      vertex 4.71617 35.8229 2
    endloop
  endfacet
  facet normal 0.997859 -0.0654002 0
    outer loop
      vertex -36.132 0 72
      vertex -35.8229 4.71617 2
      vertex -35.8229 4.71617 72
    endloop
  endfacet
  facet normal 0.997859 -0.0654002 0
    outer loop
      vertex -35.8229 4.71617 2
      vertex -36.132 0 72
      vertex -36.132 0 2
    endloop
  endfacet
  facet normal 0.83148 -0.555554 0
    outer loop
      vertex -31.2912 18.066 72
      vertex -28.6655 21.9958 2
      vertex -28.6655 21.9958 72
    endloop
  endfacet
  facet normal 0.83148 -0.555554 0
    outer loop
      vertex -28.6655 21.9958 2
      vertex -31.2912 18.066 72
      vertex -31.2912 18.066 2
    endloop
  endfacet
  facet normal 0.0654002 -0.997859 0
    outer loop
      vertex -4.71617 35.8229 2
      vertex 0 36.132 72
      vertex -4.71617 35.8229 72
    endloop
  endfacet
  facet normal 0.0654002 -0.997859 0
    outer loop
      vertex 0 36.132 72
      vertex -4.71617 35.8229 2
      vertex 0 36.132 2
    endloop
  endfacet
  facet normal 0.555554 -0.83148 0
    outer loop
      vertex -21.9958 28.6655 2
      vertex -18.066 31.2912 72
      vertex -21.9958 28.6655 72
    endloop
  endfacet
  facet normal 0.555554 -0.83148 0
    outer loop
      vertex -18.066 31.2912 72
      vertex -21.9958 28.6655 2
      vertex -18.066 31.2912 2
    endloop
  endfacet
  facet normal 0.659352 -0.751834 0
    outer loop
      vertex -25.5492 25.5492 2
      vertex -21.9958 28.6655 72
      vertex -25.5492 25.5492 72
    endloop
  endfacet
  facet normal 0.659352 -0.751834 0
    outer loop
      vertex -21.9958 28.6655 72
      vertex -25.5492 25.5492 2
      vertex -21.9958 28.6655 2
    endloop
  endfacet
  facet normal -0.0654002 0.997859 0
    outer loop
      vertex 4.71617 -35.8229 2
      vertex 0 -36.132 72
      vertex 4.71617 -35.8229 72
    endloop
  endfacet
  facet normal -0.0654002 0.997859 0
    outer loop
      vertex 0 -36.132 72
      vertex 4.71617 -35.8229 2
      vertex 0 -36.132 2
    endloop
  endfacet
  facet normal -0.896872 0.44229 0
    outer loop
      vertex 31.2912 -18.066 2
      vertex 33.3816 -13.8271 72
      vertex 33.3816 -13.8271 2
    endloop
  endfacet
  facet normal -0.896872 0.44229 0
    outer loop
      vertex 33.3816 -13.8271 72
      vertex 31.2912 -18.066 2
      vertex 31.2912 -18.066 72
    endloop
  endfacet
  facet normal -0.659352 0.751834 0
    outer loop
      vertex 25.5492 -25.5492 2
      vertex 21.9958 -28.6655 72
      vertex 25.5492 -25.5492 72
    endloop
  endfacet
  facet normal -0.659352 0.751834 0
    outer loop
      vertex 21.9958 -28.6655 72
      vertex 25.5492 -25.5492 2
      vertex 21.9958 -28.6655 2
    endloop
  endfacet
  facet normal -0.555554 0.83148 0
    outer loop
      vertex 21.9958 -28.6655 2
      vertex 18.066 -31.2912 72
      vertex 21.9958 -28.6655 72
    endloop
  endfacet
  facet normal -0.555554 0.83148 0
    outer loop
      vertex 18.066 -31.2912 72
      vertex 21.9958 -28.6655 2
      vertex 18.066 -31.2912 2
    endloop
  endfacet
  facet normal 0.44229 0.896872 -0
    outer loop
      vertex -13.8271 -33.3816 2
      vertex -18.066 -31.2912 72
      vertex -13.8271 -33.3816 72
    endloop
  endfacet
  facet normal 0.44229 0.896872 0
    outer loop
      vertex -18.066 -31.2912 72
      vertex -13.8271 -33.3816 2
      vertex -18.066 -31.2912 2
    endloop
  endfacet
  facet normal 0.946931 0.321437 0
    outer loop
      vertex -33.3816 -13.8271 72
      vertex -34.9008 -9.35165 2
      vertex -34.9008 -9.35165 72
    endloop
  endfacet
  facet normal 0.946931 0.321437 0
    outer loop
      vertex -34.9008 -9.35165 2
      vertex -33.3816 -13.8271 72
      vertex -33.3816 -13.8271 2
    endloop
  endfacet
  facet normal 0.997859 0.0654002 0
    outer loop
      vertex -35.8229 -4.71617 72
      vertex -36.132 0 2
      vertex -36.132 0 72
    endloop
  endfacet
  facet normal 0.997859 0.0654002 0
    outer loop
      vertex -36.132 0 2
      vertex -35.8229 -4.71617 72
      vertex -35.8229 -4.71617 2
    endloop
  endfacet
  facet normal 0.83148 0.555554 0
    outer loop
      vertex -28.6655 -21.9958 72
      vertex -31.2912 -18.066 2
      vertex -31.2912 -18.066 72
    endloop
  endfacet
  facet normal 0.83148 0.555554 0
    outer loop
      vertex -31.2912 -18.066 2
      vertex -28.6655 -21.9958 72
      vertex -28.6655 -21.9958 2
    endloop
  endfacet
  facet normal 0.751834 0.659352 0
    outer loop
      vertex -25.5492 -25.5492 72
      vertex -28.6655 -21.9958 2
      vertex -28.6655 -21.9958 72
    endloop
  endfacet
  facet normal 0.751834 0.659352 0
    outer loop
      vertex -28.6655 -21.9958 2
      vertex -25.5492 -25.5492 72
      vertex -25.5492 -25.5492 2
    endloop
  endfacet
  facet normal -0.997859 0.0654002 0
    outer loop
      vertex 35.8229 -4.71617 2
      vertex 36.132 0 72
      vertex 36.132 0 2
    endloop
  endfacet
  facet normal -0.997859 0.0654002 0
    outer loop
      vertex 36.132 0 72
      vertex 35.8229 -4.71617 2
      vertex 35.8229 -4.71617 72
    endloop
  endfacet
  facet normal -0.1951 0.980783 0
    outer loop
      vertex 9.35165 -34.9008 2
      vertex 4.71617 -35.8229 72
      vertex 9.35165 -34.9008 72
    endloop
  endfacet
  facet normal -0.1951 0.980783 0
    outer loop
      vertex 4.71617 -35.8229 72
      vertex 9.35165 -34.9008 2
      vertex 4.71617 -35.8229 2
    endloop
  endfacet
  facet normal 0.0654002 0.997859 -0
    outer loop
      vertex 0 -36.132 2
      vertex -4.71617 -35.8229 72
      vertex 0 -36.132 72
    endloop
  endfacet
  facet normal 0.0654002 0.997859 0
    outer loop
      vertex -4.71617 -35.8229 72
      vertex 0 -36.132 2
      vertex -4.71617 -35.8229 2
    endloop
  endfacet
  facet normal 0.555554 0.83148 -0
    outer loop
      vertex -18.066 -31.2912 2
      vertex -21.9958 -28.6655 72
      vertex -18.066 -31.2912 72
    endloop
  endfacet
  facet normal 0.555554 0.83148 0
    outer loop
      vertex -21.9958 -28.6655 72
      vertex -18.066 -31.2912 2
      vertex -21.9958 -28.6655 2
    endloop
  endfacet
  facet normal 0.980783 0.1951 0
    outer loop
      vertex -34.9008 -9.35165 72
      vertex -35.8229 -4.71617 2
      vertex -35.8229 -4.71617 72
    endloop
  endfacet
  facet normal 0.980783 0.1951 0
    outer loop
      vertex -35.8229 -4.71617 2
      vertex -34.9008 -9.35165 72
      vertex -34.9008 -9.35165 2
    endloop
  endfacet
  facet normal -0.83148 0.555554 0
    outer loop
      vertex 28.6655 -21.9958 2
      vertex 31.2912 -18.066 72
      vertex 31.2912 -18.066 2
    endloop
  endfacet
  facet normal -0.83148 0.555554 0
    outer loop
      vertex 31.2912 -18.066 72
      vertex 28.6655 -21.9958 2
      vertex 28.6655 -21.9958 72
    endloop
  endfacet
  facet normal -0.751834 0.659352 0
    outer loop
      vertex 25.5492 -25.5492 2
      vertex 28.6655 -21.9958 72
      vertex 28.6655 -21.9958 2
    endloop
  endfacet
  facet normal -0.751834 0.659352 0
    outer loop
      vertex 28.6655 -21.9958 72
      vertex 25.5492 -25.5492 2
      vertex 25.5492 -25.5492 72
    endloop
  endfacet
  facet normal 0.831473 0.555566 0
    outer loop
      vertex 34.0625 19.666 2
      vertex 31.2042 23.9438 0
      vertex 31.2042 23.9438 2
    endloop
  endfacet
  facet normal 0.831473 0.555566 0
    outer loop
      vertex 31.2042 23.9438 0
      vertex 34.0625 19.666 2
      vertex 34.0625 19.666 0
    endloop
  endfacet
  facet normal 0.195087 0.980786 -0
    outer loop
      vertex 10.1799 37.9918 0
      vertex 5.13386 38.9955 2
      vertex 10.1799 37.9918 2
    endloop
  endfacet
  facet normal 0.195087 0.980786 0
    outer loop
      vertex 5.13386 38.9955 2
      vertex 10.1799 37.9918 0
      vertex 5.13386 38.9955 0
    endloop
  endfacet
  facet normal 0.321448 0.946927 -0
    outer loop
      vertex 15.0517 36.338 0
      vertex 10.1799 37.9918 2
      vertex 15.0517 36.338 2
    endloop
  endfacet
  facet normal 0.321448 0.946927 0
    outer loop
      vertex 10.1799 37.9918 2
      vertex 15.0517 36.338 0
      vertex 10.1799 37.9918 0
    endloop
  endfacet
  facet normal -0.442285 0.896874 0
    outer loop
      vertex -15.0517 36.338 0
      vertex -19.666 34.0625 2
      vertex -15.0517 36.338 2
    endloop
  endfacet
  facet normal -0.442285 0.896874 0
    outer loop
      vertex -19.666 34.0625 2
      vertex -15.0517 36.338 0
      vertex -19.666 34.0625 0
    endloop
  endfacet
  facet normal -0.946927 0.321448 0
    outer loop
      vertex -37.9918 10.1799 0
      vertex -36.338 15.0517 2
      vertex -36.338 15.0517 0
    endloop
  endfacet
  facet normal -0.946927 0.321448 0
    outer loop
      vertex -36.338 15.0517 2
      vertex -37.9918 10.1799 0
      vertex -37.9918 10.1799 2
    endloop
  endfacet
  facet normal 0.99786 -0.0653935 0
    outer loop
      vertex 38.9955 -5.13386 2
      vertex 39.155 -2.7 0
      vertex 39.155 -2.7 2
    endloop
  endfacet
  facet normal 0.99786 -0.0653935 0
    outer loop
      vertex 39.155 -2.7 0
      vertex 38.9955 -5.13386 2
      vertex 38.9955 -5.13386 0
    endloop
  endfacet
  facet normal 0.980786 0.195087 0
    outer loop
      vertex 38.9955 5.13386 2
      vertex 37.9918 10.1799 0
      vertex 37.9918 10.1799 2
    endloop
  endfacet
  facet normal 0.980786 0.195087 0
    outer loop
      vertex 37.9918 10.1799 0
      vertex 38.9955 5.13386 2
      vertex 38.9955 5.13386 0
    endloop
  endfacet
  facet normal 0.0654049 0.997859 -0
    outer loop
      vertex 5.13386 38.9955 0
      vertex 0 39.332 2
      vertex 5.13386 38.9955 2
    endloop
  endfacet
  facet normal 0.0654049 0.997859 0
    outer loop
      vertex 0 39.332 2
      vertex 5.13386 38.9955 0
      vertex 0 39.332 0
    endloop
  endfacet
  facet normal 0.555566 0.831473 -0
    outer loop
      vertex 23.9438 31.2042 0
      vertex 19.666 34.0625 2
      vertex 23.9438 31.2042 2
    endloop
  endfacet
  facet normal 0.555566 0.831473 0
    outer loop
      vertex 19.666 34.0625 2
      vertex 23.9438 31.2042 0
      vertex 19.666 34.0625 0
    endloop
  endfacet
  facet normal -0.997859 0.0654049 0
    outer loop
      vertex -39.332 0 0
      vertex -38.9955 5.13386 2
      vertex -38.9955 5.13386 0
    endloop
  endfacet
  facet normal -0.997859 0.0654049 0
    outer loop
      vertex -38.9955 5.13386 2
      vertex -39.332 0 0
      vertex -39.332 0 2
    endloop
  endfacet
  facet normal -0.831473 0.555566 0
    outer loop
      vertex -34.0625 19.666 0
      vertex -31.2042 23.9438 2
      vertex -31.2042 23.9438 0
    endloop
  endfacet
  facet normal -0.831473 0.555566 0
    outer loop
      vertex -31.2042 23.9438 2
      vertex -34.0625 19.666 0
      vertex -34.0625 19.666 2
    endloop
  endfacet
  facet normal -0.555566 0.831473 0
    outer loop
      vertex -19.666 34.0625 0
      vertex -23.9438 31.2042 2
      vertex -19.666 34.0625 2
    endloop
  endfacet
  facet normal -0.555566 0.831473 0
    outer loop
      vertex -23.9438 31.2042 2
      vertex -19.666 34.0625 0
      vertex -23.9438 31.2042 0
    endloop
  endfacet
  facet normal -0.195087 0.980786 0
    outer loop
      vertex -5.13386 38.9955 0
      vertex -10.1799 37.9918 2
      vertex -5.13386 38.9955 2
    endloop
  endfacet
  facet normal -0.195087 0.980786 0
    outer loop
      vertex -10.1799 37.9918 2
      vertex -5.13386 38.9955 0
      vertex -10.1799 37.9918 0
    endloop
  endfacet
  facet normal 0.555566 -0.831473 0
    outer loop
      vertex 19.666 -34.0625 0
      vertex 23.9438 -31.2042 2
      vertex 19.666 -34.0625 2
    endloop
  endfacet
  facet normal 0.555566 -0.831473 0
    outer loop
      vertex 23.9438 -31.2042 2
      vertex 19.666 -34.0625 0
      vertex 23.9438 -31.2042 0
    endloop
  endfacet
  facet normal 0.659353 0.751833 -0
    outer loop
      vertex 27.8119 27.8119 0
      vertex 23.9438 31.2042 2
      vertex 27.8119 27.8119 2
    endloop
  endfacet
  facet normal 0.659353 0.751833 0
    outer loop
      vertex 23.9438 31.2042 2
      vertex 27.8119 27.8119 0
      vertex 23.9438 31.2042 0
    endloop
  endfacet
  facet normal -0.0654049 0.997859 0
    outer loop
      vertex 0 39.332 0
      vertex -5.13386 38.9955 2
      vertex 0 39.332 2
    endloop
  endfacet
  facet normal -0.0654049 0.997859 0
    outer loop
      vertex -5.13386 38.9955 2
      vertex 0 39.332 0
      vertex -5.13386 38.9955 0
    endloop
  endfacet
  facet normal 0.442285 0.896874 -0
    outer loop
      vertex 19.666 34.0625 0
      vertex 15.0517 36.338 2
      vertex 19.666 34.0625 2
    endloop
  endfacet
  facet normal 0.442285 0.896874 0
    outer loop
      vertex 15.0517 36.338 2
      vertex 19.666 34.0625 0
      vertex 15.0517 36.338 0
    endloop
  endfacet
  facet normal 0 0 1
    outer loop
      vertex 38.132 0 2
      vertex 40.932 2.7 2
      vertex 39.155 2.7 2
    endloop
  endfacet
  facet normal 0 0 1
    outer loop
      vertex 40.932 2.7 2
      vertex 38.132 0 2
      vertex 40.932 -2.7 2
    endloop
  endfacet
  facet normal -0 0 1
    outer loop
      vertex 37.8058 4.97723 2
      vertex 39.155 2.7 2
      vertex 38.9955 5.13386 2
    endloop
  endfacet
  facet normal 0 0 1
    outer loop
      vertex 40.932 -2.7 2
      vertex 38.132 0 2
      vertex 39.155 -2.7 2
    endloop
  endfacet
  facet normal 0 0 1
    outer loop
      vertex 37.8058 -4.97723 2
      vertex 39.155 -2.7 2
      vertex 38.132 0 2
    endloop
  endfacet
  facet normal 0 0 1
    outer loop
      vertex 37.8058 4.97723 2
      vertex 38.9955 5.13386 2
      vertex 37.9918 10.1799 2
    endloop
  endfacet
  facet normal 0 0 1
    outer loop
      vertex 39.155 2.7 2
      vertex 37.8058 4.97723 2
      vertex 38.132 0 2
    endloop
  endfacet
  facet normal 0 0 1
    outer loop
      vertex 37.9918 10.1799 2
      vertex 36.8327 9.86929 2
      vertex 37.8058 4.97723 2
    endloop
  endfacet
  facet normal 0 0 1
    outer loop
      vertex 36.338 15.0517 2
      vertex 36.8327 9.86929 2
      vertex 37.9918 10.1799 2
    endloop
  endfacet
  facet normal 0 0 1
    outer loop
      vertex 36.338 15.0517 2
      vertex 35.2294 14.5925 2
      vertex 36.8327 9.86929 2
    endloop
  endfacet
  facet normal 0 0 1
    outer loop
      vertex 34.0625 19.666 2
      vertex 35.2294 14.5925 2
      vertex 36.338 15.0517 2
    endloop
  endfacet
  facet normal 0 0 1
    outer loop
      vertex 34.0625 19.666 2
      vertex 33.0233 19.066 2
      vertex 35.2294 14.5925 2
    endloop
  endfacet
  facet normal 0 0 1
    outer loop
      vertex 31.2042 23.9438 2
      vertex 33.0233 19.066 2
      vertex 34.0625 19.666 2
    endloop
  endfacet
  facet normal 0 0 1
    outer loop
      vertex 31.2042 23.9438 2
      vertex 30.2522 23.2133 2
      vertex 33.0233 19.066 2
    endloop
  endfacet
  facet normal 0 0 1
    outer loop
      vertex 27.8119 27.8119 2
      vertex 30.2522 23.2133 2
      vertex 31.2042 23.9438 2
    endloop
  endfacet
  facet normal 0 0 1
    outer loop
      vertex 27.8119 27.8119 2
      vertex 26.9634 26.9634 2
      vertex 30.2522 23.2133 2
    endloop
  endfacet
  facet normal 0 0 1
    outer loop
      vertex 23.9438 31.2042 2
      vertex 26.9634 26.9634 2
      vertex 27.8119 27.8119 2
    endloop
  endfacet
  facet normal 0 0 1
    outer loop
      vertex 23.9438 31.2042 2
      vertex 23.2133 30.2522 2
      vertex 26.9634 26.9634 2
    endloop
  endfacet
  facet normal 0 0 1
    outer loop
      vertex 19.666 34.0625 2
      vertex 23.2133 30.2522 2
      vertex 23.9438 31.2042 2
    endloop
  endfacet
  facet normal 0 0 1
    outer loop
      vertex 19.666 34.0625 2
      vertex 19.066 33.0233 2
      vertex 23.2133 30.2522 2
    endloop
  endfacet
  facet normal 0 0 1
    outer loop
      vertex 15.0517 36.338 2
      vertex 19.066 33.0233 2
      vertex 19.666 34.0625 2
    endloop
  endfacet
  facet normal 0 0 1
    outer loop
      vertex 15.0517 36.338 2
      vertex 14.5925 35.2294 2
      vertex 19.066 33.0233 2
    endloop
  endfacet
  facet normal 0 0 1
    outer loop
      vertex 10.1799 37.9918 2
      vertex 14.5925 35.2294 2
      vertex 15.0517 36.338 2
    endloop
  endfacet
  facet normal 0 0 1
    outer loop
      vertex 10.1799 37.9918 2
      vertex 9.86929 36.8327 2
      vertex 14.5925 35.2294 2
    endloop
  endfacet
  facet normal 0 0 1
    outer loop
      vertex 5.13386 38.9955 2
      vertex 9.86929 36.8327 2
      vertex 10.1799 37.9918 2
    endloop
  endfacet
  facet normal 0 0 1
    outer loop
      vertex 5.13386 38.9955 2
      vertex 4.97723 37.8058 2
      vertex 9.86929 36.8327 2
    endloop
  endfacet
  facet normal 0 0 1
    outer loop
      vertex 0 39.332 2
      vertex 4.97723 37.8058 2
      vertex 5.13386 38.9955 2
    endloop
  endfacet
  facet normal 0 0 1
    outer loop
      vertex 0 39.332 2
      vertex 0 38.132 2
      vertex 4.97723 37.8058 2
    endloop
  endfacet
  facet normal 0 0 1
    outer loop
      vertex 0 39.332 2
      vertex -4.97723 37.8058 2
      vertex 0 38.132 2
    endloop
  endfacet
  facet normal -0 0 1
    outer loop
      vertex -5.13386 38.9955 2
      vertex -4.97723 37.8058 2
      vertex 0 39.332 2
    endloop
  endfacet
  facet normal 0 0 1
    outer loop
      vertex -5.13386 38.9955 2
      vertex -9.86929 36.8327 2
      vertex -4.97723 37.8058 2
    endloop
  endfacet
  facet normal -0 0 1
    outer loop
      vertex -10.1799 37.9918 2
      vertex -9.86929 36.8327 2
      vertex -5.13386 38.9955 2
    endloop
  endfacet
  facet normal 0 0 1
    outer loop
      vertex -10.1799 37.9918 2
      vertex -14.5925 35.2294 2
      vertex -9.86929 36.8327 2
    endloop
  endfacet
  facet normal -0 0 1
    outer loop
      vertex -15.0517 36.338 2
      vertex -14.5925 35.2294 2
      vertex -10.1799 37.9918 2
    endloop
  endfacet
  facet normal 0 0 1
    outer loop
      vertex -15.0517 36.338 2
      vertex -19.066 33.0233 2
      vertex -14.5925 35.2294 2
    endloop
  endfacet
  facet normal -0 0 1
    outer loop
      vertex -19.666 34.0625 2
      vertex -19.066 33.0233 2
      vertex -15.0517 36.338 2
    endloop
  endfacet
  facet normal 0 0 1
    outer loop
      vertex -19.666 34.0625 2
      vertex -23.2133 30.2522 2
      vertex -19.066 33.0233 2
    endloop
  endfacet
  facet normal -0 0 1
    outer loop
      vertex -23.9438 31.2042 2
      vertex -23.2133 30.2522 2
      vertex -19.666 34.0625 2
    endloop
  endfacet
  facet normal 0 0 1
    outer loop
      vertex -23.9438 31.2042 2
      vertex -26.9634 26.9634 2
      vertex -23.2133 30.2522 2
    endloop
  endfacet
  facet normal -0 0 1
    outer loop
      vertex -27.8119 27.8119 2
      vertex -26.9634 26.9634 2
      vertex -23.9438 31.2042 2
    endloop
  endfacet
  facet normal 0 0 1
    outer loop
      vertex -27.8119 27.8119 2
      vertex -30.2522 23.2133 2
      vertex -26.9634 26.9634 2
    endloop
  endfacet
  facet normal -0 0 1
    outer loop
      vertex -31.2042 23.9438 2
      vertex -30.2522 23.2133 2
      vertex -27.8119 27.8119 2
    endloop
  endfacet
  facet normal 0 0 1
    outer loop
      vertex -31.2042 23.9438 2
      vertex -33.0233 19.066 2
      vertex -30.2522 23.2133 2
    endloop
  endfacet
  facet normal -0 0 1
    outer loop
      vertex -34.0625 19.666 2
      vertex -33.0233 19.066 2
      vertex -31.2042 23.9438 2
    endloop
  endfacet
  facet normal 0 0 1
    outer loop
      vertex -34.0625 19.666 2
      vertex -35.2294 14.5925 2
      vertex -33.0233 19.066 2
    endloop
  endfacet
  facet normal -0 0 1
    outer loop
      vertex -36.338 15.0517 2
      vertex -35.2294 14.5925 2
      vertex -34.0625 19.666 2
    endloop
  endfacet
  facet normal 0 0 1
    outer loop
      vertex -36.338 15.0517 2
      vertex -36.8327 9.86929 2
      vertex -35.2294 14.5925 2
    endloop
  endfacet
  facet normal -0 0 1
    outer loop
      vertex -37.9918 10.1799 2
      vertex -36.8327 9.86929 2
      vertex -36.338 15.0517 2
    endloop
  endfacet
  facet normal 0 0 1
    outer loop
      vertex -36.8327 9.86929 2
      vertex -37.9918 10.1799 2
      vertex -37.8058 4.97723 2
    endloop
  endfacet
  facet normal -0 0 1
    outer loop
      vertex -38.9955 5.13386 2
      vertex -37.8058 4.97723 2
      vertex -37.9918 10.1799 2
    endloop
  endfacet
  facet normal 0 0 1
    outer loop
      vertex -37.8058 4.97723 2
      vertex -38.9955 5.13386 2
      vertex -38.132 0 2
    endloop
  endfacet
  facet normal 0 0 1
    outer loop
      vertex 39.155 -2.7 2
      vertex 37.8058 -4.97723 2
      vertex 38.9955 -5.13386 2
    endloop
  endfacet
  facet normal 0 0 1
    outer loop
      vertex 38.9955 -5.13386 2
      vertex 37.8058 -4.97723 2
      vertex 37.9918 -10.1799 2
    endloop
  endfacet
  facet normal -0 0 1
    outer loop
      vertex 36.8327 -9.86929 2
      vertex 37.9918 -10.1799 2
      vertex 37.8058 -4.97723 2
    endloop
  endfacet
  facet normal 0 0 1
    outer loop
      vertex 36.8327 -9.86929 2
      vertex 36.338 -15.0517 2
      vertex 37.9918 -10.1799 2
    endloop
  endfacet
  facet normal -0 0 1
    outer loop
      vertex 35.2294 -14.5925 2
      vertex 36.338 -15.0517 2
      vertex 36.8327 -9.86929 2
    endloop
  endfacet
  facet normal 0 0 1
    outer loop
      vertex 35.2294 -14.5925 2
      vertex 34.0625 -19.666 2
      vertex 36.338 -15.0517 2
    endloop
  endfacet
  facet normal -0 0 1
    outer loop
      vertex 33.0233 -19.066 2
      vertex 34.0625 -19.666 2
      vertex 35.2294 -14.5925 2
    endloop
  endfacet
  facet normal 0 0 1
    outer loop
      vertex 33.0233 -19.066 2
      vertex 31.2042 -23.9438 2
      vertex 34.0625 -19.666 2
    endloop
  endfacet
  facet normal -0 0 1
    outer loop
      vertex 30.2522 -23.2133 2
      vertex 31.2042 -23.9438 2
      vertex 33.0233 -19.066 2
    endloop
  endfacet
  facet normal 0 0 1
    outer loop
      vertex 30.2522 -23.2133 2
      vertex 27.8119 -27.8119 2
      vertex 31.2042 -23.9438 2
    endloop
  endfacet
  facet normal -0 0 1
    outer loop
      vertex 26.9634 -26.9634 2
      vertex 27.8119 -27.8119 2
      vertex 30.2522 -23.2133 2
    endloop
  endfacet
  facet normal 0 0 1
    outer loop
      vertex 26.9634 -26.9634 2
      vertex 23.9438 -31.2042 2
      vertex 27.8119 -27.8119 2
    endloop
  endfacet
  facet normal -0 0 1
    outer loop
      vertex 23.2133 -30.2522 2
      vertex 23.9438 -31.2042 2
      vertex 26.9634 -26.9634 2
    endloop
  endfacet
  facet normal 0 0 1
    outer loop
      vertex 23.2133 -30.2522 2
      vertex 19.666 -34.0625 2
      vertex 23.9438 -31.2042 2
    endloop
  endfacet
  facet normal -0 0 1
    outer loop
      vertex 19.066 -33.0233 2
      vertex 19.666 -34.0625 2
      vertex 23.2133 -30.2522 2
    endloop
  endfacet
  facet normal 0 0 1
    outer loop
      vertex 19.066 -33.0233 2
      vertex 15.0517 -36.338 2
      vertex 19.666 -34.0625 2
    endloop
  endfacet
  facet normal -0 0 1
    outer loop
      vertex 14.5925 -35.2294 2
      vertex 15.0517 -36.338 2
      vertex 19.066 -33.0233 2
    endloop
  endfacet
  facet normal 0 0 1
    outer loop
      vertex 14.5925 -35.2294 2
      vertex 10.1799 -37.9918 2
      vertex 15.0517 -36.338 2
    endloop
  endfacet
  facet normal -0 0 1
    outer loop
      vertex 9.86929 -36.8327 2
      vertex 10.1799 -37.9918 2
      vertex 14.5925 -35.2294 2
    endloop
  endfacet
  facet normal 0 0 1
    outer loop
      vertex 9.86929 -36.8327 2
      vertex 5.13386 -38.9955 2
      vertex 10.1799 -37.9918 2
    endloop
  endfacet
  facet normal -0 0 1
    outer loop
      vertex 4.97723 -37.8058 2
      vertex 5.13386 -38.9955 2
      vertex 9.86929 -36.8327 2
    endloop
  endfacet
  facet normal -0 0 1
    outer loop
      vertex 0 -38.132 2
      vertex 5.13386 -38.9955 2
      vertex 4.97723 -37.8058 2
    endloop
  endfacet
  facet normal 0 0 1
    outer loop
      vertex 0 -38.132 2
      vertex 0 -39.332 2
      vertex 5.13386 -38.9955 2
    endloop
  endfacet
  facet normal 0 0 1
    outer loop
      vertex -4.97723 -37.8058 2
      vertex 0 -39.332 2
      vertex 0 -38.132 2
    endloop
  endfacet
  facet normal 0 0 1
    outer loop
      vertex -4.97723 -37.8058 2
      vertex -5.13386 -38.9955 2
      vertex 0 -39.332 2
    endloop
  endfacet
  facet normal 0 0 1
    outer loop
      vertex -9.86929 -36.8327 2
      vertex -5.13386 -38.9955 2
      vertex -4.97723 -37.8058 2
    endloop
  endfacet
  facet normal 0 0 1
    outer loop
      vertex -9.86929 -36.8327 2
      vertex -10.1799 -37.9918 2
      vertex -5.13386 -38.9955 2
    endloop
  endfacet
  facet normal 0 0 1
    outer loop
      vertex -14.5925 -35.2294 2
      vertex -10.1799 -37.9918 2
      vertex -9.86929 -36.8327 2
    endloop
  endfacet
  facet normal 0 0 1
    outer loop
      vertex -14.5925 -35.2294 2
      vertex -15.0517 -36.338 2
      vertex -10.1799 -37.9918 2
    endloop
  endfacet
  facet normal 0 0 1
    outer loop
      vertex -19.066 -33.0233 2
      vertex -15.0517 -36.338 2
      vertex -14.5925 -35.2294 2
    endloop
  endfacet
  facet normal 0 0 1
    outer loop
      vertex -19.066 -33.0233 2
      vertex -19.666 -34.0625 2
      vertex -15.0517 -36.338 2
    endloop
  endfacet
  facet normal 0 0 1
    outer loop
      vertex -23.2133 -30.2522 2
      vertex -19.666 -34.0625 2
      vertex -19.066 -33.0233 2
    endloop
  endfacet
  facet normal 0 0 1
    outer loop
      vertex -23.2133 -30.2522 2
      vertex -23.9438 -31.2042 2
      vertex -19.666 -34.0625 2
    endloop
  endfacet
  facet normal 0 0 1
    outer loop
      vertex -26.9634 -26.9634 2
      vertex -23.9438 -31.2042 2
      vertex -23.2133 -30.2522 2
    endloop
  endfacet
  facet normal 0 0 1
    outer loop
      vertex -26.9634 -26.9634 2
      vertex -27.8119 -27.8119 2
      vertex -23.9438 -31.2042 2
    endloop
  endfacet
  facet normal 0 0 1
    outer loop
      vertex -30.2522 -23.2133 2
      vertex -27.8119 -27.8119 2
      vertex -26.9634 -26.9634 2
    endloop
  endfacet
  facet normal 0 0 1
    outer loop
      vertex -30.2522 -23.2133 2
      vertex -31.2042 -23.9438 2
      vertex -27.8119 -27.8119 2
    endloop
  endfacet
  facet normal 0 0 1
    outer loop
      vertex -33.0233 -19.066 2
      vertex -31.2042 -23.9438 2
      vertex -30.2522 -23.2133 2
    endloop
  endfacet
  facet normal 0 0 1
    outer loop
      vertex -33.0233 -19.066 2
      vertex -34.0625 -19.666 2
      vertex -31.2042 -23.9438 2
    endloop
  endfacet
  facet normal 0 0 1
    outer loop
      vertex -35.2294 -14.5925 2
      vertex -34.0625 -19.666 2
      vertex -33.0233 -19.066 2
    endloop
  endfacet
  facet normal 0 0 1
    outer loop
      vertex -35.2294 -14.5925 2
      vertex -36.338 -15.0517 2
      vertex -34.0625 -19.666 2
    endloop
  endfacet
  facet normal 0 0 1
    outer loop
      vertex -36.8327 -9.86929 2
      vertex -36.338 -15.0517 2
      vertex -35.2294 -14.5925 2
    endloop
  endfacet
  facet normal 0 0 1
    outer loop
      vertex -37.9918 -10.1799 2
      vertex -36.8327 -9.86929 2
      vertex -37.8058 -4.97723 2
    endloop
  endfacet
  facet normal 0 0 1
    outer loop
      vertex -36.8327 -9.86929 2
      vertex -37.9918 -10.1799 2
      vertex -36.338 -15.0517 2
    endloop
  endfacet
  facet normal 0 0 1
    outer loop
      vertex -38.9955 -5.13386 2
      vertex -37.8058 -4.97723 2
      vertex -38.132 0 2
    endloop
  endfacet
  facet normal 0 0 1
    outer loop
      vertex -39.332 0 2
      vertex -38.132 0 2
      vertex -38.9955 5.13386 2
    endloop
  endfacet
  facet normal 0 0 1
    outer loop
      vertex -37.8058 -4.97723 2
      vertex -38.9955 -5.13386 2
      vertex -37.9918 -10.1799 2
    endloop
  endfacet
  facet normal 0 0 1
    outer loop
      vertex -38.132 0 2
      vertex -39.332 0 2
      vertex -38.9955 -5.13386 2
    endloop
  endfacet
  facet normal -0 0 1
    outer loop
      vertex -21.9958 28.6655 2
      vertex -18.3526 4.91756 2
      vertex -18.066 31.2912 2
    endloop
  endfacet
  facet normal -0 0 1
    outer loop
      vertex -25.5492 25.5492 2
      vertex -18.3526 4.91756 2
      vertex -21.9958 28.6655 2
    endloop
  endfacet
  facet normal -0 0 1
    outer loop
      vertex -28.6655 21.9958 2
      vertex -18.3526 4.91756 2
      vertex -25.5492 25.5492 2
    endloop
  endfacet
  facet normal -0 0 1
    outer loop
      vertex -31.2912 18.066 2
      vertex -18.3526 4.91756 2
      vertex -28.6655 21.9958 2
    endloop
  endfacet
  facet normal -0 0 1
    outer loop
      vertex -33.3816 13.8271 2
      vertex -18.3526 4.91756 2
      vertex -31.2912 18.066 2
    endloop
  endfacet
  facet normal 0 0 1
    outer loop
      vertex -33.3816 13.8271 2
      vertex -33.9349 9.09282 2
      vertex -18.3526 4.91756 2
    endloop
  endfacet
  facet normal -0 0 1
    outer loop
      vertex -34.9008 9.35165 2
      vertex -33.9349 9.09282 2
      vertex -33.3816 13.8271 2
    endloop
  endfacet
  facet normal 0 0 1
    outer loop
      vertex -33.9349 9.09282 2
      vertex -34.9008 9.35165 2
      vertex -34.8314 4.58563 2
    endloop
  endfacet
  facet normal -0 0 1
    outer loop
      vertex -35.8229 4.71617 2
      vertex -34.8314 4.58563 2
      vertex -34.9008 9.35165 2
    endloop
  endfacet
  facet normal 0 0 1
    outer loop
      vertex -34.8314 4.58563 2
      vertex -35.8229 4.71617 2
      vertex -35.132 0 2
    endloop
  endfacet
  facet normal 0 0 1
    outer loop
      vertex 35.132 0 2
      vertex 36.132 0 2
      vertex 35.8229 4.71617 2
    endloop
  endfacet
  facet normal 0 0 1
    outer loop
      vertex 36.132 0 2
      vertex 35.132 0 2
      vertex 35.8229 -4.71617 2
    endloop
  endfacet
  facet normal 0 0 1
    outer loop
      vertex 34.8314 4.58563 2
      vertex 35.8229 4.71617 2
      vertex 34.9008 9.35165 2
    endloop
  endfacet
  facet normal 0 0 1
    outer loop
      vertex 35.8229 4.71617 2
      vertex 34.8314 4.58563 2
      vertex 35.132 0 2
    endloop
  endfacet
  facet normal 0 0 1
    outer loop
      vertex 34.9008 9.35165 2
      vertex 33.9349 9.09282 2
      vertex 34.8314 4.58563 2
    endloop
  endfacet
  facet normal 0 0 1
    outer loop
      vertex 33.3816 13.8271 2
      vertex 33.9349 9.09282 2
      vertex 34.9008 9.35165 2
    endloop
  endfacet
  facet normal 0 0 1
    outer loop
      vertex 18.3526 4.91756 2
      vertex 33.3816 13.8271 2
      vertex 31.2912 18.066 2
    endloop
  endfacet
  facet normal 0 0 1
    outer loop
      vertex 18.3526 4.91756 2
      vertex 31.2912 18.066 2
      vertex 28.6655 21.9958 2
    endloop
  endfacet
  facet normal 0 0 1
    outer loop
      vertex 18.3526 4.91756 2
      vertex 28.6655 21.9958 2
      vertex 25.5492 25.5492 2
    endloop
  endfacet
  facet normal 0 0 1
    outer loop
      vertex 18.3526 4.91756 2
      vertex 25.5492 25.5492 2
      vertex 21.9958 28.6655 2
    endloop
  endfacet
  facet normal 0 0 1
    outer loop
      vertex 33.3816 13.8271 2
      vertex 18.3526 4.91756 2
      vertex 33.9349 9.09282 2
    endloop
  endfacet
  facet normal 0 0 1
    outer loop
      vertex 18.066 31.2912 2
      vertex 18.3526 4.91756 2
      vertex 21.9958 28.6655 2
    endloop
  endfacet
  facet normal 0 0 1
    outer loop
      vertex 13.8271 33.3816 2
      vertex 18.3526 4.91756 2
      vertex 18.066 31.2912 2
    endloop
  endfacet
  facet normal 0 0 1
    outer loop
      vertex 9.35165 34.9008 2
      vertex 18.3526 4.91756 2
      vertex 13.8271 33.3816 2
    endloop
  endfacet
  facet normal 0 0 1
    outer loop
      vertex 4.71617 35.8229 2
      vertex 18.3526 4.91756 2
      vertex 9.35165 34.9008 2
    endloop
  endfacet
  facet normal 0 0 1
    outer loop
      vertex 18.3526 -4.91756 2
      vertex -18.3526 4.91756 2
      vertex 17.5537 -7.27098 2
    endloop
  endfacet
  facet normal 0 0 1
    outer loop
      vertex 17.5537 -7.27098 2
      vertex -18.3526 4.91756 2
      vertex 16.4545 -9.5 2
    endloop
  endfacet
  facet normal 0 0 1
    outer loop
      vertex 16.4545 -9.5 2
      vertex -18.3526 4.91756 2
      vertex 15.0737 -11.5665 2
    endloop
  endfacet
  facet normal 0 0 1
    outer loop
      vertex 15.0737 -11.5665 2
      vertex -18.3526 4.91756 2
      vertex 13.435 -13.435 2
    endloop
  endfacet
  facet normal 0 0 1
    outer loop
      vertex 13.435 -13.435 2
      vertex -18.3526 4.91756 2
      vertex 11.5665 -15.0737 2
    endloop
  endfacet
  facet normal 0 0 1
    outer loop
      vertex 18.3526 4.91756 2
      vertex -18.3526 4.91756 2
      vertex 18.3526 -4.91756 2
    endloop
  endfacet
  facet normal 0 0 1
    outer loop
      vertex 11.5665 -15.0737 2
      vertex -18.3526 4.91756 2
      vertex 9.5 -16.4545 2
    endloop
  endfacet
  facet normal 0 0 1
    outer loop
      vertex 9.5 -16.4545 2
      vertex -18.3526 4.91756 2
      vertex 7.27098 -17.5537 2
    endloop
  endfacet
  facet normal 0 0 1
    outer loop
      vertex 0 36.132 2
      vertex 18.3526 4.91756 2
      vertex 4.71617 35.8229 2
    endloop
  endfacet
  facet normal 0 0 1
    outer loop
      vertex 7.27098 -17.5537 2
      vertex -18.3526 4.91756 2
      vertex 4.91756 -18.3526 2
    endloop
  endfacet
  facet normal 0 0 1
    outer loop
      vertex 18.3526 4.91756 2
      vertex 0 36.132 2
      vertex -18.3526 4.91756 2
    endloop
  endfacet
  facet normal 0 0 1
    outer loop
      vertex 4.91756 -18.3526 2
      vertex -18.3526 4.91756 2
      vertex 2.48 -18.8374 2
    endloop
  endfacet
  facet normal 0 0 1
    outer loop
      vertex 2.48 -18.8374 2
      vertex -18.3526 4.91756 2
      vertex 0 -19 2
    endloop
  endfacet
  facet normal 0 0 1
    outer loop
      vertex -18.3526 4.91756 2
      vertex 0 36.132 2
      vertex -4.71617 35.8229 2
    endloop
  endfacet
  facet normal 0 0 1
    outer loop
      vertex 0 -19 2
      vertex -18.3526 4.91756 2
      vertex -2.48 -18.8374 2
    endloop
  endfacet
  facet normal 0 0 1
    outer loop
      vertex -2.48 -18.8374 2
      vertex -18.3526 4.91756 2
      vertex -4.91756 -18.3526 2
    endloop
  endfacet
  facet normal 0 0 1
    outer loop
      vertex -18.3526 4.91756 2
      vertex -4.71617 35.8229 2
      vertex -9.35165 34.9008 2
    endloop
  endfacet
  facet normal 0 0 1
    outer loop
      vertex -4.91756 -18.3526 2
      vertex -18.3526 4.91756 2
      vertex -7.27098 -17.5537 2
    endloop
  endfacet
  facet normal 0 0 1
    outer loop
      vertex -7.27098 -17.5537 2
      vertex -18.3526 4.91756 2
      vertex -9.5 -16.4545 2
    endloop
  endfacet
  facet normal 0 0 1
    outer loop
      vertex -9.5 -16.4545 2
      vertex -18.3526 4.91756 2
      vertex -11.5665 -15.0737 2
    endloop
  endfacet
  facet normal 0 0 1
    outer loop
      vertex -18.3526 4.91756 2
      vertex -9.35165 34.9008 2
      vertex -13.8271 33.3816 2
    endloop
  endfacet
  facet normal 0 0 1
    outer loop
      vertex -11.5665 -15.0737 2
      vertex -18.3526 4.91756 2
      vertex -13.435 -13.435 2
    endloop
  endfacet
  facet normal 0 0 1
    outer loop
      vertex -13.435 -13.435 2
      vertex -18.3526 4.91756 2
      vertex -15.0737 -11.5665 2
    endloop
  endfacet
  facet normal 0 0 1
    outer loop
      vertex -15.0737 -11.5665 2
      vertex -18.3526 4.91756 2
      vertex -16.4545 -9.5 2
    endloop
  endfacet
  facet normal 0 0 1
    outer loop
      vertex -18.3526 4.91756 2
      vertex -13.8271 33.3816 2
      vertex -18.066 31.2912 2
    endloop
  endfacet
  facet normal 0 0 1
    outer loop
      vertex -16.4545 -9.5 2
      vertex -18.3526 4.91756 2
      vertex -17.5537 -7.27098 2
    endloop
  endfacet
  facet normal 0 0 1
    outer loop
      vertex -18.3526 4.91756 2
      vertex -18.3526 -4.91756 2
      vertex -17.5537 -7.27098 2
    endloop
  endfacet
  facet normal -0 0 1
    outer loop
      vertex -18.8374 2.48 2
      vertex -18.3526 -4.91756 2
      vertex -18.3526 4.91756 2
    endloop
  endfacet
  facet normal 0 0 1
    outer loop
      vertex -18.8374 2.48 2
      vertex -18.8374 -2.48 2
      vertex -18.3526 -4.91756 2
    endloop
  endfacet
  facet normal 0 -0 1
    outer loop
      vertex -18.8374 -2.48 2
      vertex -18.8374 2.48 2
      vertex -19 0 2
    endloop
  endfacet
  facet normal -0 0 1
    outer loop
      vertex 34.8314 -4.58563 2
      vertex 35.8229 -4.71617 2
      vertex 35.132 0 2
    endloop
  endfacet
  facet normal 0 0 1
    outer loop
      vertex 35.8229 -4.71617 2
      vertex 34.8314 -4.58563 2
      vertex 34.9008 -9.35165 2
    endloop
  endfacet
  facet normal -0 0 1
    outer loop
      vertex 33.9349 -9.09282 2
      vertex 34.9008 -9.35165 2
      vertex 34.8314 -4.58563 2
    endloop
  endfacet
  facet normal 0 0 1
    outer loop
      vertex 33.9349 -9.09282 2
      vertex 33.3816 -13.8271 2
      vertex 34.9008 -9.35165 2
    endloop
  endfacet
  facet normal -0 0 1
    outer loop
      vertex 32.4577 -13.4444 2
      vertex 33.3816 -13.8271 2
      vertex 33.9349 -9.09282 2
    endloop
  endfacet
  facet normal 0 0 1
    outer loop
      vertex 32.4577 -13.4444 2
      vertex 31.2912 -18.066 2
      vertex 33.3816 -13.8271 2
    endloop
  endfacet
  facet normal -0 0 1
    outer loop
      vertex 30.4252 -17.566 2
      vertex 31.2912 -18.066 2
      vertex 32.4577 -13.4444 2
    endloop
  endfacet
  facet normal 0 0 1
    outer loop
      vertex 30.4252 -17.566 2
      vertex 28.6655 -21.9958 2
      vertex 31.2912 -18.066 2
    endloop
  endfacet
  facet normal -0 0 1
    outer loop
      vertex 27.8721 -21.387 2
      vertex 28.6655 -21.9958 2
      vertex 30.4252 -17.566 2
    endloop
  endfacet
  facet normal 0 0 1
    outer loop
      vertex 27.8721 -21.387 2
      vertex 25.5492 -25.5492 2
      vertex 28.6655 -21.9958 2
    endloop
  endfacet
  facet normal -0 0 1
    outer loop
      vertex 24.8421 -24.8421 2
      vertex 25.5492 -25.5492 2
      vertex 27.8721 -21.387 2
    endloop
  endfacet
  facet normal 0 0 1
    outer loop
      vertex 24.8421 -24.8421 2
      vertex 21.9958 -28.6655 2
      vertex 25.5492 -25.5492 2
    endloop
  endfacet
  facet normal -0 0 1
    outer loop
      vertex 21.387 -27.8721 2
      vertex 21.9958 -28.6655 2
      vertex 24.8421 -24.8421 2
    endloop
  endfacet
  facet normal 0 0 1
    outer loop
      vertex 21.387 -27.8721 2
      vertex 18.066 -31.2912 2
      vertex 21.9958 -28.6655 2
    endloop
  endfacet
  facet normal -0 0 1
    outer loop
      vertex 17.566 -30.4252 2
      vertex 18.066 -31.2912 2
      vertex 21.387 -27.8721 2
    endloop
  endfacet
  facet normal 0 0 1
    outer loop
      vertex 17.566 -30.4252 2
      vertex 13.8271 -33.3816 2
      vertex 18.066 -31.2912 2
    endloop
  endfacet
  facet normal -0 0 1
    outer loop
      vertex 13.4444 -32.4577 2
      vertex 13.8271 -33.3816 2
      vertex 17.566 -30.4252 2
    endloop
  endfacet
  facet normal 0 0 1
    outer loop
      vertex 13.4444 -32.4577 2
      vertex 9.35165 -34.9008 2
      vertex 13.8271 -33.3816 2
    endloop
  endfacet
  facet normal -0 0 1
    outer loop
      vertex 9.09282 -33.9349 2
      vertex 9.35165 -34.9008 2
      vertex 13.4444 -32.4577 2
    endloop
  endfacet
  facet normal 0 0 1
    outer loop
      vertex 9.09282 -33.9349 2
      vertex 4.71617 -35.8229 2
      vertex 9.35165 -34.9008 2
    endloop
  endfacet
  facet normal -0 0 1
    outer loop
      vertex 4.58563 -34.8314 2
      vertex 4.71617 -35.8229 2
      vertex 9.09282 -33.9349 2
    endloop
  endfacet
  facet normal -0 0 1
    outer loop
      vertex 0 -35.132 2
      vertex 4.71617 -35.8229 2
      vertex 4.58563 -34.8314 2
    endloop
  endfacet
  facet normal 0 0 1
    outer loop
      vertex 0 -35.132 2
      vertex 0 -36.132 2
      vertex 4.71617 -35.8229 2
    endloop
  endfacet
  facet normal 0 0 1
    outer loop
      vertex -4.58563 -34.8314 2
      vertex 0 -36.132 2
      vertex 0 -35.132 2
    endloop
  endfacet
  facet normal 0 0 1
    outer loop
      vertex -4.58563 -34.8314 2
      vertex -4.71617 -35.8229 2
      vertex 0 -36.132 2
    endloop
  endfacet
  facet normal 0 0 1
    outer loop
      vertex -9.09282 -33.9349 2
      vertex -4.71617 -35.8229 2
      vertex -4.58563 -34.8314 2
    endloop
  endfacet
  facet normal 0 0 1
    outer loop
      vertex -9.09282 -33.9349 2
      vertex -9.35165 -34.9008 2
      vertex -4.71617 -35.8229 2
    endloop
  endfacet
  facet normal 0 0 1
    outer loop
      vertex -13.4444 -32.4577 2
      vertex -9.35165 -34.9008 2
      vertex -9.09282 -33.9349 2
    endloop
  endfacet
  facet normal 0 0 1
    outer loop
      vertex -13.4444 -32.4577 2
      vertex -13.8271 -33.3816 2
      vertex -9.35165 -34.9008 2
    endloop
  endfacet
  facet normal 0 0 1
    outer loop
      vertex -17.566 -30.4252 2
      vertex -13.8271 -33.3816 2
      vertex -13.4444 -32.4577 2
    endloop
  endfacet
  facet normal 0 0 1
    outer loop
      vertex -17.566 -30.4252 2
      vertex -18.066 -31.2912 2
      vertex -13.8271 -33.3816 2
    endloop
  endfacet
  facet normal 0 0 1
    outer loop
      vertex -21.387 -27.8721 2
      vertex -18.066 -31.2912 2
      vertex -17.566 -30.4252 2
    endloop
  endfacet
  facet normal 0 0 1
    outer loop
      vertex -21.387 -27.8721 2
      vertex -21.9958 -28.6655 2
      vertex -18.066 -31.2912 2
    endloop
  endfacet
  facet normal 0 0 1
    outer loop
      vertex -24.8421 -24.8421 2
      vertex -21.9958 -28.6655 2
      vertex -21.387 -27.8721 2
    endloop
  endfacet
  facet normal 0 0 1
    outer loop
      vertex -24.8421 -24.8421 2
      vertex -25.5492 -25.5492 2
      vertex -21.9958 -28.6655 2
    endloop
  endfacet
  facet normal 0 0 1
    outer loop
      vertex -27.8721 -21.387 2
      vertex -25.5492 -25.5492 2
      vertex -24.8421 -24.8421 2
    endloop
  endfacet
  facet normal 0 0 1
    outer loop
      vertex -27.8721 -21.387 2
      vertex -28.6655 -21.9958 2
      vertex -25.5492 -25.5492 2
    endloop
  endfacet
  facet normal 0 0 1
    outer loop
      vertex -30.4252 -17.566 2
      vertex -28.6655 -21.9958 2
      vertex -27.8721 -21.387 2
    endloop
  endfacet
  facet normal 0 0 1
    outer loop
      vertex -30.4252 -17.566 2
      vertex -31.2912 -18.066 2
      vertex -28.6655 -21.9958 2
    endloop
  endfacet
  facet normal 0 0 1
    outer loop
      vertex -32.4577 -13.4444 2
      vertex -31.2912 -18.066 2
      vertex -30.4252 -17.566 2
    endloop
  endfacet
  facet normal 0 0 1
    outer loop
      vertex -32.4577 -13.4444 2
      vertex -33.3816 -13.8271 2
      vertex -31.2912 -18.066 2
    endloop
  endfacet
  facet normal 0 0 1
    outer loop
      vertex -33.9349 -9.09282 2
      vertex -33.3816 -13.8271 2
      vertex -32.4577 -13.4444 2
    endloop
  endfacet
  facet normal 0 0 1
    outer loop
      vertex -34.9008 -9.35165 2
      vertex -33.9349 -9.09282 2
      vertex -34.8314 -4.58563 2
    endloop
  endfacet
  facet normal 0 0 1
    outer loop
      vertex -33.9349 -9.09282 2
      vertex -34.9008 -9.35165 2
      vertex -33.3816 -13.8271 2
    endloop
  endfacet
  facet normal 0 0 1
    outer loop
      vertex -35.8229 -4.71617 2
      vertex -34.8314 -4.58563 2
      vertex -35.132 0 2
    endloop
  endfacet
  facet normal 0 0 1
    outer loop
      vertex -36.132 0 2
      vertex -35.132 0 2
      vertex -35.8229 4.71617 2
    endloop
  endfacet
  facet normal 0 0 1
    outer loop
      vertex -34.8314 -4.58563 2
      vertex -35.8229 -4.71617 2
      vertex -34.9008 -9.35165 2
    endloop
  endfacet
  facet normal 0 0 1
    outer loop
      vertex -35.132 0 2
      vertex -36.132 0 2
      vertex -35.8229 -4.71617 2
    endloop
  endfacet
  facet normal 0 0 1
    outer loop
      vertex 18.8374 2.48 2
      vertex 18.8374 -2.48 2
      vertex 19 0 2
    endloop
  endfacet
  facet normal 0 0 1
    outer loop
      vertex 18.3526 4.91756 2
      vertex 18.8374 -2.48 2
      vertex 18.8374 2.48 2
    endloop
  endfacet
  facet normal 0 0 1
    outer loop
      vertex 18.8374 -2.48 2
      vertex 18.3526 4.91756 2
      vertex 18.3526 -4.91756 2
    endloop
  endfacet
  facet normal -0.980786 0.195087 0
    outer loop
      vertex -38.9955 5.13386 0
      vertex -37.9918 10.1799 2
      vertex -37.9918 10.1799 0
    endloop
  endfacet
  facet normal -0.980786 0.195087 0
    outer loop
      vertex -37.9918 10.1799 2
      vertex -38.9955 5.13386 0
      vertex -38.9955 5.13386 2
    endloop
  endfacet
  facet normal -0.896874 0.442285 0
    outer loop
      vertex -36.338 15.0517 0
      vertex -34.0625 19.666 2
      vertex -34.0625 19.666 0
    endloop
  endfacet
  facet normal -0.896874 0.442285 0
    outer loop
      vertex -34.0625 19.666 2
      vertex -36.338 15.0517 0
      vertex -36.338 15.0517 2
    endloop
  endfacet
  facet normal -0.321448 0.946927 0
    outer loop
      vertex -10.1799 37.9918 0
      vertex -15.0517 36.338 2
      vertex -10.1799 37.9918 2
    endloop
  endfacet
  facet normal -0.321448 0.946927 0
    outer loop
      vertex -15.0517 36.338 2
      vertex -10.1799 37.9918 0
      vertex -15.0517 36.338 0
    endloop
  endfacet
  facet normal -0.659353 0.751833 0
    outer loop
      vertex -23.9438 31.2042 0
      vertex -27.8119 27.8119 2
      vertex -23.9438 31.2042 2
    endloop
  endfacet
  facet normal -0.659353 0.751833 0
    outer loop
      vertex -27.8119 27.8119 2
      vertex -23.9438 31.2042 0
      vertex -27.8119 27.8119 0
    endloop
  endfacet
  facet normal -0.751833 0.659353 0
    outer loop
      vertex -31.2042 23.9438 0
      vertex -27.8119 27.8119 2
      vertex -27.8119 27.8119 0
    endloop
  endfacet
  facet normal -0.751833 0.659353 0
    outer loop
      vertex -27.8119 27.8119 2
      vertex -31.2042 23.9438 0
      vertex -31.2042 23.9438 2
    endloop
  endfacet
  facet normal 0.99786 0.0653935 0
    outer loop
      vertex 39.155 2.7 2
      vertex 38.9955 5.13386 0
      vertex 38.9955 5.13386 2
    endloop
  endfacet
  facet normal 0.99786 0.0653935 0
    outer loop
      vertex 38.9955 5.13386 0
      vertex 39.155 2.7 2
      vertex 39.155 2.7 0
    endloop
  endfacet
  facet normal 0.980786 -0.195087 0
    outer loop
      vertex 37.9918 -10.1799 2
      vertex 38.9955 -5.13386 0
      vertex 38.9955 -5.13386 2
    endloop
  endfacet
  facet normal 0.980786 -0.195087 0
    outer loop
      vertex 38.9955 -5.13386 0
      vertex 37.9918 -10.1799 2
      vertex 37.9918 -10.1799 0
    endloop
  endfacet
  facet normal 0.195087 -0.980786 0
    outer loop
      vertex 5.13386 -38.9955 0
      vertex 10.1799 -37.9918 2
      vertex 5.13386 -38.9955 2
    endloop
  endfacet
  facet normal 0.195087 -0.980786 0
    outer loop
      vertex 10.1799 -37.9918 2
      vertex 5.13386 -38.9955 0
      vertex 10.1799 -37.9918 0
    endloop
  endfacet
  facet normal 0.442285 -0.896874 0
    outer loop
      vertex 15.0517 -36.338 0
      vertex 19.666 -34.0625 2
      vertex 15.0517 -36.338 2
    endloop
  endfacet
  facet normal 0.442285 -0.896874 0
    outer loop
      vertex 19.666 -34.0625 2
      vertex 15.0517 -36.338 0
      vertex 19.666 -34.0625 0
    endloop
  endfacet
  facet normal 0.896874 0.442285 0
    outer loop
      vertex 36.338 15.0517 2
      vertex 34.0625 19.666 0
      vertex 34.0625 19.666 2
    endloop
  endfacet
  facet normal 0.896874 0.442285 0
    outer loop
      vertex 34.0625 19.666 0
      vertex 36.338 15.0517 2
      vertex 36.338 15.0517 0
    endloop
  endfacet
  facet normal 0.946927 0.321448 0
    outer loop
      vertex 37.9918 10.1799 2
      vertex 36.338 15.0517 0
      vertex 36.338 15.0517 2
    endloop
  endfacet
  facet normal 0.946927 0.321448 0
    outer loop
      vertex 36.338 15.0517 0
      vertex 37.9918 10.1799 2
      vertex 37.9918 10.1799 0
    endloop
  endfacet
  facet normal 0.751833 0.659353 0
    outer loop
      vertex 31.2042 23.9438 2
      vertex 27.8119 27.8119 0
      vertex 27.8119 27.8119 2
    endloop
  endfacet
  facet normal 0.751833 0.659353 0
    outer loop
      vertex 27.8119 27.8119 0
      vertex 31.2042 23.9438 2
      vertex 31.2042 23.9438 0
    endloop
  endfacet
  facet normal 0.831473 -0.555566 0
    outer loop
      vertex 31.2042 -23.9438 2
      vertex 34.0625 -19.666 0
      vertex 34.0625 -19.666 2
    endloop
  endfacet
  facet normal 0.831473 -0.555566 0
    outer loop
      vertex 34.0625 -19.666 0
      vertex 31.2042 -23.9438 2
      vertex 31.2042 -23.9438 0
    endloop
  endfacet
  facet normal 0.896874 -0.442285 0
    outer loop
      vertex 34.0625 -19.666 2
      vertex 36.338 -15.0517 0
      vertex 36.338 -15.0517 2
    endloop
  endfacet
  facet normal 0.896874 -0.442285 0
    outer loop
      vertex 36.338 -15.0517 0
      vertex 34.0625 -19.666 2
      vertex 34.0625 -19.666 0
    endloop
  endfacet
  facet normal -0.195087 -0.980786 0
    outer loop
      vertex -10.1799 -37.9918 0
      vertex -5.13386 -38.9955 2
      vertex -10.1799 -37.9918 2
    endloop
  endfacet
  facet normal -0.195087 -0.980786 -0
    outer loop
      vertex -5.13386 -38.9955 2
      vertex -10.1799 -37.9918 0
      vertex -5.13386 -38.9955 0
    endloop
  endfacet
  facet normal -0.0654049 -0.997859 0
    outer loop
      vertex -5.13386 -38.9955 0
      vertex 0 -39.332 2
      vertex -5.13386 -38.9955 2
    endloop
  endfacet
  facet normal -0.0654049 -0.997859 -0
    outer loop
      vertex 0 -39.332 2
      vertex -5.13386 -38.9955 0
      vertex 0 -39.332 0
    endloop
  endfacet
  facet normal -0.997859 -0.0654049 0
    outer loop
      vertex -38.9955 -5.13386 0
      vertex -39.332 0 2
      vertex -39.332 0 0
    endloop
  endfacet
  facet normal -0.997859 -0.0654049 0
    outer loop
      vertex -39.332 0 2
      vertex -38.9955 -5.13386 0
      vertex -38.9955 -5.13386 2
    endloop
  endfacet
  facet normal -0.980786 -0.195087 0
    outer loop
      vertex -37.9918 -10.1799 0
      vertex -38.9955 -5.13386 2
      vertex -38.9955 -5.13386 0
    endloop
  endfacet
  facet normal -0.980786 -0.195087 0
    outer loop
      vertex -38.9955 -5.13386 2
      vertex -37.9918 -10.1799 0
      vertex -37.9918 -10.1799 2
    endloop
  endfacet
  facet normal -0.751833 -0.659353 0
    outer loop
      vertex -27.8119 -27.8119 0
      vertex -31.2042 -23.9438 2
      vertex -31.2042 -23.9438 0
    endloop
  endfacet
  facet normal -0.751833 -0.659353 0
    outer loop
      vertex -31.2042 -23.9438 2
      vertex -27.8119 -27.8119 0
      vertex -27.8119 -27.8119 2
    endloop
  endfacet
  facet normal -0.896874 -0.442285 0
    outer loop
      vertex -34.0625 -19.666 0
      vertex -36.338 -15.0517 2
      vertex -36.338 -15.0517 0
    endloop
  endfacet
  facet normal -0.896874 -0.442285 0
    outer loop
      vertex -36.338 -15.0517 2
      vertex -34.0625 -19.666 0
      vertex -34.0625 -19.666 2
    endloop
  endfacet
  facet normal 0.321448 -0.946927 0
    outer loop
      vertex 10.1799 -37.9918 0
      vertex 15.0517 -36.338 2
      vertex 10.1799 -37.9918 2
    endloop
  endfacet
  facet normal 0.321448 -0.946927 0
    outer loop
      vertex 15.0517 -36.338 2
      vertex 10.1799 -37.9918 0
      vertex 15.0517 -36.338 0
    endloop
  endfacet
  facet normal 0.659353 -0.751833 0
    outer loop
      vertex 23.9438 -31.2042 0
      vertex 27.8119 -27.8119 2
      vertex 23.9438 -31.2042 2
    endloop
  endfacet
  facet normal 0.659353 -0.751833 0
    outer loop
      vertex 27.8119 -27.8119 2
      vertex 23.9438 -31.2042 0
      vertex 27.8119 -27.8119 0
    endloop
  endfacet
  facet normal 0.946927 -0.321448 0
    outer loop
      vertex 36.338 -15.0517 2
      vertex 37.9918 -10.1799 0
      vertex 37.9918 -10.1799 2
    endloop
  endfacet
  facet normal 0.946927 -0.321448 0
    outer loop
      vertex 37.9918 -10.1799 0
      vertex 36.338 -15.0517 2
      vertex 36.338 -15.0517 0
    endloop
  endfacet
  facet normal -0.555566 -0.831473 0
    outer loop
      vertex -23.9438 -31.2042 0
      vertex -19.666 -34.0625 2
      vertex -23.9438 -31.2042 2
    endloop
  endfacet
  facet normal -0.555566 -0.831473 -0
    outer loop
      vertex -19.666 -34.0625 2
      vertex -23.9438 -31.2042 0
      vertex -19.666 -34.0625 0
    endloop
  endfacet
  facet normal -0.321448 -0.946927 0
    outer loop
      vertex -15.0517 -36.338 0
      vertex -10.1799 -37.9918 2
      vertex -15.0517 -36.338 2
    endloop
  endfacet
  facet normal -0.321448 -0.946927 -0
    outer loop
      vertex -10.1799 -37.9918 2
      vertex -15.0517 -36.338 0
      vertex -10.1799 -37.9918 0
    endloop
  endfacet
  facet normal 0.0654049 -0.997859 0
    outer loop
      vertex 0 -39.332 0
      vertex 5.13386 -38.9955 2
      vertex 0 -39.332 2
    endloop
  endfacet
  facet normal 0.0654049 -0.997859 0
    outer loop
      vertex 5.13386 -38.9955 2
      vertex 0 -39.332 0
      vertex 5.13386 -38.9955 0
    endloop
  endfacet
  facet normal -0.831473 -0.555566 0
    outer loop
      vertex -31.2042 -23.9438 0
      vertex -34.0625 -19.666 2
      vertex -34.0625 -19.666 0
    endloop
  endfacet
  facet normal -0.831473 -0.555566 0
    outer loop
      vertex -34.0625 -19.666 2
      vertex -31.2042 -23.9438 0
      vertex -31.2042 -23.9438 2
    endloop
  endfacet
  facet normal 0.751833 -0.659353 0
    outer loop
      vertex 27.8119 -27.8119 2
      vertex 31.2042 -23.9438 0
      vertex 31.2042 -23.9438 2
    endloop
  endfacet
  facet normal 0.751833 -0.659353 0
    outer loop
      vertex 31.2042 -23.9438 0
      vertex 27.8119 -27.8119 2
      vertex 27.8119 -27.8119 0
    endloop
  endfacet
  facet normal -0.442285 -0.896874 0
    outer loop
      vertex -19.666 -34.0625 0
      vertex -15.0517 -36.338 2
      vertex -19.666 -34.0625 2
    endloop
  endfacet
  facet normal -0.442285 -0.896874 -0
    outer loop
      vertex -15.0517 -36.338 2
      vertex -19.666 -34.0625 0
      vertex -15.0517 -36.338 0
    endloop
  endfacet
  facet normal -0.946927 -0.321448 0
    outer loop
      vertex -36.338 -15.0517 0
      vertex -37.9918 -10.1799 2
      vertex -37.9918 -10.1799 0
    endloop
  endfacet
  facet normal -0.946927 -0.321448 0
    outer loop
      vertex -37.9918 -10.1799 2
      vertex -36.338 -15.0517 0
      vertex -36.338 -15.0517 2
    endloop
  endfacet
  facet normal -0.659353 -0.751833 0
    outer loop
      vertex -27.8119 -27.8119 0
      vertex -23.9438 -31.2042 2
      vertex -27.8119 -27.8119 2
    endloop
  endfacet
  facet normal -0.659353 -0.751833 -0
    outer loop
      vertex -23.9438 -31.2042 2
      vertex -27.8119 -27.8119 0
      vertex -23.9438 -31.2042 0
    endloop
  endfacet
  facet normal 1 -0 0
    outer loop
      vertex 40.932 -2.7 2
      vertex 40.932 2.7 0
      vertex 40.932 2.7 2
    endloop
  endfacet
  facet normal 1 0 0
    outer loop
      vertex 40.932 2.7 0
      vertex 40.932 -2.7 2
      vertex 40.932 -2.7 0
    endloop
  endfacet
  facet normal 0 1 -0
    outer loop
      vertex 40.932 2.7 0
      vertex 39.155 2.7 2
      vertex 40.932 2.7 2
    endloop
  endfacet
  facet normal 0 1 0
    outer loop
      vertex 39.155 2.7 2
      vertex 40.932 2.7 0
      vertex 39.155 2.7 0
    endloop
  endfacet
  facet normal 0 -1 0
    outer loop
      vertex 39.155 -2.7 0
      vertex 40.932 -2.7 2
      vertex 39.155 -2.7 2
    endloop
  endfacet
  facet normal 0 -1 -0
    outer loop
      vertex 40.932 -2.7 2
      vertex 39.155 -2.7 0
      vertex 40.932 -2.7 0
    endloop
  endfacet
  facet normal -0.195083 0.980787 0
    outer loop
      vertex 9.09282 -33.9349 0
      vertex 4.58563 -34.8314 2
      vertex 9.09282 -33.9349 2
    endloop
  endfacet
  facet normal -0.195083 0.980787 0
    outer loop
      vertex 4.58563 -34.8314 2
      vertex 9.09282 -33.9349 0
      vertex 4.58563 -34.8314 0
    endloop
  endfacet
  facet normal -0.321447 0.946928 0
    outer loop
      vertex 13.4444 -32.4577 0
      vertex 9.09282 -33.9349 2
      vertex 13.4444 -32.4577 2
    endloop
  endfacet
  facet normal -0.321447 0.946928 0
    outer loop
      vertex 9.09282 -33.9349 2
      vertex 13.4444 -32.4577 0
      vertex 9.09282 -33.9349 0
    endloop
  endfacet
  facet normal -0.44228 0.896877 0
    outer loop
      vertex 17.566 -30.4252 0
      vertex 13.4444 -32.4577 2
      vertex 17.566 -30.4252 2
    endloop
  endfacet
  facet normal -0.44228 0.896877 0
    outer loop
      vertex 13.4444 -32.4577 2
      vertex 17.566 -30.4252 0
      vertex 13.4444 -32.4577 0
    endloop
  endfacet
  facet normal -0.555569 0.831471 0
    outer loop
      vertex 21.387 -27.8721 0
      vertex 17.566 -30.4252 2
      vertex 21.387 -27.8721 2
    endloop
  endfacet
  facet normal -0.555569 0.831471 0
    outer loop
      vertex 17.566 -30.4252 2
      vertex 21.387 -27.8721 0
      vertex 17.566 -30.4252 0
    endloop
  endfacet
  facet normal -0.659341 0.751844 0
    outer loop
      vertex 24.8421 -24.8421 0
      vertex 21.387 -27.8721 2
      vertex 24.8421 -24.8421 2
    endloop
  endfacet
  facet normal -0.659341 0.751844 0
    outer loop
      vertex 21.387 -27.8721 2
      vertex 24.8421 -24.8421 0
      vertex 21.387 -27.8721 0
    endloop
  endfacet
  facet normal -0.751844 0.659341 0
    outer loop
      vertex 24.8421 -24.8421 0
      vertex 27.8721 -21.387 2
      vertex 27.8721 -21.387 0
    endloop
  endfacet
  facet normal -0.751844 0.659341 0
    outer loop
      vertex 27.8721 -21.387 2
      vertex 24.8421 -24.8421 0
      vertex 24.8421 -24.8421 2
    endloop
  endfacet
  facet normal -0.831471 0.555569 0
    outer loop
      vertex 27.8721 -21.387 0
      vertex 30.4252 -17.566 2
      vertex 30.4252 -17.566 0
    endloop
  endfacet
  facet normal -0.831471 0.555569 0
    outer loop
      vertex 30.4252 -17.566 2
      vertex 27.8721 -21.387 0
      vertex 27.8721 -21.387 2
    endloop
  endfacet
  facet normal -0.896877 0.44228 0
    outer loop
      vertex 30.4252 -17.566 0
      vertex 32.4577 -13.4444 2
      vertex 32.4577 -13.4444 0
    endloop
  endfacet
  facet normal -0.896877 0.44228 0
    outer loop
      vertex 32.4577 -13.4444 2
      vertex 30.4252 -17.566 0
      vertex 30.4252 -17.566 2
    endloop
  endfacet
  facet normal -0.946928 0.321447 0
    outer loop
      vertex 32.4577 -13.4444 0
      vertex 33.9349 -9.09282 2
      vertex 33.9349 -9.09282 0
    endloop
  endfacet
  facet normal -0.946928 0.321447 0
    outer loop
      vertex 33.9349 -9.09282 2
      vertex 32.4577 -13.4444 0
      vertex 32.4577 -13.4444 2
    endloop
  endfacet
  facet normal -0.980787 0.195083 0
    outer loop
      vertex 33.9349 -9.09282 0
      vertex 34.8314 -4.58563 2
      vertex 34.8314 -4.58563 0
    endloop
  endfacet
  facet normal -0.980787 0.195083 0
    outer loop
      vertex 34.8314 -4.58563 2
      vertex 33.9349 -9.09282 0
      vertex 33.9349 -9.09282 2
    endloop
  endfacet
  facet normal -0.997858 0.0654122 0
    outer loop
      vertex 34.8314 -4.58563 0
      vertex 35.132 0 2
      vertex 35.132 0 0
    endloop
  endfacet
  facet normal -0.997858 0.0654122 0
    outer loop
      vertex 35.132 0 2
      vertex 34.8314 -4.58563 0
      vertex 34.8314 -4.58563 2
    endloop
  endfacet
  facet normal -0.997858 -0.0654122 0
    outer loop
      vertex 35.132 0 0
      vertex 34.8314 4.58563 2
      vertex 34.8314 4.58563 0
    endloop
  endfacet
  facet normal -0.997858 -0.0654122 0
    outer loop
      vertex 34.8314 4.58563 2
      vertex 35.132 0 0
      vertex 35.132 0 2
    endloop
  endfacet
  facet normal -0.980789 -0.195073 0
    outer loop
      vertex 33.9369 9.083 0
      vertex 34.8314 4.58563 0
      vertex 33.9369 9.083 1.58999
    endloop
  endfacet
  facet normal -0.981537 -0.191274 0
    outer loop
      vertex 33.9368 9.08307 1.58992
      vertex 33.9349 9.09282 2
      vertex 33.9349 9.09282 1.58
    endloop
  endfacet
  facet normal -0.581179 -0.813605 0.0166514
    outer loop
      vertex 33.9369 9.083 1.58999
      vertex 33.9349 9.09282 2
      vertex 33.9368 9.08307 1.58992
    endloop
  endfacet
  facet normal -0.980789 -0.195073 -0
    outer loop
      vertex 34.8314 4.58563 2
      vertex 33.9369 9.083 1.58999
      vertex 34.8314 4.58563 0
    endloop
  endfacet
  facet normal -0.980787 -0.195083 -0.000111852
    outer loop
      vertex 33.9369 9.083 1.58999
      vertex 34.8314 4.58563 2
      vertex 33.9349 9.09282 2
    endloop
  endfacet
  facet normal 0.258819 -0.965926 -2.62802e-05
    outer loop
      vertex 33.8376 9.06676 1.58
      vertex 33.9349 9.09282 2
      vertex 18.3526 4.91756 2
    endloop
  endfacet
  facet normal 0.258713 -0.965954 0
    outer loop
      vertex 33.9349 9.09282 2
      vertex 33.8376 9.06676 1.58
      vertex 33.9349 9.09282 1.58
    endloop
  endfacet
  facet normal 0.258819 -0.965926 0
    outer loop
      vertex 18.3526 4.91756 2
      vertex 18.3526 4.91756 1.57999
      vertex 33.8376 9.06676 1.58
    endloop
  endfacet
  facet normal 0 0 0
    outer loop
      vertex 18.3526 4.91756 0
      vertex 18.3526 4.91756 1.57999
      vertex 18.3526 4.91756 2
    endloop
  endfacet
  facet normal 0.98079 0.195067 0
    outer loop
      vertex 18.8374 2.48 2
      vertex 18.3526 4.91756 0
      vertex 18.3526 4.91756 2
    endloop
  endfacet
  facet normal 0.98079 0.195067 0
    outer loop
      vertex 18.3526 4.91756 0
      vertex 18.8374 2.48 2
      vertex 18.8374 2.48 0
    endloop
  endfacet
  facet normal 0.997858 0.065424 0
    outer loop
      vertex 19 0 2
      vertex 18.8374 2.48 0
      vertex 18.8374 2.48 2
    endloop
  endfacet
  facet normal 0.997858 0.065424 0
    outer loop
      vertex 18.8374 2.48 0
      vertex 19 0 2
      vertex 19 0 0
    endloop
  endfacet
  facet normal 0.997858 -0.065424 0
    outer loop
      vertex 18.8374 -2.48 2
      vertex 19 0 0
      vertex 19 0 2
    endloop
  endfacet
  facet normal 0.997858 -0.065424 0
    outer loop
      vertex 19 0 0
      vertex 18.8374 -2.48 2
      vertex 18.8374 -2.48 0
    endloop
  endfacet
  facet normal 0.98079 -0.195067 0
    outer loop
      vertex 18.3526 -4.91756 2
      vertex 18.8374 -2.48 0
      vertex 18.8374 -2.48 2
    endloop
  endfacet
  facet normal 0.98079 -0.195067 0
    outer loop
      vertex 18.8374 -2.48 0
      vertex 18.3526 -4.91756 2
      vertex 18.3526 -4.91756 0
    endloop
  endfacet
  facet normal 0.946927 -0.321447 0
    outer loop
      vertex 17.5537 -7.27098 2
      vertex 18.3526 -4.91756 0
      vertex 18.3526 -4.91756 2
    endloop
  endfacet
  facet normal 0.946927 -0.321447 0
    outer loop
      vertex 18.3526 -4.91756 0
      vertex 17.5537 -7.27098 2
      vertex 17.5537 -7.27098 0
    endloop
  endfacet
  facet normal 0.896878 -0.442279 0
    outer loop
      vertex 16.4545 -9.5 2
      vertex 17.5537 -7.27098 0
      vertex 17.5537 -7.27098 2
    endloop
  endfacet
  facet normal 0.896878 -0.442279 0
    outer loop
      vertex 17.5537 -7.27098 0
      vertex 16.4545 -9.5 2
      vertex 16.4545 -9.5 0
    endloop
  endfacet
  facet normal 0.831468 -0.555573 0
    outer loop
      vertex 15.0737 -11.5665 2
      vertex 16.4545 -9.5 0
      vertex 16.4545 -9.5 2
    endloop
  endfacet
  facet normal 0.831468 -0.555573 0
    outer loop
      vertex 16.4545 -9.5 0
      vertex 15.0737 -11.5665 2
      vertex 15.0737 -11.5665 0
    endloop
  endfacet
  facet normal 0.751826 -0.659362 0
    outer loop
      vertex 13.435 -13.435 2
      vertex 15.0737 -11.5665 0
      vertex 15.0737 -11.5665 2
    endloop
  endfacet
  facet normal 0.751826 -0.659362 0
    outer loop
      vertex 15.0737 -11.5665 0
      vertex 13.435 -13.435 2
      vertex 13.435 -13.435 0
    endloop
  endfacet
  facet normal 0.659362 -0.751826 0
    outer loop
      vertex 11.5665 -15.0737 0
      vertex 13.435 -13.435 2
      vertex 11.5665 -15.0737 2
    endloop
  endfacet
  facet normal 0.659362 -0.751826 0
    outer loop
      vertex 13.435 -13.435 2
      vertex 11.5665 -15.0737 0
      vertex 13.435 -13.435 0
    endloop
  endfacet
  facet normal 0.555573 -0.831468 0
    outer loop
      vertex 9.5 -16.4545 0
      vertex 11.5665 -15.0737 2
      vertex 9.5 -16.4545 2
    endloop
  endfacet
  facet normal 0.555573 -0.831468 0
    outer loop
      vertex 11.5665 -15.0737 2
      vertex 9.5 -16.4545 0
      vertex 11.5665 -15.0737 0
    endloop
  endfacet
  facet normal 0.442279 -0.896878 0
    outer loop
      vertex 7.27098 -17.5537 0
      vertex 9.5 -16.4545 2
      vertex 7.27098 -17.5537 2
    endloop
  endfacet
  facet normal 0.442279 -0.896878 0
    outer loop
      vertex 9.5 -16.4545 2
      vertex 7.27098 -17.5537 0
      vertex 9.5 -16.4545 0
    endloop
  endfacet
  facet normal 0.321447 -0.946927 0
    outer loop
      vertex 4.91756 -18.3526 0
      vertex 7.27098 -17.5537 2
      vertex 4.91756 -18.3526 2
    endloop
  endfacet
  facet normal 0.321447 -0.946927 0
    outer loop
      vertex 7.27098 -17.5537 2
      vertex 4.91756 -18.3526 0
      vertex 7.27098 -17.5537 0
    endloop
  endfacet
  facet normal 0.195067 -0.98079 0
    outer loop
      vertex 2.48 -18.8374 0
      vertex 4.91756 -18.3526 2
      vertex 2.48 -18.8374 2
    endloop
  endfacet
  facet normal 0.195067 -0.98079 0
    outer loop
      vertex 4.91756 -18.3526 2
      vertex 2.48 -18.8374 0
      vertex 4.91756 -18.3526 0
    endloop
  endfacet
  facet normal 0.065424 -0.997858 0
    outer loop
      vertex 0 -19 0
      vertex 2.48 -18.8374 2
      vertex 0 -19 2
    endloop
  endfacet
  facet normal 0.065424 -0.997858 0
    outer loop
      vertex 2.48 -18.8374 2
      vertex 0 -19 0
      vertex 2.48 -18.8374 0
    endloop
  endfacet
  facet normal -0.065424 -0.997858 0
    outer loop
      vertex -2.48 -18.8374 0
      vertex 0 -19 2
      vertex -2.48 -18.8374 2
    endloop
  endfacet
  facet normal -0.065424 -0.997858 -0
    outer loop
      vertex 0 -19 2
      vertex -2.48 -18.8374 0
      vertex 0 -19 0
    endloop
  endfacet
  facet normal -0.195067 -0.98079 0
    outer loop
      vertex -4.91756 -18.3526 0
      vertex -2.48 -18.8374 2
      vertex -4.91756 -18.3526 2
    endloop
  endfacet
  facet normal -0.195067 -0.98079 -0
    outer loop
      vertex -2.48 -18.8374 2
      vertex -4.91756 -18.3526 0
      vertex -2.48 -18.8374 0
    endloop
  endfacet
  facet normal -0.321447 -0.946927 0
    outer loop
      vertex -7.27098 -17.5537 0
      vertex -4.91756 -18.3526 2
      vertex -7.27098 -17.5537 2
    endloop
  endfacet
  facet normal -0.321447 -0.946927 -0
    outer loop
      vertex -4.91756 -18.3526 2
      vertex -7.27098 -17.5537 0
      vertex -4.91756 -18.3526 0
    endloop
  endfacet
  facet normal -0.442279 -0.896878 0
    outer loop
      vertex -9.5 -16.4545 0
      vertex -7.27098 -17.5537 2
      vertex -9.5 -16.4545 2
    endloop
  endfacet
  facet normal -0.442279 -0.896878 -0
    outer loop
      vertex -7.27098 -17.5537 2
      vertex -9.5 -16.4545 0
      vertex -7.27098 -17.5537 0
    endloop
  endfacet
  facet normal -0.555573 -0.831468 0
    outer loop
      vertex -11.5665 -15.0737 0
      vertex -9.5 -16.4545 2
      vertex -11.5665 -15.0737 2
    endloop
  endfacet
  facet normal -0.555573 -0.831468 -0
    outer loop
      vertex -9.5 -16.4545 2
      vertex -11.5665 -15.0737 0
      vertex -9.5 -16.4545 0
    endloop
  endfacet
  facet normal -0.659362 -0.751826 0
    outer loop
      vertex -13.435 -13.435 0
      vertex -11.5665 -15.0737 2
      vertex -13.435 -13.435 2
    endloop
  endfacet
  facet normal -0.659362 -0.751826 -0
    outer loop
      vertex -11.5665 -15.0737 2
      vertex -13.435 -13.435 0
      vertex -11.5665 -15.0737 0
    endloop
  endfacet
  facet normal -0.751826 -0.659362 0
    outer loop
      vertex -13.435 -13.435 0
      vertex -15.0737 -11.5665 2
      vertex -15.0737 -11.5665 0
    endloop
  endfacet
  facet normal -0.751826 -0.659362 0
    outer loop
      vertex -15.0737 -11.5665 2
      vertex -13.435 -13.435 0
      vertex -13.435 -13.435 2
    endloop
  endfacet
  facet normal -0.831468 -0.555573 0
    outer loop
      vertex -15.0737 -11.5665 0
      vertex -16.4545 -9.5 2
      vertex -16.4545 -9.5 0
    endloop
  endfacet
  facet normal -0.831468 -0.555573 0
    outer loop
      vertex -16.4545 -9.5 2
      vertex -15.0737 -11.5665 0
      vertex -15.0737 -11.5665 2
    endloop
  endfacet
  facet normal -0.896878 -0.442279 0
    outer loop
      vertex -16.4545 -9.5 0
      vertex -17.5537 -7.27098 2
      vertex -17.5537 -7.27098 0
    endloop
  endfacet
  facet normal -0.896878 -0.442279 0
    outer loop
      vertex -17.5537 -7.27098 2
      vertex -16.4545 -9.5 0
      vertex -16.4545 -9.5 2
    endloop
  endfacet
  facet normal -0.946927 -0.321447 0
    outer loop
      vertex -17.5537 -7.27098 0
      vertex -18.3526 -4.91756 2
      vertex -18.3526 -4.91756 0
    endloop
  endfacet
  facet normal -0.946927 -0.321447 0
    outer loop
      vertex -18.3526 -4.91756 2
      vertex -17.5537 -7.27098 0
      vertex -17.5537 -7.27098 2
    endloop
  endfacet
  facet normal -0.98079 -0.195067 0
    outer loop
      vertex -18.3526 -4.91756 0
      vertex -18.8374 -2.48 2
      vertex -18.8374 -2.48 0
    endloop
  endfacet
  facet normal -0.98079 -0.195067 0
    outer loop
      vertex -18.8374 -2.48 2
      vertex -18.3526 -4.91756 0
      vertex -18.3526 -4.91756 2
    endloop
  endfacet
  facet normal -0.997858 -0.065424 0
    outer loop
      vertex -18.8374 -2.48 0
      vertex -19 0 2
      vertex -19 0 0
    endloop
  endfacet
  facet normal -0.997858 -0.065424 0
    outer loop
      vertex -19 0 2
      vertex -18.8374 -2.48 0
      vertex -18.8374 -2.48 2
    endloop
  endfacet
  facet normal -0.997858 0.065424 0
    outer loop
      vertex -19 0 0
      vertex -18.8374 2.48 2
      vertex -18.8374 2.48 0
    endloop
  endfacet
  facet normal -0.997858 0.065424 0
    outer loop
      vertex -18.8374 2.48 2
      vertex -19 0 0
      vertex -19 0 2
    endloop
  endfacet
  facet normal -0.98079 0.195067 0
    outer loop
      vertex -18.8374 2.48 0
      vertex -18.3526 4.91756 2
      vertex -18.3526 4.91756 0
    endloop
  endfacet
  facet normal -0.98079 0.195067 0
    outer loop
      vertex -18.3526 4.91756 2
      vertex -18.8374 2.48 0
      vertex -18.8374 2.48 2
    endloop
  endfacet
  facet normal -0.258819 -0.965926 0
    outer loop
      vertex -33.9349 9.09282 0
      vertex -18.3526 4.91756 2
      vertex -33.9349 9.09282 2
    endloop
  endfacet
  facet normal -0.258819 -0.965926 -0
    outer loop
      vertex -18.3526 4.91756 2
      vertex -33.9349 9.09282 0
      vertex -18.3526 4.91756 0
    endloop
  endfacet
  facet normal 0.980787 -0.195083 0
    outer loop
      vertex -34.8314 4.58563 2
      vertex -33.9349 9.09282 0
      vertex -33.9349 9.09282 2
    endloop
  endfacet
  facet normal 0.980787 -0.195083 0
    outer loop
      vertex -33.9349 9.09282 0
      vertex -34.8314 4.58563 2
      vertex -34.8314 4.58563 0
    endloop
  endfacet
  facet normal 0.997858 -0.0654122 0
    outer loop
      vertex -35.132 0 2
      vertex -34.8314 4.58563 0
      vertex -34.8314 4.58563 2
    endloop
  endfacet
  facet normal 0.997858 -0.0654122 0
    outer loop
      vertex -34.8314 4.58563 0
      vertex -35.132 0 2
      vertex -35.132 0 0
    endloop
  endfacet
  facet normal 0.997858 0.0654122 0
    outer loop
      vertex -34.8314 -4.58563 2
      vertex -35.132 0 0
      vertex -35.132 0 2
    endloop
  endfacet
  facet normal 0.997858 0.0654122 0
    outer loop
      vertex -35.132 0 0
      vertex -34.8314 -4.58563 2
      vertex -34.8314 -4.58563 0
    endloop
  endfacet
  facet normal 0.980787 0.195083 0
    outer loop
      vertex -33.9349 -9.09282 2
      vertex -34.8314 -4.58563 0
      vertex -34.8314 -4.58563 2
    endloop
  endfacet
  facet normal 0.980787 0.195083 0
    outer loop
      vertex -34.8314 -4.58563 0
      vertex -33.9349 -9.09282 2
      vertex -33.9349 -9.09282 0
    endloop
  endfacet
  facet normal 0.946928 0.321447 0
    outer loop
      vertex -32.4577 -13.4444 2
      vertex -33.9349 -9.09282 0
      vertex -33.9349 -9.09282 2
    endloop
  endfacet
  facet normal 0.946928 0.321447 0
    outer loop
      vertex -33.9349 -9.09282 0
      vertex -32.4577 -13.4444 2
      vertex -32.4577 -13.4444 0
    endloop
  endfacet
  facet normal 0.896877 0.44228 0
    outer loop
      vertex -30.4252 -17.566 2
      vertex -32.4577 -13.4444 0
      vertex -32.4577 -13.4444 2
    endloop
  endfacet
  facet normal 0.896877 0.44228 0
    outer loop
      vertex -32.4577 -13.4444 0
      vertex -30.4252 -17.566 2
      vertex -30.4252 -17.566 0
    endloop
  endfacet
  facet normal 0.831471 0.555569 0
    outer loop
      vertex -27.8721 -21.387 2
      vertex -30.4252 -17.566 0
      vertex -30.4252 -17.566 2
    endloop
  endfacet
  facet normal 0.831471 0.555569 0
    outer loop
      vertex -30.4252 -17.566 0
      vertex -27.8721 -21.387 2
      vertex -27.8721 -21.387 0
    endloop
  endfacet
  facet normal 0.751844 0.659341 0
    outer loop
      vertex -24.8421 -24.8421 2
      vertex -27.8721 -21.387 0
      vertex -27.8721 -21.387 2
    endloop
  endfacet
  facet normal 0.751844 0.659341 0
    outer loop
      vertex -27.8721 -21.387 0
      vertex -24.8421 -24.8421 2
      vertex -24.8421 -24.8421 0
    endloop
  endfacet
  facet normal 0.659341 0.751844 -0
    outer loop
      vertex -21.387 -27.8721 0
      vertex -24.8421 -24.8421 2
      vertex -21.387 -27.8721 2
    endloop
  endfacet
  facet normal 0.659341 0.751844 0
    outer loop
      vertex -24.8421 -24.8421 2
      vertex -21.387 -27.8721 0
      vertex -24.8421 -24.8421 0
    endloop
  endfacet
  facet normal 0.555569 0.831471 -0
    outer loop
      vertex -17.566 -30.4252 0
      vertex -21.387 -27.8721 2
      vertex -17.566 -30.4252 2
    endloop
  endfacet
  facet normal 0.555569 0.831471 0
    outer loop
      vertex -21.387 -27.8721 2
      vertex -17.566 -30.4252 0
      vertex -21.387 -27.8721 0
    endloop
  endfacet
  facet normal 0.44228 0.896877 -0
    outer loop
      vertex -13.4444 -32.4577 0
      vertex -17.566 -30.4252 2
      vertex -13.4444 -32.4577 2
    endloop
  endfacet
  facet normal 0.44228 0.896877 0
    outer loop
      vertex -17.566 -30.4252 2
      vertex -13.4444 -32.4577 0
      vertex -17.566 -30.4252 0
    endloop
  endfacet
  facet normal 0.321447 0.946928 -0
    outer loop
      vertex -9.09282 -33.9349 0
      vertex -13.4444 -32.4577 2
      vertex -9.09282 -33.9349 2
    endloop
  endfacet
  facet normal 0.321447 0.946928 0
    outer loop
      vertex -13.4444 -32.4577 2
      vertex -9.09282 -33.9349 0
      vertex -13.4444 -32.4577 0
    endloop
  endfacet
  facet normal 0.195083 0.980787 -0
    outer loop
      vertex -4.58563 -34.8314 0
      vertex -9.09282 -33.9349 2
      vertex -4.58563 -34.8314 2
    endloop
  endfacet
  facet normal 0.195083 0.980787 0
    outer loop
      vertex -9.09282 -33.9349 2
      vertex -4.58563 -34.8314 0
      vertex -9.09282 -33.9349 0
    endloop
  endfacet
  facet normal 0.0654122 0.997858 -0
    outer loop
      vertex 0 -35.132 0
      vertex -4.58563 -34.8314 2
      vertex 0 -35.132 2
    endloop
  endfacet
  facet normal 0.0654122 0.997858 0
    outer loop
      vertex -4.58563 -34.8314 2
      vertex 0 -35.132 0
      vertex -4.58563 -34.8314 0
    endloop
  endfacet
  facet normal -0.0654122 0.997858 0
    outer loop
      vertex 4.58563 -34.8314 0
      vertex 0 -35.132 2
      vertex 4.58563 -34.8314 2
    endloop
  endfacet
  facet normal -0.0654122 0.997858 0
    outer loop
      vertex 0 -35.132 2
      vertex 4.58563 -34.8314 0
      vertex 0 -35.132 0
    endloop
  endfacet
  facet normal 0.965931 0.258799 0
    outer loop
      vertex 18.3526 4.91756 1.57999
      vertex 18.3526 4.91756 0
      vertex 17.9437 6.44372 0
    endloop
  endfacet
  facet normal 0.16214 -0.572258 -0.803886
    outer loop
      vertex 33.9375 9.08317 1.58999
      vertex 33.9369 9.083 1.58999
      vertex 33.9368 9.08307 1.58992
    endloop
  endfacet
  facet normal 0.183012 -0.683009 -0.70711
    outer loop
      vertex 18.3526 4.91756 1.57999
      vertex 18.041 6.46981 0
      vertex 33.8376 9.06676 1.58
    endloop
  endfacet
  facet normal 0.183134 -0.68298 -0.707106
    outer loop
      vertex 18.041 6.46981 0
      vertex 18.3526 4.91756 1.57999
      vertex 17.9437 6.44372 0
    endloop
  endfacet
  facet normal 0.168803 -0.686601 -0.707166
    outer loop
      vertex 33.9349 9.09282 1.58
      vertex 33.9375 9.08317 1.58999
      vertex 33.9368 9.08307 1.58992
    endloop
  endfacet
  facet normal -0.0144214 -0.721038 -0.692745
    outer loop
      vertex 33.9349 9.09282 1.58
      vertex 33.526 10.619 0
      vertex 33.9375 9.08317 1.58999
    endloop
  endfacet
  facet normal 0.182937 -0.683031 -0.707109
    outer loop
      vertex 33.8376 9.06676 1.58
      vertex 33.526 10.619 0
      vertex 33.9349 9.09282 1.58
    endloop
  endfacet
  facet normal 0.183013 -0.683013 -0.707106
    outer loop
      vertex 33.526 10.619 0
      vertex 33.8376 9.06676 1.58
      vertex 18.041 6.46981 0
    endloop
  endfacet
  facet normal -0.272603 0.962127 0
    outer loop
      vertex 33.9375 9.08317 0
      vertex 33.9369 9.083 1.58999
      vertex 33.9375 9.08317 1.58999
    endloop
  endfacet
  facet normal -0.272603 0.962127 0
    outer loop
      vertex 33.9369 9.083 1.58999
      vertex 33.9375 9.08317 0
      vertex 33.9369 9.083 0
    endloop
  endfacet
  facet normal -0.96593 -0.258805 0
    outer loop
      vertex 33.9375 9.08317 0
      vertex 33.9375 9.08317 1.58999
      vertex 33.526 10.619 0
    endloop
  endfacet
endsolid OpenSCAD_Model
