solid OpenSCAD_Model
  facet normal 0.997859 0.0653947 0
    outer loop
      vertex 41.232 0 24.4
      vertex 40.8793 5.38186 0
      vertex 40.8793 5.38186 24.4
    endloop
  endfacet
  facet normal 0.997859 0.0653947 0
    outer loop
      vertex 40.8793 5.38186 0
      vertex 41.232 0 24.4
      vertex 41.232 0 0
    endloop
  endfacet
  facet normal -0.997859 0.0653947 0
    outer loop
      vertex -41.232 0 0
      vertex -40.8793 5.38186 24.4
      vertex -40.8793 5.38186 0
    endloop
  endfacet
  facet normal -0.997859 0.0653947 0
    outer loop
      vertex -40.8793 5.38186 24.4
      vertex -41.232 0 0
      vertex -41.232 0 24.4
    endloop
  endfacet
  facet normal 0.0653947 0.997859 -0
    outer loop
      vertex 5.38186 40.8793 0
      vertex 0 41.232 24.4
      vertex 5.38186 40.8793 24.4
    endloop
  endfacet
  facet normal 0.0653947 0.997859 0
    outer loop
      vertex 0 41.232 24.4
      vertex 5.38186 40.8793 0
      vertex 0 41.232 0
    endloop
  endfacet
  facet normal 0.751834 0.659353 0
    outer loop
      vertex 29.1554 29.1554 24.4
      vertex 32.296 25.5743 4
      vertex 29.1554 29.1554 0
    endloop
  endfacet
  facet normal 0.751826 0.659361 -2.62558e-06
    outer loop
      vertex 32.7116 25.1005 24.4
      vertex 32.296 25.5743 4
      vertex 29.1554 29.1554 24.4
    endloop
  endfacet
  facet normal 0.75177 0.659425 0
    outer loop
      vertex 32.296 25.5743 4
      vertex 32.7116 25.1005 24.4
      vertex 32.7116 25.1005 4
    endloop
  endfacet
  facet normal 0.751834 0.659353 0
    outer loop
      vertex 29.1554 29.1554 0
      vertex 32.296 25.5743 4
      vertex 32.296 25.5743 0
    endloop
  endfacet
  facet normal -0.659361 0.751826 0
    outer loop
      vertex -25.1005 32.7116 0
      vertex -29.1554 29.1554 24.4
      vertex -25.1005 32.7116 24.4
    endloop
  endfacet
  facet normal -0.659361 0.751826 0
    outer loop
      vertex -29.1554 29.1554 24.4
      vertex -25.1005 32.7116 0
      vertex -29.1554 29.1554 0
    endloop
  endfacet
  facet normal -0.321442 0.946929 0
    outer loop
      vertex -11 39.7156 0
      vertex -15.7788 38.0934 24.4
      vertex -11 39.7156 24.4
    endloop
  endfacet
  facet normal -0.321442 0.946929 0
    outer loop
      vertex -15.7788 38.0934 24.4
      vertex -11 39.7156 0
      vertex -15.7788 38.0934 0
    endloop
  endfacet
  facet normal 0 0 -1
    outer loop
      vertex -38.6379 -21.2913 0
      vertex -33.6295 -19.416 0
      vertex -38.4118 -21.4897 0
    endloop
  endfacet
  facet normal 0 0 -1
    outer loop
      vertex -38.8881 -21.1241 0
      vertex -33.6295 -19.416 0
      vertex -38.6379 -21.2913 0
    endloop
  endfacet
  facet normal -0 0 -1
    outer loop
      vertex -33.6295 -19.416 0
      vertex -38.8881 -21.1241 0
      vertex -38.296 -15.182 0
    endloop
  endfacet
  facet normal 0 0 -1
    outer loop
      vertex -39.1579 -20.9911 0
      vertex -38.296 -15.182 0
      vertex -38.8881 -21.1241 0
    endloop
  endfacet
  facet normal 0 0 -1
    outer loop
      vertex -39.4428 -20.8944 0
      vertex -38.296 -15.182 0
      vertex -39.1579 -20.9911 0
    endloop
  endfacet
  facet normal 0 0 -1
    outer loop
      vertex -39.7379 -20.8357 0
      vertex -38.296 -15.182 0
      vertex -39.4428 -20.8944 0
    endloop
  endfacet
  facet normal 0 0 -1
    outer loop
      vertex -40.0381 -20.816 0
      vertex -38.296 -15.182 0
      vertex -39.7379 -20.8357 0
    endloop
  endfacet
  facet normal 0 0 -1
    outer loop
      vertex -40.3383 -20.8357 0
      vertex -38.296 -15.182 0
      vertex -40.0381 -20.816 0
    endloop
  endfacet
  facet normal 0 0 -1
    outer loop
      vertex -40.6334 -20.8944 0
      vertex -38.296 -15.182 0
      vertex -40.3383 -20.8357 0
    endloop
  endfacet
  facet normal 0 0 -1
    outer loop
      vertex -40.9183 -20.9911 0
      vertex -38.296 -15.182 0
      vertex -40.6334 -20.8944 0
    endloop
  endfacet
  facet normal 0 0 -1
    outer loop
      vertex -41.1881 -21.1241 0
      vertex -38.296 -15.182 0
      vertex -40.9183 -20.9911 0
    endloop
  endfacet
  facet normal 0 0 -1
    outer loop
      vertex -47.3682 -20.4199 0
      vertex -41.1881 -21.1241 0
      vertex -41.4382 -21.2913 0
    endloop
  endfacet
  facet normal 0 0 -1
    outer loop
      vertex -47.3682 -20.4199 0
      vertex -41.4382 -21.2913 0
      vertex -41.6644 -21.4897 0
    endloop
  endfacet
  facet normal 0 0 -1
    outer loop
      vertex -47.3682 -20.4199 0
      vertex -41.6644 -21.4897 0
      vertex -41.8628 -21.7159 0
    endloop
  endfacet
  facet normal 0 0 -1
    outer loop
      vertex -47.3682 -20.4199 0
      vertex -41.8628 -21.7159 0
      vertex -42.03 -21.966 0
    endloop
  endfacet
  facet normal 0 0 -1
    outer loop
      vertex -41.1881 -21.1241 0
      vertex -47.3682 -20.4199 0
      vertex -38.296 -15.182 0
    endloop
  endfacet
  facet normal 0 0 -1
    outer loop
      vertex -42.163 -22.2358 0
      vertex -47.3682 -20.4199 0
      vertex -42.03 -21.966 0
    endloop
  endfacet
  facet normal 0 0 -1
    outer loop
      vertex -42.2597 -22.5207 0
      vertex -47.3682 -20.4199 0
      vertex -42.163 -22.2358 0
    endloop
  endfacet
  facet normal 0 0 -1
    outer loop
      vertex -42.3184 -22.8158 0
      vertex -47.3682 -20.4199 0
      vertex -42.2597 -22.5207 0
    endloop
  endfacet
  facet normal 0 0 -1
    outer loop
      vertex -47.3682 -20.4199 0
      vertex -42.3184 -22.8158 0
      vertex -42.3381 -23.116 0
    endloop
  endfacet
  facet normal 0 0 -1
    outer loop
      vertex -15.7788 -38.0934 0
      vertex -12 -37.832 0
      vertex -12 -39.3761 0
    endloop
  endfacet
  facet normal -0 0 -1
    outer loop
      vertex -12 -37.832 0
      vertex -15.7788 -38.0934 0
      vertex -14.8604 -35.8761 0
    endloop
  endfacet
  facet normal 0 0 -1
    outer loop
      vertex -15.7788 -38.0934 0
      vertex -19.416 -33.6295 0
      vertex -14.8604 -35.8761 0
    endloop
  endfacet
  facet normal 0 0 -1
    outer loop
      vertex -20.616 -35.708 0
      vertex -19.416 -33.6295 0
      vertex -15.7788 -38.0934 0
    endloop
  endfacet
  facet normal 0 0 -1
    outer loop
      vertex -20.616 -35.708 0
      vertex -23.6394 -30.8075 0
      vertex -19.416 -33.6295 0
    endloop
  endfacet
  facet normal 0 0 -1
    outer loop
      vertex -25.1005 -32.7116 0
      vertex -23.6394 -30.8075 0
      vertex -20.616 -35.708 0
    endloop
  endfacet
  facet normal 0 0 -1
    outer loop
      vertex -25.1005 -32.7116 0
      vertex -27.4584 -27.4584 0
      vertex -23.6394 -30.8075 0
    endloop
  endfacet
  facet normal 0 0 -1
    outer loop
      vertex -29.1554 -29.1554 0
      vertex -27.4584 -27.4584 0
      vertex -25.1005 -32.7116 0
    endloop
  endfacet
  facet normal 0 0 -1
    outer loop
      vertex -32.296 -25.5743 0
      vertex -27.4584 -27.4584 0
      vertex -29.1554 -29.1554 0
    endloop
  endfacet
  facet normal 0 0 -1
    outer loop
      vertex -27.4584 -27.4584 0
      vertex -32.296 -25.5743 0
      vertex -30.8075 -23.6394 0
    endloop
  endfacet
  facet normal 0 0 -1
    outer loop
      vertex -32.296 -25.5743 0
      vertex -33.6295 -19.416 0
      vertex -30.8075 -23.6394 0
    endloop
  endfacet
  facet normal 0 0 -1
    outer loop
      vertex -37.7381 -23.116 0
      vertex -33.6295 -19.416 0
      vertex -32.296 -25.5743 0
    endloop
  endfacet
  facet normal 0 0 -1
    outer loop
      vertex -38.0462 -21.966 0
      vertex -33.6295 -19.416 0
      vertex -37.9132 -22.2358 0
    endloop
  endfacet
  facet normal 0 0 -1
    outer loop
      vertex -33.6295 -19.416 0
      vertex -37.7381 -23.116 0
      vertex -37.7578 -22.8158 0
    endloop
  endfacet
  facet normal 0 0 -1
    outer loop
      vertex -32.296 -25.5743 0
      vertex -37.7578 -23.4162 0
      vertex -37.7381 -23.116 0
    endloop
  endfacet
  facet normal 0 0 -1
    outer loop
      vertex -32.296 -25.5743 0
      vertex -37.8165 -23.7113 0
      vertex -37.7578 -23.4162 0
    endloop
  endfacet
  facet normal 0 0 -1
    outer loop
      vertex -32.296 -25.5743 0
      vertex -37.9132 -23.9962 0
      vertex -37.8165 -23.7113 0
    endloop
  endfacet
  facet normal 0 0 -1
    outer loop
      vertex -32.296 -25.5743 0
      vertex -38.0462 -24.266 0
      vertex -37.9132 -23.9962 0
    endloop
  endfacet
  facet normal 0 0 -1
    outer loop
      vertex -32.296 -25.5743 0
      vertex -38.2134 -24.5162 0
      vertex -38.0462 -24.266 0
    endloop
  endfacet
  facet normal 0 0 -1
    outer loop
      vertex -32.296 -25.5743 0
      vertex -38.4118 -24.7424 0
      vertex -38.2134 -24.5162 0
    endloop
  endfacet
  facet normal 0 0 -1
    outer loop
      vertex -32.296 -25.5743 0
      vertex -38.6379 -24.9407 0
      vertex -38.4118 -24.7424 0
    endloop
  endfacet
  facet normal 0 0 -1
    outer loop
      vertex -32.296 -25.5743 0
      vertex -38.8881 -25.1079 0
      vertex -38.6379 -24.9407 0
    endloop
  endfacet
  facet normal 0 0 -1
    outer loop
      vertex -41.3682 -30.8122 0
      vertex -38.8881 -25.1079 0
      vertex -32.296 -25.5743 0
    endloop
  endfacet
  facet normal 0 0 -1
    outer loop
      vertex -38.8881 -25.1079 0
      vertex -41.3682 -30.8122 0
      vertex -39.1579 -25.2409 0
    endloop
  endfacet
  facet normal 0 0 -1
    outer loop
      vertex -39.1579 -25.2409 0
      vertex -41.3682 -30.8122 0
      vertex -39.4428 -25.3376 0
    endloop
  endfacet
  facet normal 0 0 -1
    outer loop
      vertex -39.4428 -25.3376 0
      vertex -41.3682 -30.8122 0
      vertex -39.7379 -25.3963 0
    endloop
  endfacet
  facet normal 0 0 -1
    outer loop
      vertex -39.7379 -25.3963 0
      vertex -41.3682 -30.8122 0
      vertex -40.0381 -25.416 0
    endloop
  endfacet
  facet normal 0 0 -1
    outer loop
      vertex -41.3682 -30.8122 0
      vertex -40.3383 -25.3963 0
      vertex -40.0381 -25.416 0
    endloop
  endfacet
  facet normal 0 0 -1
    outer loop
      vertex -41.3682 -30.8122 0
      vertex -40.6334 -25.3376 0
      vertex -40.3383 -25.3963 0
    endloop
  endfacet
  facet normal 0 0 -1
    outer loop
      vertex -41.3682 -30.8122 0
      vertex -40.9183 -25.2409 0
      vertex -40.6334 -25.3376 0
    endloop
  endfacet
  facet normal 0 0 -1
    outer loop
      vertex -41.3682 -30.8122 0
      vertex -41.1881 -25.1079 0
      vertex -40.9183 -25.2409 0
    endloop
  endfacet
  facet normal 0 0 -1
    outer loop
      vertex -41.3682 -30.8122 0
      vertex -41.4382 -24.9407 0
      vertex -41.1881 -25.1079 0
    endloop
  endfacet
  facet normal 0 0 -1
    outer loop
      vertex -41.3682 -30.8122 0
      vertex -41.6644 -24.7424 0
      vertex -41.4382 -24.9407 0
    endloop
  endfacet
  facet normal 0 0 -1
    outer loop
      vertex -41.3682 -30.8122 0
      vertex -41.8628 -24.5162 0
      vertex -41.6644 -24.7424 0
    endloop
  endfacet
  facet normal 0 0 -1
    outer loop
      vertex -41.3682 -30.8122 0
      vertex -42.03 -24.266 0
      vertex -41.8628 -24.5162 0
    endloop
  endfacet
  facet normal 0 0 -1
    outer loop
      vertex -47.3682 -20.4199 0
      vertex -42.03 -24.266 0
      vertex -41.3682 -30.8122 0
    endloop
  endfacet
  facet normal 0 0 -1
    outer loop
      vertex -42.03 -24.266 0
      vertex -47.3682 -20.4199 0
      vertex -42.163 -23.9962 0
    endloop
  endfacet
  facet normal 0 0 -1
    outer loop
      vertex -42.163 -23.9962 0
      vertex -47.3682 -20.4199 0
      vertex -42.2597 -23.7113 0
    endloop
  endfacet
  facet normal 0 0 -1
    outer loop
      vertex -42.3184 -23.4162 0
      vertex -47.3682 -20.4199 0
      vertex -42.3381 -23.116 0
    endloop
  endfacet
  facet normal 0 0 -1
    outer loop
      vertex -42.2597 -23.7113 0
      vertex -47.3682 -20.4199 0
      vertex -42.3184 -23.4162 0
    endloop
  endfacet
  facet normal 0 0 -1
    outer loop
      vertex -12 -37.832 0
      vertex -10.0505 -37.5088 0
      vertex -8.42579 -37.832 0
    endloop
  endfacet
  facet normal -0 0 -1
    outer loop
      vertex -10.0505 -37.5088 0
      vertex -12 -37.832 0
      vertex -14.8604 -35.8761 0
    endloop
  endfacet
  facet normal 0 0 -1
    outer loop
      vertex -33.6295 -19.416 0
      vertex -37.7578 -22.8158 0
      vertex -37.8165 -22.5207 0
    endloop
  endfacet
  facet normal 0 0 -1
    outer loop
      vertex -33.6295 -19.416 0
      vertex -37.8165 -22.5207 0
      vertex -37.9132 -22.2358 0
    endloop
  endfacet
  facet normal 0 0 -1
    outer loop
      vertex -38.2134 -21.7159 0
      vertex -33.6295 -19.416 0
      vertex -38.0462 -21.966 0
    endloop
  endfacet
  facet normal 0 0 -1
    outer loop
      vertex -38.4118 -21.4897 0
      vertex -33.6295 -19.416 0
      vertex -38.2134 -21.7159 0
    endloop
  endfacet
  facet normal 0 0 -1
    outer loop
      vertex -33.6295 -19.416 0
      vertex -38.296 -15.182 0
      vertex -35.8761 -14.8604 0
    endloop
  endfacet
  facet normal -0 0 -1
    outer loop
      vertex -35.8761 -14.8604 0
      vertex -38.296 -15.182 0
      vertex -37.5088 -10.0505 0
    endloop
  endfacet
  facet normal 0 0 -1
    outer loop
      vertex -39.8271 -10.6716 0
      vertex -37.5088 -10.0505 0
      vertex -38.296 -15.182 0
    endloop
  endfacet
  facet normal -0 0 -1
    outer loop
      vertex -37.5088 -10.0505 0
      vertex -39.8271 -10.6716 0
      vertex -38.4998 -5.06859 0
    endloop
  endfacet
  facet normal 0 0 -1
    outer loop
      vertex -40.8793 -5.38186 0
      vertex -38.4998 -5.06859 0
      vertex -39.8271 -10.6716 0
    endloop
  endfacet
  facet normal 0 0 -1
    outer loop
      vertex -15.7788 38.0934 0
      vertex -11 37.1865 0
      vertex -14.8604 35.8761 0
    endloop
  endfacet
  facet normal 0 0 -1
    outer loop
      vertex -11 37.1865 0
      vertex -15.7788 38.0934 0
      vertex -11 39.7156 0
    endloop
  endfacet
  facet normal 0 0 -1
    outer loop
      vertex -19.416 33.6295 0
      vertex -15.7788 38.0934 0
      vertex -14.8604 35.8761 0
    endloop
  endfacet
  facet normal 0 0 -1
    outer loop
      vertex -19.416 33.6295 0
      vertex -20.616 35.708 0
      vertex -15.7788 38.0934 0
    endloop
  endfacet
  facet normal 0 0 -1
    outer loop
      vertex -23.6394 30.8075 0
      vertex -20.616 35.708 0
      vertex -19.416 33.6295 0
    endloop
  endfacet
  facet normal 0 0 -1
    outer loop
      vertex -23.6394 30.8075 0
      vertex -25.1005 32.7116 0
      vertex -20.616 35.708 0
    endloop
  endfacet
  facet normal 0 0 -1
    outer loop
      vertex -27.4584 27.4584 0
      vertex -25.1005 32.7116 0
      vertex -23.6394 30.8075 0
    endloop
  endfacet
  facet normal 0 0 -1
    outer loop
      vertex -27.4584 27.4584 0
      vertex -29.1554 29.1554 0
      vertex -25.1005 32.7116 0
    endloop
  endfacet
  facet normal 0 0 -1
    outer loop
      vertex -30.8075 23.6394 0
      vertex -29.1554 29.1554 0
      vertex -27.4584 27.4584 0
    endloop
  endfacet
  facet normal 0 0 -1
    outer loop
      vertex -30.8075 23.6394 0
      vertex -32.7116 25.1005 0
      vertex -29.1554 29.1554 0
    endloop
  endfacet
  facet normal 0 0 -1
    outer loop
      vertex -33.6295 19.416 0
      vertex -32.7116 25.1005 0
      vertex -30.8075 23.6394 0
    endloop
  endfacet
  facet normal 0 0 -1
    outer loop
      vertex -33.6295 19.416 0
      vertex -35.708 20.616 0
      vertex -32.7116 25.1005 0
    endloop
  endfacet
  facet normal 0 0 -1
    outer loop
      vertex -35.8761 14.8604 0
      vertex -35.708 20.616 0
      vertex -33.6295 19.416 0
    endloop
  endfacet
  facet normal 0 0 -1
    outer loop
      vertex -38.0934 15.7788 0
      vertex -35.8761 14.8604 0
      vertex -37.5088 10.0505 0
    endloop
  endfacet
  facet normal 0 0 -1
    outer loop
      vertex -35.8761 14.8604 0
      vertex -38.0934 15.7788 0
      vertex -35.708 20.616 0
    endloop
  endfacet
  facet normal 0 0 -1
    outer loop
      vertex -39.8271 10.6716 0
      vertex -37.5088 10.0505 0
      vertex -38.4998 5.06859 0
    endloop
  endfacet
  facet normal 0 0 -1
    outer loop
      vertex -40.8793 5.38186 0
      vertex -38.4998 5.06859 0
      vertex -38.832 0 0
    endloop
  endfacet
  facet normal -0 0 -1
    outer loop
      vertex -38.4998 -5.06859 0
      vertex -40.8793 -5.38186 0
      vertex -38.832 0 0
    endloop
  endfacet
  facet normal 0 0 -1
    outer loop
      vertex -37.5088 10.0505 0
      vertex -39.8271 10.6716 0
      vertex -38.0934 15.7788 0
    endloop
  endfacet
  facet normal 0 0 -1
    outer loop
      vertex -41.232 0 0
      vertex -38.832 0 0
      vertex -40.8793 -5.38186 0
    endloop
  endfacet
  facet normal 0 0 -1
    outer loop
      vertex -38.4998 5.06859 0
      vertex -40.8793 5.38186 0
      vertex -39.8271 10.6716 0
    endloop
  endfacet
  facet normal 0 0 -1
    outer loop
      vertex -38.832 0 0
      vertex -41.232 0 0
      vertex -40.8793 5.38186 0
    endloop
  endfacet
  facet normal 0 0 -1
    outer loop
      vertex -10.5788 33.4672 0
      vertex -11.0931 34.9822 0
      vertex -11 35.0138 0
    endloop
  endfacet
  facet normal 0 0 -1
    outer loop
      vertex -10.5788 33.4672 0
      vertex -11.2865 34.9021 0
      vertex -11.0931 34.9822 0
    endloop
  endfacet
  facet normal 0 0 -1
    outer loop
      vertex -11.4 33.0622 0
      vertex -11.2865 34.9021 0
      vertex -10.5788 33.4672 0
    endloop
  endfacet
  facet normal 0 0 -1
    outer loop
      vertex -11.4 33.0622 0
      vertex -12.1077 34.4972 0
      vertex -11.2865 34.9021 0
    endloop
  endfacet
  facet normal 0 0 -1
    outer loop
      vertex -12.2889 34.3925 0
      vertex -11.4 33.0622 0
      vertex -12.1613 32.5535 0
    endloop
  endfacet
  facet normal 0 0 -1
    outer loop
      vertex -11.4 33.0622 0
      vertex -12.2889 34.3925 0
      vertex -12.1077 34.4972 0
    endloop
  endfacet
  facet normal 0 0 -1
    outer loop
      vertex -13.2163 33.7564 0
      vertex -12.1613 32.5535 0
      vertex -12.8497 31.9497 0
    endloop
  endfacet
  facet normal 0 0 -1
    outer loop
      vertex -12.1613 32.5535 0
      vertex -13.0502 33.8838 0
      vertex -12.2889 34.3925 0
    endloop
  endfacet
  facet normal 0 0 -1
    outer loop
      vertex -12.1613 32.5535 0
      vertex -13.2163 33.7564 0
      vertex -13.0502 33.8838 0
    endloop
  endfacet
  facet normal 0 0 -1
    outer loop
      vertex -14.0527 33.0047 0
      vertex -12.8497 31.9497 0
      vertex -13.4535 31.2613 0
    endloop
  endfacet
  facet normal 0 0 -1
    outer loop
      vertex -12.8497 31.9497 0
      vertex -13.9047 33.1527 0
      vertex -13.2163 33.7564 0
    endloop
  endfacet
  facet normal 0 0 -1
    outer loop
      vertex -14.7838 32.1503 0
      vertex -13.4535 31.2613 0
      vertex -13.9622 30.5 0
    endloop
  endfacet
  facet normal 0 0 -1
    outer loop
      vertex -12.8497 31.9497 0
      vertex -14.0527 33.0047 0
      vertex -13.9047 33.1527 0
    endloop
  endfacet
  facet normal 0 0 -1
    outer loop
      vertex -15.3972 31.2076 0
      vertex -13.9622 30.5 0
      vertex -14.3672 29.6788 0
    endloop
  endfacet
  facet normal 0 0 -1
    outer loop
      vertex -13.4535 31.2613 0
      vertex -14.6564 32.3163 0
      vertex -14.0527 33.0047 0
    endloop
  endfacet
  facet normal 0 0 -1
    outer loop
      vertex -15.8822 30.1931 0
      vertex -14.3672 29.6788 0
      vertex -14.6615 28.8117 0
    endloop
  endfacet
  facet normal 0 0 -1
    outer loop
      vertex -13.4535 31.2613 0
      vertex -14.7838 32.1503 0
      vertex -14.6564 32.3163 0
    endloop
  endfacet
  facet normal 0 0 -1
    outer loop
      vertex -16.2307 29.1239 0
      vertex -14.6615 28.8117 0
      vertex -14.8401 27.9137 0
    endloop
  endfacet
  facet normal 0 0 -1
    outer loop
      vertex -16.4367 28.0183 0
      vertex -14.8401 27.9137 0
      vertex -14.9 27 0
    endloop
  endfacet
  facet normal 0 0 -1
    outer loop
      vertex -13.9622 30.5 0
      vertex -15.2925 31.3889 0
      vertex -14.7838 32.1503 0
    endloop
  endfacet
  facet normal 0 0 -1
    outer loop
      vertex 5.06859 38.4998 0
      vertex 7 40.5574 0
      vertex 7 38.1156 0
    endloop
  endfacet
  facet normal -0 0 -1
    outer loop
      vertex 7 40.5574 0
      vertex 5.06859 38.4998 0
      vertex 5.38186 40.8793 0
    endloop
  endfacet
  facet normal 0 0 -1
    outer loop
      vertex 0 38.832 0
      vertex 5.38186 40.8793 0
      vertex 5.06859 38.4998 0
    endloop
  endfacet
  facet normal 0 0 -1
    outer loop
      vertex 0 38.832 0
      vertex 0 41.232 0
      vertex 5.38186 40.8793 0
    endloop
  endfacet
  facet normal 0 0 -1
    outer loop
      vertex -5.06859 38.4998 0
      vertex 0 41.232 0
      vertex 0 38.832 0
    endloop
  endfacet
  facet normal 0 0 -1
    outer loop
      vertex -5.06859 38.4998 0
      vertex -5.38186 40.8793 0
      vertex 0 41.232 0
    endloop
  endfacet
  facet normal 0 0 -1
    outer loop
      vertex -7 40.5574 0
      vertex -5.06859 38.4998 0
      vertex -7 38.1156 0
    endloop
  endfacet
  facet normal 0 0 -1
    outer loop
      vertex -5.06859 38.4998 0
      vertex -7 40.5574 0
      vertex -5.38186 40.8793 0
    endloop
  endfacet
  facet normal 0 0 -1
    outer loop
      vertex 7.9 34 0
      vertex -7 35.6 0
      vertex 7 35.6 0
    endloop
  endfacet
  facet normal 0 0 -1
    outer loop
      vertex -11 37.1865 0
      vertex -7 38.1156 0
      vertex -7 35.6 0
    endloop
  endfacet
  facet normal 0 0 -1
    outer loop
      vertex -11 39.7156 0
      vertex -7 38.1156 0
      vertex -11 37.1865 0
    endloop
  endfacet
  facet normal 0 0 -1
    outer loop
      vertex -7.9 34 0
      vertex -7 35.6 0
      vertex 7.9 34 0
    endloop
  endfacet
  facet normal 0 0 -1
    outer loop
      vertex -8.81368 33.9401 0
      vertex -7 35.6 0
      vertex -7.9 34 0
    endloop
  endfacet
  facet normal -0 0 -1
    outer loop
      vertex -7 35.6 0
      vertex -8.81368 33.9401 0
      vertex -11 37.1865 0
    endloop
  endfacet
  facet normal 0 0 -1
    outer loop
      vertex -11 35.0138 0
      vertex -8.81368 33.9401 0
      vertex -9.71173 33.7615 0
    endloop
  endfacet
  facet normal 0 0 -1
    outer loop
      vertex -11 35.0138 0
      vertex -9.71173 33.7615 0
      vertex -10.5788 33.4672 0
    endloop
  endfacet
  facet normal 0 0 -1
    outer loop
      vertex -8.81368 33.9401 0
      vertex -11 35.0138 0
      vertex -11 37.1865 0
    endloop
  endfacet
  facet normal 0 0 -1
    outer loop
      vertex -7 38.1156 0
      vertex -11 39.7156 0
      vertex -7 40.5574 0
    endloop
  endfacet
  facet normal 0 0 -1
    outer loop
      vertex -11 40.732 0
      vertex -7 40.5574 0
      vertex -11 39.7156 0
    endloop
  endfacet
  facet normal 0 0 -1
    outer loop
      vertex -7 40.5574 0
      vertex -11 40.732 0
      vertex -7 40.732 0
    endloop
  endfacet
  facet normal 0 0 -1
    outer loop
      vertex 14.9 27 0
      vertex 16.4966 26.8954 0
      vertex 16.4367 25.9817 0
    endloop
  endfacet
  facet normal 0 0 -1
    outer loop
      vertex 16.4966 26.8954 0
      vertex 14.9 27 0
      vertex 16.4966 27.1047 0
    endloop
  endfacet
  facet normal 0 0 -1
    outer loop
      vertex 14.8401 26.0863 0
      vertex 16.4367 25.9817 0
      vertex 16.4094 25.7742 0
    endloop
  endfacet
  facet normal -0 0 -1
    outer loop
      vertex 16.4966 27.1047 0
      vertex 14.9 27 0
      vertex 16.4367 28.0183 0
    endloop
  endfacet
  facet normal 0 0 -1
    outer loop
      vertex 14.8401 26.0863 0
      vertex 16.4094 25.7742 0
      vertex 16.2307 24.8761 0
    endloop
  endfacet
  facet normal 0 0 -1
    outer loop
      vertex 14.8401 27.9137 0
      vertex 16.4367 28.0183 0
      vertex 14.9 27 0
    endloop
  endfacet
  facet normal 0 0 -1
    outer loop
      vertex 14.6615 25.1883 0
      vertex 16.2307 24.8761 0
      vertex 16.1766 24.674 0
    endloop
  endfacet
  facet normal -0 0 -1
    outer loop
      vertex 16.4367 28.0183 0
      vertex 14.8401 27.9137 0
      vertex 16.4094 28.2258 0
    endloop
  endfacet
  facet normal 0 0 -1
    outer loop
      vertex 14.6615 25.1883 0
      vertex 16.1766 24.674 0
      vertex 15.8822 23.8069 0
    endloop
  endfacet
  facet normal -0 0 -1
    outer loop
      vertex 16.4094 28.2258 0
      vertex 14.8401 27.9137 0
      vertex 16.2307 29.1239 0
    endloop
  endfacet
  facet normal 0 0 -1
    outer loop
      vertex 14.6615 28.8117 0
      vertex 16.2307 29.1239 0
      vertex 14.8401 27.9137 0
    endloop
  endfacet
  facet normal 0 0 -1
    outer loop
      vertex 14.3672 24.3212 0
      vertex 15.8822 23.8069 0
      vertex 15.8021 23.6136 0
    endloop
  endfacet
  facet normal -0 0 -1
    outer loop
      vertex 16.2307 29.1239 0
      vertex 14.6615 28.8117 0
      vertex 16.1766 29.326 0
    endloop
  endfacet
  facet normal 0 0 -1
    outer loop
      vertex 14.3672 24.3212 0
      vertex 15.8021 23.6136 0
      vertex 15.3972 22.7924 0
    endloop
  endfacet
  facet normal 0 0 -1
    outer loop
      vertex 13.9622 23.5 0
      vertex 15.3972 22.7924 0
      vertex 15.2925 22.6111 0
    endloop
  endfacet
  facet normal -0 0 -1
    outer loop
      vertex 16.1766 29.326 0
      vertex 14.6615 28.8117 0
      vertex 15.8822 30.1931 0
    endloop
  endfacet
  facet normal 0 0 -1
    outer loop
      vertex 14.3672 29.6788 0
      vertex 15.8822 30.1931 0
      vertex 14.6615 28.8117 0
    endloop
  endfacet
  facet normal 0 0 -1
    outer loop
      vertex 16.4367 25.9817 0
      vertex 14.8401 26.0863 0
      vertex 14.9 27 0
    endloop
  endfacet
  facet normal 0 0 -1
    outer loop
      vertex 13.9622 23.5 0
      vertex 15.2925 22.6111 0
      vertex 14.7838 21.8497 0
    endloop
  endfacet
  facet normal 0 0 -1
    outer loop
      vertex 16.2307 24.8761 0
      vertex 14.6615 25.1883 0
      vertex 14.8401 26.0863 0
    endloop
  endfacet
  facet normal 0 0 -1
    outer loop
      vertex 13.4535 22.7387 0
      vertex 14.7838 21.8497 0
      vertex 14.6564 21.6837 0
    endloop
  endfacet
  facet normal 0 0 -1
    outer loop
      vertex 15.8822 23.8069 0
      vertex 14.3672 24.3212 0
      vertex 14.6615 25.1883 0
    endloop
  endfacet
  facet normal 0 0 -1
    outer loop
      vertex 13.0851 22.3187 0
      vertex 14.6564 21.6837 0
      vertex 14.0527 20.9953 0
    endloop
  endfacet
  facet normal 0 0 -1
    outer loop
      vertex 15.3972 22.7924 0
      vertex 13.9622 23.5 0
      vertex 14.3672 24.3212 0
    endloop
  endfacet
  facet normal 0 0 -1
    outer loop
      vertex 12.8497 22.0502 0
      vertex 14.0527 20.9953 0
      vertex 13.9047 20.8473 0
    endloop
  endfacet
  facet normal 0 0 -1
    outer loop
      vertex 14.7838 21.8497 0
      vertex 13.4535 22.7387 0
      vertex 13.9622 23.5 0
    endloop
  endfacet
  facet normal 0 0 -1
    outer loop
      vertex 12.4339 21.6856 0
      vertex 13.9047 20.8473 0
      vertex 13.2163 20.2436 0
    endloop
  endfacet
  facet normal 0 0 -1
    outer loop
      vertex 14.6564 21.6837 0
      vertex 13.0851 22.3187 0
      vertex 13.4535 22.7387 0
    endloop
  endfacet
  facet normal 0 0 -1
    outer loop
      vertex 12.1613 21.4465 0
      vertex 13.2163 20.2436 0
      vertex 13.0502 20.1162 0
    endloop
  endfacet
  facet normal 0 0 -1
    outer loop
      vertex 14.0527 20.9953 0
      vertex 12.8497 22.0502 0
      vertex 13.0851 22.3187 0
    endloop
  endfacet
  facet normal 0 0 -1
    outer loop
      vertex 13.9047 20.8473 0
      vertex 12.4339 21.6856 0
      vertex 12.8497 22.0502 0
    endloop
  endfacet
  facet normal 0 0 -1
    outer loop
      vertex 12.1613 21.4465 0
      vertex 13.0502 20.1162 0
      vertex 12.2889 19.6075 0
    endloop
  endfacet
  facet normal 0 0 -1
    outer loop
      vertex 13.2163 20.2436 0
      vertex 12.1613 21.4465 0
      vertex 12.4339 21.6856 0
    endloop
  endfacet
  facet normal 0 0 -1
    outer loop
      vertex 11.4 20.9378 0
      vertex 12.2889 19.6075 0
      vertex 12.1077 19.5028 0
    endloop
  endfacet
  facet normal 0 0 -1
    outer loop
      vertex 12.2889 19.6075 0
      vertex 11.4 20.9378 0
      vertex 12.1613 21.4465 0
    endloop
  endfacet
  facet normal 0 0 -1
    outer loop
      vertex 11.1517 20.8154 0
      vertex 12.1077 19.5028 0
      vertex 11.2865 19.0978 0
    endloop
  endfacet
  facet normal 0 0 -1
    outer loop
      vertex 12.1077 19.5028 0
      vertex 11.1517 20.8154 0
      vertex 11.4 20.9378 0
    endloop
  endfacet
  facet normal 0 0 -1
    outer loop
      vertex 10.5788 20.5328 0
      vertex 11.2865 19.0978 0
      vertex 11.0931 19.0177 0
    endloop
  endfacet
  facet normal 0 0 -1
    outer loop
      vertex 11.2865 19.0978 0
      vertex 10.5788 20.5328 0
      vertex 11.1517 20.8154 0
    endloop
  endfacet
  facet normal 0 0 -1
    outer loop
      vertex 10.226 18.7234 0
      vertex 10.5788 20.5328 0
      vertex 11.0931 19.0177 0
    endloop
  endfacet
  facet normal 0 0 -1
    outer loop
      vertex 9.71173 20.2385 0
      vertex 10.226 18.7234 0
      vertex 10.0239 18.6693 0
    endloop
  endfacet
  facet normal 0 0 -1
    outer loop
      vertex 10.226 18.7234 0
      vertex 9.71173 20.2385 0
      vertex 10.5788 20.5328 0
    endloop
  endfacet
  facet normal 0 0 -1
    outer loop
      vertex 9.12582 18.4906 0
      vertex 9.71173 20.2385 0
      vertex 10.0239 18.6693 0
    endloop
  endfacet
  facet normal 0 0 -1
    outer loop
      vertex 8.81367 20.0599 0
      vertex 9.12582 18.4906 0
      vertex 8.9183 18.4633 0
    endloop
  endfacet
  facet normal 0 0 -1
    outer loop
      vertex 9.12582 18.4906 0
      vertex 8.81367 20.0599 0
      vertex 9.71173 20.2385 0
    endloop
  endfacet
  facet normal 0 0 -1
    outer loop
      vertex 7.9364 20.0024 0
      vertex 8.9183 18.4633 0
      vertex 8.00462 18.4034 0
    endloop
  endfacet
  facet normal 0 0 -1
    outer loop
      vertex 8.9183 18.4633 0
      vertex 7.9364 20.0024 0
      vertex 8.81367 20.0599 0
    endloop
  endfacet
  facet normal 0 0 -1
    outer loop
      vertex 8.00462 18.4034 0
      vertex 7.9 20 0
      vertex 7.9364 20.0024 0
    endloop
  endfacet
  facet normal 0 0 -1
    outer loop
      vertex 7.89999 18.4 0
      vertex 7.9 20 0
      vertex 8.00462 18.4034 0
    endloop
  endfacet
  facet normal 0 0 -1
    outer loop
      vertex -7.89999 18.4 0
      vertex 7.9 20 0
      vertex 7.89999 18.4 0
    endloop
  endfacet
  facet normal 0 0 -1
    outer loop
      vertex -7.89999 18.4 0
      vertex -7.9 20 0
      vertex 7.9 20 0
    endloop
  endfacet
  facet normal 0 0 -1
    outer loop
      vertex -8.00462 18.4034 0
      vertex -7.9 20 0
      vertex -7.89999 18.4 0
    endloop
  endfacet
  facet normal -0 0 -1
    outer loop
      vertex -7.9 20 0
      vertex -8.00462 18.4034 0
      vertex -7.9364 20.0024 0
    endloop
  endfacet
  facet normal 0 0 -1
    outer loop
      vertex -8.9183 18.4633 0
      vertex -7.9364 20.0024 0
      vertex -8.00462 18.4034 0
    endloop
  endfacet
  facet normal -0 0 -1
    outer loop
      vertex -7.9364 20.0024 0
      vertex -8.9183 18.4633 0
      vertex -8.81367 20.0599 0
    endloop
  endfacet
  facet normal 0 0 -1
    outer loop
      vertex -9.12582 18.4906 0
      vertex -8.81367 20.0599 0
      vertex -8.9183 18.4633 0
    endloop
  endfacet
  facet normal 0 0 -1
    outer loop
      vertex -9.12582 18.4906 0
      vertex -9.71173 20.2385 0
      vertex -8.81367 20.0599 0
    endloop
  endfacet
  facet normal 0 0 -1
    outer loop
      vertex -10.0239 18.6693 0
      vertex -9.71173 20.2385 0
      vertex -9.12582 18.4906 0
    endloop
  endfacet
  facet normal 0 0 -1
    outer loop
      vertex -10.226 18.7234 0
      vertex -9.71173 20.2385 0
      vertex -10.0239 18.6693 0
    endloop
  endfacet
  facet normal 0 0 -1
    outer loop
      vertex -10.226 18.7234 0
      vertex -10.5788 20.5328 0
      vertex -9.71173 20.2385 0
    endloop
  endfacet
  facet normal 0 0 -1
    outer loop
      vertex -11.0931 19.0177 0
      vertex -10.5788 20.5328 0
      vertex -10.226 18.7234 0
    endloop
  endfacet
  facet normal 0 0 -1
    outer loop
      vertex -11.2865 19.0978 0
      vertex -10.5788 20.5328 0
      vertex -11.0931 19.0177 0
    endloop
  endfacet
  facet normal -0 0 -1
    outer loop
      vertex -10.5788 20.5328 0
      vertex -11.2865 19.0978 0
      vertex -11.1517 20.8154 0
    endloop
  endfacet
  facet normal 0 0 -1
    outer loop
      vertex -12.1077 19.5028 0
      vertex -11.1517 20.8154 0
      vertex -11.2865 19.0978 0
    endloop
  endfacet
  facet normal -0 0 -1
    outer loop
      vertex -11.1517 20.8154 0
      vertex -12.1077 19.5028 0
      vertex -11.4 20.9378 0
    endloop
  endfacet
  facet normal 0 0 -1
    outer loop
      vertex -12.2889 19.6075 0
      vertex -11.4 20.9378 0
      vertex -12.1077 19.5028 0
    endloop
  endfacet
  facet normal -0 0 -1
    outer loop
      vertex -11.4 20.9378 0
      vertex -12.2889 19.6075 0
      vertex -12.1613 21.4465 0
    endloop
  endfacet
  facet normal 0 0 -1
    outer loop
      vertex -13.0502 20.1162 0
      vertex -12.1613 21.4465 0
      vertex -12.2889 19.6075 0
    endloop
  endfacet
  facet normal 0 0 -1
    outer loop
      vertex -13.2163 20.2436 0
      vertex -12.1613 21.4465 0
      vertex -13.0502 20.1162 0
    endloop
  endfacet
  facet normal -0 0 -1
    outer loop
      vertex -12.1613 21.4465 0
      vertex -13.2163 20.2436 0
      vertex -12.4339 21.6856 0
    endloop
  endfacet
  facet normal 0 0 -1
    outer loop
      vertex -13.9047 20.8473 0
      vertex -12.4339 21.6856 0
      vertex -13.2163 20.2436 0
    endloop
  endfacet
  facet normal -0 0 -1
    outer loop
      vertex -12.4339 21.6856 0
      vertex -13.9047 20.8473 0
      vertex -12.8497 22.0502 0
    endloop
  endfacet
  facet normal 0 0 -1
    outer loop
      vertex -14.0527 20.9953 0
      vertex -12.8497 22.0502 0
      vertex -13.9047 20.8473 0
    endloop
  endfacet
  facet normal -0 0 -1
    outer loop
      vertex -12.8497 22.0502 0
      vertex -14.0527 20.9953 0
      vertex -13.0851 22.3187 0
    endloop
  endfacet
  facet normal 0 0 -1
    outer loop
      vertex -14.6564 21.6837 0
      vertex -13.0851 22.3187 0
      vertex -14.0527 20.9953 0
    endloop
  endfacet
  facet normal -0 0 -1
    outer loop
      vertex -13.0851 22.3187 0
      vertex -14.6564 21.6837 0
      vertex -13.4535 22.7387 0
    endloop
  endfacet
  facet normal 0 0 -1
    outer loop
      vertex -14.7838 21.8497 0
      vertex -13.4535 22.7387 0
      vertex -14.6564 21.6837 0
    endloop
  endfacet
  facet normal -0 0 -1
    outer loop
      vertex -13.4535 22.7387 0
      vertex -14.7838 21.8497 0
      vertex -13.9622 23.5 0
    endloop
  endfacet
  facet normal 0 0 -1
    outer loop
      vertex -15.2925 22.6111 0
      vertex -13.9622 23.5 0
      vertex -14.7838 21.8497 0
    endloop
  endfacet
  facet normal 0 0 -1
    outer loop
      vertex -15.3972 22.7924 0
      vertex -13.9622 23.5 0
      vertex -15.2925 22.6111 0
    endloop
  endfacet
  facet normal -0 0 -1
    outer loop
      vertex -13.9622 23.5 0
      vertex -15.3972 22.7924 0
      vertex -14.3672 24.3212 0
    endloop
  endfacet
  facet normal 0 0 -1
    outer loop
      vertex -15.8021 23.6136 0
      vertex -14.3672 24.3212 0
      vertex -15.3972 22.7924 0
    endloop
  endfacet
  facet normal 0 0 -1
    outer loop
      vertex -15.8822 23.8069 0
      vertex -14.3672 24.3212 0
      vertex -15.8021 23.6136 0
    endloop
  endfacet
  facet normal -0 0 -1
    outer loop
      vertex -14.3672 24.3212 0
      vertex -15.8822 23.8069 0
      vertex -14.6615 25.1883 0
    endloop
  endfacet
  facet normal 0 0 -1
    outer loop
      vertex -16.1766 24.674 0
      vertex -14.6615 25.1883 0
      vertex -15.8822 23.8069 0
    endloop
  endfacet
  facet normal 0 0 -1
    outer loop
      vertex -13.9622 30.5 0
      vertex -15.3972 31.2076 0
      vertex -15.2925 31.3889 0
    endloop
  endfacet
  facet normal 0 0 -1
    outer loop
      vertex -16.2307 24.8761 0
      vertex -14.6615 25.1883 0
      vertex -16.1766 24.674 0
    endloop
  endfacet
  facet normal 0 0 -1
    outer loop
      vertex -14.3672 29.6788 0
      vertex -15.8022 30.3864 0
      vertex -15.3972 31.2076 0
    endloop
  endfacet
  facet normal -0 0 -1
    outer loop
      vertex -14.6615 25.1883 0
      vertex -16.2307 24.8761 0
      vertex -14.8401 26.0863 0
    endloop
  endfacet
  facet normal 0 0 -1
    outer loop
      vertex -14.3672 29.6788 0
      vertex -15.8822 30.1931 0
      vertex -15.8022 30.3864 0
    endloop
  endfacet
  facet normal 0 0 -1
    outer loop
      vertex -16.4094 25.7742 0
      vertex -14.8401 26.0863 0
      vertex -16.2307 24.8761 0
    endloop
  endfacet
  facet normal 0 0 -1
    outer loop
      vertex -14.6615 28.8117 0
      vertex -16.1766 29.326 0
      vertex -15.8822 30.1931 0
    endloop
  endfacet
  facet normal 0 0 -1
    outer loop
      vertex -16.4367 25.9817 0
      vertex -14.8401 26.0863 0
      vertex -16.4094 25.7742 0
    endloop
  endfacet
  facet normal 0 0 -1
    outer loop
      vertex -14.6615 28.8117 0
      vertex -16.2307 29.1239 0
      vertex -16.1766 29.326 0
    endloop
  endfacet
  facet normal -0 0 -1
    outer loop
      vertex -14.8401 26.0863 0
      vertex -16.4367 25.9817 0
      vertex -14.9 27 0
    endloop
  endfacet
  facet normal 0 0 -1
    outer loop
      vertex -14.8401 27.9137 0
      vertex -16.4094 28.2258 0
      vertex -16.2307 29.1239 0
    endloop
  endfacet
  facet normal 0 0 -1
    outer loop
      vertex -16.4966 26.8954 0
      vertex -14.9 27 0
      vertex -16.4367 25.9817 0
    endloop
  endfacet
  facet normal 0 0 -1
    outer loop
      vertex -14.8401 27.9137 0
      vertex -16.4367 28.0183 0
      vertex -16.4094 28.2258 0
    endloop
  endfacet
  facet normal 0 0 -1
    outer loop
      vertex -16.4966 27.1047 0
      vertex -14.9 27 0
      vertex -16.4966 26.8954 0
    endloop
  endfacet
  facet normal 0 0 -1
    outer loop
      vertex -14.9 27 0
      vertex -16.4966 27.1047 0
      vertex -16.4367 28.0183 0
    endloop
  endfacet
  facet normal -0 0 -1
    outer loop
      vertex 15.8822 30.1931 0
      vertex 14.3672 29.6788 0
      vertex 15.8022 30.3864 0
    endloop
  endfacet
  facet normal -0 0 -1
    outer loop
      vertex 15.8022 30.3864 0
      vertex 14.3672 29.6788 0
      vertex 15.3972 31.2076 0
    endloop
  endfacet
  facet normal 0 0 -1
    outer loop
      vertex 13.9622 30.5 0
      vertex 15.3972 31.2076 0
      vertex 14.3672 29.6788 0
    endloop
  endfacet
  facet normal -0 0 -1
    outer loop
      vertex 15.3972 31.2076 0
      vertex 13.9622 30.5 0
      vertex 15.2925 31.3889 0
    endloop
  endfacet
  facet normal -0 0 -1
    outer loop
      vertex 15.2925 31.3889 0
      vertex 13.9622 30.5 0
      vertex 14.7838 32.1503 0
    endloop
  endfacet
  facet normal 0 0 -1
    outer loop
      vertex 13.4535 31.2613 0
      vertex 14.7838 32.1503 0
      vertex 13.9622 30.5 0
    endloop
  endfacet
  facet normal -0 0 -1
    outer loop
      vertex 14.7838 32.1503 0
      vertex 13.4535 31.2613 0
      vertex 14.6564 32.3163 0
    endloop
  endfacet
  facet normal -0 0 -1
    outer loop
      vertex 14.6564 32.3163 0
      vertex 13.4535 31.2613 0
      vertex 14.0527 33.0047 0
    endloop
  endfacet
  facet normal 0 0 -1
    outer loop
      vertex 12.8497 31.9497 0
      vertex 14.0527 33.0047 0
      vertex 13.4535 31.2613 0
    endloop
  endfacet
  facet normal -0 0 -1
    outer loop
      vertex 14.0527 33.0047 0
      vertex 12.8497 31.9497 0
      vertex 13.9047 33.1527 0
    endloop
  endfacet
  facet normal -0 0 -1
    outer loop
      vertex 13.9047 33.1527 0
      vertex 12.8497 31.9497 0
      vertex 13.2163 33.7564 0
    endloop
  endfacet
  facet normal 0 0 -1
    outer loop
      vertex 12.1613 32.5535 0
      vertex 13.2163 33.7564 0
      vertex 12.8497 31.9497 0
    endloop
  endfacet
  facet normal -0 0 -1
    outer loop
      vertex 13.2163 33.7564 0
      vertex 12.1613 32.5535 0
      vertex 13.0502 33.8838 0
    endloop
  endfacet
  facet normal -0 0 -1
    outer loop
      vertex 13.0502 33.8838 0
      vertex 12.1613 32.5535 0
      vertex 12.2889 34.3925 0
    endloop
  endfacet
  facet normal 0 0 -1
    outer loop
      vertex 11.4 33.0622 0
      vertex 12.2889 34.3925 0
      vertex 12.1613 32.5535 0
    endloop
  endfacet
  facet normal -0 0 -1
    outer loop
      vertex 12.2889 34.3925 0
      vertex 11.4 33.0622 0
      vertex 12.1077 34.4972 0
    endloop
  endfacet
  facet normal 0 0 -1
    outer loop
      vertex 11.4 33.0622 0
      vertex 11.2865 34.9021 0
      vertex 12.1077 34.4972 0
    endloop
  endfacet
  facet normal 0 0 -1
    outer loop
      vertex 10.5788 33.4672 0
      vertex 11.2865 34.9021 0
      vertex 11.4 33.0622 0
    endloop
  endfacet
  facet normal -0 0 -1
    outer loop
      vertex 11.2865 34.9021 0
      vertex 10.5788 33.4672 0
      vertex 11.0931 34.9822 0
    endloop
  endfacet
  facet normal 0 0 -1
    outer loop
      vertex 7 35.6 0
      vertex 11 37.1865 0
      vertex 11 35.0138 0
    endloop
  endfacet
  facet normal 0 0 -1
    outer loop
      vertex 11 37.1865 0
      vertex 7 38.1156 0
      vertex 11 39.7156 0
    endloop
  endfacet
  facet normal -0 0 -1
    outer loop
      vertex 11.0931 34.9822 0
      vertex 10.5788 33.4672 0
      vertex 11 35.0138 0
    endloop
  endfacet
  facet normal 0 0 -1
    outer loop
      vertex 9.71173 33.7615 0
      vertex 11 35.0138 0
      vertex 10.5788 33.4672 0
    endloop
  endfacet
  facet normal 0 0 -1
    outer loop
      vertex 8.81368 33.9401 0
      vertex 11 35.0138 0
      vertex 9.71173 33.7615 0
    endloop
  endfacet
  facet normal 0 0 -1
    outer loop
      vertex 7 35.6 0
      vertex 11 35.0138 0
      vertex 8.81368 33.9401 0
    endloop
  endfacet
  facet normal 0 0 -1
    outer loop
      vertex 7 35.6 0
      vertex 8.81368 33.9401 0
      vertex 7.9 34 0
    endloop
  endfacet
  facet normal -0 0 -1
    outer loop
      vertex 11 37.1865 0
      vertex 7 35.6 0
      vertex 7 38.1156 0
    endloop
  endfacet
  facet normal 0 0 -1
    outer loop
      vertex 7 40.5574 0
      vertex 11 39.7156 0
      vertex 7 38.1156 0
    endloop
  endfacet
  facet normal 0 0 -1
    outer loop
      vertex 11 39.7156 0
      vertex 7 40.5574 0
      vertex 11 40.732 0
    endloop
  endfacet
  facet normal -0 0 -1
    outer loop
      vertex 11 40.732 0
      vertex 7 40.5574 0
      vertex 7 40.732 0
    endloop
  endfacet
  facet normal 0 0 -1
    outer loop
      vertex 38.832 0 0
      vertex 41.232 0 0
      vertex 40.8793 -5.38186 0
    endloop
  endfacet
  facet normal 0 0 -1
    outer loop
      vertex 38.4998 -5.06859 0
      vertex 40.8793 -5.38186 0
      vertex 39.8271 -10.6716 0
    endloop
  endfacet
  facet normal 0 0 -1
    outer loop
      vertex 41.232 0 0
      vertex 38.832 0 0
      vertex 40.8793 5.38186 0
    endloop
  endfacet
  facet normal 0 0 -1
    outer loop
      vertex 38.4998 5.06859 0
      vertex 40.8793 5.38186 0
      vertex 38.832 0 0
    endloop
  endfacet
  facet normal 0 0 -1
    outer loop
      vertex 40.8793 -5.38186 0
      vertex 38.4998 -5.06859 0
      vertex 38.832 0 0
    endloop
  endfacet
  facet normal 0 0 -1
    outer loop
      vertex 37.5088 -10.0505 0
      vertex 39.8271 -10.6716 0
      vertex 38.0934 -15.7788 0
    endloop
  endfacet
  facet normal 0 0 -1
    outer loop
      vertex 39.8271 -10.6716 0
      vertex 37.5088 -10.0505 0
      vertex 38.4998 -5.06859 0
    endloop
  endfacet
  facet normal 0 0 -1
    outer loop
      vertex 38.0934 -15.7788 0
      vertex 35.8761 -14.8604 0
      vertex 37.5088 -10.0505 0
    endloop
  endfacet
  facet normal 0 0 -1
    outer loop
      vertex 35.708 -20.616 0
      vertex 35.8761 -14.8604 0
      vertex 38.0934 -15.7788 0
    endloop
  endfacet
  facet normal 0 0 -1
    outer loop
      vertex 35.708 -20.616 0
      vertex 33.6295 -19.416 0
      vertex 35.8761 -14.8604 0
    endloop
  endfacet
  facet normal 0 0 -1
    outer loop
      vertex 32.7116 -25.1005 0
      vertex 33.6295 -19.416 0
      vertex 35.708 -20.616 0
    endloop
  endfacet
  facet normal 0 0 -1
    outer loop
      vertex 32.7116 -25.1005 0
      vertex 30.8075 -23.6394 0
      vertex 33.6295 -19.416 0
    endloop
  endfacet
  facet normal 0 0 -1
    outer loop
      vertex 29.1554 -29.1554 0
      vertex 30.8075 -23.6394 0
      vertex 32.7116 -25.1005 0
    endloop
  endfacet
  facet normal 0 0 -1
    outer loop
      vertex 29.1554 -29.1554 0
      vertex 27.4584 -27.4584 0
      vertex 30.8075 -23.6394 0
    endloop
  endfacet
  facet normal 0 0 -1
    outer loop
      vertex 25.1005 -32.7116 0
      vertex 27.4584 -27.4584 0
      vertex 29.1554 -29.1554 0
    endloop
  endfacet
  facet normal 0 0 -1
    outer loop
      vertex 25.1005 -32.7116 0
      vertex 23.6394 -30.8075 0
      vertex 27.4584 -27.4584 0
    endloop
  endfacet
  facet normal 0 0 -1
    outer loop
      vertex 20.616 -35.708 0
      vertex 23.6394 -30.8075 0
      vertex 25.1005 -32.7116 0
    endloop
  endfacet
  facet normal 0 0 -1
    outer loop
      vertex 20.616 -35.708 0
      vertex 19.416 -33.6295 0
      vertex 23.6394 -30.8075 0
    endloop
  endfacet
  facet normal 0 0 -1
    outer loop
      vertex 15.7788 -38.0934 0
      vertex 19.416 -33.6295 0
      vertex 20.616 -35.708 0
    endloop
  endfacet
  facet normal 0 0 -1
    outer loop
      vertex 15.7788 -38.0934 0
      vertex 14.8604 -35.8761 0
      vertex 19.416 -33.6295 0
    endloop
  endfacet
  facet normal 0 0 -1
    outer loop
      vertex 12 -37.832 0
      vertex 15.7788 -38.0934 0
      vertex 12 -39.3761 0
    endloop
  endfacet
  facet normal 0 0 -1
    outer loop
      vertex 15.7788 -38.0934 0
      vertex 12 -37.832 0
      vertex 14.8604 -35.8761 0
    endloop
  endfacet
  facet normal 0 0 -1
    outer loop
      vertex 12 -37.832 0
      vertex 10.0505 -37.5088 0
      vertex 14.8604 -35.8761 0
    endloop
  endfacet
  facet normal 0 -0 -1
    outer loop
      vertex 10.0505 -37.5088 0
      vertex 12 -37.832 0
      vertex 8.42579 -37.832 0
    endloop
  endfacet
  facet normal -0 0 -1
    outer loop
      vertex 40.8793 5.38186 0
      vertex 38.4998 5.06859 0
      vertex 39.8271 10.6716 0
    endloop
  endfacet
  facet normal 0 0 -1
    outer loop
      vertex 37.5088 10.0505 0
      vertex 39.8271 10.6716 0
      vertex 38.4998 5.06859 0
    endloop
  endfacet
  facet normal -0 0 -1
    outer loop
      vertex 38.4118 21.4897 0
      vertex 33.6295 19.416 0
      vertex 38.2134 21.7159 0
    endloop
  endfacet
  facet normal -0 0 -1
    outer loop
      vertex 39.8271 10.6716 0
      vertex 37.5088 10.0505 0
      vertex 38.296 15.182 0
    endloop
  endfacet
  facet normal 0 0 -1
    outer loop
      vertex 35.8761 14.8604 0
      vertex 38.296 15.182 0
      vertex 37.5088 10.0505 0
    endloop
  endfacet
  facet normal 0 0 -1
    outer loop
      vertex 33.6295 19.416 0
      vertex 38.296 15.182 0
      vertex 35.8761 14.8604 0
    endloop
  endfacet
  facet normal -0 0 -1
    outer loop
      vertex 38.2134 21.7159 0
      vertex 33.6295 19.416 0
      vertex 38.0462 21.966 0
    endloop
  endfacet
  facet normal -0 0 -1
    outer loop
      vertex 38.0462 21.966 0
      vertex 33.6295 19.416 0
      vertex 37.9132 22.2358 0
    endloop
  endfacet
  facet normal -0 0 -1
    outer loop
      vertex 37.9132 22.2358 0
      vertex 33.6295 19.416 0
      vertex 37.8165 22.5207 0
    endloop
  endfacet
  facet normal 0 0 -1
    outer loop
      vertex 47.3682 20.4199 0
      vertex 42.3184 22.8158 0
      vertex 42.3381 23.116 0
    endloop
  endfacet
  facet normal 0 0 -1
    outer loop
      vertex 47.3682 20.4199 0
      vertex 42.2597 22.5207 0
      vertex 42.3184 22.8158 0
    endloop
  endfacet
  facet normal 0 0 -1
    outer loop
      vertex 47.3682 20.4199 0
      vertex 42.163 22.2358 0
      vertex 42.2597 22.5207 0
    endloop
  endfacet
  facet normal 0 0 -1
    outer loop
      vertex 47.3682 20.4199 0
      vertex 42.03 21.966 0
      vertex 42.163 22.2358 0
    endloop
  endfacet
  facet normal 0 0 -1
    outer loop
      vertex 47.3682 20.4199 0
      vertex 41.8628 21.7159 0
      vertex 42.03 21.966 0
    endloop
  endfacet
  facet normal 0 0 -1
    outer loop
      vertex 47.3682 20.4199 0
      vertex 41.6644 21.4897 0
      vertex 41.8628 21.7159 0
    endloop
  endfacet
  facet normal 0 0 -1
    outer loop
      vertex 47.3682 20.4199 0
      vertex 41.4382 21.2913 0
      vertex 41.6644 21.4897 0
    endloop
  endfacet
  facet normal 0 0 -1
    outer loop
      vertex 47.3682 20.4199 0
      vertex 41.1881 21.1241 0
      vertex 41.4382 21.2913 0
    endloop
  endfacet
  facet normal 0 0 -1
    outer loop
      vertex 38.296 15.182 0
      vertex 41.1881 21.1241 0
      vertex 47.3682 20.4199 0
    endloop
  endfacet
  facet normal 0 0 -1
    outer loop
      vertex 41.1881 21.1241 0
      vertex 38.296 15.182 0
      vertex 40.9183 20.9911 0
    endloop
  endfacet
  facet normal 0 0 -1
    outer loop
      vertex 40.9183 20.9911 0
      vertex 38.296 15.182 0
      vertex 40.6334 20.8944 0
    endloop
  endfacet
  facet normal 0 0 -1
    outer loop
      vertex 40.6334 20.8944 0
      vertex 38.296 15.182 0
      vertex 40.3383 20.8357 0
    endloop
  endfacet
  facet normal 0 0 -1
    outer loop
      vertex 40.3383 20.8357 0
      vertex 38.296 15.182 0
      vertex 40.0381 20.816 0
    endloop
  endfacet
  facet normal 0 0 -1
    outer loop
      vertex 38.296 15.182 0
      vertex 39.7379 20.8357 0
      vertex 40.0381 20.816 0
    endloop
  endfacet
  facet normal 0 0 -1
    outer loop
      vertex 38.296 15.182 0
      vertex 39.4428 20.8944 0
      vertex 39.7379 20.8357 0
    endloop
  endfacet
  facet normal 0 0 -1
    outer loop
      vertex 38.296 15.182 0
      vertex 39.1579 20.9911 0
      vertex 39.4428 20.8944 0
    endloop
  endfacet
  facet normal 0 0 -1
    outer loop
      vertex 38.296 15.182 0
      vertex 38.8881 21.1241 0
      vertex 39.1579 20.9911 0
    endloop
  endfacet
  facet normal 0 0 -1
    outer loop
      vertex 33.6295 19.416 0
      vertex 38.8881 21.1241 0
      vertex 38.296 15.182 0
    endloop
  endfacet
  facet normal -0 0 -1
    outer loop
      vertex 38.8881 21.1241 0
      vertex 33.6295 19.416 0
      vertex 38.6379 21.2913 0
    endloop
  endfacet
  facet normal -0 0 -1
    outer loop
      vertex 38.6379 21.2913 0
      vertex 33.6295 19.416 0
      vertex 38.4118 21.4897 0
    endloop
  endfacet
  facet normal 0 0 -1
    outer loop
      vertex 42.3184 23.4162 0
      vertex 47.3682 20.4199 0
      vertex 42.3381 23.116 0
    endloop
  endfacet
  facet normal 0 0 -1
    outer loop
      vertex 42.2597 23.7113 0
      vertex 47.3682 20.4199 0
      vertex 42.3184 23.4162 0
    endloop
  endfacet
  facet normal 0 0 -1
    outer loop
      vertex 42.163 23.9962 0
      vertex 47.3682 20.4199 0
      vertex 42.2597 23.7113 0
    endloop
  endfacet
  facet normal 0 0 -1
    outer loop
      vertex 42.03 24.266 0
      vertex 47.3682 20.4199 0
      vertex 42.163 23.9962 0
    endloop
  endfacet
  facet normal 0 0 -1
    outer loop
      vertex 41.3682 30.8122 0
      vertex 42.03 24.266 0
      vertex 41.8628 24.5162 0
    endloop
  endfacet
  facet normal 0 0 -1
    outer loop
      vertex 41.3682 30.8122 0
      vertex 41.8628 24.5162 0
      vertex 41.6644 24.7424 0
    endloop
  endfacet
  facet normal 0 0 -1
    outer loop
      vertex 41.3682 30.8122 0
      vertex 41.6644 24.7424 0
      vertex 41.4382 24.9407 0
    endloop
  endfacet
  facet normal 0 0 -1
    outer loop
      vertex 42.03 24.266 0
      vertex 41.3682 30.8122 0
      vertex 47.3682 20.4199 0
    endloop
  endfacet
  facet normal 0 0 -1
    outer loop
      vertex 41.1881 25.1079 0
      vertex 41.3682 30.8122 0
      vertex 41.4382 24.9407 0
    endloop
  endfacet
  facet normal 0 0 -1
    outer loop
      vertex 40.9183 25.2409 0
      vertex 41.3682 30.8122 0
      vertex 41.1881 25.1079 0
    endloop
  endfacet
  facet normal 0 0 -1
    outer loop
      vertex 40.6334 25.3376 0
      vertex 41.3682 30.8122 0
      vertex 40.9183 25.2409 0
    endloop
  endfacet
  facet normal 0 0 -1
    outer loop
      vertex 40.3383 25.3963 0
      vertex 41.3682 30.8122 0
      vertex 40.6334 25.3376 0
    endloop
  endfacet
  facet normal 0 0 -1
    outer loop
      vertex 40.0381 25.416 0
      vertex 41.3682 30.8122 0
      vertex 40.3383 25.3963 0
    endloop
  endfacet
  facet normal 0 0 -1
    outer loop
      vertex 39.7379 25.3963 0
      vertex 41.3682 30.8122 0
      vertex 40.0381 25.416 0
    endloop
  endfacet
  facet normal 0 0 -1
    outer loop
      vertex 39.4428 25.3376 0
      vertex 41.3682 30.8122 0
      vertex 39.7379 25.3963 0
    endloop
  endfacet
  facet normal 0 0 -1
    outer loop
      vertex 39.1579 25.2409 0
      vertex 41.3682 30.8122 0
      vertex 39.4428 25.3376 0
    endloop
  endfacet
  facet normal 0 0 -1
    outer loop
      vertex 38.8881 25.1079 0
      vertex 41.3682 30.8122 0
      vertex 39.1579 25.2409 0
    endloop
  endfacet
  facet normal 0 0 -1
    outer loop
      vertex 32.296 25.5743 0
      vertex 38.8881 25.1079 0
      vertex 38.6379 24.9407 0
    endloop
  endfacet
  facet normal 0 0 -1
    outer loop
      vertex 32.296 25.5743 0
      vertex 38.6379 24.9407 0
      vertex 38.4118 24.7424 0
    endloop
  endfacet
  facet normal 0 0 -1
    outer loop
      vertex 32.296 25.5743 0
      vertex 38.4118 24.7424 0
      vertex 38.2134 24.5162 0
    endloop
  endfacet
  facet normal 0 0 -1
    outer loop
      vertex 32.296 25.5743 0
      vertex 38.2134 24.5162 0
      vertex 38.0462 24.266 0
    endloop
  endfacet
  facet normal -0 0 -1
    outer loop
      vertex 37.8165 22.5207 0
      vertex 33.6295 19.416 0
      vertex 37.7578 22.8158 0
    endloop
  endfacet
  facet normal -0 0 -1
    outer loop
      vertex 37.7578 22.8158 0
      vertex 33.6295 19.416 0
      vertex 37.7381 23.116 0
    endloop
  endfacet
  facet normal 0 0 -1
    outer loop
      vertex 32.296 25.5743 0
      vertex 37.7381 23.116 0
      vertex 33.6295 19.416 0
    endloop
  endfacet
  facet normal 0 0 -1
    outer loop
      vertex 37.7381 23.116 0
      vertex 32.296 25.5743 0
      vertex 37.7578 23.4162 0
    endloop
  endfacet
  facet normal 0 0 -1
    outer loop
      vertex 37.7578 23.4162 0
      vertex 32.296 25.5743 0
      vertex 37.8165 23.7113 0
    endloop
  endfacet
  facet normal 0 0 -1
    outer loop
      vertex 37.8165 23.7113 0
      vertex 32.296 25.5743 0
      vertex 37.9132 23.9962 0
    endloop
  endfacet
  facet normal 0 0 -1
    outer loop
      vertex 37.9132 23.9962 0
      vertex 32.296 25.5743 0
      vertex 38.0462 24.266 0
    endloop
  endfacet
  facet normal 0 0 -1
    outer loop
      vertex 38.8881 25.1079 0
      vertex 32.296 25.5743 0
      vertex 41.3682 30.8122 0
    endloop
  endfacet
  facet normal 0 0 -1
    outer loop
      vertex 30.8075 23.6394 0
      vertex 32.296 25.5743 0
      vertex 33.6295 19.416 0
    endloop
  endfacet
  facet normal 0 0 -1
    outer loop
      vertex 27.4584 27.4584 0
      vertex 32.296 25.5743 0
      vertex 30.8075 23.6394 0
    endloop
  endfacet
  facet normal 0 0 -1
    outer loop
      vertex 32.296 25.5743 0
      vertex 27.4584 27.4584 0
      vertex 29.1554 29.1554 0
    endloop
  endfacet
  facet normal 0 0 -1
    outer loop
      vertex 27.4584 27.4584 0
      vertex 25.1005 32.7116 0
      vertex 29.1554 29.1554 0
    endloop
  endfacet
  facet normal 0 0 -1
    outer loop
      vertex 23.6394 30.8075 0
      vertex 25.1005 32.7116 0
      vertex 27.4584 27.4584 0
    endloop
  endfacet
  facet normal 0 0 -1
    outer loop
      vertex 23.6394 30.8075 0
      vertex 20.616 35.708 0
      vertex 25.1005 32.7116 0
    endloop
  endfacet
  facet normal 0 0 -1
    outer loop
      vertex 19.416 33.6295 0
      vertex 20.616 35.708 0
      vertex 23.6394 30.8075 0
    endloop
  endfacet
  facet normal 0 0 -1
    outer loop
      vertex 19.416 33.6295 0
      vertex 15.7788 38.0934 0
      vertex 20.616 35.708 0
    endloop
  endfacet
  facet normal 0 0 -1
    outer loop
      vertex 14.8604 35.8761 0
      vertex 15.7788 38.0934 0
      vertex 19.416 33.6295 0
    endloop
  endfacet
  facet normal 0 0 -1
    outer loop
      vertex 11 37.1865 0
      vertex 15.7788 38.0934 0
      vertex 14.8604 35.8761 0
    endloop
  endfacet
  facet normal -0 0 -1
    outer loop
      vertex 15.7788 38.0934 0
      vertex 11 37.1865 0
      vertex 11 39.7156 0
    endloop
  endfacet
  facet normal 0.896876 0.442282 0
    outer loop
      vertex 38.0934 15.7788 24.4
      vertex 35.708 20.616 4
      vertex 35.708 20.616 24.4
    endloop
  endfacet
  facet normal 0.896876 0.442282 0
    outer loop
      vertex 35.708 20.616 4
      vertex 38.0934 15.7788 24.4
      vertex 38.0934 15.7788 4
    endloop
  endfacet
  facet normal 0.831474 0.555564 0
    outer loop
      vertex 35.708 20.616 24.4
      vertex 32.7116 25.1005 4
      vertex 32.7116 25.1005 24.4
    endloop
  endfacet
  facet normal 0.831474 0.555564 0
    outer loop
      vertex 32.7116 25.1005 4
      vertex 35.708 20.616 24.4
      vertex 35.708 20.616 4
    endloop
  endfacet
  facet normal 0.442282 0.896876 -0
    outer loop
      vertex 20.616 35.708 0
      vertex 15.7788 38.0934 24.4
      vertex 20.616 35.708 24.4
    endloop
  endfacet
  facet normal 0.442282 0.896876 0
    outer loop
      vertex 15.7788 38.0934 24.4
      vertex 20.616 35.708 0
      vertex 15.7788 38.0934 0
    endloop
  endfacet
  facet normal 0.555564 0.831474 -0
    outer loop
      vertex 25.1005 32.7116 0
      vertex 20.616 35.708 24.4
      vertex 25.1005 32.7116 24.4
    endloop
  endfacet
  facet normal 0.555564 0.831474 0
    outer loop
      vertex 20.616 35.708 24.4
      vertex 25.1005 32.7116 0
      vertex 20.616 35.708 0
    endloop
  endfacet
  facet normal -0.896876 0.442282 0
    outer loop
      vertex -38.0934 15.7788 0
      vertex -35.708 20.616 24.4
      vertex -35.708 20.616 0
    endloop
  endfacet
  facet normal -0.896876 0.442282 0
    outer loop
      vertex -35.708 20.616 24.4
      vertex -38.0934 15.7788 0
      vertex -38.0934 15.7788 24.4
    endloop
  endfacet
  facet normal -0 0 1
    outer loop
      vertex -10.0505 37.5088 24.4
      vertex -7 35.6 24.4
      vertex -7 38.1156 24.4
    endloop
  endfacet
  facet normal 0 -0 1
    outer loop
      vertex -8.81368 33.9401 24.4
      vertex -7 35.6 24.4
      vertex -10.0505 37.5088 24.4
    endloop
  endfacet
  facet normal 0 0 1
    outer loop
      vertex -7 35.6 24.4
      vertex -8.81368 33.9401 24.4
      vertex -7.9 34 24.4
    endloop
  endfacet
  facet normal -0 0 1
    outer loop
      vertex -11 35.0138 24.4
      vertex -8.81368 33.9401 24.4
      vertex -10.0505 37.5088 24.4
    endloop
  endfacet
  facet normal 0 0 1
    outer loop
      vertex -8.81368 33.9401 24.4
      vertex -11 35.0138 24.4
      vertex -9.71173 33.7615 24.4
    endloop
  endfacet
  facet normal 0 0 1
    outer loop
      vertex -11 35.0138 24.4
      vertex -10.0505 37.5088 24.4
      vertex -11 37.1865 24.4
    endloop
  endfacet
  facet normal 0 0 1
    outer loop
      vertex -9.71173 33.7615 24.4
      vertex -11 35.0138 24.4
      vertex -10.5788 33.4672 24.4
    endloop
  endfacet
  facet normal -0 0 1
    outer loop
      vertex -11.0931 34.9822 24.4
      vertex -10.5788 33.4672 24.4
      vertex -11 35.0138 24.4
    endloop
  endfacet
  facet normal -0 0 1
    outer loop
      vertex -11.2865 34.9021 24.4
      vertex -10.5788 33.4672 24.4
      vertex -11.0931 34.9822 24.4
    endloop
  endfacet
  facet normal 0 0 1
    outer loop
      vertex -11.2865 34.9021 24.4
      vertex -11.4 33.0622 24.4
      vertex -10.5788 33.4672 24.4
    endloop
  endfacet
  facet normal -0 0 1
    outer loop
      vertex -12.1077 34.4972 24.4
      vertex -11.4 33.0622 24.4
      vertex -11.2865 34.9021 24.4
    endloop
  endfacet
  facet normal -0 0 1
    outer loop
      vertex -12.2889 34.3925 24.4
      vertex -11.4 33.0622 24.4
      vertex -12.1077 34.4972 24.4
    endloop
  endfacet
  facet normal 0 0 1
    outer loop
      vertex -11.4 33.0622 24.4
      vertex -12.2889 34.3925 24.4
      vertex -12.1613 32.5535 24.4
    endloop
  endfacet
  facet normal -0 0 1
    outer loop
      vertex -13.0502 33.8838 24.4
      vertex -12.1613 32.5535 24.4
      vertex -12.2889 34.3925 24.4
    endloop
  endfacet
  facet normal -0 0 1
    outer loop
      vertex -13.2163 33.7564 24.4
      vertex -12.1613 32.5535 24.4
      vertex -13.0502 33.8838 24.4
    endloop
  endfacet
  facet normal 0 0 1
    outer loop
      vertex -12.1613 32.5535 24.4
      vertex -13.2163 33.7564 24.4
      vertex -12.8497 31.9497 24.4
    endloop
  endfacet
  facet normal -0 0 1
    outer loop
      vertex -13.9047 33.1527 24.4
      vertex -12.8497 31.9497 24.4
      vertex -13.2163 33.7564 24.4
    endloop
  endfacet
  facet normal -0 0 1
    outer loop
      vertex -14.0527 33.0047 24.4
      vertex -12.8497 31.9497 24.4
      vertex -13.9047 33.1527 24.4
    endloop
  endfacet
  facet normal 0 0 1
    outer loop
      vertex -12.8497 31.9497 24.4
      vertex -14.0527 33.0047 24.4
      vertex -13.4535 31.2613 24.4
    endloop
  endfacet
  facet normal -0 0 1
    outer loop
      vertex -14.6564 32.3163 24.4
      vertex -13.4535 31.2613 24.4
      vertex -14.0527 33.0047 24.4
    endloop
  endfacet
  facet normal -0 0 1
    outer loop
      vertex -14.7838 32.1503 24.4
      vertex -13.4535 31.2613 24.4
      vertex -14.6564 32.3163 24.4
    endloop
  endfacet
  facet normal 0 0 1
    outer loop
      vertex -13.4535 31.2613 24.4
      vertex -14.7838 32.1503 24.4
      vertex -13.9622 30.5 24.4
    endloop
  endfacet
  facet normal -0 0 1
    outer loop
      vertex -15.2925 31.3889 24.4
      vertex -13.9622 30.5 24.4
      vertex -14.7838 32.1503 24.4
    endloop
  endfacet
  facet normal -0 0 1
    outer loop
      vertex -15.3972 31.2076 24.4
      vertex -13.9622 30.5 24.4
      vertex -15.2925 31.3889 24.4
    endloop
  endfacet
  facet normal 0 0 1
    outer loop
      vertex -13.9622 30.5 24.4
      vertex -15.3972 31.2076 24.4
      vertex -14.3672 29.6788 24.4
    endloop
  endfacet
  facet normal -0 0 1
    outer loop
      vertex -15.8022 30.3864 24.4
      vertex -14.3672 29.6788 24.4
      vertex -15.3972 31.2076 24.4
    endloop
  endfacet
  facet normal -0 0 1
    outer loop
      vertex -15.8822 30.1931 24.4
      vertex -14.3672 29.6788 24.4
      vertex -15.8022 30.3864 24.4
    endloop
  endfacet
  facet normal 0 0 1
    outer loop
      vertex 10.0505 37.5088 24.4
      vertex 11 35.0138 24.4
      vertex 11 37.1865 24.4
    endloop
  endfacet
  facet normal 0 0 1
    outer loop
      vertex 8.81368 33.9401 24.4
      vertex 11 35.0138 24.4
      vertex 10.0505 37.5088 24.4
    endloop
  endfacet
  facet normal 0 0 1
    outer loop
      vertex 11 35.0138 24.4
      vertex 9.71173 33.7615 24.4
      vertex 10.5788 33.4672 24.4
    endloop
  endfacet
  facet normal 0 0 1
    outer loop
      vertex 11 35.0138 24.4
      vertex 8.81368 33.9401 24.4
      vertex 9.71173 33.7615 24.4
    endloop
  endfacet
  facet normal -0 0 1
    outer loop
      vertex 7 35.6 24.4
      vertex 8.81368 33.9401 24.4
      vertex 10.0505 37.5088 24.4
    endloop
  endfacet
  facet normal 0 0 1
    outer loop
      vertex 7 35.6 24.4
      vertex 10.0505 37.5088 24.4
      vertex 7 38.1156 24.4
    endloop
  endfacet
  facet normal 0 0 1
    outer loop
      vertex 8.81368 33.9401 24.4
      vertex 7 35.6 24.4
      vertex 7.9 34 24.4
    endloop
  endfacet
  facet normal -0 0 1
    outer loop
      vertex -7 35.6 24.4
      vertex 7.9 34 24.4
      vertex 7 35.6 24.4
    endloop
  endfacet
  facet normal 0 0 1
    outer loop
      vertex 7.9 34 24.4
      vertex -7 35.6 24.4
      vertex -7.9 34 24.4
    endloop
  endfacet
  facet normal 0 0 1
    outer loop
      vertex 16.4367 28.0183 24.4
      vertex 14.8401 27.9137 24.4
      vertex 14.9 27 24.4
    endloop
  endfacet
  facet normal 0 0 1
    outer loop
      vertex 13.9622 30.5 24.4
      vertex 15.2925 31.3889 24.4
      vertex 14.7838 32.1503 24.4
    endloop
  endfacet
  facet normal 0 0 1
    outer loop
      vertex 15.3972 31.2076 24.4
      vertex 14.6615 28.8117 24.4
      vertex 14.8401 27.9137 24.4
    endloop
  endfacet
  facet normal 0 0 1
    outer loop
      vertex 13.4535 31.2613 24.4
      vertex 14.7838 32.1503 24.4
      vertex 14.6564 32.3163 24.4
    endloop
  endfacet
  facet normal 0 0 1
    outer loop
      vertex 15.3972 31.2076 24.4
      vertex 14.3672 29.6788 24.4
      vertex 14.6615 28.8117 24.4
    endloop
  endfacet
  facet normal 0 0 1
    outer loop
      vertex 13.4535 31.2613 24.4
      vertex 14.6564 32.3163 24.4
      vertex 14.0527 33.0047 24.4
    endloop
  endfacet
  facet normal 0 0 1
    outer loop
      vertex 15.3972 31.2076 24.4
      vertex 13.9622 30.5 24.4
      vertex 14.3672 29.6788 24.4
    endloop
  endfacet
  facet normal 0 0 1
    outer loop
      vertex 12.8497 31.9497 24.4
      vertex 14.0527 33.0047 24.4
      vertex 13.9047 33.1527 24.4
    endloop
  endfacet
  facet normal 0 0 1
    outer loop
      vertex 14.7838 32.1503 24.4
      vertex 13.4535 31.2613 24.4
      vertex 13.9622 30.5 24.4
    endloop
  endfacet
  facet normal 0 0 1
    outer loop
      vertex 12.8497 31.9497 24.4
      vertex 13.9047 33.1527 24.4
      vertex 13.2163 33.7564 24.4
    endloop
  endfacet
  facet normal 0 0 1
    outer loop
      vertex 12.1613 32.5535 24.4
      vertex 13.2163 33.7564 24.4
      vertex 13.0502 33.8838 24.4
    endloop
  endfacet
  facet normal 0 0 1
    outer loop
      vertex 14.0527 33.0047 24.4
      vertex 12.8497 31.9497 24.4
      vertex 13.4535 31.2613 24.4
    endloop
  endfacet
  facet normal 0 0 1
    outer loop
      vertex 12.1613 32.5535 24.4
      vertex 13.0502 33.8838 24.4
      vertex 12.2889 34.3925 24.4
    endloop
  endfacet
  facet normal 0 0 1
    outer loop
      vertex 13.2163 33.7564 24.4
      vertex 12.1613 32.5535 24.4
      vertex 12.8497 31.9497 24.4
    endloop
  endfacet
  facet normal 0 0 1
    outer loop
      vertex 11.4 33.0622 24.4
      vertex 12.2889 34.3925 24.4
      vertex 12.1077 34.4972 24.4
    endloop
  endfacet
  facet normal 0 0 1
    outer loop
      vertex 12.2889 34.3925 24.4
      vertex 11.4 33.0622 24.4
      vertex 12.1613 32.5535 24.4
    endloop
  endfacet
  facet normal 0 0 1
    outer loop
      vertex 11.2865 34.9021 24.4
      vertex 11.4 33.0622 24.4
      vertex 12.1077 34.4972 24.4
    endloop
  endfacet
  facet normal 0 0 1
    outer loop
      vertex 10.5788 33.4672 24.4
      vertex 11.2865 34.9021 24.4
      vertex 11.0931 34.9822 24.4
    endloop
  endfacet
  facet normal 0 0 1
    outer loop
      vertex 10.5788 33.4672 24.4
      vertex 11.0931 34.9822 24.4
      vertex 11 35.0138 24.4
    endloop
  endfacet
  facet normal 0 0 1
    outer loop
      vertex 11.2865 34.9021 24.4
      vertex 10.5788 33.4672 24.4
      vertex 11.4 33.0622 24.4
    endloop
  endfacet
  facet normal 0 0 1
    outer loop
      vertex 14.9 27 24.4
      vertex 16.4966 27.1047 24.4
      vertex 16.4367 28.0183 24.4
    endloop
  endfacet
  facet normal 0 0 1
    outer loop
      vertex 16.4966 27.1047 24.4
      vertex 14.9 27 24.4
      vertex 16.4966 26.8954 24.4
    endloop
  endfacet
  facet normal 0 0 1
    outer loop
      vertex 14.8401 27.9137 24.4
      vertex 16.4367 28.0183 24.4
      vertex 16.4094 28.2258 24.4
    endloop
  endfacet
  facet normal 0 0 1
    outer loop
      vertex 16.4966 26.8954 24.4
      vertex 14.9 27 24.4
      vertex 16.4367 25.9817 24.4
    endloop
  endfacet
  facet normal 0 0 1
    outer loop
      vertex 14.8401 27.9137 24.4
      vertex 16.4094 28.2258 24.4
      vertex 16.2307 29.1239 24.4
    endloop
  endfacet
  facet normal -0 0 1
    outer loop
      vertex 14.8401 26.0863 24.4
      vertex 16.4367 25.9817 24.4
      vertex 14.9 27 24.4
    endloop
  endfacet
  facet normal 0 0 1
    outer loop
      vertex 14.8401 27.9137 24.4
      vertex 16.2307 29.1239 24.4
      vertex 16.1766 29.326 24.4
    endloop
  endfacet
  facet normal 0 0 1
    outer loop
      vertex 16.4367 25.9817 24.4
      vertex 14.8401 26.0863 24.4
      vertex 16.4094 25.7742 24.4
    endloop
  endfacet
  facet normal 0 0 1
    outer loop
      vertex 14.8401 27.9137 24.4
      vertex 16.1766 29.326 24.4
      vertex 15.8822 30.1931 24.4
    endloop
  endfacet
  facet normal 0 0 1
    outer loop
      vertex 16.4094 25.7742 24.4
      vertex 14.8401 26.0863 24.4
      vertex 16.2307 24.8761 24.4
    endloop
  endfacet
  facet normal 0 0 1
    outer loop
      vertex 14.8401 27.9137 24.4
      vertex 15.8822 30.1931 24.4
      vertex 15.8022 30.3864 24.4
    endloop
  endfacet
  facet normal -0 0 1
    outer loop
      vertex 14.6615 25.1883 24.4
      vertex 16.2307 24.8761 24.4
      vertex 14.8401 26.0863 24.4
    endloop
  endfacet
  facet normal 0 0 1
    outer loop
      vertex 14.8401 27.9137 24.4
      vertex 15.8022 30.3864 24.4
      vertex 15.3972 31.2076 24.4
    endloop
  endfacet
  facet normal 0 0 1
    outer loop
      vertex 16.2307 24.8761 24.4
      vertex 14.6615 25.1883 24.4
      vertex 16.1766 24.674 24.4
    endloop
  endfacet
  facet normal 0 0 1
    outer loop
      vertex 16.1766 24.674 24.4
      vertex 14.6615 25.1883 24.4
      vertex 15.8822 23.8069 24.4
    endloop
  endfacet
  facet normal 0 0 1
    outer loop
      vertex 13.9622 30.5 24.4
      vertex 15.3972 31.2076 24.4
      vertex 15.2925 31.3889 24.4
    endloop
  endfacet
  facet normal -0 0 1
    outer loop
      vertex 14.3672 24.3212 24.4
      vertex 15.8822 23.8069 24.4
      vertex 14.6615 25.1883 24.4
    endloop
  endfacet
  facet normal 0 0 1
    outer loop
      vertex 15.8822 23.8069 24.4
      vertex 14.3672 24.3212 24.4
      vertex 15.8021 23.6136 24.4
    endloop
  endfacet
  facet normal 0 0 1
    outer loop
      vertex 15.8021 23.6136 24.4
      vertex 14.3672 24.3212 24.4
      vertex 15.3972 22.7924 24.4
    endloop
  endfacet
  facet normal -0 0 1
    outer loop
      vertex 13.9622 23.5 24.4
      vertex 15.3972 22.7924 24.4
      vertex 14.3672 24.3212 24.4
    endloop
  endfacet
  facet normal 0 0 1
    outer loop
      vertex 15.3972 22.7924 24.4
      vertex 13.9622 23.5 24.4
      vertex 15.2925 22.6111 24.4
    endloop
  endfacet
  facet normal 0 0 1
    outer loop
      vertex 15.2925 22.6111 24.4
      vertex 13.9622 23.5 24.4
      vertex 14.7838 21.8497 24.4
    endloop
  endfacet
  facet normal -0 0 1
    outer loop
      vertex 13.4535 22.7387 24.4
      vertex 14.7838 21.8497 24.4
      vertex 13.9622 23.5 24.4
    endloop
  endfacet
  facet normal 0 0 1
    outer loop
      vertex 14.7838 21.8497 24.4
      vertex 13.4535 22.7387 24.4
      vertex 14.6564 21.6837 24.4
    endloop
  endfacet
  facet normal -0 0 1
    outer loop
      vertex 13.0851 22.3187 24.4
      vertex 14.6564 21.6837 24.4
      vertex 13.4535 22.7387 24.4
    endloop
  endfacet
  facet normal 0 0 1
    outer loop
      vertex 14.6564 21.6837 24.4
      vertex 13.0851 22.3187 24.4
      vertex 14.0527 20.9953 24.4
    endloop
  endfacet
  facet normal -0 0 1
    outer loop
      vertex 12.8497 22.0502 24.4
      vertex 14.0527 20.9953 24.4
      vertex 13.0851 22.3187 24.4
    endloop
  endfacet
  facet normal 0 0 1
    outer loop
      vertex 14.0527 20.9953 24.4
      vertex 12.8497 22.0502 24.4
      vertex 13.9047 20.8473 24.4
    endloop
  endfacet
  facet normal -0 0 1
    outer loop
      vertex 12.4339 21.6856 24.4
      vertex 13.9047 20.8473 24.4
      vertex 12.8497 22.0502 24.4
    endloop
  endfacet
  facet normal 0 0 1
    outer loop
      vertex 13.9047 20.8473 24.4
      vertex 12.4339 21.6856 24.4
      vertex 13.2163 20.2436 24.4
    endloop
  endfacet
  facet normal -0 0 1
    outer loop
      vertex 12.1613 21.4465 24.4
      vertex 13.2163 20.2436 24.4
      vertex 12.4339 21.6856 24.4
    endloop
  endfacet
  facet normal 0 0 1
    outer loop
      vertex 13.2163 20.2436 24.4
      vertex 12.1613 21.4465 24.4
      vertex 13.0502 20.1162 24.4
    endloop
  endfacet
  facet normal 0 0 1
    outer loop
      vertex 13.0502 20.1162 24.4
      vertex 12.1613 21.4465 24.4
      vertex 12.2889 19.6075 24.4
    endloop
  endfacet
  facet normal -0 0 1
    outer loop
      vertex 11.4 20.9378 24.4
      vertex 12.2889 19.6075 24.4
      vertex 12.1613 21.4465 24.4
    endloop
  endfacet
  facet normal 0 0 1
    outer loop
      vertex 12.2889 19.6075 24.4
      vertex 11.4 20.9378 24.4
      vertex 12.1077 19.5028 24.4
    endloop
  endfacet
  facet normal -0 0 1
    outer loop
      vertex 11.1517 20.8154 24.4
      vertex 12.1077 19.5028 24.4
      vertex 11.4 20.9378 24.4
    endloop
  endfacet
  facet normal 0 0 1
    outer loop
      vertex 12.1077 19.5028 24.4
      vertex 11.1517 20.8154 24.4
      vertex 11.2865 19.0978 24.4
    endloop
  endfacet
  facet normal -0 0 1
    outer loop
      vertex 10.5788 20.5328 24.4
      vertex 11.2865 19.0978 24.4
      vertex 11.1517 20.8154 24.4
    endloop
  endfacet
  facet normal 0 0 1
    outer loop
      vertex 11.2865 19.0978 24.4
      vertex 10.5788 20.5328 24.4
      vertex 11.0931 19.0177 24.4
    endloop
  endfacet
  facet normal 0 0 1
    outer loop
      vertex 10.5788 20.5328 24.4
      vertex 10.226 18.7234 24.4
      vertex 11.0931 19.0177 24.4
    endloop
  endfacet
  facet normal -0 0 1
    outer loop
      vertex 9.71173 20.2385 24.4
      vertex 10.226 18.7234 24.4
      vertex 10.5788 20.5328 24.4
    endloop
  endfacet
  facet normal 0 0 1
    outer loop
      vertex 10.226 18.7234 24.4
      vertex 9.71173 20.2385 24.4
      vertex 10.0239 18.6693 24.4
    endloop
  endfacet
  facet normal 0 0 1
    outer loop
      vertex 9.71173 20.2385 24.4
      vertex 9.12582 18.4906 24.4
      vertex 10.0239 18.6693 24.4
    endloop
  endfacet
  facet normal -0 0 1
    outer loop
      vertex 8.81367 20.0599 24.4
      vertex 9.12582 18.4906 24.4
      vertex 9.71173 20.2385 24.4
    endloop
  endfacet
  facet normal 0 0 1
    outer loop
      vertex 9.12582 18.4906 24.4
      vertex 8.81367 20.0599 24.4
      vertex 8.9183 18.4633 24.4
    endloop
  endfacet
  facet normal -0 0 1
    outer loop
      vertex 7.9364 20.0024 24.4
      vertex 8.9183 18.4633 24.4
      vertex 8.81367 20.0599 24.4
    endloop
  endfacet
  facet normal 0 0 1
    outer loop
      vertex 8.9183 18.4633 24.4
      vertex 7.9364 20.0024 24.4
      vertex 8.00462 18.4034 24.4
    endloop
  endfacet
  facet normal -0 0 1
    outer loop
      vertex 7.9 20 24.4
      vertex 8.00462 18.4034 24.4
      vertex 7.9364 20.0024 24.4
    endloop
  endfacet
  facet normal 0 0 1
    outer loop
      vertex 7.9 20 24.4
      vertex 7.89999 18.4 24.4
      vertex 8.00462 18.4034 24.4
    endloop
  endfacet
  facet normal 0 0 1
    outer loop
      vertex 7.9 20 24.4
      vertex -7.89999 18.4 24.4
      vertex 7.89999 18.4 24.4
    endloop
  endfacet
  facet normal -0 0 1
    outer loop
      vertex -7.9 20 24.4
      vertex -7.89999 18.4 24.4
      vertex 7.9 20 24.4
    endloop
  endfacet
  facet normal 0 0 1
    outer loop
      vertex -8.00462 18.4034 24.4
      vertex -7.9 20 24.4
      vertex -7.9364 20.0024 24.4
    endloop
  endfacet
  facet normal 0 0 1
    outer loop
      vertex -7.9 20 24.4
      vertex -8.00462 18.4034 24.4
      vertex -7.89999 18.4 24.4
    endloop
  endfacet
  facet normal 0 0 1
    outer loop
      vertex -8.9183 18.4633 24.4
      vertex -7.9364 20.0024 24.4
      vertex -8.81367 20.0599 24.4
    endloop
  endfacet
  facet normal 0 0 1
    outer loop
      vertex -7.9364 20.0024 24.4
      vertex -8.9183 18.4633 24.4
      vertex -8.00462 18.4034 24.4
    endloop
  endfacet
  facet normal 0 0 1
    outer loop
      vertex -8.81367 20.0599 24.4
      vertex -9.12582 18.4906 24.4
      vertex -8.9183 18.4633 24.4
    endloop
  endfacet
  facet normal 0 0 1
    outer loop
      vertex -9.71173 20.2385 24.4
      vertex -9.12582 18.4906 24.4
      vertex -8.81367 20.0599 24.4
    endloop
  endfacet
  facet normal 0 0 1
    outer loop
      vertex -9.71173 20.2385 24.4
      vertex -10.0239 18.6693 24.4
      vertex -9.12582 18.4906 24.4
    endloop
  endfacet
  facet normal 0 0 1
    outer loop
      vertex -9.71173 20.2385 24.4
      vertex -10.226 18.7234 24.4
      vertex -10.0239 18.6693 24.4
    endloop
  endfacet
  facet normal 0 0 1
    outer loop
      vertex -10.5788 20.5328 24.4
      vertex -10.226 18.7234 24.4
      vertex -9.71173 20.2385 24.4
    endloop
  endfacet
  facet normal 0 0 1
    outer loop
      vertex -10.5788 20.5328 24.4
      vertex -11.0931 19.0177 24.4
      vertex -10.226 18.7234 24.4
    endloop
  endfacet
  facet normal 0 0 1
    outer loop
      vertex -11.2865 19.0978 24.4
      vertex -10.5788 20.5328 24.4
      vertex -11.1517 20.8154 24.4
    endloop
  endfacet
  facet normal 0 0 1
    outer loop
      vertex -10.5788 20.5328 24.4
      vertex -11.2865 19.0978 24.4
      vertex -11.0931 19.0177 24.4
    endloop
  endfacet
  facet normal 0 0 1
    outer loop
      vertex -12.1077 19.5028 24.4
      vertex -11.1517 20.8154 24.4
      vertex -11.4 20.9378 24.4
    endloop
  endfacet
  facet normal 0 0 1
    outer loop
      vertex -11.1517 20.8154 24.4
      vertex -12.1077 19.5028 24.4
      vertex -11.2865 19.0978 24.4
    endloop
  endfacet
  facet normal 0 0 1
    outer loop
      vertex -12.2889 19.6075 24.4
      vertex -11.4 20.9378 24.4
      vertex -12.1613 21.4465 24.4
    endloop
  endfacet
  facet normal 0 0 1
    outer loop
      vertex -11.4 20.9378 24.4
      vertex -12.2889 19.6075 24.4
      vertex -12.1077 19.5028 24.4
    endloop
  endfacet
  facet normal 0 0 1
    outer loop
      vertex -13.2163 20.2436 24.4
      vertex -12.1613 21.4465 24.4
      vertex -12.4339 21.6856 24.4
    endloop
  endfacet
  facet normal 0 0 1
    outer loop
      vertex -13.9047 20.8473 24.4
      vertex -12.4339 21.6856 24.4
      vertex -12.8497 22.0502 24.4
    endloop
  endfacet
  facet normal 0 0 1
    outer loop
      vertex -12.1613 21.4465 24.4
      vertex -13.0502 20.1162 24.4
      vertex -12.2889 19.6075 24.4
    endloop
  endfacet
  facet normal 0 0 1
    outer loop
      vertex -14.0527 20.9953 24.4
      vertex -12.8497 22.0502 24.4
      vertex -13.0851 22.3187 24.4
    endloop
  endfacet
  facet normal 0 0 1
    outer loop
      vertex -12.1613 21.4465 24.4
      vertex -13.2163 20.2436 24.4
      vertex -13.0502 20.1162 24.4
    endloop
  endfacet
  facet normal 0 0 1
    outer loop
      vertex -14.6564 21.6837 24.4
      vertex -13.0851 22.3187 24.4
      vertex -13.4535 22.7387 24.4
    endloop
  endfacet
  facet normal 0 0 1
    outer loop
      vertex -12.4339 21.6856 24.4
      vertex -13.9047 20.8473 24.4
      vertex -13.2163 20.2436 24.4
    endloop
  endfacet
  facet normal 0 0 1
    outer loop
      vertex -14.7838 21.8497 24.4
      vertex -13.4535 22.7387 24.4
      vertex -13.9622 23.5 24.4
    endloop
  endfacet
  facet normal 0 0 1
    outer loop
      vertex -12.8497 22.0502 24.4
      vertex -14.0527 20.9953 24.4
      vertex -13.9047 20.8473 24.4
    endloop
  endfacet
  facet normal 0 0 1
    outer loop
      vertex -15.3972 22.7924 24.4
      vertex -13.9622 23.5 24.4
      vertex -14.3672 24.3212 24.4
    endloop
  endfacet
  facet normal 0 0 1
    outer loop
      vertex -13.0851 22.3187 24.4
      vertex -14.6564 21.6837 24.4
      vertex -14.0527 20.9953 24.4
    endloop
  endfacet
  facet normal 0 0 1
    outer loop
      vertex -15.8822 23.8069 24.4
      vertex -14.3672 24.3212 24.4
      vertex -14.6615 25.1883 24.4
    endloop
  endfacet
  facet normal 0 0 1
    outer loop
      vertex -13.4535 22.7387 24.4
      vertex -14.7838 21.8497 24.4
      vertex -14.6564 21.6837 24.4
    endloop
  endfacet
  facet normal 0 0 1
    outer loop
      vertex -16.2307 24.8761 24.4
      vertex -14.6615 25.1883 24.4
      vertex -14.8401 26.0863 24.4
    endloop
  endfacet
  facet normal 0 0 1
    outer loop
      vertex -16.4367 25.9817 24.4
      vertex -14.8401 26.0863 24.4
      vertex -14.9 27 24.4
    endloop
  endfacet
  facet normal 0 0 1
    outer loop
      vertex -14.3672 29.6788 24.4
      vertex -15.8822 30.1931 24.4
      vertex -14.6615 28.8117 24.4
    endloop
  endfacet
  facet normal 0 0 1
    outer loop
      vertex -13.9622 23.5 24.4
      vertex -15.2925 22.6111 24.4
      vertex -14.7838 21.8497 24.4
    endloop
  endfacet
  facet normal 0 0 1
    outer loop
      vertex -13.9622 23.5 24.4
      vertex -15.3972 22.7924 24.4
      vertex -15.2925 22.6111 24.4
    endloop
  endfacet
  facet normal -0 0 1
    outer loop
      vertex -16.1766 29.326 24.4
      vertex -14.6615 28.8117 24.4
      vertex -15.8822 30.1931 24.4
    endloop
  endfacet
  facet normal 0 0 1
    outer loop
      vertex -14.3672 24.3212 24.4
      vertex -15.8021 23.6136 24.4
      vertex -15.3972 22.7924 24.4
    endloop
  endfacet
  facet normal -0 0 1
    outer loop
      vertex -16.2307 29.1239 24.4
      vertex -14.6615 28.8117 24.4
      vertex -16.1766 29.326 24.4
    endloop
  endfacet
  facet normal 0 0 1
    outer loop
      vertex -14.6615 28.8117 24.4
      vertex -16.2307 29.1239 24.4
      vertex -14.8401 27.9137 24.4
    endloop
  endfacet
  facet normal 0 0 1
    outer loop
      vertex -14.3672 24.3212 24.4
      vertex -15.8822 23.8069 24.4
      vertex -15.8021 23.6136 24.4
    endloop
  endfacet
  facet normal -0 0 1
    outer loop
      vertex -16.4094 28.2258 24.4
      vertex -14.8401 27.9137 24.4
      vertex -16.2307 29.1239 24.4
    endloop
  endfacet
  facet normal 0 0 1
    outer loop
      vertex -14.6615 25.1883 24.4
      vertex -16.1766 24.674 24.4
      vertex -15.8822 23.8069 24.4
    endloop
  endfacet
  facet normal -0 0 1
    outer loop
      vertex -16.4367 28.0183 24.4
      vertex -14.8401 27.9137 24.4
      vertex -16.4094 28.2258 24.4
    endloop
  endfacet
  facet normal 0 0 1
    outer loop
      vertex -14.6615 25.1883 24.4
      vertex -16.2307 24.8761 24.4
      vertex -16.1766 24.674 24.4
    endloop
  endfacet
  facet normal 0 0 1
    outer loop
      vertex -14.8401 27.9137 24.4
      vertex -16.4367 28.0183 24.4
      vertex -14.9 27 24.4
    endloop
  endfacet
  facet normal 0 0 1
    outer loop
      vertex -14.8401 26.0863 24.4
      vertex -16.4094 25.7742 24.4
      vertex -16.2307 24.8761 24.4
    endloop
  endfacet
  facet normal -0 0 1
    outer loop
      vertex -16.4966 27.1047 24.4
      vertex -14.9 27 24.4
      vertex -16.4367 28.0183 24.4
    endloop
  endfacet
  facet normal 0 0 1
    outer loop
      vertex -14.8401 26.0863 24.4
      vertex -16.4367 25.9817 24.4
      vertex -16.4094 25.7742 24.4
    endloop
  endfacet
  facet normal 0 0 1
    outer loop
      vertex -16.4966 26.8954 24.4
      vertex -14.9 27 24.4
      vertex -16.4966 27.1047 24.4
    endloop
  endfacet
  facet normal 0 0 1
    outer loop
      vertex -14.9 27 24.4
      vertex -16.4966 26.8954 24.4
      vertex -16.4367 25.9817 24.4
    endloop
  endfacet
  facet normal -0 0 1
    outer loop
      vertex -11 40.732 24.4
      vertex -7 40.5574 24.4
      vertex -7 40.732 24.4
    endloop
  endfacet
  facet normal 0 0 1
    outer loop
      vertex -7 40.5574 24.4
      vertex -11 40.732 24.4
      vertex -10.361 38.668 24.4
    endloop
  endfacet
  facet normal -0 0 1
    outer loop
      vertex -11 39.7156 24.4
      vertex -10.361 38.668 24.4
      vertex -11 40.732 24.4
    endloop
  endfacet
  facet normal 0 0 1
    outer loop
      vertex -11 39.7156 24.4
      vertex -15.3196 36.9848 24.4
      vertex -10.361 38.668 24.4
    endloop
  endfacet
  facet normal -0 0 1
    outer loop
      vertex -15.7788 38.0934 24.4
      vertex -15.3196 36.9848 24.4
      vertex -11 39.7156 24.4
    endloop
  endfacet
  facet normal 0 0 1
    outer loop
      vertex -15.7788 38.0934 24.4
      vertex -20.016 34.6687 24.4
      vertex -15.3196 36.9848 24.4
    endloop
  endfacet
  facet normal -0 0 1
    outer loop
      vertex -20.616 35.708 24.4
      vertex -20.016 34.6687 24.4
      vertex -15.7788 38.0934 24.4
    endloop
  endfacet
  facet normal 0 0 1
    outer loop
      vertex -20.616 35.708 24.4
      vertex -24.3699 31.7595 24.4
      vertex -20.016 34.6687 24.4
    endloop
  endfacet
  facet normal -0 0 1
    outer loop
      vertex -25.1005 32.7116 24.4
      vertex -24.3699 31.7595 24.4
      vertex -20.616 35.708 24.4
    endloop
  endfacet
  facet normal 0 0 1
    outer loop
      vertex -25.1005 32.7116 24.4
      vertex -28.3069 28.3069 24.4
      vertex -24.3699 31.7595 24.4
    endloop
  endfacet
  facet normal -0 0 1
    outer loop
      vertex -29.1554 29.1554 24.4
      vertex -28.3069 28.3069 24.4
      vertex -25.1005 32.7116 24.4
    endloop
  endfacet
  facet normal 0 0 1
    outer loop
      vertex -29.1554 29.1554 24.4
      vertex -31.7595 24.3699 24.4
      vertex -28.3069 28.3069 24.4
    endloop
  endfacet
  facet normal -0 0 1
    outer loop
      vertex -32.7116 25.1005 24.4
      vertex -31.7595 24.3699 24.4
      vertex -29.1554 29.1554 24.4
    endloop
  endfacet
  facet normal 0 0 1
    outer loop
      vertex -34.1884 22.0481 24.4
      vertex -31.7595 24.3699 24.4
      vertex -32.7116 25.1005 24.4
    endloop
  endfacet
  facet normal 0 0 1
    outer loop
      vertex -31.7595 24.3699 24.4
      vertex -34.1884 22.0481 24.4
      vertex -33.5552 21.6825 24.4
    endloop
  endfacet
  facet normal 0 0 1
    outer loop
      vertex -35.708 20.616 24.4
      vertex -34.1884 22.0481 24.4
      vertex -32.7116 25.1005 24.4
    endloop
  endfacet
  facet normal -0 0 1
    outer loop
      vertex -35.708 20.616 24.4
      vertex -36.1884 18.584 24.4
      vertex -34.1884 22.0481 24.4
    endloop
  endfacet
  facet normal 0 0 1
    outer loop
      vertex -38.0934 15.7788 24.4
      vertex -36.1884 18.584 24.4
      vertex -35.708 20.616 24.4
    endloop
  endfacet
  facet normal 0 0 1
    outer loop
      vertex -36.1884 18.584 24.4
      vertex -38.0934 15.7788 24.4
      vertex -36.9848 15.3196 24.4
    endloop
  endfacet
  facet normal 0 0 1
    outer loop
      vertex -38.0934 15.7788 24.4
      vertex -38.668 10.361 24.4
      vertex -36.9848 15.3196 24.4
    endloop
  endfacet
  facet normal -0 0 1
    outer loop
      vertex -39.8271 10.6716 24.4
      vertex -38.668 10.361 24.4
      vertex -38.0934 15.7788 24.4
    endloop
  endfacet
  facet normal 0 0 1
    outer loop
      vertex -38.668 10.361 24.4
      vertex -39.8271 10.6716 24.4
      vertex -39.6895 5.22523 24.4
    endloop
  endfacet
  facet normal -0 0 1
    outer loop
      vertex -40.8793 5.38186 24.4
      vertex -39.6895 5.22523 24.4
      vertex -39.8271 10.6716 24.4
    endloop
  endfacet
  facet normal 0 0 1
    outer loop
      vertex -39.6895 5.22523 24.4
      vertex -40.8793 5.38186 24.4
      vertex -40.032 0 24.4
    endloop
  endfacet
  facet normal 0 0 1
    outer loop
      vertex 11 40.732 24.4
      vertex 10.361 38.668 24.4
      vertex 11 39.7156 24.4
    endloop
  endfacet
  facet normal 0 0 1
    outer loop
      vertex 7 40.5574 24.4
      vertex 11 40.732 24.4
      vertex 7 40.732 24.4
    endloop
  endfacet
  facet normal 0 0 1
    outer loop
      vertex 11 40.732 24.4
      vertex 7 40.5574 24.4
      vertex 10.361 38.668 24.4
    endloop
  endfacet
  facet normal 0 0 1
    outer loop
      vertex 5.22523 39.6895 24.4
      vertex 7 40.5574 24.4
      vertex 5.38186 40.8793 24.4
    endloop
  endfacet
  facet normal 0 0 1
    outer loop
      vertex 7 40.5574 24.4
      vertex 5.22523 39.6895 24.4
      vertex 10.361 38.668 24.4
    endloop
  endfacet
  facet normal 0 0 1
    outer loop
      vertex 0 41.232 24.4
      vertex 5.22523 39.6895 24.4
      vertex 5.38186 40.8793 24.4
    endloop
  endfacet
  facet normal 0 0 1
    outer loop
      vertex 0 41.232 24.4
      vertex 0 40.032 24.4
      vertex 5.22523 39.6895 24.4
    endloop
  endfacet
  facet normal 0 0 1
    outer loop
      vertex 0 41.232 24.4
      vertex -5.22523 39.6895 24.4
      vertex 0 40.032 24.4
    endloop
  endfacet
  facet normal -0 0 1
    outer loop
      vertex -5.38186 40.8793 24.4
      vertex -5.22523 39.6895 24.4
      vertex 0 41.232 24.4
    endloop
  endfacet
  facet normal -0 0 1
    outer loop
      vertex -7 40.5574 24.4
      vertex -5.22523 39.6895 24.4
      vertex -5.38186 40.8793 24.4
    endloop
  endfacet
  facet normal 0 0 1
    outer loop
      vertex -5.22523 39.6895 24.4
      vertex -7 40.5574 24.4
      vertex -10.361 38.668 24.4
    endloop
  endfacet
  facet normal 0 0 1
    outer loop
      vertex 40.032 0 24.4
      vertex 41.232 0 24.4
      vertex 40.8793 5.38186 24.4
    endloop
  endfacet
  facet normal 0 0 1
    outer loop
      vertex 41.232 0 24.4
      vertex 40.032 0 24.4
      vertex 40.8793 -5.38186 24.4
    endloop
  endfacet
  facet normal 0 0 1
    outer loop
      vertex 39.6895 5.22523 24.4
      vertex 40.8793 5.38186 24.4
      vertex 39.8271 10.6716 24.4
    endloop
  endfacet
  facet normal 0 0 1
    outer loop
      vertex 40.8793 5.38186 24.4
      vertex 39.6895 5.22523 24.4
      vertex 40.032 0 24.4
    endloop
  endfacet
  facet normal 0 0 1
    outer loop
      vertex 39.8271 10.6716 24.4
      vertex 38.668 10.361 24.4
      vertex 39.6895 5.22523 24.4
    endloop
  endfacet
  facet normal 0 0 1
    outer loop
      vertex 38.0934 15.7788 24.4
      vertex 38.668 10.361 24.4
      vertex 39.8271 10.6716 24.4
    endloop
  endfacet
  facet normal 0 0 1
    outer loop
      vertex 38.0934 15.7788 24.4
      vertex 36.9848 15.3196 24.4
      vertex 38.668 10.361 24.4
    endloop
  endfacet
  facet normal 0 0 1
    outer loop
      vertex 35.708 20.616 24.4
      vertex 36.9848 15.3196 24.4
      vertex 38.0934 15.7788 24.4
    endloop
  endfacet
  facet normal 0 0 1
    outer loop
      vertex 35.708 20.616 24.4
      vertex 34.6687 20.016 24.4
      vertex 36.9848 15.3196 24.4
    endloop
  endfacet
  facet normal 0 0 1
    outer loop
      vertex 32.7116 25.1005 24.4
      vertex 34.6687 20.016 24.4
      vertex 35.708 20.616 24.4
    endloop
  endfacet
  facet normal 0 0 1
    outer loop
      vertex 32.7116 25.1005 24.4
      vertex 31.7595 24.3699 24.4
      vertex 34.6687 20.016 24.4
    endloop
  endfacet
  facet normal 0 0 1
    outer loop
      vertex 29.1554 29.1554 24.4
      vertex 31.7595 24.3699 24.4
      vertex 32.7116 25.1005 24.4
    endloop
  endfacet
  facet normal 0 0 1
    outer loop
      vertex 29.1554 29.1554 24.4
      vertex 28.3069 28.3069 24.4
      vertex 31.7595 24.3699 24.4
    endloop
  endfacet
  facet normal 0 0 1
    outer loop
      vertex 25.1005 32.7116 24.4
      vertex 28.3069 28.3069 24.4
      vertex 29.1554 29.1554 24.4
    endloop
  endfacet
  facet normal 0 0 1
    outer loop
      vertex 25.1005 32.7116 24.4
      vertex 24.3699 31.7595 24.4
      vertex 28.3069 28.3069 24.4
    endloop
  endfacet
  facet normal 0 0 1
    outer loop
      vertex 20.616 35.708 24.4
      vertex 24.3699 31.7595 24.4
      vertex 25.1005 32.7116 24.4
    endloop
  endfacet
  facet normal 0 0 1
    outer loop
      vertex 20.616 35.708 24.4
      vertex 20.016 34.6687 24.4
      vertex 24.3699 31.7595 24.4
    endloop
  endfacet
  facet normal 0 0 1
    outer loop
      vertex 15.7788 38.0934 24.4
      vertex 20.016 34.6687 24.4
      vertex 20.616 35.708 24.4
    endloop
  endfacet
  facet normal 0 0 1
    outer loop
      vertex 15.7788 38.0934 24.4
      vertex 15.3196 36.9848 24.4
      vertex 20.016 34.6687 24.4
    endloop
  endfacet
  facet normal 0 0 1
    outer loop
      vertex 11 39.7156 24.4
      vertex 15.3196 36.9848 24.4
      vertex 15.7788 38.0934 24.4
    endloop
  endfacet
  facet normal 0 0 1
    outer loop
      vertex 15.3196 36.9848 24.4
      vertex 11 39.7156 24.4
      vertex 10.361 38.668 24.4
    endloop
  endfacet
  facet normal -0 0 1
    outer loop
      vertex 39.6895 -5.22523 24.4
      vertex 40.8793 -5.38186 24.4
      vertex 40.032 0 24.4
    endloop
  endfacet
  facet normal 0 0 1
    outer loop
      vertex 40.8793 -5.38186 24.4
      vertex 39.6895 -5.22523 24.4
      vertex 39.8271 -10.6716 24.4
    endloop
  endfacet
  facet normal -0 0 1
    outer loop
      vertex 38.668 -10.361 24.4
      vertex 39.8271 -10.6716 24.4
      vertex 39.6895 -5.22523 24.4
    endloop
  endfacet
  facet normal 0 0 1
    outer loop
      vertex 38.668 -10.361 24.4
      vertex 38.0934 -15.7788 24.4
      vertex 39.8271 -10.6716 24.4
    endloop
  endfacet
  facet normal -0 0 1
    outer loop
      vertex 36.9848 -15.3196 24.4
      vertex 38.0934 -15.7788 24.4
      vertex 38.668 -10.361 24.4
    endloop
  endfacet
  facet normal 0 0 1
    outer loop
      vertex 36.9848 -15.3196 24.4
      vertex 35.708 -20.616 24.4
      vertex 38.0934 -15.7788 24.4
    endloop
  endfacet
  facet normal -0 0 1
    outer loop
      vertex 34.6687 -20.016 24.4
      vertex 35.708 -20.616 24.4
      vertex 36.9848 -15.3196 24.4
    endloop
  endfacet
  facet normal 0 0 1
    outer loop
      vertex 34.6687 -20.016 24.4
      vertex 32.7116 -25.1005 24.4
      vertex 35.708 -20.616 24.4
    endloop
  endfacet
  facet normal -0 0 1
    outer loop
      vertex 31.7595 -24.3699 24.4
      vertex 32.7116 -25.1005 24.4
      vertex 34.6687 -20.016 24.4
    endloop
  endfacet
  facet normal 0 0 1
    outer loop
      vertex 31.7595 -24.3699 24.4
      vertex 29.1554 -29.1554 24.4
      vertex 32.7116 -25.1005 24.4
    endloop
  endfacet
  facet normal -0 0 1
    outer loop
      vertex 28.3069 -28.3069 24.4
      vertex 29.1554 -29.1554 24.4
      vertex 31.7595 -24.3699 24.4
    endloop
  endfacet
  facet normal 0 0 1
    outer loop
      vertex 28.3069 -28.3069 24.4
      vertex 25.1005 -32.7116 24.4
      vertex 29.1554 -29.1554 24.4
    endloop
  endfacet
  facet normal -0 0 1
    outer loop
      vertex 24.3699 -31.7595 24.4
      vertex 25.1005 -32.7116 24.4
      vertex 28.3069 -28.3069 24.4
    endloop
  endfacet
  facet normal 0 0 1
    outer loop
      vertex 24.3699 -31.7595 24.4
      vertex 20.616 -35.708 24.4
      vertex 25.1005 -32.7116 24.4
    endloop
  endfacet
  facet normal -0 0 1
    outer loop
      vertex 20.016 -34.6687 24.4
      vertex 20.616 -35.708 24.4
      vertex 24.3699 -31.7595 24.4
    endloop
  endfacet
  facet normal 0 0 1
    outer loop
      vertex 20.016 -34.6687 24.4
      vertex 15.7788 -38.0934 24.4
      vertex 20.616 -35.708 24.4
    endloop
  endfacet
  facet normal -0 0 1
    outer loop
      vertex 15.3196 -36.9848 24.4
      vertex 15.7788 -38.0934 24.4
      vertex 20.016 -34.6687 24.4
    endloop
  endfacet
  facet normal 0 0 1
    outer loop
      vertex 15.3196 -36.9848 24.4
      vertex 10.6716 -39.8271 24.4
      vertex 15.7788 -38.0934 24.4
    endloop
  endfacet
  facet normal -0 0 1
    outer loop
      vertex 10.361 -38.668 24.4
      vertex 10.6716 -39.8271 24.4
      vertex 15.3196 -36.9848 24.4
    endloop
  endfacet
  facet normal 0 0 1
    outer loop
      vertex 10.361 -38.668 24.4
      vertex 5.38186 -40.8793 24.4
      vertex 10.6716 -39.8271 24.4
    endloop
  endfacet
  facet normal -0 0 1
    outer loop
      vertex 5.22523 -39.6895 24.4
      vertex 5.38186 -40.8793 24.4
      vertex 10.361 -38.668 24.4
    endloop
  endfacet
  facet normal -0 0 1
    outer loop
      vertex 0 -40.032 24.4
      vertex 5.38186 -40.8793 24.4
      vertex 5.22523 -39.6895 24.4
    endloop
  endfacet
  facet normal 0 0 1
    outer loop
      vertex 0 -40.032 24.4
      vertex 0 -41.232 24.4
      vertex 5.38186 -40.8793 24.4
    endloop
  endfacet
  facet normal 0 0 1
    outer loop
      vertex -5.22523 -39.6895 24.4
      vertex 0 -41.232 24.4
      vertex 0 -40.032 24.4
    endloop
  endfacet
  facet normal 0 0 1
    outer loop
      vertex -5.22523 -39.6895 24.4
      vertex -5.38186 -40.8793 24.4
      vertex 0 -41.232 24.4
    endloop
  endfacet
  facet normal 0 0 1
    outer loop
      vertex -10.361 -38.668 24.4
      vertex -5.38186 -40.8793 24.4
      vertex -5.22523 -39.6895 24.4
    endloop
  endfacet
  facet normal 0 0 1
    outer loop
      vertex -10.361 -38.668 24.4
      vertex -10.6716 -39.8271 24.4
      vertex -5.38186 -40.8793 24.4
    endloop
  endfacet
  facet normal 0 0 1
    outer loop
      vertex -15.3196 -36.9848 24.4
      vertex -10.6716 -39.8271 24.4
      vertex -10.361 -38.668 24.4
    endloop
  endfacet
  facet normal 0 0 1
    outer loop
      vertex -15.3196 -36.9848 24.4
      vertex -15.7788 -38.0934 24.4
      vertex -10.6716 -39.8271 24.4
    endloop
  endfacet
  facet normal 0 0 1
    outer loop
      vertex -20.016 -34.6687 24.4
      vertex -15.7788 -38.0934 24.4
      vertex -15.3196 -36.9848 24.4
    endloop
  endfacet
  facet normal 0 0 1
    outer loop
      vertex -20.016 -34.6687 24.4
      vertex -20.616 -35.708 24.4
      vertex -15.7788 -38.0934 24.4
    endloop
  endfacet
  facet normal 0 0 1
    outer loop
      vertex -24.3699 -31.7595 24.4
      vertex -20.616 -35.708 24.4
      vertex -20.016 -34.6687 24.4
    endloop
  endfacet
  facet normal 0 0 1
    outer loop
      vertex -24.3699 -31.7595 24.4
      vertex -25.1005 -32.7116 24.4
      vertex -20.616 -35.708 24.4
    endloop
  endfacet
  facet normal 0 0 1
    outer loop
      vertex -28.3069 -28.3069 24.4
      vertex -25.1005 -32.7116 24.4
      vertex -24.3699 -31.7595 24.4
    endloop
  endfacet
  facet normal 0 0 1
    outer loop
      vertex -28.3069 -28.3069 24.4
      vertex -29.1554 -29.1554 24.4
      vertex -25.1005 -32.7116 24.4
    endloop
  endfacet
  facet normal 0 0 1
    outer loop
      vertex -31.7595 -24.3699 24.4
      vertex -29.1554 -29.1554 24.4
      vertex -28.3069 -28.3069 24.4
    endloop
  endfacet
  facet normal 0 0 1
    outer loop
      vertex -31.7595 -24.3699 24.4
      vertex -32.7116 -25.1005 24.4
      vertex -29.1554 -29.1554 24.4
    endloop
  endfacet
  facet normal 0 0 1
    outer loop
      vertex -34.6687 -20.016 24.4
      vertex -32.7116 -25.1005 24.4
      vertex -31.7595 -24.3699 24.4
    endloop
  endfacet
  facet normal 0 0 1
    outer loop
      vertex -34.6687 -20.016 24.4
      vertex -35.708 -20.616 24.4
      vertex -32.7116 -25.1005 24.4
    endloop
  endfacet
  facet normal 0 0 1
    outer loop
      vertex -36.9848 -15.3196 24.4
      vertex -35.708 -20.616 24.4
      vertex -34.6687 -20.016 24.4
    endloop
  endfacet
  facet normal 0 0 1
    outer loop
      vertex -36.9848 -15.3196 24.4
      vertex -38.0934 -15.7788 24.4
      vertex -35.708 -20.616 24.4
    endloop
  endfacet
  facet normal 0 0 1
    outer loop
      vertex -38.668 -10.361 24.4
      vertex -38.0934 -15.7788 24.4
      vertex -36.9848 -15.3196 24.4
    endloop
  endfacet
  facet normal 0 0 1
    outer loop
      vertex -39.8271 -10.6716 24.4
      vertex -38.668 -10.361 24.4
      vertex -39.6895 -5.22523 24.4
    endloop
  endfacet
  facet normal 0 0 1
    outer loop
      vertex -38.668 -10.361 24.4
      vertex -39.8271 -10.6716 24.4
      vertex -38.0934 -15.7788 24.4
    endloop
  endfacet
  facet normal 0 0 1
    outer loop
      vertex -40.8793 -5.38186 24.4
      vertex -39.6895 -5.22523 24.4
      vertex -40.032 0 24.4
    endloop
  endfacet
  facet normal 0 0 1
    outer loop
      vertex -41.232 0 24.4
      vertex -40.032 0 24.4
      vertex -40.8793 5.38186 24.4
    endloop
  endfacet
  facet normal 0 0 1
    outer loop
      vertex -39.6895 -5.22523 24.4
      vertex -40.8793 -5.38186 24.4
      vertex -39.8271 -10.6716 24.4
    endloop
  endfacet
  facet normal 0 0 1
    outer loop
      vertex -40.032 0 24.4
      vertex -41.232 0 24.4
      vertex -40.8793 -5.38186 24.4
    endloop
  endfacet
  facet normal 0 0 1
    outer loop
      vertex -35.5552 18.2184 24.4
      vertex -36.1884 18.584 24.4
      vertex -36.9848 15.3196 24.4
    endloop
  endfacet
  facet normal -0.442282 0.896876 0
    outer loop
      vertex -15.7788 38.0934 0
      vertex -20.616 35.708 24.4
      vertex -15.7788 38.0934 24.4
    endloop
  endfacet
  facet normal -0.442282 0.896876 0
    outer loop
      vertex -20.616 35.708 24.4
      vertex -15.7788 38.0934 0
      vertex -20.616 35.708 0
    endloop
  endfacet
  facet normal -0.0653947 0.997859 0
    outer loop
      vertex 0 41.232 0
      vertex -5.38186 40.8793 24.4
      vertex 0 41.232 24.4
    endloop
  endfacet
  facet normal -0.0653947 0.997859 0
    outer loop
      vertex -5.38186 40.8793 24.4
      vertex 0 41.232 0
      vertex -5.38186 40.8793 0
    endloop
  endfacet
  facet normal 0.555564 -0.831474 0
    outer loop
      vertex 20.616 -35.708 0
      vertex 25.1005 -32.7116 24.4
      vertex 20.616 -35.708 24.4
    endloop
  endfacet
  facet normal 0.555564 -0.831474 0
    outer loop
      vertex 25.1005 -32.7116 24.4
      vertex 20.616 -35.708 0
      vertex 25.1005 -32.7116 0
    endloop
  endfacet
  facet normal -0.896876 -0.442282 0
    outer loop
      vertex -35.708 -20.616 4
      vertex -38.0934 -15.7788 24.4
      vertex -38.0934 -15.7788 4
    endloop
  endfacet
  facet normal -0.896876 -0.442282 0
    outer loop
      vertex -38.0934 -15.7788 24.4
      vertex -35.708 -20.616 4
      vertex -35.708 -20.616 24.4
    endloop
  endfacet
  facet normal -0.997859 -0.0653947 0
    outer loop
      vertex -40.8793 -5.38186 0
      vertex -41.232 0 24.4
      vertex -41.232 0 0
    endloop
  endfacet
  facet normal -0.997859 -0.0653947 0
    outer loop
      vertex -41.232 0 24.4
      vertex -40.8793 -5.38186 0
      vertex -40.8793 -5.38186 24.4
    endloop
  endfacet
  facet normal 0.946924 0.321459 0
    outer loop
      vertex 38.0934 15.7788 24.4
      vertex 38.296 15.182 4
      vertex 38.0934 15.7788 4
    endloop
  endfacet
  facet normal 0.946928 0.321446 4.23172e-07
    outer loop
      vertex 39.8271 10.6716 24.4
      vertex 38.296 15.182 4
      vertex 38.0934 15.7788 24.4
    endloop
  endfacet
  facet normal 0.946928 0.321444 -0
    outer loop
      vertex 39.8271 10.6716 0
      vertex 38.296 15.182 4
      vertex 39.8271 10.6716 24.4
    endloop
  endfacet
  facet normal 0.946928 0.321444 0
    outer loop
      vertex 38.296 15.182 4
      vertex 39.8271 10.6716 0
      vertex 38.296 15.182 0
    endloop
  endfacet
  facet normal 0.980785 0.195091 0
    outer loop
      vertex 40.8793 5.38186 24.4
      vertex 39.8271 10.6716 0
      vertex 39.8271 10.6716 24.4
    endloop
  endfacet
  facet normal 0.980785 0.195091 0
    outer loop
      vertex 39.8271 10.6716 0
      vertex 40.8793 5.38186 24.4
      vertex 40.8793 5.38186 0
    endloop
  endfacet
  facet normal 0.321442 0.946929 -0
    outer loop
      vertex 15.7788 38.0934 0
      vertex 11 39.7156 24.4
      vertex 15.7788 38.0934 24.4
    endloop
  endfacet
  facet normal 0.321442 0.946929 0
    outer loop
      vertex 11 39.7156 24.4
      vertex 15.7788 38.0934 0
      vertex 11 39.7156 0
    endloop
  endfacet
  facet normal 0.195109 0.980782 -0
    outer loop
      vertex 7 40.5574 0
      vertex 5.38186 40.8793 24.4
      vertex 7 40.5574 24.4
    endloop
  endfacet
  facet normal 0.195109 0.980782 0
    outer loop
      vertex 5.38186 40.8793 24.4
      vertex 7 40.5574 0
      vertex 5.38186 40.8793 0
    endloop
  endfacet
  facet normal 0.659361 0.751826 -0
    outer loop
      vertex 29.1554 29.1554 0
      vertex 25.1005 32.7116 24.4
      vertex 29.1554 29.1554 24.4
    endloop
  endfacet
  facet normal 0.659361 0.751826 0
    outer loop
      vertex 25.1005 32.7116 24.4
      vertex 29.1554 29.1554 0
      vertex 25.1005 32.7116 0
    endloop
  endfacet
  facet normal -0.831474 0.555564 0
    outer loop
      vertex -35.708 20.616 0
      vertex -32.7116 25.1005 24.4
      vertex -32.7116 25.1005 0
    endloop
  endfacet
  facet normal -0.831474 0.555564 0
    outer loop
      vertex -32.7116 25.1005 24.4
      vertex -35.708 20.616 0
      vertex -35.708 20.616 24.4
    endloop
  endfacet
  facet normal -0.751826 0.659361 0
    outer loop
      vertex -32.7116 25.1005 0
      vertex -29.1554 29.1554 24.4
      vertex -29.1554 29.1554 0
    endloop
  endfacet
  facet normal -0.751826 0.659361 0
    outer loop
      vertex -29.1554 29.1554 24.4
      vertex -32.7116 25.1005 0
      vertex -32.7116 25.1005 24.4
    endloop
  endfacet
  facet normal -0.946928 0.321446 0
    outer loop
      vertex -39.8271 10.6716 0
      vertex -38.0934 15.7788 24.4
      vertex -38.0934 15.7788 0
    endloop
  endfacet
  facet normal -0.946928 0.321446 0
    outer loop
      vertex -38.0934 15.7788 24.4
      vertex -39.8271 10.6716 0
      vertex -39.8271 10.6716 24.4
    endloop
  endfacet
  facet normal -0.980785 0.195091 0
    outer loop
      vertex -40.8793 5.38186 0
      vertex -39.8271 10.6716 24.4
      vertex -39.8271 10.6716 0
    endloop
  endfacet
  facet normal -0.980785 0.195091 0
    outer loop
      vertex -39.8271 10.6716 24.4
      vertex -40.8793 5.38186 0
      vertex -40.8793 5.38186 24.4
    endloop
  endfacet
  facet normal -0.555564 0.831474 0
    outer loop
      vertex -20.616 35.708 0
      vertex -25.1005 32.7116 24.4
      vertex -20.616 35.708 24.4
    endloop
  endfacet
  facet normal -0.555564 0.831474 0
    outer loop
      vertex -25.1005 32.7116 24.4
      vertex -20.616 35.708 0
      vertex -25.1005 32.7116 0
    endloop
  endfacet
  facet normal -0.195109 0.980782 0
    outer loop
      vertex -5.38186 40.8793 0
      vertex -7 40.5574 24.4
      vertex -5.38186 40.8793 24.4
    endloop
  endfacet
  facet normal -0.195109 0.980782 0
    outer loop
      vertex -7 40.5574 24.4
      vertex -5.38186 40.8793 0
      vertex -7 40.5574 0
    endloop
  endfacet
  facet normal 0.997859 -0.0653947 0
    outer loop
      vertex 40.8793 -5.38186 24.4
      vertex 41.232 0 0
      vertex 41.232 0 24.4
    endloop
  endfacet
  facet normal 0.997859 -0.0653947 0
    outer loop
      vertex 41.232 0 0
      vertex 40.8793 -5.38186 24.4
      vertex 40.8793 -5.38186 0
    endloop
  endfacet
  facet normal 0.0653947 -0.997859 0
    outer loop
      vertex 0 -41.232 14
      vertex 5.38186 -40.8793 24.4
      vertex 0 -41.232 24.4
    endloop
  endfacet
  facet normal 0.0653947 -0.997859 0
    outer loop
      vertex 5.38186 -40.8793 24.4
      vertex 0 -41.232 14
      vertex 5.38186 -40.8793 14
    endloop
  endfacet
  facet normal 0.321484 -0.946915 0
    outer loop
      vertex 12 -39.3761 14
      vertex 10.6716 -39.8271 24.4
      vertex 10.6716 -39.8271 14
    endloop
  endfacet
  facet normal 0.321446 -0.946928 -5.35052e-06
    outer loop
      vertex 10.6716 -39.8271 24.4
      vertex 12 -39.3761 14
      vertex 15.7788 -38.0934 24.4
    endloop
  endfacet
  facet normal 0.321433 -0.946932 0
    outer loop
      vertex 15.7788 -38.0934 0
      vertex 12 -39.3761 14
      vertex 12 -39.3761 0
    endloop
  endfacet
  facet normal 0.321433 -0.946932 0
    outer loop
      vertex 12 -39.3761 14
      vertex 15.7788 -38.0934 0
      vertex 15.7788 -38.0934 24.4
    endloop
  endfacet
  facet normal 0.659361 -0.751826 0
    outer loop
      vertex 25.1005 -32.7116 0
      vertex 29.1554 -29.1554 24.4
      vertex 25.1005 -32.7116 24.4
    endloop
  endfacet
  facet normal 0.659361 -0.751826 0
    outer loop
      vertex 29.1554 -29.1554 24.4
      vertex 25.1005 -32.7116 0
      vertex 29.1554 -29.1554 0
    endloop
  endfacet
  facet normal 0.831474 -0.555564 0
    outer loop
      vertex 32.7116 -25.1005 24.4
      vertex 35.708 -20.616 0
      vertex 35.708 -20.616 24.4
    endloop
  endfacet
  facet normal 0.831474 -0.555564 0
    outer loop
      vertex 35.708 -20.616 0
      vertex 32.7116 -25.1005 24.4
      vertex 32.7116 -25.1005 0
    endloop
  endfacet
  facet normal 0.980785 -0.195091 0
    outer loop
      vertex 39.8271 -10.6716 24.4
      vertex 40.8793 -5.38186 0
      vertex 40.8793 -5.38186 24.4
    endloop
  endfacet
  facet normal 0.980785 -0.195091 0
    outer loop
      vertex 40.8793 -5.38186 0
      vertex 39.8271 -10.6716 24.4
      vertex 39.8271 -10.6716 0
    endloop
  endfacet
  facet normal -0.659361 -0.751826 0
    outer loop
      vertex -29.1554 -29.1554 0
      vertex -25.1005 -32.7116 24.4
      vertex -29.1554 -29.1554 24.4
    endloop
  endfacet
  facet normal -0.659361 -0.751826 -0
    outer loop
      vertex -25.1005 -32.7116 24.4
      vertex -29.1554 -29.1554 0
      vertex -25.1005 -32.7116 0
    endloop
  endfacet
  facet normal -0.442282 -0.896876 0
    outer loop
      vertex -20.616 -35.708 0
      vertex -15.7788 -38.0934 24.4
      vertex -20.616 -35.708 24.4
    endloop
  endfacet
  facet normal -0.442282 -0.896876 -0
    outer loop
      vertex -15.7788 -38.0934 24.4
      vertex -20.616 -35.708 0
      vertex -15.7788 -38.0934 0
    endloop
  endfacet
  facet normal -0.321446 -0.946928 -5.35052e-06
    outer loop
      vertex -15.7788 -38.0934 24.4
      vertex -12 -39.3761 14
      vertex -10.6716 -39.8271 24.4
    endloop
  endfacet
  facet normal -0.321433 -0.946932 0
    outer loop
      vertex -15.7788 -38.0934 0
      vertex -12 -39.3761 14
      vertex -15.7788 -38.0934 24.4
    endloop
  endfacet
  facet normal -0.321433 -0.946932 -0
    outer loop
      vertex -12 -39.3761 14
      vertex -15.7788 -38.0934 0
      vertex -12 -39.3761 0
    endloop
  endfacet
  facet normal -0.321484 -0.946915 -0
    outer loop
      vertex -10.6716 -39.8271 24.4
      vertex -12 -39.3761 14
      vertex -10.6716 -39.8271 14
    endloop
  endfacet
  facet normal -0.0653947 -0.997859 0
    outer loop
      vertex -5.38186 -40.8793 14
      vertex 0 -41.232 24.4
      vertex -5.38186 -40.8793 24.4
    endloop
  endfacet
  facet normal -0.0653947 -0.997859 -0
    outer loop
      vertex 0 -41.232 24.4
      vertex -5.38186 -40.8793 14
      vertex 0 -41.232 14
    endloop
  endfacet
  facet normal -0.831474 -0.555564 0
    outer loop
      vertex -32.7116 -25.1005 4
      vertex -35.708 -20.616 24.4
      vertex -35.708 -20.616 4
    endloop
  endfacet
  facet normal -0.831474 -0.555564 0
    outer loop
      vertex -35.708 -20.616 24.4
      vertex -32.7116 -25.1005 4
      vertex -32.7116 -25.1005 24.4
    endloop
  endfacet
  facet normal -0.980785 -0.195091 0
    outer loop
      vertex -39.8271 -10.6716 0
      vertex -40.8793 -5.38186 24.4
      vertex -40.8793 -5.38186 0
    endloop
  endfacet
  facet normal -0.980785 -0.195091 0
    outer loop
      vertex -40.8793 -5.38186 24.4
      vertex -39.8271 -10.6716 0
      vertex -39.8271 -10.6716 24.4
    endloop
  endfacet
  facet normal 0.195091 -0.980785 0
    outer loop
      vertex 5.38186 -40.8793 14
      vertex 10.6716 -39.8271 24.4
      vertex 5.38186 -40.8793 24.4
    endloop
  endfacet
  facet normal 0.195091 -0.980785 0
    outer loop
      vertex 10.6716 -39.8271 24.4
      vertex 5.38186 -40.8793 14
      vertex 10.6716 -39.8271 14
    endloop
  endfacet
  facet normal 0.442282 -0.896876 0
    outer loop
      vertex 15.7788 -38.0934 0
      vertex 20.616 -35.708 24.4
      vertex 15.7788 -38.0934 24.4
    endloop
  endfacet
  facet normal 0.442282 -0.896876 0
    outer loop
      vertex 20.616 -35.708 24.4
      vertex 15.7788 -38.0934 0
      vertex 20.616 -35.708 0
    endloop
  endfacet
  facet normal 0.751826 -0.659361 0
    outer loop
      vertex 29.1554 -29.1554 24.4
      vertex 32.7116 -25.1005 0
      vertex 32.7116 -25.1005 24.4
    endloop
  endfacet
  facet normal 0.751826 -0.659361 0
    outer loop
      vertex 32.7116 -25.1005 0
      vertex 29.1554 -29.1554 24.4
      vertex 29.1554 -29.1554 0
    endloop
  endfacet
  facet normal 0.896876 -0.442282 0
    outer loop
      vertex 35.708 -20.616 24.4
      vertex 38.0934 -15.7788 0
      vertex 38.0934 -15.7788 24.4
    endloop
  endfacet
  facet normal 0.896876 -0.442282 0
    outer loop
      vertex 38.0934 -15.7788 0
      vertex 35.708 -20.616 24.4
      vertex 35.708 -20.616 0
    endloop
  endfacet
  facet normal -0.555564 -0.831474 0
    outer loop
      vertex -25.1005 -32.7116 0
      vertex -20.616 -35.708 24.4
      vertex -25.1005 -32.7116 24.4
    endloop
  endfacet
  facet normal -0.555564 -0.831474 -0
    outer loop
      vertex -20.616 -35.708 24.4
      vertex -25.1005 -32.7116 0
      vertex -20.616 -35.708 0
    endloop
  endfacet
  facet normal -0.195091 -0.980785 0
    outer loop
      vertex -10.6716 -39.8271 14
      vertex -5.38186 -40.8793 24.4
      vertex -10.6716 -39.8271 24.4
    endloop
  endfacet
  facet normal -0.195091 -0.980785 -0
    outer loop
      vertex -5.38186 -40.8793 24.4
      vertex -10.6716 -39.8271 14
      vertex -5.38186 -40.8793 14
    endloop
  endfacet
  facet normal -0.751834 -0.659353 0
    outer loop
      vertex -32.296 -25.5743 0
      vertex -29.1554 -29.1554 0
      vertex -32.296 -25.5743 4
    endloop
  endfacet
  facet normal -0.75177 -0.659425 0
    outer loop
      vertex -32.296 -25.5743 4
      vertex -32.7116 -25.1005 24.4
      vertex -32.7116 -25.1005 4
    endloop
  endfacet
  facet normal -0.751834 -0.659353 -0
    outer loop
      vertex -29.1554 -29.1554 24.4
      vertex -32.296 -25.5743 4
      vertex -29.1554 -29.1554 0
    endloop
  endfacet
  facet normal -0.751826 -0.659361 -2.62558e-06
    outer loop
      vertex -32.296 -25.5743 4
      vertex -29.1554 -29.1554 24.4
      vertex -32.7116 -25.1005 24.4
    endloop
  endfacet
  facet normal -0.946928 -0.321444 -0
    outer loop
      vertex -38.296 -15.182 4
      vertex -39.8271 -10.6716 0
      vertex -38.296 -15.182 0
    endloop
  endfacet
  facet normal -0.946928 -0.321444 0
    outer loop
      vertex -39.8271 -10.6716 0
      vertex -38.296 -15.182 4
      vertex -39.8271 -10.6716 24.4
    endloop
  endfacet
  facet normal -0.946924 -0.321459 -0
    outer loop
      vertex -38.0934 -15.7788 24.4
      vertex -38.296 -15.182 4
      vertex -38.0934 -15.7788 4
    endloop
  endfacet
  facet normal -0.946928 -0.321446 4.23172e-07
    outer loop
      vertex -38.296 -15.182 4
      vertex -38.0934 -15.7788 24.4
      vertex -39.8271 -10.6716 24.4
    endloop
  endfacet
  facet normal 0.946928 -0.321446 0
    outer loop
      vertex 38.0934 -15.7788 24.4
      vertex 39.8271 -10.6716 0
      vertex 39.8271 -10.6716 24.4
    endloop
  endfacet
  facet normal 0.946928 -0.321446 0
    outer loop
      vertex 39.8271 -10.6716 0
      vertex 38.0934 -15.7788 24.4
      vertex 38.0934 -15.7788 0
    endloop
  endfacet
  facet normal -0.997859 -0.0654006 0
    outer loop
      vertex 38.832 0 0
      vertex 38.4998 5.06859 26.39
      vertex 38.4998 5.06859 0
    endloop
  endfacet
  facet normal -0.997859 -0.0654006 0
    outer loop
      vertex 38.4998 5.06859 26.39
      vertex 38.832 0 0
      vertex 38.832 0 26.39
    endloop
  endfacet
  facet normal 0.997859 -0.0654006 0
    outer loop
      vertex -38.832 0 26.39
      vertex -38.4998 5.06859 0
      vertex -38.4998 5.06859 26.39
    endloop
  endfacet
  facet normal 0.997859 -0.0654006 0
    outer loop
      vertex -38.4998 5.06859 0
      vertex -38.832 0 26.39
      vertex -38.832 0 0
    endloop
  endfacet
  facet normal 0.0654006 -0.997859 0
    outer loop
      vertex -5.06859 38.4998 0
      vertex 0 38.832 26.39
      vertex -5.06859 38.4998 26.39
    endloop
  endfacet
  facet normal 0.0654006 -0.997859 0
    outer loop
      vertex 0 38.832 26.39
      vertex -5.06859 38.4998 0
      vertex 0 38.832 0
    endloop
  endfacet
  facet normal -0.0654006 0.997859 0
    outer loop
      vertex 5.06859 -38.4998 14
      vertex 0 -38.832 26.39
      vertex 5.06859 -38.4998 26.39
    endloop
  endfacet
  facet normal -0.0654006 0.997859 0
    outer loop
      vertex 0 -38.832 26.39
      vertex 5.06859 -38.4998 14
      vertex 0 -38.832 14
    endloop
  endfacet
  facet normal -0.659338 -0.751847 0
    outer loop
      vertex 23.6394 30.8075 0
      vertex 27.4584 27.4584 26.39
      vertex 23.6394 30.8075 26.39
    endloop
  endfacet
  facet normal -0.659338 -0.751847 -0
    outer loop
      vertex 27.4584 27.4584 26.39
      vertex 23.6394 30.8075 0
      vertex 27.4584 27.4584 0
    endloop
  endfacet
  facet normal 0.751847 -0.659338 0
    outer loop
      vertex -30.8075 23.6394 26.39
      vertex -27.4584 27.4584 0
      vertex -27.4584 27.4584 26.39
    endloop
  endfacet
  facet normal 0.751847 -0.659338 0
    outer loop
      vertex -27.4584 27.4584 0
      vertex -30.8075 23.6394 26.39
      vertex -30.8075 23.6394 0
    endloop
  endfacet
  facet normal 0.442293 -0.896871 0
    outer loop
      vertex -19.416 33.6295 0
      vertex -14.8604 35.8761 26.39
      vertex -19.416 33.6295 26.39
    endloop
  endfacet
  facet normal 0.442293 -0.896871 0
    outer loop
      vertex -14.8604 35.8761 26.39
      vertex -19.416 33.6295 0
      vertex -14.8604 35.8761 0
    endloop
  endfacet
  facet normal -0.831468 0.555572 0
    outer loop
      vertex 30.8075 -23.6394 0
      vertex 33.6295 -19.416 26.39
      vertex 33.6295 -19.416 0
    endloop
  endfacet
  facet normal -0.831468 0.555572 0
    outer loop
      vertex 33.6295 -19.416 26.39
      vertex 30.8075 -23.6394 0
      vertex 30.8075 -23.6394 26.39
    endloop
  endfacet
  facet normal -0.896871 -0.442293 0
    outer loop
      vertex 35.8761 14.8604 0
      vertex 33.6295 19.416 26.39
      vertex 33.6295 19.416 0
    endloop
  endfacet
  facet normal -0.896871 -0.442293 0
    outer loop
      vertex 33.6295 19.416 26.39
      vertex 35.8761 14.8604 0
      vertex 35.8761 14.8604 26.39
    endloop
  endfacet
  facet normal -0.980784 -0.195097 0
    outer loop
      vertex 38.4998 5.06859 0
      vertex 37.5088 10.0505 26.39
      vertex 37.5088 10.0505 0
    endloop
  endfacet
  facet normal -0.980784 -0.195097 0
    outer loop
      vertex 37.5088 10.0505 26.39
      vertex 38.4998 5.06859 0
      vertex 38.4998 5.06859 26.39
    endloop
  endfacet
  facet normal -0.831468 -0.555572 0
    outer loop
      vertex 33.6295 19.416 0
      vertex 30.8075 23.6394 26.39
      vertex 30.8075 23.6394 0
    endloop
  endfacet
  facet normal -0.831468 -0.555572 0
    outer loop
      vertex 30.8075 23.6394 26.39
      vertex 33.6295 19.416 0
      vertex 33.6295 19.416 26.39
    endloop
  endfacet
  facet normal -0.321429 -0.946934 0
    outer loop
      vertex 11 37.1865 24.4
      vertex 10.0505 37.5088 26.39
      vertex 10.0505 37.5088 24.4
    endloop
  endfacet
  facet normal -0.321432 -0.946933 -1.76888e-06
    outer loop
      vertex 10.0505 37.5088 26.39
      vertex 11 37.1865 24.4
      vertex 14.8604 35.8761 26.39
    endloop
  endfacet
  facet normal -0.321433 -0.946932 0
    outer loop
      vertex 14.8604 35.8761 0
      vertex 11 37.1865 24.4
      vertex 11 37.1865 0
    endloop
  endfacet
  facet normal -0.321433 -0.946932 0
    outer loop
      vertex 11 37.1865 24.4
      vertex 14.8604 35.8761 0
      vertex 14.8604 35.8761 26.39
    endloop
  endfacet
  facet normal -0.195097 -0.980784 2.22709e-06
    outer loop
      vertex 5.06859 38.4998 26.39
      vertex 7 38.1156 24.4
      vertex 10.0505 37.5088 26.39
    endloop
  endfacet
  facet normal -0.195099 -0.980783 0
    outer loop
      vertex 5.06859 38.4998 0
      vertex 7 38.1156 24.4
      vertex 5.06859 38.4998 26.39
    endloop
  endfacet
  facet normal -0.195099 -0.980783 -0
    outer loop
      vertex 7 38.1156 24.4
      vertex 5.06859 38.4998 0
      vertex 7 38.1156 0
    endloop
  endfacet
  facet normal -0.195096 -0.980784 -0
    outer loop
      vertex 10.0505 37.5088 26.39
      vertex 7 38.1156 24.4
      vertex 10.0505 37.5088 24.4
    endloop
  endfacet
  facet normal -0.555572 -0.831468 0
    outer loop
      vertex 19.416 33.6295 0
      vertex 23.6394 30.8075 26.39
      vertex 19.416 33.6295 26.39
    endloop
  endfacet
  facet normal -0.555572 -0.831468 -0
    outer loop
      vertex 23.6394 30.8075 26.39
      vertex 19.416 33.6295 0
      vertex 23.6394 30.8075 0
    endloop
  endfacet
  facet normal 0.896871 -0.442293 0
    outer loop
      vertex -35.8761 14.8604 26.39
      vertex -33.6295 19.416 0
      vertex -33.6295 19.416 26.39
    endloop
  endfacet
  facet normal 0.896871 -0.442293 0
    outer loop
      vertex -33.6295 19.416 0
      vertex -35.8761 14.8604 26.39
      vertex -35.8761 14.8604 0
    endloop
  endfacet
  facet normal 0.831468 -0.555572 0
    outer loop
      vertex -33.6295 19.416 26.39
      vertex -30.8075 23.6394 0
      vertex -30.8075 23.6394 26.39
    endloop
  endfacet
  facet normal 0.831468 -0.555572 0
    outer loop
      vertex -30.8075 23.6394 0
      vertex -33.6295 19.416 26.39
      vertex -33.6295 19.416 0
    endloop
  endfacet
  facet normal 0.980784 -0.195097 0
    outer loop
      vertex -38.4998 5.06859 26.39
      vertex -37.5088 10.0505 0
      vertex -37.5088 10.0505 26.39
    endloop
  endfacet
  facet normal 0.980784 -0.195097 0
    outer loop
      vertex -37.5088 10.0505 0
      vertex -38.4998 5.06859 26.39
      vertex -38.4998 5.06859 0
    endloop
  endfacet
  facet normal 0.555572 -0.831468 0
    outer loop
      vertex -23.6394 30.8075 0
      vertex -19.416 33.6295 26.39
      vertex -23.6394 30.8075 26.39
    endloop
  endfacet
  facet normal 0.555572 -0.831468 0
    outer loop
      vertex -19.416 33.6295 26.39
      vertex -23.6394 30.8075 0
      vertex -19.416 33.6295 0
    endloop
  endfacet
  facet normal 0.195096 -0.980784 0
    outer loop
      vertex -7 38.1156 24.4
      vertex -10.0505 37.5088 26.39
      vertex -10.0505 37.5088 24.4
    endloop
  endfacet
  facet normal 0.195097 -0.980784 2.22709e-06
    outer loop
      vertex -10.0505 37.5088 26.39
      vertex -7 38.1156 24.4
      vertex -5.06859 38.4998 26.39
    endloop
  endfacet
  facet normal 0.195099 -0.980783 0
    outer loop
      vertex -5.06859 38.4998 0
      vertex -7 38.1156 24.4
      vertex -7 38.1156 0
    endloop
  endfacet
  facet normal 0.195099 -0.980783 0
    outer loop
      vertex -7 38.1156 24.4
      vertex -5.06859 38.4998 0
      vertex -5.06859 38.4998 26.39
    endloop
  endfacet
  facet normal -0.195097 0.980784 -1.04396e-06
    outer loop
      vertex 10.0505 -37.5088 26.39
      vertex 8.42579 -37.832 14
      vertex 5.06859 -38.4998 26.39
    endloop
  endfacet
  facet normal -0.195105 0.980782 0
    outer loop
      vertex 10.0505 -37.5088 0
      vertex 8.42579 -37.832 14
      vertex 10.0505 -37.5088 26.39
    endloop
  endfacet
  facet normal -0.195105 0.980782 0
    outer loop
      vertex 8.42579 -37.832 14
      vertex 10.0505 -37.5088 0
      vertex 8.42579 -37.832 0
    endloop
  endfacet
  facet normal -0.195094 0.980785 0
    outer loop
      vertex 5.06859 -38.4998 26.39
      vertex 8.42579 -37.832 14
      vertex 5.06859 -38.4998 14
    endloop
  endfacet
  facet normal -0.946933 -0.321432 0
    outer loop
      vertex 37.5088 10.0505 0
      vertex 35.8761 14.8604 26.39
      vertex 35.8761 14.8604 0
    endloop
  endfacet
  facet normal -0.946933 -0.321432 0
    outer loop
      vertex 35.8761 14.8604 26.39
      vertex 37.5088 10.0505 0
      vertex 37.5088 10.0505 26.39
    endloop
  endfacet
  facet normal -0.751847 -0.659338 0
    outer loop
      vertex 30.8075 23.6394 0
      vertex 27.4584 27.4584 26.39
      vertex 27.4584 27.4584 0
    endloop
  endfacet
  facet normal -0.751847 -0.659338 0
    outer loop
      vertex 27.4584 27.4584 26.39
      vertex 30.8075 23.6394 0
      vertex 30.8075 23.6394 26.39
    endloop
  endfacet
  facet normal -0.0654006 -0.997859 0
    outer loop
      vertex 0 38.832 0
      vertex 5.06859 38.4998 26.39
      vertex 0 38.832 26.39
    endloop
  endfacet
  facet normal -0.0654006 -0.997859 -0
    outer loop
      vertex 5.06859 38.4998 26.39
      vertex 0 38.832 0
      vertex 5.06859 38.4998 0
    endloop
  endfacet
  facet normal -0.442293 -0.896871 0
    outer loop
      vertex 14.8604 35.8761 0
      vertex 19.416 33.6295 26.39
      vertex 14.8604 35.8761 26.39
    endloop
  endfacet
  facet normal -0.442293 -0.896871 -0
    outer loop
      vertex 19.416 33.6295 26.39
      vertex 14.8604 35.8761 0
      vertex 19.416 33.6295 0
    endloop
  endfacet
  facet normal 0.946933 -0.321432 0
    outer loop
      vertex -37.5088 10.0505 26.39
      vertex -35.8761 14.8604 0
      vertex -35.8761 14.8604 26.39
    endloop
  endfacet
  facet normal 0.946933 -0.321432 0
    outer loop
      vertex -35.8761 14.8604 0
      vertex -37.5088 10.0505 26.39
      vertex -37.5088 10.0505 0
    endloop
  endfacet
  facet normal 0.659338 -0.751847 0
    outer loop
      vertex -27.4584 27.4584 0
      vertex -23.6394 30.8075 26.39
      vertex -27.4584 27.4584 26.39
    endloop
  endfacet
  facet normal 0.659338 -0.751847 0
    outer loop
      vertex -23.6394 30.8075 26.39
      vertex -27.4584 27.4584 0
      vertex -23.6394 30.8075 0
    endloop
  endfacet
  facet normal 0.321432 -0.946933 -1.76888e-06
    outer loop
      vertex -14.8604 35.8761 26.39
      vertex -11 37.1865 24.4
      vertex -10.0505 37.5088 26.39
    endloop
  endfacet
  facet normal 0.321433 -0.946932 0
    outer loop
      vertex -14.8604 35.8761 0
      vertex -11 37.1865 24.4
      vertex -14.8604 35.8761 26.39
    endloop
  endfacet
  facet normal 0.321433 -0.946932 0
    outer loop
      vertex -11 37.1865 24.4
      vertex -14.8604 35.8761 0
      vertex -11 37.1865 0
    endloop
  endfacet
  facet normal 0.321429 -0.946934 0
    outer loop
      vertex -10.0505 37.5088 26.39
      vertex -11 37.1865 24.4
      vertex -10.0505 37.5088 24.4
    endloop
  endfacet
  facet normal -0.997859 0.0654006 0
    outer loop
      vertex 38.4998 -5.06859 0
      vertex 38.832 0 26.39
      vertex 38.832 0 0
    endloop
  endfacet
  facet normal -0.997859 0.0654006 0
    outer loop
      vertex 38.832 0 26.39
      vertex 38.4998 -5.06859 0
      vertex 38.4998 -5.06859 26.39
    endloop
  endfacet
  facet normal -0.751847 0.659338 0
    outer loop
      vertex 27.4584 -27.4584 0
      vertex 30.8075 -23.6394 26.39
      vertex 30.8075 -23.6394 0
    endloop
  endfacet
  facet normal -0.751847 0.659338 0
    outer loop
      vertex 30.8075 -23.6394 26.39
      vertex 27.4584 -27.4584 0
      vertex 27.4584 -27.4584 26.39
    endloop
  endfacet
  facet normal 0.896871 0.442293 0
    outer loop
      vertex -33.6295 -19.416 26.39
      vertex -35.8761 -14.8604 0
      vertex -35.8761 -14.8604 26.39
    endloop
  endfacet
  facet normal 0.896871 0.442293 0
    outer loop
      vertex -35.8761 -14.8604 0
      vertex -33.6295 -19.416 26.39
      vertex -33.6295 -19.416 0
    endloop
  endfacet
  facet normal -0.442293 0.896871 0
    outer loop
      vertex 19.416 -33.6295 0
      vertex 14.8604 -35.8761 26.39
      vertex 19.416 -33.6295 26.39
    endloop
  endfacet
  facet normal -0.442293 0.896871 0
    outer loop
      vertex 14.8604 -35.8761 26.39
      vertex 19.416 -33.6295 0
      vertex 14.8604 -35.8761 0
    endloop
  endfacet
  facet normal -0.946933 0.321432 0
    outer loop
      vertex 35.8761 -14.8604 0
      vertex 37.5088 -10.0505 26.39
      vertex 37.5088 -10.0505 0
    endloop
  endfacet
  facet normal -0.946933 0.321432 0
    outer loop
      vertex 37.5088 -10.0505 26.39
      vertex 35.8761 -14.8604 0
      vertex 35.8761 -14.8604 26.39
    endloop
  endfacet
  facet normal -0.980784 0.195097 0
    outer loop
      vertex 37.5088 -10.0505 0
      vertex 38.4998 -5.06859 26.39
      vertex 38.4998 -5.06859 0
    endloop
  endfacet
  facet normal -0.980784 0.195097 0
    outer loop
      vertex 38.4998 -5.06859 26.39
      vertex 37.5088 -10.0505 0
      vertex 37.5088 -10.0505 26.39
    endloop
  endfacet
  facet normal -0.555572 0.831468 0
    outer loop
      vertex 23.6394 -30.8075 0
      vertex 19.416 -33.6295 26.39
      vertex 23.6394 -30.8075 26.39
    endloop
  endfacet
  facet normal -0.555572 0.831468 0
    outer loop
      vertex 19.416 -33.6295 26.39
      vertex 23.6394 -30.8075 0
      vertex 19.416 -33.6295 0
    endloop
  endfacet
  facet normal -0.659338 0.751847 0
    outer loop
      vertex 27.4584 -27.4584 0
      vertex 23.6394 -30.8075 26.39
      vertex 27.4584 -27.4584 26.39
    endloop
  endfacet
  facet normal -0.659338 0.751847 0
    outer loop
      vertex 23.6394 -30.8075 26.39
      vertex 27.4584 -27.4584 0
      vertex 23.6394 -30.8075 0
    endloop
  endfacet
  facet normal -0.896871 0.442293 0
    outer loop
      vertex 33.6295 -19.416 0
      vertex 35.8761 -14.8604 26.39
      vertex 35.8761 -14.8604 0
    endloop
  endfacet
  facet normal -0.896871 0.442293 0
    outer loop
      vertex 35.8761 -14.8604 26.39
      vertex 33.6295 -19.416 0
      vertex 33.6295 -19.416 26.39
    endloop
  endfacet
  facet normal 0.321432 0.946933 -0
    outer loop
      vertex -10.0505 -37.5088 0
      vertex -14.8604 -35.8761 26.39
      vertex -10.0505 -37.5088 26.39
    endloop
  endfacet
  facet normal 0.321432 0.946933 0
    outer loop
      vertex -14.8604 -35.8761 26.39
      vertex -10.0505 -37.5088 0
      vertex -14.8604 -35.8761 0
    endloop
  endfacet
  facet normal 0.195094 0.980785 0
    outer loop
      vertex -8.42579 -37.832 14
      vertex -5.06859 -38.4998 26.39
      vertex -5.06859 -38.4998 14
    endloop
  endfacet
  facet normal 0.195097 0.980784 -1.04396e-06
    outer loop
      vertex -5.06859 -38.4998 26.39
      vertex -8.42579 -37.832 14
      vertex -10.0505 -37.5088 26.39
    endloop
  endfacet
  facet normal 0.195105 0.980782 0
    outer loop
      vertex -10.0505 -37.5088 0
      vertex -8.42579 -37.832 14
      vertex -8.42579 -37.832 0
    endloop
  endfacet
  facet normal 0.195105 0.980782 0
    outer loop
      vertex -8.42579 -37.832 14
      vertex -10.0505 -37.5088 0
      vertex -10.0505 -37.5088 26.39
    endloop
  endfacet
  facet normal 0.946933 0.321432 0
    outer loop
      vertex -35.8761 -14.8604 26.39
      vertex -37.5088 -10.0505 0
      vertex -37.5088 -10.0505 26.39
    endloop
  endfacet
  facet normal 0.946933 0.321432 0
    outer loop
      vertex -37.5088 -10.0505 0
      vertex -35.8761 -14.8604 26.39
      vertex -35.8761 -14.8604 0
    endloop
  endfacet
  facet normal 0.997859 0.0654006 0
    outer loop
      vertex -38.4998 -5.06859 26.39
      vertex -38.832 0 0
      vertex -38.832 0 26.39
    endloop
  endfacet
  facet normal 0.997859 0.0654006 0
    outer loop
      vertex -38.832 0 0
      vertex -38.4998 -5.06859 26.39
      vertex -38.4998 -5.06859 0
    endloop
  endfacet
  facet normal -0.321432 0.946933 0
    outer loop
      vertex 14.8604 -35.8761 0
      vertex 10.0505 -37.5088 26.39
      vertex 14.8604 -35.8761 26.39
    endloop
  endfacet
  facet normal -0.321432 0.946933 0
    outer loop
      vertex 10.0505 -37.5088 26.39
      vertex 14.8604 -35.8761 0
      vertex 10.0505 -37.5088 0
    endloop
  endfacet
  facet normal 0.0654006 0.997859 -0
    outer loop
      vertex 0 -38.832 14
      vertex -5.06859 -38.4998 26.39
      vertex 0 -38.832 26.39
    endloop
  endfacet
  facet normal 0.0654006 0.997859 0
    outer loop
      vertex -5.06859 -38.4998 26.39
      vertex 0 -38.832 14
      vertex -5.06859 -38.4998 14
    endloop
  endfacet
  facet normal 0.555572 0.831468 -0
    outer loop
      vertex -19.416 -33.6295 0
      vertex -23.6394 -30.8075 26.39
      vertex -19.416 -33.6295 26.39
    endloop
  endfacet
  facet normal 0.555572 0.831468 0
    outer loop
      vertex -23.6394 -30.8075 26.39
      vertex -19.416 -33.6295 0
      vertex -23.6394 -30.8075 0
    endloop
  endfacet
  facet normal 0.659338 0.751847 -0
    outer loop
      vertex -23.6394 -30.8075 0
      vertex -27.4584 -27.4584 26.39
      vertex -23.6394 -30.8075 26.39
    endloop
  endfacet
  facet normal 0.659338 0.751847 0
    outer loop
      vertex -27.4584 -27.4584 26.39
      vertex -23.6394 -30.8075 0
      vertex -27.4584 -27.4584 0
    endloop
  endfacet
  facet normal 0.751847 0.659338 0
    outer loop
      vertex -27.4584 -27.4584 26.39
      vertex -30.8075 -23.6394 0
      vertex -30.8075 -23.6394 26.39
    endloop
  endfacet
  facet normal 0.751847 0.659338 0
    outer loop
      vertex -30.8075 -23.6394 0
      vertex -27.4584 -27.4584 26.39
      vertex -27.4584 -27.4584 0
    endloop
  endfacet
  facet normal 0.831468 0.555572 0
    outer loop
      vertex -30.8075 -23.6394 26.39
      vertex -33.6295 -19.416 0
      vertex -33.6295 -19.416 26.39
    endloop
  endfacet
  facet normal 0.831468 0.555572 0
    outer loop
      vertex -33.6295 -19.416 0
      vertex -30.8075 -23.6394 26.39
      vertex -30.8075 -23.6394 0
    endloop
  endfacet
  facet normal 0.980784 0.195097 0
    outer loop
      vertex -37.5088 -10.0505 26.39
      vertex -38.4998 -5.06859 0
      vertex -38.4998 -5.06859 26.39
    endloop
  endfacet
  facet normal 0.980784 0.195097 0
    outer loop
      vertex -38.4998 -5.06859 0
      vertex -37.5088 -10.0505 26.39
      vertex -37.5088 -10.0505 0
    endloop
  endfacet
  facet normal 0.442293 0.896871 -0
    outer loop
      vertex -14.8604 -35.8761 0
      vertex -19.416 -33.6295 26.39
      vertex -14.8604 -35.8761 26.39
    endloop
  endfacet
  facet normal 0.442293 0.896871 0
    outer loop
      vertex -19.416 -33.6295 26.39
      vertex -14.8604 -35.8761 0
      vertex -19.416 -33.6295 0
    endloop
  endfacet
  facet normal -1 0 0
    outer loop
      vertex -11 39.7156 0
      vertex -11 40.732 24.4
      vertex -11 40.732 0
    endloop
  endfacet
  facet normal -1 -0 0
    outer loop
      vertex -11 40.732 24.4
      vertex -11 39.7156 0
      vertex -11 39.7156 24.4
    endloop
  endfacet
  facet normal -1 0 0
    outer loop
      vertex -11 35.0138 0
      vertex -11 37.1865 24.4
      vertex -11 37.1865 0
    endloop
  endfacet
  facet normal -1 -0 0
    outer loop
      vertex -11 37.1865 24.4
      vertex -11 35.0138 0
      vertex -11 35.0138 24.4
    endloop
  endfacet
  facet normal 1 -0 0
    outer loop
      vertex -7 40.5574 24.4
      vertex -7 40.732 0
      vertex -7 40.732 24.4
    endloop
  endfacet
  facet normal 1 0 0
    outer loop
      vertex -7 40.732 0
      vertex -7 40.5574 24.4
      vertex -7 40.5574 0
    endloop
  endfacet
  facet normal 1 -0 0
    outer loop
      vertex -7 35.6 24.4
      vertex -7 38.1156 0
      vertex -7 38.1156 24.4
    endloop
  endfacet
  facet normal 1 0 0
    outer loop
      vertex -7 38.1156 0
      vertex -7 35.6 24.4
      vertex -7 35.6 0
    endloop
  endfacet
  facet normal 0 -1 0
    outer loop
      vertex -7.9 34 0
      vertex 7.9 34 24.4
      vertex -7.9 34 24.4
    endloop
  endfacet
  facet normal 0 -1 -0
    outer loop
      vertex 7.9 34 24.4
      vertex -7.9 34 0
      vertex 7.9 34 0
    endloop
  endfacet
  facet normal 0 1 -0
    outer loop
      vertex -7 40.732 0
      vertex -11 40.732 24.4
      vertex -7 40.732 24.4
    endloop
  endfacet
  facet normal 0 1 0
    outer loop
      vertex -11 40.732 24.4
      vertex -7 40.732 0
      vertex -11 40.732 0
    endloop
  endfacet
  facet normal -1 0 0
    outer loop
      vertex 7 40.5574 0
      vertex 7 40.732 24.4
      vertex 7 40.732 0
    endloop
  endfacet
  facet normal -1 -0 0
    outer loop
      vertex 7 40.732 24.4
      vertex 7 40.5574 0
      vertex 7 40.5574 24.4
    endloop
  endfacet
  facet normal -1 0 0
    outer loop
      vertex 7 35.6 0
      vertex 7 38.1156 24.4
      vertex 7 38.1156 0
    endloop
  endfacet
  facet normal -1 -0 0
    outer loop
      vertex 7 38.1156 24.4
      vertex 7 35.6 0
      vertex 7 35.6 24.4
    endloop
  endfacet
  facet normal 1 -0 0
    outer loop
      vertex 11 39.7156 24.4
      vertex 11 40.732 0
      vertex 11 40.732 24.4
    endloop
  endfacet
  facet normal 1 0 0
    outer loop
      vertex 11 40.732 0
      vertex 11 39.7156 24.4
      vertex 11 39.7156 0
    endloop
  endfacet
  facet normal 1 -0 0
    outer loop
      vertex 11 35.0138 24.4
      vertex 11 37.1865 0
      vertex 11 37.1865 24.4
    endloop
  endfacet
  facet normal 1 0 0
    outer loop
      vertex 11 37.1865 0
      vertex 11 35.0138 24.4
      vertex 11 35.0138 0
    endloop
  endfacet
  facet normal 0 1 -0
    outer loop
      vertex 11 40.732 0
      vertex 7 40.732 24.4
      vertex 11 40.732 24.4
    endloop
  endfacet
  facet normal 0 1 0
    outer loop
      vertex 7 40.732 24.4
      vertex 11 40.732 0
      vertex 7 40.732 0
    endloop
  endfacet
  facet normal 0.866025 0.5 0
    outer loop
      vertex 47.3682 20.4199 4
      vertex 41.3682 30.8122 0
      vertex 41.3682 30.8122 4
    endloop
  endfacet
  facet normal 0.866025 0.5 0
    outer loop
      vertex 41.3682 30.8122 0
      vertex 47.3682 20.4199 4
      vertex 47.3682 20.4199 0
    endloop
  endfacet
  facet normal 0 0 1
    outer loop
      vertex 47.3682 20.4199 4
      vertex 42.3184 23.4162 4
      vertex 42.3381 23.116 4
    endloop
  endfacet
  facet normal 0 0 1
    outer loop
      vertex 47.3682 20.4199 4
      vertex 42.2597 23.7113 4
      vertex 42.3184 23.4162 4
    endloop
  endfacet
  facet normal 0 0 1
    outer loop
      vertex 47.3682 20.4199 4
      vertex 42.163 23.9962 4
      vertex 42.2597 23.7113 4
    endloop
  endfacet
  facet normal 0 0 1
    outer loop
      vertex 47.3682 20.4199 4
      vertex 42.03 24.266 4
      vertex 42.163 23.9962 4
    endloop
  endfacet
  facet normal 0 0 1
    outer loop
      vertex 41.3682 30.8122 4
      vertex 42.03 24.266 4
      vertex 47.3682 20.4199 4
    endloop
  endfacet
  facet normal 0 0 1
    outer loop
      vertex 42.03 24.266 4
      vertex 41.3682 30.8122 4
      vertex 41.8628 24.5162 4
    endloop
  endfacet
  facet normal 0 0 1
    outer loop
      vertex 41.8628 24.5162 4
      vertex 41.3682 30.8122 4
      vertex 41.6644 24.7424 4
    endloop
  endfacet
  facet normal 0 0 1
    outer loop
      vertex 41.6644 24.7424 4
      vertex 41.3682 30.8122 4
      vertex 41.4382 24.9407 4
    endloop
  endfacet
  facet normal 0 0 1
    outer loop
      vertex 41.3682 30.8122 4
      vertex 41.1881 25.1079 4
      vertex 41.4382 24.9407 4
    endloop
  endfacet
  facet normal 0 0 1
    outer loop
      vertex 41.3682 30.8122 4
      vertex 40.9183 25.2409 4
      vertex 41.1881 25.1079 4
    endloop
  endfacet
  facet normal 0 0 1
    outer loop
      vertex 41.3682 30.8122 4
      vertex 40.6334 25.3376 4
      vertex 40.9183 25.2409 4
    endloop
  endfacet
  facet normal 0 0 1
    outer loop
      vertex 41.3682 30.8122 4
      vertex 40.3383 25.3963 4
      vertex 40.6334 25.3376 4
    endloop
  endfacet
  facet normal 0 0 1
    outer loop
      vertex 41.3682 30.8122 4
      vertex 40.0381 25.416 4
      vertex 40.3383 25.3963 4
    endloop
  endfacet
  facet normal 0 0 1
    outer loop
      vertex 41.3682 30.8122 4
      vertex 39.7379 25.3963 4
      vertex 40.0381 25.416 4
    endloop
  endfacet
  facet normal 0 0 1
    outer loop
      vertex 41.3682 30.8122 4
      vertex 39.4428 25.3376 4
      vertex 39.7379 25.3963 4
    endloop
  endfacet
  facet normal 0 0 1
    outer loop
      vertex 41.3682 30.8122 4
      vertex 39.1579 25.2409 4
      vertex 39.4428 25.3376 4
    endloop
  endfacet
  facet normal 0 0 1
    outer loop
      vertex 41.3682 30.8122 4
      vertex 38.8881 25.1079 4
      vertex 39.1579 25.2409 4
    endloop
  endfacet
  facet normal -0 0 1
    outer loop
      vertex 32.296 25.5743 4
      vertex 38.8881 25.1079 4
      vertex 41.3682 30.8122 4
    endloop
  endfacet
  facet normal 0 0 1
    outer loop
      vertex 38.8881 25.1079 4
      vertex 32.296 25.5743 4
      vertex 38.6379 24.9407 4
    endloop
  endfacet
  facet normal -0 -0 1
    outer loop
      vertex 32.7116 25.1005 4
      vertex 38.6379 24.9407 4
      vertex 32.296 25.5743 4
    endloop
  endfacet
  facet normal 0 0 1
    outer loop
      vertex 38.6379 24.9407 4
      vertex 32.7116 25.1005 4
      vertex 38.4118 24.7424 4
    endloop
  endfacet
  facet normal 0 0 1
    outer loop
      vertex 32.7116 25.1005 4
      vertex 37.7381 23.116 4
      vertex 37.7578 23.4162 4
    endloop
  endfacet
  facet normal 0 0 1
    outer loop
      vertex 32.7116 25.1005 4
      vertex 37.7578 23.4162 4
      vertex 37.8165 23.7113 4
    endloop
  endfacet
  facet normal 0 0 1
    outer loop
      vertex 32.7116 25.1005 4
      vertex 37.8165 23.7113 4
      vertex 37.9132 23.9962 4
    endloop
  endfacet
  facet normal 0 0 1
    outer loop
      vertex 32.7116 25.1005 4
      vertex 37.9132 23.9962 4
      vertex 38.0462 24.266 4
    endloop
  endfacet
  facet normal 0 0 1
    outer loop
      vertex 38.4118 24.7424 4
      vertex 32.7116 25.1005 4
      vertex 38.2134 24.5162 4
    endloop
  endfacet
  facet normal 0 0 1
    outer loop
      vertex 37.7381 23.116 4
      vertex 32.7116 25.1005 4
      vertex 35.708 20.616 4
    endloop
  endfacet
  facet normal 0 0 1
    outer loop
      vertex 38.2134 24.5162 4
      vertex 32.7116 25.1005 4
      vertex 38.0462 24.266 4
    endloop
  endfacet
  facet normal -0 0 1
    outer loop
      vertex 42.3184 22.8158 4
      vertex 47.3682 20.4199 4
      vertex 42.3381 23.116 4
    endloop
  endfacet
  facet normal -0 0 1
    outer loop
      vertex 42.2597 22.5207 4
      vertex 47.3682 20.4199 4
      vertex 42.3184 22.8158 4
    endloop
  endfacet
  facet normal -0 0 1
    outer loop
      vertex 42.163 22.2358 4
      vertex 47.3682 20.4199 4
      vertex 42.2597 22.5207 4
    endloop
  endfacet
  facet normal -0 0 1
    outer loop
      vertex 42.03 21.966 4
      vertex 47.3682 20.4199 4
      vertex 42.163 22.2358 4
    endloop
  endfacet
  facet normal -0 0 1
    outer loop
      vertex 41.8628 21.7159 4
      vertex 47.3682 20.4199 4
      vertex 42.03 21.966 4
    endloop
  endfacet
  facet normal -0 0 1
    outer loop
      vertex 41.6644 21.4897 4
      vertex 47.3682 20.4199 4
      vertex 41.8628 21.7159 4
    endloop
  endfacet
  facet normal -0 0 1
    outer loop
      vertex 41.4382 21.2913 4
      vertex 47.3682 20.4199 4
      vertex 41.6644 21.4897 4
    endloop
  endfacet
  facet normal -0 0 1
    outer loop
      vertex 41.1881 21.1241 4
      vertex 47.3682 20.4199 4
      vertex 41.4382 21.2913 4
    endloop
  endfacet
  facet normal 0 0 1
    outer loop
      vertex 38.296 15.182 4
      vertex 41.1881 21.1241 4
      vertex 40.9183 20.9911 4
    endloop
  endfacet
  facet normal 0 0 1
    outer loop
      vertex 38.0934 15.7788 4
      vertex 40.9183 20.9911 4
      vertex 40.6334 20.8944 4
    endloop
  endfacet
  facet normal 0 0 1
    outer loop
      vertex 38.0934 15.7788 4
      vertex 40.6334 20.8944 4
      vertex 40.3383 20.8357 4
    endloop
  endfacet
  facet normal 0 0 1
    outer loop
      vertex 38.0934 15.7788 4
      vertex 40.3383 20.8357 4
      vertex 40.0381 20.816 4
    endloop
  endfacet
  facet normal 0 0 1
    outer loop
      vertex 41.1881 21.1241 4
      vertex 38.296 15.182 4
      vertex 47.3682 20.4199 4
    endloop
  endfacet
  facet normal 0 0 1
    outer loop
      vertex 38.0934 15.7788 4
      vertex 40.0381 20.816 4
      vertex 39.7379 20.8357 4
    endloop
  endfacet
  facet normal 0 0 1
    outer loop
      vertex 38.0934 15.7788 4
      vertex 39.7379 20.8357 4
      vertex 39.4428 20.8944 4
    endloop
  endfacet
  facet normal 0 0 1
    outer loop
      vertex 38.0934 15.7788 4
      vertex 39.4428 20.8944 4
      vertex 39.1579 20.9911 4
    endloop
  endfacet
  facet normal 0 0 1
    outer loop
      vertex 38.0934 15.7788 4
      vertex 39.1579 20.9911 4
      vertex 38.8881 21.1241 4
    endloop
  endfacet
  facet normal 0 0 1
    outer loop
      vertex 35.708 20.616 4
      vertex 38.8881 21.1241 4
      vertex 38.6379 21.2913 4
    endloop
  endfacet
  facet normal 0 0 1
    outer loop
      vertex 35.708 20.616 4
      vertex 38.6379 21.2913 4
      vertex 38.4118 21.4897 4
    endloop
  endfacet
  facet normal 0 0 1
    outer loop
      vertex 35.708 20.616 4
      vertex 38.4118 21.4897 4
      vertex 38.2134 21.7159 4
    endloop
  endfacet
  facet normal 0 0 1
    outer loop
      vertex 40.9183 20.9911 4
      vertex 38.0934 15.7788 4
      vertex 38.296 15.182 4
    endloop
  endfacet
  facet normal 0 0 1
    outer loop
      vertex 35.708 20.616 4
      vertex 38.2134 21.7159 4
      vertex 38.0462 21.966 4
    endloop
  endfacet
  facet normal 0 0 1
    outer loop
      vertex 35.708 20.616 4
      vertex 38.0462 21.966 4
      vertex 37.9132 22.2358 4
    endloop
  endfacet
  facet normal 0 0 1
    outer loop
      vertex 35.708 20.616 4
      vertex 37.9132 22.2358 4
      vertex 37.8165 22.5207 4
    endloop
  endfacet
  facet normal 0 0 1
    outer loop
      vertex 35.708 20.616 4
      vertex 37.8165 22.5207 4
      vertex 37.7578 22.8158 4
    endloop
  endfacet
  facet normal 0 0 1
    outer loop
      vertex 35.708 20.616 4
      vertex 37.7578 22.8158 4
      vertex 37.7381 23.116 4
    endloop
  endfacet
  facet normal 0 0 1
    outer loop
      vertex 38.8881 21.1241 4
      vertex 35.708 20.616 4
      vertex 38.0934 15.7788 4
    endloop
  endfacet
  facet normal -0.500005 0.866023 0
    outer loop
      vertex 41.3682 30.8122 0
      vertex 32.296 25.5743 4
      vertex 41.3682 30.8122 4
    endloop
  endfacet
  facet normal -0.500005 0.866023 0
    outer loop
      vertex 32.296 25.5743 4
      vertex 41.3682 30.8122 0
      vertex 32.296 25.5743 0
    endloop
  endfacet
  facet normal 0.500005 -0.866023 0
    outer loop
      vertex 38.296 15.182 0
      vertex 47.3682 20.4199 4
      vertex 38.296 15.182 4
    endloop
  endfacet
  facet normal 0.500005 -0.866023 0
    outer loop
      vertex 47.3682 20.4199 4
      vertex 38.296 15.182 0
      vertex 47.3682 20.4199 0
    endloop
  endfacet
  facet normal 0 0 1
    outer loop
      vertex -35.708 -20.616 4
      vertex -37.7578 -22.8158 4
      vertex -37.7381 -23.116 4
    endloop
  endfacet
  facet normal 0 0 1
    outer loop
      vertex -35.708 -20.616 4
      vertex -37.8165 -22.5207 4
      vertex -37.7578 -22.8158 4
    endloop
  endfacet
  facet normal 0 0 1
    outer loop
      vertex -35.708 -20.616 4
      vertex -37.9132 -22.2358 4
      vertex -37.8165 -22.5207 4
    endloop
  endfacet
  facet normal 0 0 1
    outer loop
      vertex -35.708 -20.616 4
      vertex -38.0462 -21.966 4
      vertex -37.9132 -22.2358 4
    endloop
  endfacet
  facet normal 0 0 1
    outer loop
      vertex -38.8881 -21.1241 4
      vertex -35.708 -20.616 4
      vertex -38.0934 -15.7788 4
    endloop
  endfacet
  facet normal 0 0 1
    outer loop
      vertex -35.708 -20.616 4
      vertex -38.2134 -21.7159 4
      vertex -38.0462 -21.966 4
    endloop
  endfacet
  facet normal 0 0 1
    outer loop
      vertex -40.9183 -20.9911 4
      vertex -38.0934 -15.7788 4
      vertex -38.296 -15.182 4
    endloop
  endfacet
  facet normal 0 0 1
    outer loop
      vertex -35.708 -20.616 4
      vertex -38.4118 -21.4897 4
      vertex -38.2134 -21.7159 4
    endloop
  endfacet
  facet normal 0 0 1
    outer loop
      vertex -35.708 -20.616 4
      vertex -38.6379 -21.2913 4
      vertex -38.4118 -21.4897 4
    endloop
  endfacet
  facet normal 0 0 1
    outer loop
      vertex -35.708 -20.616 4
      vertex -38.8881 -21.1241 4
      vertex -38.6379 -21.2913 4
    endloop
  endfacet
  facet normal 0 0 1
    outer loop
      vertex -38.0934 -15.7788 4
      vertex -39.1579 -20.9911 4
      vertex -38.8881 -21.1241 4
    endloop
  endfacet
  facet normal 0 0 1
    outer loop
      vertex -38.0934 -15.7788 4
      vertex -39.4428 -20.8944 4
      vertex -39.1579 -20.9911 4
    endloop
  endfacet
  facet normal 0 0 1
    outer loop
      vertex -38.0934 -15.7788 4
      vertex -39.7379 -20.8357 4
      vertex -39.4428 -20.8944 4
    endloop
  endfacet
  facet normal 0 0 1
    outer loop
      vertex -38.0934 -15.7788 4
      vertex -40.0381 -20.816 4
      vertex -39.7379 -20.8357 4
    endloop
  endfacet
  facet normal 0 0 1
    outer loop
      vertex -38.0934 -15.7788 4
      vertex -40.3383 -20.8357 4
      vertex -40.0381 -20.816 4
    endloop
  endfacet
  facet normal 0 0 1
    outer loop
      vertex -38.0934 -15.7788 4
      vertex -40.6334 -20.8944 4
      vertex -40.3383 -20.8357 4
    endloop
  endfacet
  facet normal 0 0 1
    outer loop
      vertex -38.0934 -15.7788 4
      vertex -40.9183 -20.9911 4
      vertex -40.6334 -20.8944 4
    endloop
  endfacet
  facet normal 0 0 1
    outer loop
      vertex -38.296 -15.182 4
      vertex -41.1881 -21.1241 4
      vertex -40.9183 -20.9911 4
    endloop
  endfacet
  facet normal -0 0 1
    outer loop
      vertex -47.3682 -20.4199 4
      vertex -41.1881 -21.1241 4
      vertex -38.296 -15.182 4
    endloop
  endfacet
  facet normal 0 0 1
    outer loop
      vertex -41.1881 -21.1241 4
      vertex -47.3682 -20.4199 4
      vertex -41.4382 -21.2913 4
    endloop
  endfacet
  facet normal 0 0 1
    outer loop
      vertex -41.4382 -21.2913 4
      vertex -47.3682 -20.4199 4
      vertex -41.6644 -21.4897 4
    endloop
  endfacet
  facet normal 0 0 1
    outer loop
      vertex -41.6644 -21.4897 4
      vertex -47.3682 -20.4199 4
      vertex -41.8628 -21.7159 4
    endloop
  endfacet
  facet normal 0 0 1
    outer loop
      vertex -42.3184 -22.8158 4
      vertex -47.3682 -20.4199 4
      vertex -42.3381 -23.116 4
    endloop
  endfacet
  facet normal 0 0 1
    outer loop
      vertex -42.2597 -22.5207 4
      vertex -47.3682 -20.4199 4
      vertex -42.3184 -22.8158 4
    endloop
  endfacet
  facet normal 0 0 1
    outer loop
      vertex -42.163 -22.2358 4
      vertex -47.3682 -20.4199 4
      vertex -42.2597 -22.5207 4
    endloop
  endfacet
  facet normal 0 0 1
    outer loop
      vertex -42.03 -21.966 4
      vertex -47.3682 -20.4199 4
      vertex -42.163 -22.2358 4
    endloop
  endfacet
  facet normal 0 0 1
    outer loop
      vertex -41.8628 -21.7159 4
      vertex -47.3682 -20.4199 4
      vertex -42.03 -21.966 4
    endloop
  endfacet
  facet normal -0 0 1
    outer loop
      vertex -37.7381 -23.116 4
      vertex -32.7116 -25.1005 4
      vertex -35.708 -20.616 4
    endloop
  endfacet
  facet normal -0 0 1
    outer loop
      vertex -37.7578 -23.4162 4
      vertex -32.7116 -25.1005 4
      vertex -37.7381 -23.116 4
    endloop
  endfacet
  facet normal -0 0 1
    outer loop
      vertex -37.8165 -23.7113 4
      vertex -32.7116 -25.1005 4
      vertex -37.7578 -23.4162 4
    endloop
  endfacet
  facet normal -0 0 1
    outer loop
      vertex -37.9132 -23.9962 4
      vertex -32.7116 -25.1005 4
      vertex -37.8165 -23.7113 4
    endloop
  endfacet
  facet normal -0 0 1
    outer loop
      vertex -38.0462 -24.266 4
      vertex -32.7116 -25.1005 4
      vertex -37.9132 -23.9962 4
    endloop
  endfacet
  facet normal -0 0 1
    outer loop
      vertex -38.2134 -24.5162 4
      vertex -32.7116 -25.1005 4
      vertex -38.0462 -24.266 4
    endloop
  endfacet
  facet normal -0 0 1
    outer loop
      vertex -38.4118 -24.7424 4
      vertex -32.7116 -25.1005 4
      vertex -38.2134 -24.5162 4
    endloop
  endfacet
  facet normal -0 0 1
    outer loop
      vertex -38.6379 -24.9407 4
      vertex -32.7116 -25.1005 4
      vertex -38.4118 -24.7424 4
    endloop
  endfacet
  facet normal 0 0 1
    outer loop
      vertex -32.7116 -25.1005 4
      vertex -38.6379 -24.9407 4
      vertex -32.296 -25.5743 4
    endloop
  endfacet
  facet normal -0 0 1
    outer loop
      vertex -38.8881 -25.1079 4
      vertex -32.296 -25.5743 4
      vertex -38.6379 -24.9407 4
    endloop
  endfacet
  facet normal 0 0 1
    outer loop
      vertex -41.3682 -30.8122 4
      vertex -38.8881 -25.1079 4
      vertex -39.1579 -25.2409 4
    endloop
  endfacet
  facet normal 0 0 1
    outer loop
      vertex -41.3682 -30.8122 4
      vertex -39.1579 -25.2409 4
      vertex -39.4428 -25.3376 4
    endloop
  endfacet
  facet normal 0 0 1
    outer loop
      vertex -41.3682 -30.8122 4
      vertex -39.4428 -25.3376 4
      vertex -39.7379 -25.3963 4
    endloop
  endfacet
  facet normal 0 0 1
    outer loop
      vertex -41.3682 -30.8122 4
      vertex -39.7379 -25.3963 4
      vertex -40.0381 -25.416 4
    endloop
  endfacet
  facet normal 0 0 1
    outer loop
      vertex -38.8881 -25.1079 4
      vertex -41.3682 -30.8122 4
      vertex -32.296 -25.5743 4
    endloop
  endfacet
  facet normal 0 0 1
    outer loop
      vertex -40.3383 -25.3963 4
      vertex -41.3682 -30.8122 4
      vertex -40.0381 -25.416 4
    endloop
  endfacet
  facet normal 0 0 1
    outer loop
      vertex -40.6334 -25.3376 4
      vertex -41.3682 -30.8122 4
      vertex -40.3383 -25.3963 4
    endloop
  endfacet
  facet normal 0 0 1
    outer loop
      vertex -40.9183 -25.2409 4
      vertex -41.3682 -30.8122 4
      vertex -40.6334 -25.3376 4
    endloop
  endfacet
  facet normal 0 0 1
    outer loop
      vertex -41.1881 -25.1079 4
      vertex -41.3682 -30.8122 4
      vertex -40.9183 -25.2409 4
    endloop
  endfacet
  facet normal 0 0 1
    outer loop
      vertex -41.4382 -24.9407 4
      vertex -41.3682 -30.8122 4
      vertex -41.1881 -25.1079 4
    endloop
  endfacet
  facet normal 0 0 1
    outer loop
      vertex -41.6644 -24.7424 4
      vertex -41.3682 -30.8122 4
      vertex -41.4382 -24.9407 4
    endloop
  endfacet
  facet normal 0 0 1
    outer loop
      vertex -41.8628 -24.5162 4
      vertex -41.3682 -30.8122 4
      vertex -41.6644 -24.7424 4
    endloop
  endfacet
  facet normal 0 0 1
    outer loop
      vertex -42.03 -24.266 4
      vertex -41.3682 -30.8122 4
      vertex -41.8628 -24.5162 4
    endloop
  endfacet
  facet normal 0 0 1
    outer loop
      vertex -47.3682 -20.4199 4
      vertex -42.03 -24.266 4
      vertex -42.163 -23.9962 4
    endloop
  endfacet
  facet normal 0 0 1
    outer loop
      vertex -47.3682 -20.4199 4
      vertex -42.163 -23.9962 4
      vertex -42.2597 -23.7113 4
    endloop
  endfacet
  facet normal 0 0 1
    outer loop
      vertex -47.3682 -20.4199 4
      vertex -42.2597 -23.7113 4
      vertex -42.3184 -23.4162 4
    endloop
  endfacet
  facet normal 0 0 1
    outer loop
      vertex -42.03 -24.266 4
      vertex -47.3682 -20.4199 4
      vertex -41.3682 -30.8122 4
    endloop
  endfacet
  facet normal 0 0 1
    outer loop
      vertex -47.3682 -20.4199 4
      vertex -42.3184 -23.4162 4
      vertex -42.3381 -23.116 4
    endloop
  endfacet
  facet normal -0.866025 -0.5 0
    outer loop
      vertex -41.3682 -30.8122 0
      vertex -47.3682 -20.4199 4
      vertex -47.3682 -20.4199 0
    endloop
  endfacet
  facet normal -0.866025 -0.5 0
    outer loop
      vertex -47.3682 -20.4199 4
      vertex -41.3682 -30.8122 0
      vertex -41.3682 -30.8122 4
    endloop
  endfacet
  facet normal -0.500005 0.866023 0
    outer loop
      vertex -38.296 -15.182 0
      vertex -47.3682 -20.4199 4
      vertex -38.296 -15.182 4
    endloop
  endfacet
  facet normal -0.500005 0.866023 0
    outer loop
      vertex -47.3682 -20.4199 4
      vertex -38.296 -15.182 0
      vertex -47.3682 -20.4199 0
    endloop
  endfacet
  facet normal 0.500005 -0.866023 0
    outer loop
      vertex -41.3682 -30.8122 0
      vertex -32.296 -25.5743 4
      vertex -41.3682 -30.8122 4
    endloop
  endfacet
  facet normal 0.500005 -0.866023 0
    outer loop
      vertex -32.296 -25.5743 4
      vertex -41.3682 -30.8122 0
      vertex -32.296 -25.5743 0
    endloop
  endfacet
  facet normal 0.65934 0.751845 -0
    outer loop
      vertex 28.3069 28.3069 24.4
      vertex 24.3699 31.7595 26.39
      vertex 28.3069 28.3069 26.39
    endloop
  endfacet
  facet normal 0.65934 0.751845 0
    outer loop
      vertex 24.3699 31.7595 26.39
      vertex 28.3069 28.3069 24.4
      vertex 24.3699 31.7595 24.4
    endloop
  endfacet
  facet normal -0.946931 0.321436 0
    outer loop
      vertex -38.668 10.361 24.4
      vertex -36.9848 15.3196 26.39
      vertex -36.9848 15.3196 24.4
    endloop
  endfacet
  facet normal -0.946931 0.321436 0
    outer loop
      vertex -36.9848 15.3196 26.39
      vertex -38.668 10.361 24.4
      vertex -38.668 10.361 26.39
    endloop
  endfacet
  facet normal 0.980788 -0.195078 0
    outer loop
      vertex 38.668 -10.361 26.39
      vertex 39.6895 -5.22523 24.4
      vertex 39.6895 -5.22523 26.39
    endloop
  endfacet
  facet normal 0.980788 -0.195078 0
    outer loop
      vertex 39.6895 -5.22523 24.4
      vertex 38.668 -10.361 26.39
      vertex 38.668 -10.361 24.4
    endloop
  endfacet
  facet normal -0.321436 -0.946931 0
    outer loop
      vertex -15.3196 -36.9848 24.4
      vertex -10.361 -38.668 26.39
      vertex -15.3196 -36.9848 26.39
    endloop
  endfacet
  facet normal -0.321436 -0.946931 -0
    outer loop
      vertex -10.361 -38.668 26.39
      vertex -15.3196 -36.9848 24.4
      vertex -10.361 -38.668 24.4
    endloop
  endfacet
  facet normal -0.321436 0.946931 0
    outer loop
      vertex -10.361 38.668 24.4
      vertex -15.3196 36.9848 26.39
      vertex -10.361 38.668 26.39
    endloop
  endfacet
  facet normal -0.321436 0.946931 0
    outer loop
      vertex -15.3196 36.9848 26.39
      vertex -10.361 38.668 24.4
      vertex -15.3196 36.9848 24.4
    endloop
  endfacet
  facet normal -0.896864 0.442306 0
    outer loop
      vertex -36.9848 15.3196 24.4
      vertex -35.5552 18.2184 26.39
      vertex -35.5552 18.2184 24.4
    endloop
  endfacet
  facet normal -0.896864 0.442306 0
    outer loop
      vertex -35.5552 18.2184 26.39
      vertex -36.9848 15.3196 24.4
      vertex -36.9848 15.3196 26.39
    endloop
  endfacet
  facet normal 0.946931 0.321436 0
    outer loop
      vertex 38.668 10.361 26.39
      vertex 36.9848 15.3196 24.4
      vertex 36.9848 15.3196 26.39
    endloop
  endfacet
  facet normal 0.946931 0.321436 0
    outer loop
      vertex 36.9848 15.3196 24.4
      vertex 38.668 10.361 26.39
      vertex 38.668 10.361 24.4
    endloop
  endfacet
  facet normal 0.896866 0.442303 0
    outer loop
      vertex 36.9848 15.3196 26.39
      vertex 34.6687 20.016 24.4
      vertex 34.6687 20.016 26.39
    endloop
  endfacet
  facet normal 0.896866 0.442303 0
    outer loop
      vertex 34.6687 20.016 24.4
      vertex 36.9848 15.3196 26.39
      vertex 36.9848 15.3196 24.4
    endloop
  endfacet
  facet normal 0.442303 0.896866 -0
    outer loop
      vertex 20.016 34.6687 24.4
      vertex 15.3196 36.9848 26.39
      vertex 20.016 34.6687 26.39
    endloop
  endfacet
  facet normal 0.442303 0.896866 0
    outer loop
      vertex 15.3196 36.9848 26.39
      vertex 20.016 34.6687 24.4
      vertex 15.3196 36.9848 24.4
    endloop
  endfacet
  facet normal -0.751845 0.65934 0
    outer loop
      vertex -31.7595 24.3699 24.4
      vertex -28.3069 28.3069 26.39
      vertex -28.3069 28.3069 24.4
    endloop
  endfacet
  facet normal -0.751845 0.65934 0
    outer loop
      vertex -28.3069 28.3069 26.39
      vertex -31.7595 24.3699 24.4
      vertex -31.7595 24.3699 26.39
    endloop
  endfacet
  facet normal -0.442303 0.896866 0
    outer loop
      vertex -15.3196 36.9848 24.4
      vertex -20.016 34.6687 26.39
      vertex -15.3196 36.9848 26.39
    endloop
  endfacet
  facet normal -0.442303 0.896866 0
    outer loop
      vertex -20.016 34.6687 26.39
      vertex -15.3196 36.9848 24.4
      vertex -20.016 34.6687 24.4
    endloop
  endfacet
  facet normal -0.195078 0.980788 0
    outer loop
      vertex -5.22523 39.6895 24.4
      vertex -10.361 38.668 26.39
      vertex -5.22523 39.6895 26.39
    endloop
  endfacet
  facet normal -0.195078 0.980788 0
    outer loop
      vertex -10.361 38.668 26.39
      vertex -5.22523 39.6895 24.4
      vertex -10.361 38.668 24.4
    endloop
  endfacet
  facet normal 0.997859 0.065407 0
    outer loop
      vertex 40.032 0 26.39
      vertex 39.6895 5.22523 24.4
      vertex 39.6895 5.22523 26.39
    endloop
  endfacet
  facet normal 0.997859 0.065407 0
    outer loop
      vertex 39.6895 5.22523 24.4
      vertex 40.032 0 26.39
      vertex 40.032 0 24.4
    endloop
  endfacet
  facet normal 0.946931 -0.321436 0
    outer loop
      vertex 36.9848 -15.3196 26.39
      vertex 38.668 -10.361 24.4
      vertex 38.668 -10.361 26.39
    endloop
  endfacet
  facet normal 0.946931 -0.321436 0
    outer loop
      vertex 38.668 -10.361 24.4
      vertex 36.9848 -15.3196 26.39
      vertex 36.9848 -15.3196 24.4
    endloop
  endfacet
  facet normal 0.321436 -0.946931 0
    outer loop
      vertex 10.361 -38.668 24.4
      vertex 15.3196 -36.9848 26.39
      vertex 10.361 -38.668 26.39
    endloop
  endfacet
  facet normal 0.321436 -0.946931 0
    outer loop
      vertex 15.3196 -36.9848 26.39
      vertex 10.361 -38.668 24.4
      vertex 15.3196 -36.9848 24.4
    endloop
  endfacet
  facet normal 0.442303 -0.896866 0
    outer loop
      vertex 15.3196 -36.9848 24.4
      vertex 20.016 -34.6687 26.39
      vertex 15.3196 -36.9848 26.39
    endloop
  endfacet
  facet normal 0.442303 -0.896866 0
    outer loop
      vertex 20.016 -34.6687 26.39
      vertex 15.3196 -36.9848 24.4
      vertex 20.016 -34.6687 24.4
    endloop
  endfacet
  facet normal -0.195078 -0.980788 0
    outer loop
      vertex -10.361 -38.668 24.4
      vertex -5.22523 -39.6895 26.39
      vertex -10.361 -38.668 26.39
    endloop
  endfacet
  facet normal -0.195078 -0.980788 -0
    outer loop
      vertex -5.22523 -39.6895 26.39
      vertex -10.361 -38.668 24.4
      vertex -5.22523 -39.6895 24.4
    endloop
  endfacet
  facet normal -0.65934 -0.751845 0
    outer loop
      vertex -28.3069 -28.3069 24.4
      vertex -24.3699 -31.7595 26.39
      vertex -28.3069 -28.3069 26.39
    endloop
  endfacet
  facet normal -0.65934 -0.751845 -0
    outer loop
      vertex -24.3699 -31.7595 26.39
      vertex -28.3069 -28.3069 24.4
      vertex -24.3699 -31.7595 24.4
    endloop
  endfacet
  facet normal -0.896866 -0.442303 0
    outer loop
      vertex -34.6687 -20.016 24.4
      vertex -36.9848 -15.3196 26.39
      vertex -36.9848 -15.3196 24.4
    endloop
  endfacet
  facet normal -0.896866 -0.442303 0
    outer loop
      vertex -36.9848 -15.3196 26.39
      vertex -34.6687 -20.016 24.4
      vertex -34.6687 -20.016 26.39
    endloop
  endfacet
  facet normal -0.980788 -0.195078 0
    outer loop
      vertex -38.668 -10.361 24.4
      vertex -39.6895 -5.22523 26.39
      vertex -39.6895 -5.22523 24.4
    endloop
  endfacet
  facet normal -0.980788 -0.195078 0
    outer loop
      vertex -39.6895 -5.22523 26.39
      vertex -38.668 -10.361 24.4
      vertex -38.668 -10.361 26.39
    endloop
  endfacet
  facet normal 0.980788 0.195078 0
    outer loop
      vertex 39.6895 5.22523 26.39
      vertex 38.668 10.361 24.4
      vertex 38.668 10.361 26.39
    endloop
  endfacet
  facet normal 0.980788 0.195078 0
    outer loop
      vertex 38.668 10.361 24.4
      vertex 39.6895 5.22523 26.39
      vertex 39.6895 5.22523 24.4
    endloop
  endfacet
  facet normal 0.831468 0.555572 0
    outer loop
      vertex 34.6687 20.016 26.39
      vertex 31.7595 24.3699 24.4
      vertex 31.7595 24.3699 26.39
    endloop
  endfacet
  facet normal 0.831468 0.555572 0
    outer loop
      vertex 31.7595 24.3699 24.4
      vertex 34.6687 20.016 26.39
      vertex 34.6687 20.016 24.4
    endloop
  endfacet
  facet normal 0.751845 0.65934 0
    outer loop
      vertex 31.7595 24.3699 26.39
      vertex 28.3069 28.3069 24.4
      vertex 28.3069 28.3069 26.39
    endloop
  endfacet
  facet normal 0.751845 0.65934 0
    outer loop
      vertex 28.3069 28.3069 24.4
      vertex 31.7595 24.3699 26.39
      vertex 31.7595 24.3699 24.4
    endloop
  endfacet
  facet normal 0.555572 0.831468 -0
    outer loop
      vertex 24.3699 31.7595 24.4
      vertex 20.016 34.6687 26.39
      vertex 24.3699 31.7595 26.39
    endloop
  endfacet
  facet normal 0.555572 0.831468 0
    outer loop
      vertex 20.016 34.6687 26.39
      vertex 24.3699 31.7595 24.4
      vertex 20.016 34.6687 24.4
    endloop
  endfacet
  facet normal 0.065407 0.997859 -0
    outer loop
      vertex 5.22523 39.6895 24.4
      vertex 0 40.032 26.39
      vertex 5.22523 39.6895 26.39
    endloop
  endfacet
  facet normal 0.065407 0.997859 0
    outer loop
      vertex 0 40.032 26.39
      vertex 5.22523 39.6895 24.4
      vertex 0 40.032 24.4
    endloop
  endfacet
  facet normal 0.321436 0.946931 -0
    outer loop
      vertex 15.3196 36.9848 24.4
      vertex 10.361 38.668 26.39
      vertex 15.3196 36.9848 26.39
    endloop
  endfacet
  facet normal 0.321436 0.946931 0
    outer loop
      vertex 10.361 38.668 26.39
      vertex 15.3196 36.9848 24.4
      vertex 10.361 38.668 24.4
    endloop
  endfacet
  facet normal -0.997859 0.065407 0
    outer loop
      vertex -40.032 0 24.4
      vertex -39.6895 5.22523 26.39
      vertex -39.6895 5.22523 24.4
    endloop
  endfacet
  facet normal -0.997859 0.065407 0
    outer loop
      vertex -39.6895 5.22523 26.39
      vertex -40.032 0 24.4
      vertex -40.032 0 26.39
    endloop
  endfacet
  facet normal -0.831464 0.555578 0
    outer loop
      vertex -33.5552 21.6825 24.4
      vertex -31.7595 24.3699 26.39
      vertex -31.7595 24.3699 24.4
    endloop
  endfacet
  facet normal -0.831464 0.555578 0
    outer loop
      vertex -31.7595 24.3699 26.39
      vertex -33.5552 21.6825 24.4
      vertex -33.5552 21.6825 26.39
    endloop
  endfacet
  facet normal -0.065407 0.997859 0
    outer loop
      vertex 0 40.032 24.4
      vertex -5.22523 39.6895 26.39
      vertex 0 40.032 26.39
    endloop
  endfacet
  facet normal -0.065407 0.997859 0
    outer loop
      vertex -5.22523 39.6895 26.39
      vertex 0 40.032 24.4
      vertex -5.22523 39.6895 24.4
    endloop
  endfacet
  facet normal -0.555572 0.831468 0
    outer loop
      vertex -20.016 34.6687 24.4
      vertex -24.3699 31.7595 26.39
      vertex -20.016 34.6687 26.39
    endloop
  endfacet
  facet normal -0.555572 0.831468 0
    outer loop
      vertex -24.3699 31.7595 26.39
      vertex -20.016 34.6687 24.4
      vertex -24.3699 31.7595 24.4
    endloop
  endfacet
  facet normal -0.65934 0.751845 0
    outer loop
      vertex -24.3699 31.7595 24.4
      vertex -28.3069 28.3069 26.39
      vertex -24.3699 31.7595 26.39
    endloop
  endfacet
  facet normal -0.65934 0.751845 0
    outer loop
      vertex -28.3069 28.3069 26.39
      vertex -24.3699 31.7595 24.4
      vertex -28.3069 28.3069 24.4
    endloop
  endfacet
  facet normal 0.997859 -0.065407 0
    outer loop
      vertex 39.6895 -5.22523 26.39
      vertex 40.032 0 24.4
      vertex 40.032 0 26.39
    endloop
  endfacet
  facet normal 0.997859 -0.065407 0
    outer loop
      vertex 40.032 0 24.4
      vertex 39.6895 -5.22523 26.39
      vertex 39.6895 -5.22523 24.4
    endloop
  endfacet
  facet normal 0.065407 -0.997859 0
    outer loop
      vertex 0 -40.032 24.4
      vertex 5.22523 -39.6895 26.39
      vertex 0 -40.032 26.39
    endloop
  endfacet
  facet normal 0.065407 -0.997859 0
    outer loop
      vertex 5.22523 -39.6895 26.39
      vertex 0 -40.032 24.4
      vertex 5.22523 -39.6895 24.4
    endloop
  endfacet
  facet normal 0.751845 -0.65934 0
    outer loop
      vertex 28.3069 -28.3069 26.39
      vertex 31.7595 -24.3699 24.4
      vertex 31.7595 -24.3699 26.39
    endloop
  endfacet
  facet normal 0.751845 -0.65934 0
    outer loop
      vertex 31.7595 -24.3699 24.4
      vertex 28.3069 -28.3069 26.39
      vertex 28.3069 -28.3069 24.4
    endloop
  endfacet
  facet normal 0.896866 -0.442303 0
    outer loop
      vertex 34.6687 -20.016 26.39
      vertex 36.9848 -15.3196 24.4
      vertex 36.9848 -15.3196 26.39
    endloop
  endfacet
  facet normal 0.896866 -0.442303 0
    outer loop
      vertex 36.9848 -15.3196 24.4
      vertex 34.6687 -20.016 26.39
      vertex 34.6687 -20.016 24.4
    endloop
  endfacet
  facet normal 0.195078 -0.980788 0
    outer loop
      vertex 5.22523 -39.6895 24.4
      vertex 10.361 -38.668 26.39
      vertex 5.22523 -39.6895 26.39
    endloop
  endfacet
  facet normal 0.195078 -0.980788 0
    outer loop
      vertex 10.361 -38.668 26.39
      vertex 5.22523 -39.6895 24.4
      vertex 10.361 -38.668 24.4
    endloop
  endfacet
  facet normal 0.555572 -0.831468 0
    outer loop
      vertex 20.016 -34.6687 24.4
      vertex 24.3699 -31.7595 26.39
      vertex 20.016 -34.6687 26.39
    endloop
  endfacet
  facet normal 0.555572 -0.831468 0
    outer loop
      vertex 24.3699 -31.7595 26.39
      vertex 20.016 -34.6687 24.4
      vertex 24.3699 -31.7595 24.4
    endloop
  endfacet
  facet normal -0.065407 -0.997859 0
    outer loop
      vertex -5.22523 -39.6895 24.4
      vertex 0 -40.032 26.39
      vertex -5.22523 -39.6895 26.39
    endloop
  endfacet
  facet normal -0.065407 -0.997859 -0
    outer loop
      vertex 0 -40.032 26.39
      vertex -5.22523 -39.6895 24.4
      vertex 0 -40.032 24.4
    endloop
  endfacet
  facet normal -0.442303 -0.896866 0
    outer loop
      vertex -20.016 -34.6687 24.4
      vertex -15.3196 -36.9848 26.39
      vertex -20.016 -34.6687 26.39
    endloop
  endfacet
  facet normal -0.442303 -0.896866 -0
    outer loop
      vertex -15.3196 -36.9848 26.39
      vertex -20.016 -34.6687 24.4
      vertex -15.3196 -36.9848 24.4
    endloop
  endfacet
  facet normal -0.946931 -0.321436 0
    outer loop
      vertex -36.9848 -15.3196 24.4
      vertex -38.668 -10.361 26.39
      vertex -38.668 -10.361 24.4
    endloop
  endfacet
  facet normal -0.946931 -0.321436 0
    outer loop
      vertex -38.668 -10.361 26.39
      vertex -36.9848 -15.3196 24.4
      vertex -36.9848 -15.3196 26.39
    endloop
  endfacet
  facet normal -0.997859 -0.065407 0
    outer loop
      vertex -39.6895 -5.22523 24.4
      vertex -40.032 0 26.39
      vertex -40.032 0 24.4
    endloop
  endfacet
  facet normal -0.997859 -0.065407 0
    outer loop
      vertex -40.032 0 26.39
      vertex -39.6895 -5.22523 24.4
      vertex -39.6895 -5.22523 26.39
    endloop
  endfacet
  facet normal -0.831468 -0.555572 0
    outer loop
      vertex -31.7595 -24.3699 24.4
      vertex -34.6687 -20.016 26.39
      vertex -34.6687 -20.016 24.4
    endloop
  endfacet
  facet normal -0.831468 -0.555572 0
    outer loop
      vertex -34.6687 -20.016 26.39
      vertex -31.7595 -24.3699 24.4
      vertex -31.7595 -24.3699 26.39
    endloop
  endfacet
  facet normal 0.195078 0.980788 -0
    outer loop
      vertex 10.361 38.668 24.4
      vertex 5.22523 39.6895 26.39
      vertex 10.361 38.668 26.39
    endloop
  endfacet
  facet normal 0.195078 0.980788 0
    outer loop
      vertex 5.22523 39.6895 26.39
      vertex 10.361 38.668 24.4
      vertex 5.22523 39.6895 24.4
    endloop
  endfacet
  facet normal 0 0 1
    outer loop
      vertex -33.6295 19.416 26.39
      vertex -36.1884 18.584 26.39
      vertex -35.5552 18.2184 26.39
    endloop
  endfacet
  facet normal 0 0 1
    outer loop
      vertex 38.832 0 26.39
      vertex 40.032 0 26.39
      vertex 39.6895 5.22523 26.39
    endloop
  endfacet
  facet normal 0 0 1
    outer loop
      vertex 40.032 0 26.39
      vertex 38.832 0 26.39
      vertex 39.6895 -5.22523 26.39
    endloop
  endfacet
  facet normal 0 0 1
    outer loop
      vertex 38.4998 5.06859 26.39
      vertex 39.6895 5.22523 26.39
      vertex 38.668 10.361 26.39
    endloop
  endfacet
  facet normal 0 0 1
    outer loop
      vertex 39.6895 5.22523 26.39
      vertex 38.4998 5.06859 26.39
      vertex 38.832 0 26.39
    endloop
  endfacet
  facet normal 0 0 1
    outer loop
      vertex 38.668 10.361 26.39
      vertex 37.5088 10.0505 26.39
      vertex 38.4998 5.06859 26.39
    endloop
  endfacet
  facet normal 0 0 1
    outer loop
      vertex 36.9848 15.3196 26.39
      vertex 37.5088 10.0505 26.39
      vertex 38.668 10.361 26.39
    endloop
  endfacet
  facet normal 0 0 1
    outer loop
      vertex 36.9848 15.3196 26.39
      vertex 35.8761 14.8604 26.39
      vertex 37.5088 10.0505 26.39
    endloop
  endfacet
  facet normal 0 0 1
    outer loop
      vertex 34.6687 20.016 26.39
      vertex 35.8761 14.8604 26.39
      vertex 36.9848 15.3196 26.39
    endloop
  endfacet
  facet normal 0 0 1
    outer loop
      vertex 34.6687 20.016 26.39
      vertex 33.6295 19.416 26.39
      vertex 35.8761 14.8604 26.39
    endloop
  endfacet
  facet normal 0 0 1
    outer loop
      vertex 31.7595 24.3699 26.39
      vertex 33.6295 19.416 26.39
      vertex 34.6687 20.016 26.39
    endloop
  endfacet
  facet normal 0 0 1
    outer loop
      vertex 31.7595 24.3699 26.39
      vertex 30.8075 23.6394 26.39
      vertex 33.6295 19.416 26.39
    endloop
  endfacet
  facet normal 0 0 1
    outer loop
      vertex 28.3069 28.3069 26.39
      vertex 30.8075 23.6394 26.39
      vertex 31.7595 24.3699 26.39
    endloop
  endfacet
  facet normal 0 0 1
    outer loop
      vertex 28.3069 28.3069 26.39
      vertex 27.4584 27.4584 26.39
      vertex 30.8075 23.6394 26.39
    endloop
  endfacet
  facet normal 0 0 1
    outer loop
      vertex 24.3699 31.7595 26.39
      vertex 27.4584 27.4584 26.39
      vertex 28.3069 28.3069 26.39
    endloop
  endfacet
  facet normal 0 0 1
    outer loop
      vertex 24.3699 31.7595 26.39
      vertex 23.6394 30.8075 26.39
      vertex 27.4584 27.4584 26.39
    endloop
  endfacet
  facet normal 0 0 1
    outer loop
      vertex 20.016 34.6687 26.39
      vertex 23.6394 30.8075 26.39
      vertex 24.3699 31.7595 26.39
    endloop
  endfacet
  facet normal 0 0 1
    outer loop
      vertex 20.016 34.6687 26.39
      vertex 19.416 33.6295 26.39
      vertex 23.6394 30.8075 26.39
    endloop
  endfacet
  facet normal 0 0 1
    outer loop
      vertex 15.3196 36.9848 26.39
      vertex 19.416 33.6295 26.39
      vertex 20.016 34.6687 26.39
    endloop
  endfacet
  facet normal 0 0 1
    outer loop
      vertex 15.3196 36.9848 26.39
      vertex 14.8604 35.8761 26.39
      vertex 19.416 33.6295 26.39
    endloop
  endfacet
  facet normal 0 0 1
    outer loop
      vertex 10.361 38.668 26.39
      vertex 14.8604 35.8761 26.39
      vertex 15.3196 36.9848 26.39
    endloop
  endfacet
  facet normal 0 0 1
    outer loop
      vertex 10.361 38.668 26.39
      vertex 10.0505 37.5088 26.39
      vertex 14.8604 35.8761 26.39
    endloop
  endfacet
  facet normal 0 0 1
    outer loop
      vertex 5.22523 39.6895 26.39
      vertex 10.0505 37.5088 26.39
      vertex 10.361 38.668 26.39
    endloop
  endfacet
  facet normal 0 0 1
    outer loop
      vertex 5.22523 39.6895 26.39
      vertex 5.06859 38.4998 26.39
      vertex 10.0505 37.5088 26.39
    endloop
  endfacet
  facet normal 0 0 1
    outer loop
      vertex 0 40.032 26.39
      vertex 5.06859 38.4998 26.39
      vertex 5.22523 39.6895 26.39
    endloop
  endfacet
  facet normal 0 0 1
    outer loop
      vertex 0 40.032 26.39
      vertex 0 38.832 26.39
      vertex 5.06859 38.4998 26.39
    endloop
  endfacet
  facet normal 0 0 1
    outer loop
      vertex 0 40.032 26.39
      vertex -5.06859 38.4998 26.39
      vertex 0 38.832 26.39
    endloop
  endfacet
  facet normal -0 0 1
    outer loop
      vertex -5.22523 39.6895 26.39
      vertex -5.06859 38.4998 26.39
      vertex 0 40.032 26.39
    endloop
  endfacet
  facet normal 0 0 1
    outer loop
      vertex -5.22523 39.6895 26.39
      vertex -10.0505 37.5088 26.39
      vertex -5.06859 38.4998 26.39
    endloop
  endfacet
  facet normal -0 0 1
    outer loop
      vertex -10.361 38.668 26.39
      vertex -10.0505 37.5088 26.39
      vertex -5.22523 39.6895 26.39
    endloop
  endfacet
  facet normal 0 0 1
    outer loop
      vertex -10.361 38.668 26.39
      vertex -14.8604 35.8761 26.39
      vertex -10.0505 37.5088 26.39
    endloop
  endfacet
  facet normal -0 0 1
    outer loop
      vertex -15.3196 36.9848 26.39
      vertex -14.8604 35.8761 26.39
      vertex -10.361 38.668 26.39
    endloop
  endfacet
  facet normal 0 0 1
    outer loop
      vertex -15.3196 36.9848 26.39
      vertex -19.416 33.6295 26.39
      vertex -14.8604 35.8761 26.39
    endloop
  endfacet
  facet normal -0 0 1
    outer loop
      vertex -20.016 34.6687 26.39
      vertex -19.416 33.6295 26.39
      vertex -15.3196 36.9848 26.39
    endloop
  endfacet
  facet normal 0 0 1
    outer loop
      vertex -20.016 34.6687 26.39
      vertex -23.6394 30.8075 26.39
      vertex -19.416 33.6295 26.39
    endloop
  endfacet
  facet normal -0 0 1
    outer loop
      vertex -24.3699 31.7595 26.39
      vertex -23.6394 30.8075 26.39
      vertex -20.016 34.6687 26.39
    endloop
  endfacet
  facet normal 0 0 1
    outer loop
      vertex -24.3699 31.7595 26.39
      vertex -27.4584 27.4584 26.39
      vertex -23.6394 30.8075 26.39
    endloop
  endfacet
  facet normal -0 0 1
    outer loop
      vertex -28.3069 28.3069 26.39
      vertex -27.4584 27.4584 26.39
      vertex -24.3699 31.7595 26.39
    endloop
  endfacet
  facet normal 0 0 1
    outer loop
      vertex -28.3069 28.3069 26.39
      vertex -30.8075 23.6394 26.39
      vertex -27.4584 27.4584 26.39
    endloop
  endfacet
  facet normal -0 0 1
    outer loop
      vertex -31.7595 24.3699 26.39
      vertex -30.8075 23.6394 26.39
      vertex -28.3069 28.3069 26.39
    endloop
  endfacet
  facet normal 0 0 1
    outer loop
      vertex -33.5552 21.6825 26.39
      vertex -30.8075 23.6394 26.39
      vertex -31.7595 24.3699 26.39
    endloop
  endfacet
  facet normal -0 0 1
    outer loop
      vertex -33.5552 21.6825 26.39
      vertex -33.6295 19.416 26.39
      vertex -30.8075 23.6394 26.39
    endloop
  endfacet
  facet normal 0 0 1
    outer loop
      vertex -34.1884 22.0481 26.39
      vertex -33.6295 19.416 26.39
      vertex -33.5552 21.6825 26.39
    endloop
  endfacet
  facet normal 0 0 1
    outer loop
      vertex -36.1884 18.584 26.39
      vertex -33.6295 19.416 26.39
      vertex -34.1884 22.0481 26.39
    endloop
  endfacet
  facet normal -0 0 1
    outer loop
      vertex -35.5552 18.2184 26.39
      vertex -35.8761 14.8604 26.39
      vertex -33.6295 19.416 26.39
    endloop
  endfacet
  facet normal -0 0 1
    outer loop
      vertex -36.9848 15.3196 26.39
      vertex -35.8761 14.8604 26.39
      vertex -35.5552 18.2184 26.39
    endloop
  endfacet
  facet normal 0 0 1
    outer loop
      vertex -36.9848 15.3196 26.39
      vertex -37.5088 10.0505 26.39
      vertex -35.8761 14.8604 26.39
    endloop
  endfacet
  facet normal -0 0 1
    outer loop
      vertex -38.668 10.361 26.39
      vertex -37.5088 10.0505 26.39
      vertex -36.9848 15.3196 26.39
    endloop
  endfacet
  facet normal 0 0 1
    outer loop
      vertex -37.5088 10.0505 26.39
      vertex -38.668 10.361 26.39
      vertex -38.4998 5.06859 26.39
    endloop
  endfacet
  facet normal -0 0 1
    outer loop
      vertex -39.6895 5.22523 26.39
      vertex -38.4998 5.06859 26.39
      vertex -38.668 10.361 26.39
    endloop
  endfacet
  facet normal 0 0 1
    outer loop
      vertex -38.4998 5.06859 26.39
      vertex -39.6895 5.22523 26.39
      vertex -38.832 0 26.39
    endloop
  endfacet
  facet normal -0 0 1
    outer loop
      vertex 38.4998 -5.06859 26.39
      vertex 39.6895 -5.22523 26.39
      vertex 38.832 0 26.39
    endloop
  endfacet
  facet normal 0 0 1
    outer loop
      vertex 39.6895 -5.22523 26.39
      vertex 38.4998 -5.06859 26.39
      vertex 38.668 -10.361 26.39
    endloop
  endfacet
  facet normal -0 0 1
    outer loop
      vertex 37.5088 -10.0505 26.39
      vertex 38.668 -10.361 26.39
      vertex 38.4998 -5.06859 26.39
    endloop
  endfacet
  facet normal 0 0 1
    outer loop
      vertex 37.5088 -10.0505 26.39
      vertex 36.9848 -15.3196 26.39
      vertex 38.668 -10.361 26.39
    endloop
  endfacet
  facet normal -0 0 1
    outer loop
      vertex 35.8761 -14.8604 26.39
      vertex 36.9848 -15.3196 26.39
      vertex 37.5088 -10.0505 26.39
    endloop
  endfacet
  facet normal 0 0 1
    outer loop
      vertex 35.8761 -14.8604 26.39
      vertex 34.6687 -20.016 26.39
      vertex 36.9848 -15.3196 26.39
    endloop
  endfacet
  facet normal -0 0 1
    outer loop
      vertex 33.6295 -19.416 26.39
      vertex 34.6687 -20.016 26.39
      vertex 35.8761 -14.8604 26.39
    endloop
  endfacet
  facet normal 0 0 1
    outer loop
      vertex 33.6295 -19.416 26.39
      vertex 31.7595 -24.3699 26.39
      vertex 34.6687 -20.016 26.39
    endloop
  endfacet
  facet normal -0 0 1
    outer loop
      vertex 30.8075 -23.6394 26.39
      vertex 31.7595 -24.3699 26.39
      vertex 33.6295 -19.416 26.39
    endloop
  endfacet
  facet normal 0 0 1
    outer loop
      vertex 30.8075 -23.6394 26.39
      vertex 28.3069 -28.3069 26.39
      vertex 31.7595 -24.3699 26.39
    endloop
  endfacet
  facet normal -0 0 1
    outer loop
      vertex 27.4584 -27.4584 26.39
      vertex 28.3069 -28.3069 26.39
      vertex 30.8075 -23.6394 26.39
    endloop
  endfacet
  facet normal 0 0 1
    outer loop
      vertex 27.4584 -27.4584 26.39
      vertex 24.3699 -31.7595 26.39
      vertex 28.3069 -28.3069 26.39
    endloop
  endfacet
  facet normal -0 0 1
    outer loop
      vertex 23.6394 -30.8075 26.39
      vertex 24.3699 -31.7595 26.39
      vertex 27.4584 -27.4584 26.39
    endloop
  endfacet
  facet normal 0 0 1
    outer loop
      vertex 23.6394 -30.8075 26.39
      vertex 20.016 -34.6687 26.39
      vertex 24.3699 -31.7595 26.39
    endloop
  endfacet
  facet normal -0 0 1
    outer loop
      vertex 19.416 -33.6295 26.39
      vertex 20.016 -34.6687 26.39
      vertex 23.6394 -30.8075 26.39
    endloop
  endfacet
  facet normal 0 0 1
    outer loop
      vertex 19.416 -33.6295 26.39
      vertex 15.3196 -36.9848 26.39
      vertex 20.016 -34.6687 26.39
    endloop
  endfacet
  facet normal -0 0 1
    outer loop
      vertex 14.8604 -35.8761 26.39
      vertex 15.3196 -36.9848 26.39
      vertex 19.416 -33.6295 26.39
    endloop
  endfacet
  facet normal 0 0 1
    outer loop
      vertex 14.8604 -35.8761 26.39
      vertex 10.361 -38.668 26.39
      vertex 15.3196 -36.9848 26.39
    endloop
  endfacet
  facet normal -0 0 1
    outer loop
      vertex 10.0505 -37.5088 26.39
      vertex 10.361 -38.668 26.39
      vertex 14.8604 -35.8761 26.39
    endloop
  endfacet
  facet normal 0 0 1
    outer loop
      vertex 10.0505 -37.5088 26.39
      vertex 5.22523 -39.6895 26.39
      vertex 10.361 -38.668 26.39
    endloop
  endfacet
  facet normal -0 0 1
    outer loop
      vertex 5.06859 -38.4998 26.39
      vertex 5.22523 -39.6895 26.39
      vertex 10.0505 -37.5088 26.39
    endloop
  endfacet
  facet normal -0 0 1
    outer loop
      vertex 0 -38.832 26.39
      vertex 5.22523 -39.6895 26.39
      vertex 5.06859 -38.4998 26.39
    endloop
  endfacet
  facet normal 0 0 1
    outer loop
      vertex 0 -38.832 26.39
      vertex 0 -40.032 26.39
      vertex 5.22523 -39.6895 26.39
    endloop
  endfacet
  facet normal 0 0 1
    outer loop
      vertex -5.06859 -38.4998 26.39
      vertex 0 -40.032 26.39
      vertex 0 -38.832 26.39
    endloop
  endfacet
  facet normal 0 0 1
    outer loop
      vertex -5.06859 -38.4998 26.39
      vertex -5.22523 -39.6895 26.39
      vertex 0 -40.032 26.39
    endloop
  endfacet
  facet normal 0 0 1
    outer loop
      vertex -10.0505 -37.5088 26.39
      vertex -5.22523 -39.6895 26.39
      vertex -5.06859 -38.4998 26.39
    endloop
  endfacet
  facet normal 0 0 1
    outer loop
      vertex -10.0505 -37.5088 26.39
      vertex -10.361 -38.668 26.39
      vertex -5.22523 -39.6895 26.39
    endloop
  endfacet
  facet normal 0 0 1
    outer loop
      vertex -14.8604 -35.8761 26.39
      vertex -10.361 -38.668 26.39
      vertex -10.0505 -37.5088 26.39
    endloop
  endfacet
  facet normal 0 0 1
    outer loop
      vertex -14.8604 -35.8761 26.39
      vertex -15.3196 -36.9848 26.39
      vertex -10.361 -38.668 26.39
    endloop
  endfacet
  facet normal 0 0 1
    outer loop
      vertex -19.416 -33.6295 26.39
      vertex -15.3196 -36.9848 26.39
      vertex -14.8604 -35.8761 26.39
    endloop
  endfacet
  facet normal 0 0 1
    outer loop
      vertex -19.416 -33.6295 26.39
      vertex -20.016 -34.6687 26.39
      vertex -15.3196 -36.9848 26.39
    endloop
  endfacet
  facet normal 0 0 1
    outer loop
      vertex -23.6394 -30.8075 26.39
      vertex -20.016 -34.6687 26.39
      vertex -19.416 -33.6295 26.39
    endloop
  endfacet
  facet normal 0 0 1
    outer loop
      vertex -23.6394 -30.8075 26.39
      vertex -24.3699 -31.7595 26.39
      vertex -20.016 -34.6687 26.39
    endloop
  endfacet
  facet normal 0 0 1
    outer loop
      vertex -27.4584 -27.4584 26.39
      vertex -24.3699 -31.7595 26.39
      vertex -23.6394 -30.8075 26.39
    endloop
  endfacet
  facet normal 0 0 1
    outer loop
      vertex -27.4584 -27.4584 26.39
      vertex -28.3069 -28.3069 26.39
      vertex -24.3699 -31.7595 26.39
    endloop
  endfacet
  facet normal 0 0 1
    outer loop
      vertex -30.8075 -23.6394 26.39
      vertex -28.3069 -28.3069 26.39
      vertex -27.4584 -27.4584 26.39
    endloop
  endfacet
  facet normal 0 0 1
    outer loop
      vertex -30.8075 -23.6394 26.39
      vertex -31.7595 -24.3699 26.39
      vertex -28.3069 -28.3069 26.39
    endloop
  endfacet
  facet normal 0 0 1
    outer loop
      vertex -33.6295 -19.416 26.39
      vertex -31.7595 -24.3699 26.39
      vertex -30.8075 -23.6394 26.39
    endloop
  endfacet
  facet normal 0 0 1
    outer loop
      vertex -33.6295 -19.416 26.39
      vertex -34.6687 -20.016 26.39
      vertex -31.7595 -24.3699 26.39
    endloop
  endfacet
  facet normal 0 0 1
    outer loop
      vertex -35.8761 -14.8604 26.39
      vertex -34.6687 -20.016 26.39
      vertex -33.6295 -19.416 26.39
    endloop
  endfacet
  facet normal 0 0 1
    outer loop
      vertex -35.8761 -14.8604 26.39
      vertex -36.9848 -15.3196 26.39
      vertex -34.6687 -20.016 26.39
    endloop
  endfacet
  facet normal 0 0 1
    outer loop
      vertex -37.5088 -10.0505 26.39
      vertex -36.9848 -15.3196 26.39
      vertex -35.8761 -14.8604 26.39
    endloop
  endfacet
  facet normal 0 0 1
    outer loop
      vertex -38.668 -10.361 26.39
      vertex -37.5088 -10.0505 26.39
      vertex -38.4998 -5.06859 26.39
    endloop
  endfacet
  facet normal 0 0 1
    outer loop
      vertex -37.5088 -10.0505 26.39
      vertex -38.668 -10.361 26.39
      vertex -36.9848 -15.3196 26.39
    endloop
  endfacet
  facet normal 0 0 1
    outer loop
      vertex -39.6895 -5.22523 26.39
      vertex -38.4998 -5.06859 26.39
      vertex -38.832 0 26.39
    endloop
  endfacet
  facet normal 0 0 1
    outer loop
      vertex -40.032 0 26.39
      vertex -38.832 0 26.39
      vertex -39.6895 5.22523 26.39
    endloop
  endfacet
  facet normal 0 0 1
    outer loop
      vertex -38.4998 -5.06859 26.39
      vertex -39.6895 -5.22523 26.39
      vertex -38.668 -10.361 26.39
    endloop
  endfacet
  facet normal 0 0 1
    outer loop
      vertex -38.832 0 26.39
      vertex -40.032 0 26.39
      vertex -39.6895 -5.22523 26.39
    endloop
  endfacet
  facet normal -0.980788 0.195078 0
    outer loop
      vertex -39.6895 5.22523 24.4
      vertex -38.668 10.361 26.39
      vertex -38.668 10.361 24.4
    endloop
  endfacet
  facet normal -0.980788 0.195078 0
    outer loop
      vertex -38.668 10.361 26.39
      vertex -39.6895 5.22523 24.4
      vertex -39.6895 5.22523 26.39
    endloop
  endfacet
  facet normal 0.831468 -0.555572 0
    outer loop
      vertex 31.7595 -24.3699 26.39
      vertex 34.6687 -20.016 24.4
      vertex 34.6687 -20.016 26.39
    endloop
  endfacet
  facet normal 0.831468 -0.555572 0
    outer loop
      vertex 34.6687 -20.016 24.4
      vertex 31.7595 -24.3699 26.39
      vertex 31.7595 -24.3699 24.4
    endloop
  endfacet
  facet normal 0.65934 -0.751845 0
    outer loop
      vertex 24.3699 -31.7595 24.4
      vertex 28.3069 -28.3069 26.39
      vertex 24.3699 -31.7595 26.39
    endloop
  endfacet
  facet normal 0.65934 -0.751845 0
    outer loop
      vertex 28.3069 -28.3069 26.39
      vertex 24.3699 -31.7595 24.4
      vertex 28.3069 -28.3069 24.4
    endloop
  endfacet
  facet normal -0.555572 -0.831468 0
    outer loop
      vertex -24.3699 -31.7595 24.4
      vertex -20.016 -34.6687 26.39
      vertex -24.3699 -31.7595 26.39
    endloop
  endfacet
  facet normal -0.555572 -0.831468 -0
    outer loop
      vertex -20.016 -34.6687 26.39
      vertex -24.3699 -31.7595 24.4
      vertex -20.016 -34.6687 24.4
    endloop
  endfacet
  facet normal -0.751845 -0.65934 0
    outer loop
      vertex -28.3069 -28.3069 24.4
      vertex -31.7595 -24.3699 26.39
      vertex -31.7595 -24.3699 24.4
    endloop
  endfacet
  facet normal -0.751845 -0.65934 0
    outer loop
      vertex -31.7595 -24.3699 26.39
      vertex -28.3069 -28.3069 24.4
      vertex -28.3069 -28.3069 26.39
    endloop
  endfacet
  facet normal -0.866025 0.5 0
    outer loop
      vertex -36.1884 18.584 24.4
      vertex -34.1884 22.0481 26.39
      vertex -34.1884 22.0481 24.4
    endloop
  endfacet
  facet normal -0.866025 0.5 0
    outer loop
      vertex -34.1884 22.0481 26.39
      vertex -36.1884 18.584 24.4
      vertex -36.1884 18.584 26.39
    endloop
  endfacet
  facet normal 0.500022 0.866012 -0
    outer loop
      vertex -33.5552 21.6825 24.4
      vertex -34.1884 22.0481 26.39
      vertex -33.5552 21.6825 26.39
    endloop
  endfacet
  facet normal 0.500022 0.866012 0
    outer loop
      vertex -34.1884 22.0481 26.39
      vertex -33.5552 21.6825 24.4
      vertex -34.1884 22.0481 24.4
    endloop
  endfacet
  facet normal -0.500022 -0.866012 0
    outer loop
      vertex -36.1884 18.584 24.4
      vertex -35.5552 18.2184 26.39
      vertex -36.1884 18.584 26.39
    endloop
  endfacet
  facet normal -0.500022 -0.866012 -0
    outer loop
      vertex -35.5552 18.2184 26.39
      vertex -36.1884 18.584 24.4
      vertex -35.5552 18.2184 24.4
    endloop
  endfacet
  facet normal 0.0654186 -0.997858 0
    outer loop
      vertex 8.00462 18.4034 0
      vertex 8.9183 18.4633 24.4
      vertex 8.00462 18.4034 24.4
    endloop
  endfacet
  facet normal 0.0654186 -0.997858 0
    outer loop
      vertex 8.9183 18.4633 24.4
      vertex 8.00462 18.4034 0
      vertex 8.9183 18.4633 0
    endloop
  endfacet
  facet normal 0.13043 -0.991458 0
    outer loop
      vertex 8.9183 18.4633 0
      vertex 9.12582 18.4906 24.4
      vertex 8.9183 18.4633 24.4
    endloop
  endfacet
  facet normal 0.13043 -0.991458 0
    outer loop
      vertex 9.12582 18.4906 24.4
      vertex 8.9183 18.4633 0
      vertex 9.12582 18.4906 0
    endloop
  endfacet
  facet normal 0.195154 -0.980773 0
    outer loop
      vertex 9.12582 18.4906 0
      vertex 10.0239 18.6693 24.4
      vertex 9.12582 18.4906 24.4
    endloop
  endfacet
  facet normal 0.195154 -0.980773 0
    outer loop
      vertex 10.0239 18.6693 24.4
      vertex 9.12582 18.4906 0
      vertex 10.0239 18.6693 0
    endloop
  endfacet
  facet normal 0.258585 -0.965989 0
    outer loop
      vertex 10.0239 18.6693 0
      vertex 10.226 18.7234 24.4
      vertex 10.0239 18.6693 24.4
    endloop
  endfacet
  facet normal 0.258585 -0.965989 0
    outer loop
      vertex 10.226 18.7234 24.4
      vertex 10.0239 18.6693 0
      vertex 10.226 18.7234 0
    endloop
  endfacet
  facet normal 0.3214 -0.946944 0
    outer loop
      vertex 10.226 18.7234 0
      vertex 11.0931 19.0177 24.4
      vertex 10.226 18.7234 24.4
    endloop
  endfacet
  facet normal 0.3214 -0.946944 0
    outer loop
      vertex 11.0931 19.0177 24.4
      vertex 10.226 18.7234 0
      vertex 11.0931 19.0177 0
    endloop
  endfacet
  facet normal 0.382647 -0.923895 0
    outer loop
      vertex 11.0931 19.0177 0
      vertex 11.2865 19.0978 24.4
      vertex 11.0931 19.0177 24.4
    endloop
  endfacet
  facet normal 0.382647 -0.923895 0
    outer loop
      vertex 11.2865 19.0978 24.4
      vertex 11.0931 19.0177 0
      vertex 11.2865 19.0978 0
    endloop
  endfacet
  facet normal 0.442314 -0.89686 0
    outer loop
      vertex 11.2865 19.0978 0
      vertex 12.1077 19.5028 24.4
      vertex 11.2865 19.0978 24.4
    endloop
  endfacet
  facet normal 0.442314 -0.89686 0
    outer loop
      vertex 12.1077 19.5028 24.4
      vertex 11.2865 19.0978 0
      vertex 12.1077 19.5028 0
    endloop
  endfacet
  facet normal 0.500301 -0.865851 0
    outer loop
      vertex 12.1077 19.5028 0
      vertex 12.2889 19.6075 24.4
      vertex 12.1077 19.5028 24.4
    endloop
  endfacet
  facet normal 0.500301 -0.865851 0
    outer loop
      vertex 12.2889 19.6075 24.4
      vertex 12.1077 19.5028 0
      vertex 12.2889 19.6075 0
    endloop
  endfacet
  facet normal 0.555582 -0.831462 0
    outer loop
      vertex 12.2889 19.6075 0
      vertex 13.0502 20.1162 24.4
      vertex 12.2889 19.6075 24.4
    endloop
  endfacet
  facet normal 0.555582 -0.831462 0
    outer loop
      vertex 13.0502 20.1162 24.4
      vertex 12.2889 19.6075 0
      vertex 13.0502 20.1162 0
    endloop
  endfacet
  facet normal 0.608602 -0.793476 0
    outer loop
      vertex 13.0502 20.1162 0
      vertex 13.2163 20.2436 24.4
      vertex 13.0502 20.1162 24.4
    endloop
  endfacet
  facet normal 0.608602 -0.793476 0
    outer loop
      vertex 13.2163 20.2436 24.4
      vertex 13.0502 20.1162 0
      vertex 13.2163 20.2436 0
    endloop
  endfacet
  facet normal 0.659339 -0.751846 0
    outer loop
      vertex 13.2163 20.2436 0
      vertex 13.9047 20.8473 24.4
      vertex 13.2163 20.2436 24.4
    endloop
  endfacet
  facet normal 0.659339 -0.751846 0
    outer loop
      vertex 13.9047 20.8473 24.4
      vertex 13.2163 20.2436 0
      vertex 13.9047 20.8473 0
    endloop
  endfacet
  facet normal 0.707107 -0.707107 0
    outer loop
      vertex 13.9047 20.8473 24.4
      vertex 14.0527 20.9953 0
      vertex 14.0527 20.9953 24.4
    endloop
  endfacet
  facet normal 0.707107 -0.707107 0
    outer loop
      vertex 14.0527 20.9953 0
      vertex 13.9047 20.8473 24.4
      vertex 13.9047 20.8473 0
    endloop
  endfacet
  facet normal 0.751846 -0.659339 0
    outer loop
      vertex 14.0527 20.9953 24.4
      vertex 14.6564 21.6837 0
      vertex 14.6564 21.6837 24.4
    endloop
  endfacet
  facet normal 0.751846 -0.659339 0
    outer loop
      vertex 14.6564 21.6837 0
      vertex 14.0527 20.9953 24.4
      vertex 14.0527 20.9953 0
    endloop
  endfacet
  facet normal 0.793299 -0.608833 0
    outer loop
      vertex 14.6564 21.6837 24.4
      vertex 14.7838 21.8497 0
      vertex 14.7838 21.8497 24.4
    endloop
  endfacet
  facet normal 0.793299 -0.608833 0
    outer loop
      vertex 14.7838 21.8497 0
      vertex 14.6564 21.6837 24.4
      vertex 14.6564 21.6837 0
    endloop
  endfacet
  facet normal 0.831495 -0.555532 0
    outer loop
      vertex 14.7838 21.8497 24.4
      vertex 15.2925 22.6111 0
      vertex 15.2925 22.6111 24.4
    endloop
  endfacet
  facet normal 0.831495 -0.555532 0
    outer loop
      vertex 15.2925 22.6111 0
      vertex 14.7838 21.8497 24.4
      vertex 14.7838 21.8497 0
    endloop
  endfacet
  facet normal 0.865971 -0.500095 0
    outer loop
      vertex 15.2925 22.6111 24.4
      vertex 15.3972 22.7924 0
      vertex 15.3972 22.7924 24.4
    endloop
  endfacet
  facet normal 0.865971 -0.500095 0
    outer loop
      vertex 15.3972 22.7924 0
      vertex 15.2925 22.6111 24.4
      vertex 15.2925 22.6111 0
    endloop
  endfacet
  facet normal 0.896904 -0.442226 0
    outer loop
      vertex 15.3972 22.7924 24.4
      vertex 15.8021 23.6136 0
      vertex 15.8021 23.6136 24.4
    endloop
  endfacet
  facet normal 0.896904 -0.442226 0
    outer loop
      vertex 15.8021 23.6136 0
      vertex 15.3972 22.7924 24.4
      vertex 15.3972 22.7924 0
    endloop
  endfacet
  facet normal 0.923825 -0.382816 0
    outer loop
      vertex 15.8021 23.6136 24.4
      vertex 15.8822 23.8069 0
      vertex 15.8822 23.8069 24.4
    endloop
  endfacet
  facet normal 0.923825 -0.382816 0
    outer loop
      vertex 15.8822 23.8069 0
      vertex 15.8021 23.6136 24.4
      vertex 15.8021 23.6136 0
    endloop
  endfacet
  facet normal 0.94691 -0.321497 0
    outer loop
      vertex 15.8822 23.8069 24.4
      vertex 16.1766 24.674 0
      vertex 16.1766 24.674 24.4
    endloop
  endfacet
  facet normal 0.94691 -0.321497 0
    outer loop
      vertex 16.1766 24.674 0
      vertex 15.8822 23.8069 24.4
      vertex 15.8822 23.8069 0
    endloop
  endfacet
  facet normal 0.965989 -0.258585 0
    outer loop
      vertex 16.1766 24.674 24.4
      vertex 16.2307 24.8761 0
      vertex 16.2307 24.8761 24.4
    endloop
  endfacet
  facet normal 0.965989 -0.258585 0
    outer loop
      vertex 16.2307 24.8761 0
      vertex 16.1766 24.674 24.4
      vertex 16.1766 24.674 0
    endloop
  endfacet
  facet normal 0.980773 -0.19515 0
    outer loop
      vertex 16.2307 24.8761 24.4
      vertex 16.4094 25.7742 0
      vertex 16.4094 25.7742 24.4
    endloop
  endfacet
  facet normal 0.980773 -0.19515 0
    outer loop
      vertex 16.4094 25.7742 0
      vertex 16.2307 24.8761 24.4
      vertex 16.2307 24.8761 0
    endloop
  endfacet
  facet normal 0.991456 -0.130442 0
    outer loop
      vertex 16.4094 25.7742 24.4
      vertex 16.4367 25.9817 0
      vertex 16.4367 25.9817 24.4
    endloop
  endfacet
  facet normal 0.991456 -0.130442 0
    outer loop
      vertex 16.4367 25.9817 0
      vertex 16.4094 25.7742 24.4
      vertex 16.4094 25.7742 0
    endloop
  endfacet
  facet normal 0.997858 -0.0654172 0
    outer loop
      vertex 16.4367 25.9817 24.4
      vertex 16.4966 26.8954 0
      vertex 16.4966 26.8954 24.4
    endloop
  endfacet
  facet normal 0.997858 -0.0654172 0
    outer loop
      vertex 16.4966 26.8954 0
      vertex 16.4367 25.9817 24.4
      vertex 16.4367 25.9817 0
    endloop
  endfacet
  facet normal 1 -0 0
    outer loop
      vertex 16.4966 26.8954 24.4
      vertex 16.4966 27.1047 0
      vertex 16.4966 27.1047 24.4
    endloop
  endfacet
  facet normal 1 0 0
    outer loop
      vertex 16.4966 27.1047 0
      vertex 16.4966 26.8954 24.4
      vertex 16.4966 26.8954 0
    endloop
  endfacet
  facet normal 0.997858 0.0654243 0
    outer loop
      vertex 16.4966 27.1047 24.4
      vertex 16.4367 28.0183 0
      vertex 16.4367 28.0183 24.4
    endloop
  endfacet
  facet normal 0.997858 0.0654243 0
    outer loop
      vertex 16.4367 28.0183 0
      vertex 16.4966 27.1047 24.4
      vertex 16.4966 27.1047 0
    endloop
  endfacet
  facet normal 0.991456 0.130442 0
    outer loop
      vertex 16.4367 28.0183 24.4
      vertex 16.4094 28.2258 0
      vertex 16.4094 28.2258 24.4
    endloop
  endfacet
  facet normal 0.991456 0.130442 0
    outer loop
      vertex 16.4094 28.2258 0
      vertex 16.4367 28.0183 24.4
      vertex 16.4367 28.0183 0
    endloop
  endfacet
  facet normal 0.980773 0.19515 0
    outer loop
      vertex 16.4094 28.2258 24.4
      vertex 16.2307 29.1239 0
      vertex 16.2307 29.1239 24.4
    endloop
  endfacet
  facet normal 0.980773 0.19515 0
    outer loop
      vertex 16.2307 29.1239 0
      vertex 16.4094 28.2258 24.4
      vertex 16.4094 28.2258 0
    endloop
  endfacet
  facet normal 0.965989 0.258585 0
    outer loop
      vertex 16.2307 29.1239 24.4
      vertex 16.1766 29.326 0
      vertex 16.1766 29.326 24.4
    endloop
  endfacet
  facet normal 0.965989 0.258585 0
    outer loop
      vertex 16.1766 29.326 0
      vertex 16.2307 29.1239 24.4
      vertex 16.2307 29.1239 0
    endloop
  endfacet
  facet normal 0.94691 0.321497 0
    outer loop
      vertex 16.1766 29.326 24.4
      vertex 15.8822 30.1931 0
      vertex 15.8822 30.1931 24.4
    endloop
  endfacet
  facet normal 0.94691 0.321497 0
    outer loop
      vertex 15.8822 30.1931 0
      vertex 16.1766 29.326 24.4
      vertex 16.1766 29.326 0
    endloop
  endfacet
  facet normal 0.923994 0.382408 0
    outer loop
      vertex 15.8822 30.1931 24.4
      vertex 15.8022 30.3864 0
      vertex 15.8022 30.3864 24.4
    endloop
  endfacet
  facet normal 0.923994 0.382408 0
    outer loop
      vertex 15.8022 30.3864 0
      vertex 15.8822 30.1931 24.4
      vertex 15.8822 30.1931 0
    endloop
  endfacet
  facet normal 0.89686 0.442314 0
    outer loop
      vertex 15.8022 30.3864 24.4
      vertex 15.3972 31.2076 0
      vertex 15.3972 31.2076 24.4
    endloop
  endfacet
  facet normal 0.89686 0.442314 0
    outer loop
      vertex 15.3972 31.2076 0
      vertex 15.8022 30.3864 24.4
      vertex 15.8022 30.3864 0
    endloop
  endfacet
  facet normal 0.865971 0.500095 0
    outer loop
      vertex 15.3972 31.2076 24.4
      vertex 15.2925 31.3889 0
      vertex 15.2925 31.3889 24.4
    endloop
  endfacet
  facet normal 0.865971 0.500095 0
    outer loop
      vertex 15.2925 31.3889 0
      vertex 15.3972 31.2076 24.4
      vertex 15.3972 31.2076 0
    endloop
  endfacet
  facet normal 0.831495 0.555532 0
    outer loop
      vertex 15.2925 31.3889 24.4
      vertex 14.7838 32.1503 0
      vertex 14.7838 32.1503 24.4
    endloop
  endfacet
  facet normal 0.831495 0.555532 0
    outer loop
      vertex 14.7838 32.1503 0
      vertex 15.2925 31.3889 24.4
      vertex 15.2925 31.3889 0
    endloop
  endfacet
  facet normal 0.793299 0.608833 0
    outer loop
      vertex 14.7838 32.1503 24.4
      vertex 14.6564 32.3163 0
      vertex 14.6564 32.3163 24.4
    endloop
  endfacet
  facet normal 0.793299 0.608833 0
    outer loop
      vertex 14.6564 32.3163 0
      vertex 14.7838 32.1503 24.4
      vertex 14.7838 32.1503 0
    endloop
  endfacet
  facet normal 0.751846 0.659339 0
    outer loop
      vertex 14.6564 32.3163 24.4
      vertex 14.0527 33.0047 0
      vertex 14.0527 33.0047 24.4
    endloop
  endfacet
  facet normal 0.751846 0.659339 0
    outer loop
      vertex 14.0527 33.0047 0
      vertex 14.6564 32.3163 24.4
      vertex 14.6564 32.3163 0
    endloop
  endfacet
  facet normal 0.707107 0.707107 0
    outer loop
      vertex 14.0527 33.0047 24.4
      vertex 13.9047 33.1527 0
      vertex 13.9047 33.1527 24.4
    endloop
  endfacet
  facet normal 0.707107 0.707107 0
    outer loop
      vertex 13.9047 33.1527 0
      vertex 14.0527 33.0047 24.4
      vertex 14.0527 33.0047 0
    endloop
  endfacet
  facet normal 0.659339 0.751846 -0
    outer loop
      vertex 13.9047 33.1527 0
      vertex 13.2163 33.7564 24.4
      vertex 13.9047 33.1527 24.4
    endloop
  endfacet
  facet normal 0.659339 0.751846 0
    outer loop
      vertex 13.2163 33.7564 24.4
      vertex 13.9047 33.1527 0
      vertex 13.2163 33.7564 0
    endloop
  endfacet
  facet normal 0.608602 0.793476 -0
    outer loop
      vertex 13.2163 33.7564 0
      vertex 13.0502 33.8838 24.4
      vertex 13.2163 33.7564 24.4
    endloop
  endfacet
  facet normal 0.608602 0.793476 0
    outer loop
      vertex 13.0502 33.8838 24.4
      vertex 13.2163 33.7564 0
      vertex 13.0502 33.8838 0
    endloop
  endfacet
  facet normal 0.555582 0.831462 -0
    outer loop
      vertex 13.0502 33.8838 0
      vertex 12.2889 34.3925 24.4
      vertex 13.0502 33.8838 24.4
    endloop
  endfacet
  facet normal 0.555582 0.831462 0
    outer loop
      vertex 12.2889 34.3925 24.4
      vertex 13.0502 33.8838 0
      vertex 12.2889 34.3925 0
    endloop
  endfacet
  facet normal 0.500301 0.865851 -0
    outer loop
      vertex 12.2889 34.3925 0
      vertex 12.1077 34.4972 24.4
      vertex 12.2889 34.3925 24.4
    endloop
  endfacet
  facet normal 0.500301 0.865851 0
    outer loop
      vertex 12.1077 34.4972 24.4
      vertex 12.2889 34.3925 0
      vertex 12.1077 34.4972 0
    endloop
  endfacet
  facet normal 0.442226 0.896904 -0
    outer loop
      vertex 12.1077 34.4972 0
      vertex 11.2865 34.9021 24.4
      vertex 12.1077 34.4972 24.4
    endloop
  endfacet
  facet normal 0.442226 0.896904 0
    outer loop
      vertex 11.2865 34.9021 24.4
      vertex 12.1077 34.4972 0
      vertex 11.2865 34.9021 0
    endloop
  endfacet
  facet normal 0.382647 0.923895 -0
    outer loop
      vertex 11.2865 34.9021 0
      vertex 11.0931 34.9822 24.4
      vertex 11.2865 34.9021 24.4
    endloop
  endfacet
  facet normal 0.382647 0.923895 0
    outer loop
      vertex 11.0931 34.9822 24.4
      vertex 11.2865 34.9021 0
      vertex 11.0931 34.9822 0
    endloop
  endfacet
  facet normal 0.32141 0.94694 -0
    outer loop
      vertex 11.0931 34.9822 0
      vertex 11 35.0138 24.4
      vertex 11.0931 34.9822 24.4
    endloop
  endfacet
  facet normal 0.32141 0.94694 0
    outer loop
      vertex 11 35.0138 24.4
      vertex 11.0931 34.9822 0
      vertex 11 35.0138 0
    endloop
  endfacet
  facet normal 0 1 -0
    outer loop
      vertex 7 35.6 0
      vertex -7 35.6 24.4
      vertex 7 35.6 24.4
    endloop
  endfacet
  facet normal 0 1 0
    outer loop
      vertex -7 35.6 24.4
      vertex 7 35.6 0
      vertex -7 35.6 0
    endloop
  endfacet
  facet normal -0.32141 0.94694 0
    outer loop
      vertex -11 35.0138 0
      vertex -11.0931 34.9822 24.4
      vertex -11 35.0138 24.4
    endloop
  endfacet
  facet normal -0.32141 0.94694 0
    outer loop
      vertex -11.0931 34.9822 24.4
      vertex -11 35.0138 0
      vertex -11.0931 34.9822 0
    endloop
  endfacet
  facet normal -0.382647 0.923895 0
    outer loop
      vertex -11.0931 34.9822 0
      vertex -11.2865 34.9021 24.4
      vertex -11.0931 34.9822 24.4
    endloop
  endfacet
  facet normal -0.382647 0.923895 0
    outer loop
      vertex -11.2865 34.9021 24.4
      vertex -11.0931 34.9822 0
      vertex -11.2865 34.9021 0
    endloop
  endfacet
  facet normal -0.442226 0.896904 0
    outer loop
      vertex -11.2865 34.9021 0
      vertex -12.1077 34.4972 24.4
      vertex -11.2865 34.9021 24.4
    endloop
  endfacet
  facet normal -0.442226 0.896904 0
    outer loop
      vertex -12.1077 34.4972 24.4
      vertex -11.2865 34.9021 0
      vertex -12.1077 34.4972 0
    endloop
  endfacet
  facet normal -0.500301 0.865851 0
    outer loop
      vertex -12.1077 34.4972 0
      vertex -12.2889 34.3925 24.4
      vertex -12.1077 34.4972 24.4
    endloop
  endfacet
  facet normal -0.500301 0.865851 0
    outer loop
      vertex -12.2889 34.3925 24.4
      vertex -12.1077 34.4972 0
      vertex -12.2889 34.3925 0
    endloop
  endfacet
  facet normal -0.555582 0.831462 0
    outer loop
      vertex -12.2889 34.3925 0
      vertex -13.0502 33.8838 24.4
      vertex -12.2889 34.3925 24.4
    endloop
  endfacet
  facet normal -0.555582 0.831462 0
    outer loop
      vertex -13.0502 33.8838 24.4
      vertex -12.2889 34.3925 0
      vertex -13.0502 33.8838 0
    endloop
  endfacet
  facet normal -0.608602 0.793476 0
    outer loop
      vertex -13.0502 33.8838 0
      vertex -13.2163 33.7564 24.4
      vertex -13.0502 33.8838 24.4
    endloop
  endfacet
  facet normal -0.608602 0.793476 0
    outer loop
      vertex -13.2163 33.7564 24.4
      vertex -13.0502 33.8838 0
      vertex -13.2163 33.7564 0
    endloop
  endfacet
  facet normal -0.659339 0.751846 0
    outer loop
      vertex -13.2163 33.7564 0
      vertex -13.9047 33.1527 24.4
      vertex -13.2163 33.7564 24.4
    endloop
  endfacet
  facet normal -0.659339 0.751846 0
    outer loop
      vertex -13.9047 33.1527 24.4
      vertex -13.2163 33.7564 0
      vertex -13.9047 33.1527 0
    endloop
  endfacet
  facet normal -0.707107 0.707107 0
    outer loop
      vertex -14.0527 33.0047 0
      vertex -13.9047 33.1527 24.4
      vertex -13.9047 33.1527 0
    endloop
  endfacet
  facet normal -0.707107 0.707107 0
    outer loop
      vertex -13.9047 33.1527 24.4
      vertex -14.0527 33.0047 0
      vertex -14.0527 33.0047 24.4
    endloop
  endfacet
  facet normal -0.751846 0.659339 0
    outer loop
      vertex -14.6564 32.3163 0
      vertex -14.0527 33.0047 24.4
      vertex -14.0527 33.0047 0
    endloop
  endfacet
  facet normal -0.751846 0.659339 0
    outer loop
      vertex -14.0527 33.0047 24.4
      vertex -14.6564 32.3163 0
      vertex -14.6564 32.3163 24.4
    endloop
  endfacet
  facet normal -0.793299 0.608833 0
    outer loop
      vertex -14.7838 32.1503 0
      vertex -14.6564 32.3163 24.4
      vertex -14.6564 32.3163 0
    endloop
  endfacet
  facet normal -0.793299 0.608833 0
    outer loop
      vertex -14.6564 32.3163 24.4
      vertex -14.7838 32.1503 0
      vertex -14.7838 32.1503 24.4
    endloop
  endfacet
  facet normal -0.831495 0.555532 0
    outer loop
      vertex -15.2925 31.3889 0
      vertex -14.7838 32.1503 24.4
      vertex -14.7838 32.1503 0
    endloop
  endfacet
  facet normal -0.831495 0.555532 0
    outer loop
      vertex -14.7838 32.1503 24.4
      vertex -15.2925 31.3889 0
      vertex -15.2925 31.3889 24.4
    endloop
  endfacet
  facet normal -0.865971 0.500095 0
    outer loop
      vertex -15.3972 31.2076 0
      vertex -15.2925 31.3889 24.4
      vertex -15.2925 31.3889 0
    endloop
  endfacet
  facet normal -0.865971 0.500095 0
    outer loop
      vertex -15.2925 31.3889 24.4
      vertex -15.3972 31.2076 0
      vertex -15.3972 31.2076 24.4
    endloop
  endfacet
  facet normal -0.89686 0.442314 0
    outer loop
      vertex -15.8022 30.3864 0
      vertex -15.3972 31.2076 24.4
      vertex -15.3972 31.2076 0
    endloop
  endfacet
  facet normal -0.89686 0.442314 0
    outer loop
      vertex -15.3972 31.2076 24.4
      vertex -15.8022 30.3864 0
      vertex -15.8022 30.3864 24.4
    endloop
  endfacet
  facet normal -0.923994 0.382408 0
    outer loop
      vertex -15.8822 30.1931 0
      vertex -15.8022 30.3864 24.4
      vertex -15.8022 30.3864 0
    endloop
  endfacet
  facet normal -0.923994 0.382408 0
    outer loop
      vertex -15.8022 30.3864 24.4
      vertex -15.8822 30.1931 0
      vertex -15.8822 30.1931 24.4
    endloop
  endfacet
  facet normal -0.94691 0.321497 0
    outer loop
      vertex -16.1766 29.326 0
      vertex -15.8822 30.1931 24.4
      vertex -15.8822 30.1931 0
    endloop
  endfacet
  facet normal -0.94691 0.321497 0
    outer loop
      vertex -15.8822 30.1931 24.4
      vertex -16.1766 29.326 0
      vertex -16.1766 29.326 24.4
    endloop
  endfacet
  facet normal -0.965989 0.258585 0
    outer loop
      vertex -16.2307 29.1239 0
      vertex -16.1766 29.326 24.4
      vertex -16.1766 29.326 0
    endloop
  endfacet
  facet normal -0.965989 0.258585 0
    outer loop
      vertex -16.1766 29.326 24.4
      vertex -16.2307 29.1239 0
      vertex -16.2307 29.1239 24.4
    endloop
  endfacet
  facet normal -0.980773 0.19515 0
    outer loop
      vertex -16.4094 28.2258 0
      vertex -16.2307 29.1239 24.4
      vertex -16.2307 29.1239 0
    endloop
  endfacet
  facet normal -0.980773 0.19515 0
    outer loop
      vertex -16.2307 29.1239 24.4
      vertex -16.4094 28.2258 0
      vertex -16.4094 28.2258 24.4
    endloop
  endfacet
  facet normal -0.991456 0.130442 0
    outer loop
      vertex -16.4367 28.0183 0
      vertex -16.4094 28.2258 24.4
      vertex -16.4094 28.2258 0
    endloop
  endfacet
  facet normal -0.991456 0.130442 0
    outer loop
      vertex -16.4094 28.2258 24.4
      vertex -16.4367 28.0183 0
      vertex -16.4367 28.0183 24.4
    endloop
  endfacet
  facet normal -0.997858 0.0654243 0
    outer loop
      vertex -16.4966 27.1047 0
      vertex -16.4367 28.0183 24.4
      vertex -16.4367 28.0183 0
    endloop
  endfacet
  facet normal -0.997858 0.0654243 0
    outer loop
      vertex -16.4367 28.0183 24.4
      vertex -16.4966 27.1047 0
      vertex -16.4966 27.1047 24.4
    endloop
  endfacet
  facet normal -1 0 0
    outer loop
      vertex -16.4966 26.8954 0
      vertex -16.4966 27.1047 24.4
      vertex -16.4966 27.1047 0
    endloop
  endfacet
  facet normal -1 -0 0
    outer loop
      vertex -16.4966 27.1047 24.4
      vertex -16.4966 26.8954 0
      vertex -16.4966 26.8954 24.4
    endloop
  endfacet
  facet normal -0.997858 -0.0654172 0
    outer loop
      vertex -16.4367 25.9817 0
      vertex -16.4966 26.8954 24.4
      vertex -16.4966 26.8954 0
    endloop
  endfacet
  facet normal -0.997858 -0.0654172 0
    outer loop
      vertex -16.4966 26.8954 24.4
      vertex -16.4367 25.9817 0
      vertex -16.4367 25.9817 24.4
    endloop
  endfacet
  facet normal -0.991456 -0.130442 0
    outer loop
      vertex -16.4094 25.7742 0
      vertex -16.4367 25.9817 24.4
      vertex -16.4367 25.9817 0
    endloop
  endfacet
  facet normal -0.991456 -0.130442 0
    outer loop
      vertex -16.4367 25.9817 24.4
      vertex -16.4094 25.7742 0
      vertex -16.4094 25.7742 24.4
    endloop
  endfacet
  facet normal -0.980773 -0.19515 0
    outer loop
      vertex -16.2307 24.8761 0
      vertex -16.4094 25.7742 24.4
      vertex -16.4094 25.7742 0
    endloop
  endfacet
  facet normal -0.980773 -0.19515 0
    outer loop
      vertex -16.4094 25.7742 24.4
      vertex -16.2307 24.8761 0
      vertex -16.2307 24.8761 24.4
    endloop
  endfacet
  facet normal -0.965989 -0.258585 0
    outer loop
      vertex -16.1766 24.674 0
      vertex -16.2307 24.8761 24.4
      vertex -16.2307 24.8761 0
    endloop
  endfacet
  facet normal -0.965989 -0.258585 0
    outer loop
      vertex -16.2307 24.8761 24.4
      vertex -16.1766 24.674 0
      vertex -16.1766 24.674 24.4
    endloop
  endfacet
  facet normal -0.94691 -0.321497 0
    outer loop
      vertex -15.8822 23.8069 0
      vertex -16.1766 24.674 24.4
      vertex -16.1766 24.674 0
    endloop
  endfacet
  facet normal -0.94691 -0.321497 0
    outer loop
      vertex -16.1766 24.674 24.4
      vertex -15.8822 23.8069 0
      vertex -15.8822 23.8069 24.4
    endloop
  endfacet
  facet normal -0.923825 -0.382816 0
    outer loop
      vertex -15.8021 23.6136 0
      vertex -15.8822 23.8069 24.4
      vertex -15.8822 23.8069 0
    endloop
  endfacet
  facet normal -0.923825 -0.382816 0
    outer loop
      vertex -15.8822 23.8069 24.4
      vertex -15.8021 23.6136 0
      vertex -15.8021 23.6136 24.4
    endloop
  endfacet
  facet normal -0.896904 -0.442226 0
    outer loop
      vertex -15.3972 22.7924 0
      vertex -15.8021 23.6136 24.4
      vertex -15.8021 23.6136 0
    endloop
  endfacet
  facet normal -0.896904 -0.442226 0
    outer loop
      vertex -15.8021 23.6136 24.4
      vertex -15.3972 22.7924 0
      vertex -15.3972 22.7924 24.4
    endloop
  endfacet
  facet normal -0.865971 -0.500095 0
    outer loop
      vertex -15.2925 22.6111 0
      vertex -15.3972 22.7924 24.4
      vertex -15.3972 22.7924 0
    endloop
  endfacet
  facet normal -0.865971 -0.500095 0
    outer loop
      vertex -15.3972 22.7924 24.4
      vertex -15.2925 22.6111 0
      vertex -15.2925 22.6111 24.4
    endloop
  endfacet
  facet normal -0.831495 -0.555532 0
    outer loop
      vertex -14.7838 21.8497 0
      vertex -15.2925 22.6111 24.4
      vertex -15.2925 22.6111 0
    endloop
  endfacet
  facet normal -0.831495 -0.555532 0
    outer loop
      vertex -15.2925 22.6111 24.4
      vertex -14.7838 21.8497 0
      vertex -14.7838 21.8497 24.4
    endloop
  endfacet
  facet normal -0.793299 -0.608833 0
    outer loop
      vertex -14.6564 21.6837 0
      vertex -14.7838 21.8497 24.4
      vertex -14.7838 21.8497 0
    endloop
  endfacet
  facet normal -0.793299 -0.608833 0
    outer loop
      vertex -14.7838 21.8497 24.4
      vertex -14.6564 21.6837 0
      vertex -14.6564 21.6837 24.4
    endloop
  endfacet
  facet normal -0.751846 -0.659339 0
    outer loop
      vertex -14.0527 20.9953 0
      vertex -14.6564 21.6837 24.4
      vertex -14.6564 21.6837 0
    endloop
  endfacet
  facet normal -0.751846 -0.659339 0
    outer loop
      vertex -14.6564 21.6837 24.4
      vertex -14.0527 20.9953 0
      vertex -14.0527 20.9953 24.4
    endloop
  endfacet
  facet normal -0.707107 -0.707107 0
    outer loop
      vertex -13.9047 20.8473 0
      vertex -14.0527 20.9953 24.4
      vertex -14.0527 20.9953 0
    endloop
  endfacet
  facet normal -0.707107 -0.707107 0
    outer loop
      vertex -14.0527 20.9953 24.4
      vertex -13.9047 20.8473 0
      vertex -13.9047 20.8473 24.4
    endloop
  endfacet
  facet normal -0.659339 -0.751846 0
    outer loop
      vertex -13.9047 20.8473 0
      vertex -13.2163 20.2436 24.4
      vertex -13.9047 20.8473 24.4
    endloop
  endfacet
  facet normal -0.659339 -0.751846 -0
    outer loop
      vertex -13.2163 20.2436 24.4
      vertex -13.9047 20.8473 0
      vertex -13.2163 20.2436 0
    endloop
  endfacet
  facet normal -0.608602 -0.793476 0
    outer loop
      vertex -13.2163 20.2436 0
      vertex -13.0502 20.1162 24.4
      vertex -13.2163 20.2436 24.4
    endloop
  endfacet
  facet normal -0.608602 -0.793476 -0
    outer loop
      vertex -13.0502 20.1162 24.4
      vertex -13.2163 20.2436 0
      vertex -13.0502 20.1162 0
    endloop
  endfacet
  facet normal -0.555582 -0.831462 0
    outer loop
      vertex -13.0502 20.1162 0
      vertex -12.2889 19.6075 24.4
      vertex -13.0502 20.1162 24.4
    endloop
  endfacet
  facet normal -0.555582 -0.831462 -0
    outer loop
      vertex -12.2889 19.6075 24.4
      vertex -13.0502 20.1162 0
      vertex -12.2889 19.6075 0
    endloop
  endfacet
  facet normal -0.500301 -0.865851 0
    outer loop
      vertex -12.2889 19.6075 0
      vertex -12.1077 19.5028 24.4
      vertex -12.2889 19.6075 24.4
    endloop
  endfacet
  facet normal -0.500301 -0.865851 -0
    outer loop
      vertex -12.1077 19.5028 24.4
      vertex -12.2889 19.6075 0
      vertex -12.1077 19.5028 0
    endloop
  endfacet
  facet normal -0.442314 -0.89686 0
    outer loop
      vertex -12.1077 19.5028 0
      vertex -11.2865 19.0978 24.4
      vertex -12.1077 19.5028 24.4
    endloop
  endfacet
  facet normal -0.442314 -0.89686 -0
    outer loop
      vertex -11.2865 19.0978 24.4
      vertex -12.1077 19.5028 0
      vertex -11.2865 19.0978 0
    endloop
  endfacet
  facet normal -0.382647 -0.923895 0
    outer loop
      vertex -11.2865 19.0978 0
      vertex -11.0931 19.0177 24.4
      vertex -11.2865 19.0978 24.4
    endloop
  endfacet
  facet normal -0.382647 -0.923895 -0
    outer loop
      vertex -11.0931 19.0177 24.4
      vertex -11.2865 19.0978 0
      vertex -11.0931 19.0177 0
    endloop
  endfacet
  facet normal -0.3214 -0.946944 0
    outer loop
      vertex -11.0931 19.0177 0
      vertex -10.226 18.7234 24.4
      vertex -11.0931 19.0177 24.4
    endloop
  endfacet
  facet normal -0.3214 -0.946944 -0
    outer loop
      vertex -10.226 18.7234 24.4
      vertex -11.0931 19.0177 0
      vertex -10.226 18.7234 0
    endloop
  endfacet
  facet normal -0.258585 -0.965989 0
    outer loop
      vertex -10.226 18.7234 0
      vertex -10.0239 18.6693 24.4
      vertex -10.226 18.7234 24.4
    endloop
  endfacet
  facet normal -0.258585 -0.965989 -0
    outer loop
      vertex -10.0239 18.6693 24.4
      vertex -10.226 18.7234 0
      vertex -10.0239 18.6693 0
    endloop
  endfacet
  facet normal -0.195154 -0.980773 0
    outer loop
      vertex -10.0239 18.6693 0
      vertex -9.12582 18.4906 24.4
      vertex -10.0239 18.6693 24.4
    endloop
  endfacet
  facet normal -0.195154 -0.980773 -0
    outer loop
      vertex -9.12582 18.4906 24.4
      vertex -10.0239 18.6693 0
      vertex -9.12582 18.4906 0
    endloop
  endfacet
  facet normal -0.13043 -0.991458 0
    outer loop
      vertex -9.12582 18.4906 0
      vertex -8.9183 18.4633 24.4
      vertex -9.12582 18.4906 24.4
    endloop
  endfacet
  facet normal -0.13043 -0.991458 -0
    outer loop
      vertex -8.9183 18.4633 24.4
      vertex -9.12582 18.4906 0
      vertex -8.9183 18.4633 0
    endloop
  endfacet
  facet normal -0.0654186 -0.997858 0
    outer loop
      vertex -8.9183 18.4633 0
      vertex -8.00462 18.4034 24.4
      vertex -8.9183 18.4633 24.4
    endloop
  endfacet
  facet normal -0.0654186 -0.997858 -0
    outer loop
      vertex -8.00462 18.4034 24.4
      vertex -8.9183 18.4633 0
      vertex -8.00462 18.4034 0
    endloop
  endfacet
  facet normal -0.0324783 -0.999472 0
    outer loop
      vertex -8.00462 18.4034 0
      vertex -7.89999 18.4 24.4
      vertex -8.00462 18.4034 24.4
    endloop
  endfacet
  facet normal -0.0324783 -0.999472 -0
    outer loop
      vertex -7.89999 18.4 24.4
      vertex -8.00462 18.4034 0
      vertex -7.89999 18.4 0
    endloop
  endfacet
  facet normal 0 -1 0
    outer loop
      vertex -7.89999 18.4 0
      vertex 7.89999 18.4 24.4
      vertex -7.89999 18.4 24.4
    endloop
  endfacet
  facet normal 0 -1 -0
    outer loop
      vertex 7.89999 18.4 24.4
      vertex -7.89999 18.4 0
      vertex 7.89999 18.4 0
    endloop
  endfacet
  facet normal 0.0324783 -0.999472 0
    outer loop
      vertex 7.89999 18.4 0
      vertex 8.00462 18.4034 24.4
      vertex 7.89999 18.4 24.4
    endloop
  endfacet
  facet normal 0.0324783 -0.999472 0
    outer loop
      vertex 8.00462 18.4034 24.4
      vertex 7.89999 18.4 0
      vertex 8.00462 18.4034 0
    endloop
  endfacet
  facet normal 0.0654039 0.997859 -0
    outer loop
      vertex -7.9364 20.0024 0
      vertex -8.81367 20.0599 24.4
      vertex -7.9364 20.0024 24.4
    endloop
  endfacet
  facet normal 0.0654039 0.997859 0
    outer loop
      vertex -8.81367 20.0599 24.4
      vertex -7.9364 20.0024 0
      vertex -8.81367 20.0599 0
    endloop
  endfacet
  facet normal 0.195053 0.980793 -0
    outer loop
      vertex -8.81367 20.0599 0
      vertex -9.71173 20.2385 24.4
      vertex -8.81367 20.0599 24.4
    endloop
  endfacet
  facet normal 0.195053 0.980793 0
    outer loop
      vertex -9.71173 20.2385 24.4
      vertex -8.81367 20.0599 0
      vertex -9.71173 20.2385 0
    endloop
  endfacet
  facet normal 0.321409 0.94694 -0
    outer loop
      vertex -9.71173 20.2385 0
      vertex -10.5788 20.5328 24.4
      vertex -9.71173 20.2385 24.4
    endloop
  endfacet
  facet normal 0.321409 0.94694 0
    outer loop
      vertex -10.5788 20.5328 24.4
      vertex -9.71173 20.2385 0
      vertex -10.5788 20.5328 0
    endloop
  endfacet
  facet normal 0.442386 0.896825 -0
    outer loop
      vertex -10.5788 20.5328 0
      vertex -11.1517 20.8154 24.4
      vertex -10.5788 20.5328 24.4
    endloop
  endfacet
  facet normal 0.442386 0.896825 0
    outer loop
      vertex -11.1517 20.8154 24.4
      vertex -10.5788 20.5328 0
      vertex -11.1517 20.8154 0
    endloop
  endfacet
  facet normal 0.659298 0.751882 -0
    outer loop
      vertex -12.4339 21.6856 0
      vertex -12.8497 22.0502 24.4
      vertex -12.4339 21.6856 24.4
    endloop
  endfacet
  facet normal 0.659298 0.751882 0
    outer loop
      vertex -12.8497 22.0502 24.4
      vertex -12.4339 21.6856 0
      vertex -12.8497 22.0502 0
    endloop
  endfacet
  facet normal 0.751934 0.659238 0
    outer loop
      vertex -12.8497 22.0502 24.4
      vertex -13.0851 22.3187 0
      vertex -13.0851 22.3187 24.4
    endloop
  endfacet
  facet normal 0.751934 0.659238 0
    outer loop
      vertex -13.0851 22.3187 0
      vertex -12.8497 22.0502 24.4
      vertex -12.8497 22.0502 0
    endloop
  endfacet
  facet normal -0.751934 0.659238 0
    outer loop
      vertex 12.8497 22.0502 0
      vertex 13.0851 22.3187 24.4
      vertex 13.0851 22.3187 0
    endloop
  endfacet
  facet normal -0.751934 0.659238 0
    outer loop
      vertex 13.0851 22.3187 24.4
      vertex 12.8497 22.0502 0
      vertex 12.8497 22.0502 24.4
    endloop
  endfacet
  facet normal -0.659298 0.751882 0
    outer loop
      vertex 12.8497 22.0502 0
      vertex 12.4339 21.6856 24.4
      vertex 12.8497 22.0502 24.4
    endloop
  endfacet
  facet normal -0.659298 0.751882 0
    outer loop
      vertex 12.4339 21.6856 24.4
      vertex 12.8497 22.0502 0
      vertex 12.4339 21.6856 0
    endloop
  endfacet
  facet normal -0.442386 0.896825 0
    outer loop
      vertex 11.1517 20.8154 0
      vertex 10.5788 20.5328 24.4
      vertex 11.1517 20.8154 24.4
    endloop
  endfacet
  facet normal -0.442386 0.896825 0
    outer loop
      vertex 10.5788 20.5328 24.4
      vertex 11.1517 20.8154 0
      vertex 10.5788 20.5328 0
    endloop
  endfacet
  facet normal -0.321409 0.94694 0
    outer loop
      vertex 10.5788 20.5328 0
      vertex 9.71173 20.2385 24.4
      vertex 10.5788 20.5328 24.4
    endloop
  endfacet
  facet normal -0.321409 0.94694 0
    outer loop
      vertex 9.71173 20.2385 24.4
      vertex 10.5788 20.5328 0
      vertex 9.71173 20.2385 0
    endloop
  endfacet
  facet normal -0.195053 0.980793 0
    outer loop
      vertex 9.71173 20.2385 0
      vertex 8.81367 20.0599 24.4
      vertex 9.71173 20.2385 24.4
    endloop
  endfacet
  facet normal -0.195053 0.980793 0
    outer loop
      vertex 8.81367 20.0599 24.4
      vertex 9.71173 20.2385 0
      vertex 8.81367 20.0599 0
    endloop
  endfacet
  facet normal -0.0654039 0.997859 0
    outer loop
      vertex 8.81367 20.0599 0
      vertex 7.9364 20.0024 24.4
      vertex 8.81367 20.0599 24.4
    endloop
  endfacet
  facet normal -0.0654039 0.997859 0
    outer loop
      vertex 7.9364 20.0024 24.4
      vertex 8.81367 20.0599 0
      vertex 7.9364 20.0024 0
    endloop
  endfacet
  facet normal 0 1 -0
    outer loop
      vertex 7.9 20 0
      vertex -7.9 20 24.4
      vertex 7.9 20 24.4
    endloop
  endfacet
  facet normal 0 1 0
    outer loop
      vertex -7.9 20 24.4
      vertex 7.9 20 0
      vertex -7.9 20 0
    endloop
  endfacet
  facet normal -0.997854 -0.0654821 0
    outer loop
      vertex 42.3381 23.116 0
      vertex 42.3184 23.4162 4
      vertex 42.3184 23.4162 0
    endloop
  endfacet
  facet normal -0.997854 -0.0654821 0
    outer loop
      vertex 42.3184 23.4162 4
      vertex 42.3381 23.116 0
      vertex 42.3381 23.116 4
    endloop
  endfacet
  facet normal 0.997854 0.0654821 0
    outer loop
      vertex 37.7578 22.8158 4
      vertex 37.7381 23.116 0
      vertex 37.7381 23.116 4
    endloop
  endfacet
  facet normal 0.997854 0.0654821 0
    outer loop
      vertex 37.7381 23.116 0
      vertex 37.7578 22.8158 4
      vertex 37.7578 22.8158 0
    endloop
  endfacet
  facet normal 0.0654821 -0.997854 0
    outer loop
      vertex 39.7379 25.3963 0
      vertex 40.0381 25.416 4
      vertex 39.7379 25.3963 4
    endloop
  endfacet
  facet normal 0.0654821 -0.997854 0
    outer loop
      vertex 40.0381 25.416 4
      vertex 39.7379 25.3963 0
      vertex 40.0381 25.416 0
    endloop
  endfacet
  facet normal -0.0654821 0.997854 0
    outer loop
      vertex 40.3383 20.8357 0
      vertex 40.0381 20.816 4
      vertex 40.3383 20.8357 4
    endloop
  endfacet
  facet normal -0.0654821 0.997854 0
    outer loop
      vertex 40.0381 20.816 4
      vertex 40.3383 20.8357 0
      vertex 40.0381 20.816 0
    endloop
  endfacet
  facet normal -0.65921 -0.751959 0
    outer loop
      vertex 41.4382 24.9407 0
      vertex 41.6644 24.7424 4
      vertex 41.4382 24.9407 4
    endloop
  endfacet
  facet normal -0.65921 -0.751959 -0
    outer loop
      vertex 41.6644 24.7424 4
      vertex 41.4382 24.9407 0
      vertex 41.6644 24.7424 0
    endloop
  endfacet
  facet normal 0.751794 -0.659398 0
    outer loop
      vertex 38.2134 24.5162 4
      vertex 38.4118 24.7424 0
      vertex 38.4118 24.7424 4
    endloop
  endfacet
  facet normal 0.751794 -0.659398 0
    outer loop
      vertex 38.4118 24.7424 0
      vertex 38.2134 24.5162 4
      vertex 38.2134 24.5162 0
    endloop
  endfacet
  facet normal 0.442153 -0.89694 0
    outer loop
      vertex 38.8881 25.1079 0
      vertex 39.1579 25.2409 4
      vertex 38.8881 25.1079 4
    endloop
  endfacet
  facet normal 0.442153 -0.89694 0
    outer loop
      vertex 39.1579 25.2409 4
      vertex 38.8881 25.1079 0
      vertex 39.1579 25.2409 0
    endloop
  endfacet
  facet normal -0.89694 -0.442153 0
    outer loop
      vertex 42.163 23.9962 0
      vertex 42.03 24.266 4
      vertex 42.03 24.266 0
    endloop
  endfacet
  facet normal -0.89694 -0.442153 0
    outer loop
      vertex 42.03 24.266 4
      vertex 42.163 23.9962 0
      vertex 42.163 23.9962 4
    endloop
  endfacet
  facet normal -0.831436 -0.55562 0
    outer loop
      vertex 42.03 24.266 0
      vertex 41.8628 24.5162 4
      vertex 41.8628 24.5162 0
    endloop
  endfacet
  facet normal -0.831436 -0.55562 0
    outer loop
      vertex 41.8628 24.5162 4
      vertex 42.03 24.266 0
      vertex 42.03 24.266 4
    endloop
  endfacet
  facet normal -0.321408 -0.946941 0
    outer loop
      vertex 40.6334 25.3376 0
      vertex 40.9183 25.2409 4
      vertex 40.6334 25.3376 4
    endloop
  endfacet
  facet normal -0.321408 -0.946941 -0
    outer loop
      vertex 40.9183 25.2409 4
      vertex 40.6334 25.3376 0
      vertex 40.9183 25.2409 0
    endloop
  endfacet
  facet normal -0.195093 -0.980785 0
    outer loop
      vertex 40.3383 25.3963 0
      vertex 40.6334 25.3376 4
      vertex 40.3383 25.3963 4
    endloop
  endfacet
  facet normal -0.195093 -0.980785 -0
    outer loop
      vertex 40.6334 25.3376 4
      vertex 40.3383 25.3963 0
      vertex 40.6334 25.3376 0
    endloop
  endfacet
  facet normal -0.555774 -0.831334 0
    outer loop
      vertex 41.1881 25.1079 0
      vertex 41.4382 24.9407 4
      vertex 41.1881 25.1079 4
    endloop
  endfacet
  facet normal -0.555774 -0.831334 -0
    outer loop
      vertex 41.4382 24.9407 4
      vertex 41.1881 25.1079 0
      vertex 41.4382 24.9407 0
    endloop
  endfacet
  facet normal 0.946941 -0.321408 0
    outer loop
      vertex 37.8165 23.7113 4
      vertex 37.9132 23.9962 0
      vertex 37.9132 23.9962 4
    endloop
  endfacet
  facet normal 0.946941 -0.321408 0
    outer loop
      vertex 37.9132 23.9962 0
      vertex 37.8165 23.7113 4
      vertex 37.8165 23.7113 0
    endloop
  endfacet
  facet normal 0.980785 -0.195093 0
    outer loop
      vertex 37.7578 23.4162 4
      vertex 37.8165 23.7113 0
      vertex 37.8165 23.7113 4
    endloop
  endfacet
  facet normal 0.980785 -0.195093 0
    outer loop
      vertex 37.8165 23.7113 0
      vertex 37.7578 23.4162 4
      vertex 37.7578 23.4162 0
    endloop
  endfacet
  facet normal 0.55562 -0.831436 0
    outer loop
      vertex 38.6379 24.9407 0
      vertex 38.8881 25.1079 4
      vertex 38.6379 24.9407 4
    endloop
  endfacet
  facet normal 0.55562 -0.831436 0
    outer loop
      vertex 38.8881 25.1079 4
      vertex 38.6379 24.9407 0
      vertex 38.8881 25.1079 0
    endloop
  endfacet
  facet normal 0.321408 -0.946941 0
    outer loop
      vertex 39.1579 25.2409 0
      vertex 39.4428 25.3376 4
      vertex 39.1579 25.2409 4
    endloop
  endfacet
  facet normal 0.321408 -0.946941 0
    outer loop
      vertex 39.4428 25.3376 4
      vertex 39.1579 25.2409 0
      vertex 39.4428 25.3376 0
    endloop
  endfacet
  facet normal -0.195093 0.980785 0
    outer loop
      vertex 40.6334 20.8944 0
      vertex 40.3383 20.8357 4
      vertex 40.6334 20.8944 4
    endloop
  endfacet
  facet normal -0.195093 0.980785 0
    outer loop
      vertex 40.3383 20.8357 4
      vertex 40.6334 20.8944 0
      vertex 40.3383 20.8357 0
    endloop
  endfacet
  facet normal -0.442153 0.89694 0
    outer loop
      vertex 41.1881 21.1241 0
      vertex 40.9183 20.9911 4
      vertex 41.1881 21.1241 4
    endloop
  endfacet
  facet normal -0.442153 0.89694 0
    outer loop
      vertex 40.9183 20.9911 4
      vertex 41.1881 21.1241 0
      vertex 40.9183 20.9911 0
    endloop
  endfacet
  facet normal -0.946941 -0.321408 0
    outer loop
      vertex 42.2597 23.7113 0
      vertex 42.163 23.9962 4
      vertex 42.163 23.9962 0
    endloop
  endfacet
  facet normal -0.946941 -0.321408 0
    outer loop
      vertex 42.163 23.9962 4
      vertex 42.2597 23.7113 0
      vertex 42.2597 23.7113 4
    endloop
  endfacet
  facet normal -0.980785 -0.195093 0
    outer loop
      vertex 42.3184 23.4162 0
      vertex 42.2597 23.7113 4
      vertex 42.2597 23.7113 0
    endloop
  endfacet
  facet normal -0.980785 -0.195093 0
    outer loop
      vertex 42.2597 23.7113 4
      vertex 42.3184 23.4162 0
      vertex 42.3184 23.4162 4
    endloop
  endfacet
  facet normal -0.751794 -0.659398 0
    outer loop
      vertex 41.8628 24.5162 0
      vertex 41.6644 24.7424 4
      vertex 41.6644 24.7424 0
    endloop
  endfacet
  facet normal -0.751794 -0.659398 0
    outer loop
      vertex 41.6644 24.7424 4
      vertex 41.8628 24.5162 0
      vertex 41.8628 24.5162 4
    endloop
  endfacet
  facet normal -0.0654821 -0.997854 0
    outer loop
      vertex 40.0381 25.416 0
      vertex 40.3383 25.3963 4
      vertex 40.0381 25.416 4
    endloop
  endfacet
  facet normal -0.0654821 -0.997854 -0
    outer loop
      vertex 40.3383 25.3963 4
      vertex 40.0381 25.416 0
      vertex 40.3383 25.3963 0
    endloop
  endfacet
  facet normal -0.442153 -0.89694 0
    outer loop
      vertex 40.9183 25.2409 0
      vertex 41.1881 25.1079 4
      vertex 40.9183 25.2409 4
    endloop
  endfacet
  facet normal -0.442153 -0.89694 -0
    outer loop
      vertex 41.1881 25.1079 4
      vertex 40.9183 25.2409 0
      vertex 41.1881 25.1079 0
    endloop
  endfacet
  facet normal 0.89694 -0.442153 0
    outer loop
      vertex 37.9132 23.9962 4
      vertex 38.0462 24.266 0
      vertex 38.0462 24.266 4
    endloop
  endfacet
  facet normal 0.89694 -0.442153 0
    outer loop
      vertex 38.0462 24.266 0
      vertex 37.9132 23.9962 4
      vertex 37.9132 23.9962 0
    endloop
  endfacet
  facet normal 0.831436 -0.55562 0
    outer loop
      vertex 38.0462 24.266 4
      vertex 38.2134 24.5162 0
      vertex 38.2134 24.5162 4
    endloop
  endfacet
  facet normal 0.831436 -0.55562 0
    outer loop
      vertex 38.2134 24.5162 0
      vertex 38.0462 24.266 4
      vertex 38.0462 24.266 0
    endloop
  endfacet
  facet normal 0.997854 -0.0654821 0
    outer loop
      vertex 37.7381 23.116 4
      vertex 37.7578 23.4162 0
      vertex 37.7578 23.4162 4
    endloop
  endfacet
  facet normal 0.997854 -0.0654821 0
    outer loop
      vertex 37.7578 23.4162 0
      vertex 37.7381 23.116 4
      vertex 37.7381 23.116 0
    endloop
  endfacet
  facet normal 0.659375 -0.751814 0
    outer loop
      vertex 38.4118 24.7424 0
      vertex 38.6379 24.9407 4
      vertex 38.4118 24.7424 4
    endloop
  endfacet
  facet normal 0.659375 -0.751814 0
    outer loop
      vertex 38.6379 24.9407 4
      vertex 38.4118 24.7424 0
      vertex 38.6379 24.9407 0
    endloop
  endfacet
  facet normal 0.195093 -0.980785 0
    outer loop
      vertex 39.4428 25.3376 0
      vertex 39.7379 25.3963 4
      vertex 39.4428 25.3376 4
    endloop
  endfacet
  facet normal 0.195093 -0.980785 0
    outer loop
      vertex 39.7379 25.3963 4
      vertex 39.4428 25.3376 0
      vertex 39.7379 25.3963 0
    endloop
  endfacet
  facet normal -0.555774 0.831334 0
    outer loop
      vertex 41.4382 21.2913 0
      vertex 41.1881 21.1241 4
      vertex 41.4382 21.2913 4
    endloop
  endfacet
  facet normal -0.555774 0.831334 0
    outer loop
      vertex 41.1881 21.1241 4
      vertex 41.4382 21.2913 0
      vertex 41.1881 21.1241 0
    endloop
  endfacet
  facet normal -0.751794 0.659398 0
    outer loop
      vertex 41.6644 21.4897 0
      vertex 41.8628 21.7159 4
      vertex 41.8628 21.7159 0
    endloop
  endfacet
  facet normal -0.751794 0.659398 0
    outer loop
      vertex 41.8628 21.7159 4
      vertex 41.6644 21.4897 0
      vertex 41.6644 21.4897 4
    endloop
  endfacet
  facet normal -0.946941 0.321408 0
    outer loop
      vertex 42.163 22.2358 0
      vertex 42.2597 22.5207 4
      vertex 42.2597 22.5207 0
    endloop
  endfacet
  facet normal -0.946941 0.321408 0
    outer loop
      vertex 42.2597 22.5207 4
      vertex 42.163 22.2358 0
      vertex 42.163 22.2358 4
    endloop
  endfacet
  facet normal -0.980785 0.195093 0
    outer loop
      vertex 42.2597 22.5207 0
      vertex 42.3184 22.8158 4
      vertex 42.3184 22.8158 0
    endloop
  endfacet
  facet normal -0.980785 0.195093 0
    outer loop
      vertex 42.3184 22.8158 4
      vertex 42.2597 22.5207 0
      vertex 42.2597 22.5207 4
    endloop
  endfacet
  facet normal 0.55562 0.831436 -0
    outer loop
      vertex 38.8881 21.1241 0
      vertex 38.6379 21.2913 4
      vertex 38.8881 21.1241 4
    endloop
  endfacet
  facet normal 0.55562 0.831436 0
    outer loop
      vertex 38.6379 21.2913 4
      vertex 38.8881 21.1241 0
      vertex 38.6379 21.2913 0
    endloop
  endfacet
  facet normal 0.831334 0.555774 0
    outer loop
      vertex 38.2134 21.7159 4
      vertex 38.0462 21.966 0
      vertex 38.0462 21.966 4
    endloop
  endfacet
  facet normal 0.831334 0.555774 0
    outer loop
      vertex 38.0462 21.966 0
      vertex 38.2134 21.7159 4
      vertex 38.2134 21.7159 0
    endloop
  endfacet
  facet normal 0.659563 0.751649 -0
    outer loop
      vertex 38.6379 21.2913 0
      vertex 38.4118 21.4897 4
      vertex 38.6379 21.2913 4
    endloop
  endfacet
  facet normal 0.659563 0.751649 0
    outer loop
      vertex 38.4118 21.4897 4
      vertex 38.6379 21.2913 0
      vertex 38.4118 21.4897 0
    endloop
  endfacet
  facet normal -0.831334 0.555774 0
    outer loop
      vertex 41.8628 21.7159 0
      vertex 42.03 21.966 4
      vertex 42.03 21.966 0
    endloop
  endfacet
  facet normal -0.831334 0.555774 0
    outer loop
      vertex 42.03 21.966 4
      vertex 41.8628 21.7159 0
      vertex 41.8628 21.7159 4
    endloop
  endfacet
  facet normal -0.997854 0.0654821 0
    outer loop
      vertex 42.3184 22.8158 0
      vertex 42.3381 23.116 4
      vertex 42.3381 23.116 0
    endloop
  endfacet
  facet normal -0.997854 0.0654821 0
    outer loop
      vertex 42.3381 23.116 4
      vertex 42.3184 22.8158 0
      vertex 42.3184 22.8158 4
    endloop
  endfacet
  facet normal 0.195093 0.980785 -0
    outer loop
      vertex 39.7379 20.8357 0
      vertex 39.4428 20.8944 4
      vertex 39.7379 20.8357 4
    endloop
  endfacet
  facet normal 0.195093 0.980785 0
    outer loop
      vertex 39.4428 20.8944 4
      vertex 39.7379 20.8357 0
      vertex 39.4428 20.8944 0
    endloop
  endfacet
  facet normal 0.946941 0.321408 0
    outer loop
      vertex 37.9132 22.2358 4
      vertex 37.8165 22.5207 0
      vertex 37.8165 22.5207 4
    endloop
  endfacet
  facet normal 0.946941 0.321408 0
    outer loop
      vertex 37.8165 22.5207 0
      vertex 37.9132 22.2358 4
      vertex 37.9132 22.2358 0
    endloop
  endfacet
  facet normal 0.980785 0.195093 0
    outer loop
      vertex 37.8165 22.5207 4
      vertex 37.7578 22.8158 0
      vertex 37.7578 22.8158 4
    endloop
  endfacet
  facet normal 0.980785 0.195093 0
    outer loop
      vertex 37.7578 22.8158 0
      vertex 37.8165 22.5207 4
      vertex 37.8165 22.5207 0
    endloop
  endfacet
  facet normal 0.89694 0.442153 0
    outer loop
      vertex 38.0462 21.966 4
      vertex 37.9132 22.2358 0
      vertex 37.9132 22.2358 4
    endloop
  endfacet
  facet normal 0.89694 0.442153 0
    outer loop
      vertex 37.9132 22.2358 0
      vertex 38.0462 21.966 4
      vertex 38.0462 21.966 0
    endloop
  endfacet
  facet normal -0.321408 0.946941 0
    outer loop
      vertex 40.9183 20.9911 0
      vertex 40.6334 20.8944 4
      vertex 40.9183 20.9911 4
    endloop
  endfacet
  facet normal -0.321408 0.946941 0
    outer loop
      vertex 40.6334 20.8944 4
      vertex 40.9183 20.9911 0
      vertex 40.6334 20.8944 0
    endloop
  endfacet
  facet normal -0.89694 0.442153 0
    outer loop
      vertex 42.03 21.966 0
      vertex 42.163 22.2358 4
      vertex 42.163 22.2358 0
    endloop
  endfacet
  facet normal -0.89694 0.442153 0
    outer loop
      vertex 42.163 22.2358 4
      vertex 42.03 21.966 0
      vertex 42.03 21.966 4
    endloop
  endfacet
  facet normal -0.659398 0.751794 0
    outer loop
      vertex 41.6644 21.4897 0
      vertex 41.4382 21.2913 4
      vertex 41.6644 21.4897 4
    endloop
  endfacet
  facet normal -0.659398 0.751794 0
    outer loop
      vertex 41.4382 21.2913 4
      vertex 41.6644 21.4897 0
      vertex 41.4382 21.2913 0
    endloop
  endfacet
  facet normal 0.0654821 0.997854 -0
    outer loop
      vertex 40.0381 20.816 0
      vertex 39.7379 20.8357 4
      vertex 40.0381 20.816 4
    endloop
  endfacet
  facet normal 0.0654821 0.997854 0
    outer loop
      vertex 39.7379 20.8357 4
      vertex 40.0381 20.816 0
      vertex 39.7379 20.8357 0
    endloop
  endfacet
  facet normal 0.442153 0.89694 -0
    outer loop
      vertex 39.1579 20.9911 0
      vertex 38.8881 21.1241 4
      vertex 39.1579 20.9911 4
    endloop
  endfacet
  facet normal 0.442153 0.89694 0
    outer loop
      vertex 38.8881 21.1241 4
      vertex 39.1579 20.9911 0
      vertex 38.8881 21.1241 0
    endloop
  endfacet
  facet normal 0.751794 0.659398 0
    outer loop
      vertex 38.4118 21.4897 4
      vertex 38.2134 21.7159 0
      vertex 38.2134 21.7159 4
    endloop
  endfacet
  facet normal 0.751794 0.659398 0
    outer loop
      vertex 38.2134 21.7159 0
      vertex 38.4118 21.4897 4
      vertex 38.4118 21.4897 0
    endloop
  endfacet
  facet normal 0.321408 0.946941 -0
    outer loop
      vertex 39.4428 20.8944 0
      vertex 39.1579 20.9911 4
      vertex 39.4428 20.8944 4
    endloop
  endfacet
  facet normal 0.321408 0.946941 0
    outer loop
      vertex 39.1579 20.9911 4
      vertex 39.4428 20.8944 0
      vertex 39.1579 20.9911 0
    endloop
  endfacet
  facet normal -0.831334 -0.555774 0
    outer loop
      vertex -38.0462 -21.966 0
      vertex -38.2134 -21.7159 4
      vertex -38.2134 -21.7159 0
    endloop
  endfacet
  facet normal -0.831334 -0.555774 0
    outer loop
      vertex -38.2134 -21.7159 4
      vertex -38.0462 -21.966 0
      vertex -38.0462 -21.966 4
    endloop
  endfacet
  facet normal -0.195093 -0.980785 0
    outer loop
      vertex -39.7379 -20.8357 0
      vertex -39.4428 -20.8944 4
      vertex -39.7379 -20.8357 4
    endloop
  endfacet
  facet normal -0.195093 -0.980785 -0
    outer loop
      vertex -39.4428 -20.8944 4
      vertex -39.7379 -20.8357 0
      vertex -39.4428 -20.8944 0
    endloop
  endfacet
  facet normal -0.321408 -0.946941 0
    outer loop
      vertex -39.4428 -20.8944 0
      vertex -39.1579 -20.9911 4
      vertex -39.4428 -20.8944 4
    endloop
  endfacet
  facet normal -0.321408 -0.946941 -0
    outer loop
      vertex -39.1579 -20.9911 4
      vertex -39.4428 -20.8944 0
      vertex -39.1579 -20.9911 0
    endloop
  endfacet
  facet normal 0.321408 -0.946941 0
    outer loop
      vertex -40.9183 -20.9911 0
      vertex -40.6334 -20.8944 4
      vertex -40.9183 -20.9911 4
    endloop
  endfacet
  facet normal 0.321408 -0.946941 0
    outer loop
      vertex -40.6334 -20.8944 4
      vertex -40.9183 -20.9911 0
      vertex -40.6334 -20.8944 0
    endloop
  endfacet
  facet normal 0.89694 -0.442153 0
    outer loop
      vertex -42.163 -22.2358 4
      vertex -42.03 -21.966 0
      vertex -42.03 -21.966 4
    endloop
  endfacet
  facet normal 0.89694 -0.442153 0
    outer loop
      vertex -42.03 -21.966 0
      vertex -42.163 -22.2358 4
      vertex -42.163 -22.2358 0
    endloop
  endfacet
  facet normal -0.980785 0.195093 0
    outer loop
      vertex -37.8165 -23.7113 0
      vertex -37.7578 -23.4162 4
      vertex -37.7578 -23.4162 0
    endloop
  endfacet
  facet normal -0.980785 0.195093 0
    outer loop
      vertex -37.7578 -23.4162 4
      vertex -37.8165 -23.7113 0
      vertex -37.8165 -23.7113 4
    endloop
  endfacet
  facet normal -0.442153 0.89694 0
    outer loop
      vertex -38.8881 -25.1079 0
      vertex -39.1579 -25.2409 4
      vertex -38.8881 -25.1079 4
    endloop
  endfacet
  facet normal -0.442153 0.89694 0
    outer loop
      vertex -39.1579 -25.2409 4
      vertex -38.8881 -25.1079 0
      vertex -39.1579 -25.2409 0
    endloop
  endfacet
  facet normal -0.659563 -0.751649 0
    outer loop
      vertex -38.6379 -21.2913 0
      vertex -38.4118 -21.4897 4
      vertex -38.6379 -21.2913 4
    endloop
  endfacet
  facet normal -0.659563 -0.751649 -0
    outer loop
      vertex -38.4118 -21.4897 4
      vertex -38.6379 -21.2913 0
      vertex -38.4118 -21.4897 0
    endloop
  endfacet
  facet normal -0.0654821 -0.997854 0
    outer loop
      vertex -40.0381 -20.816 0
      vertex -39.7379 -20.8357 4
      vertex -40.0381 -20.816 4
    endloop
  endfacet
  facet normal -0.0654821 -0.997854 -0
    outer loop
      vertex -39.7379 -20.8357 4
      vertex -40.0381 -20.816 0
      vertex -39.7379 -20.8357 0
    endloop
  endfacet
  facet normal -0.55562 -0.831436 0
    outer loop
      vertex -38.8881 -21.1241 0
      vertex -38.6379 -21.2913 4
      vertex -38.8881 -21.1241 4
    endloop
  endfacet
  facet normal -0.55562 -0.831436 -0
    outer loop
      vertex -38.6379 -21.2913 4
      vertex -38.8881 -21.1241 0
      vertex -38.6379 -21.2913 0
    endloop
  endfacet
  facet normal 0.997854 -0.0654821 0
    outer loop
      vertex -42.3381 -23.116 4
      vertex -42.3184 -22.8158 0
      vertex -42.3184 -22.8158 4
    endloop
  endfacet
  facet normal 0.997854 -0.0654821 0
    outer loop
      vertex -42.3184 -22.8158 0
      vertex -42.3381 -23.116 4
      vertex -42.3381 -23.116 0
    endloop
  endfacet
  facet normal 0.980785 -0.195093 0
    outer loop
      vertex -42.3184 -22.8158 4
      vertex -42.2597 -22.5207 0
      vertex -42.2597 -22.5207 4
    endloop
  endfacet
  facet normal 0.980785 -0.195093 0
    outer loop
      vertex -42.2597 -22.5207 0
      vertex -42.3184 -22.8158 4
      vertex -42.3184 -22.8158 0
    endloop
  endfacet
  facet normal 0.751794 -0.659398 0
    outer loop
      vertex -41.8628 -21.7159 4
      vertex -41.6644 -21.4897 0
      vertex -41.6644 -21.4897 4
    endloop
  endfacet
  facet normal 0.751794 -0.659398 0
    outer loop
      vertex -41.6644 -21.4897 0
      vertex -41.8628 -21.7159 4
      vertex -41.8628 -21.7159 0
    endloop
  endfacet
  facet normal 0.442153 -0.89694 0
    outer loop
      vertex -41.1881 -21.1241 0
      vertex -40.9183 -20.9911 4
      vertex -41.1881 -21.1241 4
    endloop
  endfacet
  facet normal 0.442153 -0.89694 0
    outer loop
      vertex -40.9183 -20.9911 4
      vertex -41.1881 -21.1241 0
      vertex -40.9183 -20.9911 0
    endloop
  endfacet
  facet normal 0.555774 -0.831334 0
    outer loop
      vertex -41.4382 -21.2913 0
      vertex -41.1881 -21.1241 4
      vertex -41.4382 -21.2913 4
    endloop
  endfacet
  facet normal 0.555774 -0.831334 0
    outer loop
      vertex -41.1881 -21.1241 4
      vertex -41.4382 -21.2913 0
      vertex -41.1881 -21.1241 0
    endloop
  endfacet
  facet normal -0.946941 0.321408 0
    outer loop
      vertex -37.9132 -23.9962 0
      vertex -37.8165 -23.7113 4
      vertex -37.8165 -23.7113 0
    endloop
  endfacet
  facet normal -0.946941 0.321408 0
    outer loop
      vertex -37.8165 -23.7113 4
      vertex -37.9132 -23.9962 0
      vertex -37.9132 -23.9962 4
    endloop
  endfacet
  facet normal 0.0654821 0.997854 -0
    outer loop
      vertex -40.0381 -25.416 0
      vertex -40.3383 -25.3963 4
      vertex -40.0381 -25.416 4
    endloop
  endfacet
  facet normal 0.0654821 0.997854 0
    outer loop
      vertex -40.3383 -25.3963 4
      vertex -40.0381 -25.416 0
      vertex -40.3383 -25.3963 0
    endloop
  endfacet
  facet normal -0.321408 0.946941 0
    outer loop
      vertex -39.1579 -25.2409 0
      vertex -39.4428 -25.3376 4
      vertex -39.1579 -25.2409 4
    endloop
  endfacet
  facet normal -0.321408 0.946941 0
    outer loop
      vertex -39.4428 -25.3376 4
      vertex -39.1579 -25.2409 0
      vertex -39.4428 -25.3376 0
    endloop
  endfacet
  facet normal -0.55562 0.831436 0
    outer loop
      vertex -38.6379 -24.9407 0
      vertex -38.8881 -25.1079 4
      vertex -38.6379 -24.9407 4
    endloop
  endfacet
  facet normal -0.55562 0.831436 0
    outer loop
      vertex -38.8881 -25.1079 4
      vertex -38.6379 -24.9407 0
      vertex -38.8881 -25.1079 0
    endloop
  endfacet
  facet normal -0.751794 -0.659398 0
    outer loop
      vertex -38.2134 -21.7159 0
      vertex -38.4118 -21.4897 4
      vertex -38.4118 -21.4897 0
    endloop
  endfacet
  facet normal -0.751794 -0.659398 0
    outer loop
      vertex -38.4118 -21.4897 4
      vertex -38.2134 -21.7159 0
      vertex -38.2134 -21.7159 4
    endloop
  endfacet
  facet normal -0.442153 -0.89694 0
    outer loop
      vertex -39.1579 -20.9911 0
      vertex -38.8881 -21.1241 4
      vertex -39.1579 -20.9911 4
    endloop
  endfacet
  facet normal -0.442153 -0.89694 -0
    outer loop
      vertex -38.8881 -21.1241 4
      vertex -39.1579 -20.9911 0
      vertex -38.8881 -21.1241 0
    endloop
  endfacet
  facet normal 0.946941 -0.321408 0
    outer loop
      vertex -42.2597 -22.5207 4
      vertex -42.163 -22.2358 0
      vertex -42.163 -22.2358 4
    endloop
  endfacet
  facet normal 0.946941 -0.321408 0
    outer loop
      vertex -42.163 -22.2358 0
      vertex -42.2597 -22.5207 4
      vertex -42.2597 -22.5207 0
    endloop
  endfacet
  facet normal 0.831334 -0.555774 0
    outer loop
      vertex -42.03 -21.966 4
      vertex -41.8628 -21.7159 0
      vertex -41.8628 -21.7159 4
    endloop
  endfacet
  facet normal 0.831334 -0.555774 0
    outer loop
      vertex -41.8628 -21.7159 0
      vertex -42.03 -21.966 4
      vertex -42.03 -21.966 0
    endloop
  endfacet
  facet normal 0.0654821 -0.997854 0
    outer loop
      vertex -40.3383 -20.8357 0
      vertex -40.0381 -20.816 4
      vertex -40.3383 -20.8357 4
    endloop
  endfacet
  facet normal 0.0654821 -0.997854 0
    outer loop
      vertex -40.0381 -20.816 4
      vertex -40.3383 -20.8357 0
      vertex -40.0381 -20.816 0
    endloop
  endfacet
  facet normal 0.195093 -0.980785 0
    outer loop
      vertex -40.6334 -20.8944 0
      vertex -40.3383 -20.8357 4
      vertex -40.6334 -20.8944 4
    endloop
  endfacet
  facet normal 0.195093 -0.980785 0
    outer loop
      vertex -40.3383 -20.8357 4
      vertex -40.6334 -20.8944 0
      vertex -40.3383 -20.8357 0
    endloop
  endfacet
  facet normal 0.659398 -0.751794 0
    outer loop
      vertex -41.6644 -21.4897 0
      vertex -41.4382 -21.2913 4
      vertex -41.6644 -21.4897 4
    endloop
  endfacet
  facet normal 0.659398 -0.751794 0
    outer loop
      vertex -41.4382 -21.2913 4
      vertex -41.6644 -21.4897 0
      vertex -41.4382 -21.2913 0
    endloop
  endfacet
  facet normal -0.997854 -0.0654821 0
    outer loop
      vertex -37.7381 -23.116 0
      vertex -37.7578 -22.8158 4
      vertex -37.7578 -22.8158 0
    endloop
  endfacet
  facet normal -0.997854 -0.0654821 0
    outer loop
      vertex -37.7578 -22.8158 4
      vertex -37.7381 -23.116 0
      vertex -37.7381 -23.116 4
    endloop
  endfacet
  facet normal 0.195093 0.980785 -0
    outer loop
      vertex -40.3383 -25.3963 0
      vertex -40.6334 -25.3376 4
      vertex -40.3383 -25.3963 4
    endloop
  endfacet
  facet normal 0.195093 0.980785 0
    outer loop
      vertex -40.6334 -25.3376 4
      vertex -40.3383 -25.3963 0
      vertex -40.6334 -25.3376 0
    endloop
  endfacet
  facet normal 0.997854 0.0654821 0
    outer loop
      vertex -42.3184 -23.4162 4
      vertex -42.3381 -23.116 0
      vertex -42.3381 -23.116 4
    endloop
  endfacet
  facet normal 0.997854 0.0654821 0
    outer loop
      vertex -42.3381 -23.116 0
      vertex -42.3184 -23.4162 4
      vertex -42.3184 -23.4162 0
    endloop
  endfacet
  facet normal 0.980785 0.195093 0
    outer loop
      vertex -42.2597 -23.7113 4
      vertex -42.3184 -23.4162 0
      vertex -42.3184 -23.4162 4
    endloop
  endfacet
  facet normal 0.980785 0.195093 0
    outer loop
      vertex -42.3184 -23.4162 0
      vertex -42.2597 -23.7113 4
      vertex -42.2597 -23.7113 0
    endloop
  endfacet
  facet normal -0.195093 0.980785 0
    outer loop
      vertex -39.4428 -25.3376 0
      vertex -39.7379 -25.3963 4
      vertex -39.4428 -25.3376 4
    endloop
  endfacet
  facet normal -0.195093 0.980785 0
    outer loop
      vertex -39.7379 -25.3963 4
      vertex -39.4428 -25.3376 0
      vertex -39.7379 -25.3963 0
    endloop
  endfacet
  facet normal -0.89694 -0.442153 0
    outer loop
      vertex -37.9132 -22.2358 0
      vertex -38.0462 -21.966 4
      vertex -38.0462 -21.966 0
    endloop
  endfacet
  facet normal -0.89694 -0.442153 0
    outer loop
      vertex -38.0462 -21.966 4
      vertex -37.9132 -22.2358 0
      vertex -37.9132 -22.2358 4
    endloop
  endfacet
  facet normal -0.946941 -0.321408 0
    outer loop
      vertex -37.8165 -22.5207 0
      vertex -37.9132 -22.2358 4
      vertex -37.9132 -22.2358 0
    endloop
  endfacet
  facet normal -0.946941 -0.321408 0
    outer loop
      vertex -37.9132 -22.2358 4
      vertex -37.8165 -22.5207 0
      vertex -37.8165 -22.5207 4
    endloop
  endfacet
  facet normal -0.980785 -0.195093 0
    outer loop
      vertex -37.7578 -22.8158 0
      vertex -37.8165 -22.5207 4
      vertex -37.8165 -22.5207 0
    endloop
  endfacet
  facet normal -0.980785 -0.195093 0
    outer loop
      vertex -37.8165 -22.5207 4
      vertex -37.7578 -22.8158 0
      vertex -37.7578 -22.8158 4
    endloop
  endfacet
  facet normal -0.997854 0.0654821 0
    outer loop
      vertex -37.7578 -23.4162 0
      vertex -37.7381 -23.116 4
      vertex -37.7381 -23.116 0
    endloop
  endfacet
  facet normal -0.997854 0.0654821 0
    outer loop
      vertex -37.7381 -23.116 4
      vertex -37.7578 -23.4162 0
      vertex -37.7578 -23.4162 4
    endloop
  endfacet
  facet normal -0.659375 0.751814 0
    outer loop
      vertex -38.4118 -24.7424 0
      vertex -38.6379 -24.9407 4
      vertex -38.4118 -24.7424 4
    endloop
  endfacet
  facet normal -0.659375 0.751814 0
    outer loop
      vertex -38.6379 -24.9407 4
      vertex -38.4118 -24.7424 0
      vertex -38.6379 -24.9407 0
    endloop
  endfacet
  facet normal -0.831436 0.55562 0
    outer loop
      vertex -38.2134 -24.5162 0
      vertex -38.0462 -24.266 4
      vertex -38.0462 -24.266 0
    endloop
  endfacet
  facet normal -0.831436 0.55562 0
    outer loop
      vertex -38.0462 -24.266 4
      vertex -38.2134 -24.5162 0
      vertex -38.2134 -24.5162 4
    endloop
  endfacet
  facet normal 0.321408 0.946941 -0
    outer loop
      vertex -40.6334 -25.3376 0
      vertex -40.9183 -25.2409 4
      vertex -40.6334 -25.3376 4
    endloop
  endfacet
  facet normal 0.321408 0.946941 0
    outer loop
      vertex -40.9183 -25.2409 4
      vertex -40.6334 -25.3376 0
      vertex -40.9183 -25.2409 0
    endloop
  endfacet
  facet normal 0.946941 0.321408 0
    outer loop
      vertex -42.163 -23.9962 4
      vertex -42.2597 -23.7113 0
      vertex -42.2597 -23.7113 4
    endloop
  endfacet
  facet normal 0.946941 0.321408 0
    outer loop
      vertex -42.2597 -23.7113 0
      vertex -42.163 -23.9962 4
      vertex -42.163 -23.9962 0
    endloop
  endfacet
  facet normal 0.751794 0.659398 0
    outer loop
      vertex -41.6644 -24.7424 4
      vertex -41.8628 -24.5162 0
      vertex -41.8628 -24.5162 4
    endloop
  endfacet
  facet normal 0.751794 0.659398 0
    outer loop
      vertex -41.8628 -24.5162 0
      vertex -41.6644 -24.7424 4
      vertex -41.6644 -24.7424 0
    endloop
  endfacet
  facet normal -0.89694 0.442153 0
    outer loop
      vertex -38.0462 -24.266 0
      vertex -37.9132 -23.9962 4
      vertex -37.9132 -23.9962 0
    endloop
  endfacet
  facet normal -0.89694 0.442153 0
    outer loop
      vertex -37.9132 -23.9962 4
      vertex -38.0462 -24.266 0
      vertex -38.0462 -24.266 4
    endloop
  endfacet
  facet normal 0.65921 0.751959 -0
    outer loop
      vertex -41.4382 -24.9407 0
      vertex -41.6644 -24.7424 4
      vertex -41.4382 -24.9407 4
    endloop
  endfacet
  facet normal 0.65921 0.751959 0
    outer loop
      vertex -41.6644 -24.7424 4
      vertex -41.4382 -24.9407 0
      vertex -41.6644 -24.7424 0
    endloop
  endfacet
  facet normal -0.0654821 0.997854 0
    outer loop
      vertex -39.7379 -25.3963 0
      vertex -40.0381 -25.416 4
      vertex -39.7379 -25.3963 4
    endloop
  endfacet
  facet normal -0.0654821 0.997854 0
    outer loop
      vertex -40.0381 -25.416 4
      vertex -39.7379 -25.3963 0
      vertex -40.0381 -25.416 0
    endloop
  endfacet
  facet normal 0.555774 0.831334 -0
    outer loop
      vertex -41.1881 -25.1079 0
      vertex -41.4382 -24.9407 4
      vertex -41.1881 -25.1079 4
    endloop
  endfacet
  facet normal 0.555774 0.831334 0
    outer loop
      vertex -41.4382 -24.9407 4
      vertex -41.1881 -25.1079 0
      vertex -41.4382 -24.9407 0
    endloop
  endfacet
  facet normal 0.442153 0.89694 -0
    outer loop
      vertex -40.9183 -25.2409 0
      vertex -41.1881 -25.1079 4
      vertex -40.9183 -25.2409 4
    endloop
  endfacet
  facet normal 0.442153 0.89694 0
    outer loop
      vertex -41.1881 -25.1079 4
      vertex -40.9183 -25.2409 0
      vertex -41.1881 -25.1079 0
    endloop
  endfacet
  facet normal 0.831436 0.55562 0
    outer loop
      vertex -41.8628 -24.5162 4
      vertex -42.03 -24.266 0
      vertex -42.03 -24.266 4
    endloop
  endfacet
  facet normal 0.831436 0.55562 0
    outer loop
      vertex -42.03 -24.266 0
      vertex -41.8628 -24.5162 4
      vertex -41.8628 -24.5162 0
    endloop
  endfacet
  facet normal 0.89694 0.442153 0
    outer loop
      vertex -42.03 -24.266 4
      vertex -42.163 -23.9962 0
      vertex -42.163 -23.9962 4
    endloop
  endfacet
  facet normal 0.89694 0.442153 0
    outer loop
      vertex -42.163 -23.9962 0
      vertex -42.03 -24.266 4
      vertex -42.03 -24.266 0
    endloop
  endfacet
  facet normal -0.751794 0.659398 0
    outer loop
      vertex -38.4118 -24.7424 0
      vertex -38.2134 -24.5162 4
      vertex -38.2134 -24.5162 0
    endloop
  endfacet
  facet normal -0.751794 0.659398 0
    outer loop
      vertex -38.2134 -24.5162 4
      vertex -38.4118 -24.7424 0
      vertex -38.4118 -24.7424 4
    endloop
  endfacet
  facet normal -0.0657912 0.997833 0
    outer loop
      vertex 7.9364 20.0024 0
      vertex 7.9 20 24.4
      vertex 7.9364 20.0024 24.4
    endloop
  endfacet
  facet normal -0.0657912 0.997833 0
    outer loop
      vertex 7.9 20 24.4
      vertex 7.9364 20.0024 0
      vertex 7.9 20 0
    endloop
  endfacet
  facet normal 0.98079 -0.195066 0
    outer loop
      vertex -14.8401 27.9137 24.4
      vertex -14.6615 28.8117 0
      vertex -14.6615 28.8117 24.4
    endloop
  endfacet
  facet normal 0.98079 -0.195066 0
    outer loop
      vertex -14.6615 28.8117 0
      vertex -14.8401 27.9137 24.4
      vertex -14.8401 27.9137 0
    endloop
  endfacet
  facet normal -0.555582 -0.831462 0
    outer loop
      vertex 11.4 33.0622 0
      vertex 12.1613 32.5535 24.4
      vertex 11.4 33.0622 24.4
    endloop
  endfacet
  facet normal -0.555582 -0.831462 -0
    outer loop
      vertex 12.1613 32.5535 24.4
      vertex 11.4 33.0622 0
      vertex 12.1613 32.5535 0
    endloop
  endfacet
  facet normal 0.997858 -0.0654172 0
    outer loop
      vertex -14.9 27 24.4
      vertex -14.8401 27.9137 0
      vertex -14.8401 27.9137 24.4
    endloop
  endfacet
  facet normal 0.997858 -0.0654172 0
    outer loop
      vertex -14.8401 27.9137 0
      vertex -14.9 27 24.4
      vertex -14.9 27 0
    endloop
  endfacet
  facet normal 0.0657912 0.997833 -0
    outer loop
      vertex -7.9 20 0
      vertex -7.9364 20.0024 24.4
      vertex -7.9 20 24.4
    endloop
  endfacet
  facet normal 0.0657912 0.997833 0
    outer loop
      vertex -7.9364 20.0024 24.4
      vertex -7.9 20 0
      vertex -7.9364 20.0024 0
    endloop
  endfacet
  facet normal -0.89686 -0.442314 0
    outer loop
      vertex 14.3672 29.6788 0
      vertex 13.9622 30.5 24.4
      vertex 13.9622 30.5 0
    endloop
  endfacet
  facet normal -0.89686 -0.442314 0
    outer loop
      vertex 13.9622 30.5 24.4
      vertex 14.3672 29.6788 0
      vertex 14.3672 29.6788 24.4
    endloop
  endfacet
  facet normal 0.555582 -0.831462 0
    outer loop
      vertex -12.1613 32.5535 0
      vertex -11.4 33.0622 24.4
      vertex -12.1613 32.5535 24.4
    endloop
  endfacet
  facet normal 0.555582 -0.831462 0
    outer loop
      vertex -11.4 33.0622 24.4
      vertex -12.1613 32.5535 0
      vertex -11.4 33.0622 0
    endloop
  endfacet
  facet normal 0.442314 -0.89686 0
    outer loop
      vertex -11.4 33.0622 0
      vertex -10.5788 33.4672 24.4
      vertex -11.4 33.0622 24.4
    endloop
  endfacet
  facet normal 0.442314 -0.89686 0
    outer loop
      vertex -10.5788 33.4672 24.4
      vertex -11.4 33.0622 0
      vertex -10.5788 33.4672 0
    endloop
  endfacet
  facet normal 0.997858 0.0654172 0
    outer loop
      vertex -14.8401 26.0863 24.4
      vertex -14.9 27 0
      vertex -14.9 27 24.4
    endloop
  endfacet
  facet normal 0.997858 0.0654172 0
    outer loop
      vertex -14.9 27 0
      vertex -14.8401 26.0863 24.4
      vertex -14.8401 26.0863 0
    endloop
  endfacet
  facet normal 0.659402 0.75179 -0
    outer loop
      vertex -12.1613 21.4465 0
      vertex -12.4339 21.6856 24.4
      vertex -12.1613 21.4465 24.4
    endloop
  endfacet
  facet normal 0.659402 0.75179 0
    outer loop
      vertex -12.4339 21.6856 24.4
      vertex -12.1613 21.4465 0
      vertex -12.4339 21.6856 0
    endloop
  endfacet
  facet normal 0.555582 0.831462 -0
    outer loop
      vertex -11.4 20.9378 0
      vertex -12.1613 21.4465 24.4
      vertex -11.4 20.9378 24.4
    endloop
  endfacet
  facet normal 0.555582 0.831462 0
    outer loop
      vertex -12.1613 21.4465 24.4
      vertex -11.4 20.9378 0
      vertex -12.1613 21.4465 0
    endloop
  endfacet
  facet normal 0.442149 0.896942 -0
    outer loop
      vertex -11.1517 20.8154 0
      vertex -11.4 20.9378 24.4
      vertex -11.1517 20.8154 24.4
    endloop
  endfacet
  facet normal 0.442149 0.896942 0
    outer loop
      vertex -11.4 20.9378 24.4
      vertex -11.1517 20.8154 0
      vertex -11.4 20.9378 0
    endloop
  endfacet
  facet normal 0.0654186 -0.997858 0
    outer loop
      vertex -8.81368 33.9401 0
      vertex -7.9 34 24.4
      vertex -8.81368 33.9401 24.4
    endloop
  endfacet
  facet normal 0.0654186 -0.997858 0
    outer loop
      vertex -7.9 34 24.4
      vertex -8.81368 33.9401 0
      vertex -7.9 34 0
    endloop
  endfacet
  facet normal -0.442314 -0.89686 0
    outer loop
      vertex 10.5788 33.4672 0
      vertex 11.4 33.0622 24.4
      vertex 10.5788 33.4672 24.4
    endloop
  endfacet
  facet normal -0.442314 -0.89686 -0
    outer loop
      vertex 11.4 33.0622 24.4
      vertex 10.5788 33.4672 0
      vertex 11.4 33.0622 0
    endloop
  endfacet
  facet normal -0.195055 -0.980792 0
    outer loop
      vertex 8.81368 33.9401 0
      vertex 9.71173 33.7615 24.4
      vertex 8.81368 33.9401 24.4
    endloop
  endfacet
  facet normal -0.195055 -0.980792 -0
    outer loop
      vertex 9.71173 33.7615 24.4
      vertex 8.81368 33.9401 0
      vertex 9.71173 33.7615 0
    endloop
  endfacet
  facet normal -0.321409 -0.94694 0
    outer loop
      vertex 9.71173 33.7615 0
      vertex 10.5788 33.4672 24.4
      vertex 9.71173 33.7615 24.4
    endloop
  endfacet
  facet normal -0.321409 -0.94694 -0
    outer loop
      vertex 10.5788 33.4672 24.4
      vertex 9.71173 33.7615 0
      vertex 10.5788 33.4672 0
    endloop
  endfacet
  facet normal -0.0654186 -0.997858 0
    outer loop
      vertex 7.9 34 0
      vertex 8.81368 33.9401 24.4
      vertex 7.9 34 24.4
    endloop
  endfacet
  facet normal -0.0654186 -0.997858 -0
    outer loop
      vertex 8.81368 33.9401 24.4
      vertex 7.9 34 0
      vertex 8.81368 33.9401 0
    endloop
  endfacet
  facet normal -0.98079 0.195066 0
    outer loop
      vertex 14.6615 25.1883 0
      vertex 14.8401 26.0863 24.4
      vertex 14.8401 26.0863 0
    endloop
  endfacet
  facet normal -0.98079 0.195066 0
    outer loop
      vertex 14.8401 26.0863 24.4
      vertex 14.6615 25.1883 0
      vertex 14.6615 25.1883 24.4
    endloop
  endfacet
  facet normal -0.997858 -0.0654172 0
    outer loop
      vertex 14.9 27 0
      vertex 14.8401 27.9137 24.4
      vertex 14.8401 27.9137 0
    endloop
  endfacet
  facet normal -0.997858 -0.0654172 0
    outer loop
      vertex 14.8401 27.9137 24.4
      vertex 14.9 27 0
      vertex 14.9 27 24.4
    endloop
  endfacet
  facet normal 0.831462 -0.555582 0
    outer loop
      vertex -13.9622 30.5 24.4
      vertex -13.4535 31.2613 0
      vertex -13.4535 31.2613 24.4
    endloop
  endfacet
  facet normal 0.831462 -0.555582 0
    outer loop
      vertex -13.4535 31.2613 0
      vertex -13.9622 30.5 24.4
      vertex -13.9622 30.5 0
    endloop
  endfacet
  facet normal 0.946944 0.3214 0
    outer loop
      vertex -14.3672 24.3212 24.4
      vertex -14.6615 25.1883 0
      vertex -14.6615 25.1883 24.4
    endloop
  endfacet
  facet normal 0.946944 0.3214 0
    outer loop
      vertex -14.6615 25.1883 0
      vertex -14.3672 24.3212 24.4
      vertex -14.3672 24.3212 0
    endloop
  endfacet
  facet normal 0.751778 0.659417 0
    outer loop
      vertex -13.0851 22.3187 24.4
      vertex -13.4535 22.7387 0
      vertex -13.4535 22.7387 24.4
    endloop
  endfacet
  facet normal 0.751778 0.659417 0
    outer loop
      vertex -13.4535 22.7387 0
      vertex -13.0851 22.3187 24.4
      vertex -13.0851 22.3187 0
    endloop
  endfacet
  facet normal -0.89686 0.442314 0
    outer loop
      vertex 13.9622 23.5 0
      vertex 14.3672 24.3212 24.4
      vertex 14.3672 24.3212 0
    endloop
  endfacet
  facet normal -0.89686 0.442314 0
    outer loop
      vertex 14.3672 24.3212 24.4
      vertex 13.9622 23.5 0
      vertex 13.9622 23.5 24.4
    endloop
  endfacet
  facet normal -0.831462 0.555582 0
    outer loop
      vertex 13.4535 22.7387 0
      vertex 13.9622 23.5 24.4
      vertex 13.9622 23.5 0
    endloop
  endfacet
  facet normal -0.831462 0.555582 0
    outer loop
      vertex 13.9622 23.5 24.4
      vertex 13.4535 22.7387 0
      vertex 13.4535 22.7387 24.4
    endloop
  endfacet
  facet normal -0.946944 0.3214 0
    outer loop
      vertex 14.3672 24.3212 0
      vertex 14.6615 25.1883 24.4
      vertex 14.6615 25.1883 0
    endloop
  endfacet
  facet normal -0.946944 0.3214 0
    outer loop
      vertex 14.6615 25.1883 24.4
      vertex 14.3672 24.3212 0
      vertex 14.3672 24.3212 24.4
    endloop
  endfacet
  facet normal -0.751778 0.659417 0
    outer loop
      vertex 13.0851 22.3187 0
      vertex 13.4535 22.7387 24.4
      vertex 13.4535 22.7387 0
    endloop
  endfacet
  facet normal -0.751778 0.659417 0
    outer loop
      vertex 13.4535 22.7387 24.4
      vertex 13.0851 22.3187 0
      vertex 13.0851 22.3187 24.4
    endloop
  endfacet
  facet normal -0.98079 -0.195066 0
    outer loop
      vertex 14.8401 27.9137 0
      vertex 14.6615 28.8117 24.4
      vertex 14.6615 28.8117 0
    endloop
  endfacet
  facet normal -0.98079 -0.195066 0
    outer loop
      vertex 14.6615 28.8117 24.4
      vertex 14.8401 27.9137 0
      vertex 14.8401 27.9137 24.4
    endloop
  endfacet
  facet normal -0.997858 0.0654172 0
    outer loop
      vertex 14.8401 26.0863 0
      vertex 14.9 27 24.4
      vertex 14.9 27 0
    endloop
  endfacet
  facet normal -0.997858 0.0654172 0
    outer loop
      vertex 14.9 27 24.4
      vertex 14.8401 26.0863 0
      vertex 14.8401 26.0863 24.4
    endloop
  endfacet
  facet normal -0.946944 -0.3214 0
    outer loop
      vertex 14.6615 28.8117 0
      vertex 14.3672 29.6788 24.4
      vertex 14.3672 29.6788 0
    endloop
  endfacet
  facet normal -0.946944 -0.3214 0
    outer loop
      vertex 14.3672 29.6788 24.4
      vertex 14.6615 28.8117 0
      vertex 14.6615 28.8117 24.4
    endloop
  endfacet
  facet normal -0.831462 -0.555582 0
    outer loop
      vertex 13.9622 30.5 0
      vertex 13.4535 31.2613 24.4
      vertex 13.4535 31.2613 0
    endloop
  endfacet
  facet normal -0.831462 -0.555582 0
    outer loop
      vertex 13.4535 31.2613 24.4
      vertex 13.9622 30.5 0
      vertex 13.9622 30.5 24.4
    endloop
  endfacet
  facet normal -0.659401 -0.751791 0
    outer loop
      vertex 12.1613 32.5535 0
      vertex 12.8497 31.9497 24.4
      vertex 12.1613 32.5535 24.4
    endloop
  endfacet
  facet normal -0.659401 -0.751791 -0
    outer loop
      vertex 12.8497 31.9497 24.4
      vertex 12.1613 32.5535 0
      vertex 12.8497 31.9497 0
    endloop
  endfacet
  facet normal 0.195055 -0.980792 0
    outer loop
      vertex -9.71173 33.7615 0
      vertex -8.81368 33.9401 24.4
      vertex -9.71173 33.7615 24.4
    endloop
  endfacet
  facet normal 0.195055 -0.980792 0
    outer loop
      vertex -8.81368 33.9401 24.4
      vertex -9.71173 33.7615 0
      vertex -8.81368 33.9401 0
    endloop
  endfacet
  facet normal 0.946944 -0.3214 0
    outer loop
      vertex -14.6615 28.8117 24.4
      vertex -14.3672 29.6788 0
      vertex -14.3672 29.6788 24.4
    endloop
  endfacet
  facet normal 0.946944 -0.3214 0
    outer loop
      vertex -14.3672 29.6788 0
      vertex -14.6615 28.8117 24.4
      vertex -14.6615 28.8117 0
    endloop
  endfacet
  facet normal 0.89686 -0.442314 0
    outer loop
      vertex -14.3672 29.6788 24.4
      vertex -13.9622 30.5 0
      vertex -13.9622 30.5 24.4
    endloop
  endfacet
  facet normal 0.89686 -0.442314 0
    outer loop
      vertex -13.9622 30.5 0
      vertex -14.3672 29.6788 24.4
      vertex -14.3672 29.6788 0
    endloop
  endfacet
  facet normal 0.321409 -0.94694 0
    outer loop
      vertex -10.5788 33.4672 0
      vertex -9.71173 33.7615 24.4
      vertex -10.5788 33.4672 24.4
    endloop
  endfacet
  facet normal 0.321409 -0.94694 0
    outer loop
      vertex -9.71173 33.7615 24.4
      vertex -10.5788 33.4672 0
      vertex -9.71173 33.7615 0
    endloop
  endfacet
  facet normal 0.98079 0.195066 0
    outer loop
      vertex -14.6615 25.1883 24.4
      vertex -14.8401 26.0863 0
      vertex -14.8401 26.0863 24.4
    endloop
  endfacet
  facet normal 0.98079 0.195066 0
    outer loop
      vertex -14.8401 26.0863 0
      vertex -14.6615 25.1883 24.4
      vertex -14.6615 25.1883 0
    endloop
  endfacet
  facet normal 0.89686 0.442314 0
    outer loop
      vertex -13.9622 23.5 24.4
      vertex -14.3672 24.3212 0
      vertex -14.3672 24.3212 24.4
    endloop
  endfacet
  facet normal 0.89686 0.442314 0
    outer loop
      vertex -14.3672 24.3212 0
      vertex -13.9622 23.5 24.4
      vertex -13.9622 23.5 0
    endloop
  endfacet
  facet normal -0.555582 0.831462 0
    outer loop
      vertex 12.1613 21.4465 0
      vertex 11.4 20.9378 24.4
      vertex 12.1613 21.4465 24.4
    endloop
  endfacet
  facet normal -0.555582 0.831462 0
    outer loop
      vertex 11.4 20.9378 24.4
      vertex 12.1613 21.4465 0
      vertex 11.4 20.9378 0
    endloop
  endfacet
  facet normal -0.442149 0.896942 0
    outer loop
      vertex 11.4 20.9378 0
      vertex 11.1517 20.8154 24.4
      vertex 11.4 20.9378 24.4
    endloop
  endfacet
  facet normal -0.442149 0.896942 0
    outer loop
      vertex 11.1517 20.8154 24.4
      vertex 11.4 20.9378 0
      vertex 11.1517 20.8154 0
    endloop
  endfacet
  facet normal -0.751791 -0.659401 0
    outer loop
      vertex 13.4535 31.2613 0
      vertex 12.8497 31.9497 24.4
      vertex 12.8497 31.9497 0
    endloop
  endfacet
  facet normal -0.751791 -0.659401 0
    outer loop
      vertex 12.8497 31.9497 24.4
      vertex 13.4535 31.2613 0
      vertex 13.4535 31.2613 24.4
    endloop
  endfacet
  facet normal 0.659401 -0.751791 0
    outer loop
      vertex -12.8497 31.9497 0
      vertex -12.1613 32.5535 24.4
      vertex -12.8497 31.9497 24.4
    endloop
  endfacet
  facet normal 0.659401 -0.751791 0
    outer loop
      vertex -12.1613 32.5535 24.4
      vertex -12.8497 31.9497 0
      vertex -12.1613 32.5535 0
    endloop
  endfacet
  facet normal 0.751791 -0.659401 0
    outer loop
      vertex -13.4535 31.2613 24.4
      vertex -12.8497 31.9497 0
      vertex -12.8497 31.9497 24.4
    endloop
  endfacet
  facet normal 0.751791 -0.659401 0
    outer loop
      vertex -12.8497 31.9497 0
      vertex -13.4535 31.2613 24.4
      vertex -13.4535 31.2613 0
    endloop
  endfacet
  facet normal 0.831462 0.555582 0
    outer loop
      vertex -13.4535 22.7387 24.4
      vertex -13.9622 23.5 0
      vertex -13.9622 23.5 24.4
    endloop
  endfacet
  facet normal 0.831462 0.555582 0
    outer loop
      vertex -13.9622 23.5 0
      vertex -13.4535 22.7387 24.4
      vertex -13.4535 22.7387 0
    endloop
  endfacet
  facet normal -0.659402 0.75179 0
    outer loop
      vertex 12.4339 21.6856 0
      vertex 12.1613 21.4465 24.4
      vertex 12.4339 21.6856 24.4
    endloop
  endfacet
  facet normal -0.659402 0.75179 0
    outer loop
      vertex 12.1613 21.4465 24.4
      vertex 12.4339 21.6856 0
      vertex 12.1613 21.4465 0
    endloop
  endfacet
  facet normal 1 -0 0
    outer loop
      vertex -12 -39.3761 14
      vertex -12 -37.832 0
      vertex -12 -37.832 14
    endloop
  endfacet
  facet normal 1 0 0
    outer loop
      vertex -12 -37.832 0
      vertex -12 -39.3761 14
      vertex -12 -39.3761 0
    endloop
  endfacet
  facet normal 0 0 -1
    outer loop
      vertex 10.6716 -39.8271 14
      vertex 12 -37.832 14
      vertex 12 -39.3761 14
    endloop
  endfacet
  facet normal 0 0 -1
    outer loop
      vertex 10.6716 -39.8271 14
      vertex 8.42579 -37.832 14
      vertex 12 -37.832 14
    endloop
  endfacet
  facet normal 0 0 -1
    outer loop
      vertex 5.38186 -40.8793 14
      vertex 8.42579 -37.832 14
      vertex 10.6716 -39.8271 14
    endloop
  endfacet
  facet normal 0 0 -1
    outer loop
      vertex 5.38186 -40.8793 14
      vertex 5.06859 -38.4998 14
      vertex 8.42579 -37.832 14
    endloop
  endfacet
  facet normal 0 0 -1
    outer loop
      vertex 0 -41.232 14
      vertex 5.06859 -38.4998 14
      vertex 5.38186 -40.8793 14
    endloop
  endfacet
  facet normal 0 0 -1
    outer loop
      vertex 0 -41.232 14
      vertex 0 -38.832 14
      vertex 5.06859 -38.4998 14
    endloop
  endfacet
  facet normal 0 0 -1
    outer loop
      vertex 0 -41.232 14
      vertex -5.06859 -38.4998 14
      vertex 0 -38.832 14
    endloop
  endfacet
  facet normal 0 0 -1
    outer loop
      vertex -5.38186 -40.8793 14
      vertex -5.06859 -38.4998 14
      vertex 0 -41.232 14
    endloop
  endfacet
  facet normal 0 0 -1
    outer loop
      vertex -5.38186 -40.8793 14
      vertex -8.42579 -37.832 14
      vertex -5.06859 -38.4998 14
    endloop
  endfacet
  facet normal 0 0 -1
    outer loop
      vertex -10.6716 -39.8271 14
      vertex -8.42579 -37.832 14
      vertex -5.38186 -40.8793 14
    endloop
  endfacet
  facet normal 0 0 -1
    outer loop
      vertex -12 -37.832 14
      vertex -10.6716 -39.8271 14
      vertex -12 -39.3761 14
    endloop
  endfacet
  facet normal 0 0 -1
    outer loop
      vertex -10.6716 -39.8271 14
      vertex -12 -37.832 14
      vertex -8.42579 -37.832 14
    endloop
  endfacet
  facet normal -1 0 0
    outer loop
      vertex 12 -39.3761 0
      vertex 12 -37.832 14
      vertex 12 -37.832 0
    endloop
  endfacet
  facet normal -1 -0 0
    outer loop
      vertex 12 -37.832 14
      vertex 12 -39.3761 0
      vertex 12 -39.3761 14
    endloop
  endfacet
  facet normal 0 -1 0
    outer loop
      vertex 8.42579 -37.832 0
      vertex 12 -37.832 14
      vertex 8.42579 -37.832 14
    endloop
  endfacet
  facet normal 0 -1 -0
    outer loop
      vertex 12 -37.832 14
      vertex 8.42579 -37.832 0
      vertex 12 -37.832 0
    endloop
  endfacet
  facet normal 0 -1 0
    outer loop
      vertex -12 -37.832 0
      vertex -8.42579 -37.832 14
      vertex -12 -37.832 14
    endloop
  endfacet
  facet normal 0 -1 -0
    outer loop
      vertex -8.42579 -37.832 14
      vertex -12 -37.832 0
      vertex -8.42579 -37.832 0
    endloop
  endfacet
endsolid OpenSCAD_Model
