solid OpenSCAD_Model
  facet normal -0.99786 -0.0653929 0
    outer loop
      vertex 39.082 0 0
      vertex 38.7477 5.10123 2.39
      vertex 38.7477 5.10123 0
    endloop
  endfacet
  facet normal -0.99786 -0.0653929 0
    outer loop
      vertex 38.7477 5.10123 2.39
      vertex 39.082 0 0
      vertex 39.082 0 2.39
    endloop
  endfacet
  facet normal 0.99786 -0.0653929 0
    outer loop
      vertex -39.082 0 2.39
      vertex -38.7477 5.10123 0
      vertex -38.7477 5.10123 2.39
    endloop
  endfacet
  facet normal 0.99786 -0.0653929 0
    outer loop
      vertex -38.7477 5.10123 0
      vertex -39.082 0 2.39
      vertex -39.082 0 0
    endloop
  endfacet
  facet normal 0.0653929 -0.99786 0
    outer loop
      vertex -5.10123 38.7477 0
      vertex 0 39.082 2.39
      vertex -5.10123 38.7477 2.39
    endloop
  endfacet
  facet normal 0.0653929 -0.99786 0
    outer loop
      vertex 0 39.082 2.39
      vertex -5.10123 38.7477 0
      vertex 0 39.082 0
    endloop
  endfacet
  facet normal -0.0653929 0.99786 0
    outer loop
      vertex 5.10123 -38.7477 0
      vertex 0 -39.082 2.39
      vertex 5.10123 -38.7477 2.39
    endloop
  endfacet
  facet normal -0.0653929 0.99786 0
    outer loop
      vertex 0 -39.082 2.39
      vertex 5.10123 -38.7477 0
      vertex 0 -39.082 0
    endloop
  endfacet
  facet normal -0.65933 -0.751854 0
    outer loop
      vertex 23.7916 31.0058 0
      vertex 27.6352 27.6352 2.39
      vertex 23.7916 31.0058 2.39
    endloop
  endfacet
  facet normal -0.65933 -0.751854 -0
    outer loop
      vertex 27.6352 27.6352 2.39
      vertex 23.7916 31.0058 0
      vertex 27.6352 27.6352 0
    endloop
  endfacet
  facet normal 0.751854 -0.65933 0
    outer loop
      vertex -31.0058 23.7916 2.39
      vertex -27.6352 27.6352 0
      vertex -27.6352 27.6352 2.39
    endloop
  endfacet
  facet normal 0.751854 -0.65933 0
    outer loop
      vertex -27.6352 27.6352 0
      vertex -31.0058 23.7916 2.39
      vertex -31.0058 23.7916 0
    endloop
  endfacet
  facet normal 0.442293 -0.896871 0
    outer loop
      vertex -19.541 33.846 0
      vertex -14.956 36.1071 2.39
      vertex -19.541 33.846 2.39
    endloop
  endfacet
  facet normal 0.442293 -0.896871 0
    outer loop
      vertex -14.956 36.1071 2.39
      vertex -19.541 33.846 0
      vertex -14.956 36.1071 0
    endloop
  endfacet
  facet normal -0.896871 -0.442293 0
    outer loop
      vertex 36.1071 14.956 0
      vertex 33.846 19.541 2.39
      vertex 33.846 19.541 0
    endloop
  endfacet
  facet normal -0.896871 -0.442293 0
    outer loop
      vertex 33.846 19.541 2.39
      vertex 36.1071 14.956 0
      vertex 36.1071 14.956 2.39
    endloop
  endfacet
  facet normal -0.831466 -0.555576 0
    outer loop
      vertex 33.846 19.541 0
      vertex 31.0058 23.7916 2.39
      vertex 31.0058 23.7916 0
    endloop
  endfacet
  facet normal -0.831466 -0.555576 0
    outer loop
      vertex 31.0058 23.7916 2.39
      vertex 33.846 19.541 0
      vertex 33.846 19.541 2.39
    endloop
  endfacet
  facet normal -0.321434 -0.946932 0
    outer loop
      vertex 10.1152 37.7503 0
      vertex 14.956 36.1071 2.39
      vertex 10.1152 37.7503 2.39
    endloop
  endfacet
  facet normal -0.321434 -0.946932 -0
    outer loop
      vertex 14.956 36.1071 2.39
      vertex 10.1152 37.7503 0
      vertex 14.956 36.1071 0
    endloop
  endfacet
  facet normal -0.195101 -0.980783 0
    outer loop
      vertex 5.10123 38.7477 0
      vertex 10.1152 37.7503 2.39
      vertex 5.10123 38.7477 2.39
    endloop
  endfacet
  facet normal -0.195101 -0.980783 -0
    outer loop
      vertex 10.1152 37.7503 2.39
      vertex 5.10123 38.7477 0
      vertex 10.1152 37.7503 0
    endloop
  endfacet
  facet normal -0.442293 -0.896871 0
    outer loop
      vertex 14.956 36.1071 0
      vertex 19.541 33.846 2.39
      vertex 14.956 36.1071 2.39
    endloop
  endfacet
  facet normal -0.442293 -0.896871 -0
    outer loop
      vertex 19.541 33.846 2.39
      vertex 14.956 36.1071 0
      vertex 19.541 33.846 0
    endloop
  endfacet
  facet normal 0.896879 -0.442277 0
    outer loop
      vertex -36.1071 14.956 2.39
      vertex -34.8655 17.4738 0
      vertex -34.8655 17.4738 2.39
    endloop
  endfacet
  facet normal 0.896879 -0.442277 0
    outer loop
      vertex -34.8655 17.4738 0
      vertex -36.1071 14.956 2.39
      vertex -36.1071 14.956 0
    endloop
  endfacet
  facet normal 0.831452 -0.555596 0
    outer loop
      vertex -32.5655 21.4575 2.39
      vertex -31.0058 23.7916 0
      vertex -31.0058 23.7916 2.39
    endloop
  endfacet
  facet normal 0.831452 -0.555596 0
    outer loop
      vertex -31.0058 23.7916 0
      vertex -32.5655 21.4575 2.39
      vertex -32.5655 21.4575 0
    endloop
  endfacet
  facet normal 0 0 -1
    outer loop
      vertex -36.1071 14.956 2.39
      vertex -34.4441 14.2672 2.39
      vertex -36.0117 9.64929 2.39
    endloop
  endfacet
  facet normal 0 0 -1
    outer loop
      vertex -34.4441 14.2672 2.39
      vertex -36.1071 14.956 2.39
      vertex -34.8655 17.4738 2.39
    endloop
  endfacet
  facet normal 0 0 -1
    outer loop
      vertex -37.7503 10.1152 2.39
      vertex -36.0117 9.64929 2.39
      vertex -36.9631 4.86628 2.39
    endloop
  endfacet
  facet normal 0 0 -1
    outer loop
      vertex -36.0117 9.64929 2.39
      vertex -37.7503 10.1152 2.39
      vertex -36.1071 14.956 2.39
    endloop
  endfacet
  facet normal 0 0 -1
    outer loop
      vertex -38.7477 5.10123 2.39
      vertex -36.9631 4.86628 2.39
      vertex -37.282 0 2.39
    endloop
  endfacet
  facet normal -0 0 -1
    outer loop
      vertex -36.9631 -4.86628 2.39
      vertex -38.7477 -5.10123 2.39
      vertex -37.282 0 2.39
    endloop
  endfacet
  facet normal 0 0 -1
    outer loop
      vertex -39.082 0 2.39
      vertex -37.282 0 2.39
      vertex -38.7477 -5.10123 2.39
    endloop
  endfacet
  facet normal 0 0 -1
    outer loop
      vertex -36.9631 4.86628 2.39
      vertex -38.7477 5.10123 2.39
      vertex -37.7503 10.1152 2.39
    endloop
  endfacet
  facet normal 0 0 -1
    outer loop
      vertex -37.282 0 2.39
      vertex -39.082 0 2.39
      vertex -38.7477 5.10123 2.39
    endloop
  endfacet
  facet normal 0 0 -1
    outer loop
      vertex 37.282 0 2.39
      vertex 39.082 0 2.39
      vertex 38.7477 -5.10123 2.39
    endloop
  endfacet
  facet normal 0 0 -1
    outer loop
      vertex 36.9631 -4.86628 2.39
      vertex 38.7477 -5.10123 2.39
      vertex 37.7503 -10.1152 2.39
    endloop
  endfacet
  facet normal 0 0 -1
    outer loop
      vertex 39.082 0 2.39
      vertex 37.282 0 2.39
      vertex 38.7477 5.10123 2.39
    endloop
  endfacet
  facet normal 0 0 -1
    outer loop
      vertex 36.9631 4.86628 2.39
      vertex 38.7477 5.10123 2.39
      vertex 37.282 0 2.39
    endloop
  endfacet
  facet normal 0 0 -1
    outer loop
      vertex 38.7477 -5.10123 2.39
      vertex 36.9631 -4.86628 2.39
      vertex 37.282 0 2.39
    endloop
  endfacet
  facet normal 0 0 -1
    outer loop
      vertex 36.0117 -9.64929 2.39
      vertex 37.7503 -10.1152 2.39
      vertex 36.1071 -14.956 2.39
    endloop
  endfacet
  facet normal 0 0 -1
    outer loop
      vertex 37.7503 -10.1152 2.39
      vertex 36.0117 -9.64929 2.39
      vertex 36.9631 -4.86628 2.39
    endloop
  endfacet
  facet normal 0 0 -1
    outer loop
      vertex 36.1071 -14.956 2.39
      vertex 34.4441 -14.2672 2.39
      vertex 36.0117 -9.64929 2.39
    endloop
  endfacet
  facet normal 0 0 -1
    outer loop
      vertex 33.846 -19.541 2.39
      vertex 34.4441 -14.2672 2.39
      vertex 36.1071 -14.956 2.39
    endloop
  endfacet
  facet normal 0 0 -1
    outer loop
      vertex 33.846 -19.541 2.39
      vertex 32.2872 -18.641 2.39
      vertex 34.4441 -14.2672 2.39
    endloop
  endfacet
  facet normal 0 0 -1
    outer loop
      vertex 31.0058 -23.7916 2.39
      vertex 32.2872 -18.641 2.39
      vertex 33.846 -19.541 2.39
    endloop
  endfacet
  facet normal 0 0 -1
    outer loop
      vertex 31.0058 -23.7916 2.39
      vertex 29.5778 -22.6959 2.39
      vertex 32.2872 -18.641 2.39
    endloop
  endfacet
  facet normal 0 0 -1
    outer loop
      vertex 27.6352 -27.6352 2.39
      vertex 29.5778 -22.6959 2.39
      vertex 31.0058 -23.7916 2.39
    endloop
  endfacet
  facet normal 0 0 -1
    outer loop
      vertex 27.6352 -27.6352 2.39
      vertex 26.3624 -26.3624 2.39
      vertex 29.5778 -22.6959 2.39
    endloop
  endfacet
  facet normal 0 0 -1
    outer loop
      vertex 23.7916 -31.0058 2.39
      vertex 26.3624 -26.3624 2.39
      vertex 27.6352 -27.6352 2.39
    endloop
  endfacet
  facet normal 0 0 -1
    outer loop
      vertex 23.7916 -31.0058 2.39
      vertex 22.6959 -29.5778 2.39
      vertex 26.3624 -26.3624 2.39
    endloop
  endfacet
  facet normal 0 0 -1
    outer loop
      vertex 19.541 -33.846 2.39
      vertex 22.6959 -29.5778 2.39
      vertex 23.7916 -31.0058 2.39
    endloop
  endfacet
  facet normal 0 0 -1
    outer loop
      vertex 19.541 -33.846 2.39
      vertex 18.641 -32.2872 2.39
      vertex 22.6959 -29.5778 2.39
    endloop
  endfacet
  facet normal 0 0 -1
    outer loop
      vertex 14.956 -36.1071 2.39
      vertex 18.641 -32.2872 2.39
      vertex 19.541 -33.846 2.39
    endloop
  endfacet
  facet normal 0 0 -1
    outer loop
      vertex 14.956 -36.1071 2.39
      vertex 14.2672 -34.4441 2.39
      vertex 18.641 -32.2872 2.39
    endloop
  endfacet
  facet normal 0 0 -1
    outer loop
      vertex 10.1152 -37.7503 2.39
      vertex 14.2672 -34.4441 2.39
      vertex 14.956 -36.1071 2.39
    endloop
  endfacet
  facet normal 0 0 -1
    outer loop
      vertex 10.1152 -37.7503 2.39
      vertex 9.64929 -36.0117 2.39
      vertex 14.2672 -34.4441 2.39
    endloop
  endfacet
  facet normal 0 0 -1
    outer loop
      vertex 5.10123 -38.7477 2.39
      vertex 9.64929 -36.0117 2.39
      vertex 10.1152 -37.7503 2.39
    endloop
  endfacet
  facet normal 0 0 -1
    outer loop
      vertex 5.10123 -38.7477 2.39
      vertex 4.86628 -36.9631 2.39
      vertex 9.64929 -36.0117 2.39
    endloop
  endfacet
  facet normal 0 0 -1
    outer loop
      vertex 0 -39.082 2.39
      vertex 4.86628 -36.9631 2.39
      vertex 5.10123 -38.7477 2.39
    endloop
  endfacet
  facet normal 0 0 -1
    outer loop
      vertex 0 -39.082 2.39
      vertex 0 -37.282 2.39
      vertex 4.86628 -36.9631 2.39
    endloop
  endfacet
  facet normal 0 0 -1
    outer loop
      vertex 0 -39.082 2.39
      vertex -4.86628 -36.9631 2.39
      vertex 0 -37.282 2.39
    endloop
  endfacet
  facet normal 0 0 -1
    outer loop
      vertex -5.10123 -38.7477 2.39
      vertex -4.86628 -36.9631 2.39
      vertex 0 -39.082 2.39
    endloop
  endfacet
  facet normal 0 0 -1
    outer loop
      vertex -5.10123 -38.7477 2.39
      vertex -9.64929 -36.0117 2.39
      vertex -4.86628 -36.9631 2.39
    endloop
  endfacet
  facet normal 0 0 -1
    outer loop
      vertex -10.1152 -37.7503 2.39
      vertex -9.64929 -36.0117 2.39
      vertex -5.10123 -38.7477 2.39
    endloop
  endfacet
  facet normal 0 0 -1
    outer loop
      vertex -10.1152 -37.7503 2.39
      vertex -14.2672 -34.4441 2.39
      vertex -9.64929 -36.0117 2.39
    endloop
  endfacet
  facet normal 0 0 -1
    outer loop
      vertex -14.956 -36.1071 2.39
      vertex -14.2672 -34.4441 2.39
      vertex -10.1152 -37.7503 2.39
    endloop
  endfacet
  facet normal 0 0 -1
    outer loop
      vertex -14.956 -36.1071 2.39
      vertex -18.641 -32.2872 2.39
      vertex -14.2672 -34.4441 2.39
    endloop
  endfacet
  facet normal 0 0 -1
    outer loop
      vertex -19.541 -33.846 2.39
      vertex -18.641 -32.2872 2.39
      vertex -14.956 -36.1071 2.39
    endloop
  endfacet
  facet normal 0 0 -1
    outer loop
      vertex -19.541 -33.846 2.39
      vertex -22.6959 -29.5778 2.39
      vertex -18.641 -32.2872 2.39
    endloop
  endfacet
  facet normal 0 0 -1
    outer loop
      vertex -23.7916 -31.0058 2.39
      vertex -22.6959 -29.5778 2.39
      vertex -19.541 -33.846 2.39
    endloop
  endfacet
  facet normal 0 0 -1
    outer loop
      vertex -23.7916 -31.0058 2.39
      vertex -26.3624 -26.3624 2.39
      vertex -22.6959 -29.5778 2.39
    endloop
  endfacet
  facet normal 0 0 -1
    outer loop
      vertex -27.6352 -27.6352 2.39
      vertex -26.3624 -26.3624 2.39
      vertex -23.7916 -31.0058 2.39
    endloop
  endfacet
  facet normal 0 0 -1
    outer loop
      vertex -27.6352 -27.6352 2.39
      vertex -29.5778 -22.6959 2.39
      vertex -26.3624 -26.3624 2.39
    endloop
  endfacet
  facet normal 0 0 -1
    outer loop
      vertex -31.0058 -23.7916 2.39
      vertex -29.5778 -22.6959 2.39
      vertex -27.6352 -27.6352 2.39
    endloop
  endfacet
  facet normal 0 0 -1
    outer loop
      vertex -31.0058 -23.7916 2.39
      vertex -32.2872 -18.641 2.39
      vertex -29.5778 -22.6959 2.39
    endloop
  endfacet
  facet normal 0 0 -1
    outer loop
      vertex -33.846 -19.541 2.39
      vertex -32.2872 -18.641 2.39
      vertex -31.0058 -23.7916 2.39
    endloop
  endfacet
  facet normal 0 0 -1
    outer loop
      vertex -33.846 -19.541 2.39
      vertex -34.4441 -14.2672 2.39
      vertex -32.2872 -18.641 2.39
    endloop
  endfacet
  facet normal 0 0 -1
    outer loop
      vertex -36.1071 -14.956 2.39
      vertex -34.4441 -14.2672 2.39
      vertex -33.846 -19.541 2.39
    endloop
  endfacet
  facet normal -0 0 -1
    outer loop
      vertex -34.4441 -14.2672 2.39
      vertex -36.1071 -14.956 2.39
      vertex -36.0117 -9.64929 2.39
    endloop
  endfacet
  facet normal 0 0 -1
    outer loop
      vertex -37.7503 -10.1152 2.39
      vertex -36.0117 -9.64929 2.39
      vertex -36.1071 -14.956 2.39
    endloop
  endfacet
  facet normal 0 0 -1
    outer loop
      vertex -38.7477 -5.10123 2.39
      vertex -36.9631 -4.86628 2.39
      vertex -37.7503 -10.1152 2.39
    endloop
  endfacet
  facet normal -0 0 -1
    outer loop
      vertex -36.0117 -9.64929 2.39
      vertex -37.7503 -10.1152 2.39
      vertex -36.9631 -4.86628 2.39
    endloop
  endfacet
  facet normal -0 0 -1
    outer loop
      vertex 38.7477 5.10123 2.39
      vertex 36.9631 4.86628 2.39
      vertex 37.7503 10.1152 2.39
    endloop
  endfacet
  facet normal 0 0 -1
    outer loop
      vertex 36.0117 9.64929 2.39
      vertex 37.7503 10.1152 2.39
      vertex 36.9631 4.86628 2.39
    endloop
  endfacet
  facet normal -0 0 -1
    outer loop
      vertex 37.7503 10.1152 2.39
      vertex 36.0117 9.64929 2.39
      vertex 36.1071 14.956 2.39
    endloop
  endfacet
  facet normal 0 0 -1
    outer loop
      vertex 34.4441 14.2672 2.39
      vertex 36.1071 14.956 2.39
      vertex 36.0117 9.64929 2.39
    endloop
  endfacet
  facet normal 0 0 -1
    outer loop
      vertex 34.4441 14.2672 2.39
      vertex 33.846 19.541 2.39
      vertex 36.1071 14.956 2.39
    endloop
  endfacet
  facet normal 0 0 -1
    outer loop
      vertex 32.2872 18.641 2.39
      vertex 33.846 19.541 2.39
      vertex 34.4441 14.2672 2.39
    endloop
  endfacet
  facet normal 0 0 -1
    outer loop
      vertex 32.2872 18.641 2.39
      vertex 31.0058 23.7916 2.39
      vertex 33.846 19.541 2.39
    endloop
  endfacet
  facet normal 0 0 -1
    outer loop
      vertex 29.5778 22.6959 2.39
      vertex 31.0058 23.7916 2.39
      vertex 32.2872 18.641 2.39
    endloop
  endfacet
  facet normal 0 0 -1
    outer loop
      vertex 29.5778 22.6959 2.39
      vertex 27.6352 27.6352 2.39
      vertex 31.0058 23.7916 2.39
    endloop
  endfacet
  facet normal 0 0 -1
    outer loop
      vertex 26.3624 26.3624 2.39
      vertex 27.6352 27.6352 2.39
      vertex 29.5778 22.6959 2.39
    endloop
  endfacet
  facet normal 0 0 -1
    outer loop
      vertex 26.3624 26.3624 2.39
      vertex 23.7916 31.0058 2.39
      vertex 27.6352 27.6352 2.39
    endloop
  endfacet
  facet normal 0 0 -1
    outer loop
      vertex 22.6959 29.5778 2.39
      vertex 23.7916 31.0058 2.39
      vertex 26.3624 26.3624 2.39
    endloop
  endfacet
  facet normal 0 0 -1
    outer loop
      vertex 22.6959 29.5778 2.39
      vertex 19.541 33.846 2.39
      vertex 23.7916 31.0058 2.39
    endloop
  endfacet
  facet normal 0 0 -1
    outer loop
      vertex 18.641 32.2872 2.39
      vertex 19.541 33.846 2.39
      vertex 22.6959 29.5778 2.39
    endloop
  endfacet
  facet normal 0 0 -1
    outer loop
      vertex 18.641 32.2872 2.39
      vertex 14.956 36.1071 2.39
      vertex 19.541 33.846 2.39
    endloop
  endfacet
  facet normal 0 0 -1
    outer loop
      vertex 14.2672 34.4441 2.39
      vertex 14.956 36.1071 2.39
      vertex 18.641 32.2872 2.39
    endloop
  endfacet
  facet normal 0 0 -1
    outer loop
      vertex 14.2672 34.4441 2.39
      vertex 10.1152 37.7503 2.39
      vertex 14.956 36.1071 2.39
    endloop
  endfacet
  facet normal 0 0 -1
    outer loop
      vertex 9.64929 36.0117 2.39
      vertex 10.1152 37.7503 2.39
      vertex 14.2672 34.4441 2.39
    endloop
  endfacet
  facet normal 0 0 -1
    outer loop
      vertex 9.64929 36.0117 2.39
      vertex 5.10123 38.7477 2.39
      vertex 10.1152 37.7503 2.39
    endloop
  endfacet
  facet normal 0 0 -1
    outer loop
      vertex 4.86628 36.9631 2.39
      vertex 5.10123 38.7477 2.39
      vertex 9.64929 36.0117 2.39
    endloop
  endfacet
  facet normal 0 0 -1
    outer loop
      vertex 0 37.282 2.39
      vertex 5.10123 38.7477 2.39
      vertex 4.86628 36.9631 2.39
    endloop
  endfacet
  facet normal 0 0 -1
    outer loop
      vertex 0 37.282 2.39
      vertex 0 39.082 2.39
      vertex 5.10123 38.7477 2.39
    endloop
  endfacet
  facet normal 0 0 -1
    outer loop
      vertex -4.86628 36.9631 2.39
      vertex 0 39.082 2.39
      vertex 0 37.282 2.39
    endloop
  endfacet
  facet normal 0 0 -1
    outer loop
      vertex -4.86628 36.9631 2.39
      vertex -5.10123 38.7477 2.39
      vertex 0 39.082 2.39
    endloop
  endfacet
  facet normal 0 0 -1
    outer loop
      vertex -9.64929 36.0117 2.39
      vertex -5.10123 38.7477 2.39
      vertex -4.86628 36.9631 2.39
    endloop
  endfacet
  facet normal 0 0 -1
    outer loop
      vertex -9.64929 36.0117 2.39
      vertex -10.1152 37.7503 2.39
      vertex -5.10123 38.7477 2.39
    endloop
  endfacet
  facet normal 0 0 -1
    outer loop
      vertex -14.2672 34.4441 2.39
      vertex -10.1152 37.7503 2.39
      vertex -9.64929 36.0117 2.39
    endloop
  endfacet
  facet normal 0 0 -1
    outer loop
      vertex -14.2672 34.4441 2.39
      vertex -14.956 36.1071 2.39
      vertex -10.1152 37.7503 2.39
    endloop
  endfacet
  facet normal 0 0 -1
    outer loop
      vertex -18.641 32.2872 2.39
      vertex -14.956 36.1071 2.39
      vertex -14.2672 34.4441 2.39
    endloop
  endfacet
  facet normal 0 0 -1
    outer loop
      vertex -18.641 32.2872 2.39
      vertex -19.541 33.846 2.39
      vertex -14.956 36.1071 2.39
    endloop
  endfacet
  facet normal 0 0 -1
    outer loop
      vertex -22.6959 29.5778 2.39
      vertex -19.541 33.846 2.39
      vertex -18.641 32.2872 2.39
    endloop
  endfacet
  facet normal 0 0 -1
    outer loop
      vertex -22.6959 29.5778 2.39
      vertex -23.7916 31.0058 2.39
      vertex -19.541 33.846 2.39
    endloop
  endfacet
  facet normal 0 0 -1
    outer loop
      vertex -26.3624 26.3624 2.39
      vertex -23.7916 31.0058 2.39
      vertex -22.6959 29.5778 2.39
    endloop
  endfacet
  facet normal 0 0 -1
    outer loop
      vertex -26.3624 26.3624 2.39
      vertex -27.6352 27.6352 2.39
      vertex -23.7916 31.0058 2.39
    endloop
  endfacet
  facet normal 0 0 -1
    outer loop
      vertex -29.5778 22.6959 2.39
      vertex -27.6352 27.6352 2.39
      vertex -26.3624 26.3624 2.39
    endloop
  endfacet
  facet normal 0 0 -1
    outer loop
      vertex -29.5778 22.6959 2.39
      vertex -31.0058 23.7916 2.39
      vertex -27.6352 27.6352 2.39
    endloop
  endfacet
  facet normal 0 0 -1
    outer loop
      vertex -32.5655 21.4575 2.39
      vertex -29.5778 22.6959 2.39
      vertex -32.2872 18.641 2.39
    endloop
  endfacet
  facet normal -0 0 -1
    outer loop
      vertex -29.5778 22.6959 2.39
      vertex -32.5655 21.4575 2.39
      vertex -31.0058 23.7916 2.39
    endloop
  endfacet
  facet normal 0 0 -1
    outer loop
      vertex -32.2872 18.641 2.39
      vertex -33.2156 21.8329 2.39
      vertex -32.5655 21.4575 2.39
    endloop
  endfacet
  facet normal 0 0 -1
    outer loop
      vertex -34.8655 17.4738 2.39
      vertex -32.2872 18.641 2.39
      vertex -34.4441 14.2672 2.39
    endloop
  endfacet
  facet normal 0 0 -1
    outer loop
      vertex -35.5156 17.8491 2.39
      vertex -32.2872 18.641 2.39
      vertex -34.8655 17.4738 2.39
    endloop
  endfacet
  facet normal -0 0 -1
    outer loop
      vertex -32.2872 18.641 2.39
      vertex -35.5156 17.8491 2.39
      vertex -33.2156 21.8329 2.39
    endloop
  endfacet
  facet normal 0.555576 -0.831466 0
    outer loop
      vertex -23.7916 31.0058 0
      vertex -19.541 33.846 2.39
      vertex -23.7916 31.0058 2.39
    endloop
  endfacet
  facet normal 0.555576 -0.831466 0
    outer loop
      vertex -19.541 33.846 2.39
      vertex -23.7916 31.0058 0
      vertex -19.541 33.846 0
    endloop
  endfacet
  facet normal 0.321434 -0.946932 0
    outer loop
      vertex -14.956 36.1071 0
      vertex -10.1152 37.7503 2.39
      vertex -14.956 36.1071 2.39
    endloop
  endfacet
  facet normal 0.321434 -0.946932 0
    outer loop
      vertex -10.1152 37.7503 2.39
      vertex -14.956 36.1071 0
      vertex -10.1152 37.7503 0
    endloop
  endfacet
  facet normal -0.195101 0.980783 0
    outer loop
      vertex 10.1152 -37.7503 0
      vertex 5.10123 -38.7477 2.39
      vertex 10.1152 -37.7503 2.39
    endloop
  endfacet
  facet normal -0.195101 0.980783 0
    outer loop
      vertex 5.10123 -38.7477 2.39
      vertex 10.1152 -37.7503 0
      vertex 5.10123 -38.7477 0
    endloop
  endfacet
  facet normal -0.442293 0.896871 0
    outer loop
      vertex 19.541 -33.846 0
      vertex 14.956 -36.1071 2.39
      vertex 19.541 -33.846 2.39
    endloop
  endfacet
  facet normal -0.442293 0.896871 0
    outer loop
      vertex 14.956 -36.1071 2.39
      vertex 19.541 -33.846 0
      vertex 14.956 -36.1071 0
    endloop
  endfacet
  facet normal -0.946932 -0.321434 0
    outer loop
      vertex 37.7503 10.1152 0
      vertex 36.1071 14.956 2.39
      vertex 36.1071 14.956 0
    endloop
  endfacet
  facet normal -0.946932 -0.321434 0
    outer loop
      vertex 36.1071 14.956 2.39
      vertex 37.7503 10.1152 0
      vertex 37.7503 10.1152 2.39
    endloop
  endfacet
  facet normal -0.980783 -0.195101 0
    outer loop
      vertex 38.7477 5.10123 0
      vertex 37.7503 10.1152 2.39
      vertex 37.7503 10.1152 0
    endloop
  endfacet
  facet normal -0.980783 -0.195101 0
    outer loop
      vertex 37.7503 10.1152 2.39
      vertex 38.7477 5.10123 0
      vertex 38.7477 5.10123 2.39
    endloop
  endfacet
  facet normal -0.751854 -0.65933 0
    outer loop
      vertex 31.0058 23.7916 0
      vertex 27.6352 27.6352 2.39
      vertex 27.6352 27.6352 0
    endloop
  endfacet
  facet normal -0.751854 -0.65933 0
    outer loop
      vertex 27.6352 27.6352 2.39
      vertex 31.0058 23.7916 0
      vertex 31.0058 23.7916 2.39
    endloop
  endfacet
  facet normal -0.0653929 -0.99786 0
    outer loop
      vertex 0 39.082 0
      vertex 5.10123 38.7477 2.39
      vertex 0 39.082 2.39
    endloop
  endfacet
  facet normal -0.0653929 -0.99786 -0
    outer loop
      vertex 5.10123 38.7477 2.39
      vertex 0 39.082 0
      vertex 5.10123 38.7477 0
    endloop
  endfacet
  facet normal -0.555576 -0.831466 0
    outer loop
      vertex 19.541 33.846 0
      vertex 23.7916 31.0058 2.39
      vertex 19.541 33.846 2.39
    endloop
  endfacet
  facet normal -0.555576 -0.831466 -0
    outer loop
      vertex 23.7916 31.0058 2.39
      vertex 19.541 33.846 0
      vertex 23.7916 31.0058 0
    endloop
  endfacet
  facet normal 0.946932 -0.321434 0
    outer loop
      vertex -37.7503 10.1152 2.39
      vertex -36.1071 14.956 0
      vertex -36.1071 14.956 2.39
    endloop
  endfacet
  facet normal 0.946932 -0.321434 0
    outer loop
      vertex -36.1071 14.956 0
      vertex -37.7503 10.1152 2.39
      vertex -37.7503 10.1152 0
    endloop
  endfacet
  facet normal 0.980783 -0.195101 0
    outer loop
      vertex -38.7477 5.10123 2.39
      vertex -37.7503 10.1152 0
      vertex -37.7503 10.1152 2.39
    endloop
  endfacet
  facet normal 0.980783 -0.195101 0
    outer loop
      vertex -37.7503 10.1152 0
      vertex -38.7477 5.10123 2.39
      vertex -38.7477 5.10123 0
    endloop
  endfacet
  facet normal 0.65933 -0.751854 0
    outer loop
      vertex -27.6352 27.6352 0
      vertex -23.7916 31.0058 2.39
      vertex -27.6352 27.6352 2.39
    endloop
  endfacet
  facet normal 0.65933 -0.751854 0
    outer loop
      vertex -23.7916 31.0058 2.39
      vertex -27.6352 27.6352 0
      vertex -23.7916 31.0058 0
    endloop
  endfacet
  facet normal 0.195101 -0.980783 0
    outer loop
      vertex -10.1152 37.7503 0
      vertex -5.10123 38.7477 2.39
      vertex -10.1152 37.7503 2.39
    endloop
  endfacet
  facet normal 0.195101 -0.980783 0
    outer loop
      vertex -5.10123 38.7477 2.39
      vertex -10.1152 37.7503 0
      vertex -5.10123 38.7477 0
    endloop
  endfacet
  facet normal -0.99786 0.0653929 0
    outer loop
      vertex 38.7477 -5.10123 0
      vertex 39.082 0 2.39
      vertex 39.082 0 0
    endloop
  endfacet
  facet normal -0.99786 0.0653929 0
    outer loop
      vertex 39.082 0 2.39
      vertex 38.7477 -5.10123 0
      vertex 38.7477 -5.10123 2.39
    endloop
  endfacet
  facet normal -0.946932 0.321434 0
    outer loop
      vertex 36.1071 -14.956 0
      vertex 37.7503 -10.1152 2.39
      vertex 37.7503 -10.1152 0
    endloop
  endfacet
  facet normal -0.946932 0.321434 0
    outer loop
      vertex 37.7503 -10.1152 2.39
      vertex 36.1071 -14.956 0
      vertex 36.1071 -14.956 2.39
    endloop
  endfacet
  facet normal -0.980783 0.195101 0
    outer loop
      vertex 37.7503 -10.1152 0
      vertex 38.7477 -5.10123 2.39
      vertex 38.7477 -5.10123 0
    endloop
  endfacet
  facet normal -0.980783 0.195101 0
    outer loop
      vertex 38.7477 -5.10123 2.39
      vertex 37.7503 -10.1152 0
      vertex 37.7503 -10.1152 2.39
    endloop
  endfacet
  facet normal 0.896871 0.442293 0
    outer loop
      vertex -33.846 -19.541 2.39
      vertex -36.1071 -14.956 0
      vertex -36.1071 -14.956 2.39
    endloop
  endfacet
  facet normal 0.896871 0.442293 0
    outer loop
      vertex -36.1071 -14.956 0
      vertex -33.846 -19.541 2.39
      vertex -33.846 -19.541 0
    endloop
  endfacet
  facet normal -0.555576 0.831466 0
    outer loop
      vertex 23.7916 -31.0058 0
      vertex 19.541 -33.846 2.39
      vertex 23.7916 -31.0058 2.39
    endloop
  endfacet
  facet normal -0.555576 0.831466 0
    outer loop
      vertex 19.541 -33.846 2.39
      vertex 23.7916 -31.0058 0
      vertex 19.541 -33.846 0
    endloop
  endfacet
  facet normal 0.980783 0.195101 0
    outer loop
      vertex -37.7503 -10.1152 2.39
      vertex -38.7477 -5.10123 0
      vertex -38.7477 -5.10123 2.39
    endloop
  endfacet
  facet normal 0.980783 0.195101 0
    outer loop
      vertex -38.7477 -5.10123 0
      vertex -37.7503 -10.1152 2.39
      vertex -37.7503 -10.1152 0
    endloop
  endfacet
  facet normal 0.99786 0.0653929 0
    outer loop
      vertex -38.7477 -5.10123 2.39
      vertex -39.082 0 0
      vertex -39.082 0 2.39
    endloop
  endfacet
  facet normal 0.99786 0.0653929 0
    outer loop
      vertex -39.082 0 0
      vertex -38.7477 -5.10123 2.39
      vertex -38.7477 -5.10123 0
    endloop
  endfacet
  facet normal 0.946932 0.321434 0
    outer loop
      vertex -36.1071 -14.956 2.39
      vertex -37.7503 -10.1152 0
      vertex -37.7503 -10.1152 2.39
    endloop
  endfacet
  facet normal 0.946932 0.321434 0
    outer loop
      vertex -37.7503 -10.1152 0
      vertex -36.1071 -14.956 2.39
      vertex -36.1071 -14.956 0
    endloop
  endfacet
  facet normal -0.65933 0.751854 0
    outer loop
      vertex 27.6352 -27.6352 0
      vertex 23.7916 -31.0058 2.39
      vertex 27.6352 -27.6352 2.39
    endloop
  endfacet
  facet normal -0.65933 0.751854 0
    outer loop
      vertex 23.7916 -31.0058 2.39
      vertex 27.6352 -27.6352 0
      vertex 23.7916 -31.0058 0
    endloop
  endfacet
  facet normal -0.321434 0.946932 0
    outer loop
      vertex 14.956 -36.1071 0
      vertex 10.1152 -37.7503 2.39
      vertex 14.956 -36.1071 2.39
    endloop
  endfacet
  facet normal -0.321434 0.946932 0
    outer loop
      vertex 10.1152 -37.7503 2.39
      vertex 14.956 -36.1071 0
      vertex 10.1152 -37.7503 0
    endloop
  endfacet
  facet normal -0.896871 0.442293 0
    outer loop
      vertex 33.846 -19.541 0
      vertex 36.1071 -14.956 2.39
      vertex 36.1071 -14.956 0
    endloop
  endfacet
  facet normal -0.896871 0.442293 0
    outer loop
      vertex 36.1071 -14.956 2.39
      vertex 33.846 -19.541 0
      vertex 33.846 -19.541 2.39
    endloop
  endfacet
  facet normal -0.831466 0.555576 0
    outer loop
      vertex 31.0058 -23.7916 0
      vertex 33.846 -19.541 2.39
      vertex 33.846 -19.541 0
    endloop
  endfacet
  facet normal -0.831466 0.555576 0
    outer loop
      vertex 33.846 -19.541 2.39
      vertex 31.0058 -23.7916 0
      vertex 31.0058 -23.7916 2.39
    endloop
  endfacet
  facet normal 0.0653929 0.99786 -0
    outer loop
      vertex 0 -39.082 0
      vertex -5.10123 -38.7477 2.39
      vertex 0 -39.082 2.39
    endloop
  endfacet
  facet normal 0.0653929 0.99786 0
    outer loop
      vertex -5.10123 -38.7477 2.39
      vertex 0 -39.082 0
      vertex -5.10123 -38.7477 0
    endloop
  endfacet
  facet normal 0.321434 0.946932 -0
    outer loop
      vertex -10.1152 -37.7503 0
      vertex -14.956 -36.1071 2.39
      vertex -10.1152 -37.7503 2.39
    endloop
  endfacet
  facet normal 0.321434 0.946932 0
    outer loop
      vertex -14.956 -36.1071 2.39
      vertex -10.1152 -37.7503 0
      vertex -14.956 -36.1071 0
    endloop
  endfacet
  facet normal 0.195101 0.980783 -0
    outer loop
      vertex -5.10123 -38.7477 0
      vertex -10.1152 -37.7503 2.39
      vertex -5.10123 -38.7477 2.39
    endloop
  endfacet
  facet normal 0.195101 0.980783 0
    outer loop
      vertex -10.1152 -37.7503 2.39
      vertex -5.10123 -38.7477 0
      vertex -10.1152 -37.7503 0
    endloop
  endfacet
  facet normal 0.751854 0.65933 0
    outer loop
      vertex -27.6352 -27.6352 2.39
      vertex -31.0058 -23.7916 0
      vertex -31.0058 -23.7916 2.39
    endloop
  endfacet
  facet normal 0.751854 0.65933 0
    outer loop
      vertex -31.0058 -23.7916 0
      vertex -27.6352 -27.6352 2.39
      vertex -27.6352 -27.6352 0
    endloop
  endfacet
  facet normal 0.65933 0.751854 -0
    outer loop
      vertex -23.7916 -31.0058 0
      vertex -27.6352 -27.6352 2.39
      vertex -23.7916 -31.0058 2.39
    endloop
  endfacet
  facet normal 0.65933 0.751854 0
    outer loop
      vertex -27.6352 -27.6352 2.39
      vertex -23.7916 -31.0058 0
      vertex -27.6352 -27.6352 0
    endloop
  endfacet
  facet normal -0.751854 0.65933 0
    outer loop
      vertex 27.6352 -27.6352 0
      vertex 31.0058 -23.7916 2.39
      vertex 31.0058 -23.7916 0
    endloop
  endfacet
  facet normal -0.751854 0.65933 0
    outer loop
      vertex 31.0058 -23.7916 2.39
      vertex 27.6352 -27.6352 0
      vertex 27.6352 -27.6352 2.39
    endloop
  endfacet
  facet normal 0.831466 0.555576 0
    outer loop
      vertex -31.0058 -23.7916 2.39
      vertex -33.846 -19.541 0
      vertex -33.846 -19.541 2.39
    endloop
  endfacet
  facet normal 0.831466 0.555576 0
    outer loop
      vertex -33.846 -19.541 0
      vertex -31.0058 -23.7916 2.39
      vertex -31.0058 -23.7916 0
    endloop
  endfacet
  facet normal 0.442293 0.896871 -0
    outer loop
      vertex -14.956 -36.1071 0
      vertex -19.541 -33.846 2.39
      vertex -14.956 -36.1071 2.39
    endloop
  endfacet
  facet normal 0.442293 0.896871 0
    outer loop
      vertex -19.541 -33.846 2.39
      vertex -14.956 -36.1071 0
      vertex -19.541 -33.846 0
    endloop
  endfacet
  facet normal 0.555576 0.831466 -0
    outer loop
      vertex -19.541 -33.846 0
      vertex -23.7916 -31.0058 2.39
      vertex -19.541 -33.846 2.39
    endloop
  endfacet
  facet normal 0.555576 0.831466 0
    outer loop
      vertex -23.7916 -31.0058 2.39
      vertex -19.541 -33.846 0
      vertex -23.7916 -31.0058 0
    endloop
  endfacet
  facet normal 0.99786 0.0653923 0
    outer loop
      vertex 37.282 0 2.39
      vertex 36.9631 4.86628 0
      vertex 36.9631 4.86628 2.39
    endloop
  endfacet
  facet normal 0.99786 0.0653923 0
    outer loop
      vertex 36.9631 4.86628 0
      vertex 37.282 0 2.39
      vertex 37.282 0 0
    endloop
  endfacet
  facet normal -0.99786 0.0653923 0
    outer loop
      vertex -37.282 0 0
      vertex -36.9631 4.86628 2.39
      vertex -36.9631 4.86628 0
    endloop
  endfacet
  facet normal -0.99786 0.0653923 0
    outer loop
      vertex -36.9631 4.86628 2.39
      vertex -37.282 0 0
      vertex -37.282 0 2.39
    endloop
  endfacet
  facet normal 0.0653923 0.99786 -0
    outer loop
      vertex 4.86628 36.9631 0
      vertex 0 37.282 2.39
      vertex 4.86628 36.9631 2.39
    endloop
  endfacet
  facet normal 0.0653923 0.99786 0
    outer loop
      vertex 0 37.282 2.39
      vertex 4.86628 36.9631 0
      vertex 0 37.282 0
    endloop
  endfacet
  facet normal -0.751843 -0.659342 0
    outer loop
      vertex -26.3624 -26.3624 0
      vertex -29.5778 -22.6959 2.39
      vertex -29.5778 -22.6959 0
    endloop
  endfacet
  facet normal -0.751843 -0.659342 0
    outer loop
      vertex -29.5778 -22.6959 2.39
      vertex -26.3624 -26.3624 0
      vertex -26.3624 -26.3624 2.39
    endloop
  endfacet
  facet normal 0.751843 0.659342 0
    outer loop
      vertex 29.5778 22.6959 2.39
      vertex 26.3624 26.3624 0
      vertex 26.3624 26.3624 2.39
    endloop
  endfacet
  facet normal 0.751843 0.659342 0
    outer loop
      vertex 26.3624 26.3624 0
      vertex 29.5778 22.6959 2.39
      vertex 29.5778 22.6959 0
    endloop
  endfacet
  facet normal -0.659342 0.751843 0
    outer loop
      vertex -22.6959 29.5778 0
      vertex -26.3624 26.3624 2.39
      vertex -22.6959 29.5778 2.39
    endloop
  endfacet
  facet normal -0.659342 0.751843 0
    outer loop
      vertex -26.3624 26.3624 2.39
      vertex -22.6959 29.5778 0
      vertex -26.3624 26.3624 0
    endloop
  endfacet
  facet normal -0.321445 0.946928 0
    outer loop
      vertex -9.64929 36.0117 0
      vertex -14.2672 34.4441 2.39
      vertex -9.64929 36.0117 2.39
    endloop
  endfacet
  facet normal -0.321445 0.946928 0
    outer loop
      vertex -14.2672 34.4441 2.39
      vertex -9.64929 36.0117 0
      vertex -14.2672 34.4441 0
    endloop
  endfacet
  facet normal 0.946928 0.321445 0
    outer loop
      vertex 36.0117 9.64929 2.39
      vertex 34.4441 14.2672 0
      vertex 34.4441 14.2672 2.39
    endloop
  endfacet
  facet normal 0.946928 0.321445 0
    outer loop
      vertex 34.4441 14.2672 0
      vertex 36.0117 9.64929 2.39
      vertex 36.0117 9.64929 0
    endloop
  endfacet
  facet normal 0.980785 0.19509 0
    outer loop
      vertex 36.9631 4.86628 2.39
      vertex 36.0117 9.64929 0
      vertex 36.0117 9.64929 2.39
    endloop
  endfacet
  facet normal 0.980785 0.19509 0
    outer loop
      vertex 36.0117 9.64929 0
      vertex 36.9631 4.86628 2.39
      vertex 36.9631 4.86628 0
    endloop
  endfacet
  facet normal 0.896874 0.442285 0
    outer loop
      vertex 34.4441 14.2672 2.39
      vertex 32.2872 18.641 0
      vertex 32.2872 18.641 2.39
    endloop
  endfacet
  facet normal 0.896874 0.442285 0
    outer loop
      vertex 32.2872 18.641 0
      vertex 34.4441 14.2672 2.39
      vertex 34.4441 14.2672 0
    endloop
  endfacet
  facet normal 0.442285 0.896874 -0
    outer loop
      vertex 18.641 32.2872 0
      vertex 14.2672 34.4441 2.39
      vertex 18.641 32.2872 2.39
    endloop
  endfacet
  facet normal 0.442285 0.896874 0
    outer loop
      vertex 14.2672 34.4441 2.39
      vertex 18.641 32.2872 0
      vertex 14.2672 34.4441 0
    endloop
  endfacet
  facet normal 0.321445 0.946928 -0
    outer loop
      vertex 14.2672 34.4441 0
      vertex 9.64929 36.0117 2.39
      vertex 14.2672 34.4441 2.39
    endloop
  endfacet
  facet normal 0.321445 0.946928 0
    outer loop
      vertex 9.64929 36.0117 2.39
      vertex 14.2672 34.4441 0
      vertex 9.64929 36.0117 0
    endloop
  endfacet
  facet normal 0.555571 0.831469 -0
    outer loop
      vertex 22.6959 29.5778 0
      vertex 18.641 32.2872 2.39
      vertex 22.6959 29.5778 2.39
    endloop
  endfacet
  facet normal 0.555571 0.831469 0
    outer loop
      vertex 18.641 32.2872 2.39
      vertex 22.6959 29.5778 0
      vertex 18.641 32.2872 0
    endloop
  endfacet
  facet normal -0.896874 0.442285 0
    outer loop
      vertex -34.4441 14.2672 0
      vertex -32.2872 18.641 2.39
      vertex -32.2872 18.641 0
    endloop
  endfacet
  facet normal -0.896874 0.442285 0
    outer loop
      vertex -32.2872 18.641 2.39
      vertex -34.4441 14.2672 0
      vertex -34.4441 14.2672 2.39
    endloop
  endfacet
  facet normal -0.946928 0.321445 0
    outer loop
      vertex -36.0117 9.64929 0
      vertex -34.4441 14.2672 2.39
      vertex -34.4441 14.2672 0
    endloop
  endfacet
  facet normal -0.946928 0.321445 0
    outer loop
      vertex -34.4441 14.2672 2.39
      vertex -36.0117 9.64929 0
      vertex -36.0117 9.64929 2.39
    endloop
  endfacet
  facet normal -0.442285 0.896874 0
    outer loop
      vertex -14.2672 34.4441 0
      vertex -18.641 32.2872 2.39
      vertex -14.2672 34.4441 2.39
    endloop
  endfacet
  facet normal -0.442285 0.896874 0
    outer loop
      vertex -18.641 32.2872 2.39
      vertex -14.2672 34.4441 0
      vertex -18.641 32.2872 0
    endloop
  endfacet
  facet normal -0.19509 0.980785 0
    outer loop
      vertex -4.86628 36.9631 0
      vertex -9.64929 36.0117 2.39
      vertex -4.86628 36.9631 2.39
    endloop
  endfacet
  facet normal -0.19509 0.980785 0
    outer loop
      vertex -9.64929 36.0117 2.39
      vertex -4.86628 36.9631 0
      vertex -9.64929 36.0117 0
    endloop
  endfacet
  facet normal 0.442285 -0.896874 0
    outer loop
      vertex 14.2672 -34.4441 0
      vertex 18.641 -32.2872 2.39
      vertex 14.2672 -34.4441 2.39
    endloop
  endfacet
  facet normal 0.442285 -0.896874 0
    outer loop
      vertex 18.641 -32.2872 2.39
      vertex 14.2672 -34.4441 0
      vertex 18.641 -32.2872 0
    endloop
  endfacet
  facet normal 0.946928 -0.321445 0
    outer loop
      vertex 34.4441 -14.2672 2.39
      vertex 36.0117 -9.64929 0
      vertex 36.0117 -9.64929 2.39
    endloop
  endfacet
  facet normal 0.946928 -0.321445 0
    outer loop
      vertex 36.0117 -9.64929 0
      vertex 34.4441 -14.2672 2.39
      vertex 34.4441 -14.2672 0
    endloop
  endfacet
  facet normal -0.321445 -0.946928 0
    outer loop
      vertex -14.2672 -34.4441 0
      vertex -9.64929 -36.0117 2.39
      vertex -14.2672 -34.4441 2.39
    endloop
  endfacet
  facet normal -0.321445 -0.946928 -0
    outer loop
      vertex -9.64929 -36.0117 2.39
      vertex -14.2672 -34.4441 0
      vertex -9.64929 -36.0117 0
    endloop
  endfacet
  facet normal -0.896874 -0.442285 0
    outer loop
      vertex -32.2872 -18.641 0
      vertex -34.4441 -14.2672 2.39
      vertex -34.4441 -14.2672 0
    endloop
  endfacet
  facet normal -0.896874 -0.442285 0
    outer loop
      vertex -34.4441 -14.2672 2.39
      vertex -32.2872 -18.641 0
      vertex -32.2872 -18.641 2.39
    endloop
  endfacet
  facet normal 0.831469 0.555571 0
    outer loop
      vertex 32.2872 18.641 2.39
      vertex 29.5778 22.6959 0
      vertex 29.5778 22.6959 2.39
    endloop
  endfacet
  facet normal 0.831469 0.555571 0
    outer loop
      vertex 29.5778 22.6959 0
      vertex 32.2872 18.641 2.39
      vertex 32.2872 18.641 0
    endloop
  endfacet
  facet normal 0.19509 0.980785 -0
    outer loop
      vertex 9.64929 36.0117 0
      vertex 4.86628 36.9631 2.39
      vertex 9.64929 36.0117 2.39
    endloop
  endfacet
  facet normal 0.19509 0.980785 0
    outer loop
      vertex 4.86628 36.9631 2.39
      vertex 9.64929 36.0117 0
      vertex 4.86628 36.9631 0
    endloop
  endfacet
  facet normal 0.659342 0.751843 -0
    outer loop
      vertex 26.3624 26.3624 0
      vertex 22.6959 29.5778 2.39
      vertex 26.3624 26.3624 2.39
    endloop
  endfacet
  facet normal 0.659342 0.751843 0
    outer loop
      vertex 22.6959 29.5778 2.39
      vertex 26.3624 26.3624 0
      vertex 22.6959 29.5778 0
    endloop
  endfacet
  facet normal -0.831469 0.555571 0
    outer loop
      vertex -32.2872 18.641 0
      vertex -29.5778 22.6959 2.39
      vertex -29.5778 22.6959 0
    endloop
  endfacet
  facet normal -0.831469 0.555571 0
    outer loop
      vertex -29.5778 22.6959 2.39
      vertex -32.2872 18.641 0
      vertex -32.2872 18.641 2.39
    endloop
  endfacet
  facet normal -0.751843 0.659342 0
    outer loop
      vertex -29.5778 22.6959 0
      vertex -26.3624 26.3624 2.39
      vertex -26.3624 26.3624 0
    endloop
  endfacet
  facet normal -0.751843 0.659342 0
    outer loop
      vertex -26.3624 26.3624 2.39
      vertex -29.5778 22.6959 0
      vertex -29.5778 22.6959 2.39
    endloop
  endfacet
  facet normal -0.980785 0.19509 0
    outer loop
      vertex -36.9631 4.86628 0
      vertex -36.0117 9.64929 2.39
      vertex -36.0117 9.64929 0
    endloop
  endfacet
  facet normal -0.980785 0.19509 0
    outer loop
      vertex -36.0117 9.64929 2.39
      vertex -36.9631 4.86628 0
      vertex -36.9631 4.86628 2.39
    endloop
  endfacet
  facet normal -0.555571 0.831469 0
    outer loop
      vertex -18.641 32.2872 0
      vertex -22.6959 29.5778 2.39
      vertex -18.641 32.2872 2.39
    endloop
  endfacet
  facet normal -0.555571 0.831469 0
    outer loop
      vertex -22.6959 29.5778 2.39
      vertex -18.641 32.2872 0
      vertex -22.6959 29.5778 0
    endloop
  endfacet
  facet normal -0.0653923 0.99786 0
    outer loop
      vertex 0 37.282 0
      vertex -4.86628 36.9631 2.39
      vertex 0 37.282 2.39
    endloop
  endfacet
  facet normal -0.0653923 0.99786 0
    outer loop
      vertex -4.86628 36.9631 2.39
      vertex 0 37.282 0
      vertex -4.86628 36.9631 0
    endloop
  endfacet
  facet normal 0.0653923 -0.99786 0
    outer loop
      vertex 0 -37.282 0
      vertex 4.86628 -36.9631 2.39
      vertex 0 -37.282 2.39
    endloop
  endfacet
  facet normal 0.0653923 -0.99786 0
    outer loop
      vertex 4.86628 -36.9631 2.39
      vertex 0 -37.282 0
      vertex 4.86628 -36.9631 0
    endloop
  endfacet
  facet normal 0.321445 -0.946928 0
    outer loop
      vertex 9.64929 -36.0117 0
      vertex 14.2672 -34.4441 2.39
      vertex 9.64929 -36.0117 2.39
    endloop
  endfacet
  facet normal 0.321445 -0.946928 0
    outer loop
      vertex 14.2672 -34.4441 2.39
      vertex 9.64929 -36.0117 0
      vertex 14.2672 -34.4441 0
    endloop
  endfacet
  facet normal 0.555571 -0.831469 0
    outer loop
      vertex 18.641 -32.2872 0
      vertex 22.6959 -29.5778 2.39
      vertex 18.641 -32.2872 2.39
    endloop
  endfacet
  facet normal 0.555571 -0.831469 0
    outer loop
      vertex 22.6959 -29.5778 2.39
      vertex 18.641 -32.2872 0
      vertex 22.6959 -29.5778 0
    endloop
  endfacet
  facet normal 0.751843 -0.659342 0
    outer loop
      vertex 26.3624 -26.3624 2.39
      vertex 29.5778 -22.6959 0
      vertex 29.5778 -22.6959 2.39
    endloop
  endfacet
  facet normal 0.751843 -0.659342 0
    outer loop
      vertex 29.5778 -22.6959 0
      vertex 26.3624 -26.3624 2.39
      vertex 26.3624 -26.3624 0
    endloop
  endfacet
  facet normal 0.896874 -0.442285 0
    outer loop
      vertex 32.2872 -18.641 2.39
      vertex 34.4441 -14.2672 0
      vertex 34.4441 -14.2672 2.39
    endloop
  endfacet
  facet normal 0.896874 -0.442285 0
    outer loop
      vertex 34.4441 -14.2672 0
      vertex 32.2872 -18.641 2.39
      vertex 32.2872 -18.641 0
    endloop
  endfacet
  facet normal -0.659342 -0.751843 0
    outer loop
      vertex -26.3624 -26.3624 0
      vertex -22.6959 -29.5778 2.39
      vertex -26.3624 -26.3624 2.39
    endloop
  endfacet
  facet normal -0.659342 -0.751843 -0
    outer loop
      vertex -22.6959 -29.5778 2.39
      vertex -26.3624 -26.3624 0
      vertex -22.6959 -29.5778 0
    endloop
  endfacet
  facet normal -0.442285 -0.896874 0
    outer loop
      vertex -18.641 -32.2872 0
      vertex -14.2672 -34.4441 2.39
      vertex -18.641 -32.2872 2.39
    endloop
  endfacet
  facet normal -0.442285 -0.896874 -0
    outer loop
      vertex -14.2672 -34.4441 2.39
      vertex -18.641 -32.2872 0
      vertex -14.2672 -34.4441 0
    endloop
  endfacet
  facet normal -0.19509 -0.980785 0
    outer loop
      vertex -9.64929 -36.0117 0
      vertex -4.86628 -36.9631 2.39
      vertex -9.64929 -36.0117 2.39
    endloop
  endfacet
  facet normal -0.19509 -0.980785 -0
    outer loop
      vertex -4.86628 -36.9631 2.39
      vertex -9.64929 -36.0117 0
      vertex -4.86628 -36.9631 0
    endloop
  endfacet
  facet normal -0.831469 -0.555571 0
    outer loop
      vertex -29.5778 -22.6959 0
      vertex -32.2872 -18.641 2.39
      vertex -32.2872 -18.641 0
    endloop
  endfacet
  facet normal -0.831469 -0.555571 0
    outer loop
      vertex -32.2872 -18.641 2.39
      vertex -29.5778 -22.6959 0
      vertex -29.5778 -22.6959 2.39
    endloop
  endfacet
  facet normal -0.946928 -0.321445 0
    outer loop
      vertex -34.4441 -14.2672 0
      vertex -36.0117 -9.64929 2.39
      vertex -36.0117 -9.64929 0
    endloop
  endfacet
  facet normal -0.946928 -0.321445 0
    outer loop
      vertex -36.0117 -9.64929 2.39
      vertex -34.4441 -14.2672 0
      vertex -34.4441 -14.2672 2.39
    endloop
  endfacet
  facet normal -0.99786 -0.0653923 0
    outer loop
      vertex -36.9631 -4.86628 0
      vertex -37.282 0 2.39
      vertex -37.282 0 0
    endloop
  endfacet
  facet normal -0.99786 -0.0653923 0
    outer loop
      vertex -37.282 0 2.39
      vertex -36.9631 -4.86628 0
      vertex -36.9631 -4.86628 2.39
    endloop
  endfacet
  facet normal 0.19509 -0.980785 0
    outer loop
      vertex 4.86628 -36.9631 0
      vertex 9.64929 -36.0117 2.39
      vertex 4.86628 -36.9631 2.39
    endloop
  endfacet
  facet normal 0.19509 -0.980785 0
    outer loop
      vertex 9.64929 -36.0117 2.39
      vertex 4.86628 -36.9631 0
      vertex 9.64929 -36.0117 0
    endloop
  endfacet
  facet normal 0.659342 -0.751843 0
    outer loop
      vertex 22.6959 -29.5778 0
      vertex 26.3624 -26.3624 2.39
      vertex 22.6959 -29.5778 2.39
    endloop
  endfacet
  facet normal 0.659342 -0.751843 0
    outer loop
      vertex 26.3624 -26.3624 2.39
      vertex 22.6959 -29.5778 0
      vertex 26.3624 -26.3624 0
    endloop
  endfacet
  facet normal 0.831469 -0.555571 0
    outer loop
      vertex 29.5778 -22.6959 2.39
      vertex 32.2872 -18.641 0
      vertex 32.2872 -18.641 2.39
    endloop
  endfacet
  facet normal 0.831469 -0.555571 0
    outer loop
      vertex 32.2872 -18.641 0
      vertex 29.5778 -22.6959 2.39
      vertex 29.5778 -22.6959 0
    endloop
  endfacet
  facet normal 0.980785 -0.19509 0
    outer loop
      vertex 36.0117 -9.64929 2.39
      vertex 36.9631 -4.86628 0
      vertex 36.9631 -4.86628 2.39
    endloop
  endfacet
  facet normal 0.980785 -0.19509 0
    outer loop
      vertex 36.9631 -4.86628 0
      vertex 36.0117 -9.64929 2.39
      vertex 36.0117 -9.64929 0
    endloop
  endfacet
  facet normal 0.99786 -0.0653923 0
    outer loop
      vertex 36.9631 -4.86628 2.39
      vertex 37.282 0 0
      vertex 37.282 0 2.39
    endloop
  endfacet
  facet normal 0.99786 -0.0653923 0
    outer loop
      vertex 37.282 0 0
      vertex 36.9631 -4.86628 2.39
      vertex 36.9631 -4.86628 0
    endloop
  endfacet
  facet normal -0.555571 -0.831469 0
    outer loop
      vertex -22.6959 -29.5778 0
      vertex -18.641 -32.2872 2.39
      vertex -22.6959 -29.5778 2.39
    endloop
  endfacet
  facet normal -0.555571 -0.831469 -0
    outer loop
      vertex -18.641 -32.2872 2.39
      vertex -22.6959 -29.5778 0
      vertex -18.641 -32.2872 0
    endloop
  endfacet
  facet normal -0.0653923 -0.99786 0
    outer loop
      vertex -4.86628 -36.9631 0
      vertex 0 -37.282 2.39
      vertex -4.86628 -36.9631 2.39
    endloop
  endfacet
  facet normal -0.0653923 -0.99786 -0
    outer loop
      vertex 0 -37.282 2.39
      vertex -4.86628 -36.9631 0
      vertex 0 -37.282 0
    endloop
  endfacet
  facet normal -0.980785 -0.19509 0
    outer loop
      vertex -36.0117 -9.64929 0
      vertex -36.9631 -4.86628 2.39
      vertex -36.9631 -4.86628 0
    endloop
  endfacet
  facet normal -0.980785 -0.19509 0
    outer loop
      vertex -36.9631 -4.86628 2.39
      vertex -36.0117 -9.64929 0
      vertex -36.0117 -9.64929 2.39
    endloop
  endfacet
  facet normal 0.86603 -0.499992 0
    outer loop
      vertex -35.5156 17.8491 2.39
      vertex -33.2156 21.8329 0
      vertex -33.2156 21.8329 2.39
    endloop
  endfacet
  facet normal 0.86603 -0.499992 0
    outer loop
      vertex -33.2156 21.8329 0
      vertex -35.5156 17.8491 2.39
      vertex -35.5156 17.8491 0
    endloop
  endfacet
  facet normal -0.500065 -0.865988 0
    outer loop
      vertex -33.2156 21.8329 0
      vertex -32.5655 21.4575 2.39
      vertex -33.2156 21.8329 2.39
    endloop
  endfacet
  facet normal -0.500065 -0.865988 -0
    outer loop
      vertex -32.5655 21.4575 2.39
      vertex -33.2156 21.8329 0
      vertex -32.5655 21.4575 0
    endloop
  endfacet
  facet normal 0.499965 0.866046 -0
    outer loop
      vertex -34.8655 17.4738 0
      vertex -35.5156 17.8491 2.39
      vertex -34.8655 17.4738 2.39
    endloop
  endfacet
  facet normal 0.499965 0.866046 0
    outer loop
      vertex -35.5156 17.8491 2.39
      vertex -34.8655 17.4738 0
      vertex -35.5156 17.8491 0
    endloop
  endfacet
  facet normal -0.997872 -0.0652086 0
    outer loop
      vertex -15.8 -8 0
      vertex -15.8145 -7.77811 1.5
      vertex -15.8145 -7.77811 0
    endloop
  endfacet
  facet normal -0.997872 -0.0652086 0
    outer loop
      vertex -15.8145 -7.77811 1.5
      vertex -15.8 -8 0
      vertex -15.8 -8 1.5
    endloop
  endfacet
  facet normal 0.997872 -0.0652086 0
    outer loop
      vertex -19.2 -8 1.5
      vertex -19.1855 -7.77811 0
      vertex -19.1855 -7.77811 1.5
    endloop
  endfacet
  facet normal 0.997872 -0.0652086 0
    outer loop
      vertex -19.1855 -7.77811 0
      vertex -19.2 -8 1.5
      vertex -19.2 -8 0
    endloop
  endfacet
  facet normal -0.0653848 -0.99786 0
    outer loop
      vertex -17.5 -6.3 0
      vertex -17.2781 -6.31454 1.5
      vertex -17.5 -6.3 1.5
    endloop
  endfacet
  facet normal -0.0653848 -0.99786 -0
    outer loop
      vertex -17.2781 -6.31454 1.5
      vertex -17.5 -6.3 0
      vertex -17.2781 -6.31454 0
    endloop
  endfacet
  facet normal 0.751888 0.659291 0
    outer loop
      vertex -18.7021 -9.20208 1.5
      vertex -18.8487 -9.03489 0
      vertex -18.8487 -9.03489 1.5
    endloop
  endfacet
  facet normal 0.751888 0.659291 0
    outer loop
      vertex -18.8487 -9.03489 0
      vertex -18.7021 -9.20208 1.5
      vertex -18.7021 -9.20208 0
    endloop
  endfacet
  facet normal -0.659319 -0.751863 0
    outer loop
      vertex -16.4651 -6.6513 0
      vertex -16.2979 -6.79792 1.5
      vertex -16.4651 -6.6513 1.5
    endloop
  endfacet
  facet normal -0.659319 -0.751863 -0
    outer loop
      vertex -16.2979 -6.79792 1.5
      vertex -16.4651 -6.6513 0
      vertex -16.2979 -6.79792 0
    endloop
  endfacet
  facet normal 0.659319 -0.751863 0
    outer loop
      vertex -18.7021 -6.79792 0
      vertex -18.5349 -6.6513 1.5
      vertex -18.7021 -6.79792 1.5
    endloop
  endfacet
  facet normal 0.659319 -0.751863 0
    outer loop
      vertex -18.5349 -6.6513 1.5
      vertex -18.7021 -6.79792 0
      vertex -18.5349 -6.6513 0
    endloop
  endfacet
  facet normal 0.321403 -0.946943 0
    outer loop
      vertex -18.1506 -6.42941 0
      vertex -17.94 -6.35793 1.5
      vertex -18.1506 -6.42941 1.5
    endloop
  endfacet
  facet normal 0.321403 -0.946943 0
    outer loop
      vertex -17.94 -6.35793 1.5
      vertex -18.1506 -6.42941 0
      vertex -17.94 -6.35793 0
    endloop
  endfacet
  facet normal -0.896789 -0.442459 0
    outer loop
      vertex -15.9294 -7.34944 0
      vertex -16.0278 -7.15 1.5
      vertex -16.0278 -7.15 0
    endloop
  endfacet
  facet normal -0.896789 -0.442459 0
    outer loop
      vertex -16.0278 -7.15 1.5
      vertex -15.9294 -7.34944 0
      vertex -15.9294 -7.34944 1.5
    endloop
  endfacet
  facet normal -0.98077 -0.195165 0
    outer loop
      vertex -15.8145 -7.77811 0
      vertex -15.8579 -7.56001 1.5
      vertex -15.8579 -7.56001 0
    endloop
  endfacet
  facet normal -0.98077 -0.195165 0
    outer loop
      vertex -15.8579 -7.56001 1.5
      vertex -15.8145 -7.77811 0
      vertex -15.8145 -7.77811 1.5
    endloop
  endfacet
  facet normal -0.831552 -0.555447 0
    outer loop
      vertex -16.0278 -7.15 0
      vertex -16.1513 -6.96511 1.5
      vertex -16.1513 -6.96511 0
    endloop
  endfacet
  facet normal -0.831552 -0.555447 0
    outer loop
      vertex -16.1513 -6.96511 1.5
      vertex -16.0278 -7.15 0
      vertex -16.0278 -7.15 1.5
    endloop
  endfacet
  facet normal -0.321403 -0.946943 0
    outer loop
      vertex -17.06 -6.35793 0
      vertex -16.8494 -6.42941 1.5
      vertex -17.06 -6.35793 1.5
    endloop
  endfacet
  facet normal -0.321403 -0.946943 -0
    outer loop
      vertex -16.8494 -6.42941 1.5
      vertex -17.06 -6.35793 0
      vertex -16.8494 -6.42941 0
    endloop
  endfacet
  facet normal -0.195122 -0.980779 0
    outer loop
      vertex -17.2781 -6.31454 0
      vertex -17.06 -6.35793 1.5
      vertex -17.2781 -6.31454 1.5
    endloop
  endfacet
  facet normal -0.195122 -0.980779 -0
    outer loop
      vertex -17.06 -6.35793 1.5
      vertex -17.2781 -6.31454 0
      vertex -17.06 -6.35793 0
    endloop
  endfacet
  facet normal -0.442349 -0.896843 0
    outer loop
      vertex -16.8494 -6.42941 0
      vertex -16.65 -6.52776 1.5
      vertex -16.8494 -6.42941 1.5
    endloop
  endfacet
  facet normal -0.442349 -0.896843 -0
    outer loop
      vertex -16.65 -6.52776 1.5
      vertex -16.8494 -6.42941 0
      vertex -16.65 -6.52776 0
    endloop
  endfacet
  facet normal 0.896789 -0.442459 0
    outer loop
      vertex -19.0706 -7.34944 1.5
      vertex -18.9722 -7.15 0
      vertex -18.9722 -7.15 1.5
    endloop
  endfacet
  facet normal 0.896789 -0.442459 0
    outer loop
      vertex -18.9722 -7.15 0
      vertex -19.0706 -7.34944 1.5
      vertex -19.0706 -7.34944 0
    endloop
  endfacet
  facet normal 0.751888 -0.659291 0
    outer loop
      vertex -18.8487 -6.96511 1.5
      vertex -18.7021 -6.79792 0
      vertex -18.7021 -6.79792 1.5
    endloop
  endfacet
  facet normal 0.751888 -0.659291 0
    outer loop
      vertex -18.7021 -6.79792 0
      vertex -18.8487 -6.96511 1.5
      vertex -18.8487 -6.96511 0
    endloop
  endfacet
  facet normal 0.946901 -0.321525 0
    outer loop
      vertex -19.1421 -7.56001 1.5
      vertex -19.0706 -7.34944 0
      vertex -19.0706 -7.34944 1.5
    endloop
  endfacet
  facet normal 0.946901 -0.321525 0
    outer loop
      vertex -19.0706 -7.34944 0
      vertex -19.1421 -7.56001 1.5
      vertex -19.1421 -7.56001 0
    endloop
  endfacet
  facet normal 0.195122 -0.980779 0
    outer loop
      vertex -17.94 -6.35793 0
      vertex -17.7219 -6.31454 1.5
      vertex -17.94 -6.35793 1.5
    endloop
  endfacet
  facet normal 0.195122 -0.980779 0
    outer loop
      vertex -17.7219 -6.31454 1.5
      vertex -17.94 -6.35793 0
      vertex -17.7219 -6.31454 0
    endloop
  endfacet
  facet normal -0.98077 0.195165 0
    outer loop
      vertex -15.8579 -8.43999 0
      vertex -15.8145 -8.22189 1.5
      vertex -15.8145 -8.22189 0
    endloop
  endfacet
  facet normal -0.98077 0.195165 0
    outer loop
      vertex -15.8145 -8.22189 1.5
      vertex -15.8579 -8.43999 0
      vertex -15.8579 -8.43999 1.5
    endloop
  endfacet
  facet normal 0.659319 0.751863 -0
    outer loop
      vertex -18.5349 -9.3487 0
      vertex -18.7021 -9.20208 1.5
      vertex -18.5349 -9.3487 1.5
    endloop
  endfacet
  facet normal 0.659319 0.751863 0
    outer loop
      vertex -18.7021 -9.20208 1.5
      vertex -18.5349 -9.3487 0
      vertex -18.7021 -9.20208 0
    endloop
  endfacet
  facet normal 0.321403 0.946943 -0
    outer loop
      vertex -17.94 -9.64207 0
      vertex -18.1506 -9.57059 1.5
      vertex -17.94 -9.64207 1.5
    endloop
  endfacet
  facet normal 0.321403 0.946943 0
    outer loop
      vertex -18.1506 -9.57059 1.5
      vertex -17.94 -9.64207 0
      vertex -18.1506 -9.57059 0
    endloop
  endfacet
  facet normal -0.946901 -0.321525 0
    outer loop
      vertex -15.8579 -7.56001 0
      vertex -15.9294 -7.34944 1.5
      vertex -15.9294 -7.34944 0
    endloop
  endfacet
  facet normal -0.946901 -0.321525 0
    outer loop
      vertex -15.9294 -7.34944 1.5
      vertex -15.8579 -7.56001 0
      vertex -15.8579 -7.56001 1.5
    endloop
  endfacet
  facet normal -0.751888 -0.659291 0
    outer loop
      vertex -16.1513 -6.96511 0
      vertex -16.2979 -6.79792 1.5
      vertex -16.2979 -6.79792 0
    endloop
  endfacet
  facet normal -0.751888 -0.659291 0
    outer loop
      vertex -16.2979 -6.79792 1.5
      vertex -16.1513 -6.96511 0
      vertex -16.1513 -6.96511 1.5
    endloop
  endfacet
  facet normal -0.555551 -0.831483 0
    outer loop
      vertex -16.65 -6.52776 0
      vertex -16.4651 -6.6513 1.5
      vertex -16.65 -6.52776 1.5
    endloop
  endfacet
  facet normal -0.555551 -0.831483 -0
    outer loop
      vertex -16.4651 -6.6513 1.5
      vertex -16.65 -6.52776 0
      vertex -16.4651 -6.6513 0
    endloop
  endfacet
  facet normal 0.831552 -0.555447 0
    outer loop
      vertex -18.9722 -7.15 1.5
      vertex -18.8487 -6.96511 0
      vertex -18.8487 -6.96511 1.5
    endloop
  endfacet
  facet normal 0.831552 -0.555447 0
    outer loop
      vertex -18.8487 -6.96511 0
      vertex -18.9722 -7.15 1.5
      vertex -18.9722 -7.15 0
    endloop
  endfacet
  facet normal 0.98077 -0.195165 0
    outer loop
      vertex -19.1855 -7.77811 1.5
      vertex -19.1421 -7.56001 0
      vertex -19.1421 -7.56001 1.5
    endloop
  endfacet
  facet normal 0.98077 -0.195165 0
    outer loop
      vertex -19.1421 -7.56001 0
      vertex -19.1855 -7.77811 1.5
      vertex -19.1855 -7.77811 0
    endloop
  endfacet
  facet normal 0.442349 -0.896843 0
    outer loop
      vertex -18.35 -6.52776 0
      vertex -18.1506 -6.42941 1.5
      vertex -18.35 -6.52776 1.5
    endloop
  endfacet
  facet normal 0.442349 -0.896843 0
    outer loop
      vertex -18.1506 -6.42941 1.5
      vertex -18.35 -6.52776 0
      vertex -18.1506 -6.42941 0
    endloop
  endfacet
  facet normal 0.555551 -0.831483 0
    outer loop
      vertex -18.5349 -6.6513 0
      vertex -18.35 -6.52776 1.5
      vertex -18.5349 -6.6513 1.5
    endloop
  endfacet
  facet normal 0.555551 -0.831483 0
    outer loop
      vertex -18.35 -6.52776 1.5
      vertex -18.5349 -6.6513 0
      vertex -18.35 -6.52776 0
    endloop
  endfacet
  facet normal 0.0653848 -0.99786 0
    outer loop
      vertex -17.7219 -6.31454 0
      vertex -17.5 -6.3 1.5
      vertex -17.7219 -6.31454 1.5
    endloop
  endfacet
  facet normal 0.0653848 -0.99786 0
    outer loop
      vertex -17.5 -6.3 1.5
      vertex -17.7219 -6.31454 0
      vertex -17.5 -6.3 0
    endloop
  endfacet
  facet normal -0.997872 0.0652086 0
    outer loop
      vertex -15.8145 -8.22189 0
      vertex -15.8 -8 1.5
      vertex -15.8 -8 0
    endloop
  endfacet
  facet normal -0.997872 0.0652086 0
    outer loop
      vertex -15.8 -8 1.5
      vertex -15.8145 -8.22189 0
      vertex -15.8145 -8.22189 1.5
    endloop
  endfacet
  facet normal -0.0653848 0.99786 0
    outer loop
      vertex -17.2781 -9.68546 0
      vertex -17.5 -9.7 1.5
      vertex -17.2781 -9.68546 1.5
    endloop
  endfacet
  facet normal -0.0653848 0.99786 0
    outer loop
      vertex -17.5 -9.7 1.5
      vertex -17.2781 -9.68546 0
      vertex -17.5 -9.7 0
    endloop
  endfacet
  facet normal -0.321403 0.946943 0
    outer loop
      vertex -16.8494 -9.57059 0
      vertex -17.06 -9.64207 1.5
      vertex -16.8494 -9.57059 1.5
    endloop
  endfacet
  facet normal -0.321403 0.946943 0
    outer loop
      vertex -17.06 -9.64207 1.5
      vertex -16.8494 -9.57059 0
      vertex -17.06 -9.64207 0
    endloop
  endfacet
  facet normal -0.659319 0.751863 0
    outer loop
      vertex -16.2979 -9.20208 0
      vertex -16.4651 -9.3487 1.5
      vertex -16.2979 -9.20208 1.5
    endloop
  endfacet
  facet normal -0.659319 0.751863 0
    outer loop
      vertex -16.4651 -9.3487 1.5
      vertex -16.2979 -9.20208 0
      vertex -16.4651 -9.3487 0
    endloop
  endfacet
  facet normal -0.442349 0.896843 0
    outer loop
      vertex -16.65 -9.47224 0
      vertex -16.8494 -9.57059 1.5
      vertex -16.65 -9.47224 1.5
    endloop
  endfacet
  facet normal -0.442349 0.896843 0
    outer loop
      vertex -16.8494 -9.57059 1.5
      vertex -16.65 -9.47224 0
      vertex -16.8494 -9.57059 0
    endloop
  endfacet
  facet normal -0.831552 0.555447 0
    outer loop
      vertex -16.1513 -9.03489 0
      vertex -16.0278 -8.85 1.5
      vertex -16.0278 -8.85 0
    endloop
  endfacet
  facet normal -0.831552 0.555447 0
    outer loop
      vertex -16.0278 -8.85 1.5
      vertex -16.1513 -9.03489 0
      vertex -16.1513 -9.03489 1.5
    endloop
  endfacet
  facet normal -0.946901 0.321525 0
    outer loop
      vertex -15.9294 -8.65056 0
      vertex -15.8579 -8.43999 1.5
      vertex -15.8579 -8.43999 0
    endloop
  endfacet
  facet normal -0.946901 0.321525 0
    outer loop
      vertex -15.8579 -8.43999 1.5
      vertex -15.9294 -8.65056 0
      vertex -15.9294 -8.65056 1.5
    endloop
  endfacet
  facet normal 0.555551 0.831483 -0
    outer loop
      vertex -18.35 -9.47224 0
      vertex -18.5349 -9.3487 1.5
      vertex -18.35 -9.47224 1.5
    endloop
  endfacet
  facet normal 0.555551 0.831483 0
    outer loop
      vertex -18.5349 -9.3487 1.5
      vertex -18.35 -9.47224 0
      vertex -18.5349 -9.3487 0
    endloop
  endfacet
  facet normal 0.195122 0.980779 -0
    outer loop
      vertex -17.7219 -9.68546 0
      vertex -17.94 -9.64207 1.5
      vertex -17.7219 -9.68546 1.5
    endloop
  endfacet
  facet normal 0.195122 0.980779 0
    outer loop
      vertex -17.94 -9.64207 1.5
      vertex -17.7219 -9.68546 0
      vertex -17.94 -9.64207 0
    endloop
  endfacet
  facet normal 0.896789 0.442459 0
    outer loop
      vertex -18.9722 -8.85 1.5
      vertex -19.0706 -8.65056 0
      vertex -19.0706 -8.65056 1.5
    endloop
  endfacet
  facet normal 0.896789 0.442459 0
    outer loop
      vertex -19.0706 -8.65056 0
      vertex -18.9722 -8.85 1.5
      vertex -18.9722 -8.85 0
    endloop
  endfacet
  facet normal 0.946901 0.321525 0
    outer loop
      vertex -19.0706 -8.65056 1.5
      vertex -19.1421 -8.43999 0
      vertex -19.1421 -8.43999 1.5
    endloop
  endfacet
  facet normal 0.946901 0.321525 0
    outer loop
      vertex -19.1421 -8.43999 0
      vertex -19.0706 -8.65056 1.5
      vertex -19.0706 -8.65056 0
    endloop
  endfacet
  facet normal 0.997872 0.0652086 0
    outer loop
      vertex -19.1855 -8.22189 1.5
      vertex -19.2 -8 0
      vertex -19.2 -8 1.5
    endloop
  endfacet
  facet normal 0.997872 0.0652086 0
    outer loop
      vertex -19.2 -8 0
      vertex -19.1855 -8.22189 1.5
      vertex -19.1855 -8.22189 0
    endloop
  endfacet
  facet normal -0.195122 0.980779 0
    outer loop
      vertex -17.06 -9.64207 0
      vertex -17.2781 -9.68546 1.5
      vertex -17.06 -9.64207 1.5
    endloop
  endfacet
  facet normal -0.195122 0.980779 0
    outer loop
      vertex -17.2781 -9.68546 1.5
      vertex -17.06 -9.64207 0
      vertex -17.2781 -9.68546 0
    endloop
  endfacet
  facet normal -0.751888 0.659291 0
    outer loop
      vertex -16.2979 -9.20208 0
      vertex -16.1513 -9.03489 1.5
      vertex -16.1513 -9.03489 0
    endloop
  endfacet
  facet normal -0.751888 0.659291 0
    outer loop
      vertex -16.1513 -9.03489 1.5
      vertex -16.2979 -9.20208 0
      vertex -16.2979 -9.20208 1.5
    endloop
  endfacet
  facet normal -0.555551 0.831483 0
    outer loop
      vertex -16.4651 -9.3487 0
      vertex -16.65 -9.47224 1.5
      vertex -16.4651 -9.3487 1.5
    endloop
  endfacet
  facet normal -0.555551 0.831483 0
    outer loop
      vertex -16.65 -9.47224 1.5
      vertex -16.4651 -9.3487 0
      vertex -16.65 -9.47224 0
    endloop
  endfacet
  facet normal -0.896789 0.442459 0
    outer loop
      vertex -16.0278 -8.85 0
      vertex -15.9294 -8.65056 1.5
      vertex -15.9294 -8.65056 0
    endloop
  endfacet
  facet normal -0.896789 0.442459 0
    outer loop
      vertex -15.9294 -8.65056 1.5
      vertex -16.0278 -8.85 0
      vertex -16.0278 -8.85 1.5
    endloop
  endfacet
  facet normal 0.442349 0.896843 -0
    outer loop
      vertex -18.1506 -9.57059 0
      vertex -18.35 -9.47224 1.5
      vertex -18.1506 -9.57059 1.5
    endloop
  endfacet
  facet normal 0.442349 0.896843 0
    outer loop
      vertex -18.35 -9.47224 1.5
      vertex -18.1506 -9.57059 0
      vertex -18.35 -9.47224 0
    endloop
  endfacet
  facet normal 0.0653848 0.99786 -0
    outer loop
      vertex -17.5 -9.7 0
      vertex -17.7219 -9.68546 1.5
      vertex -17.5 -9.7 1.5
    endloop
  endfacet
  facet normal 0.0653848 0.99786 0
    outer loop
      vertex -17.7219 -9.68546 1.5
      vertex -17.5 -9.7 0
      vertex -17.7219 -9.68546 0
    endloop
  endfacet
  facet normal 0.831552 0.555447 0
    outer loop
      vertex -18.8487 -9.03489 1.5
      vertex -18.9722 -8.85 0
      vertex -18.9722 -8.85 1.5
    endloop
  endfacet
  facet normal 0.831552 0.555447 0
    outer loop
      vertex -18.9722 -8.85 0
      vertex -18.8487 -9.03489 1.5
      vertex -18.8487 -9.03489 0
    endloop
  endfacet
  facet normal 0.98077 0.195165 0
    outer loop
      vertex -19.1421 -8.43999 1.5
      vertex -19.1855 -8.22189 0
      vertex -19.1855 -8.22189 1.5
    endloop
  endfacet
  facet normal 0.98077 0.195165 0
    outer loop
      vertex -19.1855 -8.22189 0
      vertex -19.1421 -8.43999 1.5
      vertex -19.1421 -8.43999 0
    endloop
  endfacet
  facet normal -0.866027 -0.499996 0
    outer loop
      vertex -14.1514 -8 1.5
      vertex -15.8257 -5.1 5
      vertex -15.8257 -5.1 1.5
    endloop
  endfacet
  facet normal -0.866027 -0.499996 0
    outer loop
      vertex -15.8257 -5.1 5
      vertex -14.1514 -8 1.5
      vertex -14.1514 -8 5
    endloop
  endfacet
  facet normal 0.866027 -0.499996 0
    outer loop
      vertex -20.8486 -8 5
      vertex -19.1743 -5.1 1.5
      vertex -19.1743 -5.1 5
    endloop
  endfacet
  facet normal 0.866027 -0.499996 0
    outer loop
      vertex -19.1743 -5.1 1.5
      vertex -20.8486 -8 5
      vertex -20.8486 -8 1.5
    endloop
  endfacet
  facet normal 0 -1 0
    outer loop
      vertex -19.1743 -5.1 1.5
      vertex -15.8257 -5.1 5
      vertex -19.1743 -5.1 5
    endloop
  endfacet
  facet normal 0 -1 -0
    outer loop
      vertex -15.8257 -5.1 5
      vertex -19.1743 -5.1 1.5
      vertex -15.8257 -5.1 1.5
    endloop
  endfacet
  facet normal -0.866027 0.499996 0
    outer loop
      vertex -15.8257 -10.9 1.5
      vertex -14.1514 -8 5
      vertex -14.1514 -8 1.5
    endloop
  endfacet
  facet normal -0.866027 0.499996 0
    outer loop
      vertex -14.1514 -8 5
      vertex -15.8257 -10.9 1.5
      vertex -15.8257 -10.9 5
    endloop
  endfacet
  facet normal 0 0 1
    outer loop
      vertex -14.1514 -8 1.5
      vertex -15.8145 -7.77811 1.5
      vertex -15.8 -8 1.5
    endloop
  endfacet
  facet normal -0 0 1
    outer loop
      vertex -16.0278 -7.15 1.5
      vertex -14.1514 -8 1.5
      vertex -15.8257 -5.1 1.5
    endloop
  endfacet
  facet normal 0 0 1
    outer loop
      vertex -14.1514 -8 1.5
      vertex -15.8579 -7.56001 1.5
      vertex -15.8145 -7.77811 1.5
    endloop
  endfacet
  facet normal 0 0 1
    outer loop
      vertex -14.1514 -8 1.5
      vertex -15.9294 -7.34944 1.5
      vertex -15.8579 -7.56001 1.5
    endloop
  endfacet
  facet normal 0 0 1
    outer loop
      vertex -14.1514 -8 1.5
      vertex -16.0278 -7.15 1.5
      vertex -15.9294 -7.34944 1.5
    endloop
  endfacet
  facet normal 0 0 1
    outer loop
      vertex -15.8257 -5.1 1.5
      vertex -16.1513 -6.96511 1.5
      vertex -16.0278 -7.15 1.5
    endloop
  endfacet
  facet normal 0 0 1
    outer loop
      vertex -15.8257 -5.1 1.5
      vertex -16.2979 -6.79792 1.5
      vertex -16.1513 -6.96511 1.5
    endloop
  endfacet
  facet normal 0 0 1
    outer loop
      vertex -15.8257 -5.1 1.5
      vertex -16.4651 -6.6513 1.5
      vertex -16.2979 -6.79792 1.5
    endloop
  endfacet
  facet normal 0 0 1
    outer loop
      vertex -15.8257 -5.1 1.5
      vertex -16.65 -6.52776 1.5
      vertex -16.4651 -6.6513 1.5
    endloop
  endfacet
  facet normal 0 0 1
    outer loop
      vertex -15.8257 -5.1 1.5
      vertex -16.8494 -6.42941 1.5
      vertex -16.65 -6.52776 1.5
    endloop
  endfacet
  facet normal 0 0 1
    outer loop
      vertex -15.8257 -5.1 1.5
      vertex -17.06 -6.35793 1.5
      vertex -16.8494 -6.42941 1.5
    endloop
  endfacet
  facet normal 0 0 1
    outer loop
      vertex -15.8257 -5.1 1.5
      vertex -17.2781 -6.31454 1.5
      vertex -17.06 -6.35793 1.5
    endloop
  endfacet
  facet normal 0 0 1
    outer loop
      vertex -15.8257 -5.1 1.5
      vertex -17.5 -6.3 1.5
      vertex -17.2781 -6.31454 1.5
    endloop
  endfacet
  facet normal -0 0 1
    outer loop
      vertex -19.1743 -5.1 1.5
      vertex -17.5 -6.3 1.5
      vertex -15.8257 -5.1 1.5
    endloop
  endfacet
  facet normal 0 0 1
    outer loop
      vertex -17.5 -6.3 1.5
      vertex -19.1743 -5.1 1.5
      vertex -17.7219 -6.31454 1.5
    endloop
  endfacet
  facet normal 0 0 1
    outer loop
      vertex -17.7219 -6.31454 1.5
      vertex -19.1743 -5.1 1.5
      vertex -17.94 -6.35793 1.5
    endloop
  endfacet
  facet normal 0 0 1
    outer loop
      vertex -17.94 -6.35793 1.5
      vertex -19.1743 -5.1 1.5
      vertex -18.1506 -6.42941 1.5
    endloop
  endfacet
  facet normal 0 0 1
    outer loop
      vertex -18.1506 -6.42941 1.5
      vertex -19.1743 -5.1 1.5
      vertex -18.35 -6.52776 1.5
    endloop
  endfacet
  facet normal 0 0 1
    outer loop
      vertex -19.1743 -5.1 1.5
      vertex -18.5349 -6.6513 1.5
      vertex -18.35 -6.52776 1.5
    endloop
  endfacet
  facet normal 0 0 1
    outer loop
      vertex -19.1743 -5.1 1.5
      vertex -18.7021 -6.79792 1.5
      vertex -18.5349 -6.6513 1.5
    endloop
  endfacet
  facet normal 0 0 1
    outer loop
      vertex -19.1743 -5.1 1.5
      vertex -18.8487 -6.96511 1.5
      vertex -18.7021 -6.79792 1.5
    endloop
  endfacet
  facet normal 0 0 1
    outer loop
      vertex -19.1743 -5.1 1.5
      vertex -18.9722 -7.15 1.5
      vertex -18.8487 -6.96511 1.5
    endloop
  endfacet
  facet normal 0 0 1
    outer loop
      vertex -20.8486 -8 1.5
      vertex -18.9722 -7.15 1.5
      vertex -19.1743 -5.1 1.5
    endloop
  endfacet
  facet normal 0 0 1
    outer loop
      vertex -18.9722 -7.15 1.5
      vertex -20.8486 -8 1.5
      vertex -19.0706 -7.34944 1.5
    endloop
  endfacet
  facet normal 0 0 1
    outer loop
      vertex -19.0706 -7.34944 1.5
      vertex -20.8486 -8 1.5
      vertex -19.1421 -7.56001 1.5
    endloop
  endfacet
  facet normal 0 0 1
    outer loop
      vertex -19.1421 -7.56001 1.5
      vertex -20.8486 -8 1.5
      vertex -19.1855 -7.77811 1.5
    endloop
  endfacet
  facet normal 0 0 1
    outer loop
      vertex -19.1855 -7.77811 1.5
      vertex -20.8486 -8 1.5
      vertex -19.2 -8 1.5
    endloop
  endfacet
  facet normal 0 0 1
    outer loop
      vertex -15.8145 -8.22189 1.5
      vertex -14.1514 -8 1.5
      vertex -15.8 -8 1.5
    endloop
  endfacet
  facet normal 0 0 1
    outer loop
      vertex -15.8579 -8.43999 1.5
      vertex -14.1514 -8 1.5
      vertex -15.8145 -8.22189 1.5
    endloop
  endfacet
  facet normal 0 0 1
    outer loop
      vertex -15.9294 -8.65056 1.5
      vertex -14.1514 -8 1.5
      vertex -15.8579 -8.43999 1.5
    endloop
  endfacet
  facet normal 0 0 1
    outer loop
      vertex -16.0278 -8.85 1.5
      vertex -14.1514 -8 1.5
      vertex -15.9294 -8.65056 1.5
    endloop
  endfacet
  facet normal 0 0 1
    outer loop
      vertex -14.1514 -8 1.5
      vertex -16.0278 -8.85 1.5
      vertex -15.8257 -10.9 1.5
    endloop
  endfacet
  facet normal -0 0 1
    outer loop
      vertex -16.1513 -9.03489 1.5
      vertex -15.8257 -10.9 1.5
      vertex -16.0278 -8.85 1.5
    endloop
  endfacet
  facet normal -0 0 1
    outer loop
      vertex -16.2979 -9.20208 1.5
      vertex -15.8257 -10.9 1.5
      vertex -16.1513 -9.03489 1.5
    endloop
  endfacet
  facet normal -0 0 1
    outer loop
      vertex -16.4651 -9.3487 1.5
      vertex -15.8257 -10.9 1.5
      vertex -16.2979 -9.20208 1.5
    endloop
  endfacet
  facet normal -0 0 1
    outer loop
      vertex -16.65 -9.47224 1.5
      vertex -15.8257 -10.9 1.5
      vertex -16.4651 -9.3487 1.5
    endloop
  endfacet
  facet normal -0 0 1
    outer loop
      vertex -16.8494 -9.57059 1.5
      vertex -15.8257 -10.9 1.5
      vertex -16.65 -9.47224 1.5
    endloop
  endfacet
  facet normal -0 0 1
    outer loop
      vertex -17.06 -9.64207 1.5
      vertex -15.8257 -10.9 1.5
      vertex -16.8494 -9.57059 1.5
    endloop
  endfacet
  facet normal -0 0 1
    outer loop
      vertex -17.2781 -9.68546 1.5
      vertex -15.8257 -10.9 1.5
      vertex -17.06 -9.64207 1.5
    endloop
  endfacet
  facet normal -0 0 1
    outer loop
      vertex -17.5 -9.7 1.5
      vertex -15.8257 -10.9 1.5
      vertex -17.2781 -9.68546 1.5
    endloop
  endfacet
  facet normal 0 0 1
    outer loop
      vertex -19.1743 -10.9 1.5
      vertex -17.5 -9.7 1.5
      vertex -17.7219 -9.68546 1.5
    endloop
  endfacet
  facet normal 0 0 1
    outer loop
      vertex -19.1743 -10.9 1.5
      vertex -17.7219 -9.68546 1.5
      vertex -17.94 -9.64207 1.5
    endloop
  endfacet
  facet normal 0 0 1
    outer loop
      vertex -19.1743 -10.9 1.5
      vertex -17.94 -9.64207 1.5
      vertex -18.1506 -9.57059 1.5
    endloop
  endfacet
  facet normal 0 0 1
    outer loop
      vertex -19.1743 -10.9 1.5
      vertex -18.1506 -9.57059 1.5
      vertex -18.35 -9.47224 1.5
    endloop
  endfacet
  facet normal 0 0 1
    outer loop
      vertex -17.5 -9.7 1.5
      vertex -19.1743 -10.9 1.5
      vertex -15.8257 -10.9 1.5
    endloop
  endfacet
  facet normal 0 0 1
    outer loop
      vertex -18.5349 -9.3487 1.5
      vertex -19.1743 -10.9 1.5
      vertex -18.35 -9.47224 1.5
    endloop
  endfacet
  facet normal 0 0 1
    outer loop
      vertex -18.7021 -9.20208 1.5
      vertex -19.1743 -10.9 1.5
      vertex -18.5349 -9.3487 1.5
    endloop
  endfacet
  facet normal 0 0 1
    outer loop
      vertex -18.8487 -9.03489 1.5
      vertex -19.1743 -10.9 1.5
      vertex -18.7021 -9.20208 1.5
    endloop
  endfacet
  facet normal 0 0 1
    outer loop
      vertex -18.9722 -8.85 1.5
      vertex -19.1743 -10.9 1.5
      vertex -18.8487 -9.03489 1.5
    endloop
  endfacet
  facet normal 0 0 1
    outer loop
      vertex -20.8486 -8 1.5
      vertex -18.9722 -8.85 1.5
      vertex -19.0706 -8.65056 1.5
    endloop
  endfacet
  facet normal 0 0 1
    outer loop
      vertex -20.8486 -8 1.5
      vertex -19.0706 -8.65056 1.5
      vertex -19.1421 -8.43999 1.5
    endloop
  endfacet
  facet normal 0 0 1
    outer loop
      vertex -20.8486 -8 1.5
      vertex -19.1421 -8.43999 1.5
      vertex -19.1855 -8.22189 1.5
    endloop
  endfacet
  facet normal -0 0 1
    outer loop
      vertex -20.8486 -8 1.5
      vertex -19.1855 -8.22189 1.5
      vertex -19.2 -8 1.5
    endloop
  endfacet
  facet normal 0 0 1
    outer loop
      vertex -18.9722 -8.85 1.5
      vertex -20.8486 -8 1.5
      vertex -19.1743 -10.9 1.5
    endloop
  endfacet
  facet normal 0 1 -0
    outer loop
      vertex -15.8257 -10.9 1.5
      vertex -19.1743 -10.9 5
      vertex -15.8257 -10.9 5
    endloop
  endfacet
  facet normal 0 1 0
    outer loop
      vertex -19.1743 -10.9 5
      vertex -15.8257 -10.9 1.5
      vertex -19.1743 -10.9 1.5
    endloop
  endfacet
  facet normal 0.866027 0.499996 0
    outer loop
      vertex -19.1743 -10.9 5
      vertex -20.8486 -8 1.5
      vertex -20.8486 -8 5
    endloop
  endfacet
  facet normal 0.866027 0.499996 0
    outer loop
      vertex -20.8486 -8 1.5
      vertex -19.1743 -10.9 5
      vertex -19.1743 -10.9 1.5
    endloop
  endfacet
  facet normal -0.997872 -0.0652086 0
    outer loop
      vertex 19.2 -8 0
      vertex 19.1855 -7.77811 1.5
      vertex 19.1855 -7.77811 0
    endloop
  endfacet
  facet normal -0.997872 -0.0652086 0
    outer loop
      vertex 19.1855 -7.77811 1.5
      vertex 19.2 -8 0
      vertex 19.2 -8 1.5
    endloop
  endfacet
  facet normal 0.997872 -0.0652086 0
    outer loop
      vertex 15.8 -8 1.5
      vertex 15.8145 -7.77811 0
      vertex 15.8145 -7.77811 1.5
    endloop
  endfacet
  facet normal 0.997872 -0.0652086 0
    outer loop
      vertex 15.8145 -7.77811 0
      vertex 15.8 -8 1.5
      vertex 15.8 -8 0
    endloop
  endfacet
  facet normal -0.0653848 -0.99786 0
    outer loop
      vertex 17.5 -6.3 0
      vertex 17.7219 -6.31454 1.5
      vertex 17.5 -6.3 1.5
    endloop
  endfacet
  facet normal -0.0653848 -0.99786 -0
    outer loop
      vertex 17.7219 -6.31454 1.5
      vertex 17.5 -6.3 0
      vertex 17.7219 -6.31454 0
    endloop
  endfacet
  facet normal 0.0653848 0.99786 -0
    outer loop
      vertex 17.5 -9.7 0
      vertex 17.2781 -9.68546 1.5
      vertex 17.5 -9.7 1.5
    endloop
  endfacet
  facet normal 0.0653848 0.99786 0
    outer loop
      vertex 17.2781 -9.68546 1.5
      vertex 17.5 -9.7 0
      vertex 17.2781 -9.68546 0
    endloop
  endfacet
  facet normal 0.751888 0.659291 0
    outer loop
      vertex 16.2979 -9.20208 1.5
      vertex 16.1513 -9.03489 0
      vertex 16.1513 -9.03489 1.5
    endloop
  endfacet
  facet normal 0.751888 0.659291 0
    outer loop
      vertex 16.1513 -9.03489 0
      vertex 16.2979 -9.20208 1.5
      vertex 16.2979 -9.20208 0
    endloop
  endfacet
  facet normal -0.659319 -0.751863 0
    outer loop
      vertex 18.5349 -6.6513 0
      vertex 18.7021 -6.79792 1.5
      vertex 18.5349 -6.6513 1.5
    endloop
  endfacet
  facet normal -0.659319 -0.751863 -0
    outer loop
      vertex 18.7021 -6.79792 1.5
      vertex 18.5349 -6.6513 0
      vertex 18.7021 -6.79792 0
    endloop
  endfacet
  facet normal 0.659319 -0.751863 0
    outer loop
      vertex 16.2979 -6.79792 0
      vertex 16.4651 -6.6513 1.5
      vertex 16.2979 -6.79792 1.5
    endloop
  endfacet
  facet normal 0.659319 -0.751863 0
    outer loop
      vertex 16.4651 -6.6513 1.5
      vertex 16.2979 -6.79792 0
      vertex 16.4651 -6.6513 0
    endloop
  endfacet
  facet normal 0.321403 -0.946943 0
    outer loop
      vertex 16.8494 -6.42941 0
      vertex 17.06 -6.35793 1.5
      vertex 16.8494 -6.42941 1.5
    endloop
  endfacet
  facet normal 0.321403 -0.946943 0
    outer loop
      vertex 17.06 -6.35793 1.5
      vertex 16.8494 -6.42941 0
      vertex 17.06 -6.35793 0
    endloop
  endfacet
  facet normal -0.896789 -0.442459 0
    outer loop
      vertex 19.0706 -7.34944 0
      vertex 18.9722 -7.15 1.5
      vertex 18.9722 -7.15 0
    endloop
  endfacet
  facet normal -0.896789 -0.442459 0
    outer loop
      vertex 18.9722 -7.15 1.5
      vertex 19.0706 -7.34944 0
      vertex 19.0706 -7.34944 1.5
    endloop
  endfacet
  facet normal -0.98077 -0.195165 0
    outer loop
      vertex 19.1855 -7.77811 0
      vertex 19.1421 -7.56001 1.5
      vertex 19.1421 -7.56001 0
    endloop
  endfacet
  facet normal -0.98077 -0.195165 0
    outer loop
      vertex 19.1421 -7.56001 1.5
      vertex 19.1855 -7.77811 0
      vertex 19.1855 -7.77811 1.5
    endloop
  endfacet
  facet normal -0.831552 -0.555447 0
    outer loop
      vertex 18.9722 -7.15 0
      vertex 18.8487 -6.96511 1.5
      vertex 18.8487 -6.96511 0
    endloop
  endfacet
  facet normal -0.831552 -0.555447 0
    outer loop
      vertex 18.8487 -6.96511 1.5
      vertex 18.9722 -7.15 0
      vertex 18.9722 -7.15 1.5
    endloop
  endfacet
  facet normal -0.321403 -0.946943 0
    outer loop
      vertex 17.94 -6.35793 0
      vertex 18.1506 -6.42941 1.5
      vertex 17.94 -6.35793 1.5
    endloop
  endfacet
  facet normal -0.321403 -0.946943 -0
    outer loop
      vertex 18.1506 -6.42941 1.5
      vertex 17.94 -6.35793 0
      vertex 18.1506 -6.42941 0
    endloop
  endfacet
  facet normal -0.195122 -0.980779 0
    outer loop
      vertex 17.7219 -6.31454 0
      vertex 17.94 -6.35793 1.5
      vertex 17.7219 -6.31454 1.5
    endloop
  endfacet
  facet normal -0.195122 -0.980779 -0
    outer loop
      vertex 17.94 -6.35793 1.5
      vertex 17.7219 -6.31454 0
      vertex 17.94 -6.35793 0
    endloop
  endfacet
  facet normal -0.442349 -0.896843 0
    outer loop
      vertex 18.1506 -6.42941 0
      vertex 18.35 -6.52776 1.5
      vertex 18.1506 -6.42941 1.5
    endloop
  endfacet
  facet normal -0.442349 -0.896843 -0
    outer loop
      vertex 18.35 -6.52776 1.5
      vertex 18.1506 -6.42941 0
      vertex 18.35 -6.52776 0
    endloop
  endfacet
  facet normal 0.896789 -0.442459 0
    outer loop
      vertex 15.9294 -7.34944 1.5
      vertex 16.0278 -7.15 0
      vertex 16.0278 -7.15 1.5
    endloop
  endfacet
  facet normal 0.896789 -0.442459 0
    outer loop
      vertex 16.0278 -7.15 0
      vertex 15.9294 -7.34944 1.5
      vertex 15.9294 -7.34944 0
    endloop
  endfacet
  facet normal 0.751888 -0.659291 0
    outer loop
      vertex 16.1513 -6.96511 1.5
      vertex 16.2979 -6.79792 0
      vertex 16.2979 -6.79792 1.5
    endloop
  endfacet
  facet normal 0.751888 -0.659291 0
    outer loop
      vertex 16.2979 -6.79792 0
      vertex 16.1513 -6.96511 1.5
      vertex 16.1513 -6.96511 0
    endloop
  endfacet
  facet normal 0.946901 -0.321525 0
    outer loop
      vertex 15.8579 -7.56001 1.5
      vertex 15.9294 -7.34944 0
      vertex 15.9294 -7.34944 1.5
    endloop
  endfacet
  facet normal 0.946901 -0.321525 0
    outer loop
      vertex 15.9294 -7.34944 0
      vertex 15.8579 -7.56001 1.5
      vertex 15.8579 -7.56001 0
    endloop
  endfacet
  facet normal 0.195122 -0.980779 0
    outer loop
      vertex 17.06 -6.35793 0
      vertex 17.2781 -6.31454 1.5
      vertex 17.06 -6.35793 1.5
    endloop
  endfacet
  facet normal 0.195122 -0.980779 0
    outer loop
      vertex 17.2781 -6.31454 1.5
      vertex 17.06 -6.35793 0
      vertex 17.2781 -6.31454 0
    endloop
  endfacet
  facet normal -0.98077 0.195165 0
    outer loop
      vertex 19.1421 -8.43999 0
      vertex 19.1855 -8.22189 1.5
      vertex 19.1855 -8.22189 0
    endloop
  endfacet
  facet normal -0.98077 0.195165 0
    outer loop
      vertex 19.1855 -8.22189 1.5
      vertex 19.1421 -8.43999 0
      vertex 19.1421 -8.43999 1.5
    endloop
  endfacet
  facet normal 0.659319 0.751863 -0
    outer loop
      vertex 16.4651 -9.3487 0
      vertex 16.2979 -9.20208 1.5
      vertex 16.4651 -9.3487 1.5
    endloop
  endfacet
  facet normal 0.659319 0.751863 0
    outer loop
      vertex 16.2979 -9.20208 1.5
      vertex 16.4651 -9.3487 0
      vertex 16.2979 -9.20208 0
    endloop
  endfacet
  facet normal 0.321403 0.946943 -0
    outer loop
      vertex 17.06 -9.64207 0
      vertex 16.8494 -9.57059 1.5
      vertex 17.06 -9.64207 1.5
    endloop
  endfacet
  facet normal 0.321403 0.946943 0
    outer loop
      vertex 16.8494 -9.57059 1.5
      vertex 17.06 -9.64207 0
      vertex 16.8494 -9.57059 0
    endloop
  endfacet
  facet normal -0.946901 -0.321525 0
    outer loop
      vertex 19.1421 -7.56001 0
      vertex 19.0706 -7.34944 1.5
      vertex 19.0706 -7.34944 0
    endloop
  endfacet
  facet normal -0.946901 -0.321525 0
    outer loop
      vertex 19.0706 -7.34944 1.5
      vertex 19.1421 -7.56001 0
      vertex 19.1421 -7.56001 1.5
    endloop
  endfacet
  facet normal -0.751888 -0.659291 0
    outer loop
      vertex 18.8487 -6.96511 0
      vertex 18.7021 -6.79792 1.5
      vertex 18.7021 -6.79792 0
    endloop
  endfacet
  facet normal -0.751888 -0.659291 0
    outer loop
      vertex 18.7021 -6.79792 1.5
      vertex 18.8487 -6.96511 0
      vertex 18.8487 -6.96511 1.5
    endloop
  endfacet
  facet normal -0.555551 -0.831483 0
    outer loop
      vertex 18.35 -6.52776 0
      vertex 18.5349 -6.6513 1.5
      vertex 18.35 -6.52776 1.5
    endloop
  endfacet
  facet normal -0.555551 -0.831483 -0
    outer loop
      vertex 18.5349 -6.6513 1.5
      vertex 18.35 -6.52776 0
      vertex 18.5349 -6.6513 0
    endloop
  endfacet
  facet normal 0.831552 -0.555447 0
    outer loop
      vertex 16.0278 -7.15 1.5
      vertex 16.1513 -6.96511 0
      vertex 16.1513 -6.96511 1.5
    endloop
  endfacet
  facet normal 0.831552 -0.555447 0
    outer loop
      vertex 16.1513 -6.96511 0
      vertex 16.0278 -7.15 1.5
      vertex 16.0278 -7.15 0
    endloop
  endfacet
  facet normal 0.98077 -0.195165 0
    outer loop
      vertex 15.8145 -7.77811 1.5
      vertex 15.8579 -7.56001 0
      vertex 15.8579 -7.56001 1.5
    endloop
  endfacet
  facet normal 0.98077 -0.195165 0
    outer loop
      vertex 15.8579 -7.56001 0
      vertex 15.8145 -7.77811 1.5
      vertex 15.8145 -7.77811 0
    endloop
  endfacet
  facet normal 0.442349 -0.896843 0
    outer loop
      vertex 16.65 -6.52776 0
      vertex 16.8494 -6.42941 1.5
      vertex 16.65 -6.52776 1.5
    endloop
  endfacet
  facet normal 0.442349 -0.896843 0
    outer loop
      vertex 16.8494 -6.42941 1.5
      vertex 16.65 -6.52776 0
      vertex 16.8494 -6.42941 0
    endloop
  endfacet
  facet normal 0.555551 -0.831483 0
    outer loop
      vertex 16.4651 -6.6513 0
      vertex 16.65 -6.52776 1.5
      vertex 16.4651 -6.6513 1.5
    endloop
  endfacet
  facet normal 0.555551 -0.831483 0
    outer loop
      vertex 16.65 -6.52776 1.5
      vertex 16.4651 -6.6513 0
      vertex 16.65 -6.52776 0
    endloop
  endfacet
  facet normal 0.0653848 -0.99786 0
    outer loop
      vertex 17.2781 -6.31454 0
      vertex 17.5 -6.3 1.5
      vertex 17.2781 -6.31454 1.5
    endloop
  endfacet
  facet normal 0.0653848 -0.99786 0
    outer loop
      vertex 17.5 -6.3 1.5
      vertex 17.2781 -6.31454 0
      vertex 17.5 -6.3 0
    endloop
  endfacet
  facet normal -0.997872 0.0652086 0
    outer loop
      vertex 19.1855 -8.22189 0
      vertex 19.2 -8 1.5
      vertex 19.2 -8 0
    endloop
  endfacet
  facet normal -0.997872 0.0652086 0
    outer loop
      vertex 19.2 -8 1.5
      vertex 19.1855 -8.22189 0
      vertex 19.1855 -8.22189 1.5
    endloop
  endfacet
  facet normal -0.0653848 0.99786 0
    outer loop
      vertex 17.7219 -9.68546 0
      vertex 17.5 -9.7 1.5
      vertex 17.7219 -9.68546 1.5
    endloop
  endfacet
  facet normal -0.0653848 0.99786 0
    outer loop
      vertex 17.5 -9.7 1.5
      vertex 17.7219 -9.68546 0
      vertex 17.5 -9.7 0
    endloop
  endfacet
  facet normal -0.321403 0.946943 0
    outer loop
      vertex 18.1506 -9.57059 0
      vertex 17.94 -9.64207 1.5
      vertex 18.1506 -9.57059 1.5
    endloop
  endfacet
  facet normal -0.321403 0.946943 0
    outer loop
      vertex 17.94 -9.64207 1.5
      vertex 18.1506 -9.57059 0
      vertex 17.94 -9.64207 0
    endloop
  endfacet
  facet normal -0.659319 0.751863 0
    outer loop
      vertex 18.7021 -9.20208 0
      vertex 18.5349 -9.3487 1.5
      vertex 18.7021 -9.20208 1.5
    endloop
  endfacet
  facet normal -0.659319 0.751863 0
    outer loop
      vertex 18.5349 -9.3487 1.5
      vertex 18.7021 -9.20208 0
      vertex 18.5349 -9.3487 0
    endloop
  endfacet
  facet normal -0.442349 0.896843 0
    outer loop
      vertex 18.35 -9.47224 0
      vertex 18.1506 -9.57059 1.5
      vertex 18.35 -9.47224 1.5
    endloop
  endfacet
  facet normal -0.442349 0.896843 0
    outer loop
      vertex 18.1506 -9.57059 1.5
      vertex 18.35 -9.47224 0
      vertex 18.1506 -9.57059 0
    endloop
  endfacet
  facet normal -0.831552 0.555447 0
    outer loop
      vertex 18.8487 -9.03489 0
      vertex 18.9722 -8.85 1.5
      vertex 18.9722 -8.85 0
    endloop
  endfacet
  facet normal -0.831552 0.555447 0
    outer loop
      vertex 18.9722 -8.85 1.5
      vertex 18.8487 -9.03489 0
      vertex 18.8487 -9.03489 1.5
    endloop
  endfacet
  facet normal -0.946901 0.321525 0
    outer loop
      vertex 19.0706 -8.65056 0
      vertex 19.1421 -8.43999 1.5
      vertex 19.1421 -8.43999 0
    endloop
  endfacet
  facet normal -0.946901 0.321525 0
    outer loop
      vertex 19.1421 -8.43999 1.5
      vertex 19.0706 -8.65056 0
      vertex 19.0706 -8.65056 1.5
    endloop
  endfacet
  facet normal 0.555551 0.831483 -0
    outer loop
      vertex 16.65 -9.47224 0
      vertex 16.4651 -9.3487 1.5
      vertex 16.65 -9.47224 1.5
    endloop
  endfacet
  facet normal 0.555551 0.831483 0
    outer loop
      vertex 16.4651 -9.3487 1.5
      vertex 16.65 -9.47224 0
      vertex 16.4651 -9.3487 0
    endloop
  endfacet
  facet normal 0.195122 0.980779 -0
    outer loop
      vertex 17.2781 -9.68546 0
      vertex 17.06 -9.64207 1.5
      vertex 17.2781 -9.68546 1.5
    endloop
  endfacet
  facet normal 0.195122 0.980779 0
    outer loop
      vertex 17.06 -9.64207 1.5
      vertex 17.2781 -9.68546 0
      vertex 17.06 -9.64207 0
    endloop
  endfacet
  facet normal 0.896789 0.442459 0
    outer loop
      vertex 16.0278 -8.85 1.5
      vertex 15.9294 -8.65056 0
      vertex 15.9294 -8.65056 1.5
    endloop
  endfacet
  facet normal 0.896789 0.442459 0
    outer loop
      vertex 15.9294 -8.65056 0
      vertex 16.0278 -8.85 1.5
      vertex 16.0278 -8.85 0
    endloop
  endfacet
  facet normal 0.946901 0.321525 0
    outer loop
      vertex 15.9294 -8.65056 1.5
      vertex 15.8579 -8.43999 0
      vertex 15.8579 -8.43999 1.5
    endloop
  endfacet
  facet normal 0.946901 0.321525 0
    outer loop
      vertex 15.8579 -8.43999 0
      vertex 15.9294 -8.65056 1.5
      vertex 15.9294 -8.65056 0
    endloop
  endfacet
  facet normal 0.997872 0.0652086 0
    outer loop
      vertex 15.8145 -8.22189 1.5
      vertex 15.8 -8 0
      vertex 15.8 -8 1.5
    endloop
  endfacet
  facet normal 0.997872 0.0652086 0
    outer loop
      vertex 15.8 -8 0
      vertex 15.8145 -8.22189 1.5
      vertex 15.8145 -8.22189 0
    endloop
  endfacet
  facet normal -0.195122 0.980779 0
    outer loop
      vertex 17.94 -9.64207 0
      vertex 17.7219 -9.68546 1.5
      vertex 17.94 -9.64207 1.5
    endloop
  endfacet
  facet normal -0.195122 0.980779 0
    outer loop
      vertex 17.7219 -9.68546 1.5
      vertex 17.94 -9.64207 0
      vertex 17.7219 -9.68546 0
    endloop
  endfacet
  facet normal -0.751888 0.659291 0
    outer loop
      vertex 18.7021 -9.20208 0
      vertex 18.8487 -9.03489 1.5
      vertex 18.8487 -9.03489 0
    endloop
  endfacet
  facet normal -0.751888 0.659291 0
    outer loop
      vertex 18.8487 -9.03489 1.5
      vertex 18.7021 -9.20208 0
      vertex 18.7021 -9.20208 1.5
    endloop
  endfacet
  facet normal -0.555551 0.831483 0
    outer loop
      vertex 18.5349 -9.3487 0
      vertex 18.35 -9.47224 1.5
      vertex 18.5349 -9.3487 1.5
    endloop
  endfacet
  facet normal -0.555551 0.831483 0
    outer loop
      vertex 18.35 -9.47224 1.5
      vertex 18.5349 -9.3487 0
      vertex 18.35 -9.47224 0
    endloop
  endfacet
  facet normal -0.896789 0.442459 0
    outer loop
      vertex 18.9722 -8.85 0
      vertex 19.0706 -8.65056 1.5
      vertex 19.0706 -8.65056 0
    endloop
  endfacet
  facet normal -0.896789 0.442459 0
    outer loop
      vertex 19.0706 -8.65056 1.5
      vertex 18.9722 -8.85 0
      vertex 18.9722 -8.85 1.5
    endloop
  endfacet
  facet normal 0.442349 0.896843 -0
    outer loop
      vertex 16.8494 -9.57059 0
      vertex 16.65 -9.47224 1.5
      vertex 16.8494 -9.57059 1.5
    endloop
  endfacet
  facet normal 0.442349 0.896843 0
    outer loop
      vertex 16.65 -9.47224 1.5
      vertex 16.8494 -9.57059 0
      vertex 16.65 -9.47224 0
    endloop
  endfacet
  facet normal 0.831552 0.555447 0
    outer loop
      vertex 16.1513 -9.03489 1.5
      vertex 16.0278 -8.85 0
      vertex 16.0278 -8.85 1.5
    endloop
  endfacet
  facet normal 0.831552 0.555447 0
    outer loop
      vertex 16.0278 -8.85 0
      vertex 16.1513 -9.03489 1.5
      vertex 16.1513 -9.03489 0
    endloop
  endfacet
  facet normal 0.98077 0.195165 0
    outer loop
      vertex 15.8579 -8.43999 1.5
      vertex 15.8145 -8.22189 0
      vertex 15.8145 -8.22189 1.5
    endloop
  endfacet
  facet normal 0.98077 0.195165 0
    outer loop
      vertex 15.8145 -8.22189 0
      vertex 15.8579 -8.43999 1.5
      vertex 15.8579 -8.43999 0
    endloop
  endfacet
  facet normal -0.866027 -0.499996 0
    outer loop
      vertex 20.8486 -8 1.5
      vertex 19.1743 -5.1 5
      vertex 19.1743 -5.1 1.5
    endloop
  endfacet
  facet normal -0.866027 -0.499996 0
    outer loop
      vertex 19.1743 -5.1 5
      vertex 20.8486 -8 1.5
      vertex 20.8486 -8 5
    endloop
  endfacet
  facet normal 0.866027 -0.499996 0
    outer loop
      vertex 14.1514 -8 5
      vertex 15.8257 -5.1 1.5
      vertex 15.8257 -5.1 5
    endloop
  endfacet
  facet normal 0.866027 -0.499996 0
    outer loop
      vertex 15.8257 -5.1 1.5
      vertex 14.1514 -8 5
      vertex 14.1514 -8 1.5
    endloop
  endfacet
  facet normal 0 -1 0
    outer loop
      vertex 15.8257 -5.1 1.5
      vertex 19.1743 -5.1 5
      vertex 15.8257 -5.1 5
    endloop
  endfacet
  facet normal 0 -1 -0
    outer loop
      vertex 19.1743 -5.1 5
      vertex 15.8257 -5.1 1.5
      vertex 19.1743 -5.1 1.5
    endloop
  endfacet
  facet normal -0.866027 0.499996 0
    outer loop
      vertex 19.1743 -10.9 1.5
      vertex 20.8486 -8 5
      vertex 20.8486 -8 1.5
    endloop
  endfacet
  facet normal -0.866027 0.499996 0
    outer loop
      vertex 20.8486 -8 5
      vertex 19.1743 -10.9 1.5
      vertex 19.1743 -10.9 5
    endloop
  endfacet
  facet normal 0 0 1
    outer loop
      vertex 20.8486 -8 1.5
      vertex 19.1855 -7.77811 1.5
      vertex 19.2 -8 1.5
    endloop
  endfacet
  facet normal -0 0 1
    outer loop
      vertex 18.9722 -7.15 1.5
      vertex 20.8486 -8 1.5
      vertex 19.1743 -5.1 1.5
    endloop
  endfacet
  facet normal 0 0 1
    outer loop
      vertex 20.8486 -8 1.5
      vertex 19.1421 -7.56001 1.5
      vertex 19.1855 -7.77811 1.5
    endloop
  endfacet
  facet normal 0 0 1
    outer loop
      vertex 20.8486 -8 1.5
      vertex 19.0706 -7.34944 1.5
      vertex 19.1421 -7.56001 1.5
    endloop
  endfacet
  facet normal 0 0 1
    outer loop
      vertex 20.8486 -8 1.5
      vertex 18.9722 -7.15 1.5
      vertex 19.0706 -7.34944 1.5
    endloop
  endfacet
  facet normal 0 0 1
    outer loop
      vertex 19.1743 -5.1 1.5
      vertex 18.8487 -6.96511 1.5
      vertex 18.9722 -7.15 1.5
    endloop
  endfacet
  facet normal 0 0 1
    outer loop
      vertex 19.1743 -5.1 1.5
      vertex 18.7021 -6.79792 1.5
      vertex 18.8487 -6.96511 1.5
    endloop
  endfacet
  facet normal 0 0 1
    outer loop
      vertex 19.1743 -5.1 1.5
      vertex 18.5349 -6.6513 1.5
      vertex 18.7021 -6.79792 1.5
    endloop
  endfacet
  facet normal 0 0 1
    outer loop
      vertex 19.1743 -5.1 1.5
      vertex 18.35 -6.52776 1.5
      vertex 18.5349 -6.6513 1.5
    endloop
  endfacet
  facet normal 0 0 1
    outer loop
      vertex 19.1743 -5.1 1.5
      vertex 18.1506 -6.42941 1.5
      vertex 18.35 -6.52776 1.5
    endloop
  endfacet
  facet normal 0 0 1
    outer loop
      vertex 19.1743 -5.1 1.5
      vertex 17.94 -6.35793 1.5
      vertex 18.1506 -6.42941 1.5
    endloop
  endfacet
  facet normal 0 0 1
    outer loop
      vertex 19.1743 -5.1 1.5
      vertex 17.7219 -6.31454 1.5
      vertex 17.94 -6.35793 1.5
    endloop
  endfacet
  facet normal 0 0 1
    outer loop
      vertex 19.1743 -5.1 1.5
      vertex 17.5 -6.3 1.5
      vertex 17.7219 -6.31454 1.5
    endloop
  endfacet
  facet normal -0 0 1
    outer loop
      vertex 15.8257 -5.1 1.5
      vertex 17.5 -6.3 1.5
      vertex 19.1743 -5.1 1.5
    endloop
  endfacet
  facet normal 0 0 1
    outer loop
      vertex 17.5 -6.3 1.5
      vertex 15.8257 -5.1 1.5
      vertex 17.2781 -6.31454 1.5
    endloop
  endfacet
  facet normal 0 0 1
    outer loop
      vertex 17.2781 -6.31454 1.5
      vertex 15.8257 -5.1 1.5
      vertex 17.06 -6.35793 1.5
    endloop
  endfacet
  facet normal 0 0 1
    outer loop
      vertex 17.06 -6.35793 1.5
      vertex 15.8257 -5.1 1.5
      vertex 16.8494 -6.42941 1.5
    endloop
  endfacet
  facet normal 0 0 1
    outer loop
      vertex 16.8494 -6.42941 1.5
      vertex 15.8257 -5.1 1.5
      vertex 16.65 -6.52776 1.5
    endloop
  endfacet
  facet normal 0 0 1
    outer loop
      vertex 15.8257 -5.1 1.5
      vertex 16.4651 -6.6513 1.5
      vertex 16.65 -6.52776 1.5
    endloop
  endfacet
  facet normal 0 0 1
    outer loop
      vertex 15.8257 -5.1 1.5
      vertex 16.2979 -6.79792 1.5
      vertex 16.4651 -6.6513 1.5
    endloop
  endfacet
  facet normal 0 0 1
    outer loop
      vertex 15.8257 -5.1 1.5
      vertex 16.1513 -6.96511 1.5
      vertex 16.2979 -6.79792 1.5
    endloop
  endfacet
  facet normal 0 0 1
    outer loop
      vertex 15.8257 -5.1 1.5
      vertex 16.0278 -7.15 1.5
      vertex 16.1513 -6.96511 1.5
    endloop
  endfacet
  facet normal 0 0 1
    outer loop
      vertex 14.1514 -8 1.5
      vertex 16.0278 -7.15 1.5
      vertex 15.8257 -5.1 1.5
    endloop
  endfacet
  facet normal 0 0 1
    outer loop
      vertex 16.0278 -7.15 1.5
      vertex 14.1514 -8 1.5
      vertex 15.9294 -7.34944 1.5
    endloop
  endfacet
  facet normal 0 0 1
    outer loop
      vertex 15.9294 -7.34944 1.5
      vertex 14.1514 -8 1.5
      vertex 15.8579 -7.56001 1.5
    endloop
  endfacet
  facet normal 0 0 1
    outer loop
      vertex 15.8579 -7.56001 1.5
      vertex 14.1514 -8 1.5
      vertex 15.8145 -7.77811 1.5
    endloop
  endfacet
  facet normal 0 0 1
    outer loop
      vertex 15.8145 -7.77811 1.5
      vertex 14.1514 -8 1.5
      vertex 15.8 -8 1.5
    endloop
  endfacet
  facet normal 0 0 1
    outer loop
      vertex 19.1855 -8.22189 1.5
      vertex 20.8486 -8 1.5
      vertex 19.2 -8 1.5
    endloop
  endfacet
  facet normal 0 0 1
    outer loop
      vertex 19.1421 -8.43999 1.5
      vertex 20.8486 -8 1.5
      vertex 19.1855 -8.22189 1.5
    endloop
  endfacet
  facet normal 0 0 1
    outer loop
      vertex 19.0706 -8.65056 1.5
      vertex 20.8486 -8 1.5
      vertex 19.1421 -8.43999 1.5
    endloop
  endfacet
  facet normal 0 0 1
    outer loop
      vertex 18.9722 -8.85 1.5
      vertex 20.8486 -8 1.5
      vertex 19.0706 -8.65056 1.5
    endloop
  endfacet
  facet normal 0 0 1
    outer loop
      vertex 20.8486 -8 1.5
      vertex 18.9722 -8.85 1.5
      vertex 19.1743 -10.9 1.5
    endloop
  endfacet
  facet normal -0 0 1
    outer loop
      vertex 18.8487 -9.03489 1.5
      vertex 19.1743 -10.9 1.5
      vertex 18.9722 -8.85 1.5
    endloop
  endfacet
  facet normal -0 0 1
    outer loop
      vertex 18.7021 -9.20208 1.5
      vertex 19.1743 -10.9 1.5
      vertex 18.8487 -9.03489 1.5
    endloop
  endfacet
  facet normal -0 0 1
    outer loop
      vertex 18.5349 -9.3487 1.5
      vertex 19.1743 -10.9 1.5
      vertex 18.7021 -9.20208 1.5
    endloop
  endfacet
  facet normal -0 0 1
    outer loop
      vertex 18.35 -9.47224 1.5
      vertex 19.1743 -10.9 1.5
      vertex 18.5349 -9.3487 1.5
    endloop
  endfacet
  facet normal -0 0 1
    outer loop
      vertex 18.1506 -9.57059 1.5
      vertex 19.1743 -10.9 1.5
      vertex 18.35 -9.47224 1.5
    endloop
  endfacet
  facet normal -0 0 1
    outer loop
      vertex 17.94 -9.64207 1.5
      vertex 19.1743 -10.9 1.5
      vertex 18.1506 -9.57059 1.5
    endloop
  endfacet
  facet normal -0 0 1
    outer loop
      vertex 17.7219 -9.68546 1.5
      vertex 19.1743 -10.9 1.5
      vertex 17.94 -9.64207 1.5
    endloop
  endfacet
  facet normal -0 0 1
    outer loop
      vertex 17.5 -9.7 1.5
      vertex 19.1743 -10.9 1.5
      vertex 17.7219 -9.68546 1.5
    endloop
  endfacet
  facet normal 0 0 1
    outer loop
      vertex 15.8257 -10.9 1.5
      vertex 17.5 -9.7 1.5
      vertex 17.2781 -9.68546 1.5
    endloop
  endfacet
  facet normal 0 0 1
    outer loop
      vertex 15.8257 -10.9 1.5
      vertex 17.2781 -9.68546 1.5
      vertex 17.06 -9.64207 1.5
    endloop
  endfacet
  facet normal 0 0 1
    outer loop
      vertex 15.8257 -10.9 1.5
      vertex 17.06 -9.64207 1.5
      vertex 16.8494 -9.57059 1.5
    endloop
  endfacet
  facet normal 0 0 1
    outer loop
      vertex 15.8257 -10.9 1.5
      vertex 16.8494 -9.57059 1.5
      vertex 16.65 -9.47224 1.5
    endloop
  endfacet
  facet normal 0 0 1
    outer loop
      vertex 17.5 -9.7 1.5
      vertex 15.8257 -10.9 1.5
      vertex 19.1743 -10.9 1.5
    endloop
  endfacet
  facet normal 0 0 1
    outer loop
      vertex 16.4651 -9.3487 1.5
      vertex 15.8257 -10.9 1.5
      vertex 16.65 -9.47224 1.5
    endloop
  endfacet
  facet normal 0 0 1
    outer loop
      vertex 16.2979 -9.20208 1.5
      vertex 15.8257 -10.9 1.5
      vertex 16.4651 -9.3487 1.5
    endloop
  endfacet
  facet normal 0 0 1
    outer loop
      vertex 16.1513 -9.03489 1.5
      vertex 15.8257 -10.9 1.5
      vertex 16.2979 -9.20208 1.5
    endloop
  endfacet
  facet normal 0 0 1
    outer loop
      vertex 16.0278 -8.85 1.5
      vertex 15.8257 -10.9 1.5
      vertex 16.1513 -9.03489 1.5
    endloop
  endfacet
  facet normal 0 0 1
    outer loop
      vertex 14.1514 -8 1.5
      vertex 16.0278 -8.85 1.5
      vertex 15.9294 -8.65056 1.5
    endloop
  endfacet
  facet normal 0 0 1
    outer loop
      vertex 14.1514 -8 1.5
      vertex 15.9294 -8.65056 1.5
      vertex 15.8579 -8.43999 1.5
    endloop
  endfacet
  facet normal 0 0 1
    outer loop
      vertex 14.1514 -8 1.5
      vertex 15.8579 -8.43999 1.5
      vertex 15.8145 -8.22189 1.5
    endloop
  endfacet
  facet normal -0 0 1
    outer loop
      vertex 14.1514 -8 1.5
      vertex 15.8145 -8.22189 1.5
      vertex 15.8 -8 1.5
    endloop
  endfacet
  facet normal 0 0 1
    outer loop
      vertex 16.0278 -8.85 1.5
      vertex 14.1514 -8 1.5
      vertex 15.8257 -10.9 1.5
    endloop
  endfacet
  facet normal 0 1 -0
    outer loop
      vertex 19.1743 -10.9 1.5
      vertex 15.8257 -10.9 5
      vertex 19.1743 -10.9 5
    endloop
  endfacet
  facet normal 0 1 0
    outer loop
      vertex 15.8257 -10.9 5
      vertex 19.1743 -10.9 1.5
      vertex 15.8257 -10.9 1.5
    endloop
  endfacet
  facet normal 0.866027 0.499996 0
    outer loop
      vertex 15.8257 -10.9 5
      vertex 14.1514 -8 1.5
      vertex 14.1514 -8 5
    endloop
  endfacet
  facet normal 0.866027 0.499996 0
    outer loop
      vertex 14.1514 -8 1.5
      vertex 15.8257 -10.9 5
      vertex 15.8257 -10.9 1.5
    endloop
  endfacet
  facet normal 0.984808 -0.173646 0
    outer loop
      vertex 24.7943 -6.80893 3.79
      vertex 25.6278 -2.08186 0
      vertex 25.6278 -2.08186 3.79
    endloop
  endfacet
  facet normal 0.984808 -0.173646 0
    outer loop
      vertex 25.6278 -2.08186 0
      vertex 24.7943 -6.80893 3.79
      vertex 24.7943 -6.80893 0
    endloop
  endfacet
  facet normal 0 0 -1
    outer loop
      vertex 28.5366 -7.46879 3.79
      vertex 25.6278 -2.08186 3.79
      vertex 29.3701 -2.74172 3.79
    endloop
  endfacet
  facet normal 0 -0 -1
    outer loop
      vertex 25.6278 -2.08186 3.79
      vertex 28.5366 -7.46879 3.79
      vertex 24.7943 -6.80893 3.79
    endloop
  endfacet
  facet normal -0.984808 0.173646 0
    outer loop
      vertex 28.5366 -7.46879 1.79
      vertex 29.3701 -2.74172 3.79
      vertex 29.3701 -2.74172 1.79
    endloop
  endfacet
  facet normal -0.984808 0.173646 0
    outer loop
      vertex 29.3701 -2.74172 3.79
      vertex 28.5366 -7.46879 1.79
      vertex 28.5366 -7.46879 3.79
    endloop
  endfacet
  facet normal -0.173646 -0.984808 -4.34115e-06
    outer loop
      vertex 25.6278 -2.08186 3.79
      vertex 27.499 -2.41179 1.79
      vertex 29.3701 -2.74172 3.79
    endloop
  endfacet
  facet normal -0.173642 -0.984809 0
    outer loop
      vertex 25.6278 -2.08186 0
      vertex 27.499 -2.41179 1.79
      vertex 25.6278 -2.08186 3.79
    endloop
  endfacet
  facet normal -0.173642 -0.984809 -0
    outer loop
      vertex 27.499 -2.41179 1.79
      vertex 25.6278 -2.08186 0
      vertex 27.499 -2.41179 0
    endloop
  endfacet
  facet normal -0.173651 -0.984807 -0
    outer loop
      vertex 29.3701 -2.74172 3.79
      vertex 27.499 -2.41179 1.79
      vertex 29.3701 -2.74172 1.79
    endloop
  endfacet
  facet normal 0.173651 0.984807 0
    outer loop
      vertex 26.6655 -7.13886 1.79
      vertex 28.5366 -7.46879 3.79
      vertex 28.5366 -7.46879 1.79
    endloop
  endfacet
  facet normal 0.173646 0.984808 4.34115e-06
    outer loop
      vertex 28.5366 -7.46879 3.79
      vertex 26.6655 -7.13886 1.79
      vertex 24.7943 -6.80893 3.79
    endloop
  endfacet
  facet normal 0.173642 0.984809 0
    outer loop
      vertex 24.7943 -6.80893 0
      vertex 26.6655 -7.13886 1.79
      vertex 26.6655 -7.13886 0
    endloop
  endfacet
  facet normal 0.173642 0.984809 0
    outer loop
      vertex 26.6655 -7.13886 1.79
      vertex 24.7943 -6.80893 0
      vertex 24.7943 -6.80893 3.79
    endloop
  endfacet
  facet normal 0.984794 -0.173725 0
    outer loop
      vertex 26.4744 -8.22215 1.79
      vertex 26.6655 -7.13886 0
      vertex 26.6655 -7.13886 1.79
    endloop
  endfacet
  facet normal 0.984794 -0.173725 0
    outer loop
      vertex 26.6655 -7.13886 0
      vertex 26.4744 -8.22215 1.79
      vertex 26.4744 -8.22215 0
    endloop
  endfacet
  facet normal 0.98481 -0.173636 0
    outer loop
      vertex 27.499 -2.41179 1.79
      vertex 27.69 -1.3285 0
      vertex 27.69 -1.3285 1.79
    endloop
  endfacet
  facet normal 0.98481 -0.173636 0
    outer loop
      vertex 27.69 -1.3285 0
      vertex 27.499 -2.41179 1.79
      vertex 27.499 -2.41179 0
    endloop
  endfacet
  facet normal 0 0 -1
    outer loop
      vertex 35.4185 -9.79923 1.79
      vertex 28.5366 -7.46879 1.79
      vertex 29.3701 -2.74172 1.79
    endloop
  endfacet
  facet normal 0 0 -1
    outer loop
      vertex 26.4744 -8.22215 1.79
      vertex 28.5366 -7.46879 1.79
      vertex 35.4185 -9.79923 1.79
    endloop
  endfacet
  facet normal -0 0 -1
    outer loop
      vertex 28.5366 -7.46879 1.79
      vertex 26.4744 -8.22215 1.79
      vertex 26.6655 -7.13886 1.79
    endloop
  endfacet
  facet normal 0 0 -1
    outer loop
      vertex 29.3701 -2.74172 1.79
      vertex 36.634 -2.90557 1.79
      vertex 35.4185 -9.79923 1.79
    endloop
  endfacet
  facet normal 0 0 -1
    outer loop
      vertex 29.3701 -2.74172 1.79
      vertex 27.69 -1.3285 1.79
      vertex 36.634 -2.90557 1.79
    endloop
  endfacet
  facet normal 0 -0 -1
    outer loop
      vertex 27.69 -1.3285 1.79
      vertex 29.3701 -2.74172 1.79
      vertex 27.499 -2.41179 1.79
    endloop
  endfacet
  facet normal -0.984809 0.173643 0
    outer loop
      vertex 35.4185 -9.79923 0
      vertex 36.634 -2.90557 1.79
      vertex 36.634 -2.90557 0
    endloop
  endfacet
  facet normal -0.984809 0.173643 0
    outer loop
      vertex 36.634 -2.90557 1.79
      vertex 35.4185 -9.79923 0
      vertex 35.4185 -9.79923 1.79
    endloop
  endfacet
  facet normal 0.173648 0.984808 -0
    outer loop
      vertex 35.4185 -9.79923 0
      vertex 26.4744 -8.22215 1.79
      vertex 35.4185 -9.79923 1.79
    endloop
  endfacet
  facet normal 0.173648 0.984808 0
    outer loop
      vertex 26.4744 -8.22215 1.79
      vertex 35.4185 -9.79923 0
      vertex 26.4744 -8.22215 0
    endloop
  endfacet
  facet normal -0.173648 -0.984808 0
    outer loop
      vertex 27.69 -1.3285 0
      vertex 36.634 -2.90557 1.79
      vertex 27.69 -1.3285 1.79
    endloop
  endfacet
  facet normal -0.173648 -0.984808 -0
    outer loop
      vertex 36.634 -2.90557 1.79
      vertex 27.69 -1.3285 0
      vertex 36.634 -2.90557 0
    endloop
  endfacet
  facet normal 0.896865 0.442304 0
    outer loop
      vertex 36.9386 15.3005 18.3
      vertex 34.6254 19.991 0
      vertex 34.6254 19.991 18.3
    endloop
  endfacet
  facet normal 0.896865 0.442304 0
    outer loop
      vertex 34.6254 19.991 0
      vertex 36.9386 15.3005 18.3
      vertex 36.9386 15.3005 0
    endloop
  endfacet
  facet normal 0.831476 0.55556 0
    outer loop
      vertex 34.6254 19.991 18.3
      vertex 31.7199 24.3395 0
      vertex 31.7199 24.3395 18.3
    endloop
  endfacet
  facet normal 0.831476 0.55556 0
    outer loop
      vertex 31.7199 24.3395 0
      vertex 34.6254 19.991 18.3
      vertex 34.6254 19.991 0
    endloop
  endfacet
  facet normal 0.19509 0.980785 -0
    outer loop
      vertex 10.3481 38.6197 0
      vertex 5.2187 39.64 18.3
      vertex 10.3481 38.6197 18.3
    endloop
  endfacet
  facet normal 0.19509 0.980785 0
    outer loop
      vertex 5.2187 39.64 18.3
      vertex 10.3481 38.6197 0
      vertex 5.2187 39.64 0
    endloop
  endfacet
  facet normal 0.321437 0.946931 -0
    outer loop
      vertex 15.3005 36.9386 0
      vertex 10.3481 38.6197 18.3
      vertex 15.3005 36.9386 18.3
    endloop
  endfacet
  facet normal 0.321437 0.946931 0
    outer loop
      vertex 10.3481 38.6197 18.3
      vertex 15.3005 36.9386 0
      vertex 10.3481 38.6197 0
    endloop
  endfacet
  facet normal -0.442304 0.896865 0
    outer loop
      vertex -15.3005 36.9386 0
      vertex -19.991 34.6254 18.3
      vertex -15.3005 36.9386 18.3
    endloop
  endfacet
  facet normal -0.442304 0.896865 0
    outer loop
      vertex -19.991 34.6254 18.3
      vertex -15.3005 36.9386 0
      vertex -19.991 34.6254 0
    endloop
  endfacet
  facet normal -0.896865 0.442304 0
    outer loop
      vertex -36.9386 15.3005 0
      vertex -34.6254 19.991 18.3
      vertex -34.6254 19.991 0
    endloop
  endfacet
  facet normal -0.896865 0.442304 0
    outer loop
      vertex -34.6254 19.991 18.3
      vertex -36.9386 15.3005 0
      vertex -36.9386 15.3005 18.3
    endloop
  endfacet
  facet normal 0.980785 -0.19509 0
    outer loop
      vertex 38.6197 -10.3481 18.3
      vertex 39.64 -5.2187 0
      vertex 39.64 -5.2187 18.3
    endloop
  endfacet
  facet normal 0.980785 -0.19509 0
    outer loop
      vertex 39.64 -5.2187 0
      vertex 38.6197 -10.3481 18.3
      vertex 38.6197 -10.3481 0
    endloop
  endfacet
  facet normal 0.65936 0.751828 -0
    outer loop
      vertex 28.2715 28.2715 0
      vertex 24.3395 31.7199 18.3
      vertex 28.2715 28.2715 18.3
    endloop
  endfacet
  facet normal 0.65936 0.751828 0
    outer loop
      vertex 24.3395 31.7199 18.3
      vertex 28.2715 28.2715 0
      vertex 24.3395 31.7199 0
    endloop
  endfacet
  facet normal 0.442304 0.896865 -0
    outer loop
      vertex 19.991 34.6254 0
      vertex 15.3005 36.9386 18.3
      vertex 19.991 34.6254 18.3
    endloop
  endfacet
  facet normal 0.442304 0.896865 0
    outer loop
      vertex 15.3005 36.9386 18.3
      vertex 19.991 34.6254 0
      vertex 15.3005 36.9386 0
    endloop
  endfacet
  facet normal -0.99786 0.0653933 0
    outer loop
      vertex -39.982 0 0
      vertex -39.64 5.2187 18.3
      vertex -39.64 5.2187 0
    endloop
  endfacet
  facet normal -0.99786 0.0653933 0
    outer loop
      vertex -39.64 5.2187 18.3
      vertex -39.982 0 0
      vertex -39.982 0 18.3
    endloop
  endfacet
  facet normal -0.751828 0.65936 0
    outer loop
      vertex -31.7199 24.3395 0
      vertex -28.2715 28.2715 18.3
      vertex -28.2715 28.2715 0
    endloop
  endfacet
  facet normal -0.751828 0.65936 0
    outer loop
      vertex -28.2715 28.2715 18.3
      vertex -31.7199 24.3395 0
      vertex -31.7199 24.3395 18.3
    endloop
  endfacet
  facet normal -0.55556 0.831476 0
    outer loop
      vertex -19.991 34.6254 0
      vertex -24.3395 31.7199 18.3
      vertex -19.991 34.6254 18.3
    endloop
  endfacet
  facet normal -0.55556 0.831476 0
    outer loop
      vertex -24.3395 31.7199 18.3
      vertex -19.991 34.6254 0
      vertex -24.3395 31.7199 0
    endloop
  endfacet
  facet normal -0.321437 0.946931 0
    outer loop
      vertex -10.3481 38.6197 0
      vertex -15.3005 36.9386 18.3
      vertex -10.3481 38.6197 18.3
    endloop
  endfacet
  facet normal -0.321437 0.946931 0
    outer loop
      vertex -15.3005 36.9386 18.3
      vertex -10.3481 38.6197 0
      vertex -15.3005 36.9386 0
    endloop
  endfacet
  facet normal -0.65936 0.751828 0
    outer loop
      vertex -24.3395 31.7199 0
      vertex -28.2715 28.2715 18.3
      vertex -24.3395 31.7199 18.3
    endloop
  endfacet
  facet normal -0.65936 0.751828 0
    outer loop
      vertex -28.2715 28.2715 18.3
      vertex -24.3395 31.7199 0
      vertex -28.2715 28.2715 0
    endloop
  endfacet
  facet normal 0.99786 -0.0653936 0
    outer loop
      vertex 39.7854 -3 18.3
      vertex 39.64 -5.2187 18.3
      vertex 39.7854 -3 16.3
    endloop
  endfacet
  facet normal 0.99786 -0.0653931 0
    outer loop
      vertex 39.7854 -3 16.3
      vertex 39.982 0 0
      vertex 39.982 0 16.3
    endloop
  endfacet
  facet normal 0.99786 -0.0653936 0
    outer loop
      vertex 39.64 -5.2187 0
      vertex 39.7854 -3 16.3
      vertex 39.64 -5.2187 18.3
    endloop
  endfacet
  facet normal 0.99786 -0.0653933 -4.19955e-08
    outer loop
      vertex 39.7854 -3 16.3
      vertex 39.64 -5.2187 0
      vertex 39.982 0 0
    endloop
  endfacet
  facet normal 0.55556 -0.831476 0
    outer loop
      vertex 19.991 -34.6254 0
      vertex 24.3395 -31.7199 18.3
      vertex 19.991 -34.6254 18.3
    endloop
  endfacet
  facet normal 0.55556 -0.831476 0
    outer loop
      vertex 24.3395 -31.7199 18.3
      vertex 19.991 -34.6254 0
      vertex 24.3395 -31.7199 0
    endloop
  endfacet
  facet normal 0.946931 -0.321437 0
    outer loop
      vertex 36.9386 -15.3005 18.3
      vertex 38.6197 -10.3481 0
      vertex 38.6197 -10.3481 18.3
    endloop
  endfacet
  facet normal 0.946931 -0.321437 0
    outer loop
      vertex 38.6197 -10.3481 0
      vertex 36.9386 -15.3005 18.3
      vertex 36.9386 -15.3005 0
    endloop
  endfacet
  facet normal -0.65936 -0.751828 0
    outer loop
      vertex -28.2715 -28.2715 0
      vertex -24.3395 -31.7199 18.3
      vertex -28.2715 -28.2715 18.3
    endloop
  endfacet
  facet normal -0.65936 -0.751828 -0
    outer loop
      vertex -24.3395 -31.7199 18.3
      vertex -28.2715 -28.2715 0
      vertex -24.3395 -31.7199 0
    endloop
  endfacet
  facet normal -0.896865 -0.442304 0
    outer loop
      vertex -34.6254 -19.991 0
      vertex -36.9386 -15.3005 18.3
      vertex -36.9386 -15.3005 0
    endloop
  endfacet
  facet normal -0.896865 -0.442304 0
    outer loop
      vertex -36.9386 -15.3005 18.3
      vertex -34.6254 -19.991 0
      vertex -34.6254 -19.991 18.3
    endloop
  endfacet
  facet normal 0.946931 0.321437 0
    outer loop
      vertex 38.6197 10.3481 18.3
      vertex 36.9386 15.3005 0
      vertex 36.9386 15.3005 18.3
    endloop
  endfacet
  facet normal 0.946931 0.321437 0
    outer loop
      vertex 36.9386 15.3005 0
      vertex 38.6197 10.3481 18.3
      vertex 38.6197 10.3481 0
    endloop
  endfacet
  facet normal 0.751828 0.65936 0
    outer loop
      vertex 31.7199 24.3395 18.3
      vertex 28.2715 28.2715 0
      vertex 28.2715 28.2715 18.3
    endloop
  endfacet
  facet normal 0.751828 0.65936 0
    outer loop
      vertex 28.2715 28.2715 0
      vertex 31.7199 24.3395 18.3
      vertex 31.7199 24.3395 0
    endloop
  endfacet
  facet normal -0.0653933 0.99786 0
    outer loop
      vertex 0 39.982 0
      vertex -5.2187 39.64 18.3
      vertex 0 39.982 18.3
    endloop
  endfacet
  facet normal -0.0653933 0.99786 0
    outer loop
      vertex -5.2187 39.64 18.3
      vertex 0 39.982 0
      vertex -5.2187 39.64 0
    endloop
  endfacet
  facet normal 0.55556 0.831476 -0
    outer loop
      vertex 24.3395 31.7199 0
      vertex 19.991 34.6254 18.3
      vertex 24.3395 31.7199 18.3
    endloop
  endfacet
  facet normal 0.55556 0.831476 0
    outer loop
      vertex 19.991 34.6254 18.3
      vertex 24.3395 31.7199 0
      vertex 19.991 34.6254 0
    endloop
  endfacet
  facet normal 0 0 1
    outer loop
      vertex 38.0536 5.00986 18.3
      vertex 39.64 5.2187 18.3
      vertex 38.6197 10.3481 18.3
    endloop
  endfacet
  facet normal 0 0 1
    outer loop
      vertex 39.64 5.2187 18.3
      vertex 38.0536 5.00986 18.3
      vertex 39.7854 3 18.3
    endloop
  endfacet
  facet normal 0 0 1
    outer loop
      vertex 39.7854 3 18.3
      vertex 38.0536 5.00986 18.3
      vertex 38.1854 3 18.3
    endloop
  endfacet
  facet normal 0 0 1
    outer loop
      vertex 38.6197 10.3481 18.3
      vertex 37.0742 9.93399 18.3
      vertex 38.0536 5.00986 18.3
    endloop
  endfacet
  facet normal 0 0 1
    outer loop
      vertex 36.9386 15.3005 18.3
      vertex 37.0742 9.93399 18.3
      vertex 38.6197 10.3481 18.3
    endloop
  endfacet
  facet normal 0 0 1
    outer loop
      vertex 36.9386 15.3005 18.3
      vertex 35.4604 14.6882 18.3
      vertex 37.0742 9.93399 18.3
    endloop
  endfacet
  facet normal 0 0 1
    outer loop
      vertex 34.6254 19.991 18.3
      vertex 35.4604 14.6882 18.3
      vertex 36.9386 15.3005 18.3
    endloop
  endfacet
  facet normal 0 0 1
    outer loop
      vertex 34.6254 19.991 18.3
      vertex 33.2398 19.191 18.3
      vertex 35.4604 14.6882 18.3
    endloop
  endfacet
  facet normal 0 0 1
    outer loop
      vertex 31.7199 24.3395 18.3
      vertex 33.2398 19.191 18.3
      vertex 34.6254 19.991 18.3
    endloop
  endfacet
  facet normal 0 0 1
    outer loop
      vertex 31.7199 24.3395 18.3
      vertex 30.4505 23.3655 18.3
      vertex 33.2398 19.191 18.3
    endloop
  endfacet
  facet normal 0 0 1
    outer loop
      vertex 28.2715 28.2715 18.3
      vertex 30.4505 23.3655 18.3
      vertex 31.7199 24.3395 18.3
    endloop
  endfacet
  facet normal 0 0 1
    outer loop
      vertex 28.2715 28.2715 18.3
      vertex 27.1402 27.1402 18.3
      vertex 30.4505 23.3655 18.3
    endloop
  endfacet
  facet normal 0 0 1
    outer loop
      vertex 24.3395 31.7199 18.3
      vertex 27.1402 27.1402 18.3
      vertex 28.2715 28.2715 18.3
    endloop
  endfacet
  facet normal 0 0 1
    outer loop
      vertex 24.3395 31.7199 18.3
      vertex 23.3655 30.4505 18.3
      vertex 27.1402 27.1402 18.3
    endloop
  endfacet
  facet normal 0 0 1
    outer loop
      vertex 19.991 34.6254 18.3
      vertex 23.3655 30.4505 18.3
      vertex 24.3395 31.7199 18.3
    endloop
  endfacet
  facet normal 0 0 1
    outer loop
      vertex 19.991 34.6254 18.3
      vertex 19.191 33.2398 18.3
      vertex 23.3655 30.4505 18.3
    endloop
  endfacet
  facet normal 0 0 1
    outer loop
      vertex 15.3005 36.9386 18.3
      vertex 19.191 33.2398 18.3
      vertex 19.991 34.6254 18.3
    endloop
  endfacet
  facet normal 0 0 1
    outer loop
      vertex 15.3005 36.9386 18.3
      vertex 14.6882 35.4604 18.3
      vertex 19.191 33.2398 18.3
    endloop
  endfacet
  facet normal 0 0 1
    outer loop
      vertex 10.3481 38.6197 18.3
      vertex 14.6882 35.4604 18.3
      vertex 15.3005 36.9386 18.3
    endloop
  endfacet
  facet normal 0 0 1
    outer loop
      vertex 10.3481 38.6197 18.3
      vertex 9.93399 37.0742 18.3
      vertex 14.6882 35.4604 18.3
    endloop
  endfacet
  facet normal 0 0 1
    outer loop
      vertex 5.2187 39.64 18.3
      vertex 9.93399 37.0742 18.3
      vertex 10.3481 38.6197 18.3
    endloop
  endfacet
  facet normal 0 0 1
    outer loop
      vertex 5.2187 39.64 18.3
      vertex 5.00986 38.0536 18.3
      vertex 9.93399 37.0742 18.3
    endloop
  endfacet
  facet normal 0 0 1
    outer loop
      vertex 0 39.982 18.3
      vertex 5.00986 38.0536 18.3
      vertex 5.2187 39.64 18.3
    endloop
  endfacet
  facet normal 0 0 1
    outer loop
      vertex 0 39.982 18.3
      vertex 0 38.382 18.3
      vertex 5.00986 38.0536 18.3
    endloop
  endfacet
  facet normal 0 0 1
    outer loop
      vertex 0 39.982 18.3
      vertex -5.00986 38.0536 18.3
      vertex 0 38.382 18.3
    endloop
  endfacet
  facet normal -0 0 1
    outer loop
      vertex -5.2187 39.64 18.3
      vertex -5.00986 38.0536 18.3
      vertex 0 39.982 18.3
    endloop
  endfacet
  facet normal 0 0 1
    outer loop
      vertex -5.2187 39.64 18.3
      vertex -9.93399 37.0742 18.3
      vertex -5.00986 38.0536 18.3
    endloop
  endfacet
  facet normal -0 0 1
    outer loop
      vertex -10.3481 38.6197 18.3
      vertex -9.93399 37.0742 18.3
      vertex -5.2187 39.64 18.3
    endloop
  endfacet
  facet normal 0 0 1
    outer loop
      vertex -10.3481 38.6197 18.3
      vertex -14.6882 35.4604 18.3
      vertex -9.93399 37.0742 18.3
    endloop
  endfacet
  facet normal -0 0 1
    outer loop
      vertex -15.3005 36.9386 18.3
      vertex -14.6882 35.4604 18.3
      vertex -10.3481 38.6197 18.3
    endloop
  endfacet
  facet normal 0 0 1
    outer loop
      vertex -15.3005 36.9386 18.3
      vertex -19.191 33.2398 18.3
      vertex -14.6882 35.4604 18.3
    endloop
  endfacet
  facet normal -0 0 1
    outer loop
      vertex -19.991 34.6254 18.3
      vertex -19.191 33.2398 18.3
      vertex -15.3005 36.9386 18.3
    endloop
  endfacet
  facet normal 0 0 1
    outer loop
      vertex -19.991 34.6254 18.3
      vertex -23.3655 30.4505 18.3
      vertex -19.191 33.2398 18.3
    endloop
  endfacet
  facet normal -0 0 1
    outer loop
      vertex -24.3395 31.7199 18.3
      vertex -23.3655 30.4505 18.3
      vertex -19.991 34.6254 18.3
    endloop
  endfacet
  facet normal 0 0 1
    outer loop
      vertex -24.3395 31.7199 18.3
      vertex -27.1402 27.1402 18.3
      vertex -23.3655 30.4505 18.3
    endloop
  endfacet
  facet normal -0 0 1
    outer loop
      vertex -28.2715 28.2715 18.3
      vertex -27.1402 27.1402 18.3
      vertex -24.3395 31.7199 18.3
    endloop
  endfacet
  facet normal 0 0 1
    outer loop
      vertex -28.2715 28.2715 18.3
      vertex -30.4505 23.3655 18.3
      vertex -27.1402 27.1402 18.3
    endloop
  endfacet
  facet normal -0 0 1
    outer loop
      vertex -31.7199 24.3395 18.3
      vertex -30.4505 23.3655 18.3
      vertex -28.2715 28.2715 18.3
    endloop
  endfacet
  facet normal 0 0 1
    outer loop
      vertex -31.7199 24.3395 18.3
      vertex -33.2398 19.191 18.3
      vertex -30.4505 23.3655 18.3
    endloop
  endfacet
  facet normal -0 0 1
    outer loop
      vertex -34.6254 19.991 18.3
      vertex -33.2398 19.191 18.3
      vertex -31.7199 24.3395 18.3
    endloop
  endfacet
  facet normal 0 0 1
    outer loop
      vertex -34.6254 19.991 18.3
      vertex -35.4604 14.6882 18.3
      vertex -33.2398 19.191 18.3
    endloop
  endfacet
  facet normal -0 0 1
    outer loop
      vertex -36.9386 15.3005 18.3
      vertex -35.4604 14.6882 18.3
      vertex -34.6254 19.991 18.3
    endloop
  endfacet
  facet normal 0 0 1
    outer loop
      vertex -36.9386 15.3005 18.3
      vertex -37.0742 9.93399 18.3
      vertex -35.4604 14.6882 18.3
    endloop
  endfacet
  facet normal -0 0 1
    outer loop
      vertex -38.6197 10.3481 18.3
      vertex -37.0742 9.93399 18.3
      vertex -36.9386 15.3005 18.3
    endloop
  endfacet
  facet normal -0 0 1
    outer loop
      vertex -39.64 5.2187 18.3
      vertex -38.0536 5.00986 18.3
      vertex -38.6197 10.3481 18.3
    endloop
  endfacet
  facet normal 0 0 1
    outer loop
      vertex -37.0742 9.93399 18.3
      vertex -38.6197 10.3481 18.3
      vertex -38.0536 5.00986 18.3
    endloop
  endfacet
  facet normal -0 0 1
    outer loop
      vertex 38.0536 -5.00986 18.3
      vertex 39.64 -5.2187 18.3
      vertex 39.7854 -3 18.3
    endloop
  endfacet
  facet normal 0 0 1
    outer loop
      vertex 38.0536 -5.00986 18.3
      vertex 39.7854 -3 18.3
      vertex 38.1854 -3 18.3
    endloop
  endfacet
  facet normal 0 0 1
    outer loop
      vertex 39.64 -5.2187 18.3
      vertex 38.0536 -5.00986 18.3
      vertex 38.6197 -10.3481 18.3
    endloop
  endfacet
  facet normal -0 0 1
    outer loop
      vertex 37.0742 -9.93399 18.3
      vertex 38.6197 -10.3481 18.3
      vertex 38.0536 -5.00986 18.3
    endloop
  endfacet
  facet normal 0 0 1
    outer loop
      vertex 37.0742 -9.93399 18.3
      vertex 36.9386 -15.3005 18.3
      vertex 38.6197 -10.3481 18.3
    endloop
  endfacet
  facet normal -0 0 1
    outer loop
      vertex 35.4604 -14.6882 18.3
      vertex 36.9386 -15.3005 18.3
      vertex 37.0742 -9.93399 18.3
    endloop
  endfacet
  facet normal 0 0 1
    outer loop
      vertex 35.4604 -14.6882 18.3
      vertex 34.6254 -19.991 18.3
      vertex 36.9386 -15.3005 18.3
    endloop
  endfacet
  facet normal -0 0 1
    outer loop
      vertex 33.2398 -19.191 18.3
      vertex 34.6254 -19.991 18.3
      vertex 35.4604 -14.6882 18.3
    endloop
  endfacet
  facet normal 0 0 1
    outer loop
      vertex 33.2398 -19.191 18.3
      vertex 31.7199 -24.3395 18.3
      vertex 34.6254 -19.991 18.3
    endloop
  endfacet
  facet normal -0 0 1
    outer loop
      vertex 30.4505 -23.3655 18.3
      vertex 31.7199 -24.3395 18.3
      vertex 33.2398 -19.191 18.3
    endloop
  endfacet
  facet normal 0 0 1
    outer loop
      vertex 30.4505 -23.3655 18.3
      vertex 28.2715 -28.2715 18.3
      vertex 31.7199 -24.3395 18.3
    endloop
  endfacet
  facet normal -0 0 1
    outer loop
      vertex 27.1402 -27.1402 18.3
      vertex 28.2715 -28.2715 18.3
      vertex 30.4505 -23.3655 18.3
    endloop
  endfacet
  facet normal 0 0 1
    outer loop
      vertex 27.1402 -27.1402 18.3
      vertex 24.3395 -31.7199 18.3
      vertex 28.2715 -28.2715 18.3
    endloop
  endfacet
  facet normal -0 0 1
    outer loop
      vertex 23.3655 -30.4505 18.3
      vertex 24.3395 -31.7199 18.3
      vertex 27.1402 -27.1402 18.3
    endloop
  endfacet
  facet normal 0 0 1
    outer loop
      vertex 23.3655 -30.4505 18.3
      vertex 19.991 -34.6254 18.3
      vertex 24.3395 -31.7199 18.3
    endloop
  endfacet
  facet normal -0 0 1
    outer loop
      vertex 19.191 -33.2398 18.3
      vertex 19.991 -34.6254 18.3
      vertex 23.3655 -30.4505 18.3
    endloop
  endfacet
  facet normal 0 0 1
    outer loop
      vertex 19.191 -33.2398 18.3
      vertex 15.3005 -36.9386 18.3
      vertex 19.991 -34.6254 18.3
    endloop
  endfacet
  facet normal -0 0 1
    outer loop
      vertex 14.6882 -35.4604 18.3
      vertex 15.3005 -36.9386 18.3
      vertex 19.191 -33.2398 18.3
    endloop
  endfacet
  facet normal 0 0 1
    outer loop
      vertex 14.6882 -35.4604 18.3
      vertex 10.3481 -38.6197 18.3
      vertex 15.3005 -36.9386 18.3
    endloop
  endfacet
  facet normal -0 0 1
    outer loop
      vertex 9.93399 -37.0742 18.3
      vertex 10.3481 -38.6197 18.3
      vertex 14.6882 -35.4604 18.3
    endloop
  endfacet
  facet normal 0 0 1
    outer loop
      vertex 9.93399 -37.0742 18.3
      vertex 5.2187 -39.64 18.3
      vertex 10.3481 -38.6197 18.3
    endloop
  endfacet
  facet normal -0 0 1
    outer loop
      vertex 5.00986 -38.0536 18.3
      vertex 5.2187 -39.64 18.3
      vertex 9.93399 -37.0742 18.3
    endloop
  endfacet
  facet normal -0 0 1
    outer loop
      vertex 0 -38.382 18.3
      vertex 5.2187 -39.64 18.3
      vertex 5.00986 -38.0536 18.3
    endloop
  endfacet
  facet normal 0 0 1
    outer loop
      vertex 0 -38.382 18.3
      vertex 0 -39.982 18.3
      vertex 5.2187 -39.64 18.3
    endloop
  endfacet
  facet normal 0 0 1
    outer loop
      vertex -5.00986 -38.0536 18.3
      vertex 0 -39.982 18.3
      vertex 0 -38.382 18.3
    endloop
  endfacet
  facet normal 0 0 1
    outer loop
      vertex -5.00986 -38.0536 18.3
      vertex -5.2187 -39.64 18.3
      vertex 0 -39.982 18.3
    endloop
  endfacet
  facet normal 0 0 1
    outer loop
      vertex -9.93399 -37.0742 18.3
      vertex -5.2187 -39.64 18.3
      vertex -5.00986 -38.0536 18.3
    endloop
  endfacet
  facet normal 0 0 1
    outer loop
      vertex -9.93399 -37.0742 18.3
      vertex -10.3481 -38.6197 18.3
      vertex -5.2187 -39.64 18.3
    endloop
  endfacet
  facet normal 0 0 1
    outer loop
      vertex -14.6882 -35.4604 18.3
      vertex -10.3481 -38.6197 18.3
      vertex -9.93399 -37.0742 18.3
    endloop
  endfacet
  facet normal 0 0 1
    outer loop
      vertex -14.6882 -35.4604 18.3
      vertex -15.3005 -36.9386 18.3
      vertex -10.3481 -38.6197 18.3
    endloop
  endfacet
  facet normal 0 0 1
    outer loop
      vertex -19.191 -33.2398 18.3
      vertex -15.3005 -36.9386 18.3
      vertex -14.6882 -35.4604 18.3
    endloop
  endfacet
  facet normal 0 0 1
    outer loop
      vertex -19.191 -33.2398 18.3
      vertex -19.991 -34.6254 18.3
      vertex -15.3005 -36.9386 18.3
    endloop
  endfacet
  facet normal 0 0 1
    outer loop
      vertex -23.3655 -30.4505 18.3
      vertex -19.991 -34.6254 18.3
      vertex -19.191 -33.2398 18.3
    endloop
  endfacet
  facet normal 0 0 1
    outer loop
      vertex -23.3655 -30.4505 18.3
      vertex -24.3395 -31.7199 18.3
      vertex -19.991 -34.6254 18.3
    endloop
  endfacet
  facet normal 0 0 1
    outer loop
      vertex -27.1402 -27.1402 18.3
      vertex -24.3395 -31.7199 18.3
      vertex -23.3655 -30.4505 18.3
    endloop
  endfacet
  facet normal 0 0 1
    outer loop
      vertex -27.1402 -27.1402 18.3
      vertex -28.2715 -28.2715 18.3
      vertex -24.3395 -31.7199 18.3
    endloop
  endfacet
  facet normal 0 0 1
    outer loop
      vertex -30.4505 -23.3655 18.3
      vertex -28.2715 -28.2715 18.3
      vertex -27.1402 -27.1402 18.3
    endloop
  endfacet
  facet normal 0 0 1
    outer loop
      vertex -30.4505 -23.3655 18.3
      vertex -31.7199 -24.3395 18.3
      vertex -28.2715 -28.2715 18.3
    endloop
  endfacet
  facet normal 0 0 1
    outer loop
      vertex -33.2398 -19.191 18.3
      vertex -31.7199 -24.3395 18.3
      vertex -30.4505 -23.3655 18.3
    endloop
  endfacet
  facet normal 0 0 1
    outer loop
      vertex -33.2398 -19.191 18.3
      vertex -34.6254 -19.991 18.3
      vertex -31.7199 -24.3395 18.3
    endloop
  endfacet
  facet normal 0 0 1
    outer loop
      vertex -35.4604 -14.6882 18.3
      vertex -34.6254 -19.991 18.3
      vertex -33.2398 -19.191 18.3
    endloop
  endfacet
  facet normal 0 0 1
    outer loop
      vertex -35.4604 -14.6882 18.3
      vertex -36.9386 -15.3005 18.3
      vertex -34.6254 -19.991 18.3
    endloop
  endfacet
  facet normal 0 0 1
    outer loop
      vertex -37.0742 -9.93399 18.3
      vertex -36.9386 -15.3005 18.3
      vertex -35.4604 -14.6882 18.3
    endloop
  endfacet
  facet normal 0 0 1
    outer loop
      vertex -38.6197 -10.3481 18.3
      vertex -37.0742 -9.93399 18.3
      vertex -38.0536 -5.00986 18.3
    endloop
  endfacet
  facet normal 0 0 1
    outer loop
      vertex -37.0742 -9.93399 18.3
      vertex -38.6197 -10.3481 18.3
      vertex -36.9386 -15.3005 18.3
    endloop
  endfacet
  facet normal 0 0 1
    outer loop
      vertex -39.64 -5.2187 18.3
      vertex -38.0536 -5.00986 18.3
      vertex -38.382 0 18.3
    endloop
  endfacet
  facet normal 0 0 1
    outer loop
      vertex -38.0536 5.00986 18.3
      vertex -39.64 5.2187 18.3
      vertex -38.382 0 18.3
    endloop
  endfacet
  facet normal 0 0 1
    outer loop
      vertex -39.982 0 18.3
      vertex -38.382 0 18.3
      vertex -39.64 5.2187 18.3
    endloop
  endfacet
  facet normal 0 0 1
    outer loop
      vertex -38.0536 -5.00986 18.3
      vertex -39.64 -5.2187 18.3
      vertex -38.6197 -10.3481 18.3
    endloop
  endfacet
  facet normal 0 0 1
    outer loop
      vertex -38.382 0 18.3
      vertex -39.982 0 18.3
      vertex -39.64 -5.2187 18.3
    endloop
  endfacet
  facet normal -0.946931 0.321437 0
    outer loop
      vertex -38.6197 10.3481 0
      vertex -36.9386 15.3005 18.3
      vertex -36.9386 15.3005 0
    endloop
  endfacet
  facet normal -0.946931 0.321437 0
    outer loop
      vertex -36.9386 15.3005 18.3
      vertex -38.6197 10.3481 0
      vertex -38.6197 10.3481 18.3
    endloop
  endfacet
  facet normal -0.980785 0.19509 0
    outer loop
      vertex -39.64 5.2187 0
      vertex -38.6197 10.3481 18.3
      vertex -38.6197 10.3481 0
    endloop
  endfacet
  facet normal -0.980785 0.19509 0
    outer loop
      vertex -38.6197 10.3481 18.3
      vertex -39.64 5.2187 0
      vertex -39.64 5.2187 18.3
    endloop
  endfacet
  facet normal -0.831476 0.55556 0
    outer loop
      vertex -34.6254 19.991 0
      vertex -31.7199 24.3395 18.3
      vertex -31.7199 24.3395 0
    endloop
  endfacet
  facet normal -0.831476 0.55556 0
    outer loop
      vertex -31.7199 24.3395 18.3
      vertex -34.6254 19.991 0
      vertex -34.6254 19.991 18.3
    endloop
  endfacet
  facet normal -0.19509 0.980785 0
    outer loop
      vertex -5.2187 39.64 0
      vertex -10.3481 38.6197 18.3
      vertex -5.2187 39.64 18.3
    endloop
  endfacet
  facet normal -0.19509 0.980785 0
    outer loop
      vertex -10.3481 38.6197 18.3
      vertex -5.2187 39.64 0
      vertex -10.3481 38.6197 0
    endloop
  endfacet
  facet normal 0.99786 0.0653936 -0
    outer loop
      vertex 39.7854 3 16.3
      vertex 39.64 5.2187 18.3
      vertex 39.7854 3 18.3
    endloop
  endfacet
  facet normal 0.99786 0.0653936 0
    outer loop
      vertex 39.64 5.2187 18.3
      vertex 39.7854 3 16.3
      vertex 39.64 5.2187 0
    endloop
  endfacet
  facet normal 0.99786 0.0653931 -0
    outer loop
      vertex 39.982 0 0
      vertex 39.7854 3 16.3
      vertex 39.982 0 16.3
    endloop
  endfacet
  facet normal 0.99786 0.0653933 -4.19955e-08
    outer loop
      vertex 39.7854 3 16.3
      vertex 39.982 0 0
      vertex 39.64 5.2187 0
    endloop
  endfacet
  facet normal 0.0653933 -0.99786 0
    outer loop
      vertex 0 -39.982 0
      vertex 5.2187 -39.64 18.3
      vertex 0 -39.982 18.3
    endloop
  endfacet
  facet normal 0.0653933 -0.99786 0
    outer loop
      vertex 5.2187 -39.64 18.3
      vertex 0 -39.982 0
      vertex 5.2187 -39.64 0
    endloop
  endfacet
  facet normal -0.99786 -0.0653933 0
    outer loop
      vertex -39.64 -5.2187 0
      vertex -39.982 0 18.3
      vertex -39.982 0 0
    endloop
  endfacet
  facet normal -0.99786 -0.0653933 0
    outer loop
      vertex -39.982 0 18.3
      vertex -39.64 -5.2187 0
      vertex -39.64 -5.2187 18.3
    endloop
  endfacet
  facet normal -0 0 -1
    outer loop
      vertex -34.8655 17.4738 0
      vertex -36.1071 14.956 0
      vertex -35.5156 17.8491 0
    endloop
  endfacet
  facet normal 0 0 -1
    outer loop
      vertex 39.082 0 0
      vertex 39.982 0 0
      vertex 39.64 -5.2187 0
    endloop
  endfacet
  facet normal 0 0 -1
    outer loop
      vertex 39.982 0 0
      vertex 39.082 0 0
      vertex 39.64 5.2187 0
    endloop
  endfacet
  facet normal 0 0 -1
    outer loop
      vertex 39.64 -5.2187 0
      vertex 38.7477 -5.10123 0
      vertex 39.082 0 0
    endloop
  endfacet
  facet normal 0 0 -1
    outer loop
      vertex 38.6197 -10.3481 0
      vertex 38.7477 -5.10123 0
      vertex 39.64 -5.2187 0
    endloop
  endfacet
  facet normal 0 0 -1
    outer loop
      vertex 38.6197 -10.3481 0
      vertex 37.7503 -10.1152 0
      vertex 38.7477 -5.10123 0
    endloop
  endfacet
  facet normal 0 0 -1
    outer loop
      vertex 36.9386 -15.3005 0
      vertex 37.7503 -10.1152 0
      vertex 38.6197 -10.3481 0
    endloop
  endfacet
  facet normal 0 0 -1
    outer loop
      vertex 36.9386 -15.3005 0
      vertex 36.1071 -14.956 0
      vertex 37.7503 -10.1152 0
    endloop
  endfacet
  facet normal 0 0 -1
    outer loop
      vertex 34.6254 -19.991 0
      vertex 36.1071 -14.956 0
      vertex 36.9386 -15.3005 0
    endloop
  endfacet
  facet normal 0 0 -1
    outer loop
      vertex 34.6254 -19.991 0
      vertex 33.846 -19.541 0
      vertex 36.1071 -14.956 0
    endloop
  endfacet
  facet normal 0 0 -1
    outer loop
      vertex 31.7199 -24.3395 0
      vertex 33.846 -19.541 0
      vertex 34.6254 -19.991 0
    endloop
  endfacet
  facet normal 0 0 -1
    outer loop
      vertex 31.7199 -24.3395 0
      vertex 31.0058 -23.7916 0
      vertex 33.846 -19.541 0
    endloop
  endfacet
  facet normal 0 0 -1
    outer loop
      vertex 28.2715 -28.2715 0
      vertex 31.0058 -23.7916 0
      vertex 31.7199 -24.3395 0
    endloop
  endfacet
  facet normal 0 0 -1
    outer loop
      vertex 28.2715 -28.2715 0
      vertex 27.6352 -27.6352 0
      vertex 31.0058 -23.7916 0
    endloop
  endfacet
  facet normal 0 0 -1
    outer loop
      vertex 24.3395 -31.7199 0
      vertex 27.6352 -27.6352 0
      vertex 28.2715 -28.2715 0
    endloop
  endfacet
  facet normal 0 0 -1
    outer loop
      vertex 24.3395 -31.7199 0
      vertex 23.7916 -31.0058 0
      vertex 27.6352 -27.6352 0
    endloop
  endfacet
  facet normal 0 0 -1
    outer loop
      vertex 19.991 -34.6254 0
      vertex 23.7916 -31.0058 0
      vertex 24.3395 -31.7199 0
    endloop
  endfacet
  facet normal 0 0 -1
    outer loop
      vertex 19.991 -34.6254 0
      vertex 19.541 -33.846 0
      vertex 23.7916 -31.0058 0
    endloop
  endfacet
  facet normal 0 0 -1
    outer loop
      vertex 15.3005 -36.9386 0
      vertex 19.541 -33.846 0
      vertex 19.991 -34.6254 0
    endloop
  endfacet
  facet normal 0 0 -1
    outer loop
      vertex 15.3005 -36.9386 0
      vertex 14.956 -36.1071 0
      vertex 19.541 -33.846 0
    endloop
  endfacet
  facet normal 0 0 -1
    outer loop
      vertex 10.3481 -38.6197 0
      vertex 14.956 -36.1071 0
      vertex 15.3005 -36.9386 0
    endloop
  endfacet
  facet normal 0 0 -1
    outer loop
      vertex 10.3481 -38.6197 0
      vertex 10.1152 -37.7503 0
      vertex 14.956 -36.1071 0
    endloop
  endfacet
  facet normal 0 0 -1
    outer loop
      vertex 5.2187 -39.64 0
      vertex 10.1152 -37.7503 0
      vertex 10.3481 -38.6197 0
    endloop
  endfacet
  facet normal 0 0 -1
    outer loop
      vertex 5.2187 -39.64 0
      vertex 5.10123 -38.7477 0
      vertex 10.1152 -37.7503 0
    endloop
  endfacet
  facet normal 0 0 -1
    outer loop
      vertex 0 -39.982 0
      vertex 5.10123 -38.7477 0
      vertex 5.2187 -39.64 0
    endloop
  endfacet
  facet normal 0 0 -1
    outer loop
      vertex 0 -39.982 0
      vertex 0 -39.082 0
      vertex 5.10123 -38.7477 0
    endloop
  endfacet
  facet normal 0 0 -1
    outer loop
      vertex 0 -39.982 0
      vertex -5.10123 -38.7477 0
      vertex 0 -39.082 0
    endloop
  endfacet
  facet normal 0 0 -1
    outer loop
      vertex -5.2187 -39.64 0
      vertex -5.10123 -38.7477 0
      vertex 0 -39.982 0
    endloop
  endfacet
  facet normal 0 0 -1
    outer loop
      vertex -5.2187 -39.64 0
      vertex -10.1152 -37.7503 0
      vertex -5.10123 -38.7477 0
    endloop
  endfacet
  facet normal 0 0 -1
    outer loop
      vertex -10.3481 -38.6197 0
      vertex -10.1152 -37.7503 0
      vertex -5.2187 -39.64 0
    endloop
  endfacet
  facet normal 0 0 -1
    outer loop
      vertex -10.3481 -38.6197 0
      vertex -14.956 -36.1071 0
      vertex -10.1152 -37.7503 0
    endloop
  endfacet
  facet normal 0 0 -1
    outer loop
      vertex -15.3005 -36.9386 0
      vertex -14.956 -36.1071 0
      vertex -10.3481 -38.6197 0
    endloop
  endfacet
  facet normal 0 0 -1
    outer loop
      vertex -15.3005 -36.9386 0
      vertex -19.541 -33.846 0
      vertex -14.956 -36.1071 0
    endloop
  endfacet
  facet normal 0 0 -1
    outer loop
      vertex -19.991 -34.6254 0
      vertex -19.541 -33.846 0
      vertex -15.3005 -36.9386 0
    endloop
  endfacet
  facet normal 0 0 -1
    outer loop
      vertex -19.991 -34.6254 0
      vertex -23.7916 -31.0058 0
      vertex -19.541 -33.846 0
    endloop
  endfacet
  facet normal 0 0 -1
    outer loop
      vertex -24.3395 -31.7199 0
      vertex -23.7916 -31.0058 0
      vertex -19.991 -34.6254 0
    endloop
  endfacet
  facet normal 0 0 -1
    outer loop
      vertex -24.3395 -31.7199 0
      vertex -27.6352 -27.6352 0
      vertex -23.7916 -31.0058 0
    endloop
  endfacet
  facet normal 0 0 -1
    outer loop
      vertex -28.2715 -28.2715 0
      vertex -27.6352 -27.6352 0
      vertex -24.3395 -31.7199 0
    endloop
  endfacet
  facet normal 0 0 -1
    outer loop
      vertex -28.2715 -28.2715 0
      vertex -31.0058 -23.7916 0
      vertex -27.6352 -27.6352 0
    endloop
  endfacet
  facet normal 0 0 -1
    outer loop
      vertex -31.7199 -24.3395 0
      vertex -31.0058 -23.7916 0
      vertex -28.2715 -28.2715 0
    endloop
  endfacet
  facet normal 0 0 -1
    outer loop
      vertex -31.7199 -24.3395 0
      vertex -33.846 -19.541 0
      vertex -31.0058 -23.7916 0
    endloop
  endfacet
  facet normal 0 0 -1
    outer loop
      vertex -34.6254 -19.991 0
      vertex -33.846 -19.541 0
      vertex -31.7199 -24.3395 0
    endloop
  endfacet
  facet normal 0 0 -1
    outer loop
      vertex -34.6254 -19.991 0
      vertex -36.1071 -14.956 0
      vertex -33.846 -19.541 0
    endloop
  endfacet
  facet normal 0 0 -1
    outer loop
      vertex -36.9386 -15.3005 0
      vertex -36.1071 -14.956 0
      vertex -34.6254 -19.991 0
    endloop
  endfacet
  facet normal 0 0 -1
    outer loop
      vertex -36.9386 -15.3005 0
      vertex -37.7503 -10.1152 0
      vertex -36.1071 -14.956 0
    endloop
  endfacet
  facet normal 0 0 -1
    outer loop
      vertex -38.6197 -10.3481 0
      vertex -37.7503 -10.1152 0
      vertex -36.9386 -15.3005 0
    endloop
  endfacet
  facet normal 0 0 -1
    outer loop
      vertex -38.6197 -10.3481 0
      vertex -38.7477 -5.10123 0
      vertex -37.7503 -10.1152 0
    endloop
  endfacet
  facet normal 0 0 -1
    outer loop
      vertex -39.64 -5.2187 0
      vertex -38.7477 -5.10123 0
      vertex -38.6197 -10.3481 0
    endloop
  endfacet
  facet normal -0 0 -1
    outer loop
      vertex -38.7477 -5.10123 0
      vertex -39.64 -5.2187 0
      vertex -39.082 0 0
    endloop
  endfacet
  facet normal 0 0 -1
    outer loop
      vertex 38.7477 5.10123 0
      vertex 39.64 5.2187 0
      vertex 39.082 0 0
    endloop
  endfacet
  facet normal 0 0 -1
    outer loop
      vertex 38.7477 5.10123 0
      vertex 38.6197 10.3481 0
      vertex 39.64 5.2187 0
    endloop
  endfacet
  facet normal 0 0 -1
    outer loop
      vertex 37.7503 10.1152 0
      vertex 38.6197 10.3481 0
      vertex 38.7477 5.10123 0
    endloop
  endfacet
  facet normal 0 0 -1
    outer loop
      vertex 37.7503 10.1152 0
      vertex 36.9386 15.3005 0
      vertex 38.6197 10.3481 0
    endloop
  endfacet
  facet normal 0 0 -1
    outer loop
      vertex 36.1071 14.956 0
      vertex 36.9386 15.3005 0
      vertex 37.7503 10.1152 0
    endloop
  endfacet
  facet normal 0 0 -1
    outer loop
      vertex 36.1071 14.956 0
      vertex 34.6254 19.991 0
      vertex 36.9386 15.3005 0
    endloop
  endfacet
  facet normal 0 0 -1
    outer loop
      vertex 33.846 19.541 0
      vertex 34.6254 19.991 0
      vertex 36.1071 14.956 0
    endloop
  endfacet
  facet normal 0 0 -1
    outer loop
      vertex 33.846 19.541 0
      vertex 31.7199 24.3395 0
      vertex 34.6254 19.991 0
    endloop
  endfacet
  facet normal 0 0 -1
    outer loop
      vertex 31.0058 23.7916 0
      vertex 31.7199 24.3395 0
      vertex 33.846 19.541 0
    endloop
  endfacet
  facet normal 0 0 -1
    outer loop
      vertex 31.0058 23.7916 0
      vertex 28.2715 28.2715 0
      vertex 31.7199 24.3395 0
    endloop
  endfacet
  facet normal 0 0 -1
    outer loop
      vertex 27.6352 27.6352 0
      vertex 28.2715 28.2715 0
      vertex 31.0058 23.7916 0
    endloop
  endfacet
  facet normal 0 0 -1
    outer loop
      vertex 27.6352 27.6352 0
      vertex 24.3395 31.7199 0
      vertex 28.2715 28.2715 0
    endloop
  endfacet
  facet normal 0 0 -1
    outer loop
      vertex 23.7916 31.0058 0
      vertex 24.3395 31.7199 0
      vertex 27.6352 27.6352 0
    endloop
  endfacet
  facet normal 0 0 -1
    outer loop
      vertex 23.7916 31.0058 0
      vertex 19.991 34.6254 0
      vertex 24.3395 31.7199 0
    endloop
  endfacet
  facet normal 0 0 -1
    outer loop
      vertex 19.541 33.846 0
      vertex 19.991 34.6254 0
      vertex 23.7916 31.0058 0
    endloop
  endfacet
  facet normal 0 0 -1
    outer loop
      vertex 19.541 33.846 0
      vertex 15.3005 36.9386 0
      vertex 19.991 34.6254 0
    endloop
  endfacet
  facet normal 0 0 -1
    outer loop
      vertex 14.956 36.1071 0
      vertex 15.3005 36.9386 0
      vertex 19.541 33.846 0
    endloop
  endfacet
  facet normal 0 0 -1
    outer loop
      vertex 14.956 36.1071 0
      vertex 10.3481 38.6197 0
      vertex 15.3005 36.9386 0
    endloop
  endfacet
  facet normal 0 0 -1
    outer loop
      vertex 10.1152 37.7503 0
      vertex 10.3481 38.6197 0
      vertex 14.956 36.1071 0
    endloop
  endfacet
  facet normal 0 0 -1
    outer loop
      vertex 10.1152 37.7503 0
      vertex 5.2187 39.64 0
      vertex 10.3481 38.6197 0
    endloop
  endfacet
  facet normal 0 0 -1
    outer loop
      vertex 5.10123 38.7477 0
      vertex 5.2187 39.64 0
      vertex 10.1152 37.7503 0
    endloop
  endfacet
  facet normal 0 0 -1
    outer loop
      vertex 0 39.082 0
      vertex 5.2187 39.64 0
      vertex 5.10123 38.7477 0
    endloop
  endfacet
  facet normal 0 0 -1
    outer loop
      vertex 0 39.082 0
      vertex 0 39.982 0
      vertex 5.2187 39.64 0
    endloop
  endfacet
  facet normal 0 0 -1
    outer loop
      vertex -5.10123 38.7477 0
      vertex 0 39.982 0
      vertex 0 39.082 0
    endloop
  endfacet
  facet normal 0 0 -1
    outer loop
      vertex -5.10123 38.7477 0
      vertex -5.2187 39.64 0
      vertex 0 39.982 0
    endloop
  endfacet
  facet normal 0 0 -1
    outer loop
      vertex -10.1152 37.7503 0
      vertex -5.2187 39.64 0
      vertex -5.10123 38.7477 0
    endloop
  endfacet
  facet normal 0 0 -1
    outer loop
      vertex -10.1152 37.7503 0
      vertex -10.3481 38.6197 0
      vertex -5.2187 39.64 0
    endloop
  endfacet
  facet normal 0 0 -1
    outer loop
      vertex -14.956 36.1071 0
      vertex -10.3481 38.6197 0
      vertex -10.1152 37.7503 0
    endloop
  endfacet
  facet normal 0 0 -1
    outer loop
      vertex -14.956 36.1071 0
      vertex -15.3005 36.9386 0
      vertex -10.3481 38.6197 0
    endloop
  endfacet
  facet normal 0 0 -1
    outer loop
      vertex -19.541 33.846 0
      vertex -15.3005 36.9386 0
      vertex -14.956 36.1071 0
    endloop
  endfacet
  facet normal 0 0 -1
    outer loop
      vertex -19.541 33.846 0
      vertex -19.991 34.6254 0
      vertex -15.3005 36.9386 0
    endloop
  endfacet
  facet normal 0 0 -1
    outer loop
      vertex -23.7916 31.0058 0
      vertex -19.991 34.6254 0
      vertex -19.541 33.846 0
    endloop
  endfacet
  facet normal 0 0 -1
    outer loop
      vertex -23.7916 31.0058 0
      vertex -24.3395 31.7199 0
      vertex -19.991 34.6254 0
    endloop
  endfacet
  facet normal 0 0 -1
    outer loop
      vertex -27.6352 27.6352 0
      vertex -24.3395 31.7199 0
      vertex -23.7916 31.0058 0
    endloop
  endfacet
  facet normal 0 0 -1
    outer loop
      vertex -27.6352 27.6352 0
      vertex -28.2715 28.2715 0
      vertex -24.3395 31.7199 0
    endloop
  endfacet
  facet normal 0 0 -1
    outer loop
      vertex -31.0058 23.7916 0
      vertex -28.2715 28.2715 0
      vertex -27.6352 27.6352 0
    endloop
  endfacet
  facet normal 0 0 -1
    outer loop
      vertex -31.0058 23.7916 0
      vertex -31.7199 24.3395 0
      vertex -28.2715 28.2715 0
    endloop
  endfacet
  facet normal 0 0 -1
    outer loop
      vertex -33.2156 21.8329 0
      vertex -31.0058 23.7916 0
      vertex -32.5655 21.4575 0
    endloop
  endfacet
  facet normal -0 0 -1
    outer loop
      vertex -31.0058 23.7916 0
      vertex -33.2156 21.8329 0
      vertex -31.7199 24.3395 0
    endloop
  endfacet
  facet normal -0 0 -1
    outer loop
      vertex -33.2156 21.8329 0
      vertex -34.6254 19.991 0
      vertex -31.7199 24.3395 0
    endloop
  endfacet
  facet normal 0 0 -1
    outer loop
      vertex -35.5156 17.8491 0
      vertex -34.6254 19.991 0
      vertex -33.2156 21.8329 0
    endloop
  endfacet
  facet normal -0 0 -1
    outer loop
      vertex -35.5156 17.8491 0
      vertex -36.9386 15.3005 0
      vertex -34.6254 19.991 0
    endloop
  endfacet
  facet normal 0 0 -1
    outer loop
      vertex -36.1071 14.956 0
      vertex -36.9386 15.3005 0
      vertex -35.5156 17.8491 0
    endloop
  endfacet
  facet normal 0 0 -1
    outer loop
      vertex -37.7503 10.1152 0
      vertex -36.9386 15.3005 0
      vertex -36.1071 14.956 0
    endloop
  endfacet
  facet normal 0 0 -1
    outer loop
      vertex -37.7503 10.1152 0
      vertex -38.6197 10.3481 0
      vertex -36.9386 15.3005 0
    endloop
  endfacet
  facet normal 0 0 -1
    outer loop
      vertex -38.7477 5.10123 0
      vertex -38.6197 10.3481 0
      vertex -37.7503 10.1152 0
    endloop
  endfacet
  facet normal 0 0 -1
    outer loop
      vertex -39.64 5.2187 0
      vertex -38.7477 5.10123 0
      vertex -39.082 0 0
    endloop
  endfacet
  facet normal 0 0 -1
    outer loop
      vertex -39.982 0 0
      vertex -39.082 0 0
      vertex -39.64 -5.2187 0
    endloop
  endfacet
  facet normal 0 0 -1
    outer loop
      vertex -38.7477 5.10123 0
      vertex -39.64 5.2187 0
      vertex -38.6197 10.3481 0
    endloop
  endfacet
  facet normal 0 0 -1
    outer loop
      vertex -39.082 0 0
      vertex -39.982 0 0
      vertex -39.64 5.2187 0
    endloop
  endfacet
  facet normal -0 0 -1
    outer loop
      vertex -5.11941 1.37174 0
      vertex -17.2781 -6.31454 0
      vertex -4.89656 2.02822 0
    endloop
  endfacet
  facet normal 0 0 -1
    outer loop
      vertex -17.5 -6.3 0
      vertex -4.89656 2.02822 0
      vertex -17.2781 -6.31454 0
    endloop
  endfacet
  facet normal -0 0 -1
    outer loop
      vertex -4.89656 2.02822 0
      vertex -17.5 -6.3 0
      vertex -10.775 22.0204 0
    endloop
  endfacet
  facet normal 0 0 -1
    outer loop
      vertex -17.7219 -6.31454 0
      vertex -10.775 22.0204 0
      vertex -17.5 -6.3 0
    endloop
  endfacet
  facet normal -0 0 -1
    outer loop
      vertex -10.775 22.0204 0
      vertex -17.7219 -6.31454 0
      vertex -11.4004 22.4382 0
    endloop
  endfacet
  facet normal 0 0 -1
    outer loop
      vertex -34.4441 14.2672 0
      vertex -11.4004 22.4382 0
      vertex -17.7219 -6.31454 0
    endloop
  endfacet
  facet normal 0 -0 -1
    outer loop
      vertex -32.2872 18.641 0
      vertex -11.4004 22.4382 0
      vertex -34.4441 14.2672 0
    endloop
  endfacet
  facet normal -0 0 -1
    outer loop
      vertex -11.4004 22.4382 0
      vertex -32.2872 18.641 0
      vertex -11.9659 22.9341 0
    endloop
  endfacet
  facet normal -0 0 -1
    outer loop
      vertex -11.9659 22.9341 0
      vertex -29.5778 22.6959 0
      vertex -12.4618 23.4996 0
    endloop
  endfacet
  facet normal 0 0 -1
    outer loop
      vertex -12.4618 23.4996 0
      vertex -26.3624 26.3624 0
      vertex -12.8796 24.125 0
    endloop
  endfacet
  facet normal 0 0 -1
    outer loop
      vertex -12.8796 24.125 0
      vertex -26.3624 26.3624 0
      vertex -13.2123 24.7996 0
    endloop
  endfacet
  facet normal 0 0 -1
    outer loop
      vertex -13.2123 24.7996 0
      vertex -26.3624 26.3624 0
      vertex -13.4541 25.5118 0
    endloop
  endfacet
  facet normal 0 -0 -1
    outer loop
      vertex -26.3624 26.3624 0
      vertex -12.4618 23.4996 0
      vertex -29.5778 22.6959 0
    endloop
  endfacet
  facet normal 0 0 -1
    outer loop
      vertex -34.4441 14.2672 0
      vertex -17.7219 -6.31454 0
      vertex -17.94 -6.35793 0
    endloop
  endfacet
  facet normal 0 0 -1
    outer loop
      vertex -36.0117 9.64929 0
      vertex -17.94 -6.35793 0
      vertex -18.1506 -6.42941 0
    endloop
  endfacet
  facet normal 0 0 -1
    outer loop
      vertex -36.0117 9.64929 0
      vertex -18.1506 -6.42941 0
      vertex -18.35 -6.52776 0
    endloop
  endfacet
  facet normal 0 0 -1
    outer loop
      vertex -36.9631 4.86628 0
      vertex -18.35 -6.52776 0
      vertex -18.5349 -6.6513 0
    endloop
  endfacet
  facet normal 0 0 -1
    outer loop
      vertex -13.65 27 0
      vertex -18.641 32.2872 0
      vertex -14.2672 34.4441 0
    endloop
  endfacet
  facet normal 0 0 -1
    outer loop
      vertex -36.9631 4.86628 0
      vertex -18.5349 -6.6513 0
      vertex -18.7021 -6.79792 0
    endloop
  endfacet
  facet normal 0 0 -1
    outer loop
      vertex -37.282 0 0
      vertex -18.7021 -6.79792 0
      vertex -18.8487 -6.96511 0
    endloop
  endfacet
  facet normal 0 0 -1
    outer loop
      vertex -37.282 0 0
      vertex -18.8487 -6.96511 0
      vertex -18.9722 -7.15 0
    endloop
  endfacet
  facet normal 0 0 -1
    outer loop
      vertex -36.9631 -4.86628 0
      vertex -18.9722 -7.15 0
      vertex -19.0706 -7.34944 0
    endloop
  endfacet
  facet normal 0 0 -1
    outer loop
      vertex -36.9631 -4.86628 0
      vertex -19.0706 -7.34944 0
      vertex -19.1421 -7.56001 0
    endloop
  endfacet
  facet normal 0 0 -1
    outer loop
      vertex -36.0117 -9.64929 0
      vertex -19.1421 -7.56001 0
      vertex -19.1855 -7.77811 0
    endloop
  endfacet
  facet normal 0 0 -1
    outer loop
      vertex -36.0117 -9.64929 0
      vertex -19.1855 -7.77811 0
      vertex -19.2 -8 0
    endloop
  endfacet
  facet normal -0 0 -1
    outer loop
      vertex -18.9722 -8.85 0
      vertex -34.4441 -14.2672 0
      vertex -19.0706 -8.65056 0
    endloop
  endfacet
  facet normal 0 0 -1
    outer loop
      vertex -13.65 27 0
      vertex -22.6959 29.5778 0
      vertex -18.641 32.2872 0
    endloop
  endfacet
  facet normal -0 0 -1
    outer loop
      vertex -19.0706 -8.65056 0
      vertex -34.4441 -14.2672 0
      vertex -19.1421 -8.43999 0
    endloop
  endfacet
  facet normal 0 0 -1
    outer loop
      vertex -13.6008 26.2495 0
      vertex -22.6959 29.5778 0
      vertex -13.65 27 0
    endloop
  endfacet
  facet normal -0 0 -1
    outer loop
      vertex -19.1421 -8.43999 0
      vertex -34.4441 -14.2672 0
      vertex -19.1855 -8.22189 0
    endloop
  endfacet
  facet normal 0 0 -1
    outer loop
      vertex -13.4541 25.5118 0
      vertex -22.6959 29.5778 0
      vertex -13.6008 26.2495 0
    endloop
  endfacet
  facet normal 0 0 -1
    outer loop
      vertex -36.0117 -9.64929 0
      vertex -19.1855 -8.22189 0
      vertex -34.4441 -14.2672 0
    endloop
  endfacet
  facet normal 0 -0 -1
    outer loop
      vertex -22.6959 29.5778 0
      vertex -13.4541 25.5118 0
      vertex -26.3624 26.3624 0
    endloop
  endfacet
  facet normal -0 0 -1
    outer loop
      vertex -19.1855 -8.22189 0
      vertex -36.0117 -9.64929 0
      vertex -19.2 -8 0
    endloop
  endfacet
  facet normal 0 -0 -1
    outer loop
      vertex -29.5778 22.6959 0
      vertex -11.9659 22.9341 0
      vertex -32.2872 18.641 0
    endloop
  endfacet
  facet normal -0 0 -1
    outer loop
      vertex -19.1421 -7.56001 0
      vertex -36.0117 -9.64929 0
      vertex -36.9631 -4.86628 0
    endloop
  endfacet
  facet normal 0 0 -1
    outer loop
      vertex -17.94 -6.35793 0
      vertex -36.0117 9.64929 0
      vertex -34.4441 14.2672 0
    endloop
  endfacet
  facet normal 0 0 -1
    outer loop
      vertex -18.9722 -7.15 0
      vertex -36.9631 -4.86628 0
      vertex -37.282 0 0
    endloop
  endfacet
  facet normal 0 0 -1
    outer loop
      vertex -18.35 -6.52776 0
      vertex -36.9631 4.86628 0
      vertex -36.0117 9.64929 0
    endloop
  endfacet
  facet normal 0 0 -1
    outer loop
      vertex -18.7021 -6.79792 0
      vertex -37.282 0 0
      vertex -36.9631 4.86628 0
    endloop
  endfacet
  facet normal 0 0 -1
    outer loop
      vertex 13.4541 28.4882 0
      vertex 18.641 32.2872 0
      vertex 13.6008 27.7505 0
    endloop
  endfacet
  facet normal 0 0 -1
    outer loop
      vertex 13.2123 29.2004 0
      vertex 18.641 32.2872 0
      vertex 13.4541 28.4882 0
    endloop
  endfacet
  facet normal 0 0 -1
    outer loop
      vertex 12.8796 29.875 0
      vertex 18.641 32.2872 0
      vertex 13.2123 29.2004 0
    endloop
  endfacet
  facet normal -0 0 -1
    outer loop
      vertex 18.641 32.2872 0
      vertex 12.8796 29.875 0
      vertex 14.2672 34.4441 0
    endloop
  endfacet
  facet normal 0 0 -1
    outer loop
      vertex 12.4618 30.5004 0
      vertex 14.2672 34.4441 0
      vertex 12.8796 29.875 0
    endloop
  endfacet
  facet normal 0 0 -1
    outer loop
      vertex 11.9659 31.0659 0
      vertex 14.2672 34.4441 0
      vertex 12.4618 30.5004 0
    endloop
  endfacet
  facet normal 0 0 -1
    outer loop
      vertex 11.4004 31.5618 0
      vertex 14.2672 34.4441 0
      vertex 11.9659 31.0659 0
    endloop
  endfacet
  facet normal 0 0 -1
    outer loop
      vertex 10.775 31.9796 0
      vertex 14.2672 34.4441 0
      vertex 11.4004 31.5618 0
    endloop
  endfacet
  facet normal 0 0 -1
    outer loop
      vertex 9.64929 36.0117 0
      vertex 10.775 31.9796 0
      vertex 10.1004 32.3123 0
    endloop
  endfacet
  facet normal 0 0 -1
    outer loop
      vertex 10.775 31.9796 0
      vertex 9.64929 36.0117 0
      vertex 14.2672 34.4441 0
    endloop
  endfacet
  facet normal 0 0 -1
    outer loop
      vertex 9.38821 32.5541 0
      vertex 9.64929 36.0117 0
      vertex 10.1004 32.3123 0
    endloop
  endfacet
  facet normal 0 0 -1
    outer loop
      vertex 8.65053 32.7008 0
      vertex 9.64929 36.0117 0
      vertex 9.38821 32.5541 0
    endloop
  endfacet
  facet normal 0 0 -1
    outer loop
      vertex 7.9 32.75 0
      vertex 9.64929 36.0117 0
      vertex 8.65053 32.7008 0
    endloop
  endfacet
  facet normal 0 0 -1
    outer loop
      vertex 7.9 32.75 0
      vertex 4.86628 36.9631 0
      vertex 9.64929 36.0117 0
    endloop
  endfacet
  facet normal 0 0 -1
    outer loop
      vertex 7.9 32.75 0
      vertex 0 37.282 0
      vertex 4.86628 36.9631 0
    endloop
  endfacet
  facet normal 0 0 -1
    outer loop
      vertex -7.9 32.75 0
      vertex 0 37.282 0
      vertex 7.9 32.75 0
    endloop
  endfacet
  facet normal 0 0 -1
    outer loop
      vertex 0 37.282 0
      vertex -7.9 32.75 0
      vertex -4.86628 36.9631 0
    endloop
  endfacet
  facet normal 0 0 -1
    outer loop
      vertex -9.64929 36.0117 0
      vertex -7.9 32.75 0
      vertex -8.65053 32.7008 0
    endloop
  endfacet
  facet normal 0 0 -1
    outer loop
      vertex -9.64929 36.0117 0
      vertex -8.65053 32.7008 0
      vertex -9.38821 32.5541 0
    endloop
  endfacet
  facet normal 0 0 -1
    outer loop
      vertex -7.9 32.75 0
      vertex -9.64929 36.0117 0
      vertex -4.86628 36.9631 0
    endloop
  endfacet
  facet normal 0 0 -1
    outer loop
      vertex -10.1004 32.3123 0
      vertex -9.64929 36.0117 0
      vertex -9.38821 32.5541 0
    endloop
  endfacet
  facet normal 0 0 -1
    outer loop
      vertex -10.775 31.9796 0
      vertex -9.64929 36.0117 0
      vertex -10.1004 32.3123 0
    endloop
  endfacet
  facet normal 0 0 -1
    outer loop
      vertex -14.2672 34.4441 0
      vertex -10.775 31.9796 0
      vertex -11.4004 31.5618 0
    endloop
  endfacet
  facet normal 0 0 -1
    outer loop
      vertex -14.2672 34.4441 0
      vertex -11.4004 31.5618 0
      vertex -11.9659 31.0659 0
    endloop
  endfacet
  facet normal 0 0 -1
    outer loop
      vertex -14.2672 34.4441 0
      vertex -11.9659 31.0659 0
      vertex -12.4618 30.5004 0
    endloop
  endfacet
  facet normal 0 0 -1
    outer loop
      vertex -14.2672 34.4441 0
      vertex -12.4618 30.5004 0
      vertex -12.8796 29.875 0
    endloop
  endfacet
  facet normal 0 0 -1
    outer loop
      vertex -10.775 31.9796 0
      vertex -14.2672 34.4441 0
      vertex -9.64929 36.0117 0
    endloop
  endfacet
  facet normal 0 0 -1
    outer loop
      vertex -13.2123 29.2004 0
      vertex -14.2672 34.4441 0
      vertex -12.8796 29.875 0
    endloop
  endfacet
  facet normal 0 0 -1
    outer loop
      vertex -13.4541 28.4882 0
      vertex -14.2672 34.4441 0
      vertex -13.2123 29.2004 0
    endloop
  endfacet
  facet normal 0 0 -1
    outer loop
      vertex -13.6008 27.7505 0
      vertex -14.2672 34.4441 0
      vertex -13.4541 28.4882 0
    endloop
  endfacet
  facet normal 0 0 -1
    outer loop
      vertex -13.65 27 0
      vertex -14.2672 34.4441 0
      vertex -13.6008 27.7505 0
    endloop
  endfacet
  facet normal -0 0 -1
    outer loop
      vertex -5.25466 0.691789 0
      vertex -17.06 -6.35793 0
      vertex -5.11941 1.37174 0
    endloop
  endfacet
  facet normal 0 0 -1
    outer loop
      vertex -17.2781 -6.31454 0
      vertex -5.11941 1.37174 0
      vertex -17.06 -6.35793 0
    endloop
  endfacet
  facet normal 0 0 -1
    outer loop
      vertex -14.2672 -34.4441 0
      vertex -15.8145 -8.22189 0
      vertex -15.8 -8 0
    endloop
  endfacet
  facet normal 0 0 -1
    outer loop
      vertex -14.2672 -34.4441 0
      vertex -15.8579 -8.43999 0
      vertex -15.8145 -8.22189 0
    endloop
  endfacet
  facet normal 0 0 -1
    outer loop
      vertex -14.2672 -34.4441 0
      vertex -15.9294 -8.65056 0
      vertex -15.8579 -8.43999 0
    endloop
  endfacet
  facet normal 0 0 -1
    outer loop
      vertex -14.2672 -34.4441 0
      vertex -16.0278 -8.85 0
      vertex -15.9294 -8.65056 0
    endloop
  endfacet
  facet normal 0 0 -1
    outer loop
      vertex -14.2672 -34.4441 0
      vertex -16.1513 -9.03489 0
      vertex -16.0278 -8.85 0
    endloop
  endfacet
  facet normal 0 0 -1
    outer loop
      vertex -14.2672 -34.4441 0
      vertex -16.2979 -9.20208 0
      vertex -16.1513 -9.03489 0
    endloop
  endfacet
  facet normal 0 0 -1
    outer loop
      vertex -14.2672 -34.4441 0
      vertex -16.4651 -9.3487 0
      vertex -16.2979 -9.20208 0
    endloop
  endfacet
  facet normal 0 0 -1
    outer loop
      vertex -14.2672 -34.4441 0
      vertex -16.65 -9.47224 0
      vertex -16.4651 -9.3487 0
    endloop
  endfacet
  facet normal 0 0 -1
    outer loop
      vertex -18.641 -32.2872 0
      vertex -16.65 -9.47224 0
      vertex -14.2672 -34.4441 0
    endloop
  endfacet
  facet normal 0 0 -1
    outer loop
      vertex -16.65 -9.47224 0
      vertex -18.641 -32.2872 0
      vertex -16.8494 -9.57059 0
    endloop
  endfacet
  facet normal 0 0 -1
    outer loop
      vertex -16.8494 -9.57059 0
      vertex -18.641 -32.2872 0
      vertex -17.06 -9.64207 0
    endloop
  endfacet
  facet normal 0 0 -1
    outer loop
      vertex -22.6959 -29.5778 0
      vertex -17.06 -9.64207 0
      vertex -18.641 -32.2872 0
    endloop
  endfacet
  facet normal 0 0 -1
    outer loop
      vertex -17.06 -9.64207 0
      vertex -22.6959 -29.5778 0
      vertex -17.2781 -9.68546 0
    endloop
  endfacet
  facet normal 0 0 -1
    outer loop
      vertex -17.2781 -9.68546 0
      vertex -22.6959 -29.5778 0
      vertex -17.5 -9.7 0
    endloop
  endfacet
  facet normal 0 0 -1
    outer loop
      vertex -26.3624 -26.3624 0
      vertex -17.5 -9.7 0
      vertex -22.6959 -29.5778 0
    endloop
  endfacet
  facet normal -0 0 -1
    outer loop
      vertex -17.5 -9.7 0
      vertex -26.3624 -26.3624 0
      vertex -17.7219 -9.68546 0
    endloop
  endfacet
  facet normal -0 0 -1
    outer loop
      vertex -17.7219 -9.68546 0
      vertex -26.3624 -26.3624 0
      vertex -17.94 -9.64207 0
    endloop
  endfacet
  facet normal -0 0 -1
    outer loop
      vertex -17.94 -9.64207 0
      vertex -26.3624 -26.3624 0
      vertex -18.1506 -9.57059 0
    endloop
  endfacet
  facet normal 0 0 -1
    outer loop
      vertex -29.5778 -22.6959 0
      vertex -18.1506 -9.57059 0
      vertex -26.3624 -26.3624 0
    endloop
  endfacet
  facet normal -0 0 -1
    outer loop
      vertex -18.1506 -9.57059 0
      vertex -29.5778 -22.6959 0
      vertex -18.35 -9.47224 0
    endloop
  endfacet
  facet normal -0 0 -1
    outer loop
      vertex -18.35 -9.47224 0
      vertex -29.5778 -22.6959 0
      vertex -18.5349 -9.3487 0
    endloop
  endfacet
  facet normal 0 0 -1
    outer loop
      vertex -32.2872 -18.641 0
      vertex -18.5349 -9.3487 0
      vertex -29.5778 -22.6959 0
    endloop
  endfacet
  facet normal -0 0 -1
    outer loop
      vertex -18.5349 -9.3487 0
      vertex -32.2872 -18.641 0
      vertex -18.7021 -9.20208 0
    endloop
  endfacet
  facet normal -0 0 -1
    outer loop
      vertex -18.7021 -9.20208 0
      vertex -32.2872 -18.641 0
      vertex -18.8487 -9.03489 0
    endloop
  endfacet
  facet normal -0 0 -1
    outer loop
      vertex -18.8487 -9.03489 0
      vertex -32.2872 -18.641 0
      vertex -18.9722 -8.85 0
    endloop
  endfacet
  facet normal 0 0 -1
    outer loop
      vertex -34.4441 -14.2672 0
      vertex -18.9722 -8.85 0
      vertex -32.2872 -18.641 0
    endloop
  endfacet
  facet normal 0 0 -1
    outer loop
      vertex 10.775 22.0204 0
      vertex 4.58993 2.65 0
      vertex 10.1004 21.6877 0
    endloop
  endfacet
  facet normal 0 0 -1
    outer loop
      vertex 4.20477 3.22643 0
      vertex 10.1004 21.6877 0
      vertex 4.58993 2.65 0
    endloop
  endfacet
  facet normal 0 0 -1
    outer loop
      vertex 10.1004 21.6877 0
      vertex 4.20477 3.22643 0
      vertex 9.38821 21.4459 0
    endloop
  endfacet
  facet normal 0 0 -1
    outer loop
      vertex 3.74767 3.74767 0
      vertex 9.38821 21.4459 0
      vertex 4.20477 3.22643 0
    endloop
  endfacet
  facet normal 0 0 -1
    outer loop
      vertex 9.38821 21.4459 0
      vertex 3.74767 3.74767 0
      vertex 8.65053 21.2992 0
    endloop
  endfacet
  facet normal 0 0 -1
    outer loop
      vertex 3.22643 4.20477 0
      vertex 8.65053 21.2992 0
      vertex 3.74767 3.74767 0
    endloop
  endfacet
  facet normal 0 0 -1
    outer loop
      vertex 8.65053 21.2992 0
      vertex 3.22643 4.20477 0
      vertex 7.9 21.25 0
    endloop
  endfacet
  facet normal 0 0 -1
    outer loop
      vertex 2.65 4.58993 0
      vertex 7.9 21.25 0
      vertex 3.22643 4.20477 0
    endloop
  endfacet
  facet normal 0 0 -1
    outer loop
      vertex 2.02822 4.89656 0
      vertex 7.9 21.25 0
      vertex 2.65 4.58993 0
    endloop
  endfacet
  facet normal 0 0 -1
    outer loop
      vertex 1.37174 5.11941 0
      vertex 7.9 21.25 0
      vertex 2.02822 4.89656 0
    endloop
  endfacet
  facet normal 0 0 -1
    outer loop
      vertex 0.691789 5.25466 0
      vertex 7.9 21.25 0
      vertex 1.37174 5.11941 0
    endloop
  endfacet
  facet normal 0 0 -1
    outer loop
      vertex 0 5.3 0
      vertex 7.9 21.25 0
      vertex 0.691789 5.25466 0
    endloop
  endfacet
  facet normal 0 0 -1
    outer loop
      vertex -7.9 21.25 0
      vertex 0 5.3 0
      vertex -0.691789 5.25466 0
    endloop
  endfacet
  facet normal 0 0 -1
    outer loop
      vertex -7.9 21.25 0
      vertex -0.691789 5.25466 0
      vertex -1.37174 5.11941 0
    endloop
  endfacet
  facet normal 0 0 -1
    outer loop
      vertex -7.9 21.25 0
      vertex -1.37174 5.11941 0
      vertex -2.02822 4.89656 0
    endloop
  endfacet
  facet normal 0 0 -1
    outer loop
      vertex -7.9 21.25 0
      vertex -2.02822 4.89656 0
      vertex -2.65 4.58993 0
    endloop
  endfacet
  facet normal 0 0 -1
    outer loop
      vertex -7.9 21.25 0
      vertex -2.65 4.58993 0
      vertex -3.22643 4.20477 0
    endloop
  endfacet
  facet normal 0 0 -1
    outer loop
      vertex -8.65053 21.2992 0
      vertex -3.22643 4.20477 0
      vertex -3.74767 3.74767 0
    endloop
  endfacet
  facet normal 0 0 -1
    outer loop
      vertex -9.38821 21.4459 0
      vertex -3.74767 3.74767 0
      vertex -4.20477 3.22643 0
    endloop
  endfacet
  facet normal 0 0 -1
    outer loop
      vertex 0 5.3 0
      vertex -7.9 21.25 0
      vertex 7.9 21.25 0
    endloop
  endfacet
  facet normal 0 0 -1
    outer loop
      vertex -10.1004 21.6877 0
      vertex -4.20477 3.22643 0
      vertex -4.58993 2.65 0
    endloop
  endfacet
  facet normal 0 0 -1
    outer loop
      vertex -10.775 22.0204 0
      vertex -4.58993 2.65 0
      vertex -4.89656 2.02822 0
    endloop
  endfacet
  facet normal 0 0 -1
    outer loop
      vertex -16.1513 -6.96511 0
      vertex -5.11941 -1.37174 0
      vertex -16.0278 -7.15 0
    endloop
  endfacet
  facet normal -0 0 -1
    outer loop
      vertex -4.89656 -2.02822 0
      vertex -16.0278 -7.15 0
      vertex -5.11941 -1.37174 0
    endloop
  endfacet
  facet normal 0 0 -1
    outer loop
      vertex -16.0278 -7.15 0
      vertex -4.89656 -2.02822 0
      vertex -15.9294 -7.34944 0
    endloop
  endfacet
  facet normal 0 0 -1
    outer loop
      vertex 19.0706 -7.34944 0
      vertex 24.7943 -6.80893 0
      vertex 19.1421 -7.56001 0
    endloop
  endfacet
  facet normal 0 0 -1
    outer loop
      vertex 18.9722 -7.15 0
      vertex 24.7943 -6.80893 0
      vertex 19.0706 -7.34944 0
    endloop
  endfacet
  facet normal 0 0 -1
    outer loop
      vertex 18.8487 -6.96511 0
      vertex 24.7943 -6.80893 0
      vertex 18.9722 -7.15 0
    endloop
  endfacet
  facet normal 0 0 -1
    outer loop
      vertex 18.7021 -6.79792 0
      vertex 24.7943 -6.80893 0
      vertex 18.8487 -6.96511 0
    endloop
  endfacet
  facet normal 0 0 -1
    outer loop
      vertex 24.7943 -6.80893 0
      vertex 18.7021 -6.79792 0
      vertex 25.6278 -2.08186 0
    endloop
  endfacet
  facet normal 0 0 -1
    outer loop
      vertex 18.5349 -6.6513 0
      vertex 25.6278 -2.08186 0
      vertex 18.7021 -6.79792 0
    endloop
  endfacet
  facet normal 0 0 -1
    outer loop
      vertex 18.35 -6.52776 0
      vertex 25.6278 -2.08186 0
      vertex 18.5349 -6.6513 0
    endloop
  endfacet
  facet normal 0 0 -1
    outer loop
      vertex 18.1506 -6.42941 0
      vertex 25.6278 -2.08186 0
      vertex 18.35 -6.52776 0
    endloop
  endfacet
  facet normal 0 0 -1
    outer loop
      vertex 25.6278 -2.08186 0
      vertex 12.4618 23.4996 0
      vertex 22.6959 29.5778 0
    endloop
  endfacet
  facet normal 0 0 -1
    outer loop
      vertex 17.94 -6.35793 0
      vertex 25.6278 -2.08186 0
      vertex 18.1506 -6.42941 0
    endloop
  endfacet
  facet normal 0 0 -1
    outer loop
      vertex 17.7219 -6.31454 0
      vertex 25.6278 -2.08186 0
      vertex 17.94 -6.35793 0
    endloop
  endfacet
  facet normal 0 0 -1
    outer loop
      vertex 17.5 -6.3 0
      vertex 25.6278 -2.08186 0
      vertex 17.7219 -6.31454 0
    endloop
  endfacet
  facet normal 0 0 -1
    outer loop
      vertex 17.2781 -6.31454 0
      vertex 25.6278 -2.08186 0
      vertex 17.5 -6.3 0
    endloop
  endfacet
  facet normal 0 0 -1
    outer loop
      vertex 5.11941 1.37174 0
      vertex 17.06 -6.35793 0
      vertex 5.25466 0.691789 0
    endloop
  endfacet
  facet normal 0 0 -1
    outer loop
      vertex 16.8494 -6.42941 0
      vertex 5.25466 0.691789 0
      vertex 17.06 -6.35793 0
    endloop
  endfacet
  facet normal 0 0 -1
    outer loop
      vertex 5.25466 0.691789 0
      vertex 16.8494 -6.42941 0
      vertex 5.3 0 0
    endloop
  endfacet
  facet normal 0 0 -1
    outer loop
      vertex 5.3 0 0
      vertex 16.8494 -6.42941 0
      vertex 16.65 -6.52776 0
    endloop
  endfacet
  facet normal 0 0 -1
    outer loop
      vertex 5.3 0 0
      vertex 16.65 -6.52776 0
      vertex 16.4651 -6.6513 0
    endloop
  endfacet
  facet normal 0 0 -1
    outer loop
      vertex 5.25466 -0.691789 0
      vertex 16.4651 -6.6513 0
      vertex 16.2979 -6.79792 0
    endloop
  endfacet
  facet normal 0 0 -1
    outer loop
      vertex 5.11941 -1.37174 0
      vertex 16.2979 -6.79792 0
      vertex 16.1513 -6.96511 0
    endloop
  endfacet
  facet normal 0 0 -1
    outer loop
      vertex 5.11941 -1.37174 0
      vertex 16.1513 -6.96511 0
      vertex 16.0278 -7.15 0
    endloop
  endfacet
  facet normal 0 0 -1
    outer loop
      vertex 4.89656 -2.02822 0
      vertex 16.0278 -7.15 0
      vertex 15.9294 -7.34944 0
    endloop
  endfacet
  facet normal 0 0 -1
    outer loop
      vertex 4.58993 -2.65 0
      vertex 15.9294 -7.34944 0
      vertex 15.8579 -7.56001 0
    endloop
  endfacet
  facet normal 0 0 -1
    outer loop
      vertex 4.58993 -2.65 0
      vertex 15.8579 -7.56001 0
      vertex 15.8145 -7.77811 0
    endloop
  endfacet
  facet normal 0 -0 -1
    outer loop
      vertex 13.4541 25.5118 0
      vertex 22.6959 29.5778 0
      vertex 13.2123 24.7996 0
    endloop
  endfacet
  facet normal 0 0 -1
    outer loop
      vertex 4.20477 -3.22643 0
      vertex 15.8145 -7.77811 0
      vertex 15.8 -8 0
    endloop
  endfacet
  facet normal 0 0 -1
    outer loop
      vertex 16.0278 -8.85 0
      vertex 2.65 -4.58993 0
      vertex 15.9294 -8.65056 0
    endloop
  endfacet
  facet normal 0 0 -1
    outer loop
      vertex 13.6008 27.7505 0
      vertex 18.641 32.2872 0
      vertex 13.65 27 0
    endloop
  endfacet
  facet normal -0 0 -1
    outer loop
      vertex 22.6959 29.5778 0
      vertex 13.65 27 0
      vertex 18.641 32.2872 0
    endloop
  endfacet
  facet normal 0 -0 -1
    outer loop
      vertex 13.65 27 0
      vertex 22.6959 29.5778 0
      vertex 13.6008 26.2495 0
    endloop
  endfacet
  facet normal 0 -0 -1
    outer loop
      vertex 13.6008 26.2495 0
      vertex 22.6959 29.5778 0
      vertex 13.4541 25.5118 0
    endloop
  endfacet
  facet normal 0 0 -1
    outer loop
      vertex 22.6959 29.5778 0
      vertex 12.8796 24.125 0
      vertex 13.2123 24.7996 0
    endloop
  endfacet
  facet normal 0 0 -1
    outer loop
      vertex 17.06 -6.35793 0
      vertex 5.11941 1.37174 0
      vertex 17.2781 -6.31454 0
    endloop
  endfacet
  facet normal 0 0 -1
    outer loop
      vertex 22.6959 29.5778 0
      vertex 12.4618 23.4996 0
      vertex 12.8796 24.125 0
    endloop
  endfacet
  facet normal 0 0 -1
    outer loop
      vertex 25.6278 -2.08186 0
      vertex 11.9659 22.9341 0
      vertex 12.4618 23.4996 0
    endloop
  endfacet
  facet normal 0 0 -1
    outer loop
      vertex 25.6278 -2.08186 0
      vertex 11.4004 22.4382 0
      vertex 11.9659 22.9341 0
    endloop
  endfacet
  facet normal 0 0 -1
    outer loop
      vertex 25.6278 -2.08186 0
      vertex 10.775 22.0204 0
      vertex 11.4004 22.4382 0
    endloop
  endfacet
  facet normal 0 -0 -1
    outer loop
      vertex 3.22643 -4.20477 0
      vertex 15.9294 -8.65056 0
      vertex 2.65 -4.58993 0
    endloop
  endfacet
  facet normal 0 0 -1
    outer loop
      vertex 16.4651 -6.6513 0
      vertex 5.25466 -0.691789 0
      vertex 5.3 0 0
    endloop
  endfacet
  facet normal 0 0 -1
    outer loop
      vertex 4.89656 2.02822 0
      vertex 17.2781 -6.31454 0
      vertex 5.11941 1.37174 0
    endloop
  endfacet
  facet normal 0 0 -1
    outer loop
      vertex 4.58993 2.65 0
      vertex 25.6278 -2.08186 0
      vertex 4.89656 2.02822 0
    endloop
  endfacet
  facet normal 0 0 -1
    outer loop
      vertex 25.6278 -2.08186 0
      vertex 4.58993 2.65 0
      vertex 10.775 22.0204 0
    endloop
  endfacet
  facet normal 0 0 -1
    outer loop
      vertex 17.2781 -6.31454 0
      vertex 4.89656 2.02822 0
      vertex 25.6278 -2.08186 0
    endloop
  endfacet
  facet normal 0 0 -1
    outer loop
      vertex 16.2979 -6.79792 0
      vertex 5.11941 -1.37174 0
      vertex 5.25466 -0.691789 0
    endloop
  endfacet
  facet normal 0 0 -1
    outer loop
      vertex 16.0278 -7.15 0
      vertex 4.89656 -2.02822 0
      vertex 5.11941 -1.37174 0
    endloop
  endfacet
  facet normal 0 0 -1
    outer loop
      vertex 1.37174 -5.11941 0
      vertex 9.64929 -36.0117 0
      vertex 4.86628 -36.9631 0
    endloop
  endfacet
  facet normal 0 0 -1
    outer loop
      vertex 15.9294 -7.34944 0
      vertex 4.58993 -2.65 0
      vertex 4.89656 -2.02822 0
    endloop
  endfacet
  facet normal 0 0 -1
    outer loop
      vertex 15.8145 -7.77811 0
      vertex 4.20477 -3.22643 0
      vertex 4.58993 -2.65 0
    endloop
  endfacet
  facet normal 0 0 -1
    outer loop
      vertex 15.8 -8 0
      vertex 3.74767 -3.74767 0
      vertex 4.20477 -3.22643 0
    endloop
  endfacet
  facet normal 0 0 -1
    outer loop
      vertex 15.8145 -8.22189 0
      vertex 3.74767 -3.74767 0
      vertex 15.8 -8 0
    endloop
  endfacet
  facet normal 0 -0 -1
    outer loop
      vertex 3.74767 -3.74767 0
      vertex 15.8145 -8.22189 0
      vertex 3.22643 -4.20477 0
    endloop
  endfacet
  facet normal 0 0 -1
    outer loop
      vertex 15.8579 -8.43999 0
      vertex 3.22643 -4.20477 0
      vertex 15.8145 -8.22189 0
    endloop
  endfacet
  facet normal 0 0 -1
    outer loop
      vertex 15.9294 -8.65056 0
      vertex 3.22643 -4.20477 0
      vertex 15.8579 -8.43999 0
    endloop
  endfacet
  facet normal 0 0 -1
    outer loop
      vertex 4.86628 -36.9631 0
      vertex 0.691789 -5.25466 0
      vertex 1.37174 -5.11941 0
    endloop
  endfacet
  facet normal 0 0 -1
    outer loop
      vertex 0 -37.282 0
      vertex 0.691789 -5.25466 0
      vertex 4.86628 -36.9631 0
    endloop
  endfacet
  facet normal 0 0 -1
    outer loop
      vertex 0 -37.282 0
      vertex 0 -5.3 0
      vertex 0.691789 -5.25466 0
    endloop
  endfacet
  facet normal 0 0 -1
    outer loop
      vertex 0 -37.282 0
      vertex -0.691789 -5.25466 0
      vertex 0 -5.3 0
    endloop
  endfacet
  facet normal 0 0 -1
    outer loop
      vertex -4.86628 -36.9631 0
      vertex -0.691789 -5.25466 0
      vertex 0 -37.282 0
    endloop
  endfacet
  facet normal -0 0 -1
    outer loop
      vertex -0.691789 -5.25466 0
      vertex -4.86628 -36.9631 0
      vertex -1.37174 -5.11941 0
    endloop
  endfacet
  facet normal 0 0 -1
    outer loop
      vertex -9.64929 -36.0117 0
      vertex -1.37174 -5.11941 0
      vertex -4.86628 -36.9631 0
    endloop
  endfacet
  facet normal 0 0 -1
    outer loop
      vertex -15.8 -8 0
      vertex -1.37174 -5.11941 0
      vertex -9.64929 -36.0117 0
    endloop
  endfacet
  facet normal 0 0 -1
    outer loop
      vertex -15.8 -8 0
      vertex -9.64929 -36.0117 0
      vertex -14.2672 -34.4441 0
    endloop
  endfacet
  facet normal -0 0 -1
    outer loop
      vertex -1.37174 -5.11941 0
      vertex -15.8 -8 0
      vertex -2.02822 -4.89656 0
    endloop
  endfacet
  facet normal -0 0 -1
    outer loop
      vertex -2.02822 -4.89656 0
      vertex -15.8 -8 0
      vertex -2.65 -4.58993 0
    endloop
  endfacet
  facet normal -0 0 -1
    outer loop
      vertex -2.65 -4.58993 0
      vertex -15.8 -8 0
      vertex -3.22643 -4.20477 0
    endloop
  endfacet
  facet normal -0 0 -1
    outer loop
      vertex -3.22643 -4.20477 0
      vertex -15.8 -8 0
      vertex -3.74767 -3.74767 0
    endloop
  endfacet
  facet normal -0 0 -1
    outer loop
      vertex -3.74767 -3.74767 0
      vertex -15.8 -8 0
      vertex -4.20477 -3.22643 0
    endloop
  endfacet
  facet normal 0 0 -1
    outer loop
      vertex -15.8145 -7.77811 0
      vertex -4.20477 -3.22643 0
      vertex -15.8 -8 0
    endloop
  endfacet
  facet normal -0 0 -1
    outer loop
      vertex -4.20477 -3.22643 0
      vertex -15.8145 -7.77811 0
      vertex -4.58993 -2.65 0
    endloop
  endfacet
  facet normal 0 0 -1
    outer loop
      vertex -15.8579 -7.56001 0
      vertex -4.58993 -2.65 0
      vertex -15.8145 -7.77811 0
    endloop
  endfacet
  facet normal 0 0 -1
    outer loop
      vertex -15.9294 -7.34944 0
      vertex -4.58993 -2.65 0
      vertex -15.8579 -7.56001 0
    endloop
  endfacet
  facet normal -0 0 -1
    outer loop
      vertex -4.58993 -2.65 0
      vertex -15.9294 -7.34944 0
      vertex -4.89656 -2.02822 0
    endloop
  endfacet
  facet normal 0 0 -1
    outer loop
      vertex -3.22643 4.20477 0
      vertex -8.65053 21.2992 0
      vertex -7.9 21.25 0
    endloop
  endfacet
  facet normal 0 0 -1
    outer loop
      vertex -3.74767 3.74767 0
      vertex -9.38821 21.4459 0
      vertex -8.65053 21.2992 0
    endloop
  endfacet
  facet normal 0 0 -1
    outer loop
      vertex -4.20477 3.22643 0
      vertex -10.1004 21.6877 0
      vertex -9.38821 21.4459 0
    endloop
  endfacet
  facet normal 0 0 -1
    outer loop
      vertex -4.58993 2.65 0
      vertex -10.775 22.0204 0
      vertex -10.1004 21.6877 0
    endloop
  endfacet
  facet normal -0 0 -1
    outer loop
      vertex -5.25466 -0.691789 0
      vertex -16.4651 -6.6513 0
      vertex -5.3 0 0
    endloop
  endfacet
  facet normal 0 0 -1
    outer loop
      vertex -16.2979 -6.79792 0
      vertex -5.11941 -1.37174 0
      vertex -16.1513 -6.96511 0
    endloop
  endfacet
  facet normal -0 0 -1
    outer loop
      vertex -5.11941 -1.37174 0
      vertex -16.2979 -6.79792 0
      vertex -5.25466 -0.691789 0
    endloop
  endfacet
  facet normal 0 0 -1
    outer loop
      vertex -16.4651 -6.6513 0
      vertex -5.25466 -0.691789 0
      vertex -16.2979 -6.79792 0
    endloop
  endfacet
  facet normal 0 0 -1
    outer loop
      vertex -16.65 -6.52776 0
      vertex -5.3 0 0
      vertex -16.4651 -6.6513 0
    endloop
  endfacet
  facet normal 0 0 -1
    outer loop
      vertex -16.8494 -6.42941 0
      vertex -5.3 0 0
      vertex -16.65 -6.52776 0
    endloop
  endfacet
  facet normal -0 0 -1
    outer loop
      vertex -5.3 0 0
      vertex -16.8494 -6.42941 0
      vertex -5.25466 0.691789 0
    endloop
  endfacet
  facet normal 0 0 -1
    outer loop
      vertex -17.06 -6.35793 0
      vertex -5.25466 0.691789 0
      vertex -16.8494 -6.42941 0
    endloop
  endfacet
  facet normal 0 0 -1
    outer loop
      vertex 36.634 -2.90557 0
      vertex 37.282 0 0
      vertex 36.9631 -4.86628 0
    endloop
  endfacet
  facet normal 0 0 -1
    outer loop
      vertex 27.69 -1.3285 0
      vertex 37.282 0 0
      vertex 36.634 -2.90557 0
    endloop
  endfacet
  facet normal 0 0 -1
    outer loop
      vertex 35.4185 -9.79923 0
      vertex 36.9631 -4.86628 0
      vertex 36.0117 -9.64929 0
    endloop
  endfacet
  facet normal -0 0 -1
    outer loop
      vertex 36.9631 -4.86628 0
      vertex 35.4185 -9.79923 0
      vertex 36.634 -2.90557 0
    endloop
  endfacet
  facet normal 0 0 -1
    outer loop
      vertex 34.4441 -14.2672 0
      vertex 35.4185 -9.79923 0
      vertex 36.0117 -9.64929 0
    endloop
  endfacet
  facet normal 0 0 -1
    outer loop
      vertex 26.4744 -8.22215 0
      vertex 34.4441 -14.2672 0
      vertex 32.2872 -18.641 0
    endloop
  endfacet
  facet normal 0 0 -1
    outer loop
      vertex 26.4744 -8.22215 0
      vertex 32.2872 -18.641 0
      vertex 29.5778 -22.6959 0
    endloop
  endfacet
  facet normal 0 0 -1
    outer loop
      vertex 34.4441 -14.2672 0
      vertex 26.4744 -8.22215 0
      vertex 35.4185 -9.79923 0
    endloop
  endfacet
  facet normal 0 0 -1
    outer loop
      vertex 18.5349 -9.3487 0
      vertex 29.5778 -22.6959 0
      vertex 26.3624 -26.3624 0
    endloop
  endfacet
  facet normal -0 0 -1
    outer loop
      vertex 37.282 0 0
      vertex 27.69 -1.3285 0
      vertex 36.9631 4.86628 0
    endloop
  endfacet
  facet normal -0 0 -1
    outer loop
      vertex 36.9631 4.86628 0
      vertex 27.69 -1.3285 0
      vertex 36.0117 9.64929 0
    endloop
  endfacet
  facet normal -0 0 -1
    outer loop
      vertex 36.0117 9.64929 0
      vertex 27.69 -1.3285 0
      vertex 34.4441 14.2672 0
    endloop
  endfacet
  facet normal 0 0 -1
    outer loop
      vertex 25.6278 -2.08186 0
      vertex 34.4441 14.2672 0
      vertex 27.69 -1.3285 0
    endloop
  endfacet
  facet normal -0 0 -1
    outer loop
      vertex 34.4441 14.2672 0
      vertex 25.6278 -2.08186 0
      vertex 32.2872 18.641 0
    endloop
  endfacet
  facet normal 0 0 -1
    outer loop
      vertex 25.6278 -2.08186 0
      vertex 27.69 -1.3285 0
      vertex 27.499 -2.41179 0
    endloop
  endfacet
  facet normal -0 0 -1
    outer loop
      vertex 32.2872 18.641 0
      vertex 25.6278 -2.08186 0
      vertex 29.5778 22.6959 0
    endloop
  endfacet
  facet normal -0 0 -1
    outer loop
      vertex 29.5778 22.6959 0
      vertex 25.6278 -2.08186 0
      vertex 26.3624 26.3624 0
    endloop
  endfacet
  facet normal 0 0 -1
    outer loop
      vertex 19.1855 -7.77811 0
      vertex 24.7943 -6.80893 0
      vertex 19.2 -8 0
    endloop
  endfacet
  facet normal 0 -0 -1
    outer loop
      vertex 18.7021 -9.20208 0
      vertex 26.4744 -8.22215 0
      vertex 18.5349 -9.3487 0
    endloop
  endfacet
  facet normal 0 0 -1
    outer loop
      vertex 19.1421 -7.56001 0
      vertex 24.7943 -6.80893 0
      vertex 19.1855 -7.77811 0
    endloop
  endfacet
  facet normal 0 0 -1
    outer loop
      vertex 25.6278 -2.08186 0
      vertex 22.6959 29.5778 0
      vertex 26.3624 26.3624 0
    endloop
  endfacet
  facet normal 0 0 -1
    outer loop
      vertex 24.7943 -6.80893 0
      vertex 19.1855 -8.22189 0
      vertex 19.2 -8 0
    endloop
  endfacet
  facet normal 0 0 -1
    outer loop
      vertex 24.7943 -6.80893 0
      vertex 19.1421 -8.43999 0
      vertex 19.1855 -8.22189 0
    endloop
  endfacet
  facet normal 0 0 -1
    outer loop
      vertex 24.7943 -6.80893 0
      vertex 19.0706 -8.65056 0
      vertex 19.1421 -8.43999 0
    endloop
  endfacet
  facet normal 0 0 -1
    outer loop
      vertex 24.7943 -6.80893 0
      vertex 18.9722 -8.85 0
      vertex 19.0706 -8.65056 0
    endloop
  endfacet
  facet normal -0 0 -1
    outer loop
      vertex 26.4744 -8.22215 0
      vertex 18.9722 -8.85 0
      vertex 24.7943 -6.80893 0
    endloop
  endfacet
  facet normal 0 -0 -1
    outer loop
      vertex 18.9722 -8.85 0
      vertex 26.4744 -8.22215 0
      vertex 18.8487 -9.03489 0
    endloop
  endfacet
  facet normal 0 0 -1
    outer loop
      vertex 17.06 -9.64207 0
      vertex 22.6959 -29.5778 0
      vertex 18.641 -32.2872 0
    endloop
  endfacet
  facet normal 0 -0 -1
    outer loop
      vertex 18.8487 -9.03489 0
      vertex 26.4744 -8.22215 0
      vertex 18.7021 -9.20208 0
    endloop
  endfacet
  facet normal 0 0 -1
    outer loop
      vertex 22.6959 -29.5778 0
      vertex 18.35 -9.47224 0
      vertex 18.5349 -9.3487 0
    endloop
  endfacet
  facet normal 0 0 -1
    outer loop
      vertex 22.6959 -29.5778 0
      vertex 18.1506 -9.57059 0
      vertex 18.35 -9.47224 0
    endloop
  endfacet
  facet normal 0 0 -1
    outer loop
      vertex 22.6959 -29.5778 0
      vertex 17.94 -9.64207 0
      vertex 18.1506 -9.57059 0
    endloop
  endfacet
  facet normal 0 0 -1
    outer loop
      vertex 22.6959 -29.5778 0
      vertex 17.7219 -9.68546 0
      vertex 17.94 -9.64207 0
    endloop
  endfacet
  facet normal 0 0 -1
    outer loop
      vertex 22.6959 -29.5778 0
      vertex 17.5 -9.7 0
      vertex 17.7219 -9.68546 0
    endloop
  endfacet
  facet normal 0 0 -1
    outer loop
      vertex 22.6959 -29.5778 0
      vertex 17.2781 -9.68546 0
      vertex 17.5 -9.7 0
    endloop
  endfacet
  facet normal 0 0 -1
    outer loop
      vertex 22.6959 -29.5778 0
      vertex 17.06 -9.64207 0
      vertex 17.2781 -9.68546 0
    endloop
  endfacet
  facet normal 0 0 -1
    outer loop
      vertex 18.641 -32.2872 0
      vertex 16.8494 -9.57059 0
      vertex 17.06 -9.64207 0
    endloop
  endfacet
  facet normal 0 0 -1
    outer loop
      vertex 18.641 -32.2872 0
      vertex 16.65 -9.47224 0
      vertex 16.8494 -9.57059 0
    endloop
  endfacet
  facet normal 0 0 -1
    outer loop
      vertex 14.2672 -34.4441 0
      vertex 16.65 -9.47224 0
      vertex 18.641 -32.2872 0
    endloop
  endfacet
  facet normal -0 0 -1
    outer loop
      vertex 16.65 -9.47224 0
      vertex 14.2672 -34.4441 0
      vertex 16.4651 -9.3487 0
    endloop
  endfacet
  facet normal 0 0 -1
    outer loop
      vertex 9.64929 -36.0117 0
      vertex 16.4651 -9.3487 0
      vertex 14.2672 -34.4441 0
    endloop
  endfacet
  facet normal -0 0 -1
    outer loop
      vertex 16.4651 -9.3487 0
      vertex 9.64929 -36.0117 0
      vertex 16.2979 -9.20208 0
    endloop
  endfacet
  facet normal 0 0 -1
    outer loop
      vertex 1.37174 -5.11941 0
      vertex 16.2979 -9.20208 0
      vertex 9.64929 -36.0117 0
    endloop
  endfacet
  facet normal 0 0 -1
    outer loop
      vertex 16.2979 -9.20208 0
      vertex 1.37174 -5.11941 0
      vertex 16.1513 -9.03489 0
    endloop
  endfacet
  facet normal 0 -0 -1
    outer loop
      vertex 2.02822 -4.89656 0
      vertex 16.1513 -9.03489 0
      vertex 1.37174 -5.11941 0
    endloop
  endfacet
  facet normal 0 -0 -1
    outer loop
      vertex 2.65 -4.58993 0
      vertex 16.0278 -8.85 0
      vertex 2.02822 -4.89656 0
    endloop
  endfacet
  facet normal 0 0 -1
    outer loop
      vertex 16.1513 -9.03489 0
      vertex 2.02822 -4.89656 0
      vertex 16.0278 -8.85 0
    endloop
  endfacet
  facet normal 0 0 -1
    outer loop
      vertex 26.4744 -8.22215 0
      vertex 24.7943 -6.80893 0
      vertex 26.6655 -7.13886 0
    endloop
  endfacet
  facet normal 0 0 -1
    outer loop
      vertex 29.5778 -22.6959 0
      vertex 18.5349 -9.3487 0
      vertex 26.4744 -8.22215 0
    endloop
  endfacet
  facet normal 0 0 -1
    outer loop
      vertex 18.5349 -9.3487 0
      vertex 26.3624 -26.3624 0
      vertex 22.6959 -29.5778 0
    endloop
  endfacet
  facet normal -0.751828 -0.65936 0
    outer loop
      vertex -28.2715 -28.2715 0
      vertex -31.7199 -24.3395 18.3
      vertex -31.7199 -24.3395 0
    endloop
  endfacet
  facet normal -0.751828 -0.65936 0
    outer loop
      vertex -31.7199 -24.3395 18.3
      vertex -28.2715 -28.2715 0
      vertex -28.2715 -28.2715 18.3
    endloop
  endfacet
  facet normal 0.19509 -0.980785 0
    outer loop
      vertex 5.2187 -39.64 0
      vertex 10.3481 -38.6197 18.3
      vertex 5.2187 -39.64 18.3
    endloop
  endfacet
  facet normal 0.19509 -0.980785 0
    outer loop
      vertex 10.3481 -38.6197 18.3
      vertex 5.2187 -39.64 0
      vertex 10.3481 -38.6197 0
    endloop
  endfacet
  facet normal 0.980785 0.19509 0
    outer loop
      vertex 39.64 5.2187 18.3
      vertex 38.6197 10.3481 0
      vertex 38.6197 10.3481 18.3
    endloop
  endfacet
  facet normal 0.980785 0.19509 0
    outer loop
      vertex 38.6197 10.3481 0
      vertex 39.64 5.2187 18.3
      vertex 39.64 5.2187 0
    endloop
  endfacet
  facet normal 0.0653933 0.99786 -0
    outer loop
      vertex 5.2187 39.64 0
      vertex 0 39.982 18.3
      vertex 5.2187 39.64 18.3
    endloop
  endfacet
  facet normal 0.0653933 0.99786 0
    outer loop
      vertex 0 39.982 18.3
      vertex 5.2187 39.64 0
      vertex 0 39.982 0
    endloop
  endfacet
  facet normal 0.751828 -0.65936 0
    outer loop
      vertex 28.2715 -28.2715 18.3
      vertex 31.7199 -24.3395 0
      vertex 31.7199 -24.3395 18.3
    endloop
  endfacet
  facet normal 0.751828 -0.65936 0
    outer loop
      vertex 31.7199 -24.3395 0
      vertex 28.2715 -28.2715 18.3
      vertex 28.2715 -28.2715 0
    endloop
  endfacet
  facet normal 0.831476 -0.55556 0
    outer loop
      vertex 31.7199 -24.3395 18.3
      vertex 34.6254 -19.991 0
      vertex 34.6254 -19.991 18.3
    endloop
  endfacet
  facet normal 0.831476 -0.55556 0
    outer loop
      vertex 34.6254 -19.991 0
      vertex 31.7199 -24.3395 18.3
      vertex 31.7199 -24.3395 0
    endloop
  endfacet
  facet normal 0.896865 -0.442304 0
    outer loop
      vertex 34.6254 -19.991 18.3
      vertex 36.9386 -15.3005 0
      vertex 36.9386 -15.3005 18.3
    endloop
  endfacet
  facet normal 0.896865 -0.442304 0
    outer loop
      vertex 36.9386 -15.3005 0
      vertex 34.6254 -19.991 18.3
      vertex 34.6254 -19.991 0
    endloop
  endfacet
  facet normal -0.442304 -0.896865 0
    outer loop
      vertex -19.991 -34.6254 0
      vertex -15.3005 -36.9386 18.3
      vertex -19.991 -34.6254 18.3
    endloop
  endfacet
  facet normal -0.442304 -0.896865 -0
    outer loop
      vertex -15.3005 -36.9386 18.3
      vertex -19.991 -34.6254 0
      vertex -15.3005 -36.9386 0
    endloop
  endfacet
  facet normal -0.321437 -0.946931 0
    outer loop
      vertex -15.3005 -36.9386 0
      vertex -10.3481 -38.6197 18.3
      vertex -15.3005 -36.9386 18.3
    endloop
  endfacet
  facet normal -0.321437 -0.946931 -0
    outer loop
      vertex -10.3481 -38.6197 18.3
      vertex -15.3005 -36.9386 0
      vertex -10.3481 -38.6197 0
    endloop
  endfacet
  facet normal -0.946931 -0.321437 0
    outer loop
      vertex -36.9386 -15.3005 0
      vertex -38.6197 -10.3481 18.3
      vertex -38.6197 -10.3481 0
    endloop
  endfacet
  facet normal -0.946931 -0.321437 0
    outer loop
      vertex -38.6197 -10.3481 18.3
      vertex -36.9386 -15.3005 0
      vertex -36.9386 -15.3005 18.3
    endloop
  endfacet
  facet normal -0.980785 -0.19509 0
    outer loop
      vertex -38.6197 -10.3481 0
      vertex -39.64 -5.2187 18.3
      vertex -39.64 -5.2187 0
    endloop
  endfacet
  facet normal -0.980785 -0.19509 0
    outer loop
      vertex -39.64 -5.2187 18.3
      vertex -38.6197 -10.3481 0
      vertex -38.6197 -10.3481 18.3
    endloop
  endfacet
  facet normal 0.442304 -0.896865 0
    outer loop
      vertex 15.3005 -36.9386 0
      vertex 19.991 -34.6254 18.3
      vertex 15.3005 -36.9386 18.3
    endloop
  endfacet
  facet normal 0.442304 -0.896865 0
    outer loop
      vertex 19.991 -34.6254 18.3
      vertex 15.3005 -36.9386 0
      vertex 19.991 -34.6254 0
    endloop
  endfacet
  facet normal 0.321437 -0.946931 0
    outer loop
      vertex 10.3481 -38.6197 0
      vertex 15.3005 -36.9386 18.3
      vertex 10.3481 -38.6197 18.3
    endloop
  endfacet
  facet normal 0.321437 -0.946931 0
    outer loop
      vertex 15.3005 -36.9386 18.3
      vertex 10.3481 -38.6197 0
      vertex 15.3005 -36.9386 0
    endloop
  endfacet
  facet normal 0.65936 -0.751828 0
    outer loop
      vertex 24.3395 -31.7199 0
      vertex 28.2715 -28.2715 18.3
      vertex 24.3395 -31.7199 18.3
    endloop
  endfacet
  facet normal 0.65936 -0.751828 0
    outer loop
      vertex 28.2715 -28.2715 18.3
      vertex 24.3395 -31.7199 0
      vertex 28.2715 -28.2715 0
    endloop
  endfacet
  facet normal -0.55556 -0.831476 0
    outer loop
      vertex -24.3395 -31.7199 0
      vertex -19.991 -34.6254 18.3
      vertex -24.3395 -31.7199 18.3
    endloop
  endfacet
  facet normal -0.55556 -0.831476 -0
    outer loop
      vertex -19.991 -34.6254 18.3
      vertex -24.3395 -31.7199 0
      vertex -19.991 -34.6254 0
    endloop
  endfacet
  facet normal -0.831476 -0.55556 0
    outer loop
      vertex -31.7199 -24.3395 0
      vertex -34.6254 -19.991 18.3
      vertex -34.6254 -19.991 0
    endloop
  endfacet
  facet normal -0.831476 -0.55556 0
    outer loop
      vertex -34.6254 -19.991 18.3
      vertex -31.7199 -24.3395 0
      vertex -31.7199 -24.3395 18.3
    endloop
  endfacet
  facet normal -0.19509 -0.980785 0
    outer loop
      vertex -10.3481 -38.6197 0
      vertex -5.2187 -39.64 18.3
      vertex -10.3481 -38.6197 18.3
    endloop
  endfacet
  facet normal -0.19509 -0.980785 -0
    outer loop
      vertex -5.2187 -39.64 18.3
      vertex -10.3481 -38.6197 0
      vertex -5.2187 -39.64 0
    endloop
  endfacet
  facet normal -0.0653933 -0.99786 0
    outer loop
      vertex -5.2187 -39.64 0
      vertex 0 -39.982 18.3
      vertex -5.2187 -39.64 18.3
    endloop
  endfacet
  facet normal -0.0653933 -0.99786 -0
    outer loop
      vertex 0 -39.982 18.3
      vertex -5.2187 -39.64 0
      vertex 0 -39.982 0
    endloop
  endfacet
  facet normal -0.997859 -0.0653968 0
    outer loop
      vertex 36.882 0 5
      vertex 36.5665 4.81407 16.3
      vertex 36.5665 4.81407 5
    endloop
  endfacet
  facet normal -0.997859 -0.0653968 0
    outer loop
      vertex 36.5665 4.81407 16.3
      vertex 36.882 0 5
      vertex 36.882 0 16.3
    endloop
  endfacet
  facet normal 0.997859 -0.0653968 0
    outer loop
      vertex -36.882 0 16.3
      vertex -36.5665 4.81407 5
      vertex -36.5665 4.81407 16.3
    endloop
  endfacet
  facet normal 0.997859 -0.0653968 0
    outer loop
      vertex -36.5665 4.81407 5
      vertex -36.882 0 16.3
      vertex -36.882 0 5
    endloop
  endfacet
  facet normal -0.0653968 -0.997859 0
    outer loop
      vertex 0 36.882 5
      vertex 4.81407 36.5665 16.3
      vertex 0 36.882 16.3
    endloop
  endfacet
  facet normal -0.0653968 -0.997859 -0
    outer loop
      vertex 4.81407 36.5665 16.3
      vertex 0 36.882 5
      vertex 4.81407 36.5665 5
    endloop
  endfacet
  facet normal 0.0653968 0.997859 -0
    outer loop
      vertex 0 -36.882 5
      vertex -4.81407 -36.5665 16.3
      vertex 0 -36.882 16.3
    endloop
  endfacet
  facet normal 0.0653968 0.997859 0
    outer loop
      vertex -4.81407 -36.5665 16.3
      vertex 0 -36.882 5
      vertex -4.81407 -36.5665 5
    endloop
  endfacet
  facet normal 0.751837 0.659349 0
    outer loop
      vertex -26.0795 -26.0795 16.3
      vertex -29.2605 -22.4523 5
      vertex -29.2605 -22.4523 16.3
    endloop
  endfacet
  facet normal 0.751837 0.659349 0
    outer loop
      vertex -29.2605 -22.4523 5
      vertex -26.0795 -26.0795 16.3
      vertex -26.0795 -26.0795 5
    endloop
  endfacet
  facet normal -0.751837 -0.659349 0
    outer loop
      vertex 29.2605 22.4523 5
      vertex 26.0795 26.0795 16.3
      vertex 26.0795 26.0795 5
    endloop
  endfacet
  facet normal -0.751837 -0.659349 0
    outer loop
      vertex 26.0795 26.0795 16.3
      vertex 29.2605 22.4523 5
      vertex 29.2605 22.4523 16.3
    endloop
  endfacet
  facet normal 0.659349 -0.751837 0
    outer loop
      vertex -26.0795 26.0795 5
      vertex -22.4523 29.2605 16.3
      vertex -26.0795 26.0795 16.3
    endloop
  endfacet
  facet normal 0.659349 -0.751837 0
    outer loop
      vertex -22.4523 29.2605 16.3
      vertex -26.0795 26.0795 5
      vertex -22.4523 29.2605 5
    endloop
  endfacet
  facet normal 0.321451 -0.946926 0
    outer loop
      vertex -14.1141 34.0745 5
      vertex -9.54577 35.6253 16.3
      vertex -14.1141 34.0745 16.3
    endloop
  endfacet
  facet normal 0.321451 -0.946926 0
    outer loop
      vertex -9.54577 35.6253 16.3
      vertex -14.1141 34.0745 5
      vertex -9.54577 35.6253 5
    endloop
  endfacet
  facet normal -0.89688 -0.442274 0
    outer loop
      vertex 34.0745 14.1141 5
      vertex 31.9408 18.441 16.3
      vertex 31.9408 18.441 5
    endloop
  endfacet
  facet normal -0.89688 -0.442274 0
    outer loop
      vertex 31.9408 18.441 16.3
      vertex 34.0745 14.1141 5
      vertex 34.0745 14.1141 16.3
    endloop
  endfacet
  facet normal -0.980785 -0.195092 0
    outer loop
      vertex 36.5665 4.81407 5
      vertex 35.6253 9.54577 16.3
      vertex 35.6253 9.54577 5
    endloop
  endfacet
  facet normal -0.980785 -0.195092 0
    outer loop
      vertex 35.6253 9.54577 16.3
      vertex 36.5665 4.81407 5
      vertex 36.5665 4.81407 16.3
    endloop
  endfacet
  facet normal -0.831466 -0.555575 0
    outer loop
      vertex 31.9408 18.441 5
      vertex 29.2605 22.4523 16.3
      vertex 29.2605 22.4523 5
    endloop
  endfacet
  facet normal -0.831466 -0.555575 0
    outer loop
      vertex 29.2605 22.4523 16.3
      vertex 31.9408 18.441 5
      vertex 31.9408 18.441 16.3
    endloop
  endfacet
  facet normal -0.442274 -0.89688 0
    outer loop
      vertex 14.1141 34.0745 5
      vertex 18.441 31.9408 16.3
      vertex 14.1141 34.0745 16.3
    endloop
  endfacet
  facet normal -0.442274 -0.89688 -0
    outer loop
      vertex 18.441 31.9408 16.3
      vertex 14.1141 34.0745 5
      vertex 18.441 31.9408 5
    endloop
  endfacet
  facet normal -0.321451 -0.946926 0
    outer loop
      vertex 9.54577 35.6253 5
      vertex 14.1141 34.0745 16.3
      vertex 9.54577 35.6253 16.3
    endloop
  endfacet
  facet normal -0.321451 -0.946926 -0
    outer loop
      vertex 14.1141 34.0745 16.3
      vertex 9.54577 35.6253 5
      vertex 14.1141 34.0745 5
    endloop
  endfacet
  facet normal -0.555575 -0.831466 0
    outer loop
      vertex 18.441 31.9408 5
      vertex 22.4523 29.2605 16.3
      vertex 18.441 31.9408 16.3
    endloop
  endfacet
  facet normal -0.555575 -0.831466 -0
    outer loop
      vertex 22.4523 29.2605 16.3
      vertex 18.441 31.9408 5
      vertex 22.4523 29.2605 5
    endloop
  endfacet
  facet normal 0.89688 -0.442274 0
    outer loop
      vertex -34.0745 14.1141 16.3
      vertex -31.9408 18.441 5
      vertex -31.9408 18.441 16.3
    endloop
  endfacet
  facet normal 0.89688 -0.442274 0
    outer loop
      vertex -31.9408 18.441 5
      vertex -34.0745 14.1141 16.3
      vertex -34.0745 14.1141 5
    endloop
  endfacet
  facet normal 0.946926 -0.321451 0
    outer loop
      vertex -35.6253 9.54577 16.3
      vertex -34.0745 14.1141 5
      vertex -34.0745 14.1141 16.3
    endloop
  endfacet
  facet normal 0.946926 -0.321451 0
    outer loop
      vertex -34.0745 14.1141 5
      vertex -35.6253 9.54577 16.3
      vertex -35.6253 9.54577 5
    endloop
  endfacet
  facet normal 0.442274 -0.89688 0
    outer loop
      vertex -18.441 31.9408 5
      vertex -14.1141 34.0745 16.3
      vertex -18.441 31.9408 16.3
    endloop
  endfacet
  facet normal 0.442274 -0.89688 0
    outer loop
      vertex -14.1141 34.0745 16.3
      vertex -18.441 31.9408 5
      vertex -14.1141 34.0745 5
    endloop
  endfacet
  facet normal 0.195092 -0.980785 0
    outer loop
      vertex -9.54577 35.6253 5
      vertex -4.81407 36.5665 16.3
      vertex -9.54577 35.6253 16.3
    endloop
  endfacet
  facet normal 0.195092 -0.980785 0
    outer loop
      vertex -4.81407 36.5665 16.3
      vertex -9.54577 35.6253 5
      vertex -4.81407 36.5665 5
    endloop
  endfacet
  facet normal -0.442274 0.89688 0
    outer loop
      vertex 18.441 -31.9408 5
      vertex 14.1141 -34.0745 16.3
      vertex 18.441 -31.9408 16.3
    endloop
  endfacet
  facet normal -0.442274 0.89688 0
    outer loop
      vertex 14.1141 -34.0745 16.3
      vertex 18.441 -31.9408 5
      vertex 14.1141 -34.0745 5
    endloop
  endfacet
  facet normal 0.321451 0.946926 -0
    outer loop
      vertex -9.54577 -35.6253 5
      vertex -14.1141 -34.0745 16.3
      vertex -9.54577 -35.6253 16.3
    endloop
  endfacet
  facet normal 0.321451 0.946926 0
    outer loop
      vertex -14.1141 -34.0745 16.3
      vertex -9.54577 -35.6253 5
      vertex -14.1141 -34.0745 5
    endloop
  endfacet
  facet normal 0.89688 0.442274 0
    outer loop
      vertex -31.9408 -18.441 16.3
      vertex -34.0745 -14.1141 5
      vertex -34.0745 -14.1141 16.3
    endloop
  endfacet
  facet normal 0.89688 0.442274 0
    outer loop
      vertex -34.0745 -14.1141 5
      vertex -31.9408 -18.441 16.3
      vertex -31.9408 -18.441 5
    endloop
  endfacet
  facet normal 0 0 1
    outer loop
      vertex -9.54577 -35.6253 5
      vertex -15.8257 -10.9 5
      vertex -14.1141 -34.0745 5
    endloop
  endfacet
  facet normal 0 0 1
    outer loop
      vertex -15.8257 -10.9 5
      vertex -18.441 -31.9408 5
      vertex -14.1141 -34.0745 5
    endloop
  endfacet
  facet normal 0 0 1
    outer loop
      vertex -22.4523 -29.2605 5
      vertex -15.8257 -10.9 5
      vertex -19.1743 -10.9 5
    endloop
  endfacet
  facet normal 0 0 1
    outer loop
      vertex -31.9408 -18.441 5
      vertex -19.1743 -10.9 5
      vertex -20.8486 -8 5
    endloop
  endfacet
  facet normal 0 0 1
    outer loop
      vertex -15.8257 -10.9 5
      vertex -22.4523 -29.2605 5
      vertex -18.441 -31.9408 5
    endloop
  endfacet
  facet normal 0 0 1
    outer loop
      vertex -11.9659 22.9341 5
      vertex -31.9408 18.441 5
      vertex -11.4004 22.4382 5
    endloop
  endfacet
  facet normal 0 0 1
    outer loop
      vertex -11.4004 22.4382 5
      vertex -31.9408 18.441 5
      vertex -19.1743 -5.1 5
    endloop
  endfacet
  facet normal 0 0 1
    outer loop
      vertex -19.1743 -10.9 5
      vertex -26.0795 -26.0795 5
      vertex -22.4523 -29.2605 5
    endloop
  endfacet
  facet normal -0 0 1
    outer loop
      vertex -34.0745 14.1141 5
      vertex -19.1743 -5.1 5
      vertex -31.9408 18.441 5
    endloop
  endfacet
  facet normal 0 0 1
    outer loop
      vertex -19.1743 -10.9 5
      vertex -29.2605 -22.4523 5
      vertex -26.0795 -26.0795 5
    endloop
  endfacet
  facet normal -0 0 1
    outer loop
      vertex -35.6253 9.54577 5
      vertex -19.1743 -5.1 5
      vertex -34.0745 14.1141 5
    endloop
  endfacet
  facet normal 0 0 1
    outer loop
      vertex -19.1743 -10.9 5
      vertex -31.9408 -18.441 5
      vertex -29.2605 -22.4523 5
    endloop
  endfacet
  facet normal -0 0 1
    outer loop
      vertex -36.5665 4.81407 5
      vertex -19.1743 -5.1 5
      vertex -35.6253 9.54577 5
    endloop
  endfacet
  facet normal 0 0 1
    outer loop
      vertex -20.8486 -8 5
      vertex -34.0745 -14.1141 5
      vertex -31.9408 -18.441 5
    endloop
  endfacet
  facet normal -0 0 1
    outer loop
      vertex -36.882 0 5
      vertex -19.1743 -5.1 5
      vertex -36.5665 4.81407 5
    endloop
  endfacet
  facet normal 0 0 1
    outer loop
      vertex -20.8486 -8 5
      vertex -35.6253 -9.54577 5
      vertex -34.0745 -14.1141 5
    endloop
  endfacet
  facet normal -0 -0 1
    outer loop
      vertex -36.5665 -4.81407 5
      vertex -19.1743 -5.1 5
      vertex -36.882 0 5
    endloop
  endfacet
  facet normal 0 0 1
    outer loop
      vertex -20.8486 -8 5
      vertex -36.5665 -4.81407 5
      vertex -35.6253 -9.54577 5
    endloop
  endfacet
  facet normal 0 0 1
    outer loop
      vertex -19.1743 -5.1 5
      vertex -36.5665 -4.81407 5
      vertex -20.8486 -8 5
    endloop
  endfacet
  facet normal 0 0 1
    outer loop
      vertex 15.8257 -5.1 5
      vertex 5.25466 0.691789 5
      vertex 5.3 0 5
    endloop
  endfacet
  facet normal 0 0 1
    outer loop
      vertex 8.65053 21.2992 5
      vertex 5.11941 1.37174 5
      vertex 5.25466 0.691789 5
    endloop
  endfacet
  facet normal 0 0 1
    outer loop
      vertex 8.65053 21.2992 5
      vertex 4.89656 2.02822 5
      vertex 5.11941 1.37174 5
    endloop
  endfacet
  facet normal 0 0 1
    outer loop
      vertex 8.65053 21.2992 5
      vertex 4.58993 2.65 5
      vertex 4.89656 2.02822 5
    endloop
  endfacet
  facet normal 0 0 1
    outer loop
      vertex 8.65053 21.2992 5
      vertex 4.20477 3.22643 5
      vertex 4.58993 2.65 5
    endloop
  endfacet
  facet normal 0 0 1
    outer loop
      vertex 8.65053 21.2992 5
      vertex 3.74767 3.74767 5
      vertex 4.20477 3.22643 5
    endloop
  endfacet
  facet normal 0 0 1
    outer loop
      vertex 8.65053 21.2992 5
      vertex 3.22643 4.20477 5
      vertex 3.74767 3.74767 5
    endloop
  endfacet
  facet normal 0 0 1
    outer loop
      vertex 7.9 21.25 5
      vertex 2.65 4.58993 5
      vertex 3.22643 4.20477 5
    endloop
  endfacet
  facet normal 0 0 1
    outer loop
      vertex 7.9 21.25 5
      vertex 2.02822 4.89656 5
      vertex 2.65 4.58993 5
    endloop
  endfacet
  facet normal 0 0 1
    outer loop
      vertex 7.9 21.25 5
      vertex 1.37174 5.11941 5
      vertex 2.02822 4.89656 5
    endloop
  endfacet
  facet normal 0 0 1
    outer loop
      vertex 7.9 21.25 5
      vertex 0.691789 5.25466 5
      vertex 1.37174 5.11941 5
    endloop
  endfacet
  facet normal 0 0 1
    outer loop
      vertex 7.9 21.25 5
      vertex 0 5.3 5
      vertex 0.691789 5.25466 5
    endloop
  endfacet
  facet normal -0 0 1
    outer loop
      vertex -7.9 21.25 5
      vertex 0 5.3 5
      vertex 7.9 21.25 5
    endloop
  endfacet
  facet normal 0 0 1
    outer loop
      vertex 0 5.3 5
      vertex -7.9 21.25 5
      vertex -0.691789 5.25466 5
    endloop
  endfacet
  facet normal 0 0 1
    outer loop
      vertex -0.691789 5.25466 5
      vertex -7.9 21.25 5
      vertex -1.37174 5.11941 5
    endloop
  endfacet
  facet normal 0 0 1
    outer loop
      vertex -1.37174 5.11941 5
      vertex -7.9 21.25 5
      vertex -2.02822 4.89656 5
    endloop
  endfacet
  facet normal 0 0 1
    outer loop
      vertex -2.02822 4.89656 5
      vertex -7.9 21.25 5
      vertex -2.65 4.58993 5
    endloop
  endfacet
  facet normal 0 0 1
    outer loop
      vertex -2.65 4.58993 5
      vertex -7.9 21.25 5
      vertex -3.22643 4.20477 5
    endloop
  endfacet
  facet normal 0 0 1
    outer loop
      vertex -8.65053 21.2992 5
      vertex -3.22643 4.20477 5
      vertex -7.9 21.25 5
    endloop
  endfacet
  facet normal 0 0 1
    outer loop
      vertex -10.775 22.0204 5
      vertex -4.58993 2.65 5
      vertex -10.1004 21.6877 5
    endloop
  endfacet
  facet normal 0 0 1
    outer loop
      vertex -4.20477 3.22643 5
      vertex -10.1004 21.6877 5
      vertex -4.58993 2.65 5
    endloop
  endfacet
  facet normal 0 0 1
    outer loop
      vertex -10.1004 21.6877 5
      vertex -4.20477 3.22643 5
      vertex -9.38821 21.4459 5
    endloop
  endfacet
  facet normal 0 0 1
    outer loop
      vertex -3.74767 3.74767 5
      vertex -9.38821 21.4459 5
      vertex -4.20477 3.22643 5
    endloop
  endfacet
  facet normal 0 0 1
    outer loop
      vertex -9.38821 21.4459 5
      vertex -3.74767 3.74767 5
      vertex -8.65053 21.2992 5
    endloop
  endfacet
  facet normal 0 0 1
    outer loop
      vertex -3.22643 4.20477 5
      vertex -8.65053 21.2992 5
      vertex -3.74767 3.74767 5
    endloop
  endfacet
  facet normal -0 0 1
    outer loop
      vertex 11.9659 22.9341 5
      vertex 29.2605 22.4523 5
      vertex 12.4618 23.4996 5
    endloop
  endfacet
  facet normal 0 0 1
    outer loop
      vertex 29.2605 22.4523 5
      vertex 11.9659 22.9341 5
      vertex 31.9408 18.441 5
    endloop
  endfacet
  facet normal -0 0 1
    outer loop
      vertex 11.4004 22.4382 5
      vertex 31.9408 18.441 5
      vertex 11.9659 22.9341 5
    endloop
  endfacet
  facet normal 0 0 1
    outer loop
      vertex 31.9408 18.441 5
      vertex 11.4004 22.4382 5
      vertex 19.1743 -5.1 5
    endloop
  endfacet
  facet normal -0 0 1
    outer loop
      vertex 10.775 22.0204 5
      vertex 19.1743 -5.1 5
      vertex 11.4004 22.4382 5
    endloop
  endfacet
  facet normal 0 0 1
    outer loop
      vertex 19.1743 -5.1 5
      vertex 10.775 22.0204 5
      vertex 15.8257 -5.1 5
    endloop
  endfacet
  facet normal -0 0 1
    outer loop
      vertex 5.25466 -0.691789 5
      vertex 15.8257 -5.1 5
      vertex 5.3 0 5
    endloop
  endfacet
  facet normal -0 0 1
    outer loop
      vertex 10.1004 21.6877 5
      vertex 15.8257 -5.1 5
      vertex 10.775 22.0204 5
    endloop
  endfacet
  facet normal -0 0 1
    outer loop
      vertex 5.25466 0.691789 5
      vertex 15.8257 -5.1 5
      vertex 10.1004 21.6877 5
    endloop
  endfacet
  facet normal -0 0 1
    outer loop
      vertex 5.11941 -1.37174 5
      vertex 15.8257 -5.1 5
      vertex 5.25466 -0.691789 5
    endloop
  endfacet
  facet normal 0 0 1
    outer loop
      vertex 5.25466 0.691789 5
      vertex 10.1004 21.6877 5
      vertex 9.38821 21.4459 5
    endloop
  endfacet
  facet normal 0 0 1
    outer loop
      vertex 5.25466 0.691789 5
      vertex 9.38821 21.4459 5
      vertex 8.65053 21.2992 5
    endloop
  endfacet
  facet normal 0 0 1
    outer loop
      vertex 3.22643 4.20477 5
      vertex 8.65053 21.2992 5
      vertex 7.9 21.25 5
    endloop
  endfacet
  facet normal -0 0 1
    outer loop
      vertex 4.89656 -2.02822 5
      vertex 15.8257 -5.1 5
      vertex 5.11941 -1.37174 5
    endloop
  endfacet
  facet normal 0 0 1
    outer loop
      vertex 15.8257 -5.1 5
      vertex 4.89656 -2.02822 5
      vertex 14.1514 -8 5
    endloop
  endfacet
  facet normal -0 0 1
    outer loop
      vertex 4.58993 -2.65 5
      vertex 14.1514 -8 5
      vertex 4.89656 -2.02822 5
    endloop
  endfacet
  facet normal -0 0 1
    outer loop
      vertex 4.20477 -3.22643 5
      vertex 14.1514 -8 5
      vertex 4.58993 -2.65 5
    endloop
  endfacet
  facet normal -0 0 1
    outer loop
      vertex 3.74767 -3.74767 5
      vertex 14.1514 -8 5
      vertex 4.20477 -3.22643 5
    endloop
  endfacet
  facet normal -0 0 1
    outer loop
      vertex 3.22643 -4.20477 5
      vertex 14.1514 -8 5
      vertex 3.74767 -3.74767 5
    endloop
  endfacet
  facet normal -0 0 1
    outer loop
      vertex 2.65 -4.58993 5
      vertex 14.1514 -8 5
      vertex 3.22643 -4.20477 5
    endloop
  endfacet
  facet normal -0 0 1
    outer loop
      vertex 2.02822 -4.89656 5
      vertex 14.1514 -8 5
      vertex 2.65 -4.58993 5
    endloop
  endfacet
  facet normal -0 0 1
    outer loop
      vertex 1.37174 -5.11941 5
      vertex 14.1514 -8 5
      vertex 2.02822 -4.89656 5
    endloop
  endfacet
  facet normal 0 0 1
    outer loop
      vertex 14.1514 -8 5
      vertex 9.54577 -35.6253 5
      vertex 14.1141 -34.0745 5
    endloop
  endfacet
  facet normal 0 0 1
    outer loop
      vertex 14.1514 -8 5
      vertex 1.37174 -5.11941 5
      vertex 9.54577 -35.6253 5
    endloop
  endfacet
  facet normal 0 0 1
    outer loop
      vertex 9.54577 -35.6253 5
      vertex 1.37174 -5.11941 5
      vertex 4.81407 -36.5665 5
    endloop
  endfacet
  facet normal -0 0 1
    outer loop
      vertex 0.691789 -5.25466 5
      vertex 4.81407 -36.5665 5
      vertex 1.37174 -5.11941 5
    endloop
  endfacet
  facet normal -0 0 1
    outer loop
      vertex 0 -5.3 5
      vertex 4.81407 -36.5665 5
      vertex 0.691789 -5.25466 5
    endloop
  endfacet
  facet normal 0 0 1
    outer loop
      vertex 0 -5.3 5
      vertex 0 -36.882 5
      vertex 4.81407 -36.5665 5
    endloop
  endfacet
  facet normal 0 0 1
    outer loop
      vertex -0.691789 -5.25466 5
      vertex 0 -36.882 5
      vertex 0 -5.3 5
    endloop
  endfacet
  facet normal 0 0 1
    outer loop
      vertex -15.8257 -10.9 5
      vertex -0.691789 -5.25466 5
      vertex -1.37174 -5.11941 5
    endloop
  endfacet
  facet normal 0 0 1
    outer loop
      vertex -15.8257 -10.9 5
      vertex -2.02822 -4.89656 5
      vertex -14.1514 -8 5
    endloop
  endfacet
  facet normal 0 0 1
    outer loop
      vertex -14.1514 -8 5
      vertex -2.02822 -4.89656 5
      vertex -2.65 -4.58993 5
    endloop
  endfacet
  facet normal 0 0 1
    outer loop
      vertex -14.1514 -8 5
      vertex -2.65 -4.58993 5
      vertex -3.22643 -4.20477 5
    endloop
  endfacet
  facet normal 0 0 1
    outer loop
      vertex -14.1514 -8 5
      vertex -3.22643 -4.20477 5
      vertex -3.74767 -3.74767 5
    endloop
  endfacet
  facet normal 0 0 1
    outer loop
      vertex -14.1514 -8 5
      vertex -3.74767 -3.74767 5
      vertex -4.20477 -3.22643 5
    endloop
  endfacet
  facet normal 0 0 1
    outer loop
      vertex -14.1514 -8 5
      vertex -4.20477 -3.22643 5
      vertex -4.58993 -2.65 5
    endloop
  endfacet
  facet normal 0 0 1
    outer loop
      vertex -0.691789 -5.25466 5
      vertex -4.81407 -36.5665 5
      vertex 0 -36.882 5
    endloop
  endfacet
  facet normal 0 0 1
    outer loop
      vertex -14.1514 -8 5
      vertex -4.58993 -2.65 5
      vertex -4.89656 -2.02822 5
    endloop
  endfacet
  facet normal 0 0 1
    outer loop
      vertex -15.8257 -5.1 5
      vertex -4.89656 -2.02822 5
      vertex -5.11941 -1.37174 5
    endloop
  endfacet
  facet normal 0 0 1
    outer loop
      vertex -15.8257 -5.1 5
      vertex -5.11941 -1.37174 5
      vertex -5.25466 -0.691789 5
    endloop
  endfacet
  facet normal 0 0 1
    outer loop
      vertex -15.8257 -5.1 5
      vertex -5.25466 -0.691789 5
      vertex -5.3 0 5
    endloop
  endfacet
  facet normal 0 0 1
    outer loop
      vertex -15.8257 -5.1 5
      vertex -4.58993 2.65 5
      vertex -10.775 22.0204 5
    endloop
  endfacet
  facet normal 0 0 1
    outer loop
      vertex -4.58993 2.65 5
      vertex -15.8257 -5.1 5
      vertex -4.89656 2.02822 5
    endloop
  endfacet
  facet normal 0 0 1
    outer loop
      vertex -5.11941 1.37174 5
      vertex -15.8257 -5.1 5
      vertex -5.25466 0.691789 5
    endloop
  endfacet
  facet normal 0 0 1
    outer loop
      vertex -2.02822 -4.89656 5
      vertex -15.8257 -10.9 5
      vertex -1.37174 -5.11941 5
    endloop
  endfacet
  facet normal 0 0 1
    outer loop
      vertex -5.25466 0.691789 5
      vertex -15.8257 -5.1 5
      vertex -5.3 0 5
    endloop
  endfacet
  facet normal 0 0 1
    outer loop
      vertex -4.89656 2.02822 5
      vertex -15.8257 -5.1 5
      vertex -5.11941 1.37174 5
    endloop
  endfacet
  facet normal 0 0 1
    outer loop
      vertex -19.1743 -5.1 5
      vertex -10.775 22.0204 5
      vertex -11.4004 22.4382 5
    endloop
  endfacet
  facet normal 0 0 1
    outer loop
      vertex -31.9408 18.441 5
      vertex -11.9659 22.9341 5
      vertex -29.2605 22.4523 5
    endloop
  endfacet
  facet normal 0 0 1
    outer loop
      vertex -29.2605 22.4523 5
      vertex -12.4618 23.4996 5
      vertex -26.0795 26.0795 5
    endloop
  endfacet
  facet normal 0 0 1
    outer loop
      vertex -13.2123 24.7996 5
      vertex -26.0795 26.0795 5
      vertex -12.8796 24.125 5
    endloop
  endfacet
  facet normal -0 0 1
    outer loop
      vertex -26.0795 26.0795 5
      vertex -13.2123 24.7996 5
      vertex -22.4523 29.2605 5
    endloop
  endfacet
  facet normal 0 0 1
    outer loop
      vertex -22.4523 29.2605 5
      vertex -13.2123 24.7996 5
      vertex -13.4541 25.5118 5
    endloop
  endfacet
  facet normal 0 0 1
    outer loop
      vertex -22.4523 29.2605 5
      vertex -13.4541 25.5118 5
      vertex -13.6008 26.2495 5
    endloop
  endfacet
  facet normal 0 0 1
    outer loop
      vertex -22.4523 29.2605 5
      vertex -13.6008 26.2495 5
      vertex -13.65 27 5
    endloop
  endfacet
  facet normal 0 0 1
    outer loop
      vertex -13.6008 27.7505 5
      vertex -18.441 31.9408 5
      vertex -13.65 27 5
    endloop
  endfacet
  facet normal 0 0 1
    outer loop
      vertex -0.691789 -5.25466 5
      vertex -15.8257 -10.9 5
      vertex -4.81407 -36.5665 5
    endloop
  endfacet
  facet normal 0 0 1
    outer loop
      vertex -4.81407 -36.5665 5
      vertex -15.8257 -10.9 5
      vertex -9.54577 -35.6253 5
    endloop
  endfacet
  facet normal 0 0 1
    outer loop
      vertex -4.89656 -2.02822 5
      vertex -15.8257 -5.1 5
      vertex -14.1514 -8 5
    endloop
  endfacet
  facet normal -0 0 1
    outer loop
      vertex -22.4523 29.2605 5
      vertex -13.65 27 5
      vertex -18.441 31.9408 5
    endloop
  endfacet
  facet normal 0 0 1
    outer loop
      vertex -12.8796 24.125 5
      vertex -26.0795 26.0795 5
      vertex -12.4618 23.4996 5
    endloop
  endfacet
  facet normal 0 0 1
    outer loop
      vertex -10.775 22.0204 5
      vertex -19.1743 -5.1 5
      vertex -15.8257 -5.1 5
    endloop
  endfacet
  facet normal 0 0 1
    outer loop
      vertex -12.4618 23.4996 5
      vertex -29.2605 22.4523 5
      vertex -11.9659 22.9341 5
    endloop
  endfacet
  facet normal 0 0 1
    outer loop
      vertex 19.1743 -5.1 5
      vertex 36.882 0 5
      vertex 36.5665 4.81407 5
    endloop
  endfacet
  facet normal 0 0 1
    outer loop
      vertex 19.1743 -5.1 5
      vertex 36.5665 4.81407 5
      vertex 35.6253 9.54577 5
    endloop
  endfacet
  facet normal 0 0 1
    outer loop
      vertex 36.882 0 5
      vertex 19.1743 -5.1 5
      vertex 36.5665 -4.81407 5
    endloop
  endfacet
  facet normal 0 0 1
    outer loop
      vertex 19.1743 -5.1 5
      vertex 35.6253 9.54577 5
      vertex 34.0745 14.1141 5
    endloop
  endfacet
  facet normal 0 -0 1
    outer loop
      vertex 20.8486 -8 5
      vertex 36.5665 -4.81407 5
      vertex 19.1743 -5.1 5
    endloop
  endfacet
  facet normal 0 0 1
    outer loop
      vertex 19.1743 -5.1 5
      vertex 34.0745 14.1141 5
      vertex 31.9408 18.441 5
    endloop
  endfacet
  facet normal 0 0 1
    outer loop
      vertex 36.5665 -4.81407 5
      vertex 20.8486 -8 5
      vertex 35.6253 -9.54577 5
    endloop
  endfacet
  facet normal 0 0 1
    outer loop
      vertex 13.2123 24.7996 5
      vertex 22.4523 29.2605 5
      vertex 13.4541 25.5118 5
    endloop
  endfacet
  facet normal 0 0 1
    outer loop
      vertex 34.0745 -14.1141 5
      vertex 20.8486 -8 5
      vertex 31.9408 -18.441 5
    endloop
  endfacet
  facet normal 0 0 1
    outer loop
      vertex 13.4541 25.5118 5
      vertex 22.4523 29.2605 5
      vertex 13.6008 26.2495 5
    endloop
  endfacet
  facet normal -0 0 1
    outer loop
      vertex 19.1743 -10.9 5
      vertex 31.9408 -18.441 5
      vertex 20.8486 -8 5
    endloop
  endfacet
  facet normal 0 0 1
    outer loop
      vertex 13.6008 26.2495 5
      vertex 22.4523 29.2605 5
      vertex 13.65 27 5
    endloop
  endfacet
  facet normal 0 0 1
    outer loop
      vertex 31.9408 -18.441 5
      vertex 19.1743 -10.9 5
      vertex 29.2605 -22.4523 5
    endloop
  endfacet
  facet normal 0 0 1
    outer loop
      vertex 29.2605 -22.4523 5
      vertex 19.1743 -10.9 5
      vertex 26.0795 -26.0795 5
    endloop
  endfacet
  facet normal 0 0 1
    outer loop
      vertex 35.6253 -9.54577 5
      vertex 20.8486 -8 5
      vertex 34.0745 -14.1141 5
    endloop
  endfacet
  facet normal 0 0 1
    outer loop
      vertex 13.65 27 5
      vertex 22.4523 29.2605 5
      vertex 18.441 31.9408 5
    endloop
  endfacet
  facet normal 0 0 1
    outer loop
      vertex 22.4523 29.2605 5
      vertex 13.2123 24.7996 5
      vertex 26.0795 26.0795 5
    endloop
  endfacet
  facet normal 0 0 1
    outer loop
      vertex 12.8796 24.125 5
      vertex 26.0795 26.0795 5
      vertex 13.2123 24.7996 5
    endloop
  endfacet
  facet normal 0 0 1
    outer loop
      vertex 12.8796 29.875 5
      vertex 18.441 31.9408 5
      vertex 14.1141 34.0745 5
    endloop
  endfacet
  facet normal 0 0 1
    outer loop
      vertex 26.0795 -26.0795 5
      vertex 19.1743 -10.9 5
      vertex 22.4523 -29.2605 5
    endloop
  endfacet
  facet normal -0 0 1
    outer loop
      vertex 15.8257 -10.9 5
      vertex 22.4523 -29.2605 5
      vertex 19.1743 -10.9 5
    endloop
  endfacet
  facet normal 0 0 1
    outer loop
      vertex 22.4523 -29.2605 5
      vertex 15.8257 -10.9 5
      vertex 18.441 -31.9408 5
    endloop
  endfacet
  facet normal 0 0 1
    outer loop
      vertex 14.1141 -34.0745 5
      vertex 15.8257 -10.9 5
      vertex 14.1514 -8 5
    endloop
  endfacet
  facet normal 0 0 1
    outer loop
      vertex 15.8257 -10.9 5
      vertex 14.1141 -34.0745 5
      vertex 18.441 -31.9408 5
    endloop
  endfacet
  facet normal 0 0 1
    outer loop
      vertex 12.4618 23.4996 5
      vertex 26.0795 26.0795 5
      vertex 12.8796 24.125 5
    endloop
  endfacet
  facet normal 0 0 1
    outer loop
      vertex 26.0795 26.0795 5
      vertex 12.4618 23.4996 5
      vertex 29.2605 22.4523 5
    endloop
  endfacet
  facet normal 0 0 1
    outer loop
      vertex 18.441 31.9408 5
      vertex 13.6008 27.7505 5
      vertex 13.65 27 5
    endloop
  endfacet
  facet normal 0 0 1
    outer loop
      vertex 18.441 31.9408 5
      vertex 13.4541 28.4882 5
      vertex 13.6008 27.7505 5
    endloop
  endfacet
  facet normal 0 0 1
    outer loop
      vertex 18.441 31.9408 5
      vertex 13.2123 29.2004 5
      vertex 13.4541 28.4882 5
    endloop
  endfacet
  facet normal 0 0 1
    outer loop
      vertex 18.441 31.9408 5
      vertex 12.8796 29.875 5
      vertex 13.2123 29.2004 5
    endloop
  endfacet
  facet normal 0 0 1
    outer loop
      vertex 14.1141 34.0745 5
      vertex 12.4618 30.5004 5
      vertex 12.8796 29.875 5
    endloop
  endfacet
  facet normal 0 0 1
    outer loop
      vertex 14.1141 34.0745 5
      vertex 11.9659 31.0659 5
      vertex 12.4618 30.5004 5
    endloop
  endfacet
  facet normal 0 0 1
    outer loop
      vertex 14.1141 34.0745 5
      vertex 11.4004 31.5618 5
      vertex 11.9659 31.0659 5
    endloop
  endfacet
  facet normal 0 0 1
    outer loop
      vertex 14.1141 34.0745 5
      vertex 10.775 31.9796 5
      vertex 11.4004 31.5618 5
    endloop
  endfacet
  facet normal 0 0 1
    outer loop
      vertex 9.54577 35.6253 5
      vertex 10.775 31.9796 5
      vertex 14.1141 34.0745 5
    endloop
  endfacet
  facet normal 0 0 1
    outer loop
      vertex 10.775 31.9796 5
      vertex 9.54577 35.6253 5
      vertex 10.1004 32.3123 5
    endloop
  endfacet
  facet normal 0 0 1
    outer loop
      vertex 9.54577 35.6253 5
      vertex 9.38821 32.5541 5
      vertex 10.1004 32.3123 5
    endloop
  endfacet
  facet normal 0 0 1
    outer loop
      vertex 9.54577 35.6253 5
      vertex 8.65053 32.7008 5
      vertex 9.38821 32.5541 5
    endloop
  endfacet
  facet normal 0 0 1
    outer loop
      vertex 9.54577 35.6253 5
      vertex 7.9 32.75 5
      vertex 8.65053 32.7008 5
    endloop
  endfacet
  facet normal 0 0 1
    outer loop
      vertex 4.81407 36.5665 5
      vertex 7.9 32.75 5
      vertex 9.54577 35.6253 5
    endloop
  endfacet
  facet normal 0 0 1
    outer loop
      vertex 0 36.882 5
      vertex 7.9 32.75 5
      vertex 4.81407 36.5665 5
    endloop
  endfacet
  facet normal 0 0 1
    outer loop
      vertex -7.9 32.75 5
      vertex 0 36.882 5
      vertex -4.81407 36.5665 5
    endloop
  endfacet
  facet normal 0 0 1
    outer loop
      vertex 0 36.882 5
      vertex -7.9 32.75 5
      vertex 7.9 32.75 5
    endloop
  endfacet
  facet normal -0 0 1
    outer loop
      vertex -9.54577 35.6253 5
      vertex -7.9 32.75 5
      vertex -4.81407 36.5665 5
    endloop
  endfacet
  facet normal 0 0 1
    outer loop
      vertex -7.9 32.75 5
      vertex -9.54577 35.6253 5
      vertex -8.65053 32.7008 5
    endloop
  endfacet
  facet normal 0 0 1
    outer loop
      vertex -8.65053 32.7008 5
      vertex -9.54577 35.6253 5
      vertex -9.38821 32.5541 5
    endloop
  endfacet
  facet normal 0 0 1
    outer loop
      vertex -9.54577 35.6253 5
      vertex -10.1004 32.3123 5
      vertex -9.38821 32.5541 5
    endloop
  endfacet
  facet normal 0 0 1
    outer loop
      vertex -9.54577 35.6253 5
      vertex -10.775 31.9796 5
      vertex -10.1004 32.3123 5
    endloop
  endfacet
  facet normal -0 0 1
    outer loop
      vertex -14.1141 34.0745 5
      vertex -10.775 31.9796 5
      vertex -9.54577 35.6253 5
    endloop
  endfacet
  facet normal 0 0 1
    outer loop
      vertex -10.775 31.9796 5
      vertex -14.1141 34.0745 5
      vertex -11.4004 31.5618 5
    endloop
  endfacet
  facet normal 0 0 1
    outer loop
      vertex -11.4004 31.5618 5
      vertex -14.1141 34.0745 5
      vertex -11.9659 31.0659 5
    endloop
  endfacet
  facet normal 0 0 1
    outer loop
      vertex -11.9659 31.0659 5
      vertex -14.1141 34.0745 5
      vertex -12.4618 30.5004 5
    endloop
  endfacet
  facet normal 0 0 1
    outer loop
      vertex -13.4541 28.4882 5
      vertex -18.441 31.9408 5
      vertex -13.6008 27.7505 5
    endloop
  endfacet
  facet normal 0 0 1
    outer loop
      vertex -13.2123 29.2004 5
      vertex -18.441 31.9408 5
      vertex -13.4541 28.4882 5
    endloop
  endfacet
  facet normal 0 0 1
    outer loop
      vertex -12.8796 29.875 5
      vertex -18.441 31.9408 5
      vertex -13.2123 29.2004 5
    endloop
  endfacet
  facet normal -0 0 1
    outer loop
      vertex -18.441 31.9408 5
      vertex -12.8796 29.875 5
      vertex -14.1141 34.0745 5
    endloop
  endfacet
  facet normal 0 0 1
    outer loop
      vertex -12.4618 30.5004 5
      vertex -14.1141 34.0745 5
      vertex -12.8796 29.875 5
    endloop
  endfacet
  facet normal -0.946926 -0.321451 0
    outer loop
      vertex 35.6253 9.54577 5
      vertex 34.0745 14.1141 16.3
      vertex 34.0745 14.1141 5
    endloop
  endfacet
  facet normal -0.946926 -0.321451 0
    outer loop
      vertex 34.0745 14.1141 16.3
      vertex 35.6253 9.54577 5
      vertex 35.6253 9.54577 16.3
    endloop
  endfacet
  facet normal -0.195092 -0.980785 0
    outer loop
      vertex 4.81407 36.5665 5
      vertex 9.54577 35.6253 16.3
      vertex 4.81407 36.5665 16.3
    endloop
  endfacet
  facet normal -0.195092 -0.980785 -0
    outer loop
      vertex 9.54577 35.6253 16.3
      vertex 4.81407 36.5665 5
      vertex 9.54577 35.6253 5
    endloop
  endfacet
  facet normal -0.659349 -0.751837 0
    outer loop
      vertex 22.4523 29.2605 5
      vertex 26.0795 26.0795 16.3
      vertex 22.4523 29.2605 16.3
    endloop
  endfacet
  facet normal -0.659349 -0.751837 -0
    outer loop
      vertex 26.0795 26.0795 16.3
      vertex 22.4523 29.2605 5
      vertex 26.0795 26.0795 5
    endloop
  endfacet
  facet normal 0.831466 -0.555575 0
    outer loop
      vertex -31.9408 18.441 16.3
      vertex -29.2605 22.4523 5
      vertex -29.2605 22.4523 16.3
    endloop
  endfacet
  facet normal 0.831466 -0.555575 0
    outer loop
      vertex -29.2605 22.4523 5
      vertex -31.9408 18.441 16.3
      vertex -31.9408 18.441 5
    endloop
  endfacet
  facet normal 0.751837 -0.659349 0
    outer loop
      vertex -29.2605 22.4523 16.3
      vertex -26.0795 26.0795 5
      vertex -26.0795 26.0795 16.3
    endloop
  endfacet
  facet normal 0.751837 -0.659349 0
    outer loop
      vertex -26.0795 26.0795 5
      vertex -29.2605 22.4523 16.3
      vertex -29.2605 22.4523 5
    endloop
  endfacet
  facet normal 0.980785 -0.195092 0
    outer loop
      vertex -36.5665 4.81407 16.3
      vertex -35.6253 9.54577 5
      vertex -35.6253 9.54577 16.3
    endloop
  endfacet
  facet normal 0.980785 -0.195092 0
    outer loop
      vertex -35.6253 9.54577 5
      vertex -36.5665 4.81407 16.3
      vertex -36.5665 4.81407 5
    endloop
  endfacet
  facet normal 0.555575 -0.831466 0
    outer loop
      vertex -22.4523 29.2605 5
      vertex -18.441 31.9408 16.3
      vertex -22.4523 29.2605 16.3
    endloop
  endfacet
  facet normal 0.555575 -0.831466 0
    outer loop
      vertex -18.441 31.9408 16.3
      vertex -22.4523 29.2605 5
      vertex -18.441 31.9408 5
    endloop
  endfacet
  facet normal 0.0653968 -0.997859 0
    outer loop
      vertex -4.81407 36.5665 5
      vertex 0 36.882 16.3
      vertex -4.81407 36.5665 16.3
    endloop
  endfacet
  facet normal 0.0653968 -0.997859 0
    outer loop
      vertex 0 36.882 16.3
      vertex -4.81407 36.5665 5
      vertex 0 36.882 5
    endloop
  endfacet
  facet normal -0.997859 0.0653968 0
    outer loop
      vertex 36.5665 -4.81407 5
      vertex 36.882 0 16.3
      vertex 36.882 0 5
    endloop
  endfacet
  facet normal -0.997859 0.0653968 0
    outer loop
      vertex 36.882 0 16.3
      vertex 36.5665 -4.81407 5
      vertex 36.5665 -4.81407 16.3
    endloop
  endfacet
  facet normal -0.0653968 0.997859 0
    outer loop
      vertex 4.81407 -36.5665 5
      vertex 0 -36.882 16.3
      vertex 4.81407 -36.5665 16.3
    endloop
  endfacet
  facet normal -0.0653968 0.997859 0
    outer loop
      vertex 0 -36.882 16.3
      vertex 4.81407 -36.5665 5
      vertex 0 -36.882 5
    endloop
  endfacet
  facet normal -0.321451 0.946926 0
    outer loop
      vertex 14.1141 -34.0745 5
      vertex 9.54577 -35.6253 16.3
      vertex 14.1141 -34.0745 16.3
    endloop
  endfacet
  facet normal -0.321451 0.946926 0
    outer loop
      vertex 9.54577 -35.6253 16.3
      vertex 14.1141 -34.0745 5
      vertex 9.54577 -35.6253 5
    endloop
  endfacet
  facet normal -0.555575 0.831466 0
    outer loop
      vertex 22.4523 -29.2605 5
      vertex 18.441 -31.9408 16.3
      vertex 22.4523 -29.2605 16.3
    endloop
  endfacet
  facet normal -0.555575 0.831466 0
    outer loop
      vertex 18.441 -31.9408 16.3
      vertex 22.4523 -29.2605 5
      vertex 18.441 -31.9408 5
    endloop
  endfacet
  facet normal -0.946926 0.321451 0
    outer loop
      vertex 34.0745 -14.1141 5
      vertex 35.6253 -9.54577 16.3
      vertex 35.6253 -9.54577 5
    endloop
  endfacet
  facet normal -0.946926 0.321451 0
    outer loop
      vertex 35.6253 -9.54577 16.3
      vertex 34.0745 -14.1141 5
      vertex 34.0745 -14.1141 16.3
    endloop
  endfacet
  facet normal -0.751837 0.659349 0
    outer loop
      vertex 26.0795 -26.0795 5
      vertex 29.2605 -22.4523 16.3
      vertex 29.2605 -22.4523 5
    endloop
  endfacet
  facet normal -0.751837 0.659349 0
    outer loop
      vertex 29.2605 -22.4523 16.3
      vertex 26.0795 -26.0795 5
      vertex 26.0795 -26.0795 16.3
    endloop
  endfacet
  facet normal 0.659349 0.751837 -0
    outer loop
      vertex -22.4523 -29.2605 5
      vertex -26.0795 -26.0795 16.3
      vertex -22.4523 -29.2605 16.3
    endloop
  endfacet
  facet normal 0.659349 0.751837 0
    outer loop
      vertex -26.0795 -26.0795 16.3
      vertex -22.4523 -29.2605 5
      vertex -26.0795 -26.0795 5
    endloop
  endfacet
  facet normal 0.442274 0.89688 -0
    outer loop
      vertex -14.1141 -34.0745 5
      vertex -18.441 -31.9408 16.3
      vertex -14.1141 -34.0745 16.3
    endloop
  endfacet
  facet normal 0.442274 0.89688 0
    outer loop
      vertex -18.441 -31.9408 16.3
      vertex -14.1141 -34.0745 5
      vertex -18.441 -31.9408 5
    endloop
  endfacet
  facet normal 0.195092 0.980785 -0
    outer loop
      vertex -4.81407 -36.5665 5
      vertex -9.54577 -35.6253 16.3
      vertex -4.81407 -36.5665 16.3
    endloop
  endfacet
  facet normal 0.195092 0.980785 0
    outer loop
      vertex -9.54577 -35.6253 16.3
      vertex -4.81407 -36.5665 5
      vertex -9.54577 -35.6253 5
    endloop
  endfacet
  facet normal 0.831466 0.555575 0
    outer loop
      vertex -29.2605 -22.4523 16.3
      vertex -31.9408 -18.441 5
      vertex -31.9408 -18.441 16.3
    endloop
  endfacet
  facet normal 0.831466 0.555575 0
    outer loop
      vertex -31.9408 -18.441 5
      vertex -29.2605 -22.4523 16.3
      vertex -29.2605 -22.4523 5
    endloop
  endfacet
  facet normal 0.946926 0.321451 0
    outer loop
      vertex -34.0745 -14.1141 16.3
      vertex -35.6253 -9.54577 5
      vertex -35.6253 -9.54577 16.3
    endloop
  endfacet
  facet normal 0.946926 0.321451 0
    outer loop
      vertex -35.6253 -9.54577 5
      vertex -34.0745 -14.1141 16.3
      vertex -34.0745 -14.1141 5
    endloop
  endfacet
  facet normal 0.997859 0.0653968 0
    outer loop
      vertex -36.5665 -4.81407 16.3
      vertex -36.882 0 5
      vertex -36.882 0 16.3
    endloop
  endfacet
  facet normal 0.997859 0.0653968 0
    outer loop
      vertex -36.882 0 5
      vertex -36.5665 -4.81407 16.3
      vertex -36.5665 -4.81407 5
    endloop
  endfacet
  facet normal -0.195092 0.980785 0
    outer loop
      vertex 9.54577 -35.6253 5
      vertex 4.81407 -36.5665 16.3
      vertex 9.54577 -35.6253 16.3
    endloop
  endfacet
  facet normal -0.195092 0.980785 0
    outer loop
      vertex 4.81407 -36.5665 16.3
      vertex 9.54577 -35.6253 5
      vertex 4.81407 -36.5665 5
    endloop
  endfacet
  facet normal -0.659349 0.751837 0
    outer loop
      vertex 26.0795 -26.0795 5
      vertex 22.4523 -29.2605 16.3
      vertex 26.0795 -26.0795 16.3
    endloop
  endfacet
  facet normal -0.659349 0.751837 0
    outer loop
      vertex 22.4523 -29.2605 16.3
      vertex 26.0795 -26.0795 5
      vertex 22.4523 -29.2605 5
    endloop
  endfacet
  facet normal -0.89688 0.442274 0
    outer loop
      vertex 31.9408 -18.441 5
      vertex 34.0745 -14.1141 16.3
      vertex 34.0745 -14.1141 5
    endloop
  endfacet
  facet normal -0.89688 0.442274 0
    outer loop
      vertex 34.0745 -14.1141 16.3
      vertex 31.9408 -18.441 5
      vertex 31.9408 -18.441 16.3
    endloop
  endfacet
  facet normal -0.980785 0.195092 0
    outer loop
      vertex 35.6253 -9.54577 5
      vertex 36.5665 -4.81407 16.3
      vertex 36.5665 -4.81407 5
    endloop
  endfacet
  facet normal -0.980785 0.195092 0
    outer loop
      vertex 36.5665 -4.81407 16.3
      vertex 35.6253 -9.54577 5
      vertex 35.6253 -9.54577 16.3
    endloop
  endfacet
  facet normal 0.555575 0.831466 -0
    outer loop
      vertex -18.441 -31.9408 5
      vertex -22.4523 -29.2605 16.3
      vertex -18.441 -31.9408 16.3
    endloop
  endfacet
  facet normal 0.555575 0.831466 0
    outer loop
      vertex -22.4523 -29.2605 16.3
      vertex -18.441 -31.9408 5
      vertex -22.4523 -29.2605 5
    endloop
  endfacet
  facet normal 0.980785 0.195092 0
    outer loop
      vertex -35.6253 -9.54577 16.3
      vertex -36.5665 -4.81407 5
      vertex -36.5665 -4.81407 16.3
    endloop
  endfacet
  facet normal 0.980785 0.195092 0
    outer loop
      vertex -36.5665 -4.81407 5
      vertex -35.6253 -9.54577 16.3
      vertex -35.6253 -9.54577 5
    endloop
  endfacet
  facet normal -0.831466 0.555575 0
    outer loop
      vertex 29.2605 -22.4523 5
      vertex 31.9408 -18.441 16.3
      vertex 31.9408 -18.441 5
    endloop
  endfacet
  facet normal -0.831466 0.555575 0
    outer loop
      vertex 31.9408 -18.441 16.3
      vertex 29.2605 -22.4523 5
      vertex 29.2605 -22.4523 16.3
    endloop
  endfacet
  facet normal -0.659343 -0.751842 0
    outer loop
      vertex 23.3655 30.4505 16.3
      vertex 27.1402 27.1402 18.3
      vertex 23.3655 30.4505 18.3
    endloop
  endfacet
  facet normal -0.659343 -0.751842 -0
    outer loop
      vertex 27.1402 27.1402 18.3
      vertex 23.3655 30.4505 16.3
      vertex 27.1402 27.1402 16.3
    endloop
  endfacet
  facet normal 0.946932 -0.321433 0
    outer loop
      vertex -37.0742 9.93399 18.3
      vertex -35.4604 14.6882 16.3
      vertex -35.4604 14.6882 18.3
    endloop
  endfacet
  facet normal 0.946932 -0.321433 0
    outer loop
      vertex -35.4604 14.6882 16.3
      vertex -37.0742 9.93399 18.3
      vertex -37.0742 9.93399 16.3
    endloop
  endfacet
  facet normal -0.997857 0.0654362 0
    outer loop
      vertex 38.0536 -5.00986 16.3
      vertex 38.1854 -3 18.3
      vertex 38.1854 -3 16.3
    endloop
  endfacet
  facet normal -0.997857 0.0654362 0
    outer loop
      vertex 38.1854 -3 18.3
      vertex 38.0536 -5.00986 16.3
      vertex 38.0536 -5.00986 18.3
    endloop
  endfacet
  facet normal 0.321433 0.946932 -0
    outer loop
      vertex -9.93399 -37.0742 16.3
      vertex -14.6882 -35.4604 18.3
      vertex -9.93399 -37.0742 18.3
    endloop
  endfacet
  facet normal 0.321433 0.946932 0
    outer loop
      vertex -14.6882 -35.4604 18.3
      vertex -9.93399 -37.0742 16.3
      vertex -14.6882 -35.4604 16.3
    endloop
  endfacet
  facet normal -0.555569 -0.831471 0
    outer loop
      vertex 19.191 33.2398 16.3
      vertex 23.3655 30.4505 18.3
      vertex 19.191 33.2398 18.3
    endloop
  endfacet
  facet normal -0.555569 -0.831471 -0
    outer loop
      vertex 23.3655 30.4505 18.3
      vertex 19.191 33.2398 16.3
      vertex 23.3655 30.4505 16.3
    endloop
  endfacet
  facet normal 0.321433 -0.946932 0
    outer loop
      vertex -14.6882 35.4604 16.3
      vertex -9.93399 37.0742 18.3
      vertex -14.6882 35.4604 18.3
    endloop
  endfacet
  facet normal 0.321433 -0.946932 0
    outer loop
      vertex -9.93399 37.0742 18.3
      vertex -14.6882 35.4604 16.3
      vertex -9.93399 37.0742 16.3
    endloop
  endfacet
  facet normal 0.896868 -0.442299 0
    outer loop
      vertex -35.4604 14.6882 18.3
      vertex -33.2398 19.191 16.3
      vertex -33.2398 19.191 18.3
    endloop
  endfacet
  facet normal 0.896868 -0.442299 0
    outer loop
      vertex -33.2398 19.191 16.3
      vertex -35.4604 14.6882 18.3
      vertex -35.4604 14.6882 16.3
    endloop
  endfacet
  facet normal 0.896868 0.442299 0
    outer loop
      vertex -33.2398 -19.191 18.3
      vertex -35.4604 -14.6882 16.3
      vertex -35.4604 -14.6882 18.3
    endloop
  endfacet
  facet normal 0.896868 0.442299 0
    outer loop
      vertex -35.4604 -14.6882 16.3
      vertex -33.2398 -19.191 18.3
      vertex -33.2398 -19.191 16.3
    endloop
  endfacet
  facet normal -0.946932 -0.321433 0
    outer loop
      vertex 37.0742 9.93399 16.3
      vertex 35.4604 14.6882 18.3
      vertex 35.4604 14.6882 16.3
    endloop
  endfacet
  facet normal -0.946932 -0.321433 0
    outer loop
      vertex 35.4604 14.6882 18.3
      vertex 37.0742 9.93399 16.3
      vertex 37.0742 9.93399 18.3
    endloop
  endfacet
  facet normal -0.831471 -0.555569 0
    outer loop
      vertex 33.2398 19.191 16.3
      vertex 30.4505 23.3655 18.3
      vertex 30.4505 23.3655 16.3
    endloop
  endfacet
  facet normal -0.831471 -0.555569 0
    outer loop
      vertex 30.4505 23.3655 18.3
      vertex 33.2398 19.191 16.3
      vertex 33.2398 19.191 18.3
    endloop
  endfacet
  facet normal -0.751842 -0.659343 0
    outer loop
      vertex 30.4505 23.3655 16.3
      vertex 27.1402 27.1402 18.3
      vertex 27.1402 27.1402 16.3
    endloop
  endfacet
  facet normal -0.751842 -0.659343 0
    outer loop
      vertex 27.1402 27.1402 18.3
      vertex 30.4505 23.3655 16.3
      vertex 30.4505 23.3655 18.3
    endloop
  endfacet
  facet normal -0.442299 -0.896868 0
    outer loop
      vertex 14.6882 35.4604 16.3
      vertex 19.191 33.2398 18.3
      vertex 14.6882 35.4604 18.3
    endloop
  endfacet
  facet normal -0.442299 -0.896868 -0
    outer loop
      vertex 19.191 33.2398 18.3
      vertex 14.6882 35.4604 16.3
      vertex 19.191 33.2398 16.3
    endloop
  endfacet
  facet normal -0.321433 -0.946932 0
    outer loop
      vertex 9.93399 37.0742 16.3
      vertex 14.6882 35.4604 18.3
      vertex 9.93399 37.0742 18.3
    endloop
  endfacet
  facet normal -0.321433 -0.946932 -0
    outer loop
      vertex 14.6882 35.4604 18.3
      vertex 9.93399 37.0742 16.3
      vertex 14.6882 35.4604 16.3
    endloop
  endfacet
  facet normal 0.751842 -0.659343 0
    outer loop
      vertex -30.4505 23.3655 18.3
      vertex -27.1402 27.1402 16.3
      vertex -27.1402 27.1402 18.3
    endloop
  endfacet
  facet normal 0.751842 -0.659343 0
    outer loop
      vertex -27.1402 27.1402 16.3
      vertex -30.4505 23.3655 18.3
      vertex -30.4505 23.3655 16.3
    endloop
  endfacet
  facet normal 0.442299 -0.896868 0
    outer loop
      vertex -19.191 33.2398 16.3
      vertex -14.6882 35.4604 18.3
      vertex -19.191 33.2398 18.3
    endloop
  endfacet
  facet normal 0.442299 -0.896868 0
    outer loop
      vertex -14.6882 35.4604 18.3
      vertex -19.191 33.2398 16.3
      vertex -14.6882 35.4604 16.3
    endloop
  endfacet
  facet normal 0.555569 -0.831471 0
    outer loop
      vertex -23.3655 30.4505 16.3
      vertex -19.191 33.2398 18.3
      vertex -23.3655 30.4505 18.3
    endloop
  endfacet
  facet normal 0.555569 -0.831471 0
    outer loop
      vertex -19.191 33.2398 18.3
      vertex -23.3655 30.4505 16.3
      vertex -19.191 33.2398 16.3
    endloop
  endfacet
  facet normal -0.997857 -0.0654362 0
    outer loop
      vertex 38.1854 3 16.3
      vertex 38.0536 5.00986 18.3
      vertex 38.0536 5.00986 16.3
    endloop
  endfacet
  facet normal -0.997857 -0.0654362 0
    outer loop
      vertex 38.0536 5.00986 18.3
      vertex 38.1854 3 16.3
      vertex 38.1854 3 18.3
    endloop
  endfacet
  facet normal -0.321433 0.946932 0
    outer loop
      vertex 14.6882 -35.4604 16.3
      vertex 9.93399 -37.0742 18.3
      vertex 14.6882 -35.4604 18.3
    endloop
  endfacet
  facet normal -0.321433 0.946932 0
    outer loop
      vertex 9.93399 -37.0742 18.3
      vertex 14.6882 -35.4604 16.3
      vertex 9.93399 -37.0742 16.3
    endloop
  endfacet
  facet normal -0.751842 0.659343 0
    outer loop
      vertex 27.1402 -27.1402 16.3
      vertex 30.4505 -23.3655 18.3
      vertex 30.4505 -23.3655 16.3
    endloop
  endfacet
  facet normal -0.751842 0.659343 0
    outer loop
      vertex 30.4505 -23.3655 18.3
      vertex 27.1402 -27.1402 16.3
      vertex 27.1402 -27.1402 18.3
    endloop
  endfacet
  facet normal -0.659343 0.751842 0
    outer loop
      vertex 27.1402 -27.1402 16.3
      vertex 23.3655 -30.4505 18.3
      vertex 27.1402 -27.1402 18.3
    endloop
  endfacet
  facet normal -0.659343 0.751842 0
    outer loop
      vertex 23.3655 -30.4505 18.3
      vertex 27.1402 -27.1402 16.3
      vertex 23.3655 -30.4505 16.3
    endloop
  endfacet
  facet normal -0.442299 0.896868 0
    outer loop
      vertex 19.191 -33.2398 16.3
      vertex 14.6882 -35.4604 18.3
      vertex 19.191 -33.2398 18.3
    endloop
  endfacet
  facet normal -0.442299 0.896868 0
    outer loop
      vertex 14.6882 -35.4604 18.3
      vertex 19.191 -33.2398 16.3
      vertex 14.6882 -35.4604 16.3
    endloop
  endfacet
  facet normal 0.0654104 0.997858 -0
    outer loop
      vertex 0 -38.382 16.3
      vertex -5.00986 -38.0536 18.3
      vertex 0 -38.382 18.3
    endloop
  endfacet
  facet normal 0.0654104 0.997858 0
    outer loop
      vertex -5.00986 -38.0536 18.3
      vertex 0 -38.382 16.3
      vertex -5.00986 -38.0536 16.3
    endloop
  endfacet
  facet normal 0.442299 0.896868 -0
    outer loop
      vertex -14.6882 -35.4604 16.3
      vertex -19.191 -33.2398 18.3
      vertex -14.6882 -35.4604 18.3
    endloop
  endfacet
  facet normal 0.442299 0.896868 0
    outer loop
      vertex -19.191 -33.2398 18.3
      vertex -14.6882 -35.4604 16.3
      vertex -19.191 -33.2398 16.3
    endloop
  endfacet
  facet normal 0.555569 0.831471 -0
    outer loop
      vertex -19.191 -33.2398 16.3
      vertex -23.3655 -30.4505 18.3
      vertex -19.191 -33.2398 18.3
    endloop
  endfacet
  facet normal 0.555569 0.831471 0
    outer loop
      vertex -23.3655 -30.4505 18.3
      vertex -19.191 -33.2398 16.3
      vertex -23.3655 -30.4505 16.3
    endloop
  endfacet
  facet normal 0.980788 0.195077 0
    outer loop
      vertex -37.0742 -9.93399 18.3
      vertex -38.0536 -5.00986 16.3
      vertex -38.0536 -5.00986 18.3
    endloop
  endfacet
  facet normal 0.980788 0.195077 0
    outer loop
      vertex -38.0536 -5.00986 16.3
      vertex -37.0742 -9.93399 18.3
      vertex -37.0742 -9.93399 16.3
    endloop
  endfacet
  facet normal -0 0 1
    outer loop
      vertex 38.1854 3 16.3
      vertex 39.982 0 16.3
      vertex 39.7854 3 16.3
    endloop
  endfacet
  facet normal 0 0 1
    outer loop
      vertex 39.982 0 16.3
      vertex 38.1854 3 16.3
      vertex 36.882 0 16.3
    endloop
  endfacet
  facet normal 0 -0 1
    outer loop
      vertex 38.1854 -3 16.3
      vertex 39.982 0 16.3
      vertex 36.882 0 16.3
    endloop
  endfacet
  facet normal -0 0 1
    outer loop
      vertex 36.5665 4.81407 16.3
      vertex 38.1854 3 16.3
      vertex 38.0536 5.00986 16.3
    endloop
  endfacet
  facet normal 0 0 1
    outer loop
      vertex 39.982 0 16.3
      vertex 38.1854 -3 16.3
      vertex 39.7854 -3 16.3
    endloop
  endfacet
  facet normal 0 0 1
    outer loop
      vertex 36.5665 4.81407 16.3
      vertex 38.0536 5.00986 16.3
      vertex 37.0742 9.93399 16.3
    endloop
  endfacet
  facet normal 0 0 1
    outer loop
      vertex 36.5665 -4.81407 16.3
      vertex 38.1854 -3 16.3
      vertex 36.882 0 16.3
    endloop
  endfacet
  facet normal 0 0 1
    outer loop
      vertex 38.1854 -3 16.3
      vertex 36.5665 -4.81407 16.3
      vertex 38.0536 -5.00986 16.3
    endloop
  endfacet
  facet normal 0 0 1
    outer loop
      vertex 38.1854 3 16.3
      vertex 36.5665 4.81407 16.3
      vertex 36.882 0 16.3
    endloop
  endfacet
  facet normal 0 0 1
    outer loop
      vertex 37.0742 9.93399 16.3
      vertex 35.6253 9.54577 16.3
      vertex 36.5665 4.81407 16.3
    endloop
  endfacet
  facet normal 0 0 1
    outer loop
      vertex 35.4604 14.6882 16.3
      vertex 35.6253 9.54577 16.3
      vertex 37.0742 9.93399 16.3
    endloop
  endfacet
  facet normal 0 0 1
    outer loop
      vertex 35.4604 14.6882 16.3
      vertex 34.0745 14.1141 16.3
      vertex 35.6253 9.54577 16.3
    endloop
  endfacet
  facet normal 0 0 1
    outer loop
      vertex 33.2398 19.191 16.3
      vertex 34.0745 14.1141 16.3
      vertex 35.4604 14.6882 16.3
    endloop
  endfacet
  facet normal 0 0 1
    outer loop
      vertex 33.2398 19.191 16.3
      vertex 31.9408 18.441 16.3
      vertex 34.0745 14.1141 16.3
    endloop
  endfacet
  facet normal 0 0 1
    outer loop
      vertex 30.4505 23.3655 16.3
      vertex 31.9408 18.441 16.3
      vertex 33.2398 19.191 16.3
    endloop
  endfacet
  facet normal 0 0 1
    outer loop
      vertex 30.4505 23.3655 16.3
      vertex 29.2605 22.4523 16.3
      vertex 31.9408 18.441 16.3
    endloop
  endfacet
  facet normal 0 0 1
    outer loop
      vertex 27.1402 27.1402 16.3
      vertex 29.2605 22.4523 16.3
      vertex 30.4505 23.3655 16.3
    endloop
  endfacet
  facet normal 0 0 1
    outer loop
      vertex 27.1402 27.1402 16.3
      vertex 26.0795 26.0795 16.3
      vertex 29.2605 22.4523 16.3
    endloop
  endfacet
  facet normal 0 0 1
    outer loop
      vertex 23.3655 30.4505 16.3
      vertex 26.0795 26.0795 16.3
      vertex 27.1402 27.1402 16.3
    endloop
  endfacet
  facet normal 0 0 1
    outer loop
      vertex 23.3655 30.4505 16.3
      vertex 22.4523 29.2605 16.3
      vertex 26.0795 26.0795 16.3
    endloop
  endfacet
  facet normal 0 0 1
    outer loop
      vertex 19.191 33.2398 16.3
      vertex 22.4523 29.2605 16.3
      vertex 23.3655 30.4505 16.3
    endloop
  endfacet
  facet normal 0 0 1
    outer loop
      vertex 19.191 33.2398 16.3
      vertex 18.441 31.9408 16.3
      vertex 22.4523 29.2605 16.3
    endloop
  endfacet
  facet normal 0 0 1
    outer loop
      vertex 14.6882 35.4604 16.3
      vertex 18.441 31.9408 16.3
      vertex 19.191 33.2398 16.3
    endloop
  endfacet
  facet normal 0 0 1
    outer loop
      vertex 14.6882 35.4604 16.3
      vertex 14.1141 34.0745 16.3
      vertex 18.441 31.9408 16.3
    endloop
  endfacet
  facet normal 0 0 1
    outer loop
      vertex 9.93399 37.0742 16.3
      vertex 14.1141 34.0745 16.3
      vertex 14.6882 35.4604 16.3
    endloop
  endfacet
  facet normal 0 0 1
    outer loop
      vertex 9.93399 37.0742 16.3
      vertex 9.54577 35.6253 16.3
      vertex 14.1141 34.0745 16.3
    endloop
  endfacet
  facet normal 0 0 1
    outer loop
      vertex 5.00986 38.0536 16.3
      vertex 9.54577 35.6253 16.3
      vertex 9.93399 37.0742 16.3
    endloop
  endfacet
  facet normal 0 0 1
    outer loop
      vertex 5.00986 38.0536 16.3
      vertex 4.81407 36.5665 16.3
      vertex 9.54577 35.6253 16.3
    endloop
  endfacet
  facet normal 0 0 1
    outer loop
      vertex 0 38.382 16.3
      vertex 4.81407 36.5665 16.3
      vertex 5.00986 38.0536 16.3
    endloop
  endfacet
  facet normal 0 0 1
    outer loop
      vertex 0 38.382 16.3
      vertex 0 36.882 16.3
      vertex 4.81407 36.5665 16.3
    endloop
  endfacet
  facet normal 0 0 1
    outer loop
      vertex 0 38.382 16.3
      vertex -4.81407 36.5665 16.3
      vertex 0 36.882 16.3
    endloop
  endfacet
  facet normal -0 0 1
    outer loop
      vertex -5.00986 38.0536 16.3
      vertex -4.81407 36.5665 16.3
      vertex 0 38.382 16.3
    endloop
  endfacet
  facet normal 0 0 1
    outer loop
      vertex -5.00986 38.0536 16.3
      vertex -9.54577 35.6253 16.3
      vertex -4.81407 36.5665 16.3
    endloop
  endfacet
  facet normal -0 0 1
    outer loop
      vertex -9.93399 37.0742 16.3
      vertex -9.54577 35.6253 16.3
      vertex -5.00986 38.0536 16.3
    endloop
  endfacet
  facet normal 0 0 1
    outer loop
      vertex -9.93399 37.0742 16.3
      vertex -14.1141 34.0745 16.3
      vertex -9.54577 35.6253 16.3
    endloop
  endfacet
  facet normal -0 0 1
    outer loop
      vertex -14.6882 35.4604 16.3
      vertex -14.1141 34.0745 16.3
      vertex -9.93399 37.0742 16.3
    endloop
  endfacet
  facet normal 0 0 1
    outer loop
      vertex -14.6882 35.4604 16.3
      vertex -18.441 31.9408 16.3
      vertex -14.1141 34.0745 16.3
    endloop
  endfacet
  facet normal -0 0 1
    outer loop
      vertex -19.191 33.2398 16.3
      vertex -18.441 31.9408 16.3
      vertex -14.6882 35.4604 16.3
    endloop
  endfacet
  facet normal 0 0 1
    outer loop
      vertex -19.191 33.2398 16.3
      vertex -22.4523 29.2605 16.3
      vertex -18.441 31.9408 16.3
    endloop
  endfacet
  facet normal -0 0 1
    outer loop
      vertex -23.3655 30.4505 16.3
      vertex -22.4523 29.2605 16.3
      vertex -19.191 33.2398 16.3
    endloop
  endfacet
  facet normal 0 0 1
    outer loop
      vertex -23.3655 30.4505 16.3
      vertex -26.0795 26.0795 16.3
      vertex -22.4523 29.2605 16.3
    endloop
  endfacet
  facet normal -0 0 1
    outer loop
      vertex -27.1402 27.1402 16.3
      vertex -26.0795 26.0795 16.3
      vertex -23.3655 30.4505 16.3
    endloop
  endfacet
  facet normal 0 0 1
    outer loop
      vertex -27.1402 27.1402 16.3
      vertex -29.2605 22.4523 16.3
      vertex -26.0795 26.0795 16.3
    endloop
  endfacet
  facet normal -0 0 1
    outer loop
      vertex -30.4505 23.3655 16.3
      vertex -29.2605 22.4523 16.3
      vertex -27.1402 27.1402 16.3
    endloop
  endfacet
  facet normal 0 0 1
    outer loop
      vertex -30.4505 23.3655 16.3
      vertex -31.9408 18.441 16.3
      vertex -29.2605 22.4523 16.3
    endloop
  endfacet
  facet normal -0 0 1
    outer loop
      vertex -33.2398 19.191 16.3
      vertex -31.9408 18.441 16.3
      vertex -30.4505 23.3655 16.3
    endloop
  endfacet
  facet normal 0 0 1
    outer loop
      vertex -33.2398 19.191 16.3
      vertex -34.0745 14.1141 16.3
      vertex -31.9408 18.441 16.3
    endloop
  endfacet
  facet normal -0 0 1
    outer loop
      vertex -35.4604 14.6882 16.3
      vertex -34.0745 14.1141 16.3
      vertex -33.2398 19.191 16.3
    endloop
  endfacet
  facet normal 0 0 1
    outer loop
      vertex -35.4604 14.6882 16.3
      vertex -35.6253 9.54577 16.3
      vertex -34.0745 14.1141 16.3
    endloop
  endfacet
  facet normal -0 0 1
    outer loop
      vertex -37.0742 9.93399 16.3
      vertex -35.6253 9.54577 16.3
      vertex -35.4604 14.6882 16.3
    endloop
  endfacet
  facet normal -0 0 1
    outer loop
      vertex -38.0536 5.00986 16.3
      vertex -36.5665 4.81407 16.3
      vertex -37.0742 9.93399 16.3
    endloop
  endfacet
  facet normal 0 0 1
    outer loop
      vertex -35.6253 9.54577 16.3
      vertex -37.0742 9.93399 16.3
      vertex -36.5665 4.81407 16.3
    endloop
  endfacet
  facet normal 0 0 1
    outer loop
      vertex 38.0536 -5.00986 16.3
      vertex 36.5665 -4.81407 16.3
      vertex 37.0742 -9.93399 16.3
    endloop
  endfacet
  facet normal -0 0 1
    outer loop
      vertex 35.6253 -9.54577 16.3
      vertex 37.0742 -9.93399 16.3
      vertex 36.5665 -4.81407 16.3
    endloop
  endfacet
  facet normal 0 0 1
    outer loop
      vertex 35.6253 -9.54577 16.3
      vertex 35.4604 -14.6882 16.3
      vertex 37.0742 -9.93399 16.3
    endloop
  endfacet
  facet normal -0 0 1
    outer loop
      vertex 34.0745 -14.1141 16.3
      vertex 35.4604 -14.6882 16.3
      vertex 35.6253 -9.54577 16.3
    endloop
  endfacet
  facet normal 0 0 1
    outer loop
      vertex 34.0745 -14.1141 16.3
      vertex 33.2398 -19.191 16.3
      vertex 35.4604 -14.6882 16.3
    endloop
  endfacet
  facet normal -0 0 1
    outer loop
      vertex 31.9408 -18.441 16.3
      vertex 33.2398 -19.191 16.3
      vertex 34.0745 -14.1141 16.3
    endloop
  endfacet
  facet normal 0 0 1
    outer loop
      vertex 31.9408 -18.441 16.3
      vertex 30.4505 -23.3655 16.3
      vertex 33.2398 -19.191 16.3
    endloop
  endfacet
  facet normal -0 0 1
    outer loop
      vertex 29.2605 -22.4523 16.3
      vertex 30.4505 -23.3655 16.3
      vertex 31.9408 -18.441 16.3
    endloop
  endfacet
  facet normal 0 0 1
    outer loop
      vertex 29.2605 -22.4523 16.3
      vertex 27.1402 -27.1402 16.3
      vertex 30.4505 -23.3655 16.3
    endloop
  endfacet
  facet normal -0 0 1
    outer loop
      vertex 26.0795 -26.0795 16.3
      vertex 27.1402 -27.1402 16.3
      vertex 29.2605 -22.4523 16.3
    endloop
  endfacet
  facet normal 0 0 1
    outer loop
      vertex 26.0795 -26.0795 16.3
      vertex 23.3655 -30.4505 16.3
      vertex 27.1402 -27.1402 16.3
    endloop
  endfacet
  facet normal -0 0 1
    outer loop
      vertex 22.4523 -29.2605 16.3
      vertex 23.3655 -30.4505 16.3
      vertex 26.0795 -26.0795 16.3
    endloop
  endfacet
  facet normal 0 0 1
    outer loop
      vertex 22.4523 -29.2605 16.3
      vertex 19.191 -33.2398 16.3
      vertex 23.3655 -30.4505 16.3
    endloop
  endfacet
  facet normal -0 0 1
    outer loop
      vertex 18.441 -31.9408 16.3
      vertex 19.191 -33.2398 16.3
      vertex 22.4523 -29.2605 16.3
    endloop
  endfacet
  facet normal 0 0 1
    outer loop
      vertex 18.441 -31.9408 16.3
      vertex 14.6882 -35.4604 16.3
      vertex 19.191 -33.2398 16.3
    endloop
  endfacet
  facet normal -0 0 1
    outer loop
      vertex 14.1141 -34.0745 16.3
      vertex 14.6882 -35.4604 16.3
      vertex 18.441 -31.9408 16.3
    endloop
  endfacet
  facet normal 0 0 1
    outer loop
      vertex 14.1141 -34.0745 16.3
      vertex 9.93399 -37.0742 16.3
      vertex 14.6882 -35.4604 16.3
    endloop
  endfacet
  facet normal -0 0 1
    outer loop
      vertex 9.54577 -35.6253 16.3
      vertex 9.93399 -37.0742 16.3
      vertex 14.1141 -34.0745 16.3
    endloop
  endfacet
  facet normal 0 0 1
    outer loop
      vertex 9.54577 -35.6253 16.3
      vertex 5.00986 -38.0536 16.3
      vertex 9.93399 -37.0742 16.3
    endloop
  endfacet
  facet normal -0 0 1
    outer loop
      vertex 4.81407 -36.5665 16.3
      vertex 5.00986 -38.0536 16.3
      vertex 9.54577 -35.6253 16.3
    endloop
  endfacet
  facet normal -0 0 1
    outer loop
      vertex 0 -36.882 16.3
      vertex 5.00986 -38.0536 16.3
      vertex 4.81407 -36.5665 16.3
    endloop
  endfacet
  facet normal 0 0 1
    outer loop
      vertex 0 -36.882 16.3
      vertex 0 -38.382 16.3
      vertex 5.00986 -38.0536 16.3
    endloop
  endfacet
  facet normal 0 0 1
    outer loop
      vertex -4.81407 -36.5665 16.3
      vertex 0 -38.382 16.3
      vertex 0 -36.882 16.3
    endloop
  endfacet
  facet normal 0 0 1
    outer loop
      vertex -4.81407 -36.5665 16.3
      vertex -5.00986 -38.0536 16.3
      vertex 0 -38.382 16.3
    endloop
  endfacet
  facet normal 0 0 1
    outer loop
      vertex -9.54577 -35.6253 16.3
      vertex -5.00986 -38.0536 16.3
      vertex -4.81407 -36.5665 16.3
    endloop
  endfacet
  facet normal 0 0 1
    outer loop
      vertex -9.54577 -35.6253 16.3
      vertex -9.93399 -37.0742 16.3
      vertex -5.00986 -38.0536 16.3
    endloop
  endfacet
  facet normal 0 0 1
    outer loop
      vertex -14.1141 -34.0745 16.3
      vertex -9.93399 -37.0742 16.3
      vertex -9.54577 -35.6253 16.3
    endloop
  endfacet
  facet normal 0 0 1
    outer loop
      vertex -14.1141 -34.0745 16.3
      vertex -14.6882 -35.4604 16.3
      vertex -9.93399 -37.0742 16.3
    endloop
  endfacet
  facet normal 0 0 1
    outer loop
      vertex -18.441 -31.9408 16.3
      vertex -14.6882 -35.4604 16.3
      vertex -14.1141 -34.0745 16.3
    endloop
  endfacet
  facet normal 0 0 1
    outer loop
      vertex -18.441 -31.9408 16.3
      vertex -19.191 -33.2398 16.3
      vertex -14.6882 -35.4604 16.3
    endloop
  endfacet
  facet normal 0 0 1
    outer loop
      vertex -22.4523 -29.2605 16.3
      vertex -19.191 -33.2398 16.3
      vertex -18.441 -31.9408 16.3
    endloop
  endfacet
  facet normal 0 0 1
    outer loop
      vertex -22.4523 -29.2605 16.3
      vertex -23.3655 -30.4505 16.3
      vertex -19.191 -33.2398 16.3
    endloop
  endfacet
  facet normal 0 0 1
    outer loop
      vertex -26.0795 -26.0795 16.3
      vertex -23.3655 -30.4505 16.3
      vertex -22.4523 -29.2605 16.3
    endloop
  endfacet
  facet normal 0 0 1
    outer loop
      vertex -26.0795 -26.0795 16.3
      vertex -27.1402 -27.1402 16.3
      vertex -23.3655 -30.4505 16.3
    endloop
  endfacet
  facet normal 0 0 1
    outer loop
      vertex -29.2605 -22.4523 16.3
      vertex -27.1402 -27.1402 16.3
      vertex -26.0795 -26.0795 16.3
    endloop
  endfacet
  facet normal 0 0 1
    outer loop
      vertex -29.2605 -22.4523 16.3
      vertex -30.4505 -23.3655 16.3
      vertex -27.1402 -27.1402 16.3
    endloop
  endfacet
  facet normal 0 0 1
    outer loop
      vertex -31.9408 -18.441 16.3
      vertex -30.4505 -23.3655 16.3
      vertex -29.2605 -22.4523 16.3
    endloop
  endfacet
  facet normal 0 0 1
    outer loop
      vertex -31.9408 -18.441 16.3
      vertex -33.2398 -19.191 16.3
      vertex -30.4505 -23.3655 16.3
    endloop
  endfacet
  facet normal 0 0 1
    outer loop
      vertex -34.0745 -14.1141 16.3
      vertex -33.2398 -19.191 16.3
      vertex -31.9408 -18.441 16.3
    endloop
  endfacet
  facet normal 0 0 1
    outer loop
      vertex -34.0745 -14.1141 16.3
      vertex -35.4604 -14.6882 16.3
      vertex -33.2398 -19.191 16.3
    endloop
  endfacet
  facet normal 0 0 1
    outer loop
      vertex -35.6253 -9.54577 16.3
      vertex -35.4604 -14.6882 16.3
      vertex -34.0745 -14.1141 16.3
    endloop
  endfacet
  facet normal 0 0 1
    outer loop
      vertex -37.0742 -9.93399 16.3
      vertex -35.6253 -9.54577 16.3
      vertex -36.5665 -4.81407 16.3
    endloop
  endfacet
  facet normal 0 0 1
    outer loop
      vertex -35.6253 -9.54577 16.3
      vertex -37.0742 -9.93399 16.3
      vertex -35.4604 -14.6882 16.3
    endloop
  endfacet
  facet normal 0 0 1
    outer loop
      vertex -38.0536 -5.00986 16.3
      vertex -36.5665 -4.81407 16.3
      vertex -36.882 0 16.3
    endloop
  endfacet
  facet normal 0 0 1
    outer loop
      vertex -36.5665 4.81407 16.3
      vertex -38.0536 5.00986 16.3
      vertex -36.882 0 16.3
    endloop
  endfacet
  facet normal 0 0 1
    outer loop
      vertex -38.382 0 16.3
      vertex -36.882 0 16.3
      vertex -38.0536 5.00986 16.3
    endloop
  endfacet
  facet normal 0 0 1
    outer loop
      vertex -36.5665 -4.81407 16.3
      vertex -38.0536 -5.00986 16.3
      vertex -37.0742 -9.93399 16.3
    endloop
  endfacet
  facet normal 0 0 1
    outer loop
      vertex -36.882 0 16.3
      vertex -38.382 0 16.3
      vertex -38.0536 -5.00986 16.3
    endloop
  endfacet
  facet normal -0.980788 -0.195077 0
    outer loop
      vertex 38.0536 5.00986 16.3
      vertex 37.0742 9.93399 18.3
      vertex 37.0742 9.93399 16.3
    endloop
  endfacet
  facet normal -0.980788 -0.195077 0
    outer loop
      vertex 37.0742 9.93399 18.3
      vertex 38.0536 5.00986 16.3
      vertex 38.0536 5.00986 18.3
    endloop
  endfacet
  facet normal -0.896868 -0.442299 0
    outer loop
      vertex 35.4604 14.6882 16.3
      vertex 33.2398 19.191 18.3
      vertex 33.2398 19.191 16.3
    endloop
  endfacet
  facet normal -0.896868 -0.442299 0
    outer loop
      vertex 33.2398 19.191 18.3
      vertex 35.4604 14.6882 16.3
      vertex 35.4604 14.6882 18.3
    endloop
  endfacet
  facet normal -0.0654104 -0.997858 0
    outer loop
      vertex 0 38.382 16.3
      vertex 5.00986 38.0536 18.3
      vertex 0 38.382 18.3
    endloop
  endfacet
  facet normal -0.0654104 -0.997858 -0
    outer loop
      vertex 5.00986 38.0536 18.3
      vertex 0 38.382 16.3
      vertex 5.00986 38.0536 16.3
    endloop
  endfacet
  facet normal 0.997858 -0.0654104 0
    outer loop
      vertex -38.382 0 18.3
      vertex -38.0536 5.00986 16.3
      vertex -38.0536 5.00986 18.3
    endloop
  endfacet
  facet normal 0.997858 -0.0654104 0
    outer loop
      vertex -38.0536 5.00986 16.3
      vertex -38.382 0 18.3
      vertex -38.382 0 16.3
    endloop
  endfacet
  facet normal 0.831471 -0.555569 0
    outer loop
      vertex -33.2398 19.191 18.3
      vertex -30.4505 23.3655 16.3
      vertex -30.4505 23.3655 18.3
    endloop
  endfacet
  facet normal 0.831471 -0.555569 0
    outer loop
      vertex -30.4505 23.3655 16.3
      vertex -33.2398 19.191 18.3
      vertex -33.2398 19.191 16.3
    endloop
  endfacet
  facet normal 0.0654104 -0.997858 0
    outer loop
      vertex -5.00986 38.0536 16.3
      vertex 0 38.382 18.3
      vertex -5.00986 38.0536 18.3
    endloop
  endfacet
  facet normal 0.0654104 -0.997858 0
    outer loop
      vertex 0 38.382 18.3
      vertex -5.00986 38.0536 16.3
      vertex 0 38.382 16.3
    endloop
  endfacet
  facet normal 0.195077 -0.980788 0
    outer loop
      vertex -9.93399 37.0742 16.3
      vertex -5.00986 38.0536 18.3
      vertex -9.93399 37.0742 18.3
    endloop
  endfacet
  facet normal 0.195077 -0.980788 0
    outer loop
      vertex -5.00986 38.0536 18.3
      vertex -9.93399 37.0742 16.3
      vertex -5.00986 38.0536 16.3
    endloop
  endfacet
  facet normal 0.659343 -0.751842 0
    outer loop
      vertex -27.1402 27.1402 16.3
      vertex -23.3655 30.4505 18.3
      vertex -27.1402 27.1402 18.3
    endloop
  endfacet
  facet normal 0.659343 -0.751842 0
    outer loop
      vertex -23.3655 30.4505 18.3
      vertex -27.1402 27.1402 16.3
      vertex -23.3655 30.4505 16.3
    endloop
  endfacet
  facet normal -0.0654104 0.997858 0
    outer loop
      vertex 5.00986 -38.0536 16.3
      vertex 0 -38.382 18.3
      vertex 5.00986 -38.0536 18.3
    endloop
  endfacet
  facet normal -0.0654104 0.997858 0
    outer loop
      vertex 0 -38.382 18.3
      vertex 5.00986 -38.0536 16.3
      vertex 0 -38.382 16.3
    endloop
  endfacet
  facet normal -0.980788 0.195077 0
    outer loop
      vertex 37.0742 -9.93399 16.3
      vertex 38.0536 -5.00986 18.3
      vertex 38.0536 -5.00986 16.3
    endloop
  endfacet
  facet normal -0.980788 0.195077 0
    outer loop
      vertex 38.0536 -5.00986 18.3
      vertex 37.0742 -9.93399 16.3
      vertex 37.0742 -9.93399 18.3
    endloop
  endfacet
  facet normal -0.195077 0.980788 0
    outer loop
      vertex 9.93399 -37.0742 16.3
      vertex 5.00986 -38.0536 18.3
      vertex 9.93399 -37.0742 18.3
    endloop
  endfacet
  facet normal -0.195077 0.980788 0
    outer loop
      vertex 5.00986 -38.0536 18.3
      vertex 9.93399 -37.0742 16.3
      vertex 5.00986 -38.0536 16.3
    endloop
  endfacet
  facet normal -0.555569 0.831471 0
    outer loop
      vertex 23.3655 -30.4505 16.3
      vertex 19.191 -33.2398 18.3
      vertex 23.3655 -30.4505 18.3
    endloop
  endfacet
  facet normal -0.555569 0.831471 0
    outer loop
      vertex 19.191 -33.2398 18.3
      vertex 23.3655 -30.4505 16.3
      vertex 19.191 -33.2398 16.3
    endloop
  endfacet
  facet normal 0.195077 0.980788 -0
    outer loop
      vertex -5.00986 -38.0536 16.3
      vertex -9.93399 -37.0742 18.3
      vertex -5.00986 -38.0536 18.3
    endloop
  endfacet
  facet normal 0.195077 0.980788 0
    outer loop
      vertex -9.93399 -37.0742 18.3
      vertex -5.00986 -38.0536 16.3
      vertex -9.93399 -37.0742 16.3
    endloop
  endfacet
  facet normal 0.659343 0.751842 -0
    outer loop
      vertex -23.3655 -30.4505 16.3
      vertex -27.1402 -27.1402 18.3
      vertex -23.3655 -30.4505 18.3
    endloop
  endfacet
  facet normal 0.659343 0.751842 0
    outer loop
      vertex -27.1402 -27.1402 18.3
      vertex -23.3655 -30.4505 16.3
      vertex -27.1402 -27.1402 16.3
    endloop
  endfacet
  facet normal 0.946932 0.321433 0
    outer loop
      vertex -35.4604 -14.6882 18.3
      vertex -37.0742 -9.93399 16.3
      vertex -37.0742 -9.93399 18.3
    endloop
  endfacet
  facet normal 0.946932 0.321433 0
    outer loop
      vertex -37.0742 -9.93399 16.3
      vertex -35.4604 -14.6882 18.3
      vertex -35.4604 -14.6882 16.3
    endloop
  endfacet
  facet normal 0.997858 0.0654104 0
    outer loop
      vertex -38.0536 -5.00986 18.3
      vertex -38.382 0 16.3
      vertex -38.382 0 18.3
    endloop
  endfacet
  facet normal 0.997858 0.0654104 0
    outer loop
      vertex -38.382 0 16.3
      vertex -38.0536 -5.00986 18.3
      vertex -38.0536 -5.00986 16.3
    endloop
  endfacet
  facet normal 0.831471 0.555569 0
    outer loop
      vertex -30.4505 -23.3655 18.3
      vertex -33.2398 -19.191 16.3
      vertex -33.2398 -19.191 18.3
    endloop
  endfacet
  facet normal 0.831471 0.555569 0
    outer loop
      vertex -33.2398 -19.191 16.3
      vertex -30.4505 -23.3655 18.3
      vertex -30.4505 -23.3655 16.3
    endloop
  endfacet
  facet normal 0.751842 0.659343 0
    outer loop
      vertex -27.1402 -27.1402 18.3
      vertex -30.4505 -23.3655 16.3
      vertex -30.4505 -23.3655 18.3
    endloop
  endfacet
  facet normal 0.751842 0.659343 0
    outer loop
      vertex -30.4505 -23.3655 16.3
      vertex -27.1402 -27.1402 18.3
      vertex -27.1402 -27.1402 16.3
    endloop
  endfacet
  facet normal -0.195077 -0.980788 0
    outer loop
      vertex 5.00986 38.0536 16.3
      vertex 9.93399 37.0742 18.3
      vertex 5.00986 38.0536 18.3
    endloop
  endfacet
  facet normal -0.195077 -0.980788 -0
    outer loop
      vertex 9.93399 37.0742 18.3
      vertex 5.00986 38.0536 16.3
      vertex 9.93399 37.0742 16.3
    endloop
  endfacet
  facet normal 0.980788 -0.195077 0
    outer loop
      vertex -38.0536 5.00986 18.3
      vertex -37.0742 9.93399 16.3
      vertex -37.0742 9.93399 18.3
    endloop
  endfacet
  facet normal 0.980788 -0.195077 0
    outer loop
      vertex -37.0742 9.93399 16.3
      vertex -38.0536 5.00986 18.3
      vertex -38.0536 5.00986 16.3
    endloop
  endfacet
  facet normal -0.896868 0.442299 0
    outer loop
      vertex 33.2398 -19.191 16.3
      vertex 35.4604 -14.6882 18.3
      vertex 35.4604 -14.6882 16.3
    endloop
  endfacet
  facet normal -0.896868 0.442299 0
    outer loop
      vertex 35.4604 -14.6882 18.3
      vertex 33.2398 -19.191 16.3
      vertex 33.2398 -19.191 18.3
    endloop
  endfacet
  facet normal -0.831471 0.555569 0
    outer loop
      vertex 30.4505 -23.3655 16.3
      vertex 33.2398 -19.191 18.3
      vertex 33.2398 -19.191 16.3
    endloop
  endfacet
  facet normal -0.831471 0.555569 0
    outer loop
      vertex 33.2398 -19.191 18.3
      vertex 30.4505 -23.3655 16.3
      vertex 30.4505 -23.3655 18.3
    endloop
  endfacet
  facet normal -0.946932 0.321433 0
    outer loop
      vertex 35.4604 -14.6882 16.3
      vertex 37.0742 -9.93399 18.3
      vertex 37.0742 -9.93399 16.3
    endloop
  endfacet
  facet normal -0.946932 0.321433 0
    outer loop
      vertex 37.0742 -9.93399 18.3
      vertex 35.4604 -14.6882 16.3
      vertex 35.4604 -14.6882 18.3
    endloop
  endfacet
  facet normal -0.831468 -0.555572 0
    outer loop
      vertex 4.58993 2.65 0
      vertex 4.20477 3.22643 5
      vertex 4.20477 3.22643 0
    endloop
  endfacet
  facet normal -0.831468 -0.555572 0
    outer loop
      vertex 4.20477 3.22643 5
      vertex 4.58993 2.65 0
      vertex 4.58993 2.65 5
    endloop
  endfacet
  facet normal -0.321446 -0.946928 0
    outer loop
      vertex 1.37174 5.11941 0
      vertex 2.02822 4.89656 5
      vertex 1.37174 5.11941 5
    endloop
  endfacet
  facet normal -0.321446 -0.946928 -0
    outer loop
      vertex 2.02822 4.89656 5
      vertex 1.37174 5.11941 0
      vertex 2.02822 4.89656 0
    endloop
  endfacet
  facet normal 0.442291 -0.896872 0
    outer loop
      vertex -2.65 4.58993 0
      vertex -2.02822 4.89656 5
      vertex -2.65 4.58993 5
    endloop
  endfacet
  facet normal 0.442291 -0.896872 0
    outer loop
      vertex -2.02822 4.89656 5
      vertex -2.65 4.58993 0
      vertex -2.02822 4.89656 0
    endloop
  endfacet
  facet normal 0.896872 -0.442291 0
    outer loop
      vertex -4.89656 2.02822 5
      vertex -4.58993 2.65 0
      vertex -4.58993 2.65 5
    endloop
  endfacet
  facet normal 0.896872 -0.442291 0
    outer loop
      vertex -4.58993 2.65 0
      vertex -4.89656 2.02822 5
      vertex -4.89656 2.02822 0
    endloop
  endfacet
  facet normal -0.442291 0.896872 0
    outer loop
      vertex 2.65 -4.58993 0
      vertex 2.02822 -4.89656 5
      vertex 2.65 -4.58993 5
    endloop
  endfacet
  facet normal -0.442291 0.896872 0
    outer loop
      vertex 2.02822 -4.89656 5
      vertex 2.65 -4.58993 0
      vertex 2.02822 -4.89656 0
    endloop
  endfacet
  facet normal -0.980785 -0.195089 0
    outer loop
      vertex 5.25466 0.691789 0
      vertex 5.11941 1.37174 5
      vertex 5.11941 1.37174 0
    endloop
  endfacet
  facet normal -0.980785 -0.195089 0
    outer loop
      vertex 5.11941 1.37174 5
      vertex 5.25466 0.691789 0
      vertex 5.25466 0.691789 5
    endloop
  endfacet
  facet normal -0.659333 -0.751851 0
    outer loop
      vertex 3.22643 4.20477 0
      vertex 3.74767 3.74767 5
      vertex 3.22643 4.20477 5
    endloop
  endfacet
  facet normal -0.659333 -0.751851 -0
    outer loop
      vertex 3.74767 3.74767 5
      vertex 3.22643 4.20477 0
      vertex 3.74767 3.74767 0
    endloop
  endfacet
  facet normal -0.555572 -0.831468 0
    outer loop
      vertex 2.65 4.58993 0
      vertex 3.22643 4.20477 5
      vertex 2.65 4.58993 5
    endloop
  endfacet
  facet normal -0.555572 -0.831468 -0
    outer loop
      vertex 3.22643 4.20477 5
      vertex 2.65 4.58993 0
      vertex 3.22643 4.20477 0
    endloop
  endfacet
  facet normal 0.997859 -0.0653999 0
    outer loop
      vertex -5.3 0 5
      vertex -5.25466 0.691789 0
      vertex -5.25466 0.691789 5
    endloop
  endfacet
  facet normal 0.997859 -0.0653999 0
    outer loop
      vertex -5.25466 0.691789 0
      vertex -5.3 0 5
      vertex -5.3 0 0
    endloop
  endfacet
  facet normal 0.980785 -0.195089 0
    outer loop
      vertex -5.25466 0.691789 5
      vertex -5.11941 1.37174 0
      vertex -5.11941 1.37174 5
    endloop
  endfacet
  facet normal 0.980785 -0.195089 0
    outer loop
      vertex -5.11941 1.37174 0
      vertex -5.25466 0.691789 5
      vertex -5.25466 0.691789 0
    endloop
  endfacet
  facet normal 0.751851 -0.659333 0
    outer loop
      vertex -4.20477 3.22643 5
      vertex -3.74767 3.74767 0
      vertex -3.74767 3.74767 5
    endloop
  endfacet
  facet normal 0.751851 -0.659333 0
    outer loop
      vertex -3.74767 3.74767 0
      vertex -4.20477 3.22643 5
      vertex -4.20477 3.22643 0
    endloop
  endfacet
  facet normal 0.555572 -0.831468 0
    outer loop
      vertex -3.22643 4.20477 0
      vertex -2.65 4.58993 5
      vertex -3.22643 4.20477 5
    endloop
  endfacet
  facet normal 0.555572 -0.831468 0
    outer loop
      vertex -2.65 4.58993 5
      vertex -3.22643 4.20477 0
      vertex -2.65 4.58993 0
    endloop
  endfacet
  facet normal 0.195089 -0.980785 0
    outer loop
      vertex -1.37174 5.11941 0
      vertex -0.691789 5.25466 5
      vertex -1.37174 5.11941 5
    endloop
  endfacet
  facet normal 0.195089 -0.980785 0
    outer loop
      vertex -0.691789 5.25466 5
      vertex -1.37174 5.11941 0
      vertex -0.691789 5.25466 0
    endloop
  endfacet
  facet normal 0.659333 -0.751851 0
    outer loop
      vertex -3.74767 3.74767 0
      vertex -3.22643 4.20477 5
      vertex -3.74767 3.74767 5
    endloop
  endfacet
  facet normal 0.659333 -0.751851 0
    outer loop
      vertex -3.22643 4.20477 5
      vertex -3.74767 3.74767 0
      vertex -3.22643 4.20477 0
    endloop
  endfacet
  facet normal -0.980785 0.195089 0
    outer loop
      vertex 5.11941 -1.37174 0
      vertex 5.25466 -0.691789 5
      vertex 5.25466 -0.691789 0
    endloop
  endfacet
  facet normal -0.980785 0.195089 0
    outer loop
      vertex 5.25466 -0.691789 5
      vertex 5.11941 -1.37174 0
      vertex 5.11941 -1.37174 5
    endloop
  endfacet
  facet normal 0.0653999 0.997859 -0
    outer loop
      vertex 0 -5.3 0
      vertex -0.691789 -5.25466 5
      vertex 0 -5.3 5
    endloop
  endfacet
  facet normal 0.0653999 0.997859 0
    outer loop
      vertex -0.691789 -5.25466 5
      vertex 0 -5.3 0
      vertex -0.691789 -5.25466 0
    endloop
  endfacet
  facet normal -0.321446 0.946928 0
    outer loop
      vertex 2.02822 -4.89656 0
      vertex 1.37174 -5.11941 5
      vertex 2.02822 -4.89656 5
    endloop
  endfacet
  facet normal -0.321446 0.946928 0
    outer loop
      vertex 1.37174 -5.11941 5
      vertex 2.02822 -4.89656 0
      vertex 1.37174 -5.11941 0
    endloop
  endfacet
  facet normal -0.751851 -0.659333 0
    outer loop
      vertex 4.20477 3.22643 0
      vertex 3.74767 3.74767 5
      vertex 3.74767 3.74767 0
    endloop
  endfacet
  facet normal -0.751851 -0.659333 0
    outer loop
      vertex 3.74767 3.74767 5
      vertex 4.20477 3.22643 0
      vertex 4.20477 3.22643 5
    endloop
  endfacet
  facet normal 0.0653999 -0.997859 0
    outer loop
      vertex -0.691789 5.25466 0
      vertex 0 5.3 5
      vertex -0.691789 5.25466 5
    endloop
  endfacet
  facet normal 0.0653999 -0.997859 0
    outer loop
      vertex 0 5.3 5
      vertex -0.691789 5.25466 0
      vertex 0 5.3 0
    endloop
  endfacet
  facet normal -0.195089 -0.980785 0
    outer loop
      vertex 0.691789 5.25466 0
      vertex 1.37174 5.11941 5
      vertex 0.691789 5.25466 5
    endloop
  endfacet
  facet normal -0.195089 -0.980785 -0
    outer loop
      vertex 1.37174 5.11941 5
      vertex 0.691789 5.25466 0
      vertex 1.37174 5.11941 0
    endloop
  endfacet
  facet normal 0.831468 -0.555572 0
    outer loop
      vertex -4.58993 2.65 5
      vertex -4.20477 3.22643 0
      vertex -4.20477 3.22643 5
    endloop
  endfacet
  facet normal 0.831468 -0.555572 0
    outer loop
      vertex -4.20477 3.22643 0
      vertex -4.58993 2.65 5
      vertex -4.58993 2.65 0
    endloop
  endfacet
  facet normal -0.997859 -0.0653999 0
    outer loop
      vertex 5.3 0 0
      vertex 5.25466 0.691789 5
      vertex 5.25466 0.691789 0
    endloop
  endfacet
  facet normal -0.997859 -0.0653999 0
    outer loop
      vertex 5.25466 0.691789 5
      vertex 5.3 0 0
      vertex 5.3 0 5
    endloop
  endfacet
  facet normal -0.997859 0.0653999 0
    outer loop
      vertex 5.25466 -0.691789 0
      vertex 5.3 0 5
      vertex 5.3 0 0
    endloop
  endfacet
  facet normal -0.997859 0.0653999 0
    outer loop
      vertex 5.3 0 5
      vertex 5.25466 -0.691789 0
      vertex 5.25466 -0.691789 5
    endloop
  endfacet
  facet normal 0.195089 0.980785 -0
    outer loop
      vertex -0.691789 -5.25466 0
      vertex -1.37174 -5.11941 5
      vertex -0.691789 -5.25466 5
    endloop
  endfacet
  facet normal 0.195089 0.980785 0
    outer loop
      vertex -1.37174 -5.11941 5
      vertex -0.691789 -5.25466 0
      vertex -1.37174 -5.11941 0
    endloop
  endfacet
  facet normal 0.997859 0.0653999 0
    outer loop
      vertex -5.25466 -0.691789 5
      vertex -5.3 0 0
      vertex -5.3 0 5
    endloop
  endfacet
  facet normal 0.997859 0.0653999 0
    outer loop
      vertex -5.3 0 0
      vertex -5.25466 -0.691789 5
      vertex -5.25466 -0.691789 0
    endloop
  endfacet
  facet normal 0.980785 0.195089 0
    outer loop
      vertex -5.11941 -1.37174 5
      vertex -5.25466 -0.691789 0
      vertex -5.25466 -0.691789 5
    endloop
  endfacet
  facet normal 0.980785 0.195089 0
    outer loop
      vertex -5.25466 -0.691789 0
      vertex -5.11941 -1.37174 5
      vertex -5.11941 -1.37174 0
    endloop
  endfacet
  facet normal 0.896872 0.442291 0
    outer loop
      vertex -4.58993 -2.65 5
      vertex -4.89656 -2.02822 0
      vertex -4.89656 -2.02822 5
    endloop
  endfacet
  facet normal 0.896872 0.442291 0
    outer loop
      vertex -4.89656 -2.02822 0
      vertex -4.58993 -2.65 5
      vertex -4.58993 -2.65 0
    endloop
  endfacet
  facet normal -0.195089 0.980785 0
    outer loop
      vertex 1.37174 -5.11941 0
      vertex 0.691789 -5.25466 5
      vertex 1.37174 -5.11941 5
    endloop
  endfacet
  facet normal -0.195089 0.980785 0
    outer loop
      vertex 0.691789 -5.25466 5
      vertex 1.37174 -5.11941 0
      vertex 0.691789 -5.25466 0
    endloop
  endfacet
  facet normal -0.896872 -0.442291 0
    outer loop
      vertex 4.89656 2.02822 0
      vertex 4.58993 2.65 5
      vertex 4.58993 2.65 0
    endloop
  endfacet
  facet normal -0.896872 -0.442291 0
    outer loop
      vertex 4.58993 2.65 5
      vertex 4.89656 2.02822 0
      vertex 4.89656 2.02822 5
    endloop
  endfacet
  facet normal -0.946928 -0.321446 0
    outer loop
      vertex 5.11941 1.37174 0
      vertex 4.89656 2.02822 5
      vertex 4.89656 2.02822 0
    endloop
  endfacet
  facet normal -0.946928 -0.321446 0
    outer loop
      vertex 4.89656 2.02822 5
      vertex 5.11941 1.37174 0
      vertex 5.11941 1.37174 5
    endloop
  endfacet
  facet normal -0.0653999 -0.997859 0
    outer loop
      vertex 0 5.3 0
      vertex 0.691789 5.25466 5
      vertex 0 5.3 5
    endloop
  endfacet
  facet normal -0.0653999 -0.997859 -0
    outer loop
      vertex 0.691789 5.25466 5
      vertex 0 5.3 0
      vertex 0.691789 5.25466 0
    endloop
  endfacet
  facet normal -0.442291 -0.896872 0
    outer loop
      vertex 2.02822 4.89656 0
      vertex 2.65 4.58993 5
      vertex 2.02822 4.89656 5
    endloop
  endfacet
  facet normal -0.442291 -0.896872 -0
    outer loop
      vertex 2.65 4.58993 5
      vertex 2.02822 4.89656 0
      vertex 2.65 4.58993 0
    endloop
  endfacet
  facet normal 0.946928 -0.321446 0
    outer loop
      vertex -5.11941 1.37174 5
      vertex -4.89656 2.02822 0
      vertex -4.89656 2.02822 5
    endloop
  endfacet
  facet normal 0.946928 -0.321446 0
    outer loop
      vertex -4.89656 2.02822 0
      vertex -5.11941 1.37174 5
      vertex -5.11941 1.37174 0
    endloop
  endfacet
  facet normal 0.321446 -0.946928 0
    outer loop
      vertex -2.02822 4.89656 0
      vertex -1.37174 5.11941 5
      vertex -2.02822 4.89656 5
    endloop
  endfacet
  facet normal 0.321446 -0.946928 0
    outer loop
      vertex -1.37174 5.11941 5
      vertex -2.02822 4.89656 0
      vertex -1.37174 5.11941 0
    endloop
  endfacet
  facet normal -0.946928 0.321446 0
    outer loop
      vertex 4.89656 -2.02822 0
      vertex 5.11941 -1.37174 5
      vertex 5.11941 -1.37174 0
    endloop
  endfacet
  facet normal -0.946928 0.321446 0
    outer loop
      vertex 5.11941 -1.37174 5
      vertex 4.89656 -2.02822 0
      vertex 4.89656 -2.02822 5
    endloop
  endfacet
  facet normal -0.555572 0.831468 0
    outer loop
      vertex 3.22643 -4.20477 0
      vertex 2.65 -4.58993 5
      vertex 3.22643 -4.20477 5
    endloop
  endfacet
  facet normal -0.555572 0.831468 0
    outer loop
      vertex 2.65 -4.58993 5
      vertex 3.22643 -4.20477 0
      vertex 2.65 -4.58993 0
    endloop
  endfacet
  facet normal -0.751851 0.659333 0
    outer loop
      vertex 3.74767 -3.74767 0
      vertex 4.20477 -3.22643 5
      vertex 4.20477 -3.22643 0
    endloop
  endfacet
  facet normal -0.751851 0.659333 0
    outer loop
      vertex 4.20477 -3.22643 5
      vertex 3.74767 -3.74767 0
      vertex 3.74767 -3.74767 5
    endloop
  endfacet
  facet normal -0.831468 0.555572 0
    outer loop
      vertex 4.20477 -3.22643 0
      vertex 4.58993 -2.65 5
      vertex 4.58993 -2.65 0
    endloop
  endfacet
  facet normal -0.831468 0.555572 0
    outer loop
      vertex 4.58993 -2.65 5
      vertex 4.20477 -3.22643 0
      vertex 4.20477 -3.22643 5
    endloop
  endfacet
  facet normal -0.896872 0.442291 0
    outer loop
      vertex 4.58993 -2.65 0
      vertex 4.89656 -2.02822 5
      vertex 4.89656 -2.02822 0
    endloop
  endfacet
  facet normal -0.896872 0.442291 0
    outer loop
      vertex 4.89656 -2.02822 5
      vertex 4.58993 -2.65 0
      vertex 4.58993 -2.65 5
    endloop
  endfacet
  facet normal 0.321446 0.946928 -0
    outer loop
      vertex -1.37174 -5.11941 0
      vertex -2.02822 -4.89656 5
      vertex -1.37174 -5.11941 5
    endloop
  endfacet
  facet normal 0.321446 0.946928 0
    outer loop
      vertex -2.02822 -4.89656 5
      vertex -1.37174 -5.11941 0
      vertex -2.02822 -4.89656 0
    endloop
  endfacet
  facet normal 0.946928 0.321446 0
    outer loop
      vertex -4.89656 -2.02822 5
      vertex -5.11941 -1.37174 0
      vertex -5.11941 -1.37174 5
    endloop
  endfacet
  facet normal 0.946928 0.321446 0
    outer loop
      vertex -5.11941 -1.37174 0
      vertex -4.89656 -2.02822 5
      vertex -4.89656 -2.02822 0
    endloop
  endfacet
  facet normal -0.659333 0.751851 0
    outer loop
      vertex 3.74767 -3.74767 0
      vertex 3.22643 -4.20477 5
      vertex 3.74767 -3.74767 5
    endloop
  endfacet
  facet normal -0.659333 0.751851 0
    outer loop
      vertex 3.22643 -4.20477 5
      vertex 3.74767 -3.74767 0
      vertex 3.22643 -4.20477 0
    endloop
  endfacet
  facet normal 0.659333 0.751851 -0
    outer loop
      vertex -3.22643 -4.20477 0
      vertex -3.74767 -3.74767 5
      vertex -3.22643 -4.20477 5
    endloop
  endfacet
  facet normal 0.659333 0.751851 0
    outer loop
      vertex -3.74767 -3.74767 5
      vertex -3.22643 -4.20477 0
      vertex -3.74767 -3.74767 0
    endloop
  endfacet
  facet normal -0.0653999 0.997859 0
    outer loop
      vertex 0.691789 -5.25466 0
      vertex 0 -5.3 5
      vertex 0.691789 -5.25466 5
    endloop
  endfacet
  facet normal -0.0653999 0.997859 0
    outer loop
      vertex 0 -5.3 5
      vertex 0.691789 -5.25466 0
      vertex 0 -5.3 0
    endloop
  endfacet
  facet normal 0.555572 0.831468 -0
    outer loop
      vertex -2.65 -4.58993 0
      vertex -3.22643 -4.20477 5
      vertex -2.65 -4.58993 5
    endloop
  endfacet
  facet normal 0.555572 0.831468 0
    outer loop
      vertex -3.22643 -4.20477 5
      vertex -2.65 -4.58993 0
      vertex -3.22643 -4.20477 0
    endloop
  endfacet
  facet normal 0.442291 0.896872 -0
    outer loop
      vertex -2.02822 -4.89656 0
      vertex -2.65 -4.58993 5
      vertex -2.02822 -4.89656 5
    endloop
  endfacet
  facet normal 0.442291 0.896872 0
    outer loop
      vertex -2.65 -4.58993 5
      vertex -2.02822 -4.89656 0
      vertex -2.65 -4.58993 0
    endloop
  endfacet
  facet normal 0.751851 0.659333 0
    outer loop
      vertex -3.74767 -3.74767 5
      vertex -4.20477 -3.22643 0
      vertex -4.20477 -3.22643 5
    endloop
  endfacet
  facet normal 0.751851 0.659333 0
    outer loop
      vertex -4.20477 -3.22643 0
      vertex -3.74767 -3.74767 5
      vertex -3.74767 -3.74767 0
    endloop
  endfacet
  facet normal 0.831468 0.555572 0
    outer loop
      vertex -4.20477 -3.22643 5
      vertex -4.58993 -2.65 0
      vertex -4.58993 -2.65 5
    endloop
  endfacet
  facet normal 0.831468 0.555572 0
    outer loop
      vertex -4.58993 -2.65 0
      vertex -4.20477 -3.22643 5
      vertex -4.20477 -3.22643 0
    endloop
  endfacet
  facet normal -0.195047 0.980794 0
    outer loop
      vertex 9.38821 21.4459 0
      vertex 8.65053 21.2992 5
      vertex 9.38821 21.4459 5
    endloop
  endfacet
  facet normal -0.195047 0.980794 0
    outer loop
      vertex 8.65053 21.2992 5
      vertex 9.38821 21.4459 0
      vertex 8.65053 21.2992 0
    endloop
  endfacet
  facet normal -0.321492 0.946912 0
    outer loop
      vertex 10.1004 21.6877 0
      vertex 9.38821 21.4459 5
      vertex 10.1004 21.6877 5
    endloop
  endfacet
  facet normal -0.321492 0.946912 0
    outer loop
      vertex 9.38821 21.4459 5
      vertex 10.1004 21.6877 0
      vertex 9.38821 21.4459 0
    endloop
  endfacet
  facet normal -0.0654133 0.997858 0
    outer loop
      vertex 8.65053 21.2992 0
      vertex 7.9 21.25 5
      vertex 8.65053 21.2992 5
    endloop
  endfacet
  facet normal -0.0654133 0.997858 0
    outer loop
      vertex 7.9 21.25 5
      vertex 8.65053 21.2992 0
      vertex 7.9 21.25 0
    endloop
  endfacet
  facet normal 0.442314 0.89686 -0
    outer loop
      vertex -10.1004 21.6877 0
      vertex -10.775 22.0204 5
      vertex -10.1004 21.6877 5
    endloop
  endfacet
  facet normal 0.442314 0.89686 0
    outer loop
      vertex -10.775 22.0204 5
      vertex -10.1004 21.6877 0
      vertex -10.775 22.0204 0
    endloop
  endfacet
  facet normal 0 1 -0
    outer loop
      vertex 7.9 21.25 0
      vertex -7.9 21.25 5
      vertex 7.9 21.25 5
    endloop
  endfacet
  facet normal 0 1 0
    outer loop
      vertex -7.9 21.25 5
      vertex 7.9 21.25 0
      vertex -7.9 21.25 0
    endloop
  endfacet
  facet normal 0.89686 0.442314 0
    outer loop
      vertex -12.8796 24.125 5
      vertex -13.2123 24.7996 0
      vertex -13.2123 24.7996 5
    endloop
  endfacet
  facet normal 0.89686 0.442314 0
    outer loop
      vertex -13.2123 24.7996 0
      vertex -12.8796 24.125 5
      vertex -12.8796 24.125 0
    endloop
  endfacet
  facet normal 0 -1 0
    outer loop
      vertex -7.9 32.75 0
      vertex 7.9 32.75 5
      vertex -7.9 32.75 5
    endloop
  endfacet
  facet normal 0 -1 -0
    outer loop
      vertex 7.9 32.75 5
      vertex -7.9 32.75 0
      vertex 7.9 32.75 0
    endloop
  endfacet
  facet normal -0.442314 0.89686 0
    outer loop
      vertex 10.775 22.0204 0
      vertex 10.1004 21.6877 5
      vertex 10.775 22.0204 5
    endloop
  endfacet
  facet normal -0.442314 0.89686 0
    outer loop
      vertex 10.1004 21.6877 5
      vertex 10.775 22.0204 0
      vertex 10.1004 21.6877 0
    endloop
  endfacet
  facet normal 0.195047 0.980794 -0
    outer loop
      vertex -8.65053 21.2992 0
      vertex -9.38821 21.4459 5
      vertex -8.65053 21.2992 5
    endloop
  endfacet
  facet normal 0.195047 0.980794 0
    outer loop
      vertex -9.38821 21.4459 5
      vertex -8.65053 21.2992 0
      vertex -9.38821 21.4459 0
    endloop
  endfacet
  facet normal 0.0654133 0.997858 -0
    outer loop
      vertex -7.9 21.25 0
      vertex -8.65053 21.2992 5
      vertex -7.9 21.25 5
    endloop
  endfacet
  facet normal 0.0654133 0.997858 0
    outer loop
      vertex -8.65053 21.2992 5
      vertex -7.9 21.25 0
      vertex -8.65053 21.2992 0
    endloop
  endfacet
  facet normal 0.997858 -0.0654159 0
    outer loop
      vertex -13.65 27 5
      vertex -13.6008 27.7505 0
      vertex -13.6008 27.7505 5
    endloop
  endfacet
  facet normal 0.997858 -0.0654159 0
    outer loop
      vertex -13.6008 27.7505 0
      vertex -13.65 27 5
      vertex -13.65 27 0
    endloop
  endfacet
  facet normal 0.75186 0.659323 0
    outer loop
      vertex -11.9659 22.9341 5
      vertex -12.4618 23.4996 0
      vertex -12.4618 23.4996 5
    endloop
  endfacet
  facet normal 0.75186 0.659323 0
    outer loop
      vertex -12.4618 23.4996 0
      vertex -11.9659 22.9341 5
      vertex -11.9659 22.9341 0
    endloop
  endfacet
  facet normal 0.195047 -0.980794 0
    outer loop
      vertex -9.38821 32.5541 0
      vertex -8.65053 32.7008 5
      vertex -9.38821 32.5541 5
    endloop
  endfacet
  facet normal 0.195047 -0.980794 0
    outer loop
      vertex -8.65053 32.7008 5
      vertex -9.38821 32.5541 0
      vertex -8.65053 32.7008 0
    endloop
  endfacet
  facet normal 0.0654133 -0.997858 0
    outer loop
      vertex -8.65053 32.7008 0
      vertex -7.9 32.75 5
      vertex -8.65053 32.7008 5
    endloop
  endfacet
  facet normal 0.0654133 -0.997858 0
    outer loop
      vertex -7.9 32.75 5
      vertex -8.65053 32.7008 0
      vertex -7.9 32.75 0
    endloop
  endfacet
  facet normal -0.0654133 -0.997858 0
    outer loop
      vertex 7.9 32.75 0
      vertex 8.65053 32.7008 5
      vertex 7.9 32.75 5
    endloop
  endfacet
  facet normal -0.0654133 -0.997858 -0
    outer loop
      vertex 8.65053 32.7008 5
      vertex 7.9 32.75 0
      vertex 8.65053 32.7008 0
    endloop
  endfacet
  facet normal -0.831518 -0.555498 0
    outer loop
      vertex 12.8796 29.875 0
      vertex 12.4618 30.5004 5
      vertex 12.4618 30.5004 0
    endloop
  endfacet
  facet normal -0.831518 -0.555498 0
    outer loop
      vertex 12.4618 30.5004 5
      vertex 12.8796 29.875 0
      vertex 12.8796 29.875 5
    endloop
  endfacet
  facet normal -0.75186 0.659323 0
    outer loop
      vertex 11.9659 22.9341 0
      vertex 12.4618 23.4996 5
      vertex 12.4618 23.4996 0
    endloop
  endfacet
  facet normal -0.75186 0.659323 0
    outer loop
      vertex 12.4618 23.4996 5
      vertex 11.9659 22.9341 0
      vertex 11.9659 22.9341 5
    endloop
  endfacet
  facet normal 0.321492 0.946912 -0
    outer loop
      vertex -9.38821 21.4459 0
      vertex -10.1004 21.6877 5
      vertex -9.38821 21.4459 5
    endloop
  endfacet
  facet normal 0.321492 0.946912 0
    outer loop
      vertex -10.1004 21.6877 5
      vertex -9.38821 21.4459 0
      vertex -10.1004 21.6877 0
    endloop
  endfacet
  facet normal 0.980795 -0.195042 0
    outer loop
      vertex -13.6008 27.7505 5
      vertex -13.4541 28.4882 0
      vertex -13.4541 28.4882 5
    endloop
  endfacet
  facet normal 0.980795 -0.195042 0
    outer loop
      vertex -13.4541 28.4882 0
      vertex -13.6008 27.7505 5
      vertex -13.6008 27.7505 0
    endloop
  endfacet
  facet normal 0.946914 -0.321488 0
    outer loop
      vertex -13.4541 28.4882 5
      vertex -13.2123 29.2004 0
      vertex -13.2123 29.2004 5
    endloop
  endfacet
  facet normal 0.946914 -0.321488 0
    outer loop
      vertex -13.2123 29.2004 0
      vertex -13.4541 28.4882 5
      vertex -13.4541 28.4882 0
    endloop
  endfacet
  facet normal 0.89686 -0.442314 0
    outer loop
      vertex -13.2123 29.2004 5
      vertex -12.8796 29.875 0
      vertex -12.8796 29.875 5
    endloop
  endfacet
  facet normal 0.89686 -0.442314 0
    outer loop
      vertex -12.8796 29.875 0
      vertex -13.2123 29.2004 5
      vertex -13.2123 29.2004 0
    endloop
  endfacet
  facet normal 0.980795 0.195042 0
    outer loop
      vertex -13.4541 25.5118 5
      vertex -13.6008 26.2495 0
      vertex -13.6008 26.2495 5
    endloop
  endfacet
  facet normal 0.980795 0.195042 0
    outer loop
      vertex -13.6008 26.2495 0
      vertex -13.4541 25.5118 5
      vertex -13.4541 25.5118 0
    endloop
  endfacet
  facet normal 0.659323 0.75186 -0
    outer loop
      vertex -11.4004 22.4382 0
      vertex -11.9659 22.9341 5
      vertex -11.4004 22.4382 5
    endloop
  endfacet
  facet normal 0.659323 0.75186 0
    outer loop
      vertex -11.9659 22.9341 5
      vertex -11.4004 22.4382 0
      vertex -11.9659 22.9341 0
    endloop
  endfacet
  facet normal -0.321492 -0.946912 0
    outer loop
      vertex 9.38821 32.5541 0
      vertex 10.1004 32.3123 5
      vertex 9.38821 32.5541 5
    endloop
  endfacet
  facet normal -0.321492 -0.946912 -0
    outer loop
      vertex 10.1004 32.3123 5
      vertex 9.38821 32.5541 0
      vertex 10.1004 32.3123 0
    endloop
  endfacet
  facet normal -0.997858 -0.0654159 0
    outer loop
      vertex 13.65 27 0
      vertex 13.6008 27.7505 5
      vertex 13.6008 27.7505 0
    endloop
  endfacet
  facet normal -0.997858 -0.0654159 0
    outer loop
      vertex 13.6008 27.7505 5
      vertex 13.65 27 0
      vertex 13.65 27 5
    endloop
  endfacet
  facet normal -0.946914 0.321488 0
    outer loop
      vertex 13.2123 24.7996 0
      vertex 13.4541 25.5118 5
      vertex 13.4541 25.5118 0
    endloop
  endfacet
  facet normal -0.946914 0.321488 0
    outer loop
      vertex 13.4541 25.5118 5
      vertex 13.2123 24.7996 0
      vertex 13.2123 24.7996 5
    endloop
  endfacet
  facet normal 0.831518 -0.555498 0
    outer loop
      vertex -12.8796 29.875 5
      vertex -12.4618 30.5004 0
      vertex -12.4618 30.5004 5
    endloop
  endfacet
  facet normal 0.831518 -0.555498 0
    outer loop
      vertex -12.4618 30.5004 0
      vertex -12.8796 29.875 5
      vertex -12.8796 29.875 0
    endloop
  endfacet
  facet normal 0.75186 -0.659323 0
    outer loop
      vertex -12.4618 30.5004 5
      vertex -11.9659 31.0659 0
      vertex -11.9659 31.0659 5
    endloop
  endfacet
  facet normal 0.75186 -0.659323 0
    outer loop
      vertex -11.9659 31.0659 0
      vertex -12.4618 30.5004 5
      vertex -12.4618 30.5004 0
    endloop
  endfacet
  facet normal 0.442314 -0.89686 0
    outer loop
      vertex -10.775 31.9796 0
      vertex -10.1004 32.3123 5
      vertex -10.775 31.9796 5
    endloop
  endfacet
  facet normal 0.442314 -0.89686 0
    outer loop
      vertex -10.1004 32.3123 5
      vertex -10.775 31.9796 0
      vertex -10.1004 32.3123 0
    endloop
  endfacet
  facet normal 0.321492 -0.946912 0
    outer loop
      vertex -10.1004 32.3123 0
      vertex -9.38821 32.5541 5
      vertex -10.1004 32.3123 5
    endloop
  endfacet
  facet normal 0.321492 -0.946912 0
    outer loop
      vertex -9.38821 32.5541 5
      vertex -10.1004 32.3123 0
      vertex -9.38821 32.5541 0
    endloop
  endfacet
  facet normal 0.997858 0.0654159 0
    outer loop
      vertex -13.6008 26.2495 5
      vertex -13.65 27 0
      vertex -13.65 27 5
    endloop
  endfacet
  facet normal 0.997858 0.0654159 0
    outer loop
      vertex -13.65 27 0
      vertex -13.6008 26.2495 5
      vertex -13.6008 26.2495 0
    endloop
  endfacet
  facet normal 0.946914 0.321488 0
    outer loop
      vertex -13.2123 24.7996 5
      vertex -13.4541 25.5118 0
      vertex -13.4541 25.5118 5
    endloop
  endfacet
  facet normal 0.946914 0.321488 0
    outer loop
      vertex -13.4541 25.5118 0
      vertex -13.2123 24.7996 5
      vertex -13.2123 24.7996 0
    endloop
  endfacet
  facet normal 0.831518 0.555498 0
    outer loop
      vertex -12.4618 23.4996 5
      vertex -12.8796 24.125 0
      vertex -12.8796 24.125 5
    endloop
  endfacet
  facet normal 0.831518 0.555498 0
    outer loop
      vertex -12.8796 24.125 0
      vertex -12.4618 23.4996 5
      vertex -12.4618 23.4996 0
    endloop
  endfacet
  facet normal 0.555498 0.831518 -0
    outer loop
      vertex -10.775 22.0204 0
      vertex -11.4004 22.4382 5
      vertex -10.775 22.0204 5
    endloop
  endfacet
  facet normal 0.555498 0.831518 0
    outer loop
      vertex -11.4004 22.4382 5
      vertex -10.775 22.0204 0
      vertex -11.4004 22.4382 0
    endloop
  endfacet
  facet normal -0.75186 -0.659323 0
    outer loop
      vertex 12.4618 30.5004 0
      vertex 11.9659 31.0659 5
      vertex 11.9659 31.0659 0
    endloop
  endfacet
  facet normal -0.75186 -0.659323 0
    outer loop
      vertex 11.9659 31.0659 5
      vertex 12.4618 30.5004 0
      vertex 12.4618 30.5004 5
    endloop
  endfacet
  facet normal -0.89686 -0.442314 0
    outer loop
      vertex 13.2123 29.2004 0
      vertex 12.8796 29.875 5
      vertex 12.8796 29.875 0
    endloop
  endfacet
  facet normal -0.89686 -0.442314 0
    outer loop
      vertex 12.8796 29.875 5
      vertex 13.2123 29.2004 0
      vertex 13.2123 29.2004 5
    endloop
  endfacet
  facet normal -0.195047 -0.980794 0
    outer loop
      vertex 8.65053 32.7008 0
      vertex 9.38821 32.5541 5
      vertex 8.65053 32.7008 5
    endloop
  endfacet
  facet normal -0.195047 -0.980794 -0
    outer loop
      vertex 9.38821 32.5541 5
      vertex 8.65053 32.7008 0
      vertex 9.38821 32.5541 0
    endloop
  endfacet
  facet normal -0.442314 -0.89686 0
    outer loop
      vertex 10.1004 32.3123 0
      vertex 10.775 31.9796 5
      vertex 10.1004 32.3123 5
    endloop
  endfacet
  facet normal -0.442314 -0.89686 -0
    outer loop
      vertex 10.775 31.9796 5
      vertex 10.1004 32.3123 0
      vertex 10.775 31.9796 0
    endloop
  endfacet
  facet normal -0.831518 0.555498 0
    outer loop
      vertex 12.4618 23.4996 0
      vertex 12.8796 24.125 5
      vertex 12.8796 24.125 0
    endloop
  endfacet
  facet normal -0.831518 0.555498 0
    outer loop
      vertex 12.8796 24.125 5
      vertex 12.4618 23.4996 0
      vertex 12.4618 23.4996 5
    endloop
  endfacet
  facet normal -0.659323 0.75186 0
    outer loop
      vertex 11.9659 22.9341 0
      vertex 11.4004 22.4382 5
      vertex 11.9659 22.9341 5
    endloop
  endfacet
  facet normal -0.659323 0.75186 0
    outer loop
      vertex 11.4004 22.4382 5
      vertex 11.9659 22.9341 0
      vertex 11.4004 22.4382 0
    endloop
  endfacet
  facet normal 0.659323 -0.75186 0
    outer loop
      vertex -11.9659 31.0659 0
      vertex -11.4004 31.5618 5
      vertex -11.9659 31.0659 5
    endloop
  endfacet
  facet normal 0.659323 -0.75186 0
    outer loop
      vertex -11.4004 31.5618 5
      vertex -11.9659 31.0659 0
      vertex -11.4004 31.5618 0
    endloop
  endfacet
  facet normal 0.555498 -0.831518 0
    outer loop
      vertex -11.4004 31.5618 0
      vertex -10.775 31.9796 5
      vertex -11.4004 31.5618 5
    endloop
  endfacet
  facet normal 0.555498 -0.831518 0
    outer loop
      vertex -10.775 31.9796 5
      vertex -11.4004 31.5618 0
      vertex -10.775 31.9796 0
    endloop
  endfacet
  facet normal -0.659323 -0.75186 0
    outer loop
      vertex 11.4004 31.5618 0
      vertex 11.9659 31.0659 5
      vertex 11.4004 31.5618 5
    endloop
  endfacet
  facet normal -0.659323 -0.75186 -0
    outer loop
      vertex 11.9659 31.0659 5
      vertex 11.4004 31.5618 0
      vertex 11.9659 31.0659 0
    endloop
  endfacet
  facet normal -0.555498 -0.831518 0
    outer loop
      vertex 10.775 31.9796 0
      vertex 11.4004 31.5618 5
      vertex 10.775 31.9796 5
    endloop
  endfacet
  facet normal -0.555498 -0.831518 -0
    outer loop
      vertex 11.4004 31.5618 5
      vertex 10.775 31.9796 0
      vertex 11.4004 31.5618 0
    endloop
  endfacet
  facet normal -0.980795 -0.195042 0
    outer loop
      vertex 13.6008 27.7505 0
      vertex 13.4541 28.4882 5
      vertex 13.4541 28.4882 0
    endloop
  endfacet
  facet normal -0.980795 -0.195042 0
    outer loop
      vertex 13.4541 28.4882 5
      vertex 13.6008 27.7505 0
      vertex 13.6008 27.7505 5
    endloop
  endfacet
  facet normal -0.980795 0.195042 0
    outer loop
      vertex 13.4541 25.5118 0
      vertex 13.6008 26.2495 5
      vertex 13.6008 26.2495 0
    endloop
  endfacet
  facet normal -0.980795 0.195042 0
    outer loop
      vertex 13.6008 26.2495 5
      vertex 13.4541 25.5118 0
      vertex 13.4541 25.5118 5
    endloop
  endfacet
  facet normal -0.997858 0.0654159 0
    outer loop
      vertex 13.6008 26.2495 0
      vertex 13.65 27 5
      vertex 13.65 27 0
    endloop
  endfacet
  facet normal -0.997858 0.0654159 0
    outer loop
      vertex 13.65 27 5
      vertex 13.6008 26.2495 0
      vertex 13.6008 26.2495 5
    endloop
  endfacet
  facet normal -0.89686 0.442314 0
    outer loop
      vertex 12.8796 24.125 0
      vertex 13.2123 24.7996 5
      vertex 13.2123 24.7996 0
    endloop
  endfacet
  facet normal -0.89686 0.442314 0
    outer loop
      vertex 13.2123 24.7996 5
      vertex 12.8796 24.125 0
      vertex 12.8796 24.125 5
    endloop
  endfacet
  facet normal -0.555498 0.831518 0
    outer loop
      vertex 11.4004 22.4382 0
      vertex 10.775 22.0204 5
      vertex 11.4004 22.4382 5
    endloop
  endfacet
  facet normal -0.555498 0.831518 0
    outer loop
      vertex 10.775 22.0204 5
      vertex 11.4004 22.4382 0
      vertex 10.775 22.0204 0
    endloop
  endfacet
  facet normal -0.946914 -0.321488 0
    outer loop
      vertex 13.4541 28.4882 0
      vertex 13.2123 29.2004 5
      vertex 13.2123 29.2004 0
    endloop
  endfacet
  facet normal -0.946914 -0.321488 0
    outer loop
      vertex 13.2123 29.2004 5
      vertex 13.4541 28.4882 0
      vertex 13.4541 28.4882 5
    endloop
  endfacet
  facet normal 0 -1 0
    outer loop
      vertex 38.1854 3 16.3
      vertex 39.7854 3 18.3
      vertex 38.1854 3 18.3
    endloop
  endfacet
  facet normal 0 -1 -0
    outer loop
      vertex 39.7854 3 18.3
      vertex 38.1854 3 16.3
      vertex 39.7854 3 16.3
    endloop
  endfacet
  facet normal 0 1 -0
    outer loop
      vertex 39.7854 -3 16.3
      vertex 38.1854 -3 18.3
      vertex 39.7854 -3 18.3
    endloop
  endfacet
  facet normal 0 1 0
    outer loop
      vertex 38.1854 -3 18.3
      vertex 39.7854 -3 16.3
      vertex 38.1854 -3 16.3
    endloop
  endfacet
endsolid OpenSCAD_Model
