solid OpenSCAD_Model
  facet normal 0.997859 0.0654022 0
    outer loop
      vertex 2 0 6.5
      vertex 1.98289 0.261052 0
      vertex 1.98289 0.261052 6.5
    endloop
  endfacet
  facet normal 0.997859 0.0654022 0
    outer loop
      vertex 1.98289 0.261052 0
      vertex 2 0 6.5
      vertex 2 0 0
    endloop
  endfacet
  facet normal -0.997859 0.0654022 0
    outer loop
      vertex -2 0 0
      vertex -1.98289 0.261052 6.5
      vertex -1.98289 0.261052 0
    endloop
  endfacet
  facet normal -0.997859 0.0654022 0
    outer loop
      vertex -1.98289 0.261052 6.5
      vertex -2 0 0
      vertex -2 0 6.5
    endloop
  endfacet
  facet normal 0.0654022 0.997859 -0
    outer loop
      vertex 0.261052 1.98289 0
      vertex 0 2 6.5
      vertex 0.261052 1.98289 6.5
    endloop
  endfacet
  facet normal 0.0654022 0.997859 0
    outer loop
      vertex 0 2 6.5
      vertex 0.261052 1.98289 0
      vertex 0 2 0
    endloop
  endfacet
  facet normal 0.751826 0.659362 0
    outer loop
      vertex 1.58671 1.21752 6.5
      vertex 1.41421 1.41421 0
      vertex 1.41421 1.41421 6.5
    endloop
  endfacet
  facet normal 0.751826 0.659362 0
    outer loop
      vertex 1.41421 1.41421 0
      vertex 1.58671 1.21752 6.5
      vertex 1.58671 1.21752 0
    endloop
  endfacet
  facet normal -0.659362 0.751826 0
    outer loop
      vertex -1.21752 1.58671 0
      vertex -1.41421 1.41421 6.5
      vertex -1.21752 1.58671 6.5
    endloop
  endfacet
  facet normal -0.659362 0.751826 0
    outer loop
      vertex -1.41421 1.41421 6.5
      vertex -1.21752 1.58671 0
      vertex -1.41421 1.41421 0
    endloop
  endfacet
  facet normal -0.321429 0.946934 0
    outer loop
      vertex -0.517637 1.93185 0
      vertex -0.765367 1.84776 6.5
      vertex -0.517637 1.93185 6.5
    endloop
  endfacet
  facet normal -0.321429 0.946934 0
    outer loop
      vertex -0.765367 1.84776 6.5
      vertex -0.517637 1.93185 0
      vertex -0.765367 1.84776 0
    endloop
  endfacet
  facet normal 0.89687 0.442294 0
    outer loop
      vertex 1.84776 0.765367 6.5
      vertex 1.73205 1 0
      vertex 1.73205 1 6.5
    endloop
  endfacet
  facet normal 0.89687 0.442294 0
    outer loop
      vertex 1.73205 1 0
      vertex 1.84776 0.765367 6.5
      vertex 1.84776 0.765367 0
    endloop
  endfacet
  facet normal 0.980784 0.195098 0
    outer loop
      vertex 1.98289 0.261052 6.5
      vertex 1.93185 0.517637 0
      vertex 1.93185 0.517637 6.5
    endloop
  endfacet
  facet normal 0.980784 0.195098 0
    outer loop
      vertex 1.93185 0.517637 0
      vertex 1.98289 0.261052 6.5
      vertex 1.98289 0.261052 0
    endloop
  endfacet
  facet normal 0.831474 0.555564 0
    outer loop
      vertex 1.73205 1 6.5
      vertex 1.58671 1.21752 0
      vertex 1.58671 1.21752 6.5
    endloop
  endfacet
  facet normal 0.831474 0.555564 0
    outer loop
      vertex 1.58671 1.21752 0
      vertex 1.73205 1 6.5
      vertex 1.73205 1 0
    endloop
  endfacet
  facet normal 0.442294 0.89687 -0
    outer loop
      vertex 1 1.73205 0
      vertex 0.765367 1.84776 6.5
      vertex 1 1.73205 6.5
    endloop
  endfacet
  facet normal 0.442294 0.89687 0
    outer loop
      vertex 0.765367 1.84776 6.5
      vertex 1 1.73205 0
      vertex 0.765367 1.84776 0
    endloop
  endfacet
  facet normal 0.321429 0.946934 -0
    outer loop
      vertex 0.765367 1.84776 0
      vertex 0.517637 1.93185 6.5
      vertex 0.765367 1.84776 6.5
    endloop
  endfacet
  facet normal 0.321429 0.946934 0
    outer loop
      vertex 0.517637 1.93185 6.5
      vertex 0.765367 1.84776 0
      vertex 0.517637 1.93185 0
    endloop
  endfacet
  facet normal 0.659362 0.751826 -0
    outer loop
      vertex 1.41421 1.41421 0
      vertex 1.21752 1.58671 6.5
      vertex 1.41421 1.41421 6.5
    endloop
  endfacet
  facet normal 0.659362 0.751826 0
    outer loop
      vertex 1.21752 1.58671 6.5
      vertex 1.41421 1.41421 0
      vertex 1.21752 1.58671 0
    endloop
  endfacet
  facet normal -0.89687 0.442294 0
    outer loop
      vertex -1.84776 0.765367 0
      vertex -1.73205 1 6.5
      vertex -1.73205 1 0
    endloop
  endfacet
  facet normal -0.89687 0.442294 0
    outer loop
      vertex -1.73205 1 6.5
      vertex -1.84776 0.765367 0
      vertex -1.84776 0.765367 6.5
    endloop
  endfacet
  facet normal -0.751826 0.659362 0
    outer loop
      vertex -1.58671 1.21752 0
      vertex -1.41421 1.41421 6.5
      vertex -1.41421 1.41421 0
    endloop
  endfacet
  facet normal -0.751826 0.659362 0
    outer loop
      vertex -1.41421 1.41421 6.5
      vertex -1.58671 1.21752 0
      vertex -1.58671 1.21752 6.5
    endloop
  endfacet
  facet normal -0.946934 0.321429 0
    outer loop
      vertex -1.93185 0.517637 0
      vertex -1.84776 0.765367 6.5
      vertex -1.84776 0.765367 0
    endloop
  endfacet
  facet normal -0.946934 0.321429 0
    outer loop
      vertex -1.84776 0.765367 6.5
      vertex -1.93185 0.517637 0
      vertex -1.93185 0.517637 6.5
    endloop
  endfacet
  facet normal -0.195098 0.980784 0
    outer loop
      vertex -0.261052 1.98289 0
      vertex -0.517637 1.93185 6.5
      vertex -0.261052 1.98289 6.5
    endloop
  endfacet
  facet normal -0.195098 0.980784 0
    outer loop
      vertex -0.517637 1.93185 6.5
      vertex -0.261052 1.98289 0
      vertex -0.517637 1.93185 0
    endloop
  endfacet
  facet normal 0.555564 -0.831474 0
    outer loop
      vertex 1 -1.73205 0
      vertex 1.21752 -1.58671 6.5
      vertex 1 -1.73205 6.5
    endloop
  endfacet
  facet normal 0.555564 -0.831474 0
    outer loop
      vertex 1.21752 -1.58671 6.5
      vertex 1 -1.73205 0
      vertex 1.21752 -1.58671 0
    endloop
  endfacet
  facet normal -0.659362 -0.751826 0
    outer loop
      vertex -1.41421 -1.41421 0
      vertex -1.21752 -1.58671 6.5
      vertex -1.41421 -1.41421 6.5
    endloop
  endfacet
  facet normal -0.659362 -0.751826 -0
    outer loop
      vertex -1.21752 -1.58671 6.5
      vertex -1.41421 -1.41421 0
      vertex -1.21752 -1.58671 0
    endloop
  endfacet
  facet normal -0.321429 -0.946934 0
    outer loop
      vertex -0.765367 -1.84776 0
      vertex -0.517637 -1.93185 6.5
      vertex -0.765367 -1.84776 6.5
    endloop
  endfacet
  facet normal -0.321429 -0.946934 -0
    outer loop
      vertex -0.517637 -1.93185 6.5
      vertex -0.765367 -1.84776 0
      vertex -0.517637 -1.93185 0
    endloop
  endfacet
  facet normal 0 0 -1
    outer loop
      vertex 1.98289 -0.261052 0
      vertex 1.98289 0.261052 0
      vertex 2 0 0
    endloop
  endfacet
  facet normal 0 0 -1
    outer loop
      vertex 1.93185 -0.517637 0
      vertex 1.98289 0.261052 0
      vertex 1.98289 -0.261052 0
    endloop
  endfacet
  facet normal 0 0 -1
    outer loop
      vertex 1.93185 -0.517637 0
      vertex 1.93185 0.517637 0
      vertex 1.98289 0.261052 0
    endloop
  endfacet
  facet normal 0 0 -1
    outer loop
      vertex 1.84776 -0.765367 0
      vertex 1.93185 0.517637 0
      vertex 1.93185 -0.517637 0
    endloop
  endfacet
  facet normal 0 0 -1
    outer loop
      vertex 1.84776 -0.765367 0
      vertex 1.84776 0.765367 0
      vertex 1.93185 0.517637 0
    endloop
  endfacet
  facet normal 0 0 -1
    outer loop
      vertex 1.73205 -1 0
      vertex 1.84776 0.765367 0
      vertex 1.84776 -0.765367 0
    endloop
  endfacet
  facet normal 0 0 -1
    outer loop
      vertex 1.73205 -1 0
      vertex 1.73205 1 0
      vertex 1.84776 0.765367 0
    endloop
  endfacet
  facet normal 0 0 -1
    outer loop
      vertex 1.58671 -1.21752 0
      vertex 1.73205 1 0
      vertex 1.73205 -1 0
    endloop
  endfacet
  facet normal 0 0 -1
    outer loop
      vertex 1.58671 -1.21752 0
      vertex 1.58671 1.21752 0
      vertex 1.73205 1 0
    endloop
  endfacet
  facet normal 0 0 -1
    outer loop
      vertex 1.41421 -1.41421 0
      vertex 1.58671 1.21752 0
      vertex 1.58671 -1.21752 0
    endloop
  endfacet
  facet normal 0 0 -1
    outer loop
      vertex 1.41421 -1.41421 0
      vertex 1.41421 1.41421 0
      vertex 1.58671 1.21752 0
    endloop
  endfacet
  facet normal 0 0 -1
    outer loop
      vertex 1.21752 -1.58671 0
      vertex 1.41421 1.41421 0
      vertex 1.41421 -1.41421 0
    endloop
  endfacet
  facet normal 0 0 -1
    outer loop
      vertex 1.21752 -1.58671 0
      vertex 1.21752 1.58671 0
      vertex 1.41421 1.41421 0
    endloop
  endfacet
  facet normal 0 0 -1
    outer loop
      vertex 1 -1.73205 0
      vertex 1.21752 1.58671 0
      vertex 1.21752 -1.58671 0
    endloop
  endfacet
  facet normal 0 0 -1
    outer loop
      vertex 1 -1.73205 0
      vertex 1 1.73205 0
      vertex 1.21752 1.58671 0
    endloop
  endfacet
  facet normal 0 0 -1
    outer loop
      vertex 0.765367 -1.84776 0
      vertex 1 1.73205 0
      vertex 1 -1.73205 0
    endloop
  endfacet
  facet normal 0 0 -1
    outer loop
      vertex 0.765367 -1.84776 0
      vertex 0.765367 1.84776 0
      vertex 1 1.73205 0
    endloop
  endfacet
  facet normal 0 0 -1
    outer loop
      vertex 0.517637 -1.93185 0
      vertex 0.765367 1.84776 0
      vertex 0.765367 -1.84776 0
    endloop
  endfacet
  facet normal 0 0 -1
    outer loop
      vertex 0.517637 -1.93185 0
      vertex 0.517637 1.93185 0
      vertex 0.765367 1.84776 0
    endloop
  endfacet
  facet normal 0 0 -1
    outer loop
      vertex 0.261052 -1.98289 0
      vertex 0.517637 1.93185 0
      vertex 0.517637 -1.93185 0
    endloop
  endfacet
  facet normal 0 0 -1
    outer loop
      vertex 0.261052 -1.98289 0
      vertex 0.261052 1.98289 0
      vertex 0.517637 1.93185 0
    endloop
  endfacet
  facet normal 0 0 -1
    outer loop
      vertex 0 -2 0
      vertex 0.261052 1.98289 0
      vertex 0.261052 -1.98289 0
    endloop
  endfacet
  facet normal 0 0 -1
    outer loop
      vertex 0 -2 0
      vertex 0 2 0
      vertex 0.261052 1.98289 0
    endloop
  endfacet
  facet normal 0 0 -1
    outer loop
      vertex -0.261052 -1.98289 0
      vertex 0 2 0
      vertex 0 -2 0
    endloop
  endfacet
  facet normal 0 0 -1
    outer loop
      vertex -0.261052 -1.98289 0
      vertex -0.261052 1.98289 0
      vertex 0 2 0
    endloop
  endfacet
  facet normal 0 0 -1
    outer loop
      vertex -0.517637 -1.93185 0
      vertex -0.261052 1.98289 0
      vertex -0.261052 -1.98289 0
    endloop
  endfacet
  facet normal 0 0 -1
    outer loop
      vertex -0.517637 -1.93185 0
      vertex -0.517637 1.93185 0
      vertex -0.261052 1.98289 0
    endloop
  endfacet
  facet normal 0 0 -1
    outer loop
      vertex -0.765367 -1.84776 0
      vertex -0.517637 1.93185 0
      vertex -0.517637 -1.93185 0
    endloop
  endfacet
  facet normal 0 0 -1
    outer loop
      vertex -0.765367 -1.84776 0
      vertex -0.765367 1.84776 0
      vertex -0.517637 1.93185 0
    endloop
  endfacet
  facet normal 0 0 -1
    outer loop
      vertex -1 -1.73205 0
      vertex -0.765367 1.84776 0
      vertex -0.765367 -1.84776 0
    endloop
  endfacet
  facet normal 0 0 -1
    outer loop
      vertex -1 -1.73205 0
      vertex -1 1.73205 0
      vertex -0.765367 1.84776 0
    endloop
  endfacet
  facet normal 0 0 -1
    outer loop
      vertex -1.21752 -1.58671 0
      vertex -1 1.73205 0
      vertex -1 -1.73205 0
    endloop
  endfacet
  facet normal 0 0 -1
    outer loop
      vertex -1.21752 -1.58671 0
      vertex -1.21752 1.58671 0
      vertex -1 1.73205 0
    endloop
  endfacet
  facet normal 0 0 -1
    outer loop
      vertex -1.41421 -1.41421 0
      vertex -1.21752 1.58671 0
      vertex -1.21752 -1.58671 0
    endloop
  endfacet
  facet normal 0 0 -1
    outer loop
      vertex -1.41421 -1.41421 0
      vertex -1.41421 1.41421 0
      vertex -1.21752 1.58671 0
    endloop
  endfacet
  facet normal 0 0 -1
    outer loop
      vertex -1.58671 -1.21752 0
      vertex -1.41421 1.41421 0
      vertex -1.41421 -1.41421 0
    endloop
  endfacet
  facet normal 0 0 -1
    outer loop
      vertex -1.58671 -1.21752 0
      vertex -1.58671 1.21752 0
      vertex -1.41421 1.41421 0
    endloop
  endfacet
  facet normal 0 0 -1
    outer loop
      vertex -1.73205 -1 0
      vertex -1.58671 1.21752 0
      vertex -1.58671 -1.21752 0
    endloop
  endfacet
  facet normal 0 0 -1
    outer loop
      vertex -1.73205 -1 0
      vertex -1.73205 1 0
      vertex -1.58671 1.21752 0
    endloop
  endfacet
  facet normal 0 0 -1
    outer loop
      vertex -1.84776 -0.765367 0
      vertex -1.73205 1 0
      vertex -1.73205 -1 0
    endloop
  endfacet
  facet normal 0 0 -1
    outer loop
      vertex -1.84776 -0.765367 0
      vertex -1.84776 0.765367 0
      vertex -1.73205 1 0
    endloop
  endfacet
  facet normal 0 0 -1
    outer loop
      vertex -1.93185 -0.517637 0
      vertex -1.84776 0.765367 0
      vertex -1.84776 -0.765367 0
    endloop
  endfacet
  facet normal 0 0 -1
    outer loop
      vertex -1.93185 -0.517637 0
      vertex -1.93185 0.517637 0
      vertex -1.84776 0.765367 0
    endloop
  endfacet
  facet normal 0 0 -1
    outer loop
      vertex -1.98289 -0.261052 0
      vertex -1.93185 0.517637 0
      vertex -1.93185 -0.517637 0
    endloop
  endfacet
  facet normal 0 0 -1
    outer loop
      vertex -1.98289 -0.261052 0
      vertex -1.98289 0.261052 0
      vertex -1.93185 0.517637 0
    endloop
  endfacet
  facet normal 0 -0 -1
    outer loop
      vertex -1.98289 0.261052 0
      vertex -1.98289 -0.261052 0
      vertex -2 0 0
    endloop
  endfacet
  facet normal 0.946934 0.321429 0
    outer loop
      vertex 1.93185 0.517637 6.5
      vertex 1.84776 0.765367 0
      vertex 1.84776 0.765367 6.5
    endloop
  endfacet
  facet normal 0.946934 0.321429 0
    outer loop
      vertex 1.84776 0.765367 0
      vertex 1.93185 0.517637 6.5
      vertex 1.93185 0.517637 0
    endloop
  endfacet
  facet normal 0.195098 0.980784 -0
    outer loop
      vertex 0.517637 1.93185 0
      vertex 0.261052 1.98289 6.5
      vertex 0.517637 1.93185 6.5
    endloop
  endfacet
  facet normal 0.195098 0.980784 0
    outer loop
      vertex 0.261052 1.98289 6.5
      vertex 0.517637 1.93185 0
      vertex 0.261052 1.98289 0
    endloop
  endfacet
  facet normal 0.555564 0.831474 -0
    outer loop
      vertex 1.21752 1.58671 0
      vertex 1 1.73205 6.5
      vertex 1.21752 1.58671 6.5
    endloop
  endfacet
  facet normal 0.555564 0.831474 0
    outer loop
      vertex 1 1.73205 6.5
      vertex 1.21752 1.58671 0
      vertex 1 1.73205 0
    endloop
  endfacet
  facet normal -0.831474 0.555564 0
    outer loop
      vertex -1.73205 1 0
      vertex -1.58671 1.21752 6.5
      vertex -1.58671 1.21752 0
    endloop
  endfacet
  facet normal -0.831474 0.555564 0
    outer loop
      vertex -1.58671 1.21752 6.5
      vertex -1.73205 1 0
      vertex -1.73205 1 6.5
    endloop
  endfacet
  facet normal -0.980784 0.195098 0
    outer loop
      vertex -1.98289 0.261052 0
      vertex -1.93185 0.517637 6.5
      vertex -1.93185 0.517637 0
    endloop
  endfacet
  facet normal -0.980784 0.195098 0
    outer loop
      vertex -1.93185 0.517637 6.5
      vertex -1.98289 0.261052 0
      vertex -1.98289 0.261052 6.5
    endloop
  endfacet
  facet normal 0 0 1
    outer loop
      vertex 1.98289 0.261052 6.5
      vertex 1.98289 -0.261052 6.5
      vertex 2 0 6.5
    endloop
  endfacet
  facet normal 0 0 1
    outer loop
      vertex 1.93185 0.517637 6.5
      vertex 1.98289 -0.261052 6.5
      vertex 1.98289 0.261052 6.5
    endloop
  endfacet
  facet normal 0 0 1
    outer loop
      vertex 1.93185 0.517637 6.5
      vertex 1.93185 -0.517637 6.5
      vertex 1.98289 -0.261052 6.5
    endloop
  endfacet
  facet normal 0 0 1
    outer loop
      vertex 1.84776 0.765367 6.5
      vertex 1.93185 -0.517637 6.5
      vertex 1.93185 0.517637 6.5
    endloop
  endfacet
  facet normal 0 0 1
    outer loop
      vertex 1.84776 0.765367 6.5
      vertex 1.84776 -0.765367 6.5
      vertex 1.93185 -0.517637 6.5
    endloop
  endfacet
  facet normal 0 0 1
    outer loop
      vertex 1.73205 1 6.5
      vertex 1.84776 -0.765367 6.5
      vertex 1.84776 0.765367 6.5
    endloop
  endfacet
  facet normal 0 0 1
    outer loop
      vertex 1.73205 1 6.5
      vertex 1.73205 -1 6.5
      vertex 1.84776 -0.765367 6.5
    endloop
  endfacet
  facet normal 0 0 1
    outer loop
      vertex 1.58671 1.21752 6.5
      vertex 1.73205 -1 6.5
      vertex 1.73205 1 6.5
    endloop
  endfacet
  facet normal 0 0 1
    outer loop
      vertex 1.58671 1.21752 6.5
      vertex 1.58671 -1.21752 6.5
      vertex 1.73205 -1 6.5
    endloop
  endfacet
  facet normal 0 0 1
    outer loop
      vertex 1.41421 1.41421 6.5
      vertex 1.58671 -1.21752 6.5
      vertex 1.58671 1.21752 6.5
    endloop
  endfacet
  facet normal 0 0 1
    outer loop
      vertex 1.41421 1.41421 6.5
      vertex 1.41421 -1.41421 6.5
      vertex 1.58671 -1.21752 6.5
    endloop
  endfacet
  facet normal 0 0 1
    outer loop
      vertex 1.21752 1.58671 6.5
      vertex 1.41421 -1.41421 6.5
      vertex 1.41421 1.41421 6.5
    endloop
  endfacet
  facet normal 0 0 1
    outer loop
      vertex 1.21752 1.58671 6.5
      vertex 1.21752 -1.58671 6.5
      vertex 1.41421 -1.41421 6.5
    endloop
  endfacet
  facet normal 0 0 1
    outer loop
      vertex 1 1.73205 6.5
      vertex 1.21752 -1.58671 6.5
      vertex 1.21752 1.58671 6.5
    endloop
  endfacet
  facet normal 0 0 1
    outer loop
      vertex 1 1.73205 6.5
      vertex 1 -1.73205 6.5
      vertex 1.21752 -1.58671 6.5
    endloop
  endfacet
  facet normal 0 0 1
    outer loop
      vertex 0.765367 1.84776 6.5
      vertex 1 -1.73205 6.5
      vertex 1 1.73205 6.5
    endloop
  endfacet
  facet normal 0 0 1
    outer loop
      vertex 0.765367 1.84776 6.5
      vertex 0.765367 -1.84776 6.5
      vertex 1 -1.73205 6.5
    endloop
  endfacet
  facet normal 0 0 1
    outer loop
      vertex 0.517637 1.93185 6.5
      vertex 0.765367 -1.84776 6.5
      vertex 0.765367 1.84776 6.5
    endloop
  endfacet
  facet normal 0 0 1
    outer loop
      vertex 0.517637 1.93185 6.5
      vertex 0.517637 -1.93185 6.5
      vertex 0.765367 -1.84776 6.5
    endloop
  endfacet
  facet normal 0 0 1
    outer loop
      vertex 0.261052 1.98289 6.5
      vertex 0.517637 -1.93185 6.5
      vertex 0.517637 1.93185 6.5
    endloop
  endfacet
  facet normal 0 0 1
    outer loop
      vertex 0.261052 1.98289 6.5
      vertex 0.261052 -1.98289 6.5
      vertex 0.517637 -1.93185 6.5
    endloop
  endfacet
  facet normal 0 0 1
    outer loop
      vertex 0 2 6.5
      vertex 0.261052 -1.98289 6.5
      vertex 0.261052 1.98289 6.5
    endloop
  endfacet
  facet normal 0 0 1
    outer loop
      vertex 0 2 6.5
      vertex 0 -2 6.5
      vertex 0.261052 -1.98289 6.5
    endloop
  endfacet
  facet normal -0 0 1
    outer loop
      vertex -0.261052 1.98289 6.5
      vertex 0 -2 6.5
      vertex 0 2 6.5
    endloop
  endfacet
  facet normal 0 0 1
    outer loop
      vertex -0.261052 1.98289 6.5
      vertex -0.261052 -1.98289 6.5
      vertex 0 -2 6.5
    endloop
  endfacet
  facet normal -0 0 1
    outer loop
      vertex -0.517637 1.93185 6.5
      vertex -0.261052 -1.98289 6.5
      vertex -0.261052 1.98289 6.5
    endloop
  endfacet
  facet normal 0 0 1
    outer loop
      vertex -0.517637 1.93185 6.5
      vertex -0.517637 -1.93185 6.5
      vertex -0.261052 -1.98289 6.5
    endloop
  endfacet
  facet normal -0 0 1
    outer loop
      vertex -0.765367 1.84776 6.5
      vertex -0.517637 -1.93185 6.5
      vertex -0.517637 1.93185 6.5
    endloop
  endfacet
  facet normal 0 0 1
    outer loop
      vertex -0.765367 1.84776 6.5
      vertex -0.765367 -1.84776 6.5
      vertex -0.517637 -1.93185 6.5
    endloop
  endfacet
  facet normal -0 0 1
    outer loop
      vertex -1 1.73205 6.5
      vertex -0.765367 -1.84776 6.5
      vertex -0.765367 1.84776 6.5
    endloop
  endfacet
  facet normal 0 0 1
    outer loop
      vertex -1 1.73205 6.5
      vertex -1 -1.73205 6.5
      vertex -0.765367 -1.84776 6.5
    endloop
  endfacet
  facet normal -0 0 1
    outer loop
      vertex -1.21752 1.58671 6.5
      vertex -1 -1.73205 6.5
      vertex -1 1.73205 6.5
    endloop
  endfacet
  facet normal 0 0 1
    outer loop
      vertex -1.21752 1.58671 6.5
      vertex -1.21752 -1.58671 6.5
      vertex -1 -1.73205 6.5
    endloop
  endfacet
  facet normal -0 0 1
    outer loop
      vertex -1.41421 1.41421 6.5
      vertex -1.21752 -1.58671 6.5
      vertex -1.21752 1.58671 6.5
    endloop
  endfacet
  facet normal 0 0 1
    outer loop
      vertex -1.41421 1.41421 6.5
      vertex -1.41421 -1.41421 6.5
      vertex -1.21752 -1.58671 6.5
    endloop
  endfacet
  facet normal -0 0 1
    outer loop
      vertex -1.58671 1.21752 6.5
      vertex -1.41421 -1.41421 6.5
      vertex -1.41421 1.41421 6.5
    endloop
  endfacet
  facet normal 0 0 1
    outer loop
      vertex -1.58671 1.21752 6.5
      vertex -1.58671 -1.21752 6.5
      vertex -1.41421 -1.41421 6.5
    endloop
  endfacet
  facet normal -0 0 1
    outer loop
      vertex -1.73205 1 6.5
      vertex -1.58671 -1.21752 6.5
      vertex -1.58671 1.21752 6.5
    endloop
  endfacet
  facet normal 0 0 1
    outer loop
      vertex -1.73205 1 6.5
      vertex -1.73205 -1 6.5
      vertex -1.58671 -1.21752 6.5
    endloop
  endfacet
  facet normal -0 0 1
    outer loop
      vertex -1.84776 0.765367 6.5
      vertex -1.73205 -1 6.5
      vertex -1.73205 1 6.5
    endloop
  endfacet
  facet normal 0 0 1
    outer loop
      vertex -1.84776 0.765367 6.5
      vertex -1.84776 -0.765367 6.5
      vertex -1.73205 -1 6.5
    endloop
  endfacet
  facet normal -0 0 1
    outer loop
      vertex -1.93185 0.517637 6.5
      vertex -1.84776 -0.765367 6.5
      vertex -1.84776 0.765367 6.5
    endloop
  endfacet
  facet normal 0 0 1
    outer loop
      vertex -1.93185 0.517637 6.5
      vertex -1.93185 -0.517637 6.5
      vertex -1.84776 -0.765367 6.5
    endloop
  endfacet
  facet normal -0 0 1
    outer loop
      vertex -1.98289 0.261052 6.5
      vertex -1.93185 -0.517637 6.5
      vertex -1.93185 0.517637 6.5
    endloop
  endfacet
  facet normal 0 0 1
    outer loop
      vertex -1.98289 0.261052 6.5
      vertex -1.98289 -0.261052 6.5
      vertex -1.93185 -0.517637 6.5
    endloop
  endfacet
  facet normal 0 -0 1
    outer loop
      vertex -1.98289 -0.261052 6.5
      vertex -1.98289 0.261052 6.5
      vertex -2 0 6.5
    endloop
  endfacet
  facet normal -0.442294 0.89687 0
    outer loop
      vertex -0.765367 1.84776 0
      vertex -1 1.73205 6.5
      vertex -0.765367 1.84776 6.5
    endloop
  endfacet
  facet normal -0.442294 0.89687 0
    outer loop
      vertex -1 1.73205 6.5
      vertex -0.765367 1.84776 0
      vertex -1 1.73205 0
    endloop
  endfacet
  facet normal -0.555564 0.831474 0
    outer loop
      vertex -1 1.73205 0
      vertex -1.21752 1.58671 6.5
      vertex -1 1.73205 6.5
    endloop
  endfacet
  facet normal -0.555564 0.831474 0
    outer loop
      vertex -1.21752 1.58671 6.5
      vertex -1 1.73205 0
      vertex -1.21752 1.58671 0
    endloop
  endfacet
  facet normal -0.0654022 0.997859 0
    outer loop
      vertex 0 2 0
      vertex -0.261052 1.98289 6.5
      vertex 0 2 6.5
    endloop
  endfacet
  facet normal -0.0654022 0.997859 0
    outer loop
      vertex -0.261052 1.98289 6.5
      vertex 0 2 0
      vertex -0.261052 1.98289 0
    endloop
  endfacet
  facet normal 0.997859 -0.0654022 0
    outer loop
      vertex 1.98289 -0.261052 6.5
      vertex 2 0 0
      vertex 2 0 6.5
    endloop
  endfacet
  facet normal 0.997859 -0.0654022 0
    outer loop
      vertex 2 0 0
      vertex 1.98289 -0.261052 6.5
      vertex 1.98289 -0.261052 0
    endloop
  endfacet
  facet normal 0.0654022 -0.997859 0
    outer loop
      vertex 0 -2 0
      vertex 0.261052 -1.98289 6.5
      vertex 0 -2 6.5
    endloop
  endfacet
  facet normal 0.0654022 -0.997859 0
    outer loop
      vertex 0.261052 -1.98289 6.5
      vertex 0 -2 0
      vertex 0.261052 -1.98289 0
    endloop
  endfacet
  facet normal 0.321429 -0.946934 0
    outer loop
      vertex 0.517637 -1.93185 0
      vertex 0.765367 -1.84776 6.5
      vertex 0.517637 -1.93185 6.5
    endloop
  endfacet
  facet normal 0.321429 -0.946934 0
    outer loop
      vertex 0.765367 -1.84776 6.5
      vertex 0.517637 -1.93185 0
      vertex 0.765367 -1.84776 0
    endloop
  endfacet
  facet normal 0.659362 -0.751826 0
    outer loop
      vertex 1.21752 -1.58671 0
      vertex 1.41421 -1.41421 6.5
      vertex 1.21752 -1.58671 6.5
    endloop
  endfacet
  facet normal 0.659362 -0.751826 0
    outer loop
      vertex 1.41421 -1.41421 6.5
      vertex 1.21752 -1.58671 0
      vertex 1.41421 -1.41421 0
    endloop
  endfacet
  facet normal 0.831474 -0.555564 0
    outer loop
      vertex 1.58671 -1.21752 6.5
      vertex 1.73205 -1 0
      vertex 1.73205 -1 6.5
    endloop
  endfacet
  facet normal 0.831474 -0.555564 0
    outer loop
      vertex 1.73205 -1 0
      vertex 1.58671 -1.21752 6.5
      vertex 1.58671 -1.21752 0
    endloop
  endfacet
  facet normal 0.980784 -0.195098 0
    outer loop
      vertex 1.93185 -0.517637 6.5
      vertex 1.98289 -0.261052 0
      vertex 1.98289 -0.261052 6.5
    endloop
  endfacet
  facet normal 0.980784 -0.195098 0
    outer loop
      vertex 1.98289 -0.261052 0
      vertex 1.93185 -0.517637 6.5
      vertex 1.93185 -0.517637 0
    endloop
  endfacet
  facet normal -0.555564 -0.831474 0
    outer loop
      vertex -1.21752 -1.58671 0
      vertex -1 -1.73205 6.5
      vertex -1.21752 -1.58671 6.5
    endloop
  endfacet
  facet normal -0.555564 -0.831474 -0
    outer loop
      vertex -1 -1.73205 6.5
      vertex -1.21752 -1.58671 0
      vertex -1 -1.73205 0
    endloop
  endfacet
  facet normal -0.195098 -0.980784 0
    outer loop
      vertex -0.517637 -1.93185 0
      vertex -0.261052 -1.98289 6.5
      vertex -0.517637 -1.93185 6.5
    endloop
  endfacet
  facet normal -0.195098 -0.980784 -0
    outer loop
      vertex -0.261052 -1.98289 6.5
      vertex -0.517637 -1.93185 0
      vertex -0.261052 -1.98289 0
    endloop
  endfacet
  facet normal -0.89687 -0.442294 0
    outer loop
      vertex -1.73205 -1 0
      vertex -1.84776 -0.765367 6.5
      vertex -1.84776 -0.765367 0
    endloop
  endfacet
  facet normal -0.89687 -0.442294 0
    outer loop
      vertex -1.84776 -0.765367 6.5
      vertex -1.73205 -1 0
      vertex -1.73205 -1 6.5
    endloop
  endfacet
  facet normal -0.751826 -0.659362 0
    outer loop
      vertex -1.41421 -1.41421 0
      vertex -1.58671 -1.21752 6.5
      vertex -1.58671 -1.21752 0
    endloop
  endfacet
  facet normal -0.751826 -0.659362 0
    outer loop
      vertex -1.58671 -1.21752 6.5
      vertex -1.41421 -1.41421 0
      vertex -1.41421 -1.41421 6.5
    endloop
  endfacet
  facet normal -0.946934 -0.321429 0
    outer loop
      vertex -1.84776 -0.765367 0
      vertex -1.93185 -0.517637 6.5
      vertex -1.93185 -0.517637 0
    endloop
  endfacet
  facet normal -0.946934 -0.321429 0
    outer loop
      vertex -1.93185 -0.517637 6.5
      vertex -1.84776 -0.765367 0
      vertex -1.84776 -0.765367 6.5
    endloop
  endfacet
  facet normal -0.997859 -0.0654022 0
    outer loop
      vertex -1.98289 -0.261052 0
      vertex -2 0 6.5
      vertex -2 0 0
    endloop
  endfacet
  facet normal -0.997859 -0.0654022 0
    outer loop
      vertex -2 0 6.5
      vertex -1.98289 -0.261052 0
      vertex -1.98289 -0.261052 6.5
    endloop
  endfacet
  facet normal 0.195098 -0.980784 0
    outer loop
      vertex 0.261052 -1.98289 0
      vertex 0.517637 -1.93185 6.5
      vertex 0.261052 -1.98289 6.5
    endloop
  endfacet
  facet normal 0.195098 -0.980784 0
    outer loop
      vertex 0.517637 -1.93185 6.5
      vertex 0.261052 -1.98289 0
      vertex 0.517637 -1.93185 0
    endloop
  endfacet
  facet normal 0.442294 -0.89687 0
    outer loop
      vertex 0.765367 -1.84776 0
      vertex 1 -1.73205 6.5
      vertex 0.765367 -1.84776 6.5
    endloop
  endfacet
  facet normal 0.442294 -0.89687 0
    outer loop
      vertex 1 -1.73205 6.5
      vertex 0.765367 -1.84776 0
      vertex 1 -1.73205 0
    endloop
  endfacet
  facet normal 0.751826 -0.659362 0
    outer loop
      vertex 1.41421 -1.41421 6.5
      vertex 1.58671 -1.21752 0
      vertex 1.58671 -1.21752 6.5
    endloop
  endfacet
  facet normal 0.751826 -0.659362 0
    outer loop
      vertex 1.58671 -1.21752 0
      vertex 1.41421 -1.41421 6.5
      vertex 1.41421 -1.41421 0
    endloop
  endfacet
  facet normal 0.89687 -0.442294 0
    outer loop
      vertex 1.73205 -1 6.5
      vertex 1.84776 -0.765367 0
      vertex 1.84776 -0.765367 6.5
    endloop
  endfacet
  facet normal 0.89687 -0.442294 0
    outer loop
      vertex 1.84776 -0.765367 0
      vertex 1.73205 -1 6.5
      vertex 1.73205 -1 0
    endloop
  endfacet
  facet normal -0.442294 -0.89687 0
    outer loop
      vertex -1 -1.73205 0
      vertex -0.765367 -1.84776 6.5
      vertex -1 -1.73205 6.5
    endloop
  endfacet
  facet normal -0.442294 -0.89687 -0
    outer loop
      vertex -0.765367 -1.84776 6.5
      vertex -1 -1.73205 0
      vertex -0.765367 -1.84776 0
    endloop
  endfacet
  facet normal -0.0654022 -0.997859 0
    outer loop
      vertex -0.261052 -1.98289 0
      vertex 0 -2 6.5
      vertex -0.261052 -1.98289 6.5
    endloop
  endfacet
  facet normal -0.0654022 -0.997859 -0
    outer loop
      vertex 0 -2 6.5
      vertex -0.261052 -1.98289 0
      vertex 0 -2 0
    endloop
  endfacet
  facet normal -0.831474 -0.555564 0
    outer loop
      vertex -1.58671 -1.21752 0
      vertex -1.73205 -1 6.5
      vertex -1.73205 -1 0
    endloop
  endfacet
  facet normal -0.831474 -0.555564 0
    outer loop
      vertex -1.73205 -1 6.5
      vertex -1.58671 -1.21752 0
      vertex -1.58671 -1.21752 6.5
    endloop
  endfacet
  facet normal -0.980784 -0.195098 0
    outer loop
      vertex -1.93185 -0.517637 0
      vertex -1.98289 -0.261052 6.5
      vertex -1.98289 -0.261052 0
    endloop
  endfacet
  facet normal -0.980784 -0.195098 0
    outer loop
      vertex -1.98289 -0.261052 6.5
      vertex -1.93185 -0.517637 0
      vertex -1.93185 -0.517637 6.5
    endloop
  endfacet
  facet normal 0.946934 -0.321429 0
    outer loop
      vertex 1.84776 -0.765367 6.5
      vertex 1.93185 -0.517637 0
      vertex 1.93185 -0.517637 6.5
    endloop
  endfacet
  facet normal 0.946934 -0.321429 0
    outer loop
      vertex 1.93185 -0.517637 0
      vertex 1.84776 -0.765367 6.5
      vertex 1.84776 -0.765367 0
    endloop
  endfacet
  facet normal 0.997859 0.0654022 0
    outer loop
      vertex 10 0 6.5
      vertex 9.98289 0.261052 0
      vertex 9.98289 0.261052 6.5
    endloop
  endfacet
  facet normal 0.997859 0.0654022 0
    outer loop
      vertex 9.98289 0.261052 0
      vertex 10 0 6.5
      vertex 10 0 0
    endloop
  endfacet
  facet normal -0.997859 -0.0654022 0
    outer loop
      vertex 6.01711 -0.261052 0
      vertex 6 0 6.5
      vertex 6 0 0
    endloop
  endfacet
  facet normal -0.997859 -0.0654022 0
    outer loop
      vertex 6 0 6.5
      vertex 6.01711 -0.261052 0
      vertex 6.01711 -0.261052 6.5
    endloop
  endfacet
  facet normal -0.0654027 0.997859 0
    outer loop
      vertex 8 2 0
      vertex 7.73895 1.98289 6.5
      vertex 8 2 6.5
    endloop
  endfacet
  facet normal -0.0654027 0.997859 0
    outer loop
      vertex 7.73895 1.98289 6.5
      vertex 8 2 0
      vertex 7.73895 1.98289 0
    endloop
  endfacet
  facet normal 0.0654027 -0.997859 0
    outer loop
      vertex 8 -2 0
      vertex 8.26105 -1.98289 6.5
      vertex 8 -2 6.5
    endloop
  endfacet
  facet normal 0.0654027 -0.997859 0
    outer loop
      vertex 8.26105 -1.98289 6.5
      vertex 8 -2 0
      vertex 8.26105 -1.98289 0
    endloop
  endfacet
  facet normal 0.751826 -0.659362 0
    outer loop
      vertex 9.41421 -1.41421 6.5
      vertex 9.58671 -1.21752 0
      vertex 9.58671 -1.21752 6.5
    endloop
  endfacet
  facet normal 0.751826 -0.659362 0
    outer loop
      vertex 9.58671 -1.21752 0
      vertex 9.41421 -1.41421 6.5
      vertex 9.41421 -1.41421 0
    endloop
  endfacet
  facet normal 0.659362 0.751826 -0
    outer loop
      vertex 9.41421 1.41421 0
      vertex 9.21752 1.58671 6.5
      vertex 9.41421 1.41421 6.5
    endloop
  endfacet
  facet normal 0.659362 0.751826 0
    outer loop
      vertex 9.21752 1.58671 6.5
      vertex 9.41421 1.41421 0
      vertex 9.21752 1.58671 0
    endloop
  endfacet
  facet normal -0.751826 0.659362 0
    outer loop
      vertex 6.41329 1.21752 0
      vertex 6.58579 1.41421 6.5
      vertex 6.58579 1.41421 0
    endloop
  endfacet
  facet normal -0.751826 0.659362 0
    outer loop
      vertex 6.58579 1.41421 6.5
      vertex 6.41329 1.21752 0
      vertex 6.41329 1.21752 6.5
    endloop
  endfacet
  facet normal -0.442299 0.896868 0
    outer loop
      vertex 7.23463 1.84776 0
      vertex 7 1.73205 6.5
      vertex 7.23463 1.84776 6.5
    endloop
  endfacet
  facet normal -0.442299 0.896868 0
    outer loop
      vertex 7 1.73205 6.5
      vertex 7.23463 1.84776 0
      vertex 7 1.73205 0
    endloop
  endfacet
  facet normal 0.89687 0.442294 0
    outer loop
      vertex 9.84776 0.765367 6.5
      vertex 9.73205 1 0
      vertex 9.73205 1 6.5
    endloop
  endfacet
  facet normal 0.89687 0.442294 0
    outer loop
      vertex 9.73205 1 0
      vertex 9.84776 0.765367 6.5
      vertex 9.84776 0.765367 0
    endloop
  endfacet
  facet normal 0.980784 0.195098 0
    outer loop
      vertex 9.98289 0.261052 6.5
      vertex 9.93185 0.517637 0
      vertex 9.93185 0.517637 6.5
    endloop
  endfacet
  facet normal 0.980784 0.195098 0
    outer loop
      vertex 9.93185 0.517637 0
      vertex 9.98289 0.261052 6.5
      vertex 9.98289 0.261052 0
    endloop
  endfacet
  facet normal 0.831474 0.555564 0
    outer loop
      vertex 9.73205 1 6.5
      vertex 9.58671 1.21752 0
      vertex 9.58671 1.21752 6.5
    endloop
  endfacet
  facet normal 0.831474 0.555564 0
    outer loop
      vertex 9.58671 1.21752 0
      vertex 9.73205 1 6.5
      vertex 9.73205 1 0
    endloop
  endfacet
  facet normal 0.321429 0.946934 -0
    outer loop
      vertex 8.76537 1.84776 0
      vertex 8.51764 1.93185 6.5
      vertex 8.76537 1.84776 6.5
    endloop
  endfacet
  facet normal 0.321429 0.946934 0
    outer loop
      vertex 8.51764 1.93185 6.5
      vertex 8.76537 1.84776 0
      vertex 8.51764 1.93185 0
    endloop
  endfacet
  facet normal 0.555564 0.831474 -0
    outer loop
      vertex 9.21752 1.58671 0
      vertex 9 1.73205 6.5
      vertex 9.21752 1.58671 6.5
    endloop
  endfacet
  facet normal 0.555564 0.831474 0
    outer loop
      vertex 9 1.73205 6.5
      vertex 9.21752 1.58671 0
      vertex 9 1.73205 0
    endloop
  endfacet
  facet normal -0.89687 0.442294 0
    outer loop
      vertex 6.15224 0.765367 0
      vertex 6.26795 1 6.5
      vertex 6.26795 1 0
    endloop
  endfacet
  facet normal -0.89687 0.442294 0
    outer loop
      vertex 6.26795 1 6.5
      vertex 6.15224 0.765367 0
      vertex 6.15224 0.765367 6.5
    endloop
  endfacet
  facet normal -0.831474 0.555564 0
    outer loop
      vertex 6.26795 1 0
      vertex 6.41329 1.21752 6.5
      vertex 6.41329 1.21752 0
    endloop
  endfacet
  facet normal -0.831474 0.555564 0
    outer loop
      vertex 6.41329 1.21752 6.5
      vertex 6.26795 1 0
      vertex 6.26795 1 6.5
    endloop
  endfacet
  facet normal -0.980784 0.195098 0
    outer loop
      vertex 6.01711 0.261052 0
      vertex 6.06815 0.517637 6.5
      vertex 6.06815 0.517637 0
    endloop
  endfacet
  facet normal -0.980784 0.195098 0
    outer loop
      vertex 6.06815 0.517637 6.5
      vertex 6.01711 0.261052 0
      vertex 6.01711 0.261052 6.5
    endloop
  endfacet
  facet normal -0.555564 0.831474 0
    outer loop
      vertex 7 1.73205 0
      vertex 6.78248 1.58671 6.5
      vertex 7 1.73205 6.5
    endloop
  endfacet
  facet normal -0.555564 0.831474 0
    outer loop
      vertex 6.78248 1.58671 6.5
      vertex 7 1.73205 0
      vertex 6.78248 1.58671 0
    endloop
  endfacet
  facet normal -0.195094 0.980784 0
    outer loop
      vertex 7.73895 1.98289 0
      vertex 7.48236 1.93185 6.5
      vertex 7.73895 1.98289 6.5
    endloop
  endfacet
  facet normal -0.195094 0.980784 0
    outer loop
      vertex 7.48236 1.93185 6.5
      vertex 7.73895 1.98289 0
      vertex 7.48236 1.93185 0
    endloop
  endfacet
  facet normal 0.946934 0.321429 0
    outer loop
      vertex 9.93185 0.517637 6.5
      vertex 9.84776 0.765367 0
      vertex 9.84776 0.765367 6.5
    endloop
  endfacet
  facet normal 0.946934 0.321429 0
    outer loop
      vertex 9.84776 0.765367 0
      vertex 9.93185 0.517637 6.5
      vertex 9.93185 0.517637 0
    endloop
  endfacet
  facet normal 0.751826 0.659362 0
    outer loop
      vertex 9.58671 1.21752 6.5
      vertex 9.41421 1.41421 0
      vertex 9.41421 1.41421 6.5
    endloop
  endfacet
  facet normal 0.751826 0.659362 0
    outer loop
      vertex 9.41421 1.41421 0
      vertex 9.58671 1.21752 6.5
      vertex 9.58671 1.21752 0
    endloop
  endfacet
  facet normal 0.195094 0.980784 -0
    outer loop
      vertex 8.51764 1.93185 0
      vertex 8.26105 1.98289 6.5
      vertex 8.51764 1.93185 6.5
    endloop
  endfacet
  facet normal 0.195094 0.980784 0
    outer loop
      vertex 8.26105 1.98289 6.5
      vertex 8.51764 1.93185 0
      vertex 8.26105 1.98289 0
    endloop
  endfacet
  facet normal 0.0654027 0.997859 -0
    outer loop
      vertex 8.26105 1.98289 0
      vertex 8 2 6.5
      vertex 8.26105 1.98289 6.5
    endloop
  endfacet
  facet normal 0.0654027 0.997859 0
    outer loop
      vertex 8 2 6.5
      vertex 8.26105 1.98289 0
      vertex 8 2 0
    endloop
  endfacet
  facet normal 0.442299 0.896868 -0
    outer loop
      vertex 9 1.73205 0
      vertex 8.76537 1.84776 6.5
      vertex 9 1.73205 6.5
    endloop
  endfacet
  facet normal 0.442299 0.896868 0
    outer loop
      vertex 8.76537 1.84776 6.5
      vertex 9 1.73205 0
      vertex 8.76537 1.84776 0
    endloop
  endfacet
  facet normal 0 0 -1
    outer loop
      vertex 9.98289 -0.261052 0
      vertex 9.98289 0.261052 0
      vertex 10 0 0
    endloop
  endfacet
  facet normal 0 0 -1
    outer loop
      vertex 9.93185 -0.517637 0
      vertex 9.98289 0.261052 0
      vertex 9.98289 -0.261052 0
    endloop
  endfacet
  facet normal 0 0 -1
    outer loop
      vertex 9.93185 -0.517637 0
      vertex 9.93185 0.517637 0
      vertex 9.98289 0.261052 0
    endloop
  endfacet
  facet normal 0 0 -1
    outer loop
      vertex 9.84776 -0.765367 0
      vertex 9.93185 0.517637 0
      vertex 9.93185 -0.517637 0
    endloop
  endfacet
  facet normal 0 0 -1
    outer loop
      vertex 9.84776 -0.765367 0
      vertex 9.84776 0.765367 0
      vertex 9.93185 0.517637 0
    endloop
  endfacet
  facet normal 0 0 -1
    outer loop
      vertex 9.73205 -1 0
      vertex 9.84776 0.765367 0
      vertex 9.84776 -0.765367 0
    endloop
  endfacet
  facet normal 0 0 -1
    outer loop
      vertex 9.73205 -1 0
      vertex 9.73205 1 0
      vertex 9.84776 0.765367 0
    endloop
  endfacet
  facet normal 0 0 -1
    outer loop
      vertex 9.58671 -1.21752 0
      vertex 9.73205 1 0
      vertex 9.73205 -1 0
    endloop
  endfacet
  facet normal 0 0 -1
    outer loop
      vertex 9.58671 -1.21752 0
      vertex 9.58671 1.21752 0
      vertex 9.73205 1 0
    endloop
  endfacet
  facet normal 0 0 -1
    outer loop
      vertex 9.41421 -1.41421 0
      vertex 9.58671 1.21752 0
      vertex 9.58671 -1.21752 0
    endloop
  endfacet
  facet normal 0 0 -1
    outer loop
      vertex 9.41421 -1.41421 0
      vertex 9.41421 1.41421 0
      vertex 9.58671 1.21752 0
    endloop
  endfacet
  facet normal 0 0 -1
    outer loop
      vertex 9.21752 -1.58671 0
      vertex 9.41421 1.41421 0
      vertex 9.41421 -1.41421 0
    endloop
  endfacet
  facet normal 0 0 -1
    outer loop
      vertex 9.21752 -1.58671 0
      vertex 9.21752 1.58671 0
      vertex 9.41421 1.41421 0
    endloop
  endfacet
  facet normal 0 0 -1
    outer loop
      vertex 9 -1.73205 0
      vertex 9.21752 1.58671 0
      vertex 9.21752 -1.58671 0
    endloop
  endfacet
  facet normal 0 0 -1
    outer loop
      vertex 9 -1.73205 0
      vertex 9 1.73205 0
      vertex 9.21752 1.58671 0
    endloop
  endfacet
  facet normal 0 0 -1
    outer loop
      vertex 8.76537 -1.84776 0
      vertex 9 1.73205 0
      vertex 9 -1.73205 0
    endloop
  endfacet
  facet normal 0 0 -1
    outer loop
      vertex 8.76537 -1.84776 0
      vertex 8.76537 1.84776 0
      vertex 9 1.73205 0
    endloop
  endfacet
  facet normal 0 0 -1
    outer loop
      vertex 8.51764 -1.93185 0
      vertex 8.76537 1.84776 0
      vertex 8.76537 -1.84776 0
    endloop
  endfacet
  facet normal 0 0 -1
    outer loop
      vertex 8.51764 -1.93185 0
      vertex 8.51764 1.93185 0
      vertex 8.76537 1.84776 0
    endloop
  endfacet
  facet normal 0 0 -1
    outer loop
      vertex 8.26105 -1.98289 0
      vertex 8.51764 1.93185 0
      vertex 8.51764 -1.93185 0
    endloop
  endfacet
  facet normal 0 0 -1
    outer loop
      vertex 8.26105 -1.98289 0
      vertex 8.26105 1.98289 0
      vertex 8.51764 1.93185 0
    endloop
  endfacet
  facet normal 0 0 -1
    outer loop
      vertex 8 -2 0
      vertex 8.26105 1.98289 0
      vertex 8.26105 -1.98289 0
    endloop
  endfacet
  facet normal 0 0 -1
    outer loop
      vertex 8 -2 0
      vertex 8 2 0
      vertex 8.26105 1.98289 0
    endloop
  endfacet
  facet normal 0 0 -1
    outer loop
      vertex 7.73895 -1.98289 0
      vertex 8 2 0
      vertex 8 -2 0
    endloop
  endfacet
  facet normal 0 0 -1
    outer loop
      vertex 7.73895 -1.98289 0
      vertex 7.73895 1.98289 0
      vertex 8 2 0
    endloop
  endfacet
  facet normal 0 0 -1
    outer loop
      vertex 7.48236 -1.93185 0
      vertex 7.73895 1.98289 0
      vertex 7.73895 -1.98289 0
    endloop
  endfacet
  facet normal 0 0 -1
    outer loop
      vertex 7.48236 -1.93185 0
      vertex 7.48236 1.93185 0
      vertex 7.73895 1.98289 0
    endloop
  endfacet
  facet normal 0 0 -1
    outer loop
      vertex 7.23463 -1.84776 0
      vertex 7.48236 1.93185 0
      vertex 7.48236 -1.93185 0
    endloop
  endfacet
  facet normal 0 0 -1
    outer loop
      vertex 7.23463 -1.84776 0
      vertex 7.23463 1.84776 0
      vertex 7.48236 1.93185 0
    endloop
  endfacet
  facet normal 0 0 -1
    outer loop
      vertex 7 -1.73205 0
      vertex 7.23463 1.84776 0
      vertex 7.23463 -1.84776 0
    endloop
  endfacet
  facet normal 0 0 -1
    outer loop
      vertex 7 -1.73205 0
      vertex 7 1.73205 0
      vertex 7.23463 1.84776 0
    endloop
  endfacet
  facet normal 0 0 -1
    outer loop
      vertex 6.78248 -1.58671 0
      vertex 7 1.73205 0
      vertex 7 -1.73205 0
    endloop
  endfacet
  facet normal 0 0 -1
    outer loop
      vertex 6.78248 -1.58671 0
      vertex 6.78248 1.58671 0
      vertex 7 1.73205 0
    endloop
  endfacet
  facet normal 0 0 -1
    outer loop
      vertex 6.58579 -1.41421 0
      vertex 6.78248 1.58671 0
      vertex 6.78248 -1.58671 0
    endloop
  endfacet
  facet normal 0 0 -1
    outer loop
      vertex 6.58579 -1.41421 0
      vertex 6.58579 1.41421 0
      vertex 6.78248 1.58671 0
    endloop
  endfacet
  facet normal 0 0 -1
    outer loop
      vertex 6.41329 -1.21752 0
      vertex 6.58579 1.41421 0
      vertex 6.58579 -1.41421 0
    endloop
  endfacet
  facet normal 0 0 -1
    outer loop
      vertex 6.41329 -1.21752 0
      vertex 6.41329 1.21752 0
      vertex 6.58579 1.41421 0
    endloop
  endfacet
  facet normal 0 0 -1
    outer loop
      vertex 6.26795 -1 0
      vertex 6.41329 1.21752 0
      vertex 6.41329 -1.21752 0
    endloop
  endfacet
  facet normal 0 0 -1
    outer loop
      vertex 6.26795 -1 0
      vertex 6.26795 1 0
      vertex 6.41329 1.21752 0
    endloop
  endfacet
  facet normal 0 0 -1
    outer loop
      vertex 6.15224 -0.765367 0
      vertex 6.26795 1 0
      vertex 6.26795 -1 0
    endloop
  endfacet
  facet normal 0 0 -1
    outer loop
      vertex 6.15224 -0.765367 0
      vertex 6.15224 0.765367 0
      vertex 6.26795 1 0
    endloop
  endfacet
  facet normal 0 0 -1
    outer loop
      vertex 6.06815 -0.517637 0
      vertex 6.15224 0.765367 0
      vertex 6.15224 -0.765367 0
    endloop
  endfacet
  facet normal 0 0 -1
    outer loop
      vertex 6.06815 -0.517637 0
      vertex 6.06815 0.517637 0
      vertex 6.15224 0.765367 0
    endloop
  endfacet
  facet normal 0 0 -1
    outer loop
      vertex 6.01711 -0.261052 0
      vertex 6.06815 0.517637 0
      vertex 6.06815 -0.517637 0
    endloop
  endfacet
  facet normal 0 0 -1
    outer loop
      vertex 6.01711 -0.261052 0
      vertex 6.01711 0.261052 0
      vertex 6.06815 0.517637 0
    endloop
  endfacet
  facet normal 0 -0 -1
    outer loop
      vertex 6.01711 0.261052 0
      vertex 6.01711 -0.261052 0
      vertex 6 0 0
    endloop
  endfacet
  facet normal -0.946934 0.321429 0
    outer loop
      vertex 6.06815 0.517637 0
      vertex 6.15224 0.765367 6.5
      vertex 6.15224 0.765367 0
    endloop
  endfacet
  facet normal -0.946934 0.321429 0
    outer loop
      vertex 6.15224 0.765367 6.5
      vertex 6.06815 0.517637 0
      vertex 6.06815 0.517637 6.5
    endloop
  endfacet
  facet normal -0.997859 0.0654022 0
    outer loop
      vertex 6 0 0
      vertex 6.01711 0.261052 6.5
      vertex 6.01711 0.261052 0
    endloop
  endfacet
  facet normal -0.997859 0.0654022 0
    outer loop
      vertex 6.01711 0.261052 6.5
      vertex 6 0 0
      vertex 6 0 6.5
    endloop
  endfacet
  facet normal 0 0 1
    outer loop
      vertex 9.98289 0.261052 6.5
      vertex 9.98289 -0.261052 6.5
      vertex 10 0 6.5
    endloop
  endfacet
  facet normal 0 0 1
    outer loop
      vertex 9.93185 0.517637 6.5
      vertex 9.98289 -0.261052 6.5
      vertex 9.98289 0.261052 6.5
    endloop
  endfacet
  facet normal 0 0 1
    outer loop
      vertex 9.93185 0.517637 6.5
      vertex 9.93185 -0.517637 6.5
      vertex 9.98289 -0.261052 6.5
    endloop
  endfacet
  facet normal 0 0 1
    outer loop
      vertex 9.84776 0.765367 6.5
      vertex 9.93185 -0.517637 6.5
      vertex 9.93185 0.517637 6.5
    endloop
  endfacet
  facet normal 0 0 1
    outer loop
      vertex 9.84776 0.765367 6.5
      vertex 9.84776 -0.765367 6.5
      vertex 9.93185 -0.517637 6.5
    endloop
  endfacet
  facet normal 0 0 1
    outer loop
      vertex 9.73205 1 6.5
      vertex 9.84776 -0.765367 6.5
      vertex 9.84776 0.765367 6.5
    endloop
  endfacet
  facet normal 0 0 1
    outer loop
      vertex 9.73205 1 6.5
      vertex 9.73205 -1 6.5
      vertex 9.84776 -0.765367 6.5
    endloop
  endfacet
  facet normal 0 0 1
    outer loop
      vertex 9.58671 1.21752 6.5
      vertex 9.73205 -1 6.5
      vertex 9.73205 1 6.5
    endloop
  endfacet
  facet normal 0 0 1
    outer loop
      vertex 9.58671 1.21752 6.5
      vertex 9.58671 -1.21752 6.5
      vertex 9.73205 -1 6.5
    endloop
  endfacet
  facet normal 0 0 1
    outer loop
      vertex 9.41421 1.41421 6.5
      vertex 9.58671 -1.21752 6.5
      vertex 9.58671 1.21752 6.5
    endloop
  endfacet
  facet normal 0 0 1
    outer loop
      vertex 9.41421 1.41421 6.5
      vertex 9.41421 -1.41421 6.5
      vertex 9.58671 -1.21752 6.5
    endloop
  endfacet
  facet normal 0 0 1
    outer loop
      vertex 9.21752 1.58671 6.5
      vertex 9.41421 -1.41421 6.5
      vertex 9.41421 1.41421 6.5
    endloop
  endfacet
  facet normal 0 0 1
    outer loop
      vertex 9.21752 1.58671 6.5
      vertex 9.21752 -1.58671 6.5
      vertex 9.41421 -1.41421 6.5
    endloop
  endfacet
  facet normal 0 0 1
    outer loop
      vertex 9 1.73205 6.5
      vertex 9.21752 -1.58671 6.5
      vertex 9.21752 1.58671 6.5
    endloop
  endfacet
  facet normal 0 0 1
    outer loop
      vertex 9 1.73205 6.5
      vertex 9 -1.73205 6.5
      vertex 9.21752 -1.58671 6.5
    endloop
  endfacet
  facet normal 0 0 1
    outer loop
      vertex 8.76537 1.84776 6.5
      vertex 9 -1.73205 6.5
      vertex 9 1.73205 6.5
    endloop
  endfacet
  facet normal 0 0 1
    outer loop
      vertex 8.76537 1.84776 6.5
      vertex 8.76537 -1.84776 6.5
      vertex 9 -1.73205 6.5
    endloop
  endfacet
  facet normal 0 0 1
    outer loop
      vertex 8.51764 1.93185 6.5
      vertex 8.76537 -1.84776 6.5
      vertex 8.76537 1.84776 6.5
    endloop
  endfacet
  facet normal 0 0 1
    outer loop
      vertex 8.51764 1.93185 6.5
      vertex 8.51764 -1.93185 6.5
      vertex 8.76537 -1.84776 6.5
    endloop
  endfacet
  facet normal 0 0 1
    outer loop
      vertex 8.26105 1.98289 6.5
      vertex 8.51764 -1.93185 6.5
      vertex 8.51764 1.93185 6.5
    endloop
  endfacet
  facet normal 0 0 1
    outer loop
      vertex 8.26105 1.98289 6.5
      vertex 8.26105 -1.98289 6.5
      vertex 8.51764 -1.93185 6.5
    endloop
  endfacet
  facet normal 0 0 1
    outer loop
      vertex 8 2 6.5
      vertex 8.26105 -1.98289 6.5
      vertex 8.26105 1.98289 6.5
    endloop
  endfacet
  facet normal 0 0 1
    outer loop
      vertex 8 2 6.5
      vertex 8 -2 6.5
      vertex 8.26105 -1.98289 6.5
    endloop
  endfacet
  facet normal -0 0 1
    outer loop
      vertex 7.73895 1.98289 6.5
      vertex 8 -2 6.5
      vertex 8 2 6.5
    endloop
  endfacet
  facet normal 0 0 1
    outer loop
      vertex 7.73895 1.98289 6.5
      vertex 7.73895 -1.98289 6.5
      vertex 8 -2 6.5
    endloop
  endfacet
  facet normal -0 0 1
    outer loop
      vertex 7.48236 1.93185 6.5
      vertex 7.73895 -1.98289 6.5
      vertex 7.73895 1.98289 6.5
    endloop
  endfacet
  facet normal 0 0 1
    outer loop
      vertex 7.48236 1.93185 6.5
      vertex 7.48236 -1.93185 6.5
      vertex 7.73895 -1.98289 6.5
    endloop
  endfacet
  facet normal -0 0 1
    outer loop
      vertex 7.23463 1.84776 6.5
      vertex 7.48236 -1.93185 6.5
      vertex 7.48236 1.93185 6.5
    endloop
  endfacet
  facet normal 0 0 1
    outer loop
      vertex 7.23463 1.84776 6.5
      vertex 7.23463 -1.84776 6.5
      vertex 7.48236 -1.93185 6.5
    endloop
  endfacet
  facet normal -0 0 1
    outer loop
      vertex 7 1.73205 6.5
      vertex 7.23463 -1.84776 6.5
      vertex 7.23463 1.84776 6.5
    endloop
  endfacet
  facet normal 0 0 1
    outer loop
      vertex 7 1.73205 6.5
      vertex 7 -1.73205 6.5
      vertex 7.23463 -1.84776 6.5
    endloop
  endfacet
  facet normal -0 0 1
    outer loop
      vertex 6.78248 1.58671 6.5
      vertex 7 -1.73205 6.5
      vertex 7 1.73205 6.5
    endloop
  endfacet
  facet normal 0 0 1
    outer loop
      vertex 6.78248 1.58671 6.5
      vertex 6.78248 -1.58671 6.5
      vertex 7 -1.73205 6.5
    endloop
  endfacet
  facet normal -0 0 1
    outer loop
      vertex 6.58579 1.41421 6.5
      vertex 6.78248 -1.58671 6.5
      vertex 6.78248 1.58671 6.5
    endloop
  endfacet
  facet normal 0 0 1
    outer loop
      vertex 6.58579 1.41421 6.5
      vertex 6.58579 -1.41421 6.5
      vertex 6.78248 -1.58671 6.5
    endloop
  endfacet
  facet normal -0 0 1
    outer loop
      vertex 6.41329 1.21752 6.5
      vertex 6.58579 -1.41421 6.5
      vertex 6.58579 1.41421 6.5
    endloop
  endfacet
  facet normal 0 0 1
    outer loop
      vertex 6.41329 1.21752 6.5
      vertex 6.41329 -1.21752 6.5
      vertex 6.58579 -1.41421 6.5
    endloop
  endfacet
  facet normal -0 0 1
    outer loop
      vertex 6.26795 1 6.5
      vertex 6.41329 -1.21752 6.5
      vertex 6.41329 1.21752 6.5
    endloop
  endfacet
  facet normal 0 0 1
    outer loop
      vertex 6.26795 1 6.5
      vertex 6.26795 -1 6.5
      vertex 6.41329 -1.21752 6.5
    endloop
  endfacet
  facet normal -0 0 1
    outer loop
      vertex 6.15224 0.765367 6.5
      vertex 6.26795 -1 6.5
      vertex 6.26795 1 6.5
    endloop
  endfacet
  facet normal 0 0 1
    outer loop
      vertex 6.15224 0.765367 6.5
      vertex 6.15224 -0.765367 6.5
      vertex 6.26795 -1 6.5
    endloop
  endfacet
  facet normal -0 0 1
    outer loop
      vertex 6.06815 0.517637 6.5
      vertex 6.15224 -0.765367 6.5
      vertex 6.15224 0.765367 6.5
    endloop
  endfacet
  facet normal 0 0 1
    outer loop
      vertex 6.06815 0.517637 6.5
      vertex 6.06815 -0.517637 6.5
      vertex 6.15224 -0.765367 6.5
    endloop
  endfacet
  facet normal -0 0 1
    outer loop
      vertex 6.01711 0.261052 6.5
      vertex 6.06815 -0.517637 6.5
      vertex 6.06815 0.517637 6.5
    endloop
  endfacet
  facet normal 0 0 1
    outer loop
      vertex 6.01711 0.261052 6.5
      vertex 6.01711 -0.261052 6.5
      vertex 6.06815 -0.517637 6.5
    endloop
  endfacet
  facet normal 0 -0 1
    outer loop
      vertex 6.01711 -0.261052 6.5
      vertex 6.01711 0.261052 6.5
      vertex 6 0 6.5
    endloop
  endfacet
  facet normal -0.659362 0.751826 0
    outer loop
      vertex 6.78248 1.58671 0
      vertex 6.58579 1.41421 6.5
      vertex 6.78248 1.58671 6.5
    endloop
  endfacet
  facet normal -0.659362 0.751826 0
    outer loop
      vertex 6.58579 1.41421 6.5
      vertex 6.78248 1.58671 0
      vertex 6.58579 1.41421 0
    endloop
  endfacet
  facet normal 0.997859 -0.0654022 0
    outer loop
      vertex 9.98289 -0.261052 6.5
      vertex 10 0 0
      vertex 10 0 6.5
    endloop
  endfacet
  facet normal 0.997859 -0.0654022 0
    outer loop
      vertex 10 0 0
      vertex 9.98289 -0.261052 6.5
      vertex 9.98289 -0.261052 0
    endloop
  endfacet
  facet normal 0.831474 -0.555564 0
    outer loop
      vertex 9.58671 -1.21752 6.5
      vertex 9.73205 -1 0
      vertex 9.73205 -1 6.5
    endloop
  endfacet
  facet normal 0.831474 -0.555564 0
    outer loop
      vertex 9.73205 -1 0
      vertex 9.58671 -1.21752 6.5
      vertex 9.58671 -1.21752 0
    endloop
  endfacet
  facet normal 0.980784 -0.195098 0
    outer loop
      vertex 9.93185 -0.517637 6.5
      vertex 9.98289 -0.261052 0
      vertex 9.98289 -0.261052 6.5
    endloop
  endfacet
  facet normal 0.980784 -0.195098 0
    outer loop
      vertex 9.98289 -0.261052 0
      vertex 9.93185 -0.517637 6.5
      vertex 9.93185 -0.517637 0
    endloop
  endfacet
  facet normal -0.751826 -0.659362 0
    outer loop
      vertex 6.58579 -1.41421 0
      vertex 6.41329 -1.21752 6.5
      vertex 6.41329 -1.21752 0
    endloop
  endfacet
  facet normal -0.751826 -0.659362 0
    outer loop
      vertex 6.41329 -1.21752 6.5
      vertex 6.58579 -1.41421 0
      vertex 6.58579 -1.41421 6.5
    endloop
  endfacet
  facet normal -0.831474 -0.555564 0
    outer loop
      vertex 6.41329 -1.21752 0
      vertex 6.26795 -1 6.5
      vertex 6.26795 -1 0
    endloop
  endfacet
  facet normal -0.831474 -0.555564 0
    outer loop
      vertex 6.26795 -1 6.5
      vertex 6.41329 -1.21752 0
      vertex 6.41329 -1.21752 6.5
    endloop
  endfacet
  facet normal -0.980784 -0.195098 0
    outer loop
      vertex 6.06815 -0.517637 0
      vertex 6.01711 -0.261052 6.5
      vertex 6.01711 -0.261052 0
    endloop
  endfacet
  facet normal -0.980784 -0.195098 0
    outer loop
      vertex 6.01711 -0.261052 6.5
      vertex 6.06815 -0.517637 0
      vertex 6.06815 -0.517637 6.5
    endloop
  endfacet
  facet normal 0.555564 -0.831474 0
    outer loop
      vertex 9 -1.73205 0
      vertex 9.21752 -1.58671 6.5
      vertex 9 -1.73205 6.5
    endloop
  endfacet
  facet normal 0.555564 -0.831474 0
    outer loop
      vertex 9.21752 -1.58671 6.5
      vertex 9 -1.73205 0
      vertex 9.21752 -1.58671 0
    endloop
  endfacet
  facet normal 0.442299 -0.896868 0
    outer loop
      vertex 8.76537 -1.84776 0
      vertex 9 -1.73205 6.5
      vertex 8.76537 -1.84776 6.5
    endloop
  endfacet
  facet normal 0.442299 -0.896868 0
    outer loop
      vertex 9 -1.73205 6.5
      vertex 8.76537 -1.84776 0
      vertex 9 -1.73205 0
    endloop
  endfacet
  facet normal -0.321429 0.946934 0
    outer loop
      vertex 7.48236 1.93185 0
      vertex 7.23463 1.84776 6.5
      vertex 7.48236 1.93185 6.5
    endloop
  endfacet
  facet normal -0.321429 0.946934 0
    outer loop
      vertex 7.23463 1.84776 6.5
      vertex 7.48236 1.93185 0
      vertex 7.23463 1.84776 0
    endloop
  endfacet
  facet normal 0.946934 -0.321429 0
    outer loop
      vertex 9.84776 -0.765367 6.5
      vertex 9.93185 -0.517637 0
      vertex 9.93185 -0.517637 6.5
    endloop
  endfacet
  facet normal 0.946934 -0.321429 0
    outer loop
      vertex 9.93185 -0.517637 0
      vertex 9.84776 -0.765367 6.5
      vertex 9.84776 -0.765367 0
    endloop
  endfacet
  facet normal 0.89687 -0.442294 0
    outer loop
      vertex 9.73205 -1 6.5
      vertex 9.84776 -0.765367 0
      vertex 9.84776 -0.765367 6.5
    endloop
  endfacet
  facet normal 0.89687 -0.442294 0
    outer loop
      vertex 9.84776 -0.765367 0
      vertex 9.73205 -1 6.5
      vertex 9.73205 -1 0
    endloop
  endfacet
  facet normal -0.195094 -0.980784 0
    outer loop
      vertex 7.48236 -1.93185 0
      vertex 7.73895 -1.98289 6.5
      vertex 7.48236 -1.93185 6.5
    endloop
  endfacet
  facet normal -0.195094 -0.980784 -0
    outer loop
      vertex 7.73895 -1.98289 6.5
      vertex 7.48236 -1.93185 0
      vertex 7.73895 -1.98289 0
    endloop
  endfacet
  facet normal -0.946934 -0.321429 0
    outer loop
      vertex 6.15224 -0.765367 0
      vertex 6.06815 -0.517637 6.5
      vertex 6.06815 -0.517637 0
    endloop
  endfacet
  facet normal -0.946934 -0.321429 0
    outer loop
      vertex 6.06815 -0.517637 6.5
      vertex 6.15224 -0.765367 0
      vertex 6.15224 -0.765367 6.5
    endloop
  endfacet
  facet normal -0.89687 -0.442294 0
    outer loop
      vertex 6.26795 -1 0
      vertex 6.15224 -0.765367 6.5
      vertex 6.15224 -0.765367 0
    endloop
  endfacet
  facet normal -0.89687 -0.442294 0
    outer loop
      vertex 6.15224 -0.765367 6.5
      vertex 6.26795 -1 0
      vertex 6.26795 -1 6.5
    endloop
  endfacet
  facet normal 0.659362 -0.751826 0
    outer loop
      vertex 9.21752 -1.58671 0
      vertex 9.41421 -1.41421 6.5
      vertex 9.21752 -1.58671 6.5
    endloop
  endfacet
  facet normal 0.659362 -0.751826 0
    outer loop
      vertex 9.41421 -1.41421 6.5
      vertex 9.21752 -1.58671 0
      vertex 9.41421 -1.41421 0
    endloop
  endfacet
  facet normal 0.321429 -0.946934 0
    outer loop
      vertex 8.51764 -1.93185 0
      vertex 8.76537 -1.84776 6.5
      vertex 8.51764 -1.93185 6.5
    endloop
  endfacet
  facet normal 0.321429 -0.946934 0
    outer loop
      vertex 8.76537 -1.84776 6.5
      vertex 8.51764 -1.93185 0
      vertex 8.76537 -1.84776 0
    endloop
  endfacet
  facet normal 0.195094 -0.980784 0
    outer loop
      vertex 8.26105 -1.98289 0
      vertex 8.51764 -1.93185 6.5
      vertex 8.26105 -1.98289 6.5
    endloop
  endfacet
  facet normal 0.195094 -0.980784 0
    outer loop
      vertex 8.51764 -1.93185 6.5
      vertex 8.26105 -1.98289 0
      vertex 8.51764 -1.93185 0
    endloop
  endfacet
  facet normal -0.0654027 -0.997859 0
    outer loop
      vertex 7.73895 -1.98289 0
      vertex 8 -2 6.5
      vertex 7.73895 -1.98289 6.5
    endloop
  endfacet
  facet normal -0.0654027 -0.997859 -0
    outer loop
      vertex 8 -2 6.5
      vertex 7.73895 -1.98289 0
      vertex 8 -2 0
    endloop
  endfacet
  facet normal -0.321429 -0.946934 0
    outer loop
      vertex 7.23463 -1.84776 0
      vertex 7.48236 -1.93185 6.5
      vertex 7.23463 -1.84776 6.5
    endloop
  endfacet
  facet normal -0.321429 -0.946934 -0
    outer loop
      vertex 7.48236 -1.93185 6.5
      vertex 7.23463 -1.84776 0
      vertex 7.48236 -1.93185 0
    endloop
  endfacet
  facet normal -0.555564 -0.831474 0
    outer loop
      vertex 6.78248 -1.58671 0
      vertex 7 -1.73205 6.5
      vertex 6.78248 -1.58671 6.5
    endloop
  endfacet
  facet normal -0.555564 -0.831474 -0
    outer loop
      vertex 7 -1.73205 6.5
      vertex 6.78248 -1.58671 0
      vertex 7 -1.73205 0
    endloop
  endfacet
  facet normal -0.659362 -0.751826 0
    outer loop
      vertex 6.58579 -1.41421 0
      vertex 6.78248 -1.58671 6.5
      vertex 6.58579 -1.41421 6.5
    endloop
  endfacet
  facet normal -0.659362 -0.751826 -0
    outer loop
      vertex 6.78248 -1.58671 6.5
      vertex 6.58579 -1.41421 0
      vertex 6.78248 -1.58671 0
    endloop
  endfacet
  facet normal -0.442299 -0.896868 0
    outer loop
      vertex 7 -1.73205 0
      vertex 7.23463 -1.84776 6.5
      vertex 7 -1.73205 6.5
    endloop
  endfacet
  facet normal -0.442299 -0.896868 -0
    outer loop
      vertex 7.23463 -1.84776 6.5
      vertex 7 -1.73205 0
      vertex 7.23463 -1.84776 0
    endloop
  endfacet
  facet normal 0.997861 0.0653641 0
    outer loop
      vertex 18 0 6.5
      vertex 17.9829 0.261052 0
      vertex 17.9829 0.261052 6.5
    endloop
  endfacet
  facet normal 0.997861 0.0653641 0
    outer loop
      vertex 17.9829 0.261052 0
      vertex 18 0 6.5
      vertex 18 0 0
    endloop
  endfacet
  facet normal -0.997861 -0.0653641 0
    outer loop
      vertex 14.0171 -0.261052 0
      vertex 14 0 6.5
      vertex 14 0 0
    endloop
  endfacet
  facet normal -0.997861 -0.0653641 0
    outer loop
      vertex 14 0 6.5
      vertex 14.0171 -0.261052 0
      vertex 14.0171 -0.261052 6.5
    endloop
  endfacet
  facet normal -0.0653902 0.99786 0
    outer loop
      vertex 16 2 0
      vertex 15.7389 1.98289 6.5
      vertex 16 2 6.5
    endloop
  endfacet
  facet normal -0.0653902 0.99786 0
    outer loop
      vertex 15.7389 1.98289 6.5
      vertex 16 2 0
      vertex 15.7389 1.98289 0
    endloop
  endfacet
  facet normal 0.0653902 -0.99786 0
    outer loop
      vertex 16 -2 0
      vertex 16.2611 -1.98289 6.5
      vertex 16 -2 6.5
    endloop
  endfacet
  facet normal 0.0653902 -0.99786 0
    outer loop
      vertex 16.2611 -1.98289 6.5
      vertex 16 -2 0
      vertex 16.2611 -1.98289 0
    endloop
  endfacet
  facet normal 0.751826 -0.659362 0
    outer loop
      vertex 17.4142 -1.41421 6.5
      vertex 17.5867 -1.21752 0
      vertex 17.5867 -1.21752 6.5
    endloop
  endfacet
  facet normal 0.751826 -0.659362 0
    outer loop
      vertex 17.5867 -1.21752 0
      vertex 17.4142 -1.41421 6.5
      vertex 17.4142 -1.41421 0
    endloop
  endfacet
  facet normal 0.659343 0.751842 -0
    outer loop
      vertex 17.4142 1.41421 0
      vertex 17.2175 1.58671 6.5
      vertex 17.4142 1.41421 6.5
    endloop
  endfacet
  facet normal 0.659343 0.751842 0
    outer loop
      vertex 17.2175 1.58671 6.5
      vertex 17.4142 1.41421 0
      vertex 17.2175 1.58671 0
    endloop
  endfacet
  facet normal -0.751826 0.659362 0
    outer loop
      vertex 14.4133 1.21752 0
      vertex 14.5858 1.41421 6.5
      vertex 14.5858 1.41421 0
    endloop
  endfacet
  facet normal -0.751826 0.659362 0
    outer loop
      vertex 14.5858 1.41421 6.5
      vertex 14.4133 1.21752 0
      vertex 14.4133 1.21752 6.5
    endloop
  endfacet
  facet normal -0.442344 0.896845 0
    outer loop
      vertex 15.2346 1.84776 0
      vertex 15 1.73205 6.5
      vertex 15.2346 1.84776 6.5
    endloop
  endfacet
  facet normal -0.442344 0.896845 0
    outer loop
      vertex 15 1.73205 6.5
      vertex 15.2346 1.84776 0
      vertex 15 1.73205 0
    endloop
  endfacet
  facet normal 0.946922 -0.321463 0
    outer loop
      vertex 17.8478 -0.765367 6.5
      vertex 17.9319 -0.517637 0
      vertex 17.9319 -0.517637 6.5
    endloop
  endfacet
  facet normal 0.946922 -0.321463 0
    outer loop
      vertex 17.9319 -0.517637 0
      vertex 17.8478 -0.765367 6.5
      vertex 17.8478 -0.765367 0
    endloop
  endfacet
  facet normal 0.896734 0.442571 0
    outer loop
      vertex 17.8478 0.765367 6.5
      vertex 17.732 1 0
      vertex 17.732 1 6.5
    endloop
  endfacet
  facet normal 0.896734 0.442571 0
    outer loop
      vertex 17.732 1 0
      vertex 17.8478 0.765367 6.5
      vertex 17.8478 0.765367 0
    endloop
  endfacet
  facet normal 0.980813 0.194951 0
    outer loop
      vertex 17.9829 0.261052 6.5
      vertex 17.9319 0.517637 0
      vertex 17.9319 0.517637 6.5
    endloop
  endfacet
  facet normal 0.980813 0.194951 0
    outer loop
      vertex 17.9319 0.517637 0
      vertex 17.9829 0.261052 6.5
      vertex 17.9829 0.261052 0
    endloop
  endfacet
  facet normal 0.831544 0.555459 0
    outer loop
      vertex 17.732 1 6.5
      vertex 17.5867 1.21752 0
      vertex 17.5867 1.21752 6.5
    endloop
  endfacet
  facet normal 0.831544 0.555459 0
    outer loop
      vertex 17.5867 1.21752 0
      vertex 17.732 1 6.5
      vertex 17.732 1 0
    endloop
  endfacet
  facet normal 0.321348 0.946961 -0
    outer loop
      vertex 16.7654 1.84776 0
      vertex 16.5176 1.93185 6.5
      vertex 16.7654 1.84776 6.5
    endloop
  endfacet
  facet normal 0.321348 0.946961 0
    outer loop
      vertex 16.5176 1.93185 6.5
      vertex 16.7654 1.84776 0
      vertex 16.5176 1.93185 0
    endloop
  endfacet
  facet normal 0.5556 0.83145 -0
    outer loop
      vertex 17.2175 1.58671 0
      vertex 17 1.73205 6.5
      vertex 17.2175 1.58671 6.5
    endloop
  endfacet
  facet normal 0.5556 0.83145 0
    outer loop
      vertex 17 1.73205 6.5
      vertex 17.2175 1.58671 0
      vertex 17 1.73205 0
    endloop
  endfacet
  facet normal -0.946922 0.321463 0
    outer loop
      vertex 14.0681 0.517637 0
      vertex 14.1522 0.765367 6.5
      vertex 14.1522 0.765367 0
    endloop
  endfacet
  facet normal -0.946922 0.321463 0
    outer loop
      vertex 14.1522 0.765367 6.5
      vertex 14.0681 0.517637 0
      vertex 14.0681 0.517637 6.5
    endloop
  endfacet
  facet normal -0.831368 0.555723 0
    outer loop
      vertex 14.2679 1 0
      vertex 14.4133 1.21752 6.5
      vertex 14.4133 1.21752 0
    endloop
  endfacet
  facet normal -0.831368 0.555723 0
    outer loop
      vertex 14.4133 1.21752 6.5
      vertex 14.2679 1 0
      vertex 14.2679 1 6.5
    endloop
  endfacet
  facet normal -0.980813 0.194951 0
    outer loop
      vertex 14.0171 0.261052 0
      vertex 14.0681 0.517637 6.5
      vertex 14.0681 0.517637 0
    endloop
  endfacet
  facet normal -0.980813 0.194951 0
    outer loop
      vertex 14.0681 0.517637 6.5
      vertex 14.0171 0.261052 0
      vertex 14.0171 0.261052 6.5
    endloop
  endfacet
  facet normal -0.5556 0.83145 0
    outer loop
      vertex 15 1.73205 0
      vertex 14.7825 1.58671 6.5
      vertex 15 1.73205 6.5
    endloop
  endfacet
  facet normal -0.5556 0.83145 0
    outer loop
      vertex 14.7825 1.58671 6.5
      vertex 15 1.73205 0
      vertex 14.7825 1.58671 0
    endloop
  endfacet
  facet normal -0.19516 0.980771 0
    outer loop
      vertex 15.7389 1.98289 0
      vertex 15.4824 1.93185 6.5
      vertex 15.7389 1.98289 6.5
    endloop
  endfacet
  facet normal -0.19516 0.980771 0
    outer loop
      vertex 15.4824 1.93185 6.5
      vertex 15.7389 1.98289 0
      vertex 15.4824 1.93185 0
    endloop
  endfacet
  facet normal 0.946922 0.321463 0
    outer loop
      vertex 17.9319 0.517637 6.5
      vertex 17.8478 0.765367 0
      vertex 17.8478 0.765367 6.5
    endloop
  endfacet
  facet normal 0.946922 0.321463 0
    outer loop
      vertex 17.8478 0.765367 0
      vertex 17.9319 0.517637 6.5
      vertex 17.9319 0.517637 0
    endloop
  endfacet
  facet normal 0.751826 0.659362 0
    outer loop
      vertex 17.5867 1.21752 6.5
      vertex 17.4142 1.41421 0
      vertex 17.4142 1.41421 6.5
    endloop
  endfacet
  facet normal 0.751826 0.659362 0
    outer loop
      vertex 17.4142 1.41421 0
      vertex 17.5867 1.21752 6.5
      vertex 17.5867 1.21752 0
    endloop
  endfacet
  facet normal 0.19516 0.980771 -0
    outer loop
      vertex 16.5176 1.93185 0
      vertex 16.2611 1.98289 6.5
      vertex 16.5176 1.93185 6.5
    endloop
  endfacet
  facet normal 0.19516 0.980771 0
    outer loop
      vertex 16.2611 1.98289 6.5
      vertex 16.5176 1.93185 0
      vertex 16.2611 1.98289 0
    endloop
  endfacet
  facet normal 0.0653902 0.99786 -0
    outer loop
      vertex 16.2611 1.98289 0
      vertex 16 2 6.5
      vertex 16.2611 1.98289 6.5
    endloop
  endfacet
  facet normal 0.0653902 0.99786 0
    outer loop
      vertex 16 2 6.5
      vertex 16.2611 1.98289 0
      vertex 16 2 0
    endloop
  endfacet
  facet normal 0.442344 0.896845 -0
    outer loop
      vertex 17 1.73205 0
      vertex 16.7654 1.84776 6.5
      vertex 17 1.73205 6.5
    endloop
  endfacet
  facet normal 0.442344 0.896845 0
    outer loop
      vertex 16.7654 1.84776 6.5
      vertex 17 1.73205 0
      vertex 16.7654 1.84776 0
    endloop
  endfacet
  facet normal 0 0 -1
    outer loop
      vertex 17.9829 -0.261052 0
      vertex 17.9829 0.261052 0
      vertex 18 0 0
    endloop
  endfacet
  facet normal 0 0 -1
    outer loop
      vertex 17.9319 -0.517637 0
      vertex 17.9829 0.261052 0
      vertex 17.9829 -0.261052 0
    endloop
  endfacet
  facet normal 0 0 -1
    outer loop
      vertex 17.9319 -0.517637 0
      vertex 17.9319 0.517637 0
      vertex 17.9829 0.261052 0
    endloop
  endfacet
  facet normal 0 0 -1
    outer loop
      vertex 17.8478 -0.765367 0
      vertex 17.9319 0.517637 0
      vertex 17.9319 -0.517637 0
    endloop
  endfacet
  facet normal 0 0 -1
    outer loop
      vertex 17.8478 -0.765367 0
      vertex 17.8478 0.765367 0
      vertex 17.9319 0.517637 0
    endloop
  endfacet
  facet normal 0 0 -1
    outer loop
      vertex 17.732 -1 0
      vertex 17.8478 0.765367 0
      vertex 17.8478 -0.765367 0
    endloop
  endfacet
  facet normal 0 0 -1
    outer loop
      vertex 17.732 -1 0
      vertex 17.732 1 0
      vertex 17.8478 0.765367 0
    endloop
  endfacet
  facet normal 0 0 -1
    outer loop
      vertex 17.5867 -1.21752 0
      vertex 17.732 1 0
      vertex 17.732 -1 0
    endloop
  endfacet
  facet normal 0 0 -1
    outer loop
      vertex 17.5867 -1.21752 0
      vertex 17.5867 1.21752 0
      vertex 17.732 1 0
    endloop
  endfacet
  facet normal 0 0 -1
    outer loop
      vertex 17.4142 -1.41421 0
      vertex 17.5867 1.21752 0
      vertex 17.5867 -1.21752 0
    endloop
  endfacet
  facet normal 0 0 -1
    outer loop
      vertex 17.4142 -1.41421 0
      vertex 17.4142 1.41421 0
      vertex 17.5867 1.21752 0
    endloop
  endfacet
  facet normal 0 0 -1
    outer loop
      vertex 17.2175 -1.58671 0
      vertex 17.4142 1.41421 0
      vertex 17.4142 -1.41421 0
    endloop
  endfacet
  facet normal 0 0 -1
    outer loop
      vertex 17.2175 -1.58671 0
      vertex 17.2175 1.58671 0
      vertex 17.4142 1.41421 0
    endloop
  endfacet
  facet normal 0 0 -1
    outer loop
      vertex 17 -1.73205 0
      vertex 17.2175 1.58671 0
      vertex 17.2175 -1.58671 0
    endloop
  endfacet
  facet normal 0 0 -1
    outer loop
      vertex 17 -1.73205 0
      vertex 17 1.73205 0
      vertex 17.2175 1.58671 0
    endloop
  endfacet
  facet normal 0 0 -1
    outer loop
      vertex 16.7654 -1.84776 0
      vertex 17 1.73205 0
      vertex 17 -1.73205 0
    endloop
  endfacet
  facet normal 0 0 -1
    outer loop
      vertex 16.7654 -1.84776 0
      vertex 16.7654 1.84776 0
      vertex 17 1.73205 0
    endloop
  endfacet
  facet normal 0 0 -1
    outer loop
      vertex 16.5176 -1.93185 0
      vertex 16.7654 1.84776 0
      vertex 16.7654 -1.84776 0
    endloop
  endfacet
  facet normal 0 0 -1
    outer loop
      vertex 16.5176 -1.93185 0
      vertex 16.5176 1.93185 0
      vertex 16.7654 1.84776 0
    endloop
  endfacet
  facet normal 0 0 -1
    outer loop
      vertex 16.2611 -1.98289 0
      vertex 16.5176 1.93185 0
      vertex 16.5176 -1.93185 0
    endloop
  endfacet
  facet normal 0 0 -1
    outer loop
      vertex 16.2611 -1.98289 0
      vertex 16.2611 1.98289 0
      vertex 16.5176 1.93185 0
    endloop
  endfacet
  facet normal 0 0 -1
    outer loop
      vertex 16 -2 0
      vertex 16.2611 1.98289 0
      vertex 16.2611 -1.98289 0
    endloop
  endfacet
  facet normal 0 0 -1
    outer loop
      vertex 16 -2 0
      vertex 16 2 0
      vertex 16.2611 1.98289 0
    endloop
  endfacet
  facet normal 0 0 -1
    outer loop
      vertex 15.7389 -1.98289 0
      vertex 16 2 0
      vertex 16 -2 0
    endloop
  endfacet
  facet normal 0 0 -1
    outer loop
      vertex 15.7389 -1.98289 0
      vertex 15.7389 1.98289 0
      vertex 16 2 0
    endloop
  endfacet
  facet normal 0 0 -1
    outer loop
      vertex 15.4824 -1.93185 0
      vertex 15.7389 1.98289 0
      vertex 15.7389 -1.98289 0
    endloop
  endfacet
  facet normal 0 0 -1
    outer loop
      vertex 15.4824 -1.93185 0
      vertex 15.4824 1.93185 0
      vertex 15.7389 1.98289 0
    endloop
  endfacet
  facet normal 0 0 -1
    outer loop
      vertex 15.2346 -1.84776 0
      vertex 15.4824 1.93185 0
      vertex 15.4824 -1.93185 0
    endloop
  endfacet
  facet normal 0 0 -1
    outer loop
      vertex 15.2346 -1.84776 0
      vertex 15.2346 1.84776 0
      vertex 15.4824 1.93185 0
    endloop
  endfacet
  facet normal 0 0 -1
    outer loop
      vertex 15 -1.73205 0
      vertex 15.2346 1.84776 0
      vertex 15.2346 -1.84776 0
    endloop
  endfacet
  facet normal 0 0 -1
    outer loop
      vertex 15 -1.73205 0
      vertex 15 1.73205 0
      vertex 15.2346 1.84776 0
    endloop
  endfacet
  facet normal 0 0 -1
    outer loop
      vertex 14.7825 -1.58671 0
      vertex 15 1.73205 0
      vertex 15 -1.73205 0
    endloop
  endfacet
  facet normal 0 0 -1
    outer loop
      vertex 14.7825 -1.58671 0
      vertex 14.7825 1.58671 0
      vertex 15 1.73205 0
    endloop
  endfacet
  facet normal 0 0 -1
    outer loop
      vertex 14.5858 -1.41421 0
      vertex 14.7825 1.58671 0
      vertex 14.7825 -1.58671 0
    endloop
  endfacet
  facet normal 0 0 -1
    outer loop
      vertex 14.5858 -1.41421 0
      vertex 14.5858 1.41421 0
      vertex 14.7825 1.58671 0
    endloop
  endfacet
  facet normal 0 0 -1
    outer loop
      vertex 14.4133 -1.21752 0
      vertex 14.5858 1.41421 0
      vertex 14.5858 -1.41421 0
    endloop
  endfacet
  facet normal 0 0 -1
    outer loop
      vertex 14.4133 -1.21752 0
      vertex 14.4133 1.21752 0
      vertex 14.5858 1.41421 0
    endloop
  endfacet
  facet normal 0 0 -1
    outer loop
      vertex 14.2679 -1 0
      vertex 14.4133 1.21752 0
      vertex 14.4133 -1.21752 0
    endloop
  endfacet
  facet normal 0 0 -1
    outer loop
      vertex 14.2679 -1 0
      vertex 14.2679 1 0
      vertex 14.4133 1.21752 0
    endloop
  endfacet
  facet normal 0 0 -1
    outer loop
      vertex 14.1522 -0.765367 0
      vertex 14.2679 1 0
      vertex 14.2679 -1 0
    endloop
  endfacet
  facet normal 0 0 -1
    outer loop
      vertex 14.1522 -0.765367 0
      vertex 14.1522 0.765367 0
      vertex 14.2679 1 0
    endloop
  endfacet
  facet normal 0 0 -1
    outer loop
      vertex 14.0681 -0.517637 0
      vertex 14.1522 0.765367 0
      vertex 14.1522 -0.765367 0
    endloop
  endfacet
  facet normal 0 0 -1
    outer loop
      vertex 14.0681 -0.517637 0
      vertex 14.0681 0.517637 0
      vertex 14.1522 0.765367 0
    endloop
  endfacet
  facet normal 0 0 -1
    outer loop
      vertex 14.0171 -0.261052 0
      vertex 14.0681 0.517637 0
      vertex 14.0681 -0.517637 0
    endloop
  endfacet
  facet normal 0 0 -1
    outer loop
      vertex 14.0171 -0.261052 0
      vertex 14.0171 0.261052 0
      vertex 14.0681 0.517637 0
    endloop
  endfacet
  facet normal 0 -0 -1
    outer loop
      vertex 14.0171 0.261052 0
      vertex 14.0171 -0.261052 0
      vertex 14 0 0
    endloop
  endfacet
  facet normal -0.896885 0.442264 0
    outer loop
      vertex 14.1522 0.765367 0
      vertex 14.2679 1 6.5
      vertex 14.2679 1 0
    endloop
  endfacet
  facet normal -0.896885 0.442264 0
    outer loop
      vertex 14.2679 1 6.5
      vertex 14.1522 0.765367 0
      vertex 14.1522 0.765367 6.5
    endloop
  endfacet
  facet normal -0.997861 0.0653641 0
    outer loop
      vertex 14 0 0
      vertex 14.0171 0.261052 6.5
      vertex 14.0171 0.261052 0
    endloop
  endfacet
  facet normal -0.997861 0.0653641 0
    outer loop
      vertex 14.0171 0.261052 6.5
      vertex 14 0 0
      vertex 14 0 6.5
    endloop
  endfacet
  facet normal 0 0 1
    outer loop
      vertex 17.9829 0.261052 6.5
      vertex 17.9829 -0.261052 6.5
      vertex 18 0 6.5
    endloop
  endfacet
  facet normal 0 0 1
    outer loop
      vertex 17.9319 0.517637 6.5
      vertex 17.9829 -0.261052 6.5
      vertex 17.9829 0.261052 6.5
    endloop
  endfacet
  facet normal 0 0 1
    outer loop
      vertex 17.9319 0.517637 6.5
      vertex 17.9319 -0.517637 6.5
      vertex 17.9829 -0.261052 6.5
    endloop
  endfacet
  facet normal 0 0 1
    outer loop
      vertex 17.8478 0.765367 6.5
      vertex 17.9319 -0.517637 6.5
      vertex 17.9319 0.517637 6.5
    endloop
  endfacet
  facet normal 0 0 1
    outer loop
      vertex 17.8478 0.765367 6.5
      vertex 17.8478 -0.765367 6.5
      vertex 17.9319 -0.517637 6.5
    endloop
  endfacet
  facet normal 0 0 1
    outer loop
      vertex 17.732 1 6.5
      vertex 17.8478 -0.765367 6.5
      vertex 17.8478 0.765367 6.5
    endloop
  endfacet
  facet normal 0 0 1
    outer loop
      vertex 17.732 1 6.5
      vertex 17.732 -1 6.5
      vertex 17.8478 -0.765367 6.5
    endloop
  endfacet
  facet normal 0 0 1
    outer loop
      vertex 17.5867 1.21752 6.5
      vertex 17.732 -1 6.5
      vertex 17.732 1 6.5
    endloop
  endfacet
  facet normal 0 0 1
    outer loop
      vertex 17.5867 1.21752 6.5
      vertex 17.5867 -1.21752 6.5
      vertex 17.732 -1 6.5
    endloop
  endfacet
  facet normal 0 0 1
    outer loop
      vertex 17.4142 1.41421 6.5
      vertex 17.5867 -1.21752 6.5
      vertex 17.5867 1.21752 6.5
    endloop
  endfacet
  facet normal 0 0 1
    outer loop
      vertex 17.4142 1.41421 6.5
      vertex 17.4142 -1.41421 6.5
      vertex 17.5867 -1.21752 6.5
    endloop
  endfacet
  facet normal 0 0 1
    outer loop
      vertex 17.2175 1.58671 6.5
      vertex 17.4142 -1.41421 6.5
      vertex 17.4142 1.41421 6.5
    endloop
  endfacet
  facet normal 0 0 1
    outer loop
      vertex 17.2175 1.58671 6.5
      vertex 17.2175 -1.58671 6.5
      vertex 17.4142 -1.41421 6.5
    endloop
  endfacet
  facet normal 0 0 1
    outer loop
      vertex 17 1.73205 6.5
      vertex 17.2175 -1.58671 6.5
      vertex 17.2175 1.58671 6.5
    endloop
  endfacet
  facet normal 0 0 1
    outer loop
      vertex 17 1.73205 6.5
      vertex 17 -1.73205 6.5
      vertex 17.2175 -1.58671 6.5
    endloop
  endfacet
  facet normal 0 0 1
    outer loop
      vertex 16.7654 1.84776 6.5
      vertex 17 -1.73205 6.5
      vertex 17 1.73205 6.5
    endloop
  endfacet
  facet normal 0 0 1
    outer loop
      vertex 16.7654 1.84776 6.5
      vertex 16.7654 -1.84776 6.5
      vertex 17 -1.73205 6.5
    endloop
  endfacet
  facet normal 0 0 1
    outer loop
      vertex 16.5176 1.93185 6.5
      vertex 16.7654 -1.84776 6.5
      vertex 16.7654 1.84776 6.5
    endloop
  endfacet
  facet normal 0 0 1
    outer loop
      vertex 16.5176 1.93185 6.5
      vertex 16.5176 -1.93185 6.5
      vertex 16.7654 -1.84776 6.5
    endloop
  endfacet
  facet normal 0 0 1
    outer loop
      vertex 16.2611 1.98289 6.5
      vertex 16.5176 -1.93185 6.5
      vertex 16.5176 1.93185 6.5
    endloop
  endfacet
  facet normal 0 0 1
    outer loop
      vertex 16.2611 1.98289 6.5
      vertex 16.2611 -1.98289 6.5
      vertex 16.5176 -1.93185 6.5
    endloop
  endfacet
  facet normal 0 0 1
    outer loop
      vertex 16 2 6.5
      vertex 16.2611 -1.98289 6.5
      vertex 16.2611 1.98289 6.5
    endloop
  endfacet
  facet normal 0 0 1
    outer loop
      vertex 16 2 6.5
      vertex 16 -2 6.5
      vertex 16.2611 -1.98289 6.5
    endloop
  endfacet
  facet normal -0 0 1
    outer loop
      vertex 15.7389 1.98289 6.5
      vertex 16 -2 6.5
      vertex 16 2 6.5
    endloop
  endfacet
  facet normal 0 0 1
    outer loop
      vertex 15.7389 1.98289 6.5
      vertex 15.7389 -1.98289 6.5
      vertex 16 -2 6.5
    endloop
  endfacet
  facet normal -0 0 1
    outer loop
      vertex 15.4824 1.93185 6.5
      vertex 15.7389 -1.98289 6.5
      vertex 15.7389 1.98289 6.5
    endloop
  endfacet
  facet normal 0 0 1
    outer loop
      vertex 15.4824 1.93185 6.5
      vertex 15.4824 -1.93185 6.5
      vertex 15.7389 -1.98289 6.5
    endloop
  endfacet
  facet normal -0 0 1
    outer loop
      vertex 15.2346 1.84776 6.5
      vertex 15.4824 -1.93185 6.5
      vertex 15.4824 1.93185 6.5
    endloop
  endfacet
  facet normal 0 0 1
    outer loop
      vertex 15.2346 1.84776 6.5
      vertex 15.2346 -1.84776 6.5
      vertex 15.4824 -1.93185 6.5
    endloop
  endfacet
  facet normal -0 0 1
    outer loop
      vertex 15 1.73205 6.5
      vertex 15.2346 -1.84776 6.5
      vertex 15.2346 1.84776 6.5
    endloop
  endfacet
  facet normal 0 0 1
    outer loop
      vertex 15 1.73205 6.5
      vertex 15 -1.73205 6.5
      vertex 15.2346 -1.84776 6.5
    endloop
  endfacet
  facet normal -0 0 1
    outer loop
      vertex 14.7825 1.58671 6.5
      vertex 15 -1.73205 6.5
      vertex 15 1.73205 6.5
    endloop
  endfacet
  facet normal 0 0 1
    outer loop
      vertex 14.7825 1.58671 6.5
      vertex 14.7825 -1.58671 6.5
      vertex 15 -1.73205 6.5
    endloop
  endfacet
  facet normal -0 0 1
    outer loop
      vertex 14.5858 1.41421 6.5
      vertex 14.7825 -1.58671 6.5
      vertex 14.7825 1.58671 6.5
    endloop
  endfacet
  facet normal 0 0 1
    outer loop
      vertex 14.5858 1.41421 6.5
      vertex 14.5858 -1.41421 6.5
      vertex 14.7825 -1.58671 6.5
    endloop
  endfacet
  facet normal -0 0 1
    outer loop
      vertex 14.4133 1.21752 6.5
      vertex 14.5858 -1.41421 6.5
      vertex 14.5858 1.41421 6.5
    endloop
  endfacet
  facet normal 0 0 1
    outer loop
      vertex 14.4133 1.21752 6.5
      vertex 14.4133 -1.21752 6.5
      vertex 14.5858 -1.41421 6.5
    endloop
  endfacet
  facet normal -0 0 1
    outer loop
      vertex 14.2679 1 6.5
      vertex 14.4133 -1.21752 6.5
      vertex 14.4133 1.21752 6.5
    endloop
  endfacet
  facet normal 0 0 1
    outer loop
      vertex 14.2679 1 6.5
      vertex 14.2679 -1 6.5
      vertex 14.4133 -1.21752 6.5
    endloop
  endfacet
  facet normal -0 0 1
    outer loop
      vertex 14.1522 0.765367 6.5
      vertex 14.2679 -1 6.5
      vertex 14.2679 1 6.5
    endloop
  endfacet
  facet normal 0 0 1
    outer loop
      vertex 14.1522 0.765367 6.5
      vertex 14.1522 -0.765367 6.5
      vertex 14.2679 -1 6.5
    endloop
  endfacet
  facet normal -0 0 1
    outer loop
      vertex 14.0681 0.517637 6.5
      vertex 14.1522 -0.765367 6.5
      vertex 14.1522 0.765367 6.5
    endloop
  endfacet
  facet normal 0 0 1
    outer loop
      vertex 14.0681 0.517637 6.5
      vertex 14.0681 -0.517637 6.5
      vertex 14.1522 -0.765367 6.5
    endloop
  endfacet
  facet normal -0 0 1
    outer loop
      vertex 14.0171 0.261052 6.5
      vertex 14.0681 -0.517637 6.5
      vertex 14.0681 0.517637 6.5
    endloop
  endfacet
  facet normal 0 0 1
    outer loop
      vertex 14.0171 0.261052 6.5
      vertex 14.0171 -0.261052 6.5
      vertex 14.0681 -0.517637 6.5
    endloop
  endfacet
  facet normal 0 -0 1
    outer loop
      vertex 14.0171 -0.261052 6.5
      vertex 14.0171 0.261052 6.5
      vertex 14 0 6.5
    endloop
  endfacet
  facet normal -0.659343 0.751842 0
    outer loop
      vertex 14.7825 1.58671 0
      vertex 14.5858 1.41421 6.5
      vertex 14.7825 1.58671 6.5
    endloop
  endfacet
  facet normal -0.659343 0.751842 0
    outer loop
      vertex 14.5858 1.41421 6.5
      vertex 14.7825 1.58671 0
      vertex 14.5858 1.41421 0
    endloop
  endfacet
  facet normal -0.321348 0.946961 0
    outer loop
      vertex 15.4824 1.93185 0
      vertex 15.2346 1.84776 6.5
      vertex 15.4824 1.93185 6.5
    endloop
  endfacet
  facet normal -0.321348 0.946961 0
    outer loop
      vertex 15.2346 1.84776 6.5
      vertex 15.4824 1.93185 0
      vertex 15.2346 1.84776 0
    endloop
  endfacet
  facet normal 0.831544 -0.555459 0
    outer loop
      vertex 17.5867 -1.21752 6.5
      vertex 17.732 -1 0
      vertex 17.732 -1 6.5
    endloop
  endfacet
  facet normal 0.831544 -0.555459 0
    outer loop
      vertex 17.732 -1 0
      vertex 17.5867 -1.21752 6.5
      vertex 17.5867 -1.21752 0
    endloop
  endfacet
  facet normal 0.980813 -0.194951 0
    outer loop
      vertex 17.9319 -0.517637 6.5
      vertex 17.9829 -0.261052 0
      vertex 17.9829 -0.261052 6.5
    endloop
  endfacet
  facet normal 0.980813 -0.194951 0
    outer loop
      vertex 17.9829 -0.261052 0
      vertex 17.9319 -0.517637 6.5
      vertex 17.9319 -0.517637 0
    endloop
  endfacet
  facet normal -0.5556 -0.83145 0
    outer loop
      vertex 14.7825 -1.58671 0
      vertex 15 -1.73205 6.5
      vertex 14.7825 -1.58671 6.5
    endloop
  endfacet
  facet normal -0.5556 -0.83145 -0
    outer loop
      vertex 15 -1.73205 6.5
      vertex 14.7825 -1.58671 0
      vertex 15 -1.73205 0
    endloop
  endfacet
  facet normal -0.831368 -0.555723 0
    outer loop
      vertex 14.4133 -1.21752 0
      vertex 14.2679 -1 6.5
      vertex 14.2679 -1 0
    endloop
  endfacet
  facet normal -0.831368 -0.555723 0
    outer loop
      vertex 14.2679 -1 6.5
      vertex 14.4133 -1.21752 0
      vertex 14.4133 -1.21752 6.5
    endloop
  endfacet
  facet normal -0.751826 -0.659362 0
    outer loop
      vertex 14.5858 -1.41421 0
      vertex 14.4133 -1.21752 6.5
      vertex 14.4133 -1.21752 0
    endloop
  endfacet
  facet normal -0.751826 -0.659362 0
    outer loop
      vertex 14.4133 -1.21752 6.5
      vertex 14.5858 -1.41421 0
      vertex 14.5858 -1.41421 6.5
    endloop
  endfacet
  facet normal -0.980813 -0.194951 0
    outer loop
      vertex 14.0681 -0.517637 0
      vertex 14.0171 -0.261052 6.5
      vertex 14.0171 -0.261052 0
    endloop
  endfacet
  facet normal -0.980813 -0.194951 0
    outer loop
      vertex 14.0171 -0.261052 6.5
      vertex 14.0681 -0.517637 0
      vertex 14.0681 -0.517637 6.5
    endloop
  endfacet
  facet normal 0.5556 -0.83145 0
    outer loop
      vertex 17 -1.73205 0
      vertex 17.2175 -1.58671 6.5
      vertex 17 -1.73205 6.5
    endloop
  endfacet
  facet normal 0.5556 -0.83145 0
    outer loop
      vertex 17.2175 -1.58671 6.5
      vertex 17 -1.73205 0
      vertex 17.2175 -1.58671 0
    endloop
  endfacet
  facet normal 0.896734 -0.442571 0
    outer loop
      vertex 17.732 -1 6.5
      vertex 17.8478 -0.765367 0
      vertex 17.8478 -0.765367 6.5
    endloop
  endfacet
  facet normal 0.896734 -0.442571 0
    outer loop
      vertex 17.8478 -0.765367 0
      vertex 17.732 -1 6.5
      vertex 17.732 -1 0
    endloop
  endfacet
  facet normal 0.997861 -0.0653641 0
    outer loop
      vertex 17.9829 -0.261052 6.5
      vertex 18 0 0
      vertex 18 0 6.5
    endloop
  endfacet
  facet normal 0.997861 -0.0653641 0
    outer loop
      vertex 18 0 0
      vertex 17.9829 -0.261052 6.5
      vertex 17.9829 -0.261052 0
    endloop
  endfacet
  facet normal -0.19516 -0.980771 0
    outer loop
      vertex 15.4824 -1.93185 0
      vertex 15.7389 -1.98289 6.5
      vertex 15.4824 -1.93185 6.5
    endloop
  endfacet
  facet normal -0.19516 -0.980771 -0
    outer loop
      vertex 15.7389 -1.98289 6.5
      vertex 15.4824 -1.93185 0
      vertex 15.7389 -1.98289 0
    endloop
  endfacet
  facet normal -0.659343 -0.751842 0
    outer loop
      vertex 14.5858 -1.41421 0
      vertex 14.7825 -1.58671 6.5
      vertex 14.5858 -1.41421 6.5
    endloop
  endfacet
  facet normal -0.659343 -0.751842 -0
    outer loop
      vertex 14.7825 -1.58671 6.5
      vertex 14.5858 -1.41421 0
      vertex 14.7825 -1.58671 0
    endloop
  endfacet
  facet normal -0.946922 -0.321463 0
    outer loop
      vertex 14.1522 -0.765367 0
      vertex 14.0681 -0.517637 6.5
      vertex 14.0681 -0.517637 0
    endloop
  endfacet
  facet normal -0.946922 -0.321463 0
    outer loop
      vertex 14.0681 -0.517637 6.5
      vertex 14.1522 -0.765367 0
      vertex 14.1522 -0.765367 6.5
    endloop
  endfacet
  facet normal -0.896885 -0.442264 0
    outer loop
      vertex 14.2679 -1 0
      vertex 14.1522 -0.765367 6.5
      vertex 14.1522 -0.765367 0
    endloop
  endfacet
  facet normal -0.896885 -0.442264 0
    outer loop
      vertex 14.1522 -0.765367 6.5
      vertex 14.2679 -1 0
      vertex 14.2679 -1 6.5
    endloop
  endfacet
  facet normal 0.659343 -0.751842 0
    outer loop
      vertex 17.2175 -1.58671 0
      vertex 17.4142 -1.41421 6.5
      vertex 17.2175 -1.58671 6.5
    endloop
  endfacet
  facet normal 0.659343 -0.751842 0
    outer loop
      vertex 17.4142 -1.41421 6.5
      vertex 17.2175 -1.58671 0
      vertex 17.4142 -1.41421 0
    endloop
  endfacet
  facet normal 0.442344 -0.896845 0
    outer loop
      vertex 16.7654 -1.84776 0
      vertex 17 -1.73205 6.5
      vertex 16.7654 -1.84776 6.5
    endloop
  endfacet
  facet normal 0.442344 -0.896845 0
    outer loop
      vertex 17 -1.73205 6.5
      vertex 16.7654 -1.84776 0
      vertex 17 -1.73205 0
    endloop
  endfacet
  facet normal 0.321348 -0.946961 0
    outer loop
      vertex 16.5176 -1.93185 0
      vertex 16.7654 -1.84776 6.5
      vertex 16.5176 -1.93185 6.5
    endloop
  endfacet
  facet normal 0.321348 -0.946961 0
    outer loop
      vertex 16.7654 -1.84776 6.5
      vertex 16.5176 -1.93185 0
      vertex 16.7654 -1.84776 0
    endloop
  endfacet
  facet normal 0.19516 -0.980771 0
    outer loop
      vertex 16.2611 -1.98289 0
      vertex 16.5176 -1.93185 6.5
      vertex 16.2611 -1.98289 6.5
    endloop
  endfacet
  facet normal 0.19516 -0.980771 0
    outer loop
      vertex 16.5176 -1.93185 6.5
      vertex 16.2611 -1.98289 0
      vertex 16.5176 -1.93185 0
    endloop
  endfacet
  facet normal -0.321348 -0.946961 0
    outer loop
      vertex 15.2346 -1.84776 0
      vertex 15.4824 -1.93185 6.5
      vertex 15.2346 -1.84776 6.5
    endloop
  endfacet
  facet normal -0.321348 -0.946961 -0
    outer loop
      vertex 15.4824 -1.93185 6.5
      vertex 15.2346 -1.84776 0
      vertex 15.4824 -1.93185 0
    endloop
  endfacet
  facet normal -0.0653902 -0.99786 0
    outer loop
      vertex 15.7389 -1.98289 0
      vertex 16 -2 6.5
      vertex 15.7389 -1.98289 6.5
    endloop
  endfacet
  facet normal -0.0653902 -0.99786 -0
    outer loop
      vertex 16 -2 6.5
      vertex 15.7389 -1.98289 0
      vertex 16 -2 0
    endloop
  endfacet
  facet normal -0.442344 -0.896845 0
    outer loop
      vertex 15 -1.73205 0
      vertex 15.2346 -1.84776 6.5
      vertex 15 -1.73205 6.5
    endloop
  endfacet
  facet normal -0.442344 -0.896845 -0
    outer loop
      vertex 15.2346 -1.84776 6.5
      vertex 15 -1.73205 0
      vertex 15.2346 -1.84776 0
    endloop
  endfacet
  facet normal 0.997861 0.0653641 0
    outer loop
      vertex 26 0 6.5
      vertex 25.9829 0.261052 0
      vertex 25.9829 0.261052 6.5
    endloop
  endfacet
  facet normal 0.997861 0.0653641 0
    outer loop
      vertex 25.9829 0.261052 0
      vertex 26 0 6.5
      vertex 26 0 0
    endloop
  endfacet
  facet normal -0.997861 -0.0653641 0
    outer loop
      vertex 22.0171 -0.261052 0
      vertex 22 0 6.5
      vertex 22 0 0
    endloop
  endfacet
  facet normal -0.997861 -0.0653641 0
    outer loop
      vertex 22 0 6.5
      vertex 22.0171 -0.261052 0
      vertex 22.0171 -0.261052 6.5
    endloop
  endfacet
  facet normal -0.0653902 0.99786 0
    outer loop
      vertex 24 2 0
      vertex 23.7389 1.98289 6.5
      vertex 24 2 6.5
    endloop
  endfacet
  facet normal -0.0653902 0.99786 0
    outer loop
      vertex 23.7389 1.98289 6.5
      vertex 24 2 0
      vertex 23.7389 1.98289 0
    endloop
  endfacet
  facet normal 0.0653902 -0.99786 0
    outer loop
      vertex 24 -2 0
      vertex 24.2611 -1.98289 6.5
      vertex 24 -2 6.5
    endloop
  endfacet
  facet normal 0.0653902 -0.99786 0
    outer loop
      vertex 24.2611 -1.98289 6.5
      vertex 24 -2 0
      vertex 24.2611 -1.98289 0
    endloop
  endfacet
  facet normal 0.659343 0.751842 -0
    outer loop
      vertex 25.4142 1.41421 0
      vertex 25.2175 1.58671 6.5
      vertex 25.4142 1.41421 6.5
    endloop
  endfacet
  facet normal 0.659343 0.751842 0
    outer loop
      vertex 25.2175 1.58671 6.5
      vertex 25.4142 1.41421 0
      vertex 25.2175 1.58671 0
    endloop
  endfacet
  facet normal -0.751826 0.659362 0
    outer loop
      vertex 22.4133 1.21752 0
      vertex 22.5858 1.41421 6.5
      vertex 22.5858 1.41421 0
    endloop
  endfacet
  facet normal -0.751826 0.659362 0
    outer loop
      vertex 22.5858 1.41421 6.5
      vertex 22.4133 1.21752 0
      vertex 22.4133 1.21752 6.5
    endloop
  endfacet
  facet normal -0.442344 0.896845 0
    outer loop
      vertex 23.2346 1.84776 0
      vertex 23 1.73205 6.5
      vertex 23.2346 1.84776 6.5
    endloop
  endfacet
  facet normal -0.442344 0.896845 0
    outer loop
      vertex 23 1.73205 6.5
      vertex 23.2346 1.84776 0
      vertex 23 1.73205 0
    endloop
  endfacet
  facet normal 0.946922 -0.321463 0
    outer loop
      vertex 25.8478 -0.765367 6.5
      vertex 25.9319 -0.517637 0
      vertex 25.9319 -0.517637 6.5
    endloop
  endfacet
  facet normal 0.946922 -0.321463 0
    outer loop
      vertex 25.9319 -0.517637 0
      vertex 25.8478 -0.765367 6.5
      vertex 25.8478 -0.765367 0
    endloop
  endfacet
  facet normal 0.896734 0.442571 0
    outer loop
      vertex 25.8478 0.765367 6.5
      vertex 25.732 1 0
      vertex 25.732 1 6.5
    endloop
  endfacet
  facet normal 0.896734 0.442571 0
    outer loop
      vertex 25.732 1 0
      vertex 25.8478 0.765367 6.5
      vertex 25.8478 0.765367 0
    endloop
  endfacet
  facet normal 0.980813 0.194951 0
    outer loop
      vertex 25.9829 0.261052 6.5
      vertex 25.9319 0.517637 0
      vertex 25.9319 0.517637 6.5
    endloop
  endfacet
  facet normal 0.980813 0.194951 0
    outer loop
      vertex 25.9319 0.517637 0
      vertex 25.9829 0.261052 6.5
      vertex 25.9829 0.261052 0
    endloop
  endfacet
  facet normal 0.831544 0.555459 0
    outer loop
      vertex 25.732 1 6.5
      vertex 25.5867 1.21752 0
      vertex 25.5867 1.21752 6.5
    endloop
  endfacet
  facet normal 0.831544 0.555459 0
    outer loop
      vertex 25.5867 1.21752 0
      vertex 25.732 1 6.5
      vertex 25.732 1 0
    endloop
  endfacet
  facet normal 0.321348 0.946961 -0
    outer loop
      vertex 24.7654 1.84776 0
      vertex 24.5176 1.93185 6.5
      vertex 24.7654 1.84776 6.5
    endloop
  endfacet
  facet normal 0.321348 0.946961 0
    outer loop
      vertex 24.5176 1.93185 6.5
      vertex 24.7654 1.84776 0
      vertex 24.5176 1.93185 0
    endloop
  endfacet
  facet normal 0.5556 0.83145 -0
    outer loop
      vertex 25.2175 1.58671 0
      vertex 25 1.73205 6.5
      vertex 25.2175 1.58671 6.5
    endloop
  endfacet
  facet normal 0.5556 0.83145 0
    outer loop
      vertex 25 1.73205 6.5
      vertex 25.2175 1.58671 0
      vertex 25 1.73205 0
    endloop
  endfacet
  facet normal -0.946922 0.321463 0
    outer loop
      vertex 22.0681 0.517637 0
      vertex 22.1522 0.765367 6.5
      vertex 22.1522 0.765367 0
    endloop
  endfacet
  facet normal -0.946922 0.321463 0
    outer loop
      vertex 22.1522 0.765367 6.5
      vertex 22.0681 0.517637 0
      vertex 22.0681 0.517637 6.5
    endloop
  endfacet
  facet normal -0.831368 0.555723 0
    outer loop
      vertex 22.2679 1 0
      vertex 22.4133 1.21752 6.5
      vertex 22.4133 1.21752 0
    endloop
  endfacet
  facet normal -0.831368 0.555723 0
    outer loop
      vertex 22.4133 1.21752 6.5
      vertex 22.2679 1 0
      vertex 22.2679 1 6.5
    endloop
  endfacet
  facet normal -0.980813 0.194951 0
    outer loop
      vertex 22.0171 0.261052 0
      vertex 22.0681 0.517637 6.5
      vertex 22.0681 0.517637 0
    endloop
  endfacet
  facet normal -0.980813 0.194951 0
    outer loop
      vertex 22.0681 0.517637 6.5
      vertex 22.0171 0.261052 0
      vertex 22.0171 0.261052 6.5
    endloop
  endfacet
  facet normal -0.5556 0.83145 0
    outer loop
      vertex 23 1.73205 0
      vertex 22.7825 1.58671 6.5
      vertex 23 1.73205 6.5
    endloop
  endfacet
  facet normal -0.5556 0.83145 0
    outer loop
      vertex 22.7825 1.58671 6.5
      vertex 23 1.73205 0
      vertex 22.7825 1.58671 0
    endloop
  endfacet
  facet normal -0.19516 0.980771 0
    outer loop
      vertex 23.7389 1.98289 0
      vertex 23.4824 1.93185 6.5
      vertex 23.7389 1.98289 6.5
    endloop
  endfacet
  facet normal -0.19516 0.980771 0
    outer loop
      vertex 23.4824 1.93185 6.5
      vertex 23.7389 1.98289 0
      vertex 23.4824 1.93185 0
    endloop
  endfacet
  facet normal 0.442344 -0.896845 0
    outer loop
      vertex 24.7654 -1.84776 0
      vertex 25 -1.73205 6.5
      vertex 24.7654 -1.84776 6.5
    endloop
  endfacet
  facet normal 0.442344 -0.896845 0
    outer loop
      vertex 25 -1.73205 6.5
      vertex 24.7654 -1.84776 0
      vertex 25 -1.73205 0
    endloop
  endfacet
  facet normal 0.946922 0.321463 0
    outer loop
      vertex 25.9319 0.517637 6.5
      vertex 25.8478 0.765367 0
      vertex 25.8478 0.765367 6.5
    endloop
  endfacet
  facet normal 0.946922 0.321463 0
    outer loop
      vertex 25.8478 0.765367 0
      vertex 25.9319 0.517637 6.5
      vertex 25.9319 0.517637 0
    endloop
  endfacet
  facet normal 0.751826 0.659362 0
    outer loop
      vertex 25.5867 1.21752 6.5
      vertex 25.4142 1.41421 0
      vertex 25.4142 1.41421 6.5
    endloop
  endfacet
  facet normal 0.751826 0.659362 0
    outer loop
      vertex 25.4142 1.41421 0
      vertex 25.5867 1.21752 6.5
      vertex 25.5867 1.21752 0
    endloop
  endfacet
  facet normal 0.19516 0.980771 -0
    outer loop
      vertex 24.5176 1.93185 0
      vertex 24.2611 1.98289 6.5
      vertex 24.5176 1.93185 6.5
    endloop
  endfacet
  facet normal 0.19516 0.980771 0
    outer loop
      vertex 24.2611 1.98289 6.5
      vertex 24.5176 1.93185 0
      vertex 24.2611 1.98289 0
    endloop
  endfacet
  facet normal 0.0653902 0.99786 -0
    outer loop
      vertex 24.2611 1.98289 0
      vertex 24 2 6.5
      vertex 24.2611 1.98289 6.5
    endloop
  endfacet
  facet normal 0.0653902 0.99786 0
    outer loop
      vertex 24 2 6.5
      vertex 24.2611 1.98289 0
      vertex 24 2 0
    endloop
  endfacet
  facet normal 0.442344 0.896845 -0
    outer loop
      vertex 25 1.73205 0
      vertex 24.7654 1.84776 6.5
      vertex 25 1.73205 6.5
    endloop
  endfacet
  facet normal 0.442344 0.896845 0
    outer loop
      vertex 24.7654 1.84776 6.5
      vertex 25 1.73205 0
      vertex 24.7654 1.84776 0
    endloop
  endfacet
  facet normal 0 0 -1
    outer loop
      vertex 25.9829 -0.261052 0
      vertex 25.9829 0.261052 0
      vertex 26 0 0
    endloop
  endfacet
  facet normal 0 0 -1
    outer loop
      vertex 25.9319 -0.517637 0
      vertex 25.9829 0.261052 0
      vertex 25.9829 -0.261052 0
    endloop
  endfacet
  facet normal 0 0 -1
    outer loop
      vertex 25.9319 -0.517637 0
      vertex 25.9319 0.517637 0
      vertex 25.9829 0.261052 0
    endloop
  endfacet
  facet normal 0 0 -1
    outer loop
      vertex 25.8478 -0.765367 0
      vertex 25.9319 0.517637 0
      vertex 25.9319 -0.517637 0
    endloop
  endfacet
  facet normal 0 0 -1
    outer loop
      vertex 25.8478 -0.765367 0
      vertex 25.8478 0.765367 0
      vertex 25.9319 0.517637 0
    endloop
  endfacet
  facet normal 0 0 -1
    outer loop
      vertex 25.732 -1 0
      vertex 25.8478 0.765367 0
      vertex 25.8478 -0.765367 0
    endloop
  endfacet
  facet normal 0 0 -1
    outer loop
      vertex 25.732 -1 0
      vertex 25.732 1 0
      vertex 25.8478 0.765367 0
    endloop
  endfacet
  facet normal 0 0 -1
    outer loop
      vertex 25.5867 -1.21752 0
      vertex 25.732 1 0
      vertex 25.732 -1 0
    endloop
  endfacet
  facet normal 0 0 -1
    outer loop
      vertex 25.5867 -1.21752 0
      vertex 25.5867 1.21752 0
      vertex 25.732 1 0
    endloop
  endfacet
  facet normal 0 0 -1
    outer loop
      vertex 25.4142 -1.41421 0
      vertex 25.5867 1.21752 0
      vertex 25.5867 -1.21752 0
    endloop
  endfacet
  facet normal 0 0 -1
    outer loop
      vertex 25.4142 -1.41421 0
      vertex 25.4142 1.41421 0
      vertex 25.5867 1.21752 0
    endloop
  endfacet
  facet normal 0 0 -1
    outer loop
      vertex 25.2175 -1.58671 0
      vertex 25.4142 1.41421 0
      vertex 25.4142 -1.41421 0
    endloop
  endfacet
  facet normal 0 0 -1
    outer loop
      vertex 25.2175 -1.58671 0
      vertex 25.2175 1.58671 0
      vertex 25.4142 1.41421 0
    endloop
  endfacet
  facet normal 0 0 -1
    outer loop
      vertex 25 -1.73205 0
      vertex 25.2175 1.58671 0
      vertex 25.2175 -1.58671 0
    endloop
  endfacet
  facet normal 0 0 -1
    outer loop
      vertex 25 -1.73205 0
      vertex 25 1.73205 0
      vertex 25.2175 1.58671 0
    endloop
  endfacet
  facet normal 0 0 -1
    outer loop
      vertex 24.7654 -1.84776 0
      vertex 25 1.73205 0
      vertex 25 -1.73205 0
    endloop
  endfacet
  facet normal 0 0 -1
    outer loop
      vertex 24.7654 -1.84776 0
      vertex 24.7654 1.84776 0
      vertex 25 1.73205 0
    endloop
  endfacet
  facet normal 0 0 -1
    outer loop
      vertex 24.5176 -1.93185 0
      vertex 24.7654 1.84776 0
      vertex 24.7654 -1.84776 0
    endloop
  endfacet
  facet normal 0 0 -1
    outer loop
      vertex 24.5176 -1.93185 0
      vertex 24.5176 1.93185 0
      vertex 24.7654 1.84776 0
    endloop
  endfacet
  facet normal 0 0 -1
    outer loop
      vertex 24.2611 -1.98289 0
      vertex 24.5176 1.93185 0
      vertex 24.5176 -1.93185 0
    endloop
  endfacet
  facet normal 0 0 -1
    outer loop
      vertex 24.2611 -1.98289 0
      vertex 24.2611 1.98289 0
      vertex 24.5176 1.93185 0
    endloop
  endfacet
  facet normal 0 0 -1
    outer loop
      vertex 24 -2 0
      vertex 24.2611 1.98289 0
      vertex 24.2611 -1.98289 0
    endloop
  endfacet
  facet normal 0 0 -1
    outer loop
      vertex 24 -2 0
      vertex 24 2 0
      vertex 24.2611 1.98289 0
    endloop
  endfacet
  facet normal 0 0 -1
    outer loop
      vertex 23.7389 -1.98289 0
      vertex 24 2 0
      vertex 24 -2 0
    endloop
  endfacet
  facet normal 0 0 -1
    outer loop
      vertex 23.7389 -1.98289 0
      vertex 23.7389 1.98289 0
      vertex 24 2 0
    endloop
  endfacet
  facet normal 0 0 -1
    outer loop
      vertex 23.4824 -1.93185 0
      vertex 23.7389 1.98289 0
      vertex 23.7389 -1.98289 0
    endloop
  endfacet
  facet normal 0 0 -1
    outer loop
      vertex 23.4824 -1.93185 0
      vertex 23.4824 1.93185 0
      vertex 23.7389 1.98289 0
    endloop
  endfacet
  facet normal 0 0 -1
    outer loop
      vertex 23.2346 -1.84776 0
      vertex 23.4824 1.93185 0
      vertex 23.4824 -1.93185 0
    endloop
  endfacet
  facet normal 0 0 -1
    outer loop
      vertex 23.2346 -1.84776 0
      vertex 23.2346 1.84776 0
      vertex 23.4824 1.93185 0
    endloop
  endfacet
  facet normal 0 0 -1
    outer loop
      vertex 23 -1.73205 0
      vertex 23.2346 1.84776 0
      vertex 23.2346 -1.84776 0
    endloop
  endfacet
  facet normal 0 0 -1
    outer loop
      vertex 23 -1.73205 0
      vertex 23 1.73205 0
      vertex 23.2346 1.84776 0
    endloop
  endfacet
  facet normal 0 0 -1
    outer loop
      vertex 22.7825 -1.58671 0
      vertex 23 1.73205 0
      vertex 23 -1.73205 0
    endloop
  endfacet
  facet normal 0 0 -1
    outer loop
      vertex 22.7825 -1.58671 0
      vertex 22.7825 1.58671 0
      vertex 23 1.73205 0
    endloop
  endfacet
  facet normal 0 0 -1
    outer loop
      vertex 22.5858 -1.41421 0
      vertex 22.7825 1.58671 0
      vertex 22.7825 -1.58671 0
    endloop
  endfacet
  facet normal 0 0 -1
    outer loop
      vertex 22.5858 -1.41421 0
      vertex 22.5858 1.41421 0
      vertex 22.7825 1.58671 0
    endloop
  endfacet
  facet normal 0 0 -1
    outer loop
      vertex 22.4133 -1.21752 0
      vertex 22.5858 1.41421 0
      vertex 22.5858 -1.41421 0
    endloop
  endfacet
  facet normal 0 0 -1
    outer loop
      vertex 22.4133 -1.21752 0
      vertex 22.4133 1.21752 0
      vertex 22.5858 1.41421 0
    endloop
  endfacet
  facet normal 0 0 -1
    outer loop
      vertex 22.2679 -1 0
      vertex 22.4133 1.21752 0
      vertex 22.4133 -1.21752 0
    endloop
  endfacet
  facet normal 0 0 -1
    outer loop
      vertex 22.2679 -1 0
      vertex 22.2679 1 0
      vertex 22.4133 1.21752 0
    endloop
  endfacet
  facet normal 0 0 -1
    outer loop
      vertex 22.1522 -0.765367 0
      vertex 22.2679 1 0
      vertex 22.2679 -1 0
    endloop
  endfacet
  facet normal 0 0 -1
    outer loop
      vertex 22.1522 -0.765367 0
      vertex 22.1522 0.765367 0
      vertex 22.2679 1 0
    endloop
  endfacet
  facet normal 0 0 -1
    outer loop
      vertex 22.0681 -0.517637 0
      vertex 22.1522 0.765367 0
      vertex 22.1522 -0.765367 0
    endloop
  endfacet
  facet normal 0 0 -1
    outer loop
      vertex 22.0681 -0.517637 0
      vertex 22.0681 0.517637 0
      vertex 22.1522 0.765367 0
    endloop
  endfacet
  facet normal 0 0 -1
    outer loop
      vertex 22.0171 -0.261052 0
      vertex 22.0681 0.517637 0
      vertex 22.0681 -0.517637 0
    endloop
  endfacet
  facet normal 0 0 -1
    outer loop
      vertex 22.0171 -0.261052 0
      vertex 22.0171 0.261052 0
      vertex 22.0681 0.517637 0
    endloop
  endfacet
  facet normal 0 -0 -1
    outer loop
      vertex 22.0171 0.261052 0
      vertex 22.0171 -0.261052 0
      vertex 22 0 0
    endloop
  endfacet
  facet normal -0.896885 0.442264 0
    outer loop
      vertex 22.1522 0.765367 0
      vertex 22.2679 1 6.5
      vertex 22.2679 1 0
    endloop
  endfacet
  facet normal -0.896885 0.442264 0
    outer loop
      vertex 22.2679 1 6.5
      vertex 22.1522 0.765367 0
      vertex 22.1522 0.765367 6.5
    endloop
  endfacet
  facet normal -0.997861 0.0653641 0
    outer loop
      vertex 22 0 0
      vertex 22.0171 0.261052 6.5
      vertex 22.0171 0.261052 0
    endloop
  endfacet
  facet normal -0.997861 0.0653641 0
    outer loop
      vertex 22.0171 0.261052 6.5
      vertex 22 0 0
      vertex 22 0 6.5
    endloop
  endfacet
  facet normal 0 0 1
    outer loop
      vertex 25.9829 0.261052 6.5
      vertex 25.9829 -0.261052 6.5
      vertex 26 0 6.5
    endloop
  endfacet
  facet normal 0 0 1
    outer loop
      vertex 25.9319 0.517637 6.5
      vertex 25.9829 -0.261052 6.5
      vertex 25.9829 0.261052 6.5
    endloop
  endfacet
  facet normal 0 0 1
    outer loop
      vertex 25.9319 0.517637 6.5
      vertex 25.9319 -0.517637 6.5
      vertex 25.9829 -0.261052 6.5
    endloop
  endfacet
  facet normal 0 0 1
    outer loop
      vertex 25.8478 0.765367 6.5
      vertex 25.9319 -0.517637 6.5
      vertex 25.9319 0.517637 6.5
    endloop
  endfacet
  facet normal 0 0 1
    outer loop
      vertex 25.8478 0.765367 6.5
      vertex 25.8478 -0.765367 6.5
      vertex 25.9319 -0.517637 6.5
    endloop
  endfacet
  facet normal 0 0 1
    outer loop
      vertex 25.732 1 6.5
      vertex 25.8478 -0.765367 6.5
      vertex 25.8478 0.765367 6.5
    endloop
  endfacet
  facet normal 0 0 1
    outer loop
      vertex 25.732 1 6.5
      vertex 25.732 -1 6.5
      vertex 25.8478 -0.765367 6.5
    endloop
  endfacet
  facet normal 0 0 1
    outer loop
      vertex 25.5867 1.21752 6.5
      vertex 25.732 -1 6.5
      vertex 25.732 1 6.5
    endloop
  endfacet
  facet normal 0 0 1
    outer loop
      vertex 25.5867 1.21752 6.5
      vertex 25.5867 -1.21752 6.5
      vertex 25.732 -1 6.5
    endloop
  endfacet
  facet normal 0 0 1
    outer loop
      vertex 25.4142 1.41421 6.5
      vertex 25.5867 -1.21752 6.5
      vertex 25.5867 1.21752 6.5
    endloop
  endfacet
  facet normal 0 0 1
    outer loop
      vertex 25.4142 1.41421 6.5
      vertex 25.4142 -1.41421 6.5
      vertex 25.5867 -1.21752 6.5
    endloop
  endfacet
  facet normal 0 0 1
    outer loop
      vertex 25.2175 1.58671 6.5
      vertex 25.4142 -1.41421 6.5
      vertex 25.4142 1.41421 6.5
    endloop
  endfacet
  facet normal 0 0 1
    outer loop
      vertex 25.2175 1.58671 6.5
      vertex 25.2175 -1.58671 6.5
      vertex 25.4142 -1.41421 6.5
    endloop
  endfacet
  facet normal 0 0 1
    outer loop
      vertex 25 1.73205 6.5
      vertex 25.2175 -1.58671 6.5
      vertex 25.2175 1.58671 6.5
    endloop
  endfacet
  facet normal 0 0 1
    outer loop
      vertex 25 1.73205 6.5
      vertex 25 -1.73205 6.5
      vertex 25.2175 -1.58671 6.5
    endloop
  endfacet
  facet normal 0 0 1
    outer loop
      vertex 24.7654 1.84776 6.5
      vertex 25 -1.73205 6.5
      vertex 25 1.73205 6.5
    endloop
  endfacet
  facet normal 0 0 1
    outer loop
      vertex 24.7654 1.84776 6.5
      vertex 24.7654 -1.84776 6.5
      vertex 25 -1.73205 6.5
    endloop
  endfacet
  facet normal 0 0 1
    outer loop
      vertex 24.5176 1.93185 6.5
      vertex 24.7654 -1.84776 6.5
      vertex 24.7654 1.84776 6.5
    endloop
  endfacet
  facet normal 0 0 1
    outer loop
      vertex 24.5176 1.93185 6.5
      vertex 24.5176 -1.93185 6.5
      vertex 24.7654 -1.84776 6.5
    endloop
  endfacet
  facet normal 0 0 1
    outer loop
      vertex 24.2611 1.98289 6.5
      vertex 24.5176 -1.93185 6.5
      vertex 24.5176 1.93185 6.5
    endloop
  endfacet
  facet normal 0 0 1
    outer loop
      vertex 24.2611 1.98289 6.5
      vertex 24.2611 -1.98289 6.5
      vertex 24.5176 -1.93185 6.5
    endloop
  endfacet
  facet normal 0 0 1
    outer loop
      vertex 24 2 6.5
      vertex 24.2611 -1.98289 6.5
      vertex 24.2611 1.98289 6.5
    endloop
  endfacet
  facet normal 0 0 1
    outer loop
      vertex 24 2 6.5
      vertex 24 -2 6.5
      vertex 24.2611 -1.98289 6.5
    endloop
  endfacet
  facet normal -0 0 1
    outer loop
      vertex 23.7389 1.98289 6.5
      vertex 24 -2 6.5
      vertex 24 2 6.5
    endloop
  endfacet
  facet normal 0 0 1
    outer loop
      vertex 23.7389 1.98289 6.5
      vertex 23.7389 -1.98289 6.5
      vertex 24 -2 6.5
    endloop
  endfacet
  facet normal -0 0 1
    outer loop
      vertex 23.4824 1.93185 6.5
      vertex 23.7389 -1.98289 6.5
      vertex 23.7389 1.98289 6.5
    endloop
  endfacet
  facet normal 0 0 1
    outer loop
      vertex 23.4824 1.93185 6.5
      vertex 23.4824 -1.93185 6.5
      vertex 23.7389 -1.98289 6.5
    endloop
  endfacet
  facet normal -0 0 1
    outer loop
      vertex 23.2346 1.84776 6.5
      vertex 23.4824 -1.93185 6.5
      vertex 23.4824 1.93185 6.5
    endloop
  endfacet
  facet normal 0 0 1
    outer loop
      vertex 23.2346 1.84776 6.5
      vertex 23.2346 -1.84776 6.5
      vertex 23.4824 -1.93185 6.5
    endloop
  endfacet
  facet normal -0 0 1
    outer loop
      vertex 23 1.73205 6.5
      vertex 23.2346 -1.84776 6.5
      vertex 23.2346 1.84776 6.5
    endloop
  endfacet
  facet normal 0 0 1
    outer loop
      vertex 23 1.73205 6.5
      vertex 23 -1.73205 6.5
      vertex 23.2346 -1.84776 6.5
    endloop
  endfacet
  facet normal -0 0 1
    outer loop
      vertex 22.7825 1.58671 6.5
      vertex 23 -1.73205 6.5
      vertex 23 1.73205 6.5
    endloop
  endfacet
  facet normal 0 0 1
    outer loop
      vertex 22.7825 1.58671 6.5
      vertex 22.7825 -1.58671 6.5
      vertex 23 -1.73205 6.5
    endloop
  endfacet
  facet normal -0 0 1
    outer loop
      vertex 22.5858 1.41421 6.5
      vertex 22.7825 -1.58671 6.5
      vertex 22.7825 1.58671 6.5
    endloop
  endfacet
  facet normal 0 0 1
    outer loop
      vertex 22.5858 1.41421 6.5
      vertex 22.5858 -1.41421 6.5
      vertex 22.7825 -1.58671 6.5
    endloop
  endfacet
  facet normal -0 0 1
    outer loop
      vertex 22.4133 1.21752 6.5
      vertex 22.5858 -1.41421 6.5
      vertex 22.5858 1.41421 6.5
    endloop
  endfacet
  facet normal 0 0 1
    outer loop
      vertex 22.4133 1.21752 6.5
      vertex 22.4133 -1.21752 6.5
      vertex 22.5858 -1.41421 6.5
    endloop
  endfacet
  facet normal -0 0 1
    outer loop
      vertex 22.2679 1 6.5
      vertex 22.4133 -1.21752 6.5
      vertex 22.4133 1.21752 6.5
    endloop
  endfacet
  facet normal 0 0 1
    outer loop
      vertex 22.2679 1 6.5
      vertex 22.2679 -1 6.5
      vertex 22.4133 -1.21752 6.5
    endloop
  endfacet
  facet normal -0 0 1
    outer loop
      vertex 22.1522 0.765367 6.5
      vertex 22.2679 -1 6.5
      vertex 22.2679 1 6.5
    endloop
  endfacet
  facet normal 0 0 1
    outer loop
      vertex 22.1522 0.765367 6.5
      vertex 22.1522 -0.765367 6.5
      vertex 22.2679 -1 6.5
    endloop
  endfacet
  facet normal -0 0 1
    outer loop
      vertex 22.0681 0.517637 6.5
      vertex 22.1522 -0.765367 6.5
      vertex 22.1522 0.765367 6.5
    endloop
  endfacet
  facet normal 0 0 1
    outer loop
      vertex 22.0681 0.517637 6.5
      vertex 22.0681 -0.517637 6.5
      vertex 22.1522 -0.765367 6.5
    endloop
  endfacet
  facet normal -0 0 1
    outer loop
      vertex 22.0171 0.261052 6.5
      vertex 22.0681 -0.517637 6.5
      vertex 22.0681 0.517637 6.5
    endloop
  endfacet
  facet normal 0 0 1
    outer loop
      vertex 22.0171 0.261052 6.5
      vertex 22.0171 -0.261052 6.5
      vertex 22.0681 -0.517637 6.5
    endloop
  endfacet
  facet normal 0 -0 1
    outer loop
      vertex 22.0171 -0.261052 6.5
      vertex 22.0171 0.261052 6.5
      vertex 22 0 6.5
    endloop
  endfacet
  facet normal -0.659343 0.751842 0
    outer loop
      vertex 22.7825 1.58671 0
      vertex 22.5858 1.41421 6.5
      vertex 22.7825 1.58671 6.5
    endloop
  endfacet
  facet normal -0.659343 0.751842 0
    outer loop
      vertex 22.5858 1.41421 6.5
      vertex 22.7825 1.58671 0
      vertex 22.5858 1.41421 0
    endloop
  endfacet
  facet normal -0.321348 0.946961 0
    outer loop
      vertex 23.4824 1.93185 0
      vertex 23.2346 1.84776 6.5
      vertex 23.4824 1.93185 6.5
    endloop
  endfacet
  facet normal -0.321348 0.946961 0
    outer loop
      vertex 23.2346 1.84776 6.5
      vertex 23.4824 1.93185 0
      vertex 23.2346 1.84776 0
    endloop
  endfacet
  facet normal 0.831544 -0.555459 0
    outer loop
      vertex 25.5867 -1.21752 6.5
      vertex 25.732 -1 0
      vertex 25.732 -1 6.5
    endloop
  endfacet
  facet normal 0.831544 -0.555459 0
    outer loop
      vertex 25.732 -1 0
      vertex 25.5867 -1.21752 6.5
      vertex 25.5867 -1.21752 0
    endloop
  endfacet
  facet normal 0.980813 -0.194951 0
    outer loop
      vertex 25.9319 -0.517637 6.5
      vertex 25.9829 -0.261052 0
      vertex 25.9829 -0.261052 6.5
    endloop
  endfacet
  facet normal 0.980813 -0.194951 0
    outer loop
      vertex 25.9829 -0.261052 0
      vertex 25.9319 -0.517637 6.5
      vertex 25.9319 -0.517637 0
    endloop
  endfacet
  facet normal -0.5556 -0.83145 0
    outer loop
      vertex 22.7825 -1.58671 0
      vertex 23 -1.73205 6.5
      vertex 22.7825 -1.58671 6.5
    endloop
  endfacet
  facet normal -0.5556 -0.83145 -0
    outer loop
      vertex 23 -1.73205 6.5
      vertex 22.7825 -1.58671 0
      vertex 23 -1.73205 0
    endloop
  endfacet
  facet normal -0.831368 -0.555723 0
    outer loop
      vertex 22.4133 -1.21752 0
      vertex 22.2679 -1 6.5
      vertex 22.2679 -1 0
    endloop
  endfacet
  facet normal -0.831368 -0.555723 0
    outer loop
      vertex 22.2679 -1 6.5
      vertex 22.4133 -1.21752 0
      vertex 22.4133 -1.21752 6.5
    endloop
  endfacet
  facet normal -0.751826 -0.659362 0
    outer loop
      vertex 22.5858 -1.41421 0
      vertex 22.4133 -1.21752 6.5
      vertex 22.4133 -1.21752 0
    endloop
  endfacet
  facet normal -0.751826 -0.659362 0
    outer loop
      vertex 22.4133 -1.21752 6.5
      vertex 22.5858 -1.41421 0
      vertex 22.5858 -1.41421 6.5
    endloop
  endfacet
  facet normal 0.5556 -0.83145 0
    outer loop
      vertex 25 -1.73205 0
      vertex 25.2175 -1.58671 6.5
      vertex 25 -1.73205 6.5
    endloop
  endfacet
  facet normal 0.5556 -0.83145 0
    outer loop
      vertex 25.2175 -1.58671 6.5
      vertex 25 -1.73205 0
      vertex 25.2175 -1.58671 0
    endloop
  endfacet
  facet normal 0.896734 -0.442571 0
    outer loop
      vertex 25.732 -1 6.5
      vertex 25.8478 -0.765367 0
      vertex 25.8478 -0.765367 6.5
    endloop
  endfacet
  facet normal 0.896734 -0.442571 0
    outer loop
      vertex 25.8478 -0.765367 0
      vertex 25.732 -1 6.5
      vertex 25.732 -1 0
    endloop
  endfacet
  facet normal 0.997861 -0.0653641 0
    outer loop
      vertex 25.9829 -0.261052 6.5
      vertex 26 0 0
      vertex 26 0 6.5
    endloop
  endfacet
  facet normal 0.997861 -0.0653641 0
    outer loop
      vertex 26 0 0
      vertex 25.9829 -0.261052 6.5
      vertex 25.9829 -0.261052 0
    endloop
  endfacet
  facet normal -0.19516 -0.980771 0
    outer loop
      vertex 23.4824 -1.93185 0
      vertex 23.7389 -1.98289 6.5
      vertex 23.4824 -1.93185 6.5
    endloop
  endfacet
  facet normal -0.19516 -0.980771 -0
    outer loop
      vertex 23.7389 -1.98289 6.5
      vertex 23.4824 -1.93185 0
      vertex 23.7389 -1.98289 0
    endloop
  endfacet
  facet normal -0.659343 -0.751842 0
    outer loop
      vertex 22.5858 -1.41421 0
      vertex 22.7825 -1.58671 6.5
      vertex 22.5858 -1.41421 6.5
    endloop
  endfacet
  facet normal -0.659343 -0.751842 -0
    outer loop
      vertex 22.7825 -1.58671 6.5
      vertex 22.5858 -1.41421 0
      vertex 22.7825 -1.58671 0
    endloop
  endfacet
  facet normal -0.946922 -0.321463 0
    outer loop
      vertex 22.1522 -0.765367 0
      vertex 22.0681 -0.517637 6.5
      vertex 22.0681 -0.517637 0
    endloop
  endfacet
  facet normal -0.946922 -0.321463 0
    outer loop
      vertex 22.0681 -0.517637 6.5
      vertex 22.1522 -0.765367 0
      vertex 22.1522 -0.765367 6.5
    endloop
  endfacet
  facet normal -0.980813 -0.194951 0
    outer loop
      vertex 22.0681 -0.517637 0
      vertex 22.0171 -0.261052 6.5
      vertex 22.0171 -0.261052 0
    endloop
  endfacet
  facet normal -0.980813 -0.194951 0
    outer loop
      vertex 22.0171 -0.261052 6.5
      vertex 22.0681 -0.517637 0
      vertex 22.0681 -0.517637 6.5
    endloop
  endfacet
  facet normal -0.896885 -0.442264 0
    outer loop
      vertex 22.2679 -1 0
      vertex 22.1522 -0.765367 6.5
      vertex 22.1522 -0.765367 0
    endloop
  endfacet
  facet normal -0.896885 -0.442264 0
    outer loop
      vertex 22.1522 -0.765367 6.5
      vertex 22.2679 -1 0
      vertex 22.2679 -1 6.5
    endloop
  endfacet
  facet normal 0.659343 -0.751842 0
    outer loop
      vertex 25.2175 -1.58671 0
      vertex 25.4142 -1.41421 6.5
      vertex 25.2175 -1.58671 6.5
    endloop
  endfacet
  facet normal 0.659343 -0.751842 0
    outer loop
      vertex 25.4142 -1.41421 6.5
      vertex 25.2175 -1.58671 0
      vertex 25.4142 -1.41421 0
    endloop
  endfacet
  facet normal 0.321348 -0.946961 0
    outer loop
      vertex 24.5176 -1.93185 0
      vertex 24.7654 -1.84776 6.5
      vertex 24.5176 -1.93185 6.5
    endloop
  endfacet
  facet normal 0.321348 -0.946961 0
    outer loop
      vertex 24.7654 -1.84776 6.5
      vertex 24.5176 -1.93185 0
      vertex 24.7654 -1.84776 0
    endloop
  endfacet
  facet normal 0.19516 -0.980771 0
    outer loop
      vertex 24.2611 -1.98289 0
      vertex 24.5176 -1.93185 6.5
      vertex 24.2611 -1.98289 6.5
    endloop
  endfacet
  facet normal 0.19516 -0.980771 0
    outer loop
      vertex 24.5176 -1.93185 6.5
      vertex 24.2611 -1.98289 0
      vertex 24.5176 -1.93185 0
    endloop
  endfacet
  facet normal -0.0653902 -0.99786 0
    outer loop
      vertex 23.7389 -1.98289 0
      vertex 24 -2 6.5
      vertex 23.7389 -1.98289 6.5
    endloop
  endfacet
  facet normal -0.0653902 -0.99786 -0
    outer loop
      vertex 24 -2 6.5
      vertex 23.7389 -1.98289 0
      vertex 24 -2 0
    endloop
  endfacet
  facet normal -0.321348 -0.946961 0
    outer loop
      vertex 23.2346 -1.84776 0
      vertex 23.4824 -1.93185 6.5
      vertex 23.2346 -1.84776 6.5
    endloop
  endfacet
  facet normal -0.321348 -0.946961 -0
    outer loop
      vertex 23.4824 -1.93185 6.5
      vertex 23.2346 -1.84776 0
      vertex 23.4824 -1.93185 0
    endloop
  endfacet
  facet normal 0.751826 -0.659362 0
    outer loop
      vertex 25.4142 -1.41421 6.5
      vertex 25.5867 -1.21752 0
      vertex 25.5867 -1.21752 6.5
    endloop
  endfacet
  facet normal 0.751826 -0.659362 0
    outer loop
      vertex 25.5867 -1.21752 0
      vertex 25.4142 -1.41421 6.5
      vertex 25.4142 -1.41421 0
    endloop
  endfacet
  facet normal -0.442344 -0.896845 0
    outer loop
      vertex 23 -1.73205 0
      vertex 23.2346 -1.84776 6.5
      vertex 23 -1.73205 6.5
    endloop
  endfacet
  facet normal -0.442344 -0.896845 -0
    outer loop
      vertex 23.2346 -1.84776 6.5
      vertex 23 -1.73205 0
      vertex 23.2346 -1.84776 0
    endloop
  endfacet
  facet normal 0.997861 0.0653641 0
    outer loop
      vertex 34 0 6.5
      vertex 33.9829 0.261052 0
      vertex 33.9829 0.261052 6.5
    endloop
  endfacet
  facet normal 0.997861 0.0653641 0
    outer loop
      vertex 33.9829 0.261052 0
      vertex 34 0 6.5
      vertex 34 0 0
    endloop
  endfacet
  facet normal -0.0653902 0.99786 0
    outer loop
      vertex 32 2 0
      vertex 31.7389 1.98289 6.5
      vertex 32 2 6.5
    endloop
  endfacet
  facet normal -0.0653902 0.99786 0
    outer loop
      vertex 31.7389 1.98289 6.5
      vertex 32 2 0
      vertex 31.7389 1.98289 0
    endloop
  endfacet
  facet normal 0.0653902 -0.99786 0
    outer loop
      vertex 32 -2 0
      vertex 32.2611 -1.98289 6.5
      vertex 32 -2 6.5
    endloop
  endfacet
  facet normal 0.0653902 -0.99786 0
    outer loop
      vertex 32.2611 -1.98289 6.5
      vertex 32 -2 0
      vertex 32.2611 -1.98289 0
    endloop
  endfacet
  facet normal 0.751826 -0.659362 0
    outer loop
      vertex 33.4142 -1.41421 6.5
      vertex 33.5867 -1.21752 0
      vertex 33.5867 -1.21752 6.5
    endloop
  endfacet
  facet normal 0.751826 -0.659362 0
    outer loop
      vertex 33.5867 -1.21752 0
      vertex 33.4142 -1.41421 6.5
      vertex 33.4142 -1.41421 0
    endloop
  endfacet
  facet normal 0.659343 0.751842 -0
    outer loop
      vertex 33.4142 1.41421 0
      vertex 33.2175 1.58671 6.5
      vertex 33.4142 1.41421 6.5
    endloop
  endfacet
  facet normal 0.659343 0.751842 0
    outer loop
      vertex 33.2175 1.58671 6.5
      vertex 33.4142 1.41421 0
      vertex 33.2175 1.58671 0
    endloop
  endfacet
  facet normal -0.751826 0.659362 0
    outer loop
      vertex 30.4133 1.21752 0
      vertex 30.5858 1.41421 6.5
      vertex 30.5858 1.41421 0
    endloop
  endfacet
  facet normal -0.751826 0.659362 0
    outer loop
      vertex 30.5858 1.41421 6.5
      vertex 30.4133 1.21752 0
      vertex 30.4133 1.21752 6.5
    endloop
  endfacet
  facet normal -0.442344 0.896845 0
    outer loop
      vertex 31.2346 1.84776 0
      vertex 31 1.73205 6.5
      vertex 31.2346 1.84776 6.5
    endloop
  endfacet
  facet normal -0.442344 0.896845 0
    outer loop
      vertex 31 1.73205 6.5
      vertex 31.2346 1.84776 0
      vertex 31 1.73205 0
    endloop
  endfacet
  facet normal 0.896734 0.442571 0
    outer loop
      vertex 33.8478 0.765367 6.5
      vertex 33.732 1 0
      vertex 33.732 1 6.5
    endloop
  endfacet
  facet normal 0.896734 0.442571 0
    outer loop
      vertex 33.732 1 0
      vertex 33.8478 0.765367 6.5
      vertex 33.8478 0.765367 0
    endloop
  endfacet
  facet normal 0.980813 0.194951 0
    outer loop
      vertex 33.9829 0.261052 6.5
      vertex 33.9319 0.517637 0
      vertex 33.9319 0.517637 6.5
    endloop
  endfacet
  facet normal 0.980813 0.194951 0
    outer loop
      vertex 33.9319 0.517637 0
      vertex 33.9829 0.261052 6.5
      vertex 33.9829 0.261052 0
    endloop
  endfacet
  facet normal 0.831544 0.555459 0
    outer loop
      vertex 33.732 1 6.5
      vertex 33.5867 1.21752 0
      vertex 33.5867 1.21752 6.5
    endloop
  endfacet
  facet normal 0.831544 0.555459 0
    outer loop
      vertex 33.5867 1.21752 0
      vertex 33.732 1 6.5
      vertex 33.732 1 0
    endloop
  endfacet
  facet normal 0.321348 0.946961 -0
    outer loop
      vertex 32.7654 1.84776 0
      vertex 32.5176 1.93185 6.5
      vertex 32.7654 1.84776 6.5
    endloop
  endfacet
  facet normal 0.321348 0.946961 0
    outer loop
      vertex 32.5176 1.93185 6.5
      vertex 32.7654 1.84776 0
      vertex 32.5176 1.93185 0
    endloop
  endfacet
  facet normal 0.5556 0.83145 -0
    outer loop
      vertex 33.2175 1.58671 0
      vertex 33 1.73205 6.5
      vertex 33.2175 1.58671 6.5
    endloop
  endfacet
  facet normal 0.5556 0.83145 0
    outer loop
      vertex 33 1.73205 6.5
      vertex 33.2175 1.58671 0
      vertex 33 1.73205 0
    endloop
  endfacet
  facet normal -0.896885 0.442264 0
    outer loop
      vertex 30.1522 0.765367 0
      vertex 30.2679 1 6.5
      vertex 30.2679 1 0
    endloop
  endfacet
  facet normal -0.896885 0.442264 0
    outer loop
      vertex 30.2679 1 6.5
      vertex 30.1522 0.765367 0
      vertex 30.1522 0.765367 6.5
    endloop
  endfacet
  facet normal -0.831368 0.555723 0
    outer loop
      vertex 30.2679 1 0
      vertex 30.4133 1.21752 6.5
      vertex 30.4133 1.21752 0
    endloop
  endfacet
  facet normal -0.831368 0.555723 0
    outer loop
      vertex 30.4133 1.21752 6.5
      vertex 30.2679 1 0
      vertex 30.2679 1 6.5
    endloop
  endfacet
  facet normal -0.980813 0.194951 0
    outer loop
      vertex 30.0171 0.261052 0
      vertex 30.0681 0.517637 6.5
      vertex 30.0681 0.517637 0
    endloop
  endfacet
  facet normal -0.980813 0.194951 0
    outer loop
      vertex 30.0681 0.517637 6.5
      vertex 30.0171 0.261052 0
      vertex 30.0171 0.261052 6.5
    endloop
  endfacet
  facet normal -0.5556 0.83145 0
    outer loop
      vertex 31 1.73205 0
      vertex 30.7825 1.58671 6.5
      vertex 31 1.73205 6.5
    endloop
  endfacet
  facet normal -0.5556 0.83145 0
    outer loop
      vertex 30.7825 1.58671 6.5
      vertex 31 1.73205 0
      vertex 30.7825 1.58671 0
    endloop
  endfacet
  facet normal -0.19516 0.980771 0
    outer loop
      vertex 31.7389 1.98289 0
      vertex 31.4824 1.93185 6.5
      vertex 31.7389 1.98289 6.5
    endloop
  endfacet
  facet normal -0.19516 0.980771 0
    outer loop
      vertex 31.4824 1.93185 6.5
      vertex 31.7389 1.98289 0
      vertex 31.4824 1.93185 0
    endloop
  endfacet
  facet normal 0.19516 -0.980771 0
    outer loop
      vertex 32.2611 -1.98289 0
      vertex 32.5176 -1.93185 6.5
      vertex 32.2611 -1.98289 6.5
    endloop
  endfacet
  facet normal 0.19516 -0.980771 0
    outer loop
      vertex 32.5176 -1.93185 6.5
      vertex 32.2611 -1.98289 0
      vertex 32.5176 -1.93185 0
    endloop
  endfacet
  facet normal 0.946922 0.321463 0
    outer loop
      vertex 33.9319 0.517637 6.5
      vertex 33.8478 0.765367 0
      vertex 33.8478 0.765367 6.5
    endloop
  endfacet
  facet normal 0.946922 0.321463 0
    outer loop
      vertex 33.8478 0.765367 0
      vertex 33.9319 0.517637 6.5
      vertex 33.9319 0.517637 0
    endloop
  endfacet
  facet normal 0.751826 0.659362 0
    outer loop
      vertex 33.5867 1.21752 6.5
      vertex 33.4142 1.41421 0
      vertex 33.4142 1.41421 6.5
    endloop
  endfacet
  facet normal 0.751826 0.659362 0
    outer loop
      vertex 33.4142 1.41421 0
      vertex 33.5867 1.21752 6.5
      vertex 33.5867 1.21752 0
    endloop
  endfacet
  facet normal 0.19516 0.980771 -0
    outer loop
      vertex 32.5176 1.93185 0
      vertex 32.2611 1.98289 6.5
      vertex 32.5176 1.93185 6.5
    endloop
  endfacet
  facet normal 0.19516 0.980771 0
    outer loop
      vertex 32.2611 1.98289 6.5
      vertex 32.5176 1.93185 0
      vertex 32.2611 1.98289 0
    endloop
  endfacet
  facet normal 0.0653902 0.99786 -0
    outer loop
      vertex 32.2611 1.98289 0
      vertex 32 2 6.5
      vertex 32.2611 1.98289 6.5
    endloop
  endfacet
  facet normal 0.0653902 0.99786 0
    outer loop
      vertex 32 2 6.5
      vertex 32.2611 1.98289 0
      vertex 32 2 0
    endloop
  endfacet
  facet normal 0.442344 0.896845 -0
    outer loop
      vertex 33 1.73205 0
      vertex 32.7654 1.84776 6.5
      vertex 33 1.73205 6.5
    endloop
  endfacet
  facet normal 0.442344 0.896845 0
    outer loop
      vertex 32.7654 1.84776 6.5
      vertex 33 1.73205 0
      vertex 32.7654 1.84776 0
    endloop
  endfacet
  facet normal 0 0 -1
    outer loop
      vertex 33.9829 -0.261052 0
      vertex 33.9829 0.261052 0
      vertex 34 0 0
    endloop
  endfacet
  facet normal 0 0 -1
    outer loop
      vertex 33.9319 -0.517637 0
      vertex 33.9829 0.261052 0
      vertex 33.9829 -0.261052 0
    endloop
  endfacet
  facet normal 0 0 -1
    outer loop
      vertex 33.9319 -0.517637 0
      vertex 33.9319 0.517637 0
      vertex 33.9829 0.261052 0
    endloop
  endfacet
  facet normal 0 0 -1
    outer loop
      vertex 33.8478 -0.765367 0
      vertex 33.9319 0.517637 0
      vertex 33.9319 -0.517637 0
    endloop
  endfacet
  facet normal 0 0 -1
    outer loop
      vertex 33.8478 -0.765367 0
      vertex 33.8478 0.765367 0
      vertex 33.9319 0.517637 0
    endloop
  endfacet
  facet normal 0 0 -1
    outer loop
      vertex 33.732 -1 0
      vertex 33.8478 0.765367 0
      vertex 33.8478 -0.765367 0
    endloop
  endfacet
  facet normal 0 0 -1
    outer loop
      vertex 33.732 -1 0
      vertex 33.732 1 0
      vertex 33.8478 0.765367 0
    endloop
  endfacet
  facet normal 0 0 -1
    outer loop
      vertex 33.5867 -1.21752 0
      vertex 33.732 1 0
      vertex 33.732 -1 0
    endloop
  endfacet
  facet normal 0 0 -1
    outer loop
      vertex 33.5867 -1.21752 0
      vertex 33.5867 1.21752 0
      vertex 33.732 1 0
    endloop
  endfacet
  facet normal 0 0 -1
    outer loop
      vertex 33.4142 -1.41421 0
      vertex 33.5867 1.21752 0
      vertex 33.5867 -1.21752 0
    endloop
  endfacet
  facet normal 0 0 -1
    outer loop
      vertex 33.4142 -1.41421 0
      vertex 33.4142 1.41421 0
      vertex 33.5867 1.21752 0
    endloop
  endfacet
  facet normal 0 0 -1
    outer loop
      vertex 33.2175 -1.58671 0
      vertex 33.4142 1.41421 0
      vertex 33.4142 -1.41421 0
    endloop
  endfacet
  facet normal 0 0 -1
    outer loop
      vertex 33.2175 -1.58671 0
      vertex 33.2175 1.58671 0
      vertex 33.4142 1.41421 0
    endloop
  endfacet
  facet normal 0 0 -1
    outer loop
      vertex 33 -1.73205 0
      vertex 33.2175 1.58671 0
      vertex 33.2175 -1.58671 0
    endloop
  endfacet
  facet normal 0 0 -1
    outer loop
      vertex 33 -1.73205 0
      vertex 33 1.73205 0
      vertex 33.2175 1.58671 0
    endloop
  endfacet
  facet normal 0 0 -1
    outer loop
      vertex 32.7654 -1.84776 0
      vertex 33 1.73205 0
      vertex 33 -1.73205 0
    endloop
  endfacet
  facet normal 0 0 -1
    outer loop
      vertex 32.7654 -1.84776 0
      vertex 32.7654 1.84776 0
      vertex 33 1.73205 0
    endloop
  endfacet
  facet normal 0 0 -1
    outer loop
      vertex 32.5176 -1.93185 0
      vertex 32.7654 1.84776 0
      vertex 32.7654 -1.84776 0
    endloop
  endfacet
  facet normal 0 0 -1
    outer loop
      vertex 32.5176 -1.93185 0
      vertex 32.5176 1.93185 0
      vertex 32.7654 1.84776 0
    endloop
  endfacet
  facet normal 0 0 -1
    outer loop
      vertex 32.2611 -1.98289 0
      vertex 32.5176 1.93185 0
      vertex 32.5176 -1.93185 0
    endloop
  endfacet
  facet normal 0 0 -1
    outer loop
      vertex 32.2611 -1.98289 0
      vertex 32.2611 1.98289 0
      vertex 32.5176 1.93185 0
    endloop
  endfacet
  facet normal 0 0 -1
    outer loop
      vertex 32 -2 0
      vertex 32.2611 1.98289 0
      vertex 32.2611 -1.98289 0
    endloop
  endfacet
  facet normal 0 0 -1
    outer loop
      vertex 32 -2 0
      vertex 32 2 0
      vertex 32.2611 1.98289 0
    endloop
  endfacet
  facet normal 0 0 -1
    outer loop
      vertex 31.7389 -1.98289 0
      vertex 32 2 0
      vertex 32 -2 0
    endloop
  endfacet
  facet normal 0 0 -1
    outer loop
      vertex 31.7389 -1.98289 0
      vertex 31.7389 1.98289 0
      vertex 32 2 0
    endloop
  endfacet
  facet normal 0 0 -1
    outer loop
      vertex 31.4824 -1.93185 0
      vertex 31.7389 1.98289 0
      vertex 31.7389 -1.98289 0
    endloop
  endfacet
  facet normal 0 0 -1
    outer loop
      vertex 31.4824 -1.93185 0
      vertex 31.4824 1.93185 0
      vertex 31.7389 1.98289 0
    endloop
  endfacet
  facet normal 0 0 -1
    outer loop
      vertex 31.2346 -1.84776 0
      vertex 31.4824 1.93185 0
      vertex 31.4824 -1.93185 0
    endloop
  endfacet
  facet normal 0 0 -1
    outer loop
      vertex 31.2346 -1.84776 0
      vertex 31.2346 1.84776 0
      vertex 31.4824 1.93185 0
    endloop
  endfacet
  facet normal 0 0 -1
    outer loop
      vertex 31 -1.73205 0
      vertex 31.2346 1.84776 0
      vertex 31.2346 -1.84776 0
    endloop
  endfacet
  facet normal 0 0 -1
    outer loop
      vertex 31 -1.73205 0
      vertex 31 1.73205 0
      vertex 31.2346 1.84776 0
    endloop
  endfacet
  facet normal 0 0 -1
    outer loop
      vertex 30.7825 -1.58671 0
      vertex 31 1.73205 0
      vertex 31 -1.73205 0
    endloop
  endfacet
  facet normal 0 0 -1
    outer loop
      vertex 30.7825 -1.58671 0
      vertex 30.7825 1.58671 0
      vertex 31 1.73205 0
    endloop
  endfacet
  facet normal 0 0 -1
    outer loop
      vertex 30.5858 -1.41421 0
      vertex 30.7825 1.58671 0
      vertex 30.7825 -1.58671 0
    endloop
  endfacet
  facet normal 0 0 -1
    outer loop
      vertex 30.5858 -1.41421 0
      vertex 30.5858 1.41421 0
      vertex 30.7825 1.58671 0
    endloop
  endfacet
  facet normal 0 0 -1
    outer loop
      vertex 30.4133 -1.21752 0
      vertex 30.5858 1.41421 0
      vertex 30.5858 -1.41421 0
    endloop
  endfacet
  facet normal 0 0 -1
    outer loop
      vertex 30.4133 -1.21752 0
      vertex 30.4133 1.21752 0
      vertex 30.5858 1.41421 0
    endloop
  endfacet
  facet normal 0 0 -1
    outer loop
      vertex 30.2679 -1 0
      vertex 30.4133 1.21752 0
      vertex 30.4133 -1.21752 0
    endloop
  endfacet
  facet normal 0 0 -1
    outer loop
      vertex 30.2679 -1 0
      vertex 30.2679 1 0
      vertex 30.4133 1.21752 0
    endloop
  endfacet
  facet normal 0 0 -1
    outer loop
      vertex 30.1522 -0.765367 0
      vertex 30.2679 1 0
      vertex 30.2679 -1 0
    endloop
  endfacet
  facet normal 0 0 -1
    outer loop
      vertex 30.1522 -0.765367 0
      vertex 30.1522 0.765367 0
      vertex 30.2679 1 0
    endloop
  endfacet
  facet normal 0 0 -1
    outer loop
      vertex 30.0681 -0.517637 0
      vertex 30.1522 0.765367 0
      vertex 30.1522 -0.765367 0
    endloop
  endfacet
  facet normal 0 0 -1
    outer loop
      vertex 30.0681 -0.517637 0
      vertex 30.0681 0.517637 0
      vertex 30.1522 0.765367 0
    endloop
  endfacet
  facet normal 0 0 -1
    outer loop
      vertex 30.0171 -0.261052 0
      vertex 30.0681 0.517637 0
      vertex 30.0681 -0.517637 0
    endloop
  endfacet
  facet normal 0 0 -1
    outer loop
      vertex 30.0171 -0.261052 0
      vertex 30.0171 0.261052 0
      vertex 30.0681 0.517637 0
    endloop
  endfacet
  facet normal 0 -0 -1
    outer loop
      vertex 30.0171 0.261052 0
      vertex 30.0171 -0.261052 0
      vertex 30 0 0
    endloop
  endfacet
  facet normal -0.946922 0.321463 0
    outer loop
      vertex 30.0681 0.517637 0
      vertex 30.1522 0.765367 6.5
      vertex 30.1522 0.765367 0
    endloop
  endfacet
  facet normal -0.946922 0.321463 0
    outer loop
      vertex 30.1522 0.765367 6.5
      vertex 30.0681 0.517637 0
      vertex 30.0681 0.517637 6.5
    endloop
  endfacet
  facet normal -0.997861 0.0653641 0
    outer loop
      vertex 30 0 0
      vertex 30.0171 0.261052 6.5
      vertex 30.0171 0.261052 0
    endloop
  endfacet
  facet normal -0.997861 0.0653641 0
    outer loop
      vertex 30.0171 0.261052 6.5
      vertex 30 0 0
      vertex 30 0 6.5
    endloop
  endfacet
  facet normal 0 0 1
    outer loop
      vertex 33.9829 0.261052 6.5
      vertex 33.9829 -0.261052 6.5
      vertex 34 0 6.5
    endloop
  endfacet
  facet normal 0 0 1
    outer loop
      vertex 33.9319 0.517637 6.5
      vertex 33.9829 -0.261052 6.5
      vertex 33.9829 0.261052 6.5
    endloop
  endfacet
  facet normal 0 0 1
    outer loop
      vertex 33.9319 0.517637 6.5
      vertex 33.9319 -0.517637 6.5
      vertex 33.9829 -0.261052 6.5
    endloop
  endfacet
  facet normal 0 0 1
    outer loop
      vertex 33.8478 0.765367 6.5
      vertex 33.9319 -0.517637 6.5
      vertex 33.9319 0.517637 6.5
    endloop
  endfacet
  facet normal 0 0 1
    outer loop
      vertex 33.8478 0.765367 6.5
      vertex 33.8478 -0.765367 6.5
      vertex 33.9319 -0.517637 6.5
    endloop
  endfacet
  facet normal 0 0 1
    outer loop
      vertex 33.732 1 6.5
      vertex 33.8478 -0.765367 6.5
      vertex 33.8478 0.765367 6.5
    endloop
  endfacet
  facet normal 0 0 1
    outer loop
      vertex 33.732 1 6.5
      vertex 33.732 -1 6.5
      vertex 33.8478 -0.765367 6.5
    endloop
  endfacet
  facet normal 0 0 1
    outer loop
      vertex 33.5867 1.21752 6.5
      vertex 33.732 -1 6.5
      vertex 33.732 1 6.5
    endloop
  endfacet
  facet normal 0 0 1
    outer loop
      vertex 33.5867 1.21752 6.5
      vertex 33.5867 -1.21752 6.5
      vertex 33.732 -1 6.5
    endloop
  endfacet
  facet normal 0 0 1
    outer loop
      vertex 33.4142 1.41421 6.5
      vertex 33.5867 -1.21752 6.5
      vertex 33.5867 1.21752 6.5
    endloop
  endfacet
  facet normal 0 0 1
    outer loop
      vertex 33.4142 1.41421 6.5
      vertex 33.4142 -1.41421 6.5
      vertex 33.5867 -1.21752 6.5
    endloop
  endfacet
  facet normal 0 0 1
    outer loop
      vertex 33.2175 1.58671 6.5
      vertex 33.4142 -1.41421 6.5
      vertex 33.4142 1.41421 6.5
    endloop
  endfacet
  facet normal 0 0 1
    outer loop
      vertex 33.2175 1.58671 6.5
      vertex 33.2175 -1.58671 6.5
      vertex 33.4142 -1.41421 6.5
    endloop
  endfacet
  facet normal 0 0 1
    outer loop
      vertex 33 1.73205 6.5
      vertex 33.2175 -1.58671 6.5
      vertex 33.2175 1.58671 6.5
    endloop
  endfacet
  facet normal 0 0 1
    outer loop
      vertex 33 1.73205 6.5
      vertex 33 -1.73205 6.5
      vertex 33.2175 -1.58671 6.5
    endloop
  endfacet
  facet normal 0 0 1
    outer loop
      vertex 32.7654 1.84776 6.5
      vertex 33 -1.73205 6.5
      vertex 33 1.73205 6.5
    endloop
  endfacet
  facet normal 0 0 1
    outer loop
      vertex 32.7654 1.84776 6.5
      vertex 32.7654 -1.84776 6.5
      vertex 33 -1.73205 6.5
    endloop
  endfacet
  facet normal 0 0 1
    outer loop
      vertex 32.5176 1.93185 6.5
      vertex 32.7654 -1.84776 6.5
      vertex 32.7654 1.84776 6.5
    endloop
  endfacet
  facet normal 0 0 1
    outer loop
      vertex 32.5176 1.93185 6.5
      vertex 32.5176 -1.93185 6.5
      vertex 32.7654 -1.84776 6.5
    endloop
  endfacet
  facet normal 0 0 1
    outer loop
      vertex 32.2611 1.98289 6.5
      vertex 32.5176 -1.93185 6.5
      vertex 32.5176 1.93185 6.5
    endloop
  endfacet
  facet normal 0 0 1
    outer loop
      vertex 32.2611 1.98289 6.5
      vertex 32.2611 -1.98289 6.5
      vertex 32.5176 -1.93185 6.5
    endloop
  endfacet
  facet normal 0 0 1
    outer loop
      vertex 32 2 6.5
      vertex 32.2611 -1.98289 6.5
      vertex 32.2611 1.98289 6.5
    endloop
  endfacet
  facet normal 0 0 1
    outer loop
      vertex 32 2 6.5
      vertex 32 -2 6.5
      vertex 32.2611 -1.98289 6.5
    endloop
  endfacet
  facet normal -0 0 1
    outer loop
      vertex 31.7389 1.98289 6.5
      vertex 32 -2 6.5
      vertex 32 2 6.5
    endloop
  endfacet
  facet normal 0 0 1
    outer loop
      vertex 31.7389 1.98289 6.5
      vertex 31.7389 -1.98289 6.5
      vertex 32 -2 6.5
    endloop
  endfacet
  facet normal -0 0 1
    outer loop
      vertex 31.4824 1.93185 6.5
      vertex 31.7389 -1.98289 6.5
      vertex 31.7389 1.98289 6.5
    endloop
  endfacet
  facet normal 0 0 1
    outer loop
      vertex 31.4824 1.93185 6.5
      vertex 31.4824 -1.93185 6.5
      vertex 31.7389 -1.98289 6.5
    endloop
  endfacet
  facet normal -0 0 1
    outer loop
      vertex 31.2346 1.84776 6.5
      vertex 31.4824 -1.93185 6.5
      vertex 31.4824 1.93185 6.5
    endloop
  endfacet
  facet normal 0 0 1
    outer loop
      vertex 31.2346 1.84776 6.5
      vertex 31.2346 -1.84776 6.5
      vertex 31.4824 -1.93185 6.5
    endloop
  endfacet
  facet normal -0 0 1
    outer loop
      vertex 31 1.73205 6.5
      vertex 31.2346 -1.84776 6.5
      vertex 31.2346 1.84776 6.5
    endloop
  endfacet
  facet normal 0 0 1
    outer loop
      vertex 31 1.73205 6.5
      vertex 31 -1.73205 6.5
      vertex 31.2346 -1.84776 6.5
    endloop
  endfacet
  facet normal -0 0 1
    outer loop
      vertex 30.7825 1.58671 6.5
      vertex 31 -1.73205 6.5
      vertex 31 1.73205 6.5
    endloop
  endfacet
  facet normal 0 0 1
    outer loop
      vertex 30.7825 1.58671 6.5
      vertex 30.7825 -1.58671 6.5
      vertex 31 -1.73205 6.5
    endloop
  endfacet
  facet normal -0 0 1
    outer loop
      vertex 30.5858 1.41421 6.5
      vertex 30.7825 -1.58671 6.5
      vertex 30.7825 1.58671 6.5
    endloop
  endfacet
  facet normal 0 0 1
    outer loop
      vertex 30.5858 1.41421 6.5
      vertex 30.5858 -1.41421 6.5
      vertex 30.7825 -1.58671 6.5
    endloop
  endfacet
  facet normal -0 0 1
    outer loop
      vertex 30.4133 1.21752 6.5
      vertex 30.5858 -1.41421 6.5
      vertex 30.5858 1.41421 6.5
    endloop
  endfacet
  facet normal 0 0 1
    outer loop
      vertex 30.4133 1.21752 6.5
      vertex 30.4133 -1.21752 6.5
      vertex 30.5858 -1.41421 6.5
    endloop
  endfacet
  facet normal -0 0 1
    outer loop
      vertex 30.2679 1 6.5
      vertex 30.4133 -1.21752 6.5
      vertex 30.4133 1.21752 6.5
    endloop
  endfacet
  facet normal 0 0 1
    outer loop
      vertex 30.2679 1 6.5
      vertex 30.2679 -1 6.5
      vertex 30.4133 -1.21752 6.5
    endloop
  endfacet
  facet normal -0 0 1
    outer loop
      vertex 30.1522 0.765367 6.5
      vertex 30.2679 -1 6.5
      vertex 30.2679 1 6.5
    endloop
  endfacet
  facet normal 0 0 1
    outer loop
      vertex 30.1522 0.765367 6.5
      vertex 30.1522 -0.765367 6.5
      vertex 30.2679 -1 6.5
    endloop
  endfacet
  facet normal -0 0 1
    outer loop
      vertex 30.0681 0.517637 6.5
      vertex 30.1522 -0.765367 6.5
      vertex 30.1522 0.765367 6.5
    endloop
  endfacet
  facet normal 0 0 1
    outer loop
      vertex 30.0681 0.517637 6.5
      vertex 30.0681 -0.517637 6.5
      vertex 30.1522 -0.765367 6.5
    endloop
  endfacet
  facet normal -0 0 1
    outer loop
      vertex 30.0171 0.261052 6.5
      vertex 30.0681 -0.517637 6.5
      vertex 30.0681 0.517637 6.5
    endloop
  endfacet
  facet normal 0 0 1
    outer loop
      vertex 30.0171 0.261052 6.5
      vertex 30.0171 -0.261052 6.5
      vertex 30.0681 -0.517637 6.5
    endloop
  endfacet
  facet normal 0 -0 1
    outer loop
      vertex 30.0171 -0.261052 6.5
      vertex 30.0171 0.261052 6.5
      vertex 30 0 6.5
    endloop
  endfacet
  facet normal 0.997861 -0.0653641 0
    outer loop
      vertex 33.9829 -0.261052 6.5
      vertex 34 0 0
      vertex 34 0 6.5
    endloop
  endfacet
  facet normal 0.997861 -0.0653641 0
    outer loop
      vertex 34 0 0
      vertex 33.9829 -0.261052 6.5
      vertex 33.9829 -0.261052 0
    endloop
  endfacet
  facet normal 0.831544 -0.555459 0
    outer loop
      vertex 33.5867 -1.21752 6.5
      vertex 33.732 -1 0
      vertex 33.732 -1 6.5
    endloop
  endfacet
  facet normal 0.831544 -0.555459 0
    outer loop
      vertex 33.732 -1 0
      vertex 33.5867 -1.21752 6.5
      vertex 33.5867 -1.21752 0
    endloop
  endfacet
  facet normal 0.980813 -0.194951 0
    outer loop
      vertex 33.9319 -0.517637 6.5
      vertex 33.9829 -0.261052 0
      vertex 33.9829 -0.261052 6.5
    endloop
  endfacet
  facet normal 0.980813 -0.194951 0
    outer loop
      vertex 33.9829 -0.261052 0
      vertex 33.9319 -0.517637 6.5
      vertex 33.9319 -0.517637 0
    endloop
  endfacet
  facet normal -0.831368 -0.555723 0
    outer loop
      vertex 30.4133 -1.21752 0
      vertex 30.2679 -1 6.5
      vertex 30.2679 -1 0
    endloop
  endfacet
  facet normal -0.831368 -0.555723 0
    outer loop
      vertex 30.2679 -1 6.5
      vertex 30.4133 -1.21752 0
      vertex 30.4133 -1.21752 6.5
    endloop
  endfacet
  facet normal -0.980813 -0.194951 0
    outer loop
      vertex 30.0681 -0.517637 0
      vertex 30.0171 -0.261052 6.5
      vertex 30.0171 -0.261052 0
    endloop
  endfacet
  facet normal -0.980813 -0.194951 0
    outer loop
      vertex 30.0171 -0.261052 6.5
      vertex 30.0681 -0.517637 0
      vertex 30.0681 -0.517637 6.5
    endloop
  endfacet
  facet normal 0.5556 -0.83145 0
    outer loop
      vertex 33 -1.73205 0
      vertex 33.2175 -1.58671 6.5
      vertex 33 -1.73205 6.5
    endloop
  endfacet
  facet normal 0.5556 -0.83145 0
    outer loop
      vertex 33.2175 -1.58671 6.5
      vertex 33 -1.73205 0
      vertex 33.2175 -1.58671 0
    endloop
  endfacet
  facet normal 0.442344 -0.896845 0
    outer loop
      vertex 32.7654 -1.84776 0
      vertex 33 -1.73205 6.5
      vertex 32.7654 -1.84776 6.5
    endloop
  endfacet
  facet normal 0.442344 -0.896845 0
    outer loop
      vertex 33 -1.73205 6.5
      vertex 32.7654 -1.84776 0
      vertex 33 -1.73205 0
    endloop
  endfacet
  facet normal -0.997861 -0.0653641 0
    outer loop
      vertex 30.0171 -0.261052 0
      vertex 30 0 6.5
      vertex 30 0 0
    endloop
  endfacet
  facet normal -0.997861 -0.0653641 0
    outer loop
      vertex 30 0 6.5
      vertex 30.0171 -0.261052 0
      vertex 30.0171 -0.261052 6.5
    endloop
  endfacet
  facet normal -0.659343 0.751842 0
    outer loop
      vertex 30.7825 1.58671 0
      vertex 30.5858 1.41421 6.5
      vertex 30.7825 1.58671 6.5
    endloop
  endfacet
  facet normal -0.659343 0.751842 0
    outer loop
      vertex 30.5858 1.41421 6.5
      vertex 30.7825 1.58671 0
      vertex 30.5858 1.41421 0
    endloop
  endfacet
  facet normal -0.321348 0.946961 0
    outer loop
      vertex 31.4824 1.93185 0
      vertex 31.2346 1.84776 6.5
      vertex 31.4824 1.93185 6.5
    endloop
  endfacet
  facet normal -0.321348 0.946961 0
    outer loop
      vertex 31.2346 1.84776 6.5
      vertex 31.4824 1.93185 0
      vertex 31.2346 1.84776 0
    endloop
  endfacet
  facet normal 0.946922 -0.321463 0
    outer loop
      vertex 33.8478 -0.765367 6.5
      vertex 33.9319 -0.517637 0
      vertex 33.9319 -0.517637 6.5
    endloop
  endfacet
  facet normal 0.946922 -0.321463 0
    outer loop
      vertex 33.9319 -0.517637 0
      vertex 33.8478 -0.765367 6.5
      vertex 33.8478 -0.765367 0
    endloop
  endfacet
  facet normal 0.896734 -0.442571 0
    outer loop
      vertex 33.732 -1 6.5
      vertex 33.8478 -0.765367 0
      vertex 33.8478 -0.765367 6.5
    endloop
  endfacet
  facet normal 0.896734 -0.442571 0
    outer loop
      vertex 33.8478 -0.765367 0
      vertex 33.732 -1 6.5
      vertex 33.732 -1 0
    endloop
  endfacet
  facet normal -0.19516 -0.980771 0
    outer loop
      vertex 31.4824 -1.93185 0
      vertex 31.7389 -1.98289 6.5
      vertex 31.4824 -1.93185 6.5
    endloop
  endfacet
  facet normal -0.19516 -0.980771 -0
    outer loop
      vertex 31.7389 -1.98289 6.5
      vertex 31.4824 -1.93185 0
      vertex 31.7389 -1.98289 0
    endloop
  endfacet
  facet normal -0.442344 -0.896845 0
    outer loop
      vertex 31 -1.73205 0
      vertex 31.2346 -1.84776 6.5
      vertex 31 -1.73205 6.5
    endloop
  endfacet
  facet normal -0.442344 -0.896845 -0
    outer loop
      vertex 31.2346 -1.84776 6.5
      vertex 31 -1.73205 0
      vertex 31.2346 -1.84776 0
    endloop
  endfacet
  facet normal -0.946922 -0.321463 0
    outer loop
      vertex 30.1522 -0.765367 0
      vertex 30.0681 -0.517637 6.5
      vertex 30.0681 -0.517637 0
    endloop
  endfacet
  facet normal -0.946922 -0.321463 0
    outer loop
      vertex 30.0681 -0.517637 6.5
      vertex 30.1522 -0.765367 0
      vertex 30.1522 -0.765367 6.5
    endloop
  endfacet
  facet normal -0.896885 -0.442264 0
    outer loop
      vertex 30.2679 -1 0
      vertex 30.1522 -0.765367 6.5
      vertex 30.1522 -0.765367 0
    endloop
  endfacet
  facet normal -0.896885 -0.442264 0
    outer loop
      vertex 30.1522 -0.765367 6.5
      vertex 30.2679 -1 0
      vertex 30.2679 -1 6.5
    endloop
  endfacet
  facet normal 0.659343 -0.751842 0
    outer loop
      vertex 33.2175 -1.58671 0
      vertex 33.4142 -1.41421 6.5
      vertex 33.2175 -1.58671 6.5
    endloop
  endfacet
  facet normal 0.659343 -0.751842 0
    outer loop
      vertex 33.4142 -1.41421 6.5
      vertex 33.2175 -1.58671 0
      vertex 33.4142 -1.41421 0
    endloop
  endfacet
  facet normal 0.321348 -0.946961 0
    outer loop
      vertex 32.5176 -1.93185 0
      vertex 32.7654 -1.84776 6.5
      vertex 32.5176 -1.93185 6.5
    endloop
  endfacet
  facet normal 0.321348 -0.946961 0
    outer loop
      vertex 32.7654 -1.84776 6.5
      vertex 32.5176 -1.93185 0
      vertex 32.7654 -1.84776 0
    endloop
  endfacet
  facet normal -0.0653902 -0.99786 0
    outer loop
      vertex 31.7389 -1.98289 0
      vertex 32 -2 6.5
      vertex 31.7389 -1.98289 6.5
    endloop
  endfacet
  facet normal -0.0653902 -0.99786 -0
    outer loop
      vertex 32 -2 6.5
      vertex 31.7389 -1.98289 0
      vertex 32 -2 0
    endloop
  endfacet
  facet normal -0.321348 -0.946961 0
    outer loop
      vertex 31.2346 -1.84776 0
      vertex 31.4824 -1.93185 6.5
      vertex 31.2346 -1.84776 6.5
    endloop
  endfacet
  facet normal -0.321348 -0.946961 -0
    outer loop
      vertex 31.4824 -1.93185 6.5
      vertex 31.2346 -1.84776 0
      vertex 31.4824 -1.93185 0
    endloop
  endfacet
  facet normal -0.5556 -0.83145 0
    outer loop
      vertex 30.7825 -1.58671 0
      vertex 31 -1.73205 6.5
      vertex 30.7825 -1.58671 6.5
    endloop
  endfacet
  facet normal -0.5556 -0.83145 -0
    outer loop
      vertex 31 -1.73205 6.5
      vertex 30.7825 -1.58671 0
      vertex 31 -1.73205 0
    endloop
  endfacet
  facet normal -0.659343 -0.751842 0
    outer loop
      vertex 30.5858 -1.41421 0
      vertex 30.7825 -1.58671 6.5
      vertex 30.5858 -1.41421 6.5
    endloop
  endfacet
  facet normal -0.659343 -0.751842 -0
    outer loop
      vertex 30.7825 -1.58671 6.5
      vertex 30.5858 -1.41421 0
      vertex 30.7825 -1.58671 0
    endloop
  endfacet
  facet normal -0.751826 -0.659362 0
    outer loop
      vertex 30.5858 -1.41421 0
      vertex 30.4133 -1.21752 6.5
      vertex 30.4133 -1.21752 0
    endloop
  endfacet
  facet normal -0.751826 -0.659362 0
    outer loop
      vertex 30.4133 -1.21752 6.5
      vertex 30.5858 -1.41421 0
      vertex 30.5858 -1.41421 6.5
    endloop
  endfacet
  facet normal 0.997861 0.0653641 0
    outer loop
      vertex 42 0 6.5
      vertex 41.9829 0.261052 0
      vertex 41.9829 0.261052 6.5
    endloop
  endfacet
  facet normal 0.997861 0.0653641 0
    outer loop
      vertex 41.9829 0.261052 0
      vertex 42 0 6.5
      vertex 42 0 0
    endloop
  endfacet
  facet normal -0.0653902 0.99786 0
    outer loop
      vertex 40 2 0
      vertex 39.7389 1.98289 6.5
      vertex 40 2 6.5
    endloop
  endfacet
  facet normal -0.0653902 0.99786 0
    outer loop
      vertex 39.7389 1.98289 6.5
      vertex 40 2 0
      vertex 39.7389 1.98289 0
    endloop
  endfacet
  facet normal 0.0653902 -0.99786 0
    outer loop
      vertex 40 -2 0
      vertex 40.2611 -1.98289 6.5
      vertex 40 -2 6.5
    endloop
  endfacet
  facet normal 0.0653902 -0.99786 0
    outer loop
      vertex 40.2611 -1.98289 6.5
      vertex 40 -2 0
      vertex 40.2611 -1.98289 0
    endloop
  endfacet
  facet normal 0.751826 -0.659362 0
    outer loop
      vertex 41.4142 -1.41421 6.5
      vertex 41.5867 -1.21752 0
      vertex 41.5867 -1.21752 6.5
    endloop
  endfacet
  facet normal 0.751826 -0.659362 0
    outer loop
      vertex 41.5867 -1.21752 0
      vertex 41.4142 -1.41421 6.5
      vertex 41.4142 -1.41421 0
    endloop
  endfacet
  facet normal 0.659343 0.751842 -0
    outer loop
      vertex 41.4142 1.41421 0
      vertex 41.2175 1.58671 6.5
      vertex 41.4142 1.41421 6.5
    endloop
  endfacet
  facet normal 0.659343 0.751842 0
    outer loop
      vertex 41.2175 1.58671 6.5
      vertex 41.4142 1.41421 0
      vertex 41.2175 1.58671 0
    endloop
  endfacet
  facet normal -0.751826 0.659362 0
    outer loop
      vertex 38.4133 1.21752 0
      vertex 38.5858 1.41421 6.5
      vertex 38.5858 1.41421 0
    endloop
  endfacet
  facet normal -0.751826 0.659362 0
    outer loop
      vertex 38.5858 1.41421 6.5
      vertex 38.4133 1.21752 0
      vertex 38.4133 1.21752 6.5
    endloop
  endfacet
  facet normal -0.442344 0.896845 0
    outer loop
      vertex 39.2346 1.84776 0
      vertex 39 1.73205 6.5
      vertex 39.2346 1.84776 6.5
    endloop
  endfacet
  facet normal -0.442344 0.896845 0
    outer loop
      vertex 39 1.73205 6.5
      vertex 39.2346 1.84776 0
      vertex 39 1.73205 0
    endloop
  endfacet
  facet normal 0.946922 -0.321463 0
    outer loop
      vertex 41.8478 -0.765367 6.5
      vertex 41.9319 -0.517637 0
      vertex 41.9319 -0.517637 6.5
    endloop
  endfacet
  facet normal 0.946922 -0.321463 0
    outer loop
      vertex 41.9319 -0.517637 0
      vertex 41.8478 -0.765367 6.5
      vertex 41.8478 -0.765367 0
    endloop
  endfacet
  facet normal 0.896734 0.442571 0
    outer loop
      vertex 41.8478 0.765367 6.5
      vertex 41.732 1 0
      vertex 41.732 1 6.5
    endloop
  endfacet
  facet normal 0.896734 0.442571 0
    outer loop
      vertex 41.732 1 0
      vertex 41.8478 0.765367 6.5
      vertex 41.8478 0.765367 0
    endloop
  endfacet
  facet normal 0.980813 0.194951 0
    outer loop
      vertex 41.9829 0.261052 6.5
      vertex 41.9319 0.517637 0
      vertex 41.9319 0.517637 6.5
    endloop
  endfacet
  facet normal 0.980813 0.194951 0
    outer loop
      vertex 41.9319 0.517637 0
      vertex 41.9829 0.261052 6.5
      vertex 41.9829 0.261052 0
    endloop
  endfacet
  facet normal 0.831544 0.555459 0
    outer loop
      vertex 41.732 1 6.5
      vertex 41.5867 1.21752 0
      vertex 41.5867 1.21752 6.5
    endloop
  endfacet
  facet normal 0.831544 0.555459 0
    outer loop
      vertex 41.5867 1.21752 0
      vertex 41.732 1 6.5
      vertex 41.732 1 0
    endloop
  endfacet
  facet normal 0.321348 0.946961 -0
    outer loop
      vertex 40.7654 1.84776 0
      vertex 40.5176 1.93185 6.5
      vertex 40.7654 1.84776 6.5
    endloop
  endfacet
  facet normal 0.321348 0.946961 0
    outer loop
      vertex 40.5176 1.93185 6.5
      vertex 40.7654 1.84776 0
      vertex 40.5176 1.93185 0
    endloop
  endfacet
  facet normal 0.5556 0.83145 -0
    outer loop
      vertex 41.2175 1.58671 0
      vertex 41 1.73205 6.5
      vertex 41.2175 1.58671 6.5
    endloop
  endfacet
  facet normal 0.5556 0.83145 0
    outer loop
      vertex 41 1.73205 6.5
      vertex 41.2175 1.58671 0
      vertex 41 1.73205 0
    endloop
  endfacet
  facet normal -0.946922 0.321463 0
    outer loop
      vertex 38.0681 0.517637 0
      vertex 38.1522 0.765367 6.5
      vertex 38.1522 0.765367 0
    endloop
  endfacet
  facet normal -0.946922 0.321463 0
    outer loop
      vertex 38.1522 0.765367 6.5
      vertex 38.0681 0.517637 0
      vertex 38.0681 0.517637 6.5
    endloop
  endfacet
  facet normal -0.831368 0.555723 0
    outer loop
      vertex 38.2679 1 0
      vertex 38.4133 1.21752 6.5
      vertex 38.4133 1.21752 0
    endloop
  endfacet
  facet normal -0.831368 0.555723 0
    outer loop
      vertex 38.4133 1.21752 6.5
      vertex 38.2679 1 0
      vertex 38.2679 1 6.5
    endloop
  endfacet
  facet normal -0.980813 0.194951 0
    outer loop
      vertex 38.0171 0.261052 0
      vertex 38.0681 0.517637 6.5
      vertex 38.0681 0.517637 0
    endloop
  endfacet
  facet normal -0.980813 0.194951 0
    outer loop
      vertex 38.0681 0.517637 6.5
      vertex 38.0171 0.261052 0
      vertex 38.0171 0.261052 6.5
    endloop
  endfacet
  facet normal -0.5556 0.83145 0
    outer loop
      vertex 39 1.73205 0
      vertex 38.7825 1.58671 6.5
      vertex 39 1.73205 6.5
    endloop
  endfacet
  facet normal -0.5556 0.83145 0
    outer loop
      vertex 38.7825 1.58671 6.5
      vertex 39 1.73205 0
      vertex 38.7825 1.58671 0
    endloop
  endfacet
  facet normal -0.19516 0.980771 0
    outer loop
      vertex 39.7389 1.98289 0
      vertex 39.4824 1.93185 6.5
      vertex 39.7389 1.98289 6.5
    endloop
  endfacet
  facet normal -0.19516 0.980771 0
    outer loop
      vertex 39.4824 1.93185 6.5
      vertex 39.7389 1.98289 0
      vertex 39.4824 1.93185 0
    endloop
  endfacet
  facet normal 0.19516 -0.980771 0
    outer loop
      vertex 40.2611 -1.98289 0
      vertex 40.5176 -1.93185 6.5
      vertex 40.2611 -1.98289 6.5
    endloop
  endfacet
  facet normal 0.19516 -0.980771 0
    outer loop
      vertex 40.5176 -1.93185 6.5
      vertex 40.2611 -1.98289 0
      vertex 40.5176 -1.93185 0
    endloop
  endfacet
  facet normal 0.946922 0.321463 0
    outer loop
      vertex 41.9319 0.517637 6.5
      vertex 41.8478 0.765367 0
      vertex 41.8478 0.765367 6.5
    endloop
  endfacet
  facet normal 0.946922 0.321463 0
    outer loop
      vertex 41.8478 0.765367 0
      vertex 41.9319 0.517637 6.5
      vertex 41.9319 0.517637 0
    endloop
  endfacet
  facet normal 0.751826 0.659362 0
    outer loop
      vertex 41.5867 1.21752 6.5
      vertex 41.4142 1.41421 0
      vertex 41.4142 1.41421 6.5
    endloop
  endfacet
  facet normal 0.751826 0.659362 0
    outer loop
      vertex 41.4142 1.41421 0
      vertex 41.5867 1.21752 6.5
      vertex 41.5867 1.21752 0
    endloop
  endfacet
  facet normal 0.19516 0.980771 -0
    outer loop
      vertex 40.5176 1.93185 0
      vertex 40.2611 1.98289 6.5
      vertex 40.5176 1.93185 6.5
    endloop
  endfacet
  facet normal 0.19516 0.980771 0
    outer loop
      vertex 40.2611 1.98289 6.5
      vertex 40.5176 1.93185 0
      vertex 40.2611 1.98289 0
    endloop
  endfacet
  facet normal 0.0653902 0.99786 -0
    outer loop
      vertex 40.2611 1.98289 0
      vertex 40 2 6.5
      vertex 40.2611 1.98289 6.5
    endloop
  endfacet
  facet normal 0.0653902 0.99786 0
    outer loop
      vertex 40 2 6.5
      vertex 40.2611 1.98289 0
      vertex 40 2 0
    endloop
  endfacet
  facet normal 0.442344 0.896845 -0
    outer loop
      vertex 41 1.73205 0
      vertex 40.7654 1.84776 6.5
      vertex 41 1.73205 6.5
    endloop
  endfacet
  facet normal 0.442344 0.896845 0
    outer loop
      vertex 40.7654 1.84776 6.5
      vertex 41 1.73205 0
      vertex 40.7654 1.84776 0
    endloop
  endfacet
  facet normal 0 0 -1
    outer loop
      vertex 41.9829 -0.261052 0
      vertex 41.9829 0.261052 0
      vertex 42 0 0
    endloop
  endfacet
  facet normal 0 0 -1
    outer loop
      vertex 41.9319 -0.517637 0
      vertex 41.9829 0.261052 0
      vertex 41.9829 -0.261052 0
    endloop
  endfacet
  facet normal 0 0 -1
    outer loop
      vertex 41.9319 -0.517637 0
      vertex 41.9319 0.517637 0
      vertex 41.9829 0.261052 0
    endloop
  endfacet
  facet normal 0 0 -1
    outer loop
      vertex 41.8478 -0.765367 0
      vertex 41.9319 0.517637 0
      vertex 41.9319 -0.517637 0
    endloop
  endfacet
  facet normal 0 0 -1
    outer loop
      vertex 41.8478 -0.765367 0
      vertex 41.8478 0.765367 0
      vertex 41.9319 0.517637 0
    endloop
  endfacet
  facet normal 0 0 -1
    outer loop
      vertex 41.732 -1 0
      vertex 41.8478 0.765367 0
      vertex 41.8478 -0.765367 0
    endloop
  endfacet
  facet normal 0 0 -1
    outer loop
      vertex 41.732 -1 0
      vertex 41.732 1 0
      vertex 41.8478 0.765367 0
    endloop
  endfacet
  facet normal 0 0 -1
    outer loop
      vertex 41.5867 -1.21752 0
      vertex 41.732 1 0
      vertex 41.732 -1 0
    endloop
  endfacet
  facet normal 0 0 -1
    outer loop
      vertex 41.5867 -1.21752 0
      vertex 41.5867 1.21752 0
      vertex 41.732 1 0
    endloop
  endfacet
  facet normal 0 0 -1
    outer loop
      vertex 41.4142 -1.41421 0
      vertex 41.5867 1.21752 0
      vertex 41.5867 -1.21752 0
    endloop
  endfacet
  facet normal 0 0 -1
    outer loop
      vertex 41.4142 -1.41421 0
      vertex 41.4142 1.41421 0
      vertex 41.5867 1.21752 0
    endloop
  endfacet
  facet normal 0 0 -1
    outer loop
      vertex 41.2175 -1.58671 0
      vertex 41.4142 1.41421 0
      vertex 41.4142 -1.41421 0
    endloop
  endfacet
  facet normal 0 0 -1
    outer loop
      vertex 41.2175 -1.58671 0
      vertex 41.2175 1.58671 0
      vertex 41.4142 1.41421 0
    endloop
  endfacet
  facet normal 0 0 -1
    outer loop
      vertex 41 -1.73205 0
      vertex 41.2175 1.58671 0
      vertex 41.2175 -1.58671 0
    endloop
  endfacet
  facet normal 0 0 -1
    outer loop
      vertex 41 -1.73205 0
      vertex 41 1.73205 0
      vertex 41.2175 1.58671 0
    endloop
  endfacet
  facet normal 0 0 -1
    outer loop
      vertex 40.7654 -1.84776 0
      vertex 41 1.73205 0
      vertex 41 -1.73205 0
    endloop
  endfacet
  facet normal 0 0 -1
    outer loop
      vertex 40.7654 -1.84776 0
      vertex 40.7654 1.84776 0
      vertex 41 1.73205 0
    endloop
  endfacet
  facet normal 0 0 -1
    outer loop
      vertex 40.5176 -1.93185 0
      vertex 40.7654 1.84776 0
      vertex 40.7654 -1.84776 0
    endloop
  endfacet
  facet normal 0 0 -1
    outer loop
      vertex 40.5176 -1.93185 0
      vertex 40.5176 1.93185 0
      vertex 40.7654 1.84776 0
    endloop
  endfacet
  facet normal 0 0 -1
    outer loop
      vertex 40.2611 -1.98289 0
      vertex 40.5176 1.93185 0
      vertex 40.5176 -1.93185 0
    endloop
  endfacet
  facet normal 0 0 -1
    outer loop
      vertex 40.2611 -1.98289 0
      vertex 40.2611 1.98289 0
      vertex 40.5176 1.93185 0
    endloop
  endfacet
  facet normal 0 0 -1
    outer loop
      vertex 40 -2 0
      vertex 40.2611 1.98289 0
      vertex 40.2611 -1.98289 0
    endloop
  endfacet
  facet normal 0 0 -1
    outer loop
      vertex 40 -2 0
      vertex 40 2 0
      vertex 40.2611 1.98289 0
    endloop
  endfacet
  facet normal 0 0 -1
    outer loop
      vertex 39.7389 -1.98289 0
      vertex 40 2 0
      vertex 40 -2 0
    endloop
  endfacet
  facet normal 0 0 -1
    outer loop
      vertex 39.7389 -1.98289 0
      vertex 39.7389 1.98289 0
      vertex 40 2 0
    endloop
  endfacet
  facet normal 0 0 -1
    outer loop
      vertex 39.4824 -1.93185 0
      vertex 39.7389 1.98289 0
      vertex 39.7389 -1.98289 0
    endloop
  endfacet
  facet normal 0 0 -1
    outer loop
      vertex 39.4824 -1.93185 0
      vertex 39.4824 1.93185 0
      vertex 39.7389 1.98289 0
    endloop
  endfacet
  facet normal 0 0 -1
    outer loop
      vertex 39.2346 -1.84776 0
      vertex 39.4824 1.93185 0
      vertex 39.4824 -1.93185 0
    endloop
  endfacet
  facet normal 0 0 -1
    outer loop
      vertex 39.2346 -1.84776 0
      vertex 39.2346 1.84776 0
      vertex 39.4824 1.93185 0
    endloop
  endfacet
  facet normal 0 0 -1
    outer loop
      vertex 39 -1.73205 0
      vertex 39.2346 1.84776 0
      vertex 39.2346 -1.84776 0
    endloop
  endfacet
  facet normal 0 0 -1
    outer loop
      vertex 39 -1.73205 0
      vertex 39 1.73205 0
      vertex 39.2346 1.84776 0
    endloop
  endfacet
  facet normal 0 0 -1
    outer loop
      vertex 38.7825 -1.58671 0
      vertex 39 1.73205 0
      vertex 39 -1.73205 0
    endloop
  endfacet
  facet normal 0 0 -1
    outer loop
      vertex 38.7825 -1.58671 0
      vertex 38.7825 1.58671 0
      vertex 39 1.73205 0
    endloop
  endfacet
  facet normal 0 0 -1
    outer loop
      vertex 38.5858 -1.41421 0
      vertex 38.7825 1.58671 0
      vertex 38.7825 -1.58671 0
    endloop
  endfacet
  facet normal 0 0 -1
    outer loop
      vertex 38.5858 -1.41421 0
      vertex 38.5858 1.41421 0
      vertex 38.7825 1.58671 0
    endloop
  endfacet
  facet normal 0 0 -1
    outer loop
      vertex 38.4133 -1.21752 0
      vertex 38.5858 1.41421 0
      vertex 38.5858 -1.41421 0
    endloop
  endfacet
  facet normal 0 0 -1
    outer loop
      vertex 38.4133 -1.21752 0
      vertex 38.4133 1.21752 0
      vertex 38.5858 1.41421 0
    endloop
  endfacet
  facet normal 0 0 -1
    outer loop
      vertex 38.2679 -1 0
      vertex 38.4133 1.21752 0
      vertex 38.4133 -1.21752 0
    endloop
  endfacet
  facet normal 0 0 -1
    outer loop
      vertex 38.2679 -1 0
      vertex 38.2679 1 0
      vertex 38.4133 1.21752 0
    endloop
  endfacet
  facet normal 0 0 -1
    outer loop
      vertex 38.1522 -0.765367 0
      vertex 38.2679 1 0
      vertex 38.2679 -1 0
    endloop
  endfacet
  facet normal 0 0 -1
    outer loop
      vertex 38.1522 -0.765367 0
      vertex 38.1522 0.765367 0
      vertex 38.2679 1 0
    endloop
  endfacet
  facet normal 0 0 -1
    outer loop
      vertex 38.0681 -0.517637 0
      vertex 38.1522 0.765367 0
      vertex 38.1522 -0.765367 0
    endloop
  endfacet
  facet normal 0 0 -1
    outer loop
      vertex 38.0681 -0.517637 0
      vertex 38.0681 0.517637 0
      vertex 38.1522 0.765367 0
    endloop
  endfacet
  facet normal 0 0 -1
    outer loop
      vertex 38.0171 -0.261052 0
      vertex 38.0681 0.517637 0
      vertex 38.0681 -0.517637 0
    endloop
  endfacet
  facet normal 0 0 -1
    outer loop
      vertex 38.0171 -0.261052 0
      vertex 38.0171 0.261052 0
      vertex 38.0681 0.517637 0
    endloop
  endfacet
  facet normal 0 -0 -1
    outer loop
      vertex 38.0171 0.261052 0
      vertex 38.0171 -0.261052 0
      vertex 38 0 0
    endloop
  endfacet
  facet normal -0.896885 0.442264 0
    outer loop
      vertex 38.1522 0.765367 0
      vertex 38.2679 1 6.5
      vertex 38.2679 1 0
    endloop
  endfacet
  facet normal -0.896885 0.442264 0
    outer loop
      vertex 38.2679 1 6.5
      vertex 38.1522 0.765367 0
      vertex 38.1522 0.765367 6.5
    endloop
  endfacet
  facet normal -0.997861 0.0653641 0
    outer loop
      vertex 38 0 0
      vertex 38.0171 0.261052 6.5
      vertex 38.0171 0.261052 0
    endloop
  endfacet
  facet normal -0.997861 0.0653641 0
    outer loop
      vertex 38.0171 0.261052 6.5
      vertex 38 0 0
      vertex 38 0 6.5
    endloop
  endfacet
  facet normal 0 0 1
    outer loop
      vertex 41.9829 0.261052 6.5
      vertex 41.9829 -0.261052 6.5
      vertex 42 0 6.5
    endloop
  endfacet
  facet normal 0 0 1
    outer loop
      vertex 41.9319 0.517637 6.5
      vertex 41.9829 -0.261052 6.5
      vertex 41.9829 0.261052 6.5
    endloop
  endfacet
  facet normal 0 0 1
    outer loop
      vertex 41.9319 0.517637 6.5
      vertex 41.9319 -0.517637 6.5
      vertex 41.9829 -0.261052 6.5
    endloop
  endfacet
  facet normal 0 0 1
    outer loop
      vertex 41.8478 0.765367 6.5
      vertex 41.9319 -0.517637 6.5
      vertex 41.9319 0.517637 6.5
    endloop
  endfacet
  facet normal 0 0 1
    outer loop
      vertex 41.8478 0.765367 6.5
      vertex 41.8478 -0.765367 6.5
      vertex 41.9319 -0.517637 6.5
    endloop
  endfacet
  facet normal 0 0 1
    outer loop
      vertex 41.732 1 6.5
      vertex 41.8478 -0.765367 6.5
      vertex 41.8478 0.765367 6.5
    endloop
  endfacet
  facet normal 0 0 1
    outer loop
      vertex 41.732 1 6.5
      vertex 41.732 -1 6.5
      vertex 41.8478 -0.765367 6.5
    endloop
  endfacet
  facet normal 0 0 1
    outer loop
      vertex 41.5867 1.21752 6.5
      vertex 41.732 -1 6.5
      vertex 41.732 1 6.5
    endloop
  endfacet
  facet normal 0 0 1
    outer loop
      vertex 41.5867 1.21752 6.5
      vertex 41.5867 -1.21752 6.5
      vertex 41.732 -1 6.5
    endloop
  endfacet
  facet normal 0 0 1
    outer loop
      vertex 41.4142 1.41421 6.5
      vertex 41.5867 -1.21752 6.5
      vertex 41.5867 1.21752 6.5
    endloop
  endfacet
  facet normal 0 0 1
    outer loop
      vertex 41.4142 1.41421 6.5
      vertex 41.4142 -1.41421 6.5
      vertex 41.5867 -1.21752 6.5
    endloop
  endfacet
  facet normal 0 0 1
    outer loop
      vertex 41.2175 1.58671 6.5
      vertex 41.4142 -1.41421 6.5
      vertex 41.4142 1.41421 6.5
    endloop
  endfacet
  facet normal 0 0 1
    outer loop
      vertex 41.2175 1.58671 6.5
      vertex 41.2175 -1.58671 6.5
      vertex 41.4142 -1.41421 6.5
    endloop
  endfacet
  facet normal 0 0 1
    outer loop
      vertex 41 1.73205 6.5
      vertex 41.2175 -1.58671 6.5
      vertex 41.2175 1.58671 6.5
    endloop
  endfacet
  facet normal 0 0 1
    outer loop
      vertex 41 1.73205 6.5
      vertex 41 -1.73205 6.5
      vertex 41.2175 -1.58671 6.5
    endloop
  endfacet
  facet normal 0 0 1
    outer loop
      vertex 40.7654 1.84776 6.5
      vertex 41 -1.73205 6.5
      vertex 41 1.73205 6.5
    endloop
  endfacet
  facet normal 0 0 1
    outer loop
      vertex 40.7654 1.84776 6.5
      vertex 40.7654 -1.84776 6.5
      vertex 41 -1.73205 6.5
    endloop
  endfacet
  facet normal 0 0 1
    outer loop
      vertex 40.5176 1.93185 6.5
      vertex 40.7654 -1.84776 6.5
      vertex 40.7654 1.84776 6.5
    endloop
  endfacet
  facet normal 0 0 1
    outer loop
      vertex 40.5176 1.93185 6.5
      vertex 40.5176 -1.93185 6.5
      vertex 40.7654 -1.84776 6.5
    endloop
  endfacet
  facet normal 0 0 1
    outer loop
      vertex 40.2611 1.98289 6.5
      vertex 40.5176 -1.93185 6.5
      vertex 40.5176 1.93185 6.5
    endloop
  endfacet
  facet normal 0 0 1
    outer loop
      vertex 40.2611 1.98289 6.5
      vertex 40.2611 -1.98289 6.5
      vertex 40.5176 -1.93185 6.5
    endloop
  endfacet
  facet normal 0 0 1
    outer loop
      vertex 40 2 6.5
      vertex 40.2611 -1.98289 6.5
      vertex 40.2611 1.98289 6.5
    endloop
  endfacet
  facet normal 0 0 1
    outer loop
      vertex 40 2 6.5
      vertex 40 -2 6.5
      vertex 40.2611 -1.98289 6.5
    endloop
  endfacet
  facet normal -0 0 1
    outer loop
      vertex 39.7389 1.98289 6.5
      vertex 40 -2 6.5
      vertex 40 2 6.5
    endloop
  endfacet
  facet normal 0 0 1
    outer loop
      vertex 39.7389 1.98289 6.5
      vertex 39.7389 -1.98289 6.5
      vertex 40 -2 6.5
    endloop
  endfacet
  facet normal -0 0 1
    outer loop
      vertex 39.4824 1.93185 6.5
      vertex 39.7389 -1.98289 6.5
      vertex 39.7389 1.98289 6.5
    endloop
  endfacet
  facet normal 0 0 1
    outer loop
      vertex 39.4824 1.93185 6.5
      vertex 39.4824 -1.93185 6.5
      vertex 39.7389 -1.98289 6.5
    endloop
  endfacet
  facet normal -0 0 1
    outer loop
      vertex 39.2346 1.84776 6.5
      vertex 39.4824 -1.93185 6.5
      vertex 39.4824 1.93185 6.5
    endloop
  endfacet
  facet normal 0 0 1
    outer loop
      vertex 39.2346 1.84776 6.5
      vertex 39.2346 -1.84776 6.5
      vertex 39.4824 -1.93185 6.5
    endloop
  endfacet
  facet normal -0 0 1
    outer loop
      vertex 39 1.73205 6.5
      vertex 39.2346 -1.84776 6.5
      vertex 39.2346 1.84776 6.5
    endloop
  endfacet
  facet normal 0 0 1
    outer loop
      vertex 39 1.73205 6.5
      vertex 39 -1.73205 6.5
      vertex 39.2346 -1.84776 6.5
    endloop
  endfacet
  facet normal -0 0 1
    outer loop
      vertex 38.7825 1.58671 6.5
      vertex 39 -1.73205 6.5
      vertex 39 1.73205 6.5
    endloop
  endfacet
  facet normal 0 0 1
    outer loop
      vertex 38.7825 1.58671 6.5
      vertex 38.7825 -1.58671 6.5
      vertex 39 -1.73205 6.5
    endloop
  endfacet
  facet normal -0 0 1
    outer loop
      vertex 38.5858 1.41421 6.5
      vertex 38.7825 -1.58671 6.5
      vertex 38.7825 1.58671 6.5
    endloop
  endfacet
  facet normal 0 0 1
    outer loop
      vertex 38.5858 1.41421 6.5
      vertex 38.5858 -1.41421 6.5
      vertex 38.7825 -1.58671 6.5
    endloop
  endfacet
  facet normal -0 0 1
    outer loop
      vertex 38.4133 1.21752 6.5
      vertex 38.5858 -1.41421 6.5
      vertex 38.5858 1.41421 6.5
    endloop
  endfacet
  facet normal 0 0 1
    outer loop
      vertex 38.4133 1.21752 6.5
      vertex 38.4133 -1.21752 6.5
      vertex 38.5858 -1.41421 6.5
    endloop
  endfacet
  facet normal -0 0 1
    outer loop
      vertex 38.2679 1 6.5
      vertex 38.4133 -1.21752 6.5
      vertex 38.4133 1.21752 6.5
    endloop
  endfacet
  facet normal 0 0 1
    outer loop
      vertex 38.2679 1 6.5
      vertex 38.2679 -1 6.5
      vertex 38.4133 -1.21752 6.5
    endloop
  endfacet
  facet normal -0 0 1
    outer loop
      vertex 38.1522 0.765367 6.5
      vertex 38.2679 -1 6.5
      vertex 38.2679 1 6.5
    endloop
  endfacet
  facet normal 0 0 1
    outer loop
      vertex 38.1522 0.765367 6.5
      vertex 38.1522 -0.765367 6.5
      vertex 38.2679 -1 6.5
    endloop
  endfacet
  facet normal -0 0 1
    outer loop
      vertex 38.0681 0.517637 6.5
      vertex 38.1522 -0.765367 6.5
      vertex 38.1522 0.765367 6.5
    endloop
  endfacet
  facet normal 0 0 1
    outer loop
      vertex 38.0681 0.517637 6.5
      vertex 38.0681 -0.517637 6.5
      vertex 38.1522 -0.765367 6.5
    endloop
  endfacet
  facet normal -0 0 1
    outer loop
      vertex 38.0171 0.261052 6.5
      vertex 38.0681 -0.517637 6.5
      vertex 38.0681 0.517637 6.5
    endloop
  endfacet
  facet normal 0 0 1
    outer loop
      vertex 38.0171 0.261052 6.5
      vertex 38.0171 -0.261052 6.5
      vertex 38.0681 -0.517637 6.5
    endloop
  endfacet
  facet normal 0 -0 1
    outer loop
      vertex 38.0171 -0.261052 6.5
      vertex 38.0171 0.261052 6.5
      vertex 38 0 6.5
    endloop
  endfacet
  facet normal -0.659343 0.751842 0
    outer loop
      vertex 38.7825 1.58671 0
      vertex 38.5858 1.41421 6.5
      vertex 38.7825 1.58671 6.5
    endloop
  endfacet
  facet normal -0.659343 0.751842 0
    outer loop
      vertex 38.5858 1.41421 6.5
      vertex 38.7825 1.58671 0
      vertex 38.5858 1.41421 0
    endloop
  endfacet
  facet normal -0.321348 0.946961 0
    outer loop
      vertex 39.4824 1.93185 0
      vertex 39.2346 1.84776 6.5
      vertex 39.4824 1.93185 6.5
    endloop
  endfacet
  facet normal -0.321348 0.946961 0
    outer loop
      vertex 39.2346 1.84776 6.5
      vertex 39.4824 1.93185 0
      vertex 39.2346 1.84776 0
    endloop
  endfacet
  facet normal 0.997861 -0.0653641 0
    outer loop
      vertex 41.9829 -0.261052 6.5
      vertex 42 0 0
      vertex 42 0 6.5
    endloop
  endfacet
  facet normal 0.997861 -0.0653641 0
    outer loop
      vertex 42 0 0
      vertex 41.9829 -0.261052 6.5
      vertex 41.9829 -0.261052 0
    endloop
  endfacet
  facet normal 0.831544 -0.555459 0
    outer loop
      vertex 41.5867 -1.21752 6.5
      vertex 41.732 -1 0
      vertex 41.732 -1 6.5
    endloop
  endfacet
  facet normal 0.831544 -0.555459 0
    outer loop
      vertex 41.732 -1 0
      vertex 41.5867 -1.21752 6.5
      vertex 41.5867 -1.21752 0
    endloop
  endfacet
  facet normal 0.980813 -0.194951 0
    outer loop
      vertex 41.9319 -0.517637 6.5
      vertex 41.9829 -0.261052 0
      vertex 41.9829 -0.261052 6.5
    endloop
  endfacet
  facet normal 0.980813 -0.194951 0
    outer loop
      vertex 41.9829 -0.261052 0
      vertex 41.9319 -0.517637 6.5
      vertex 41.9319 -0.517637 0
    endloop
  endfacet
  facet normal -0.5556 -0.83145 0
    outer loop
      vertex 38.7825 -1.58671 0
      vertex 39 -1.73205 6.5
      vertex 38.7825 -1.58671 6.5
    endloop
  endfacet
  facet normal -0.5556 -0.83145 -0
    outer loop
      vertex 39 -1.73205 6.5
      vertex 38.7825 -1.58671 0
      vertex 39 -1.73205 0
    endloop
  endfacet
  facet normal -0.831368 -0.555723 0
    outer loop
      vertex 38.4133 -1.21752 0
      vertex 38.2679 -1 6.5
      vertex 38.2679 -1 0
    endloop
  endfacet
  facet normal -0.831368 -0.555723 0
    outer loop
      vertex 38.2679 -1 6.5
      vertex 38.4133 -1.21752 0
      vertex 38.4133 -1.21752 6.5
    endloop
  endfacet
  facet normal -0.751826 -0.659362 0
    outer loop
      vertex 38.5858 -1.41421 0
      vertex 38.4133 -1.21752 6.5
      vertex 38.4133 -1.21752 0
    endloop
  endfacet
  facet normal -0.751826 -0.659362 0
    outer loop
      vertex 38.4133 -1.21752 6.5
      vertex 38.5858 -1.41421 0
      vertex 38.5858 -1.41421 6.5
    endloop
  endfacet
  facet normal -0.980813 -0.194951 0
    outer loop
      vertex 38.0681 -0.517637 0
      vertex 38.0171 -0.261052 6.5
      vertex 38.0171 -0.261052 0
    endloop
  endfacet
  facet normal -0.980813 -0.194951 0
    outer loop
      vertex 38.0171 -0.261052 6.5
      vertex 38.0681 -0.517637 0
      vertex 38.0681 -0.517637 6.5
    endloop
  endfacet
  facet normal 0.5556 -0.83145 0
    outer loop
      vertex 41 -1.73205 0
      vertex 41.2175 -1.58671 6.5
      vertex 41 -1.73205 6.5
    endloop
  endfacet
  facet normal 0.5556 -0.83145 0
    outer loop
      vertex 41.2175 -1.58671 6.5
      vertex 41 -1.73205 0
      vertex 41.2175 -1.58671 0
    endloop
  endfacet
  facet normal -0.997861 -0.0653641 0
    outer loop
      vertex 38.0171 -0.261052 0
      vertex 38 0 6.5
      vertex 38 0 0
    endloop
  endfacet
  facet normal -0.997861 -0.0653641 0
    outer loop
      vertex 38 0 6.5
      vertex 38.0171 -0.261052 0
      vertex 38.0171 -0.261052 6.5
    endloop
  endfacet
  facet normal 0.896734 -0.442571 0
    outer loop
      vertex 41.732 -1 6.5
      vertex 41.8478 -0.765367 0
      vertex 41.8478 -0.765367 6.5
    endloop
  endfacet
  facet normal 0.896734 -0.442571 0
    outer loop
      vertex 41.8478 -0.765367 0
      vertex 41.732 -1 6.5
      vertex 41.732 -1 0
    endloop
  endfacet
  facet normal -0.19516 -0.980771 0
    outer loop
      vertex 39.4824 -1.93185 0
      vertex 39.7389 -1.98289 6.5
      vertex 39.4824 -1.93185 6.5
    endloop
  endfacet
  facet normal -0.19516 -0.980771 -0
    outer loop
      vertex 39.7389 -1.98289 6.5
      vertex 39.4824 -1.93185 0
      vertex 39.7389 -1.98289 0
    endloop
  endfacet
  facet normal -0.659343 -0.751842 0
    outer loop
      vertex 38.5858 -1.41421 0
      vertex 38.7825 -1.58671 6.5
      vertex 38.5858 -1.41421 6.5
    endloop
  endfacet
  facet normal -0.659343 -0.751842 -0
    outer loop
      vertex 38.7825 -1.58671 6.5
      vertex 38.5858 -1.41421 0
      vertex 38.7825 -1.58671 0
    endloop
  endfacet
  facet normal -0.946922 -0.321463 0
    outer loop
      vertex 38.1522 -0.765367 0
      vertex 38.0681 -0.517637 6.5
      vertex 38.0681 -0.517637 0
    endloop
  endfacet
  facet normal -0.946922 -0.321463 0
    outer loop
      vertex 38.0681 -0.517637 6.5
      vertex 38.1522 -0.765367 0
      vertex 38.1522 -0.765367 6.5
    endloop
  endfacet
  facet normal -0.896885 -0.442264 0
    outer loop
      vertex 38.2679 -1 0
      vertex 38.1522 -0.765367 6.5
      vertex 38.1522 -0.765367 0
    endloop
  endfacet
  facet normal -0.896885 -0.442264 0
    outer loop
      vertex 38.1522 -0.765367 6.5
      vertex 38.2679 -1 0
      vertex 38.2679 -1 6.5
    endloop
  endfacet
  facet normal 0.659343 -0.751842 0
    outer loop
      vertex 41.2175 -1.58671 0
      vertex 41.4142 -1.41421 6.5
      vertex 41.2175 -1.58671 6.5
    endloop
  endfacet
  facet normal 0.659343 -0.751842 0
    outer loop
      vertex 41.4142 -1.41421 6.5
      vertex 41.2175 -1.58671 0
      vertex 41.4142 -1.41421 0
    endloop
  endfacet
  facet normal 0.442344 -0.896845 0
    outer loop
      vertex 40.7654 -1.84776 0
      vertex 41 -1.73205 6.5
      vertex 40.7654 -1.84776 6.5
    endloop
  endfacet
  facet normal 0.442344 -0.896845 0
    outer loop
      vertex 41 -1.73205 6.5
      vertex 40.7654 -1.84776 0
      vertex 41 -1.73205 0
    endloop
  endfacet
  facet normal 0.321348 -0.946961 0
    outer loop
      vertex 40.5176 -1.93185 0
      vertex 40.7654 -1.84776 6.5
      vertex 40.5176 -1.93185 6.5
    endloop
  endfacet
  facet normal 0.321348 -0.946961 0
    outer loop
      vertex 40.7654 -1.84776 6.5
      vertex 40.5176 -1.93185 0
      vertex 40.7654 -1.84776 0
    endloop
  endfacet
  facet normal -0.321348 -0.946961 0
    outer loop
      vertex 39.2346 -1.84776 0
      vertex 39.4824 -1.93185 6.5
      vertex 39.2346 -1.84776 6.5
    endloop
  endfacet
  facet normal -0.321348 -0.946961 -0
    outer loop
      vertex 39.4824 -1.93185 6.5
      vertex 39.2346 -1.84776 0
      vertex 39.4824 -1.93185 0
    endloop
  endfacet
  facet normal -0.0653902 -0.99786 0
    outer loop
      vertex 39.7389 -1.98289 0
      vertex 40 -2 6.5
      vertex 39.7389 -1.98289 6.5
    endloop
  endfacet
  facet normal -0.0653902 -0.99786 -0
    outer loop
      vertex 40 -2 6.5
      vertex 39.7389 -1.98289 0
      vertex 40 -2 0
    endloop
  endfacet
  facet normal -0.442344 -0.896845 0
    outer loop
      vertex 39 -1.73205 0
      vertex 39.2346 -1.84776 6.5
      vertex 39 -1.73205 6.5
    endloop
  endfacet
  facet normal -0.442344 -0.896845 -0
    outer loop
      vertex 39.2346 -1.84776 6.5
      vertex 39 -1.73205 0
      vertex 39.2346 -1.84776 0
    endloop
  endfacet
  facet normal 0.997859 0.0654027 0
    outer loop
      vertex 2 8 6.5
      vertex 1.98289 8.26105 0
      vertex 1.98289 8.26105 6.5
    endloop
  endfacet
  facet normal 0.997859 0.0654027 0
    outer loop
      vertex 1.98289 8.26105 0
      vertex 2 8 6.5
      vertex 2 8 0
    endloop
  endfacet
  facet normal -0.0654022 0.997859 0
    outer loop
      vertex 0 10 0
      vertex -0.261052 9.98289 6.5
      vertex 0 10 6.5
    endloop
  endfacet
  facet normal -0.0654022 0.997859 0
    outer loop
      vertex -0.261052 9.98289 6.5
      vertex 0 10 0
      vertex -0.261052 9.98289 0
    endloop
  endfacet
  facet normal 0.0654022 -0.997859 0
    outer loop
      vertex 0 6 0
      vertex 0.261052 6.01711 6.5
      vertex 0 6 6.5
    endloop
  endfacet
  facet normal 0.0654022 -0.997859 0
    outer loop
      vertex 0.261052 6.01711 6.5
      vertex 0 6 0
      vertex 0.261052 6.01711 0
    endloop
  endfacet
  facet normal 0.659362 0.751826 -0
    outer loop
      vertex 1.41421 9.41421 0
      vertex 1.21752 9.58671 6.5
      vertex 1.41421 9.41421 6.5
    endloop
  endfacet
  facet normal 0.659362 0.751826 0
    outer loop
      vertex 1.21752 9.58671 6.5
      vertex 1.41421 9.41421 0
      vertex 1.21752 9.58671 0
    endloop
  endfacet
  facet normal -0.751826 0.659362 0
    outer loop
      vertex -1.58671 9.21752 0
      vertex -1.41421 9.41421 6.5
      vertex -1.41421 9.41421 0
    endloop
  endfacet
  facet normal -0.751826 0.659362 0
    outer loop
      vertex -1.41421 9.41421 6.5
      vertex -1.58671 9.21752 0
      vertex -1.58671 9.21752 6.5
    endloop
  endfacet
  facet normal -0.442294 0.89687 0
    outer loop
      vertex -0.765367 9.84776 0
      vertex -1 9.73205 6.5
      vertex -0.765367 9.84776 6.5
    endloop
  endfacet
  facet normal -0.442294 0.89687 0
    outer loop
      vertex -1 9.73205 6.5
      vertex -0.765367 9.84776 0
      vertex -1 9.73205 0
    endloop
  endfacet
  facet normal -0.946934 -0.321429 0
    outer loop
      vertex -1.84776 7.23463 0
      vertex -1.93185 7.48236 6.5
      vertex -1.93185 7.48236 0
    endloop
  endfacet
  facet normal -0.946934 -0.321429 0
    outer loop
      vertex -1.93185 7.48236 6.5
      vertex -1.84776 7.23463 0
      vertex -1.84776 7.23463 6.5
    endloop
  endfacet
  facet normal 0.896868 0.442299 0
    outer loop
      vertex 1.84776 8.76537 6.5
      vertex 1.73205 9 0
      vertex 1.73205 9 6.5
    endloop
  endfacet
  facet normal 0.896868 0.442299 0
    outer loop
      vertex 1.73205 9 0
      vertex 1.84776 8.76537 6.5
      vertex 1.84776 8.76537 0
    endloop
  endfacet
  facet normal 0.980784 0.195094 0
    outer loop
      vertex 1.98289 8.26105 6.5
      vertex 1.93185 8.51764 0
      vertex 1.93185 8.51764 6.5
    endloop
  endfacet
  facet normal 0.980784 0.195094 0
    outer loop
      vertex 1.93185 8.51764 0
      vertex 1.98289 8.26105 6.5
      vertex 1.98289 8.26105 0
    endloop
  endfacet
  facet normal 0.831474 0.555564 0
    outer loop
      vertex 1.73205 9 6.5
      vertex 1.58671 9.21752 0
      vertex 1.58671 9.21752 6.5
    endloop
  endfacet
  facet normal 0.831474 0.555564 0
    outer loop
      vertex 1.58671 9.21752 0
      vertex 1.73205 9 6.5
      vertex 1.73205 9 0
    endloop
  endfacet
  facet normal 0.321429 0.946934 -0
    outer loop
      vertex 0.765367 9.84776 0
      vertex 0.517637 9.93185 6.5
      vertex 0.765367 9.84776 6.5
    endloop
  endfacet
  facet normal 0.321429 0.946934 0
    outer loop
      vertex 0.517637 9.93185 6.5
      vertex 0.765367 9.84776 0
      vertex 0.517637 9.93185 0
    endloop
  endfacet
  facet normal 0.555564 0.831474 -0
    outer loop
      vertex 1.21752 9.58671 0
      vertex 1 9.73205 6.5
      vertex 1.21752 9.58671 6.5
    endloop
  endfacet
  facet normal 0.555564 0.831474 0
    outer loop
      vertex 1 9.73205 6.5
      vertex 1.21752 9.58671 0
      vertex 1 9.73205 0
    endloop
  endfacet
  facet normal -0.896868 0.442299 0
    outer loop
      vertex -1.84776 8.76537 0
      vertex -1.73205 9 6.5
      vertex -1.73205 9 0
    endloop
  endfacet
  facet normal -0.896868 0.442299 0
    outer loop
      vertex -1.73205 9 6.5
      vertex -1.84776 8.76537 0
      vertex -1.84776 8.76537 6.5
    endloop
  endfacet
  facet normal 0 0 -1
    outer loop
      vertex 1.98289 7.73895 0
      vertex 1.98289 8.26105 0
      vertex 2 8 0
    endloop
  endfacet
  facet normal 0 0 -1
    outer loop
      vertex 1.93185 7.48236 0
      vertex 1.98289 8.26105 0
      vertex 1.98289 7.73895 0
    endloop
  endfacet
  facet normal 0 0 -1
    outer loop
      vertex 1.93185 7.48236 0
      vertex 1.93185 8.51764 0
      vertex 1.98289 8.26105 0
    endloop
  endfacet
  facet normal 0 0 -1
    outer loop
      vertex 1.84776 7.23463 0
      vertex 1.93185 8.51764 0
      vertex 1.93185 7.48236 0
    endloop
  endfacet
  facet normal 0 0 -1
    outer loop
      vertex 1.84776 7.23463 0
      vertex 1.84776 8.76537 0
      vertex 1.93185 8.51764 0
    endloop
  endfacet
  facet normal 0 0 -1
    outer loop
      vertex 1.73205 7 0
      vertex 1.84776 8.76537 0
      vertex 1.84776 7.23463 0
    endloop
  endfacet
  facet normal 0 0 -1
    outer loop
      vertex 1.73205 7 0
      vertex 1.73205 9 0
      vertex 1.84776 8.76537 0
    endloop
  endfacet
  facet normal 0 0 -1
    outer loop
      vertex 1.58671 6.78248 0
      vertex 1.73205 9 0
      vertex 1.73205 7 0
    endloop
  endfacet
  facet normal 0 0 -1
    outer loop
      vertex 1.58671 6.78248 0
      vertex 1.58671 9.21752 0
      vertex 1.73205 9 0
    endloop
  endfacet
  facet normal 0 0 -1
    outer loop
      vertex 1.41421 6.58579 0
      vertex 1.58671 9.21752 0
      vertex 1.58671 6.78248 0
    endloop
  endfacet
  facet normal 0 0 -1
    outer loop
      vertex 1.41421 6.58579 0
      vertex 1.41421 9.41421 0
      vertex 1.58671 9.21752 0
    endloop
  endfacet
  facet normal 0 0 -1
    outer loop
      vertex 1.21752 6.41329 0
      vertex 1.41421 9.41421 0
      vertex 1.41421 6.58579 0
    endloop
  endfacet
  facet normal 0 0 -1
    outer loop
      vertex 1.21752 6.41329 0
      vertex 1.21752 9.58671 0
      vertex 1.41421 9.41421 0
    endloop
  endfacet
  facet normal 0 0 -1
    outer loop
      vertex 1 6.26795 0
      vertex 1.21752 9.58671 0
      vertex 1.21752 6.41329 0
    endloop
  endfacet
  facet normal 0 0 -1
    outer loop
      vertex 1 6.26795 0
      vertex 1 9.73205 0
      vertex 1.21752 9.58671 0
    endloop
  endfacet
  facet normal 0 0 -1
    outer loop
      vertex 0.765367 6.15224 0
      vertex 1 9.73205 0
      vertex 1 6.26795 0
    endloop
  endfacet
  facet normal 0 0 -1
    outer loop
      vertex 0.765367 6.15224 0
      vertex 0.765367 9.84776 0
      vertex 1 9.73205 0
    endloop
  endfacet
  facet normal 0 0 -1
    outer loop
      vertex 0.517637 6.06815 0
      vertex 0.765367 9.84776 0
      vertex 0.765367 6.15224 0
    endloop
  endfacet
  facet normal 0 0 -1
    outer loop
      vertex 0.517637 6.06815 0
      vertex 0.517637 9.93185 0
      vertex 0.765367 9.84776 0
    endloop
  endfacet
  facet normal 0 0 -1
    outer loop
      vertex 0.261052 6.01711 0
      vertex 0.517637 9.93185 0
      vertex 0.517637 6.06815 0
    endloop
  endfacet
  facet normal 0 0 -1
    outer loop
      vertex 0.261052 6.01711 0
      vertex 0.261052 9.98289 0
      vertex 0.517637 9.93185 0
    endloop
  endfacet
  facet normal 0 0 -1
    outer loop
      vertex 0 6 0
      vertex 0.261052 9.98289 0
      vertex 0.261052 6.01711 0
    endloop
  endfacet
  facet normal 0 0 -1
    outer loop
      vertex 0 6 0
      vertex 0 10 0
      vertex 0.261052 9.98289 0
    endloop
  endfacet
  facet normal 0 0 -1
    outer loop
      vertex -0.261052 6.01711 0
      vertex 0 10 0
      vertex 0 6 0
    endloop
  endfacet
  facet normal 0 0 -1
    outer loop
      vertex -0.261052 6.01711 0
      vertex -0.261052 9.98289 0
      vertex 0 10 0
    endloop
  endfacet
  facet normal 0 0 -1
    outer loop
      vertex -0.517637 6.06815 0
      vertex -0.261052 9.98289 0
      vertex -0.261052 6.01711 0
    endloop
  endfacet
  facet normal 0 0 -1
    outer loop
      vertex -0.517637 6.06815 0
      vertex -0.517637 9.93185 0
      vertex -0.261052 9.98289 0
    endloop
  endfacet
  facet normal 0 0 -1
    outer loop
      vertex -0.765367 6.15224 0
      vertex -0.517637 9.93185 0
      vertex -0.517637 6.06815 0
    endloop
  endfacet
  facet normal 0 0 -1
    outer loop
      vertex -0.765367 6.15224 0
      vertex -0.765367 9.84776 0
      vertex -0.517637 9.93185 0
    endloop
  endfacet
  facet normal 0 0 -1
    outer loop
      vertex -1 6.26795 0
      vertex -0.765367 9.84776 0
      vertex -0.765367 6.15224 0
    endloop
  endfacet
  facet normal 0 0 -1
    outer loop
      vertex -1 6.26795 0
      vertex -1 9.73205 0
      vertex -0.765367 9.84776 0
    endloop
  endfacet
  facet normal 0 0 -1
    outer loop
      vertex -1.21752 6.41329 0
      vertex -1 9.73205 0
      vertex -1 6.26795 0
    endloop
  endfacet
  facet normal 0 0 -1
    outer loop
      vertex -1.21752 6.41329 0
      vertex -1.21752 9.58671 0
      vertex -1 9.73205 0
    endloop
  endfacet
  facet normal 0 0 -1
    outer loop
      vertex -1.41421 6.58579 0
      vertex -1.21752 9.58671 0
      vertex -1.21752 6.41329 0
    endloop
  endfacet
  facet normal 0 0 -1
    outer loop
      vertex -1.41421 6.58579 0
      vertex -1.41421 9.41421 0
      vertex -1.21752 9.58671 0
    endloop
  endfacet
  facet normal 0 0 -1
    outer loop
      vertex -1.58671 6.78248 0
      vertex -1.41421 9.41421 0
      vertex -1.41421 6.58579 0
    endloop
  endfacet
  facet normal 0 0 -1
    outer loop
      vertex -1.58671 6.78248 0
      vertex -1.58671 9.21752 0
      vertex -1.41421 9.41421 0
    endloop
  endfacet
  facet normal 0 0 -1
    outer loop
      vertex -1.73205 7 0
      vertex -1.58671 9.21752 0
      vertex -1.58671 6.78248 0
    endloop
  endfacet
  facet normal 0 0 -1
    outer loop
      vertex -1.73205 7 0
      vertex -1.73205 9 0
      vertex -1.58671 9.21752 0
    endloop
  endfacet
  facet normal 0 0 -1
    outer loop
      vertex -1.84776 7.23463 0
      vertex -1.73205 9 0
      vertex -1.73205 7 0
    endloop
  endfacet
  facet normal 0 0 -1
    outer loop
      vertex -1.84776 7.23463 0
      vertex -1.84776 8.76537 0
      vertex -1.73205 9 0
    endloop
  endfacet
  facet normal 0 0 -1
    outer loop
      vertex -1.93185 7.48236 0
      vertex -1.84776 8.76537 0
      vertex -1.84776 7.23463 0
    endloop
  endfacet
  facet normal 0 0 -1
    outer loop
      vertex -1.93185 7.48236 0
      vertex -1.93185 8.51764 0
      vertex -1.84776 8.76537 0
    endloop
  endfacet
  facet normal 0 0 -1
    outer loop
      vertex -1.98289 7.73895 0
      vertex -1.93185 8.51764 0
      vertex -1.93185 7.48236 0
    endloop
  endfacet
  facet normal 0 0 -1
    outer loop
      vertex -1.98289 7.73895 0
      vertex -1.98289 8.26105 0
      vertex -1.93185 8.51764 0
    endloop
  endfacet
  facet normal 0 -0 -1
    outer loop
      vertex -1.98289 8.26105 0
      vertex -1.98289 7.73895 0
      vertex -2 8 0
    endloop
  endfacet
  facet normal -0.831474 0.555564 0
    outer loop
      vertex -1.73205 9 0
      vertex -1.58671 9.21752 6.5
      vertex -1.58671 9.21752 0
    endloop
  endfacet
  facet normal -0.831474 0.555564 0
    outer loop
      vertex -1.58671 9.21752 6.5
      vertex -1.73205 9 0
      vertex -1.73205 9 6.5
    endloop
  endfacet
  facet normal -0.555564 0.831474 0
    outer loop
      vertex -1 9.73205 0
      vertex -1.21752 9.58671 6.5
      vertex -1 9.73205 6.5
    endloop
  endfacet
  facet normal -0.555564 0.831474 0
    outer loop
      vertex -1.21752 9.58671 6.5
      vertex -1 9.73205 0
      vertex -1.21752 9.58671 0
    endloop
  endfacet
  facet normal -0.195098 0.980784 0
    outer loop
      vertex -0.261052 9.98289 0
      vertex -0.517637 9.93185 6.5
      vertex -0.261052 9.98289 6.5
    endloop
  endfacet
  facet normal -0.195098 0.980784 0
    outer loop
      vertex -0.517637 9.93185 6.5
      vertex -0.261052 9.98289 0
      vertex -0.517637 9.93185 0
    endloop
  endfacet
  facet normal 0.321429 -0.946934 0
    outer loop
      vertex 0.517637 6.06815 0
      vertex 0.765367 6.15224 6.5
      vertex 0.517637 6.06815 6.5
    endloop
  endfacet
  facet normal 0.321429 -0.946934 0
    outer loop
      vertex 0.765367 6.15224 6.5
      vertex 0.517637 6.06815 0
      vertex 0.765367 6.15224 0
    endloop
  endfacet
  facet normal 0.195098 -0.980784 0
    outer loop
      vertex 0.261052 6.01711 0
      vertex 0.517637 6.06815 6.5
      vertex 0.261052 6.01711 6.5
    endloop
  endfacet
  facet normal 0.195098 -0.980784 0
    outer loop
      vertex 0.517637 6.06815 6.5
      vertex 0.261052 6.01711 0
      vertex 0.517637 6.06815 0
    endloop
  endfacet
  facet normal 0.751826 -0.659362 0
    outer loop
      vertex 1.41421 6.58579 6.5
      vertex 1.58671 6.78248 0
      vertex 1.58671 6.78248 6.5
    endloop
  endfacet
  facet normal 0.751826 -0.659362 0
    outer loop
      vertex 1.58671 6.78248 0
      vertex 1.41421 6.58579 6.5
      vertex 1.41421 6.58579 0
    endloop
  endfacet
  facet normal 0.555564 -0.831474 0
    outer loop
      vertex 1 6.26795 0
      vertex 1.21752 6.41329 6.5
      vertex 1 6.26795 6.5
    endloop
  endfacet
  facet normal 0.555564 -0.831474 0
    outer loop
      vertex 1.21752 6.41329 6.5
      vertex 1 6.26795 0
      vertex 1.21752 6.41329 0
    endloop
  endfacet
  facet normal 0.980784 -0.195094 0
    outer loop
      vertex 1.93185 7.48236 6.5
      vertex 1.98289 7.73895 0
      vertex 1.98289 7.73895 6.5
    endloop
  endfacet
  facet normal 0.980784 -0.195094 0
    outer loop
      vertex 1.98289 7.73895 0
      vertex 1.93185 7.48236 6.5
      vertex 1.93185 7.48236 0
    endloop
  endfacet
  facet normal -0.321429 -0.946934 0
    outer loop
      vertex -0.765367 6.15224 0
      vertex -0.517637 6.06815 6.5
      vertex -0.765367 6.15224 6.5
    endloop
  endfacet
  facet normal -0.321429 -0.946934 -0
    outer loop
      vertex -0.517637 6.06815 6.5
      vertex -0.765367 6.15224 0
      vertex -0.517637 6.06815 0
    endloop
  endfacet
  facet normal -0.555564 -0.831474 0
    outer loop
      vertex -1.21752 6.41329 0
      vertex -1 6.26795 6.5
      vertex -1.21752 6.41329 6.5
    endloop
  endfacet
  facet normal -0.555564 -0.831474 -0
    outer loop
      vertex -1 6.26795 6.5
      vertex -1.21752 6.41329 0
      vertex -1 6.26795 0
    endloop
  endfacet
  facet normal -0.195098 -0.980784 0
    outer loop
      vertex -0.517637 6.06815 0
      vertex -0.261052 6.01711 6.5
      vertex -0.517637 6.06815 6.5
    endloop
  endfacet
  facet normal -0.195098 -0.980784 -0
    outer loop
      vertex -0.261052 6.01711 6.5
      vertex -0.517637 6.06815 0
      vertex -0.261052 6.01711 0
    endloop
  endfacet
  facet normal -0.831474 -0.555564 0
    outer loop
      vertex -1.58671 6.78248 0
      vertex -1.73205 7 6.5
      vertex -1.73205 7 0
    endloop
  endfacet
  facet normal -0.831474 -0.555564 0
    outer loop
      vertex -1.73205 7 6.5
      vertex -1.58671 6.78248 0
      vertex -1.58671 6.78248 6.5
    endloop
  endfacet
  facet normal -0.751826 -0.659362 0
    outer loop
      vertex -1.41421 6.58579 0
      vertex -1.58671 6.78248 6.5
      vertex -1.58671 6.78248 0
    endloop
  endfacet
  facet normal -0.751826 -0.659362 0
    outer loop
      vertex -1.58671 6.78248 6.5
      vertex -1.41421 6.58579 0
      vertex -1.41421 6.58579 6.5
    endloop
  endfacet
  facet normal -0.980784 -0.195094 0
    outer loop
      vertex -1.93185 7.48236 0
      vertex -1.98289 7.73895 6.5
      vertex -1.98289 7.73895 0
    endloop
  endfacet
  facet normal -0.980784 -0.195094 0
    outer loop
      vertex -1.98289 7.73895 6.5
      vertex -1.93185 7.48236 0
      vertex -1.93185 7.48236 6.5
    endloop
  endfacet
  facet normal 0.946934 0.321429 0
    outer loop
      vertex 1.93185 8.51764 6.5
      vertex 1.84776 8.76537 0
      vertex 1.84776 8.76537 6.5
    endloop
  endfacet
  facet normal 0.946934 0.321429 0
    outer loop
      vertex 1.84776 8.76537 0
      vertex 1.93185 8.51764 6.5
      vertex 1.93185 8.51764 0
    endloop
  endfacet
  facet normal 0.0654022 0.997859 -0
    outer loop
      vertex 0.261052 9.98289 0
      vertex 0 10 6.5
      vertex 0.261052 9.98289 6.5
    endloop
  endfacet
  facet normal 0.0654022 0.997859 0
    outer loop
      vertex 0 10 6.5
      vertex 0.261052 9.98289 0
      vertex 0 10 0
    endloop
  endfacet
  facet normal -0.946934 0.321429 0
    outer loop
      vertex -1.93185 8.51764 0
      vertex -1.84776 8.76537 6.5
      vertex -1.84776 8.76537 0
    endloop
  endfacet
  facet normal -0.946934 0.321429 0
    outer loop
      vertex -1.84776 8.76537 6.5
      vertex -1.93185 8.51764 0
      vertex -1.93185 8.51764 6.5
    endloop
  endfacet
  facet normal -0.997859 0.0654027 0
    outer loop
      vertex -2 8 0
      vertex -1.98289 8.26105 6.5
      vertex -1.98289 8.26105 0
    endloop
  endfacet
  facet normal -0.997859 0.0654027 0
    outer loop
      vertex -1.98289 8.26105 6.5
      vertex -2 8 0
      vertex -2 8 6.5
    endloop
  endfacet
  facet normal -0.997859 -0.0654027 0
    outer loop
      vertex -1.98289 7.73895 0
      vertex -2 8 6.5
      vertex -2 8 0
    endloop
  endfacet
  facet normal -0.997859 -0.0654027 0
    outer loop
      vertex -2 8 6.5
      vertex -1.98289 7.73895 0
      vertex -1.98289 7.73895 6.5
    endloop
  endfacet
  facet normal 0.997859 -0.0654027 0
    outer loop
      vertex 1.98289 7.73895 6.5
      vertex 2 8 0
      vertex 2 8 6.5
    endloop
  endfacet
  facet normal 0.997859 -0.0654027 0
    outer loop
      vertex 2 8 0
      vertex 1.98289 7.73895 6.5
      vertex 1.98289 7.73895 0
    endloop
  endfacet
  facet normal 0.659362 -0.751826 0
    outer loop
      vertex 1.21752 6.41329 0
      vertex 1.41421 6.58579 6.5
      vertex 1.21752 6.41329 6.5
    endloop
  endfacet
  facet normal 0.659362 -0.751826 0
    outer loop
      vertex 1.41421 6.58579 6.5
      vertex 1.21752 6.41329 0
      vertex 1.41421 6.58579 0
    endloop
  endfacet
  facet normal 0.946934 -0.321429 0
    outer loop
      vertex 1.84776 7.23463 6.5
      vertex 1.93185 7.48236 0
      vertex 1.93185 7.48236 6.5
    endloop
  endfacet
  facet normal 0.946934 -0.321429 0
    outer loop
      vertex 1.93185 7.48236 0
      vertex 1.84776 7.23463 6.5
      vertex 1.84776 7.23463 0
    endloop
  endfacet
  facet normal 0.831474 -0.555564 0
    outer loop
      vertex 1.58671 6.78248 6.5
      vertex 1.73205 7 0
      vertex 1.73205 7 6.5
    endloop
  endfacet
  facet normal 0.831474 -0.555564 0
    outer loop
      vertex 1.73205 7 0
      vertex 1.58671 6.78248 6.5
      vertex 1.58671 6.78248 0
    endloop
  endfacet
  facet normal 0.896868 -0.442299 0
    outer loop
      vertex 1.73205 7 6.5
      vertex 1.84776 7.23463 0
      vertex 1.84776 7.23463 6.5
    endloop
  endfacet
  facet normal 0.896868 -0.442299 0
    outer loop
      vertex 1.84776 7.23463 0
      vertex 1.73205 7 6.5
      vertex 1.73205 7 0
    endloop
  endfacet
  facet normal -0.442294 -0.89687 0
    outer loop
      vertex -1 6.26795 0
      vertex -0.765367 6.15224 6.5
      vertex -1 6.26795 6.5
    endloop
  endfacet
  facet normal -0.442294 -0.89687 -0
    outer loop
      vertex -0.765367 6.15224 6.5
      vertex -1 6.26795 0
      vertex -0.765367 6.15224 0
    endloop
  endfacet
  facet normal -0.0654022 -0.997859 0
    outer loop
      vertex -0.261052 6.01711 0
      vertex 0 6 6.5
      vertex -0.261052 6.01711 6.5
    endloop
  endfacet
  facet normal -0.0654022 -0.997859 -0
    outer loop
      vertex 0 6 6.5
      vertex -0.261052 6.01711 0
      vertex 0 6 0
    endloop
  endfacet
  facet normal -0.659362 -0.751826 0
    outer loop
      vertex -1.41421 6.58579 0
      vertex -1.21752 6.41329 6.5
      vertex -1.41421 6.58579 6.5
    endloop
  endfacet
  facet normal -0.659362 -0.751826 -0
    outer loop
      vertex -1.21752 6.41329 6.5
      vertex -1.41421 6.58579 0
      vertex -1.21752 6.41329 0
    endloop
  endfacet
  facet normal -0.896868 -0.442299 0
    outer loop
      vertex -1.73205 7 0
      vertex -1.84776 7.23463 6.5
      vertex -1.84776 7.23463 0
    endloop
  endfacet
  facet normal -0.896868 -0.442299 0
    outer loop
      vertex -1.84776 7.23463 6.5
      vertex -1.73205 7 0
      vertex -1.73205 7 6.5
    endloop
  endfacet
  facet normal 0.751826 0.659362 0
    outer loop
      vertex 1.58671 9.21752 6.5
      vertex 1.41421 9.41421 0
      vertex 1.41421 9.41421 6.5
    endloop
  endfacet
  facet normal 0.751826 0.659362 0
    outer loop
      vertex 1.41421 9.41421 0
      vertex 1.58671 9.21752 6.5
      vertex 1.58671 9.21752 0
    endloop
  endfacet
  facet normal 0.195098 0.980784 -0
    outer loop
      vertex 0.517637 9.93185 0
      vertex 0.261052 9.98289 6.5
      vertex 0.517637 9.93185 6.5
    endloop
  endfacet
  facet normal 0.195098 0.980784 0
    outer loop
      vertex 0.261052 9.98289 6.5
      vertex 0.517637 9.93185 0
      vertex 0.261052 9.98289 0
    endloop
  endfacet
  facet normal 0.442294 0.89687 -0
    outer loop
      vertex 1 9.73205 0
      vertex 0.765367 9.84776 6.5
      vertex 1 9.73205 6.5
    endloop
  endfacet
  facet normal 0.442294 0.89687 0
    outer loop
      vertex 0.765367 9.84776 6.5
      vertex 1 9.73205 0
      vertex 0.765367 9.84776 0
    endloop
  endfacet
  facet normal 0 0 1
    outer loop
      vertex 1.98289 8.26105 6.5
      vertex 1.98289 7.73895 6.5
      vertex 2 8 6.5
    endloop
  endfacet
  facet normal 0 0 1
    outer loop
      vertex 1.93185 8.51764 6.5
      vertex 1.98289 7.73895 6.5
      vertex 1.98289 8.26105 6.5
    endloop
  endfacet
  facet normal 0 0 1
    outer loop
      vertex 1.93185 8.51764 6.5
      vertex 1.93185 7.48236 6.5
      vertex 1.98289 7.73895 6.5
    endloop
  endfacet
  facet normal 0 0 1
    outer loop
      vertex 1.84776 8.76537 6.5
      vertex 1.93185 7.48236 6.5
      vertex 1.93185 8.51764 6.5
    endloop
  endfacet
  facet normal 0 0 1
    outer loop
      vertex 1.84776 8.76537 6.5
      vertex 1.84776 7.23463 6.5
      vertex 1.93185 7.48236 6.5
    endloop
  endfacet
  facet normal 0 0 1
    outer loop
      vertex 1.73205 9 6.5
      vertex 1.84776 7.23463 6.5
      vertex 1.84776 8.76537 6.5
    endloop
  endfacet
  facet normal 0 0 1
    outer loop
      vertex 1.73205 9 6.5
      vertex 1.73205 7 6.5
      vertex 1.84776 7.23463 6.5
    endloop
  endfacet
  facet normal 0 0 1
    outer loop
      vertex 1.58671 9.21752 6.5
      vertex 1.73205 7 6.5
      vertex 1.73205 9 6.5
    endloop
  endfacet
  facet normal 0 0 1
    outer loop
      vertex 1.58671 9.21752 6.5
      vertex 1.58671 6.78248 6.5
      vertex 1.73205 7 6.5
    endloop
  endfacet
  facet normal 0 0 1
    outer loop
      vertex 1.41421 9.41421 6.5
      vertex 1.58671 6.78248 6.5
      vertex 1.58671 9.21752 6.5
    endloop
  endfacet
  facet normal 0 0 1
    outer loop
      vertex 1.41421 9.41421 6.5
      vertex 1.41421 6.58579 6.5
      vertex 1.58671 6.78248 6.5
    endloop
  endfacet
  facet normal 0 0 1
    outer loop
      vertex 1.21752 9.58671 6.5
      vertex 1.41421 6.58579 6.5
      vertex 1.41421 9.41421 6.5
    endloop
  endfacet
  facet normal 0 0 1
    outer loop
      vertex 1.21752 9.58671 6.5
      vertex 1.21752 6.41329 6.5
      vertex 1.41421 6.58579 6.5
    endloop
  endfacet
  facet normal 0 0 1
    outer loop
      vertex 1 9.73205 6.5
      vertex 1.21752 6.41329 6.5
      vertex 1.21752 9.58671 6.5
    endloop
  endfacet
  facet normal 0 0 1
    outer loop
      vertex 1 9.73205 6.5
      vertex 1 6.26795 6.5
      vertex 1.21752 6.41329 6.5
    endloop
  endfacet
  facet normal 0 0 1
    outer loop
      vertex 0.765367 9.84776 6.5
      vertex 1 6.26795 6.5
      vertex 1 9.73205 6.5
    endloop
  endfacet
  facet normal 0 0 1
    outer loop
      vertex 0.765367 9.84776 6.5
      vertex 0.765367 6.15224 6.5
      vertex 1 6.26795 6.5
    endloop
  endfacet
  facet normal 0 0 1
    outer loop
      vertex 0.517637 9.93185 6.5
      vertex 0.765367 6.15224 6.5
      vertex 0.765367 9.84776 6.5
    endloop
  endfacet
  facet normal 0 0 1
    outer loop
      vertex 0.517637 9.93185 6.5
      vertex 0.517637 6.06815 6.5
      vertex 0.765367 6.15224 6.5
    endloop
  endfacet
  facet normal 0 0 1
    outer loop
      vertex 0.261052 9.98289 6.5
      vertex 0.517637 6.06815 6.5
      vertex 0.517637 9.93185 6.5
    endloop
  endfacet
  facet normal 0 0 1
    outer loop
      vertex 0.261052 9.98289 6.5
      vertex 0.261052 6.01711 6.5
      vertex 0.517637 6.06815 6.5
    endloop
  endfacet
  facet normal 0 0 1
    outer loop
      vertex 0 10 6.5
      vertex 0.261052 6.01711 6.5
      vertex 0.261052 9.98289 6.5
    endloop
  endfacet
  facet normal 0 0 1
    outer loop
      vertex 0 10 6.5
      vertex 0 6 6.5
      vertex 0.261052 6.01711 6.5
    endloop
  endfacet
  facet normal -0 0 1
    outer loop
      vertex -0.261052 9.98289 6.5
      vertex 0 6 6.5
      vertex 0 10 6.5
    endloop
  endfacet
  facet normal 0 0 1
    outer loop
      vertex -0.261052 9.98289 6.5
      vertex -0.261052 6.01711 6.5
      vertex 0 6 6.5
    endloop
  endfacet
  facet normal -0 0 1
    outer loop
      vertex -0.517637 9.93185 6.5
      vertex -0.261052 6.01711 6.5
      vertex -0.261052 9.98289 6.5
    endloop
  endfacet
  facet normal 0 0 1
    outer loop
      vertex -0.517637 9.93185 6.5
      vertex -0.517637 6.06815 6.5
      vertex -0.261052 6.01711 6.5
    endloop
  endfacet
  facet normal -0 0 1
    outer loop
      vertex -0.765367 9.84776 6.5
      vertex -0.517637 6.06815 6.5
      vertex -0.517637 9.93185 6.5
    endloop
  endfacet
  facet normal 0 0 1
    outer loop
      vertex -0.765367 9.84776 6.5
      vertex -0.765367 6.15224 6.5
      vertex -0.517637 6.06815 6.5
    endloop
  endfacet
  facet normal -0 0 1
    outer loop
      vertex -1 9.73205 6.5
      vertex -0.765367 6.15224 6.5
      vertex -0.765367 9.84776 6.5
    endloop
  endfacet
  facet normal 0 0 1
    outer loop
      vertex -1 9.73205 6.5
      vertex -1 6.26795 6.5
      vertex -0.765367 6.15224 6.5
    endloop
  endfacet
  facet normal -0 0 1
    outer loop
      vertex -1.21752 9.58671 6.5
      vertex -1 6.26795 6.5
      vertex -1 9.73205 6.5
    endloop
  endfacet
  facet normal 0 0 1
    outer loop
      vertex -1.21752 9.58671 6.5
      vertex -1.21752 6.41329 6.5
      vertex -1 6.26795 6.5
    endloop
  endfacet
  facet normal -0 0 1
    outer loop
      vertex -1.41421 9.41421 6.5
      vertex -1.21752 6.41329 6.5
      vertex -1.21752 9.58671 6.5
    endloop
  endfacet
  facet normal 0 0 1
    outer loop
      vertex -1.41421 9.41421 6.5
      vertex -1.41421 6.58579 6.5
      vertex -1.21752 6.41329 6.5
    endloop
  endfacet
  facet normal -0 0 1
    outer loop
      vertex -1.58671 9.21752 6.5
      vertex -1.41421 6.58579 6.5
      vertex -1.41421 9.41421 6.5
    endloop
  endfacet
  facet normal 0 0 1
    outer loop
      vertex -1.58671 9.21752 6.5
      vertex -1.58671 6.78248 6.5
      vertex -1.41421 6.58579 6.5
    endloop
  endfacet
  facet normal -0 0 1
    outer loop
      vertex -1.73205 9 6.5
      vertex -1.58671 6.78248 6.5
      vertex -1.58671 9.21752 6.5
    endloop
  endfacet
  facet normal 0 0 1
    outer loop
      vertex -1.73205 9 6.5
      vertex -1.73205 7 6.5
      vertex -1.58671 6.78248 6.5
    endloop
  endfacet
  facet normal -0 0 1
    outer loop
      vertex -1.84776 8.76537 6.5
      vertex -1.73205 7 6.5
      vertex -1.73205 9 6.5
    endloop
  endfacet
  facet normal 0 0 1
    outer loop
      vertex -1.84776 8.76537 6.5
      vertex -1.84776 7.23463 6.5
      vertex -1.73205 7 6.5
    endloop
  endfacet
  facet normal -0 0 1
    outer loop
      vertex -1.93185 8.51764 6.5
      vertex -1.84776 7.23463 6.5
      vertex -1.84776 8.76537 6.5
    endloop
  endfacet
  facet normal 0 0 1
    outer loop
      vertex -1.93185 8.51764 6.5
      vertex -1.93185 7.48236 6.5
      vertex -1.84776 7.23463 6.5
    endloop
  endfacet
  facet normal -0 0 1
    outer loop
      vertex -1.98289 8.26105 6.5
      vertex -1.93185 7.48236 6.5
      vertex -1.93185 8.51764 6.5
    endloop
  endfacet
  facet normal 0 0 1
    outer loop
      vertex -1.98289 8.26105 6.5
      vertex -1.98289 7.73895 6.5
      vertex -1.93185 7.48236 6.5
    endloop
  endfacet
  facet normal 0 -0 1
    outer loop
      vertex -1.98289 7.73895 6.5
      vertex -1.98289 8.26105 6.5
      vertex -2 8 6.5
    endloop
  endfacet
  facet normal -0.980784 0.195094 0
    outer loop
      vertex -1.98289 8.26105 0
      vertex -1.93185 8.51764 6.5
      vertex -1.93185 8.51764 0
    endloop
  endfacet
  facet normal -0.980784 0.195094 0
    outer loop
      vertex -1.93185 8.51764 6.5
      vertex -1.98289 8.26105 0
      vertex -1.98289 8.26105 6.5
    endloop
  endfacet
  facet normal -0.659362 0.751826 0
    outer loop
      vertex -1.21752 9.58671 0
      vertex -1.41421 9.41421 6.5
      vertex -1.21752 9.58671 6.5
    endloop
  endfacet
  facet normal -0.659362 0.751826 0
    outer loop
      vertex -1.41421 9.41421 6.5
      vertex -1.21752 9.58671 0
      vertex -1.41421 9.41421 0
    endloop
  endfacet
  facet normal -0.321429 0.946934 0
    outer loop
      vertex -0.517637 9.93185 0
      vertex -0.765367 9.84776 6.5
      vertex -0.517637 9.93185 6.5
    endloop
  endfacet
  facet normal -0.321429 0.946934 0
    outer loop
      vertex -0.765367 9.84776 6.5
      vertex -0.517637 9.93185 0
      vertex -0.765367 9.84776 0
    endloop
  endfacet
  facet normal 0.442294 -0.89687 0
    outer loop
      vertex 0.765367 6.15224 0
      vertex 1 6.26795 6.5
      vertex 0.765367 6.15224 6.5
    endloop
  endfacet
  facet normal 0.442294 -0.89687 0
    outer loop
      vertex 1 6.26795 6.5
      vertex 0.765367 6.15224 0
      vertex 1 6.26795 0
    endloop
  endfacet
  facet normal 0.997859 0.0654027 0
    outer loop
      vertex 10 8 6.5
      vertex 9.98289 8.26105 0
      vertex 9.98289 8.26105 6.5
    endloop
  endfacet
  facet normal 0.997859 0.0654027 0
    outer loop
      vertex 9.98289 8.26105 0
      vertex 10 8 6.5
      vertex 10 8 0
    endloop
  endfacet
  facet normal -0.0654027 0.997859 0
    outer loop
      vertex 8 10 0
      vertex 7.73895 9.98289 6.5
      vertex 8 10 6.5
    endloop
  endfacet
  facet normal -0.0654027 0.997859 0
    outer loop
      vertex 7.73895 9.98289 6.5
      vertex 8 10 0
      vertex 7.73895 9.98289 0
    endloop
  endfacet
  facet normal 0.659362 0.751826 -0
    outer loop
      vertex 9.41421 9.41421 0
      vertex 9.21752 9.58671 6.5
      vertex 9.41421 9.41421 6.5
    endloop
  endfacet
  facet normal 0.659362 0.751826 0
    outer loop
      vertex 9.21752 9.58671 6.5
      vertex 9.41421 9.41421 0
      vertex 9.21752 9.58671 0
    endloop
  endfacet
  facet normal -0.751826 0.659362 0
    outer loop
      vertex 6.41329 9.21752 0
      vertex 6.58579 9.41421 6.5
      vertex 6.58579 9.41421 0
    endloop
  endfacet
  facet normal -0.751826 0.659362 0
    outer loop
      vertex 6.58579 9.41421 6.5
      vertex 6.41329 9.21752 0
      vertex 6.41329 9.21752 6.5
    endloop
  endfacet
  facet normal -0.442299 0.896868 0
    outer loop
      vertex 7.23463 9.84776 0
      vertex 7 9.73205 6.5
      vertex 7.23463 9.84776 6.5
    endloop
  endfacet
  facet normal -0.442299 0.896868 0
    outer loop
      vertex 7 9.73205 6.5
      vertex 7.23463 9.84776 0
      vertex 7 9.73205 0
    endloop
  endfacet
  facet normal -0.751826 -0.659362 0
    outer loop
      vertex 6.58579 6.58579 0
      vertex 6.41329 6.78248 6.5
      vertex 6.41329 6.78248 0
    endloop
  endfacet
  facet normal -0.751826 -0.659362 0
    outer loop
      vertex 6.41329 6.78248 6.5
      vertex 6.58579 6.58579 0
      vertex 6.58579 6.58579 6.5
    endloop
  endfacet
  facet normal 0.946934 0.321429 0
    outer loop
      vertex 9.93185 8.51764 6.5
      vertex 9.84776 8.76537 0
      vertex 9.84776 8.76537 6.5
    endloop
  endfacet
  facet normal 0.946934 0.321429 0
    outer loop
      vertex 9.84776 8.76537 0
      vertex 9.93185 8.51764 6.5
      vertex 9.93185 8.51764 0
    endloop
  endfacet
  facet normal 0.980784 0.195094 0
    outer loop
      vertex 9.98289 8.26105 6.5
      vertex 9.93185 8.51764 0
      vertex 9.93185 8.51764 6.5
    endloop
  endfacet
  facet normal 0.980784 0.195094 0
    outer loop
      vertex 9.93185 8.51764 0
      vertex 9.98289 8.26105 6.5
      vertex 9.98289 8.26105 0
    endloop
  endfacet
  facet normal 0.831474 0.555564 0
    outer loop
      vertex 9.73205 9 6.5
      vertex 9.58671 9.21752 0
      vertex 9.58671 9.21752 6.5
    endloop
  endfacet
  facet normal 0.831474 0.555564 0
    outer loop
      vertex 9.58671 9.21752 0
      vertex 9.73205 9 6.5
      vertex 9.73205 9 0
    endloop
  endfacet
  facet normal 0.321429 0.946934 -0
    outer loop
      vertex 8.76537 9.84776 0
      vertex 8.51764 9.93185 6.5
      vertex 8.76537 9.84776 6.5
    endloop
  endfacet
  facet normal 0.321429 0.946934 0
    outer loop
      vertex 8.51764 9.93185 6.5
      vertex 8.76537 9.84776 0
      vertex 8.51764 9.93185 0
    endloop
  endfacet
  facet normal 0.0654027 0.997859 -0
    outer loop
      vertex 8.26105 9.98289 0
      vertex 8 10 6.5
      vertex 8.26105 9.98289 6.5
    endloop
  endfacet
  facet normal 0.0654027 0.997859 0
    outer loop
      vertex 8 10 6.5
      vertex 8.26105 9.98289 0
      vertex 8 10 0
    endloop
  endfacet
  facet normal 0.555564 0.831474 -0
    outer loop
      vertex 9.21752 9.58671 0
      vertex 9 9.73205 6.5
      vertex 9.21752 9.58671 6.5
    endloop
  endfacet
  facet normal 0.555564 0.831474 0
    outer loop
      vertex 9 9.73205 6.5
      vertex 9.21752 9.58671 0
      vertex 9 9.73205 0
    endloop
  endfacet
  facet normal -0.896868 0.442299 0
    outer loop
      vertex 6.15224 8.76537 0
      vertex 6.26795 9 6.5
      vertex 6.26795 9 0
    endloop
  endfacet
  facet normal -0.896868 0.442299 0
    outer loop
      vertex 6.26795 9 6.5
      vertex 6.15224 8.76537 0
      vertex 6.15224 8.76537 6.5
    endloop
  endfacet
  facet normal -0.831474 0.555564 0
    outer loop
      vertex 6.26795 9 0
      vertex 6.41329 9.21752 6.5
      vertex 6.41329 9.21752 0
    endloop
  endfacet
  facet normal -0.831474 0.555564 0
    outer loop
      vertex 6.41329 9.21752 6.5
      vertex 6.26795 9 0
      vertex 6.26795 9 6.5
    endloop
  endfacet
  facet normal -0.980784 0.195094 0
    outer loop
      vertex 6.01711 8.26105 0
      vertex 6.06815 8.51764 6.5
      vertex 6.06815 8.51764 0
    endloop
  endfacet
  facet normal -0.980784 0.195094 0
    outer loop
      vertex 6.06815 8.51764 6.5
      vertex 6.01711 8.26105 0
      vertex 6.01711 8.26105 6.5
    endloop
  endfacet
  facet normal -0.997859 -0.0654027 0
    outer loop
      vertex 6.01711 7.73895 0
      vertex 6 8 6.5
      vertex 6 8 0
    endloop
  endfacet
  facet normal -0.997859 -0.0654027 0
    outer loop
      vertex 6 8 6.5
      vertex 6.01711 7.73895 0
      vertex 6.01711 7.73895 6.5
    endloop
  endfacet
  facet normal -0.555564 0.831474 0
    outer loop
      vertex 7 9.73205 0
      vertex 6.78248 9.58671 6.5
      vertex 7 9.73205 6.5
    endloop
  endfacet
  facet normal -0.555564 0.831474 0
    outer loop
      vertex 6.78248 9.58671 6.5
      vertex 7 9.73205 0
      vertex 6.78248 9.58671 0
    endloop
  endfacet
  facet normal -0.195094 0.980784 0
    outer loop
      vertex 7.73895 9.98289 0
      vertex 7.48236 9.93185 6.5
      vertex 7.73895 9.98289 6.5
    endloop
  endfacet
  facet normal -0.195094 0.980784 0
    outer loop
      vertex 7.48236 9.93185 6.5
      vertex 7.73895 9.98289 0
      vertex 7.48236 9.93185 0
    endloop
  endfacet
  facet normal 0.997859 -0.0654027 0
    outer loop
      vertex 9.98289 7.73895 6.5
      vertex 10 8 0
      vertex 10 8 6.5
    endloop
  endfacet
  facet normal 0.997859 -0.0654027 0
    outer loop
      vertex 10 8 0
      vertex 9.98289 7.73895 6.5
      vertex 9.98289 7.73895 0
    endloop
  endfacet
  facet normal 0.321429 -0.946934 0
    outer loop
      vertex 8.51764 6.06815 0
      vertex 8.76537 6.15224 6.5
      vertex 8.51764 6.06815 6.5
    endloop
  endfacet
  facet normal 0.321429 -0.946934 0
    outer loop
      vertex 8.76537 6.15224 6.5
      vertex 8.51764 6.06815 0
      vertex 8.76537 6.15224 0
    endloop
  endfacet
  facet normal 0.195094 -0.980784 0
    outer loop
      vertex 8.26105 6.01711 0
      vertex 8.51764 6.06815 6.5
      vertex 8.26105 6.01711 6.5
    endloop
  endfacet
  facet normal 0.195094 -0.980784 0
    outer loop
      vertex 8.51764 6.06815 6.5
      vertex 8.26105 6.01711 0
      vertex 8.51764 6.06815 0
    endloop
  endfacet
  facet normal 0.751826 -0.659362 0
    outer loop
      vertex 9.41421 6.58579 6.5
      vertex 9.58671 6.78248 0
      vertex 9.58671 6.78248 6.5
    endloop
  endfacet
  facet normal 0.751826 -0.659362 0
    outer loop
      vertex 9.58671 6.78248 0
      vertex 9.41421 6.58579 6.5
      vertex 9.41421 6.58579 0
    endloop
  endfacet
  facet normal 0.555564 -0.831474 0
    outer loop
      vertex 9 6.26795 0
      vertex 9.21752 6.41329 6.5
      vertex 9 6.26795 6.5
    endloop
  endfacet
  facet normal 0.555564 -0.831474 0
    outer loop
      vertex 9.21752 6.41329 6.5
      vertex 9 6.26795 0
      vertex 9.21752 6.41329 0
    endloop
  endfacet
  facet normal 0.980784 -0.195094 0
    outer loop
      vertex 9.93185 7.48236 6.5
      vertex 9.98289 7.73895 0
      vertex 9.98289 7.73895 6.5
    endloop
  endfacet
  facet normal 0.980784 -0.195094 0
    outer loop
      vertex 9.98289 7.73895 0
      vertex 9.93185 7.48236 6.5
      vertex 9.93185 7.48236 0
    endloop
  endfacet
  facet normal -0.195094 -0.980784 0
    outer loop
      vertex 7.48236 6.06815 0
      vertex 7.73895 6.01711 6.5
      vertex 7.48236 6.06815 6.5
    endloop
  endfacet
  facet normal -0.195094 -0.980784 -0
    outer loop
      vertex 7.73895 6.01711 6.5
      vertex 7.48236 6.06815 0
      vertex 7.73895 6.01711 0
    endloop
  endfacet
  facet normal -0.321429 -0.946934 0
    outer loop
      vertex 7.23463 6.15224 0
      vertex 7.48236 6.06815 6.5
      vertex 7.23463 6.15224 6.5
    endloop
  endfacet
  facet normal -0.321429 -0.946934 -0
    outer loop
      vertex 7.48236 6.06815 6.5
      vertex 7.23463 6.15224 0
      vertex 7.48236 6.06815 0
    endloop
  endfacet
  facet normal -0.980784 -0.195094 0
    outer loop
      vertex 6.06815 7.48236 0
      vertex 6.01711 7.73895 6.5
      vertex 6.01711 7.73895 0
    endloop
  endfacet
  facet normal -0.980784 -0.195094 0
    outer loop
      vertex 6.01711 7.73895 6.5
      vertex 6.06815 7.48236 0
      vertex 6.06815 7.48236 6.5
    endloop
  endfacet
  facet normal -0.831474 -0.555564 0
    outer loop
      vertex 6.41329 6.78248 0
      vertex 6.26795 7 6.5
      vertex 6.26795 7 0
    endloop
  endfacet
  facet normal -0.831474 -0.555564 0
    outer loop
      vertex 6.26795 7 6.5
      vertex 6.41329 6.78248 0
      vertex 6.41329 6.78248 6.5
    endloop
  endfacet
  facet normal 0.896868 0.442299 0
    outer loop
      vertex 9.84776 8.76537 6.5
      vertex 9.73205 9 0
      vertex 9.73205 9 6.5
    endloop
  endfacet
  facet normal 0.896868 0.442299 0
    outer loop
      vertex 9.73205 9 0
      vertex 9.84776 8.76537 6.5
      vertex 9.84776 8.76537 0
    endloop
  endfacet
  facet normal 0 0 -1
    outer loop
      vertex 9.98289 7.73895 0
      vertex 9.98289 8.26105 0
      vertex 10 8 0
    endloop
  endfacet
  facet normal 0 0 -1
    outer loop
      vertex 9.93185 7.48236 0
      vertex 9.98289 8.26105 0
      vertex 9.98289 7.73895 0
    endloop
  endfacet
  facet normal 0 0 -1
    outer loop
      vertex 9.93185 7.48236 0
      vertex 9.93185 8.51764 0
      vertex 9.98289 8.26105 0
    endloop
  endfacet
  facet normal 0 0 -1
    outer loop
      vertex 9.84776 7.23463 0
      vertex 9.93185 8.51764 0
      vertex 9.93185 7.48236 0
    endloop
  endfacet
  facet normal 0 0 -1
    outer loop
      vertex 9.84776 7.23463 0
      vertex 9.84776 8.76537 0
      vertex 9.93185 8.51764 0
    endloop
  endfacet
  facet normal 0 0 -1
    outer loop
      vertex 9.73205 7 0
      vertex 9.84776 8.76537 0
      vertex 9.84776 7.23463 0
    endloop
  endfacet
  facet normal 0 0 -1
    outer loop
      vertex 9.73205 7 0
      vertex 9.73205 9 0
      vertex 9.84776 8.76537 0
    endloop
  endfacet
  facet normal 0 0 -1
    outer loop
      vertex 9.58671 6.78248 0
      vertex 9.73205 9 0
      vertex 9.73205 7 0
    endloop
  endfacet
  facet normal 0 0 -1
    outer loop
      vertex 9.58671 6.78248 0
      vertex 9.58671 9.21752 0
      vertex 9.73205 9 0
    endloop
  endfacet
  facet normal 0 0 -1
    outer loop
      vertex 9.41421 6.58579 0
      vertex 9.58671 9.21752 0
      vertex 9.58671 6.78248 0
    endloop
  endfacet
  facet normal 0 0 -1
    outer loop
      vertex 9.41421 6.58579 0
      vertex 9.41421 9.41421 0
      vertex 9.58671 9.21752 0
    endloop
  endfacet
  facet normal 0 0 -1
    outer loop
      vertex 9.21752 6.41329 0
      vertex 9.41421 9.41421 0
      vertex 9.41421 6.58579 0
    endloop
  endfacet
  facet normal 0 0 -1
    outer loop
      vertex 9.21752 6.41329 0
      vertex 9.21752 9.58671 0
      vertex 9.41421 9.41421 0
    endloop
  endfacet
  facet normal 0 0 -1
    outer loop
      vertex 9 6.26795 0
      vertex 9.21752 9.58671 0
      vertex 9.21752 6.41329 0
    endloop
  endfacet
  facet normal 0 0 -1
    outer loop
      vertex 9 6.26795 0
      vertex 9 9.73205 0
      vertex 9.21752 9.58671 0
    endloop
  endfacet
  facet normal 0 0 -1
    outer loop
      vertex 8.76537 6.15224 0
      vertex 9 9.73205 0
      vertex 9 6.26795 0
    endloop
  endfacet
  facet normal 0 0 -1
    outer loop
      vertex 8.76537 6.15224 0
      vertex 8.76537 9.84776 0
      vertex 9 9.73205 0
    endloop
  endfacet
  facet normal 0 0 -1
    outer loop
      vertex 8.51764 6.06815 0
      vertex 8.76537 9.84776 0
      vertex 8.76537 6.15224 0
    endloop
  endfacet
  facet normal 0 0 -1
    outer loop
      vertex 8.51764 6.06815 0
      vertex 8.51764 9.93185 0
      vertex 8.76537 9.84776 0
    endloop
  endfacet
  facet normal 0 0 -1
    outer loop
      vertex 8.26105 6.01711 0
      vertex 8.51764 9.93185 0
      vertex 8.51764 6.06815 0
    endloop
  endfacet
  facet normal 0 0 -1
    outer loop
      vertex 8.26105 6.01711 0
      vertex 8.26105 9.98289 0
      vertex 8.51764 9.93185 0
    endloop
  endfacet
  facet normal 0 0 -1
    outer loop
      vertex 8 6 0
      vertex 8.26105 9.98289 0
      vertex 8.26105 6.01711 0
    endloop
  endfacet
  facet normal 0 0 -1
    outer loop
      vertex 8 6 0
      vertex 8 10 0
      vertex 8.26105 9.98289 0
    endloop
  endfacet
  facet normal 0 0 -1
    outer loop
      vertex 7.73895 6.01711 0
      vertex 8 10 0
      vertex 8 6 0
    endloop
  endfacet
  facet normal 0 0 -1
    outer loop
      vertex 7.73895 6.01711 0
      vertex 7.73895 9.98289 0
      vertex 8 10 0
    endloop
  endfacet
  facet normal 0 0 -1
    outer loop
      vertex 7.48236 6.06815 0
      vertex 7.73895 9.98289 0
      vertex 7.73895 6.01711 0
    endloop
  endfacet
  facet normal 0 0 -1
    outer loop
      vertex 7.48236 6.06815 0
      vertex 7.48236 9.93185 0
      vertex 7.73895 9.98289 0
    endloop
  endfacet
  facet normal 0 0 -1
    outer loop
      vertex 7.23463 6.15224 0
      vertex 7.48236 9.93185 0
      vertex 7.48236 6.06815 0
    endloop
  endfacet
  facet normal 0 0 -1
    outer loop
      vertex 7.23463 6.15224 0
      vertex 7.23463 9.84776 0
      vertex 7.48236 9.93185 0
    endloop
  endfacet
  facet normal 0 0 -1
    outer loop
      vertex 7 6.26795 0
      vertex 7.23463 9.84776 0
      vertex 7.23463 6.15224 0
    endloop
  endfacet
  facet normal 0 0 -1
    outer loop
      vertex 7 6.26795 0
      vertex 7 9.73205 0
      vertex 7.23463 9.84776 0
    endloop
  endfacet
  facet normal 0 0 -1
    outer loop
      vertex 6.78248 6.41329 0
      vertex 7 9.73205 0
      vertex 7 6.26795 0
    endloop
  endfacet
  facet normal 0 0 -1
    outer loop
      vertex 6.78248 6.41329 0
      vertex 6.78248 9.58671 0
      vertex 7 9.73205 0
    endloop
  endfacet
  facet normal 0 0 -1
    outer loop
      vertex 6.58579 6.58579 0
      vertex 6.78248 9.58671 0
      vertex 6.78248 6.41329 0
    endloop
  endfacet
  facet normal 0 0 -1
    outer loop
      vertex 6.58579 6.58579 0
      vertex 6.58579 9.41421 0
      vertex 6.78248 9.58671 0
    endloop
  endfacet
  facet normal 0 0 -1
    outer loop
      vertex 6.41329 6.78248 0
      vertex 6.58579 9.41421 0
      vertex 6.58579 6.58579 0
    endloop
  endfacet
  facet normal 0 0 -1
    outer loop
      vertex 6.41329 6.78248 0
      vertex 6.41329 9.21752 0
      vertex 6.58579 9.41421 0
    endloop
  endfacet
  facet normal 0 0 -1
    outer loop
      vertex 6.26795 7 0
      vertex 6.41329 9.21752 0
      vertex 6.41329 6.78248 0
    endloop
  endfacet
  facet normal 0 0 -1
    outer loop
      vertex 6.26795 7 0
      vertex 6.26795 9 0
      vertex 6.41329 9.21752 0
    endloop
  endfacet
  facet normal 0 0 -1
    outer loop
      vertex 6.15224 7.23463 0
      vertex 6.26795 9 0
      vertex 6.26795 7 0
    endloop
  endfacet
  facet normal 0 0 -1
    outer loop
      vertex 6.15224 7.23463 0
      vertex 6.15224 8.76537 0
      vertex 6.26795 9 0
    endloop
  endfacet
  facet normal 0 0 -1
    outer loop
      vertex 6.06815 7.48236 0
      vertex 6.15224 8.76537 0
      vertex 6.15224 7.23463 0
    endloop
  endfacet
  facet normal 0 0 -1
    outer loop
      vertex 6.06815 7.48236 0
      vertex 6.06815 8.51764 0
      vertex 6.15224 8.76537 0
    endloop
  endfacet
  facet normal 0 0 -1
    outer loop
      vertex 6.01711 7.73895 0
      vertex 6.06815 8.51764 0
      vertex 6.06815 7.48236 0
    endloop
  endfacet
  facet normal 0 0 -1
    outer loop
      vertex 6.01711 7.73895 0
      vertex 6.01711 8.26105 0
      vertex 6.06815 8.51764 0
    endloop
  endfacet
  facet normal 0 -0 -1
    outer loop
      vertex 6.01711 8.26105 0
      vertex 6.01711 7.73895 0
      vertex 6 8 0
    endloop
  endfacet
  facet normal -0.946934 0.321429 0
    outer loop
      vertex 6.06815 8.51764 0
      vertex 6.15224 8.76537 6.5
      vertex 6.15224 8.76537 0
    endloop
  endfacet
  facet normal -0.946934 0.321429 0
    outer loop
      vertex 6.15224 8.76537 6.5
      vertex 6.06815 8.51764 0
      vertex 6.06815 8.51764 6.5
    endloop
  endfacet
  facet normal -0.321429 0.946934 0
    outer loop
      vertex 7.48236 9.93185 0
      vertex 7.23463 9.84776 6.5
      vertex 7.48236 9.93185 6.5
    endloop
  endfacet
  facet normal -0.321429 0.946934 0
    outer loop
      vertex 7.23463 9.84776 6.5
      vertex 7.48236 9.93185 0
      vertex 7.23463 9.84776 0
    endloop
  endfacet
  facet normal 0.659362 -0.751826 0
    outer loop
      vertex 9.21752 6.41329 0
      vertex 9.41421 6.58579 6.5
      vertex 9.21752 6.41329 6.5
    endloop
  endfacet
  facet normal 0.659362 -0.751826 0
    outer loop
      vertex 9.41421 6.58579 6.5
      vertex 9.21752 6.41329 0
      vertex 9.41421 6.58579 0
    endloop
  endfacet
  facet normal 0.946934 -0.321429 0
    outer loop
      vertex 9.84776 7.23463 6.5
      vertex 9.93185 7.48236 0
      vertex 9.93185 7.48236 6.5
    endloop
  endfacet
  facet normal 0.946934 -0.321429 0
    outer loop
      vertex 9.93185 7.48236 0
      vertex 9.84776 7.23463 6.5
      vertex 9.84776 7.23463 0
    endloop
  endfacet
  facet normal 0.831474 -0.555564 0
    outer loop
      vertex 9.58671 6.78248 6.5
      vertex 9.73205 7 0
      vertex 9.73205 7 6.5
    endloop
  endfacet
  facet normal 0.831474 -0.555564 0
    outer loop
      vertex 9.73205 7 0
      vertex 9.58671 6.78248 6.5
      vertex 9.58671 6.78248 0
    endloop
  endfacet
  facet normal 0.896868 -0.442299 0
    outer loop
      vertex 9.73205 7 6.5
      vertex 9.84776 7.23463 0
      vertex 9.84776 7.23463 6.5
    endloop
  endfacet
  facet normal 0.896868 -0.442299 0
    outer loop
      vertex 9.84776 7.23463 0
      vertex 9.73205 7 6.5
      vertex 9.73205 7 0
    endloop
  endfacet
  facet normal -0.0654027 -0.997859 0
    outer loop
      vertex 7.73895 6.01711 0
      vertex 8 6 6.5
      vertex 7.73895 6.01711 6.5
    endloop
  endfacet
  facet normal -0.0654027 -0.997859 -0
    outer loop
      vertex 8 6 6.5
      vertex 7.73895 6.01711 0
      vertex 8 6 0
    endloop
  endfacet
  facet normal -0.555564 -0.831474 0
    outer loop
      vertex 6.78248 6.41329 0
      vertex 7 6.26795 6.5
      vertex 6.78248 6.41329 6.5
    endloop
  endfacet
  facet normal -0.555564 -0.831474 -0
    outer loop
      vertex 7 6.26795 6.5
      vertex 6.78248 6.41329 0
      vertex 7 6.26795 0
    endloop
  endfacet
  facet normal 0.0654027 -0.997859 0
    outer loop
      vertex 8 6 0
      vertex 8.26105 6.01711 6.5
      vertex 8 6 6.5
    endloop
  endfacet
  facet normal 0.0654027 -0.997859 0
    outer loop
      vertex 8.26105 6.01711 6.5
      vertex 8 6 0
      vertex 8.26105 6.01711 0
    endloop
  endfacet
  facet normal -0.442299 -0.896868 0
    outer loop
      vertex 7 6.26795 0
      vertex 7.23463 6.15224 6.5
      vertex 7 6.26795 6.5
    endloop
  endfacet
  facet normal -0.442299 -0.896868 -0
    outer loop
      vertex 7.23463 6.15224 6.5
      vertex 7 6.26795 0
      vertex 7.23463 6.15224 0
    endloop
  endfacet
  facet normal -0.659362 -0.751826 0
    outer loop
      vertex 6.58579 6.58579 0
      vertex 6.78248 6.41329 6.5
      vertex 6.58579 6.58579 6.5
    endloop
  endfacet
  facet normal -0.659362 -0.751826 -0
    outer loop
      vertex 6.78248 6.41329 6.5
      vertex 6.58579 6.58579 0
      vertex 6.78248 6.41329 0
    endloop
  endfacet
  facet normal -0.946934 -0.321429 0
    outer loop
      vertex 6.15224 7.23463 0
      vertex 6.06815 7.48236 6.5
      vertex 6.06815 7.48236 0
    endloop
  endfacet
  facet normal -0.946934 -0.321429 0
    outer loop
      vertex 6.06815 7.48236 6.5
      vertex 6.15224 7.23463 0
      vertex 6.15224 7.23463 6.5
    endloop
  endfacet
  facet normal 0.751826 0.659362 0
    outer loop
      vertex 9.58671 9.21752 6.5
      vertex 9.41421 9.41421 0
      vertex 9.41421 9.41421 6.5
    endloop
  endfacet
  facet normal 0.751826 0.659362 0
    outer loop
      vertex 9.41421 9.41421 0
      vertex 9.58671 9.21752 6.5
      vertex 9.58671 9.21752 0
    endloop
  endfacet
  facet normal 0.195094 0.980784 -0
    outer loop
      vertex 8.51764 9.93185 0
      vertex 8.26105 9.98289 6.5
      vertex 8.51764 9.93185 6.5
    endloop
  endfacet
  facet normal 0.195094 0.980784 0
    outer loop
      vertex 8.26105 9.98289 6.5
      vertex 8.51764 9.93185 0
      vertex 8.26105 9.98289 0
    endloop
  endfacet
  facet normal 0.442299 0.896868 -0
    outer loop
      vertex 9 9.73205 0
      vertex 8.76537 9.84776 6.5
      vertex 9 9.73205 6.5
    endloop
  endfacet
  facet normal 0.442299 0.896868 0
    outer loop
      vertex 8.76537 9.84776 6.5
      vertex 9 9.73205 0
      vertex 8.76537 9.84776 0
    endloop
  endfacet
  facet normal 0 0 1
    outer loop
      vertex 9.98289 8.26105 6.5
      vertex 9.98289 7.73895 6.5
      vertex 10 8 6.5
    endloop
  endfacet
  facet normal 0 0 1
    outer loop
      vertex 9.93185 8.51764 6.5
      vertex 9.98289 7.73895 6.5
      vertex 9.98289 8.26105 6.5
    endloop
  endfacet
  facet normal 0 0 1
    outer loop
      vertex 9.93185 8.51764 6.5
      vertex 9.93185 7.48236 6.5
      vertex 9.98289 7.73895 6.5
    endloop
  endfacet
  facet normal 0 0 1
    outer loop
      vertex 9.84776 8.76537 6.5
      vertex 9.93185 7.48236 6.5
      vertex 9.93185 8.51764 6.5
    endloop
  endfacet
  facet normal 0 0 1
    outer loop
      vertex 9.84776 8.76537 6.5
      vertex 9.84776 7.23463 6.5
      vertex 9.93185 7.48236 6.5
    endloop
  endfacet
  facet normal 0 0 1
    outer loop
      vertex 9.73205 9 6.5
      vertex 9.84776 7.23463 6.5
      vertex 9.84776 8.76537 6.5
    endloop
  endfacet
  facet normal 0 0 1
    outer loop
      vertex 9.73205 9 6.5
      vertex 9.73205 7 6.5
      vertex 9.84776 7.23463 6.5
    endloop
  endfacet
  facet normal 0 0 1
    outer loop
      vertex 9.58671 9.21752 6.5
      vertex 9.73205 7 6.5
      vertex 9.73205 9 6.5
    endloop
  endfacet
  facet normal 0 0 1
    outer loop
      vertex 9.58671 9.21752 6.5
      vertex 9.58671 6.78248 6.5
      vertex 9.73205 7 6.5
    endloop
  endfacet
  facet normal 0 0 1
    outer loop
      vertex 9.41421 9.41421 6.5
      vertex 9.58671 6.78248 6.5
      vertex 9.58671 9.21752 6.5
    endloop
  endfacet
  facet normal 0 0 1
    outer loop
      vertex 9.41421 9.41421 6.5
      vertex 9.41421 6.58579 6.5
      vertex 9.58671 6.78248 6.5
    endloop
  endfacet
  facet normal 0 0 1
    outer loop
      vertex 9.21752 9.58671 6.5
      vertex 9.41421 6.58579 6.5
      vertex 9.41421 9.41421 6.5
    endloop
  endfacet
  facet normal 0 0 1
    outer loop
      vertex 9.21752 9.58671 6.5
      vertex 9.21752 6.41329 6.5
      vertex 9.41421 6.58579 6.5
    endloop
  endfacet
  facet normal 0 0 1
    outer loop
      vertex 9 9.73205 6.5
      vertex 9.21752 6.41329 6.5
      vertex 9.21752 9.58671 6.5
    endloop
  endfacet
  facet normal 0 0 1
    outer loop
      vertex 9 9.73205 6.5
      vertex 9 6.26795 6.5
      vertex 9.21752 6.41329 6.5
    endloop
  endfacet
  facet normal 0 0 1
    outer loop
      vertex 8.76537 9.84776 6.5
      vertex 9 6.26795 6.5
      vertex 9 9.73205 6.5
    endloop
  endfacet
  facet normal 0 0 1
    outer loop
      vertex 8.76537 9.84776 6.5
      vertex 8.76537 6.15224 6.5
      vertex 9 6.26795 6.5
    endloop
  endfacet
  facet normal 0 0 1
    outer loop
      vertex 8.51764 9.93185 6.5
      vertex 8.76537 6.15224 6.5
      vertex 8.76537 9.84776 6.5
    endloop
  endfacet
  facet normal 0 0 1
    outer loop
      vertex 8.51764 9.93185 6.5
      vertex 8.51764 6.06815 6.5
      vertex 8.76537 6.15224 6.5
    endloop
  endfacet
  facet normal 0 0 1
    outer loop
      vertex 8.26105 9.98289 6.5
      vertex 8.51764 6.06815 6.5
      vertex 8.51764 9.93185 6.5
    endloop
  endfacet
  facet normal 0 0 1
    outer loop
      vertex 8.26105 9.98289 6.5
      vertex 8.26105 6.01711 6.5
      vertex 8.51764 6.06815 6.5
    endloop
  endfacet
  facet normal 0 0 1
    outer loop
      vertex 8 10 6.5
      vertex 8.26105 6.01711 6.5
      vertex 8.26105 9.98289 6.5
    endloop
  endfacet
  facet normal 0 0 1
    outer loop
      vertex 8 10 6.5
      vertex 8 6 6.5
      vertex 8.26105 6.01711 6.5
    endloop
  endfacet
  facet normal -0 0 1
    outer loop
      vertex 7.73895 9.98289 6.5
      vertex 8 6 6.5
      vertex 8 10 6.5
    endloop
  endfacet
  facet normal 0 0 1
    outer loop
      vertex 7.73895 9.98289 6.5
      vertex 7.73895 6.01711 6.5
      vertex 8 6 6.5
    endloop
  endfacet
  facet normal -0 0 1
    outer loop
      vertex 7.48236 9.93185 6.5
      vertex 7.73895 6.01711 6.5
      vertex 7.73895 9.98289 6.5
    endloop
  endfacet
  facet normal 0 0 1
    outer loop
      vertex 7.48236 9.93185 6.5
      vertex 7.48236 6.06815 6.5
      vertex 7.73895 6.01711 6.5
    endloop
  endfacet
  facet normal -0 0 1
    outer loop
      vertex 7.23463 9.84776 6.5
      vertex 7.48236 6.06815 6.5
      vertex 7.48236 9.93185 6.5
    endloop
  endfacet
  facet normal 0 0 1
    outer loop
      vertex 7.23463 9.84776 6.5
      vertex 7.23463 6.15224 6.5
      vertex 7.48236 6.06815 6.5
    endloop
  endfacet
  facet normal -0 0 1
    outer loop
      vertex 7 9.73205 6.5
      vertex 7.23463 6.15224 6.5
      vertex 7.23463 9.84776 6.5
    endloop
  endfacet
  facet normal 0 0 1
    outer loop
      vertex 7 9.73205 6.5
      vertex 7 6.26795 6.5
      vertex 7.23463 6.15224 6.5
    endloop
  endfacet
  facet normal -0 0 1
    outer loop
      vertex 6.78248 9.58671 6.5
      vertex 7 6.26795 6.5
      vertex 7 9.73205 6.5
    endloop
  endfacet
  facet normal 0 0 1
    outer loop
      vertex 6.78248 9.58671 6.5
      vertex 6.78248 6.41329 6.5
      vertex 7 6.26795 6.5
    endloop
  endfacet
  facet normal -0 0 1
    outer loop
      vertex 6.58579 9.41421 6.5
      vertex 6.78248 6.41329 6.5
      vertex 6.78248 9.58671 6.5
    endloop
  endfacet
  facet normal 0 0 1
    outer loop
      vertex 6.58579 9.41421 6.5
      vertex 6.58579 6.58579 6.5
      vertex 6.78248 6.41329 6.5
    endloop
  endfacet
  facet normal -0 0 1
    outer loop
      vertex 6.41329 9.21752 6.5
      vertex 6.58579 6.58579 6.5
      vertex 6.58579 9.41421 6.5
    endloop
  endfacet
  facet normal 0 0 1
    outer loop
      vertex 6.41329 9.21752 6.5
      vertex 6.41329 6.78248 6.5
      vertex 6.58579 6.58579 6.5
    endloop
  endfacet
  facet normal -0 0 1
    outer loop
      vertex 6.26795 9 6.5
      vertex 6.41329 6.78248 6.5
      vertex 6.41329 9.21752 6.5
    endloop
  endfacet
  facet normal 0 0 1
    outer loop
      vertex 6.26795 9 6.5
      vertex 6.26795 7 6.5
      vertex 6.41329 6.78248 6.5
    endloop
  endfacet
  facet normal -0 0 1
    outer loop
      vertex 6.15224 8.76537 6.5
      vertex 6.26795 7 6.5
      vertex 6.26795 9 6.5
    endloop
  endfacet
  facet normal 0 0 1
    outer loop
      vertex 6.15224 8.76537 6.5
      vertex 6.15224 7.23463 6.5
      vertex 6.26795 7 6.5
    endloop
  endfacet
  facet normal -0 0 1
    outer loop
      vertex 6.06815 8.51764 6.5
      vertex 6.15224 7.23463 6.5
      vertex 6.15224 8.76537 6.5
    endloop
  endfacet
  facet normal 0 0 1
    outer loop
      vertex 6.06815 8.51764 6.5
      vertex 6.06815 7.48236 6.5
      vertex 6.15224 7.23463 6.5
    endloop
  endfacet
  facet normal -0 0 1
    outer loop
      vertex 6.01711 8.26105 6.5
      vertex 6.06815 7.48236 6.5
      vertex 6.06815 8.51764 6.5
    endloop
  endfacet
  facet normal 0 0 1
    outer loop
      vertex 6.01711 8.26105 6.5
      vertex 6.01711 7.73895 6.5
      vertex 6.06815 7.48236 6.5
    endloop
  endfacet
  facet normal 0 -0 1
    outer loop
      vertex 6.01711 7.73895 6.5
      vertex 6.01711 8.26105 6.5
      vertex 6 8 6.5
    endloop
  endfacet
  facet normal -0.997859 0.0654027 0
    outer loop
      vertex 6 8 0
      vertex 6.01711 8.26105 6.5
      vertex 6.01711 8.26105 0
    endloop
  endfacet
  facet normal -0.997859 0.0654027 0
    outer loop
      vertex 6.01711 8.26105 6.5
      vertex 6 8 0
      vertex 6 8 6.5
    endloop
  endfacet
  facet normal -0.659362 0.751826 0
    outer loop
      vertex 6.78248 9.58671 0
      vertex 6.58579 9.41421 6.5
      vertex 6.78248 9.58671 6.5
    endloop
  endfacet
  facet normal -0.659362 0.751826 0
    outer loop
      vertex 6.58579 9.41421 6.5
      vertex 6.78248 9.58671 0
      vertex 6.58579 9.41421 0
    endloop
  endfacet
  facet normal 0.442299 -0.896868 0
    outer loop
      vertex 8.76537 6.15224 0
      vertex 9 6.26795 6.5
      vertex 8.76537 6.15224 6.5
    endloop
  endfacet
  facet normal 0.442299 -0.896868 0
    outer loop
      vertex 9 6.26795 6.5
      vertex 8.76537 6.15224 0
      vertex 9 6.26795 0
    endloop
  endfacet
  facet normal -0.896868 -0.442299 0
    outer loop
      vertex 6.26795 7 0
      vertex 6.15224 7.23463 6.5
      vertex 6.15224 7.23463 0
    endloop
  endfacet
  facet normal -0.896868 -0.442299 0
    outer loop
      vertex 6.15224 7.23463 6.5
      vertex 6.26795 7 0
      vertex 6.26795 7 6.5
    endloop
  endfacet
  facet normal 0.997861 0.0653646 0
    outer loop
      vertex 18 8 6.5
      vertex 17.9829 8.26105 0
      vertex 17.9829 8.26105 6.5
    endloop
  endfacet
  facet normal 0.997861 0.0653646 0
    outer loop
      vertex 17.9829 8.26105 0
      vertex 18 8 6.5
      vertex 18 8 0
    endloop
  endfacet
  facet normal -0.0653902 0.99786 0
    outer loop
      vertex 16 10 0
      vertex 15.7389 9.98289 6.5
      vertex 16 10 6.5
    endloop
  endfacet
  facet normal -0.0653902 0.99786 0
    outer loop
      vertex 15.7389 9.98289 6.5
      vertex 16 10 0
      vertex 15.7389 9.98289 0
    endloop
  endfacet
  facet normal 0.659343 0.751842 -0
    outer loop
      vertex 17.4142 9.41421 0
      vertex 17.2175 9.58671 6.5
      vertex 17.4142 9.41421 6.5
    endloop
  endfacet
  facet normal 0.659343 0.751842 0
    outer loop
      vertex 17.2175 9.58671 6.5
      vertex 17.4142 9.41421 0
      vertex 17.2175 9.58671 0
    endloop
  endfacet
  facet normal -0.751826 0.659362 0
    outer loop
      vertex 14.4133 9.21752 0
      vertex 14.5858 9.41421 6.5
      vertex 14.5858 9.41421 0
    endloop
  endfacet
  facet normal -0.751826 0.659362 0
    outer loop
      vertex 14.5858 9.41421 6.5
      vertex 14.4133 9.21752 0
      vertex 14.4133 9.21752 6.5
    endloop
  endfacet
  facet normal -0.442344 0.896845 0
    outer loop
      vertex 15.2346 9.84776 0
      vertex 15 9.73205 6.5
      vertex 15.2346 9.84776 6.5
    endloop
  endfacet
  facet normal -0.442344 0.896845 0
    outer loop
      vertex 15 9.73205 6.5
      vertex 15.2346 9.84776 0
      vertex 15 9.73205 0
    endloop
  endfacet
  facet normal -0.751826 -0.659362 0
    outer loop
      vertex 14.5858 6.58579 0
      vertex 14.4133 6.78248 6.5
      vertex 14.4133 6.78248 0
    endloop
  endfacet
  facet normal -0.751826 -0.659362 0
    outer loop
      vertex 14.4133 6.78248 6.5
      vertex 14.5858 6.58579 0
      vertex 14.5858 6.58579 6.5
    endloop
  endfacet
  facet normal 0.946922 0.321463 0
    outer loop
      vertex 17.9319 8.51764 6.5
      vertex 17.8478 8.76537 0
      vertex 17.8478 8.76537 6.5
    endloop
  endfacet
  facet normal 0.946922 0.321463 0
    outer loop
      vertex 17.8478 8.76537 0
      vertex 17.9319 8.51764 6.5
      vertex 17.9319 8.51764 0
    endloop
  endfacet
  facet normal 0.980814 0.194947 0
    outer loop
      vertex 17.9829 8.26105 6.5
      vertex 17.9319 8.51764 0
      vertex 17.9319 8.51764 6.5
    endloop
  endfacet
  facet normal 0.980814 0.194947 0
    outer loop
      vertex 17.9319 8.51764 0
      vertex 17.9829 8.26105 6.5
      vertex 17.9829 8.26105 0
    endloop
  endfacet
  facet normal 0.831544 0.555459 0
    outer loop
      vertex 17.732 9 6.5
      vertex 17.5867 9.21752 0
      vertex 17.5867 9.21752 6.5
    endloop
  endfacet
  facet normal 0.831544 0.555459 0
    outer loop
      vertex 17.5867 9.21752 0
      vertex 17.732 9 6.5
      vertex 17.732 9 0
    endloop
  endfacet
  facet normal 0.321348 0.946961 -0
    outer loop
      vertex 16.7654 9.84776 0
      vertex 16.5176 9.93185 6.5
      vertex 16.7654 9.84776 6.5
    endloop
  endfacet
  facet normal 0.321348 0.946961 0
    outer loop
      vertex 16.5176 9.93185 6.5
      vertex 16.7654 9.84776 0
      vertex 16.5176 9.93185 0
    endloop
  endfacet
  facet normal 0.0653902 0.99786 -0
    outer loop
      vertex 16.2611 9.98289 0
      vertex 16 10 6.5
      vertex 16.2611 9.98289 6.5
    endloop
  endfacet
  facet normal 0.0653902 0.99786 0
    outer loop
      vertex 16 10 6.5
      vertex 16.2611 9.98289 0
      vertex 16 10 0
    endloop
  endfacet
  facet normal 0.5556 0.83145 -0
    outer loop
      vertex 17.2175 9.58671 0
      vertex 17 9.73205 6.5
      vertex 17.2175 9.58671 6.5
    endloop
  endfacet
  facet normal 0.5556 0.83145 0
    outer loop
      vertex 17 9.73205 6.5
      vertex 17.2175 9.58671 0
      vertex 17 9.73205 0
    endloop
  endfacet
  facet normal -0.896883 0.442268 0
    outer loop
      vertex 14.1522 8.76537 0
      vertex 14.2679 9 6.5
      vertex 14.2679 9 0
    endloop
  endfacet
  facet normal -0.896883 0.442268 0
    outer loop
      vertex 14.2679 9 6.5
      vertex 14.1522 8.76537 0
      vertex 14.1522 8.76537 6.5
    endloop
  endfacet
  facet normal -0.831368 0.555723 0
    outer loop
      vertex 14.2679 9 0
      vertex 14.4133 9.21752 6.5
      vertex 14.4133 9.21752 0
    endloop
  endfacet
  facet normal -0.831368 0.555723 0
    outer loop
      vertex 14.4133 9.21752 6.5
      vertex 14.2679 9 0
      vertex 14.2679 9 6.5
    endloop
  endfacet
  facet normal -0.980814 0.194947 0
    outer loop
      vertex 14.0171 8.26105 0
      vertex 14.0681 8.51764 6.5
      vertex 14.0681 8.51764 0
    endloop
  endfacet
  facet normal -0.980814 0.194947 0
    outer loop
      vertex 14.0681 8.51764 6.5
      vertex 14.0171 8.26105 0
      vertex 14.0171 8.26105 6.5
    endloop
  endfacet
  facet normal -0.997861 -0.0653646 0
    outer loop
      vertex 14.0171 7.73895 0
      vertex 14 8 6.5
      vertex 14 8 0
    endloop
  endfacet
  facet normal -0.997861 -0.0653646 0
    outer loop
      vertex 14 8 6.5
      vertex 14.0171 7.73895 0
      vertex 14.0171 7.73895 6.5
    endloop
  endfacet
  facet normal -0.5556 0.83145 0
    outer loop
      vertex 15 9.73205 0
      vertex 14.7825 9.58671 6.5
      vertex 15 9.73205 6.5
    endloop
  endfacet
  facet normal -0.5556 0.83145 0
    outer loop
      vertex 14.7825 9.58671 6.5
      vertex 15 9.73205 0
      vertex 14.7825 9.58671 0
    endloop
  endfacet
  facet normal -0.19516 0.980771 0
    outer loop
      vertex 15.7389 9.98289 0
      vertex 15.4824 9.93185 6.5
      vertex 15.7389 9.98289 6.5
    endloop
  endfacet
  facet normal -0.19516 0.980771 0
    outer loop
      vertex 15.4824 9.93185 6.5
      vertex 15.7389 9.98289 0
      vertex 15.4824 9.93185 0
    endloop
  endfacet
  facet normal 0.997861 -0.0653646 0
    outer loop
      vertex 17.9829 7.73895 6.5
      vertex 18 8 0
      vertex 18 8 6.5
    endloop
  endfacet
  facet normal 0.997861 -0.0653646 0
    outer loop
      vertex 18 8 0
      vertex 17.9829 7.73895 6.5
      vertex 17.9829 7.73895 0
    endloop
  endfacet
  facet normal 0.321348 -0.946961 0
    outer loop
      vertex 16.5176 6.06815 0
      vertex 16.7654 6.15224 6.5
      vertex 16.5176 6.06815 6.5
    endloop
  endfacet
  facet normal 0.321348 -0.946961 0
    outer loop
      vertex 16.7654 6.15224 6.5
      vertex 16.5176 6.06815 0
      vertex 16.7654 6.15224 0
    endloop
  endfacet
  facet normal 0.19516 -0.980771 0
    outer loop
      vertex 16.2611 6.01711 0
      vertex 16.5176 6.06815 6.5
      vertex 16.2611 6.01711 6.5
    endloop
  endfacet
  facet normal 0.19516 -0.980771 0
    outer loop
      vertex 16.5176 6.06815 6.5
      vertex 16.2611 6.01711 0
      vertex 16.5176 6.06815 0
    endloop
  endfacet
  facet normal 0.751826 -0.659362 0
    outer loop
      vertex 17.4142 6.58579 6.5
      vertex 17.5867 6.78248 0
      vertex 17.5867 6.78248 6.5
    endloop
  endfacet
  facet normal 0.751826 -0.659362 0
    outer loop
      vertex 17.5867 6.78248 0
      vertex 17.4142 6.58579 6.5
      vertex 17.4142 6.58579 0
    endloop
  endfacet
  facet normal 0.5556 -0.83145 0
    outer loop
      vertex 17 6.26795 0
      vertex 17.2175 6.41329 6.5
      vertex 17 6.26795 6.5
    endloop
  endfacet
  facet normal 0.5556 -0.83145 0
    outer loop
      vertex 17.2175 6.41329 6.5
      vertex 17 6.26795 0
      vertex 17.2175 6.41329 0
    endloop
  endfacet
  facet normal 0.980814 -0.194947 0
    outer loop
      vertex 17.9319 7.48236 6.5
      vertex 17.9829 7.73895 0
      vertex 17.9829 7.73895 6.5
    endloop
  endfacet
  facet normal 0.980814 -0.194947 0
    outer loop
      vertex 17.9829 7.73895 0
      vertex 17.9319 7.48236 6.5
      vertex 17.9319 7.48236 0
    endloop
  endfacet
  facet normal -0.19516 -0.980771 0
    outer loop
      vertex 15.4824 6.06815 0
      vertex 15.7389 6.01711 6.5
      vertex 15.4824 6.06815 6.5
    endloop
  endfacet
  facet normal -0.19516 -0.980771 -0
    outer loop
      vertex 15.7389 6.01711 6.5
      vertex 15.4824 6.06815 0
      vertex 15.7389 6.01711 0
    endloop
  endfacet
  facet normal -0.321348 -0.946961 0
    outer loop
      vertex 15.2346 6.15224 0
      vertex 15.4824 6.06815 6.5
      vertex 15.2346 6.15224 6.5
    endloop
  endfacet
  facet normal -0.321348 -0.946961 -0
    outer loop
      vertex 15.4824 6.06815 6.5
      vertex 15.2346 6.15224 0
      vertex 15.4824 6.06815 0
    endloop
  endfacet
  facet normal -0.980814 -0.194947 0
    outer loop
      vertex 14.0681 7.48236 0
      vertex 14.0171 7.73895 6.5
      vertex 14.0171 7.73895 0
    endloop
  endfacet
  facet normal -0.980814 -0.194947 0
    outer loop
      vertex 14.0171 7.73895 6.5
      vertex 14.0681 7.48236 0
      vertex 14.0681 7.48236 6.5
    endloop
  endfacet
  facet normal -0.831368 -0.555723 0
    outer loop
      vertex 14.4133 6.78248 0
      vertex 14.2679 7 6.5
      vertex 14.2679 7 0
    endloop
  endfacet
  facet normal -0.831368 -0.555723 0
    outer loop
      vertex 14.2679 7 6.5
      vertex 14.4133 6.78248 0
      vertex 14.4133 6.78248 6.5
    endloop
  endfacet
  facet normal 0.896731 0.442575 0
    outer loop
      vertex 17.8478 8.76537 6.5
      vertex 17.732 9 0
      vertex 17.732 9 6.5
    endloop
  endfacet
  facet normal 0.896731 0.442575 0
    outer loop
      vertex 17.732 9 0
      vertex 17.8478 8.76537 6.5
      vertex 17.8478 8.76537 0
    endloop
  endfacet
  facet normal 0.751826 0.659362 0
    outer loop
      vertex 17.5867 9.21752 6.5
      vertex 17.4142 9.41421 0
      vertex 17.4142 9.41421 6.5
    endloop
  endfacet
  facet normal 0.751826 0.659362 0
    outer loop
      vertex 17.4142 9.41421 0
      vertex 17.5867 9.21752 6.5
      vertex 17.5867 9.21752 0
    endloop
  endfacet
  facet normal 0.442344 0.896845 -0
    outer loop
      vertex 17 9.73205 0
      vertex 16.7654 9.84776 6.5
      vertex 17 9.73205 6.5
    endloop
  endfacet
  facet normal 0.442344 0.896845 0
    outer loop
      vertex 16.7654 9.84776 6.5
      vertex 17 9.73205 0
      vertex 16.7654 9.84776 0
    endloop
  endfacet
  facet normal 0 0 -1
    outer loop
      vertex 17.9829 7.73895 0
      vertex 17.9829 8.26105 0
      vertex 18 8 0
    endloop
  endfacet
  facet normal 0 0 -1
    outer loop
      vertex 17.9319 7.48236 0
      vertex 17.9829 8.26105 0
      vertex 17.9829 7.73895 0
    endloop
  endfacet
  facet normal 0 0 -1
    outer loop
      vertex 17.9319 7.48236 0
      vertex 17.9319 8.51764 0
      vertex 17.9829 8.26105 0
    endloop
  endfacet
  facet normal 0 0 -1
    outer loop
      vertex 17.8478 7.23463 0
      vertex 17.9319 8.51764 0
      vertex 17.9319 7.48236 0
    endloop
  endfacet
  facet normal 0 0 -1
    outer loop
      vertex 17.8478 7.23463 0
      vertex 17.8478 8.76537 0
      vertex 17.9319 8.51764 0
    endloop
  endfacet
  facet normal 0 0 -1
    outer loop
      vertex 17.732 7 0
      vertex 17.8478 8.76537 0
      vertex 17.8478 7.23463 0
    endloop
  endfacet
  facet normal 0 0 -1
    outer loop
      vertex 17.732 7 0
      vertex 17.732 9 0
      vertex 17.8478 8.76537 0
    endloop
  endfacet
  facet normal 0 0 -1
    outer loop
      vertex 17.5867 6.78248 0
      vertex 17.732 9 0
      vertex 17.732 7 0
    endloop
  endfacet
  facet normal 0 0 -1
    outer loop
      vertex 17.5867 6.78248 0
      vertex 17.5867 9.21752 0
      vertex 17.732 9 0
    endloop
  endfacet
  facet normal 0 0 -1
    outer loop
      vertex 17.4142 6.58579 0
      vertex 17.5867 9.21752 0
      vertex 17.5867 6.78248 0
    endloop
  endfacet
  facet normal 0 0 -1
    outer loop
      vertex 17.4142 6.58579 0
      vertex 17.4142 9.41421 0
      vertex 17.5867 9.21752 0
    endloop
  endfacet
  facet normal 0 0 -1
    outer loop
      vertex 17.2175 6.41329 0
      vertex 17.4142 9.41421 0
      vertex 17.4142 6.58579 0
    endloop
  endfacet
  facet normal 0 0 -1
    outer loop
      vertex 17.2175 6.41329 0
      vertex 17.2175 9.58671 0
      vertex 17.4142 9.41421 0
    endloop
  endfacet
  facet normal 0 0 -1
    outer loop
      vertex 17 6.26795 0
      vertex 17.2175 9.58671 0
      vertex 17.2175 6.41329 0
    endloop
  endfacet
  facet normal 0 0 -1
    outer loop
      vertex 17 6.26795 0
      vertex 17 9.73205 0
      vertex 17.2175 9.58671 0
    endloop
  endfacet
  facet normal 0 0 -1
    outer loop
      vertex 16.7654 6.15224 0
      vertex 17 9.73205 0
      vertex 17 6.26795 0
    endloop
  endfacet
  facet normal 0 0 -1
    outer loop
      vertex 16.7654 6.15224 0
      vertex 16.7654 9.84776 0
      vertex 17 9.73205 0
    endloop
  endfacet
  facet normal 0 0 -1
    outer loop
      vertex 16.5176 6.06815 0
      vertex 16.7654 9.84776 0
      vertex 16.7654 6.15224 0
    endloop
  endfacet
  facet normal 0 0 -1
    outer loop
      vertex 16.5176 6.06815 0
      vertex 16.5176 9.93185 0
      vertex 16.7654 9.84776 0
    endloop
  endfacet
  facet normal 0 0 -1
    outer loop
      vertex 16.2611 6.01711 0
      vertex 16.5176 9.93185 0
      vertex 16.5176 6.06815 0
    endloop
  endfacet
  facet normal 0 0 -1
    outer loop
      vertex 16.2611 6.01711 0
      vertex 16.2611 9.98289 0
      vertex 16.5176 9.93185 0
    endloop
  endfacet
  facet normal 0 0 -1
    outer loop
      vertex 16 6 0
      vertex 16.2611 9.98289 0
      vertex 16.2611 6.01711 0
    endloop
  endfacet
  facet normal 0 0 -1
    outer loop
      vertex 16 6 0
      vertex 16 10 0
      vertex 16.2611 9.98289 0
    endloop
  endfacet
  facet normal 0 0 -1
    outer loop
      vertex 15.7389 6.01711 0
      vertex 16 10 0
      vertex 16 6 0
    endloop
  endfacet
  facet normal 0 0 -1
    outer loop
      vertex 15.7389 6.01711 0
      vertex 15.7389 9.98289 0
      vertex 16 10 0
    endloop
  endfacet
  facet normal 0 0 -1
    outer loop
      vertex 15.4824 6.06815 0
      vertex 15.7389 9.98289 0
      vertex 15.7389 6.01711 0
    endloop
  endfacet
  facet normal 0 0 -1
    outer loop
      vertex 15.4824 6.06815 0
      vertex 15.4824 9.93185 0
      vertex 15.7389 9.98289 0
    endloop
  endfacet
  facet normal 0 0 -1
    outer loop
      vertex 15.2346 6.15224 0
      vertex 15.4824 9.93185 0
      vertex 15.4824 6.06815 0
    endloop
  endfacet
  facet normal 0 0 -1
    outer loop
      vertex 15.2346 6.15224 0
      vertex 15.2346 9.84776 0
      vertex 15.4824 9.93185 0
    endloop
  endfacet
  facet normal 0 0 -1
    outer loop
      vertex 15 6.26795 0
      vertex 15.2346 9.84776 0
      vertex 15.2346 6.15224 0
    endloop
  endfacet
  facet normal 0 0 -1
    outer loop
      vertex 15 6.26795 0
      vertex 15 9.73205 0
      vertex 15.2346 9.84776 0
    endloop
  endfacet
  facet normal 0 0 -1
    outer loop
      vertex 14.7825 6.41329 0
      vertex 15 9.73205 0
      vertex 15 6.26795 0
    endloop
  endfacet
  facet normal 0 0 -1
    outer loop
      vertex 14.7825 6.41329 0
      vertex 14.7825 9.58671 0
      vertex 15 9.73205 0
    endloop
  endfacet
  facet normal 0 0 -1
    outer loop
      vertex 14.5858 6.58579 0
      vertex 14.7825 9.58671 0
      vertex 14.7825 6.41329 0
    endloop
  endfacet
  facet normal 0 0 -1
    outer loop
      vertex 14.5858 6.58579 0
      vertex 14.5858 9.41421 0
      vertex 14.7825 9.58671 0
    endloop
  endfacet
  facet normal 0 0 -1
    outer loop
      vertex 14.4133 6.78248 0
      vertex 14.5858 9.41421 0
      vertex 14.5858 6.58579 0
    endloop
  endfacet
  facet normal 0 0 -1
    outer loop
      vertex 14.4133 6.78248 0
      vertex 14.4133 9.21752 0
      vertex 14.5858 9.41421 0
    endloop
  endfacet
  facet normal 0 0 -1
    outer loop
      vertex 14.2679 7 0
      vertex 14.4133 9.21752 0
      vertex 14.4133 6.78248 0
    endloop
  endfacet
  facet normal 0 0 -1
    outer loop
      vertex 14.2679 7 0
      vertex 14.2679 9 0
      vertex 14.4133 9.21752 0
    endloop
  endfacet
  facet normal 0 0 -1
    outer loop
      vertex 14.1522 7.23463 0
      vertex 14.2679 9 0
      vertex 14.2679 7 0
    endloop
  endfacet
  facet normal 0 0 -1
    outer loop
      vertex 14.1522 7.23463 0
      vertex 14.1522 8.76537 0
      vertex 14.2679 9 0
    endloop
  endfacet
  facet normal 0 0 -1
    outer loop
      vertex 14.0681 7.48236 0
      vertex 14.1522 8.76537 0
      vertex 14.1522 7.23463 0
    endloop
  endfacet
  facet normal 0 0 -1
    outer loop
      vertex 14.0681 7.48236 0
      vertex 14.0681 8.51764 0
      vertex 14.1522 8.76537 0
    endloop
  endfacet
  facet normal 0 0 -1
    outer loop
      vertex 14.0171 7.73895 0
      vertex 14.0681 8.51764 0
      vertex 14.0681 7.48236 0
    endloop
  endfacet
  facet normal 0 0 -1
    outer loop
      vertex 14.0171 7.73895 0
      vertex 14.0171 8.26105 0
      vertex 14.0681 8.51764 0
    endloop
  endfacet
  facet normal 0 -0 -1
    outer loop
      vertex 14.0171 8.26105 0
      vertex 14.0171 7.73895 0
      vertex 14 8 0
    endloop
  endfacet
  facet normal -0.946922 0.321463 0
    outer loop
      vertex 14.0681 8.51764 0
      vertex 14.1522 8.76537 6.5
      vertex 14.1522 8.76537 0
    endloop
  endfacet
  facet normal -0.946922 0.321463 0
    outer loop
      vertex 14.1522 8.76537 6.5
      vertex 14.0681 8.51764 0
      vertex 14.0681 8.51764 6.5
    endloop
  endfacet
  facet normal -0.997861 0.0653646 0
    outer loop
      vertex 14 8 0
      vertex 14.0171 8.26105 6.5
      vertex 14.0171 8.26105 0
    endloop
  endfacet
  facet normal -0.997861 0.0653646 0
    outer loop
      vertex 14.0171 8.26105 6.5
      vertex 14 8 0
      vertex 14 8 6.5
    endloop
  endfacet
  facet normal -0.659343 0.751842 0
    outer loop
      vertex 14.7825 9.58671 0
      vertex 14.5858 9.41421 6.5
      vertex 14.7825 9.58671 6.5
    endloop
  endfacet
  facet normal -0.659343 0.751842 0
    outer loop
      vertex 14.5858 9.41421 6.5
      vertex 14.7825 9.58671 0
      vertex 14.5858 9.41421 0
    endloop
  endfacet
  facet normal 0.659343 -0.751842 0
    outer loop
      vertex 17.2175 6.41329 0
      vertex 17.4142 6.58579 6.5
      vertex 17.2175 6.41329 6.5
    endloop
  endfacet
  facet normal 0.659343 -0.751842 0
    outer loop
      vertex 17.4142 6.58579 6.5
      vertex 17.2175 6.41329 0
      vertex 17.4142 6.58579 0
    endloop
  endfacet
  facet normal 0.946922 -0.321463 0
    outer loop
      vertex 17.8478 7.23463 6.5
      vertex 17.9319 7.48236 0
      vertex 17.9319 7.48236 6.5
    endloop
  endfacet
  facet normal 0.946922 -0.321463 0
    outer loop
      vertex 17.9319 7.48236 0
      vertex 17.8478 7.23463 6.5
      vertex 17.8478 7.23463 0
    endloop
  endfacet
  facet normal 0.831544 -0.555459 0
    outer loop
      vertex 17.5867 6.78248 6.5
      vertex 17.732 7 0
      vertex 17.732 7 6.5
    endloop
  endfacet
  facet normal 0.831544 -0.555459 0
    outer loop
      vertex 17.732 7 0
      vertex 17.5867 6.78248 6.5
      vertex 17.5867 6.78248 0
    endloop
  endfacet
  facet normal 0.896731 -0.442575 0
    outer loop
      vertex 17.732 7 6.5
      vertex 17.8478 7.23463 0
      vertex 17.8478 7.23463 6.5
    endloop
  endfacet
  facet normal 0.896731 -0.442575 0
    outer loop
      vertex 17.8478 7.23463 0
      vertex 17.732 7 6.5
      vertex 17.732 7 0
    endloop
  endfacet
  facet normal -0.0653902 -0.99786 0
    outer loop
      vertex 15.7389 6.01711 0
      vertex 16 6 6.5
      vertex 15.7389 6.01711 6.5
    endloop
  endfacet
  facet normal -0.0653902 -0.99786 -0
    outer loop
      vertex 16 6 6.5
      vertex 15.7389 6.01711 0
      vertex 16 6 0
    endloop
  endfacet
  facet normal -0.5556 -0.83145 0
    outer loop
      vertex 14.7825 6.41329 0
      vertex 15 6.26795 6.5
      vertex 14.7825 6.41329 6.5
    endloop
  endfacet
  facet normal -0.5556 -0.83145 -0
    outer loop
      vertex 15 6.26795 6.5
      vertex 14.7825 6.41329 0
      vertex 15 6.26795 0
    endloop
  endfacet
  facet normal 0.0653902 -0.99786 0
    outer loop
      vertex 16 6 0
      vertex 16.2611 6.01711 6.5
      vertex 16 6 6.5
    endloop
  endfacet
  facet normal 0.0653902 -0.99786 0
    outer loop
      vertex 16.2611 6.01711 6.5
      vertex 16 6 0
      vertex 16.2611 6.01711 0
    endloop
  endfacet
  facet normal -0.442344 -0.896845 0
    outer loop
      vertex 15 6.26795 0
      vertex 15.2346 6.15224 6.5
      vertex 15 6.26795 6.5
    endloop
  endfacet
  facet normal -0.442344 -0.896845 -0
    outer loop
      vertex 15.2346 6.15224 6.5
      vertex 15 6.26795 0
      vertex 15.2346 6.15224 0
    endloop
  endfacet
  facet normal -0.659343 -0.751842 0
    outer loop
      vertex 14.5858 6.58579 0
      vertex 14.7825 6.41329 6.5
      vertex 14.5858 6.58579 6.5
    endloop
  endfacet
  facet normal -0.659343 -0.751842 -0
    outer loop
      vertex 14.7825 6.41329 6.5
      vertex 14.5858 6.58579 0
      vertex 14.7825 6.41329 0
    endloop
  endfacet
  facet normal -0.946922 -0.321463 0
    outer loop
      vertex 14.1522 7.23463 0
      vertex 14.0681 7.48236 6.5
      vertex 14.0681 7.48236 0
    endloop
  endfacet
  facet normal -0.946922 -0.321463 0
    outer loop
      vertex 14.0681 7.48236 6.5
      vertex 14.1522 7.23463 0
      vertex 14.1522 7.23463 6.5
    endloop
  endfacet
  facet normal -0.896883 -0.442268 0
    outer loop
      vertex 14.2679 7 0
      vertex 14.1522 7.23463 6.5
      vertex 14.1522 7.23463 0
    endloop
  endfacet
  facet normal -0.896883 -0.442268 0
    outer loop
      vertex 14.1522 7.23463 6.5
      vertex 14.2679 7 0
      vertex 14.2679 7 6.5
    endloop
  endfacet
  facet normal 0.19516 0.980771 -0
    outer loop
      vertex 16.5176 9.93185 0
      vertex 16.2611 9.98289 6.5
      vertex 16.5176 9.93185 6.5
    endloop
  endfacet
  facet normal 0.19516 0.980771 0
    outer loop
      vertex 16.2611 9.98289 6.5
      vertex 16.5176 9.93185 0
      vertex 16.2611 9.98289 0
    endloop
  endfacet
  facet normal 0 0 1
    outer loop
      vertex 17.9829 8.26105 6.5
      vertex 17.9829 7.73895 6.5
      vertex 18 8 6.5
    endloop
  endfacet
  facet normal 0 0 1
    outer loop
      vertex 17.9319 8.51764 6.5
      vertex 17.9829 7.73895 6.5
      vertex 17.9829 8.26105 6.5
    endloop
  endfacet
  facet normal 0 0 1
    outer loop
      vertex 17.9319 8.51764 6.5
      vertex 17.9319 7.48236 6.5
      vertex 17.9829 7.73895 6.5
    endloop
  endfacet
  facet normal 0 0 1
    outer loop
      vertex 17.8478 8.76537 6.5
      vertex 17.9319 7.48236 6.5
      vertex 17.9319 8.51764 6.5
    endloop
  endfacet
  facet normal 0 0 1
    outer loop
      vertex 17.8478 8.76537 6.5
      vertex 17.8478 7.23463 6.5
      vertex 17.9319 7.48236 6.5
    endloop
  endfacet
  facet normal 0 0 1
    outer loop
      vertex 17.732 9 6.5
      vertex 17.8478 7.23463 6.5
      vertex 17.8478 8.76537 6.5
    endloop
  endfacet
  facet normal 0 0 1
    outer loop
      vertex 17.732 9 6.5
      vertex 17.732 7 6.5
      vertex 17.8478 7.23463 6.5
    endloop
  endfacet
  facet normal 0 0 1
    outer loop
      vertex 17.5867 9.21752 6.5
      vertex 17.732 7 6.5
      vertex 17.732 9 6.5
    endloop
  endfacet
  facet normal 0 0 1
    outer loop
      vertex 17.5867 9.21752 6.5
      vertex 17.5867 6.78248 6.5
      vertex 17.732 7 6.5
    endloop
  endfacet
  facet normal 0 0 1
    outer loop
      vertex 17.4142 9.41421 6.5
      vertex 17.5867 6.78248 6.5
      vertex 17.5867 9.21752 6.5
    endloop
  endfacet
  facet normal 0 0 1
    outer loop
      vertex 17.4142 9.41421 6.5
      vertex 17.4142 6.58579 6.5
      vertex 17.5867 6.78248 6.5
    endloop
  endfacet
  facet normal 0 0 1
    outer loop
      vertex 17.2175 9.58671 6.5
      vertex 17.4142 6.58579 6.5
      vertex 17.4142 9.41421 6.5
    endloop
  endfacet
  facet normal 0 0 1
    outer loop
      vertex 17.2175 9.58671 6.5
      vertex 17.2175 6.41329 6.5
      vertex 17.4142 6.58579 6.5
    endloop
  endfacet
  facet normal 0 0 1
    outer loop
      vertex 17 9.73205 6.5
      vertex 17.2175 6.41329 6.5
      vertex 17.2175 9.58671 6.5
    endloop
  endfacet
  facet normal 0 0 1
    outer loop
      vertex 17 9.73205 6.5
      vertex 17 6.26795 6.5
      vertex 17.2175 6.41329 6.5
    endloop
  endfacet
  facet normal 0 0 1
    outer loop
      vertex 16.7654 9.84776 6.5
      vertex 17 6.26795 6.5
      vertex 17 9.73205 6.5
    endloop
  endfacet
  facet normal 0 0 1
    outer loop
      vertex 16.7654 9.84776 6.5
      vertex 16.7654 6.15224 6.5
      vertex 17 6.26795 6.5
    endloop
  endfacet
  facet normal 0 0 1
    outer loop
      vertex 16.5176 9.93185 6.5
      vertex 16.7654 6.15224 6.5
      vertex 16.7654 9.84776 6.5
    endloop
  endfacet
  facet normal 0 0 1
    outer loop
      vertex 16.5176 9.93185 6.5
      vertex 16.5176 6.06815 6.5
      vertex 16.7654 6.15224 6.5
    endloop
  endfacet
  facet normal 0 0 1
    outer loop
      vertex 16.2611 9.98289 6.5
      vertex 16.5176 6.06815 6.5
      vertex 16.5176 9.93185 6.5
    endloop
  endfacet
  facet normal 0 0 1
    outer loop
      vertex 16.2611 9.98289 6.5
      vertex 16.2611 6.01711 6.5
      vertex 16.5176 6.06815 6.5
    endloop
  endfacet
  facet normal 0 0 1
    outer loop
      vertex 16 10 6.5
      vertex 16.2611 6.01711 6.5
      vertex 16.2611 9.98289 6.5
    endloop
  endfacet
  facet normal 0 0 1
    outer loop
      vertex 16 10 6.5
      vertex 16 6 6.5
      vertex 16.2611 6.01711 6.5
    endloop
  endfacet
  facet normal -0 0 1
    outer loop
      vertex 15.7389 9.98289 6.5
      vertex 16 6 6.5
      vertex 16 10 6.5
    endloop
  endfacet
  facet normal 0 0 1
    outer loop
      vertex 15.7389 9.98289 6.5
      vertex 15.7389 6.01711 6.5
      vertex 16 6 6.5
    endloop
  endfacet
  facet normal -0 0 1
    outer loop
      vertex 15.4824 9.93185 6.5
      vertex 15.7389 6.01711 6.5
      vertex 15.7389 9.98289 6.5
    endloop
  endfacet
  facet normal 0 0 1
    outer loop
      vertex 15.4824 9.93185 6.5
      vertex 15.4824 6.06815 6.5
      vertex 15.7389 6.01711 6.5
    endloop
  endfacet
  facet normal -0 0 1
    outer loop
      vertex 15.2346 9.84776 6.5
      vertex 15.4824 6.06815 6.5
      vertex 15.4824 9.93185 6.5
    endloop
  endfacet
  facet normal 0 0 1
    outer loop
      vertex 15.2346 9.84776 6.5
      vertex 15.2346 6.15224 6.5
      vertex 15.4824 6.06815 6.5
    endloop
  endfacet
  facet normal -0 0 1
    outer loop
      vertex 15 9.73205 6.5
      vertex 15.2346 6.15224 6.5
      vertex 15.2346 9.84776 6.5
    endloop
  endfacet
  facet normal 0 0 1
    outer loop
      vertex 15 9.73205 6.5
      vertex 15 6.26795 6.5
      vertex 15.2346 6.15224 6.5
    endloop
  endfacet
  facet normal -0 0 1
    outer loop
      vertex 14.7825 9.58671 6.5
      vertex 15 6.26795 6.5
      vertex 15 9.73205 6.5
    endloop
  endfacet
  facet normal 0 0 1
    outer loop
      vertex 14.7825 9.58671 6.5
      vertex 14.7825 6.41329 6.5
      vertex 15 6.26795 6.5
    endloop
  endfacet
  facet normal -0 0 1
    outer loop
      vertex 14.5858 9.41421 6.5
      vertex 14.7825 6.41329 6.5
      vertex 14.7825 9.58671 6.5
    endloop
  endfacet
  facet normal 0 0 1
    outer loop
      vertex 14.5858 9.41421 6.5
      vertex 14.5858 6.58579 6.5
      vertex 14.7825 6.41329 6.5
    endloop
  endfacet
  facet normal -0 0 1
    outer loop
      vertex 14.4133 9.21752 6.5
      vertex 14.5858 6.58579 6.5
      vertex 14.5858 9.41421 6.5
    endloop
  endfacet
  facet normal 0 0 1
    outer loop
      vertex 14.4133 9.21752 6.5
      vertex 14.4133 6.78248 6.5
      vertex 14.5858 6.58579 6.5
    endloop
  endfacet
  facet normal -0 0 1
    outer loop
      vertex 14.2679 9 6.5
      vertex 14.4133 6.78248 6.5
      vertex 14.4133 9.21752 6.5
    endloop
  endfacet
  facet normal 0 0 1
    outer loop
      vertex 14.2679 9 6.5
      vertex 14.2679 7 6.5
      vertex 14.4133 6.78248 6.5
    endloop
  endfacet
  facet normal -0 0 1
    outer loop
      vertex 14.1522 8.76537 6.5
      vertex 14.2679 7 6.5
      vertex 14.2679 9 6.5
    endloop
  endfacet
  facet normal 0 0 1
    outer loop
      vertex 14.1522 8.76537 6.5
      vertex 14.1522 7.23463 6.5
      vertex 14.2679 7 6.5
    endloop
  endfacet
  facet normal -0 0 1
    outer loop
      vertex 14.0681 8.51764 6.5
      vertex 14.1522 7.23463 6.5
      vertex 14.1522 8.76537 6.5
    endloop
  endfacet
  facet normal 0 0 1
    outer loop
      vertex 14.0681 8.51764 6.5
      vertex 14.0681 7.48236 6.5
      vertex 14.1522 7.23463 6.5
    endloop
  endfacet
  facet normal -0 0 1
    outer loop
      vertex 14.0171 8.26105 6.5
      vertex 14.0681 7.48236 6.5
      vertex 14.0681 8.51764 6.5
    endloop
  endfacet
  facet normal 0 0 1
    outer loop
      vertex 14.0171 8.26105 6.5
      vertex 14.0171 7.73895 6.5
      vertex 14.0681 7.48236 6.5
    endloop
  endfacet
  facet normal 0 -0 1
    outer loop
      vertex 14.0171 7.73895 6.5
      vertex 14.0171 8.26105 6.5
      vertex 14 8 6.5
    endloop
  endfacet
  facet normal -0.321348 0.946961 0
    outer loop
      vertex 15.4824 9.93185 0
      vertex 15.2346 9.84776 6.5
      vertex 15.4824 9.93185 6.5
    endloop
  endfacet
  facet normal -0.321348 0.946961 0
    outer loop
      vertex 15.2346 9.84776 6.5
      vertex 15.4824 9.93185 0
      vertex 15.2346 9.84776 0
    endloop
  endfacet
  facet normal 0.442344 -0.896845 0
    outer loop
      vertex 16.7654 6.15224 0
      vertex 17 6.26795 6.5
      vertex 16.7654 6.15224 6.5
    endloop
  endfacet
  facet normal 0.442344 -0.896845 0
    outer loop
      vertex 17 6.26795 6.5
      vertex 16.7654 6.15224 0
      vertex 17 6.26795 0
    endloop
  endfacet
  facet normal 0.997861 0.0653646 0
    outer loop
      vertex 26 8 6.5
      vertex 25.9829 8.26105 0
      vertex 25.9829 8.26105 6.5
    endloop
  endfacet
  facet normal 0.997861 0.0653646 0
    outer loop
      vertex 25.9829 8.26105 0
      vertex 26 8 6.5
      vertex 26 8 0
    endloop
  endfacet
  facet normal -0.0653902 0.99786 0
    outer loop
      vertex 24 10 0
      vertex 23.7389 9.98289 6.5
      vertex 24 10 6.5
    endloop
  endfacet
  facet normal -0.0653902 0.99786 0
    outer loop
      vertex 23.7389 9.98289 6.5
      vertex 24 10 0
      vertex 23.7389 9.98289 0
    endloop
  endfacet
  facet normal 0.659343 0.751842 -0
    outer loop
      vertex 25.4142 9.41421 0
      vertex 25.2175 9.58671 6.5
      vertex 25.4142 9.41421 6.5
    endloop
  endfacet
  facet normal 0.659343 0.751842 0
    outer loop
      vertex 25.2175 9.58671 6.5
      vertex 25.4142 9.41421 0
      vertex 25.2175 9.58671 0
    endloop
  endfacet
  facet normal -0.751826 0.659362 0
    outer loop
      vertex 22.4133 9.21752 0
      vertex 22.5858 9.41421 6.5
      vertex 22.5858 9.41421 0
    endloop
  endfacet
  facet normal -0.751826 0.659362 0
    outer loop
      vertex 22.5858 9.41421 6.5
      vertex 22.4133 9.21752 0
      vertex 22.4133 9.21752 6.5
    endloop
  endfacet
  facet normal -0.442344 0.896845 0
    outer loop
      vertex 23.2346 9.84776 0
      vertex 23 9.73205 6.5
      vertex 23.2346 9.84776 6.5
    endloop
  endfacet
  facet normal -0.442344 0.896845 0
    outer loop
      vertex 23 9.73205 6.5
      vertex 23.2346 9.84776 0
      vertex 23 9.73205 0
    endloop
  endfacet
  facet normal -0.751826 -0.659362 0
    outer loop
      vertex 22.5858 6.58579 0
      vertex 22.4133 6.78248 6.5
      vertex 22.4133 6.78248 0
    endloop
  endfacet
  facet normal -0.751826 -0.659362 0
    outer loop
      vertex 22.4133 6.78248 6.5
      vertex 22.5858 6.58579 0
      vertex 22.5858 6.58579 6.5
    endloop
  endfacet
  facet normal 0.946922 0.321463 0
    outer loop
      vertex 25.9319 8.51764 6.5
      vertex 25.8478 8.76537 0
      vertex 25.8478 8.76537 6.5
    endloop
  endfacet
  facet normal 0.946922 0.321463 0
    outer loop
      vertex 25.8478 8.76537 0
      vertex 25.9319 8.51764 6.5
      vertex 25.9319 8.51764 0
    endloop
  endfacet
  facet normal 0.980814 0.194947 0
    outer loop
      vertex 25.9829 8.26105 6.5
      vertex 25.9319 8.51764 0
      vertex 25.9319 8.51764 6.5
    endloop
  endfacet
  facet normal 0.980814 0.194947 0
    outer loop
      vertex 25.9319 8.51764 0
      vertex 25.9829 8.26105 6.5
      vertex 25.9829 8.26105 0
    endloop
  endfacet
  facet normal 0.831544 0.555459 0
    outer loop
      vertex 25.732 9 6.5
      vertex 25.5867 9.21752 0
      vertex 25.5867 9.21752 6.5
    endloop
  endfacet
  facet normal 0.831544 0.555459 0
    outer loop
      vertex 25.5867 9.21752 0
      vertex 25.732 9 6.5
      vertex 25.732 9 0
    endloop
  endfacet
  facet normal 0.321348 0.946961 -0
    outer loop
      vertex 24.7654 9.84776 0
      vertex 24.5176 9.93185 6.5
      vertex 24.7654 9.84776 6.5
    endloop
  endfacet
  facet normal 0.321348 0.946961 0
    outer loop
      vertex 24.5176 9.93185 6.5
      vertex 24.7654 9.84776 0
      vertex 24.5176 9.93185 0
    endloop
  endfacet
  facet normal 0.0653902 0.99786 -0
    outer loop
      vertex 24.2611 9.98289 0
      vertex 24 10 6.5
      vertex 24.2611 9.98289 6.5
    endloop
  endfacet
  facet normal 0.0653902 0.99786 0
    outer loop
      vertex 24 10 6.5
      vertex 24.2611 9.98289 0
      vertex 24 10 0
    endloop
  endfacet
  facet normal 0.5556 0.83145 -0
    outer loop
      vertex 25.2175 9.58671 0
      vertex 25 9.73205 6.5
      vertex 25.2175 9.58671 6.5
    endloop
  endfacet
  facet normal 0.5556 0.83145 0
    outer loop
      vertex 25 9.73205 6.5
      vertex 25.2175 9.58671 0
      vertex 25 9.73205 0
    endloop
  endfacet
  facet normal -0.896883 0.442268 0
    outer loop
      vertex 22.1522 8.76537 0
      vertex 22.2679 9 6.5
      vertex 22.2679 9 0
    endloop
  endfacet
  facet normal -0.896883 0.442268 0
    outer loop
      vertex 22.2679 9 6.5
      vertex 22.1522 8.76537 0
      vertex 22.1522 8.76537 6.5
    endloop
  endfacet
  facet normal -0.831368 0.555723 0
    outer loop
      vertex 22.2679 9 0
      vertex 22.4133 9.21752 6.5
      vertex 22.4133 9.21752 0
    endloop
  endfacet
  facet normal -0.831368 0.555723 0
    outer loop
      vertex 22.4133 9.21752 6.5
      vertex 22.2679 9 0
      vertex 22.2679 9 6.5
    endloop
  endfacet
  facet normal -0.980814 0.194947 0
    outer loop
      vertex 22.0171 8.26105 0
      vertex 22.0681 8.51764 6.5
      vertex 22.0681 8.51764 0
    endloop
  endfacet
  facet normal -0.980814 0.194947 0
    outer loop
      vertex 22.0681 8.51764 6.5
      vertex 22.0171 8.26105 0
      vertex 22.0171 8.26105 6.5
    endloop
  endfacet
  facet normal -0.997861 -0.0653646 0
    outer loop
      vertex 22.0171 7.73895 0
      vertex 22 8 6.5
      vertex 22 8 0
    endloop
  endfacet
  facet normal -0.997861 -0.0653646 0
    outer loop
      vertex 22 8 6.5
      vertex 22.0171 7.73895 0
      vertex 22.0171 7.73895 6.5
    endloop
  endfacet
  facet normal -0.5556 0.83145 0
    outer loop
      vertex 23 9.73205 0
      vertex 22.7825 9.58671 6.5
      vertex 23 9.73205 6.5
    endloop
  endfacet
  facet normal -0.5556 0.83145 0
    outer loop
      vertex 22.7825 9.58671 6.5
      vertex 23 9.73205 0
      vertex 22.7825 9.58671 0
    endloop
  endfacet
  facet normal -0.19516 0.980771 0
    outer loop
      vertex 23.7389 9.98289 0
      vertex 23.4824 9.93185 6.5
      vertex 23.7389 9.98289 6.5
    endloop
  endfacet
  facet normal -0.19516 0.980771 0
    outer loop
      vertex 23.4824 9.93185 6.5
      vertex 23.7389 9.98289 0
      vertex 23.4824 9.93185 0
    endloop
  endfacet
  facet normal 0.997861 -0.0653646 0
    outer loop
      vertex 25.9829 7.73895 6.5
      vertex 26 8 0
      vertex 26 8 6.5
    endloop
  endfacet
  facet normal 0.997861 -0.0653646 0
    outer loop
      vertex 26 8 0
      vertex 25.9829 7.73895 6.5
      vertex 25.9829 7.73895 0
    endloop
  endfacet
  facet normal 0.321348 -0.946961 0
    outer loop
      vertex 24.5176 6.06815 0
      vertex 24.7654 6.15224 6.5
      vertex 24.5176 6.06815 6.5
    endloop
  endfacet
  facet normal 0.321348 -0.946961 0
    outer loop
      vertex 24.7654 6.15224 6.5
      vertex 24.5176 6.06815 0
      vertex 24.7654 6.15224 0
    endloop
  endfacet
  facet normal 0.19516 -0.980771 0
    outer loop
      vertex 24.2611 6.01711 0
      vertex 24.5176 6.06815 6.5
      vertex 24.2611 6.01711 6.5
    endloop
  endfacet
  facet normal 0.19516 -0.980771 0
    outer loop
      vertex 24.5176 6.06815 6.5
      vertex 24.2611 6.01711 0
      vertex 24.5176 6.06815 0
    endloop
  endfacet
  facet normal 0.751826 -0.659362 0
    outer loop
      vertex 25.4142 6.58579 6.5
      vertex 25.5867 6.78248 0
      vertex 25.5867 6.78248 6.5
    endloop
  endfacet
  facet normal 0.751826 -0.659362 0
    outer loop
      vertex 25.5867 6.78248 0
      vertex 25.4142 6.58579 6.5
      vertex 25.4142 6.58579 0
    endloop
  endfacet
  facet normal 0.5556 -0.83145 0
    outer loop
      vertex 25 6.26795 0
      vertex 25.2175 6.41329 6.5
      vertex 25 6.26795 6.5
    endloop
  endfacet
  facet normal 0.5556 -0.83145 0
    outer loop
      vertex 25.2175 6.41329 6.5
      vertex 25 6.26795 0
      vertex 25.2175 6.41329 0
    endloop
  endfacet
  facet normal 0.980814 -0.194947 0
    outer loop
      vertex 25.9319 7.48236 6.5
      vertex 25.9829 7.73895 0
      vertex 25.9829 7.73895 6.5
    endloop
  endfacet
  facet normal 0.980814 -0.194947 0
    outer loop
      vertex 25.9829 7.73895 0
      vertex 25.9319 7.48236 6.5
      vertex 25.9319 7.48236 0
    endloop
  endfacet
  facet normal -0.19516 -0.980771 0
    outer loop
      vertex 23.4824 6.06815 0
      vertex 23.7389 6.01711 6.5
      vertex 23.4824 6.06815 6.5
    endloop
  endfacet
  facet normal -0.19516 -0.980771 -0
    outer loop
      vertex 23.7389 6.01711 6.5
      vertex 23.4824 6.06815 0
      vertex 23.7389 6.01711 0
    endloop
  endfacet
  facet normal -0.321348 -0.946961 0
    outer loop
      vertex 23.2346 6.15224 0
      vertex 23.4824 6.06815 6.5
      vertex 23.2346 6.15224 6.5
    endloop
  endfacet
  facet normal -0.321348 -0.946961 -0
    outer loop
      vertex 23.4824 6.06815 6.5
      vertex 23.2346 6.15224 0
      vertex 23.4824 6.06815 0
    endloop
  endfacet
  facet normal -0.980814 -0.194947 0
    outer loop
      vertex 22.0681 7.48236 0
      vertex 22.0171 7.73895 6.5
      vertex 22.0171 7.73895 0
    endloop
  endfacet
  facet normal -0.980814 -0.194947 0
    outer loop
      vertex 22.0171 7.73895 6.5
      vertex 22.0681 7.48236 0
      vertex 22.0681 7.48236 6.5
    endloop
  endfacet
  facet normal -0.831368 -0.555723 0
    outer loop
      vertex 22.4133 6.78248 0
      vertex 22.2679 7 6.5
      vertex 22.2679 7 0
    endloop
  endfacet
  facet normal -0.831368 -0.555723 0
    outer loop
      vertex 22.2679 7 6.5
      vertex 22.4133 6.78248 0
      vertex 22.4133 6.78248 6.5
    endloop
  endfacet
  facet normal 0.896731 0.442575 0
    outer loop
      vertex 25.8478 8.76537 6.5
      vertex 25.732 9 0
      vertex 25.732 9 6.5
    endloop
  endfacet
  facet normal 0.896731 0.442575 0
    outer loop
      vertex 25.732 9 0
      vertex 25.8478 8.76537 6.5
      vertex 25.8478 8.76537 0
    endloop
  endfacet
  facet normal 0.19516 0.980771 -0
    outer loop
      vertex 24.5176 9.93185 0
      vertex 24.2611 9.98289 6.5
      vertex 24.5176 9.93185 6.5
    endloop
  endfacet
  facet normal 0.19516 0.980771 0
    outer loop
      vertex 24.2611 9.98289 6.5
      vertex 24.5176 9.93185 0
      vertex 24.2611 9.98289 0
    endloop
  endfacet
  facet normal 0 0 -1
    outer loop
      vertex 25.9829 7.73895 0
      vertex 25.9829 8.26105 0
      vertex 26 8 0
    endloop
  endfacet
  facet normal 0 0 -1
    outer loop
      vertex 25.9319 7.48236 0
      vertex 25.9829 8.26105 0
      vertex 25.9829 7.73895 0
    endloop
  endfacet
  facet normal 0 0 -1
    outer loop
      vertex 25.9319 7.48236 0
      vertex 25.9319 8.51764 0
      vertex 25.9829 8.26105 0
    endloop
  endfacet
  facet normal 0 0 -1
    outer loop
      vertex 25.8478 7.23463 0
      vertex 25.9319 8.51764 0
      vertex 25.9319 7.48236 0
    endloop
  endfacet
  facet normal 0 0 -1
    outer loop
      vertex 25.8478 7.23463 0
      vertex 25.8478 8.76537 0
      vertex 25.9319 8.51764 0
    endloop
  endfacet
  facet normal 0 0 -1
    outer loop
      vertex 25.732 7 0
      vertex 25.8478 8.76537 0
      vertex 25.8478 7.23463 0
    endloop
  endfacet
  facet normal 0 0 -1
    outer loop
      vertex 25.732 7 0
      vertex 25.732 9 0
      vertex 25.8478 8.76537 0
    endloop
  endfacet
  facet normal 0 0 -1
    outer loop
      vertex 25.5867 6.78248 0
      vertex 25.732 9 0
      vertex 25.732 7 0
    endloop
  endfacet
  facet normal 0 0 -1
    outer loop
      vertex 25.5867 6.78248 0
      vertex 25.5867 9.21752 0
      vertex 25.732 9 0
    endloop
  endfacet
  facet normal 0 0 -1
    outer loop
      vertex 25.4142 6.58579 0
      vertex 25.5867 9.21752 0
      vertex 25.5867 6.78248 0
    endloop
  endfacet
  facet normal 0 0 -1
    outer loop
      vertex 25.4142 6.58579 0
      vertex 25.4142 9.41421 0
      vertex 25.5867 9.21752 0
    endloop
  endfacet
  facet normal 0 0 -1
    outer loop
      vertex 25.2175 6.41329 0
      vertex 25.4142 9.41421 0
      vertex 25.4142 6.58579 0
    endloop
  endfacet
  facet normal 0 0 -1
    outer loop
      vertex 25.2175 6.41329 0
      vertex 25.2175 9.58671 0
      vertex 25.4142 9.41421 0
    endloop
  endfacet
  facet normal 0 0 -1
    outer loop
      vertex 25 6.26795 0
      vertex 25.2175 9.58671 0
      vertex 25.2175 6.41329 0
    endloop
  endfacet
  facet normal 0 0 -1
    outer loop
      vertex 25 6.26795 0
      vertex 25 9.73205 0
      vertex 25.2175 9.58671 0
    endloop
  endfacet
  facet normal 0 0 -1
    outer loop
      vertex 24.7654 6.15224 0
      vertex 25 9.73205 0
      vertex 25 6.26795 0
    endloop
  endfacet
  facet normal 0 0 -1
    outer loop
      vertex 24.7654 6.15224 0
      vertex 24.7654 9.84776 0
      vertex 25 9.73205 0
    endloop
  endfacet
  facet normal 0 0 -1
    outer loop
      vertex 24.5176 6.06815 0
      vertex 24.7654 9.84776 0
      vertex 24.7654 6.15224 0
    endloop
  endfacet
  facet normal 0 0 -1
    outer loop
      vertex 24.5176 6.06815 0
      vertex 24.5176 9.93185 0
      vertex 24.7654 9.84776 0
    endloop
  endfacet
  facet normal 0 0 -1
    outer loop
      vertex 24.2611 6.01711 0
      vertex 24.5176 9.93185 0
      vertex 24.5176 6.06815 0
    endloop
  endfacet
  facet normal 0 0 -1
    outer loop
      vertex 24.2611 6.01711 0
      vertex 24.2611 9.98289 0
      vertex 24.5176 9.93185 0
    endloop
  endfacet
  facet normal 0 0 -1
    outer loop
      vertex 24 6 0
      vertex 24.2611 9.98289 0
      vertex 24.2611 6.01711 0
    endloop
  endfacet
  facet normal 0 0 -1
    outer loop
      vertex 24 6 0
      vertex 24 10 0
      vertex 24.2611 9.98289 0
    endloop
  endfacet
  facet normal 0 0 -1
    outer loop
      vertex 23.7389 6.01711 0
      vertex 24 10 0
      vertex 24 6 0
    endloop
  endfacet
  facet normal 0 0 -1
    outer loop
      vertex 23.7389 6.01711 0
      vertex 23.7389 9.98289 0
      vertex 24 10 0
    endloop
  endfacet
  facet normal 0 0 -1
    outer loop
      vertex 23.4824 6.06815 0
      vertex 23.7389 9.98289 0
      vertex 23.7389 6.01711 0
    endloop
  endfacet
  facet normal 0 0 -1
    outer loop
      vertex 23.4824 6.06815 0
      vertex 23.4824 9.93185 0
      vertex 23.7389 9.98289 0
    endloop
  endfacet
  facet normal 0 0 -1
    outer loop
      vertex 23.2346 6.15224 0
      vertex 23.4824 9.93185 0
      vertex 23.4824 6.06815 0
    endloop
  endfacet
  facet normal 0 0 -1
    outer loop
      vertex 23.2346 6.15224 0
      vertex 23.2346 9.84776 0
      vertex 23.4824 9.93185 0
    endloop
  endfacet
  facet normal 0 0 -1
    outer loop
      vertex 23 6.26795 0
      vertex 23.2346 9.84776 0
      vertex 23.2346 6.15224 0
    endloop
  endfacet
  facet normal 0 0 -1
    outer loop
      vertex 23 6.26795 0
      vertex 23 9.73205 0
      vertex 23.2346 9.84776 0
    endloop
  endfacet
  facet normal 0 0 -1
    outer loop
      vertex 22.7825 6.41329 0
      vertex 23 9.73205 0
      vertex 23 6.26795 0
    endloop
  endfacet
  facet normal 0 0 -1
    outer loop
      vertex 22.7825 6.41329 0
      vertex 22.7825 9.58671 0
      vertex 23 9.73205 0
    endloop
  endfacet
  facet normal 0 0 -1
    outer loop
      vertex 22.5858 6.58579 0
      vertex 22.7825 9.58671 0
      vertex 22.7825 6.41329 0
    endloop
  endfacet
  facet normal 0 0 -1
    outer loop
      vertex 22.5858 6.58579 0
      vertex 22.5858 9.41421 0
      vertex 22.7825 9.58671 0
    endloop
  endfacet
  facet normal 0 0 -1
    outer loop
      vertex 22.4133 6.78248 0
      vertex 22.5858 9.41421 0
      vertex 22.5858 6.58579 0
    endloop
  endfacet
  facet normal 0 0 -1
    outer loop
      vertex 22.4133 6.78248 0
      vertex 22.4133 9.21752 0
      vertex 22.5858 9.41421 0
    endloop
  endfacet
  facet normal 0 0 -1
    outer loop
      vertex 22.2679 7 0
      vertex 22.4133 9.21752 0
      vertex 22.4133 6.78248 0
    endloop
  endfacet
  facet normal 0 0 -1
    outer loop
      vertex 22.2679 7 0
      vertex 22.2679 9 0
      vertex 22.4133 9.21752 0
    endloop
  endfacet
  facet normal 0 0 -1
    outer loop
      vertex 22.1522 7.23463 0
      vertex 22.2679 9 0
      vertex 22.2679 7 0
    endloop
  endfacet
  facet normal 0 0 -1
    outer loop
      vertex 22.1522 7.23463 0
      vertex 22.1522 8.76537 0
      vertex 22.2679 9 0
    endloop
  endfacet
  facet normal 0 0 -1
    outer loop
      vertex 22.0681 7.48236 0
      vertex 22.1522 8.76537 0
      vertex 22.1522 7.23463 0
    endloop
  endfacet
  facet normal 0 0 -1
    outer loop
      vertex 22.0681 7.48236 0
      vertex 22.0681 8.51764 0
      vertex 22.1522 8.76537 0
    endloop
  endfacet
  facet normal 0 0 -1
    outer loop
      vertex 22.0171 7.73895 0
      vertex 22.0681 8.51764 0
      vertex 22.0681 7.48236 0
    endloop
  endfacet
  facet normal 0 0 -1
    outer loop
      vertex 22.0171 7.73895 0
      vertex 22.0171 8.26105 0
      vertex 22.0681 8.51764 0
    endloop
  endfacet
  facet normal 0 -0 -1
    outer loop
      vertex 22.0171 8.26105 0
      vertex 22.0171 7.73895 0
      vertex 22 8 0
    endloop
  endfacet
  facet normal -0.946922 0.321463 0
    outer loop
      vertex 22.0681 8.51764 0
      vertex 22.1522 8.76537 6.5
      vertex 22.1522 8.76537 0
    endloop
  endfacet
  facet normal -0.946922 0.321463 0
    outer loop
      vertex 22.1522 8.76537 6.5
      vertex 22.0681 8.51764 0
      vertex 22.0681 8.51764 6.5
    endloop
  endfacet
  facet normal 0.659343 -0.751842 0
    outer loop
      vertex 25.2175 6.41329 0
      vertex 25.4142 6.58579 6.5
      vertex 25.2175 6.41329 6.5
    endloop
  endfacet
  facet normal 0.659343 -0.751842 0
    outer loop
      vertex 25.4142 6.58579 6.5
      vertex 25.2175 6.41329 0
      vertex 25.4142 6.58579 0
    endloop
  endfacet
  facet normal 0.946922 -0.321463 0
    outer loop
      vertex 25.8478 7.23463 6.5
      vertex 25.9319 7.48236 0
      vertex 25.9319 7.48236 6.5
    endloop
  endfacet
  facet normal 0.946922 -0.321463 0
    outer loop
      vertex 25.9319 7.48236 0
      vertex 25.8478 7.23463 6.5
      vertex 25.8478 7.23463 0
    endloop
  endfacet
  facet normal 0.831544 -0.555459 0
    outer loop
      vertex 25.5867 6.78248 6.5
      vertex 25.732 7 0
      vertex 25.732 7 6.5
    endloop
  endfacet
  facet normal 0.831544 -0.555459 0
    outer loop
      vertex 25.732 7 0
      vertex 25.5867 6.78248 6.5
      vertex 25.5867 6.78248 0
    endloop
  endfacet
  facet normal 0.896731 -0.442575 0
    outer loop
      vertex 25.732 7 6.5
      vertex 25.8478 7.23463 0
      vertex 25.8478 7.23463 6.5
    endloop
  endfacet
  facet normal 0.896731 -0.442575 0
    outer loop
      vertex 25.8478 7.23463 0
      vertex 25.732 7 6.5
      vertex 25.732 7 0
    endloop
  endfacet
  facet normal -0.0653902 -0.99786 0
    outer loop
      vertex 23.7389 6.01711 0
      vertex 24 6 6.5
      vertex 23.7389 6.01711 6.5
    endloop
  endfacet
  facet normal -0.0653902 -0.99786 -0
    outer loop
      vertex 24 6 6.5
      vertex 23.7389 6.01711 0
      vertex 24 6 0
    endloop
  endfacet
  facet normal -0.5556 -0.83145 0
    outer loop
      vertex 22.7825 6.41329 0
      vertex 23 6.26795 6.5
      vertex 22.7825 6.41329 6.5
    endloop
  endfacet
  facet normal -0.5556 -0.83145 -0
    outer loop
      vertex 23 6.26795 6.5
      vertex 22.7825 6.41329 0
      vertex 23 6.26795 0
    endloop
  endfacet
  facet normal 0.0653902 -0.99786 0
    outer loop
      vertex 24 6 0
      vertex 24.2611 6.01711 6.5
      vertex 24 6 6.5
    endloop
  endfacet
  facet normal 0.0653902 -0.99786 0
    outer loop
      vertex 24.2611 6.01711 6.5
      vertex 24 6 0
      vertex 24.2611 6.01711 0
    endloop
  endfacet
  facet normal -0.442344 -0.896845 0
    outer loop
      vertex 23 6.26795 0
      vertex 23.2346 6.15224 6.5
      vertex 23 6.26795 6.5
    endloop
  endfacet
  facet normal -0.442344 -0.896845 -0
    outer loop
      vertex 23.2346 6.15224 6.5
      vertex 23 6.26795 0
      vertex 23.2346 6.15224 0
    endloop
  endfacet
  facet normal -0.659343 -0.751842 0
    outer loop
      vertex 22.5858 6.58579 0
      vertex 22.7825 6.41329 6.5
      vertex 22.5858 6.58579 6.5
    endloop
  endfacet
  facet normal -0.659343 -0.751842 -0
    outer loop
      vertex 22.7825 6.41329 6.5
      vertex 22.5858 6.58579 0
      vertex 22.7825 6.41329 0
    endloop
  endfacet
  facet normal -0.946922 -0.321463 0
    outer loop
      vertex 22.1522 7.23463 0
      vertex 22.0681 7.48236 6.5
      vertex 22.0681 7.48236 0
    endloop
  endfacet
  facet normal -0.946922 -0.321463 0
    outer loop
      vertex 22.0681 7.48236 6.5
      vertex 22.1522 7.23463 0
      vertex 22.1522 7.23463 6.5
    endloop
  endfacet
  facet normal -0.896883 -0.442268 0
    outer loop
      vertex 22.2679 7 0
      vertex 22.1522 7.23463 6.5
      vertex 22.1522 7.23463 0
    endloop
  endfacet
  facet normal -0.896883 -0.442268 0
    outer loop
      vertex 22.1522 7.23463 6.5
      vertex 22.2679 7 0
      vertex 22.2679 7 6.5
    endloop
  endfacet
  facet normal 0.751826 0.659362 0
    outer loop
      vertex 25.5867 9.21752 6.5
      vertex 25.4142 9.41421 0
      vertex 25.4142 9.41421 6.5
    endloop
  endfacet
  facet normal 0.751826 0.659362 0
    outer loop
      vertex 25.4142 9.41421 0
      vertex 25.5867 9.21752 6.5
      vertex 25.5867 9.21752 0
    endloop
  endfacet
  facet normal 0.442344 0.896845 -0
    outer loop
      vertex 25 9.73205 0
      vertex 24.7654 9.84776 6.5
      vertex 25 9.73205 6.5
    endloop
  endfacet
  facet normal 0.442344 0.896845 0
    outer loop
      vertex 24.7654 9.84776 6.5
      vertex 25 9.73205 0
      vertex 24.7654 9.84776 0
    endloop
  endfacet
  facet normal 0 0 1
    outer loop
      vertex 25.9829 8.26105 6.5
      vertex 25.9829 7.73895 6.5
      vertex 26 8 6.5
    endloop
  endfacet
  facet normal 0 0 1
    outer loop
      vertex 25.9319 8.51764 6.5
      vertex 25.9829 7.73895 6.5
      vertex 25.9829 8.26105 6.5
    endloop
  endfacet
  facet normal 0 0 1
    outer loop
      vertex 25.9319 8.51764 6.5
      vertex 25.9319 7.48236 6.5
      vertex 25.9829 7.73895 6.5
    endloop
  endfacet
  facet normal 0 0 1
    outer loop
      vertex 25.8478 8.76537 6.5
      vertex 25.9319 7.48236 6.5
      vertex 25.9319 8.51764 6.5
    endloop
  endfacet
  facet normal 0 0 1
    outer loop
      vertex 25.8478 8.76537 6.5
      vertex 25.8478 7.23463 6.5
      vertex 25.9319 7.48236 6.5
    endloop
  endfacet
  facet normal 0 0 1
    outer loop
      vertex 25.732 9 6.5
      vertex 25.8478 7.23463 6.5
      vertex 25.8478 8.76537 6.5
    endloop
  endfacet
  facet normal 0 0 1
    outer loop
      vertex 25.732 9 6.5
      vertex 25.732 7 6.5
      vertex 25.8478 7.23463 6.5
    endloop
  endfacet
  facet normal 0 0 1
    outer loop
      vertex 25.5867 9.21752 6.5
      vertex 25.732 7 6.5
      vertex 25.732 9 6.5
    endloop
  endfacet
  facet normal 0 0 1
    outer loop
      vertex 25.5867 9.21752 6.5
      vertex 25.5867 6.78248 6.5
      vertex 25.732 7 6.5
    endloop
  endfacet
  facet normal 0 0 1
    outer loop
      vertex 25.4142 9.41421 6.5
      vertex 25.5867 6.78248 6.5
      vertex 25.5867 9.21752 6.5
    endloop
  endfacet
  facet normal 0 0 1
    outer loop
      vertex 25.4142 9.41421 6.5
      vertex 25.4142 6.58579 6.5
      vertex 25.5867 6.78248 6.5
    endloop
  endfacet
  facet normal 0 0 1
    outer loop
      vertex 25.2175 9.58671 6.5
      vertex 25.4142 6.58579 6.5
      vertex 25.4142 9.41421 6.5
    endloop
  endfacet
  facet normal 0 0 1
    outer loop
      vertex 25.2175 9.58671 6.5
      vertex 25.2175 6.41329 6.5
      vertex 25.4142 6.58579 6.5
    endloop
  endfacet
  facet normal 0 0 1
    outer loop
      vertex 25 9.73205 6.5
      vertex 25.2175 6.41329 6.5
      vertex 25.2175 9.58671 6.5
    endloop
  endfacet
  facet normal 0 0 1
    outer loop
      vertex 25 9.73205 6.5
      vertex 25 6.26795 6.5
      vertex 25.2175 6.41329 6.5
    endloop
  endfacet
  facet normal 0 0 1
    outer loop
      vertex 24.7654 9.84776 6.5
      vertex 25 6.26795 6.5
      vertex 25 9.73205 6.5
    endloop
  endfacet
  facet normal 0 0 1
    outer loop
      vertex 24.7654 9.84776 6.5
      vertex 24.7654 6.15224 6.5
      vertex 25 6.26795 6.5
    endloop
  endfacet
  facet normal 0 0 1
    outer loop
      vertex 24.5176 9.93185 6.5
      vertex 24.7654 6.15224 6.5
      vertex 24.7654 9.84776 6.5
    endloop
  endfacet
  facet normal 0 0 1
    outer loop
      vertex 24.5176 9.93185 6.5
      vertex 24.5176 6.06815 6.5
      vertex 24.7654 6.15224 6.5
    endloop
  endfacet
  facet normal 0 0 1
    outer loop
      vertex 24.2611 9.98289 6.5
      vertex 24.5176 6.06815 6.5
      vertex 24.5176 9.93185 6.5
    endloop
  endfacet
  facet normal 0 0 1
    outer loop
      vertex 24.2611 9.98289 6.5
      vertex 24.2611 6.01711 6.5
      vertex 24.5176 6.06815 6.5
    endloop
  endfacet
  facet normal 0 0 1
    outer loop
      vertex 24 10 6.5
      vertex 24.2611 6.01711 6.5
      vertex 24.2611 9.98289 6.5
    endloop
  endfacet
  facet normal 0 0 1
    outer loop
      vertex 24 10 6.5
      vertex 24 6 6.5
      vertex 24.2611 6.01711 6.5
    endloop
  endfacet
  facet normal -0 0 1
    outer loop
      vertex 23.7389 9.98289 6.5
      vertex 24 6 6.5
      vertex 24 10 6.5
    endloop
  endfacet
  facet normal 0 0 1
    outer loop
      vertex 23.7389 9.98289 6.5
      vertex 23.7389 6.01711 6.5
      vertex 24 6 6.5
    endloop
  endfacet
  facet normal -0 0 1
    outer loop
      vertex 23.4824 9.93185 6.5
      vertex 23.7389 6.01711 6.5
      vertex 23.7389 9.98289 6.5
    endloop
  endfacet
  facet normal 0 0 1
    outer loop
      vertex 23.4824 9.93185 6.5
      vertex 23.4824 6.06815 6.5
      vertex 23.7389 6.01711 6.5
    endloop
  endfacet
  facet normal -0 0 1
    outer loop
      vertex 23.2346 9.84776 6.5
      vertex 23.4824 6.06815 6.5
      vertex 23.4824 9.93185 6.5
    endloop
  endfacet
  facet normal 0 0 1
    outer loop
      vertex 23.2346 9.84776 6.5
      vertex 23.2346 6.15224 6.5
      vertex 23.4824 6.06815 6.5
    endloop
  endfacet
  facet normal -0 0 1
    outer loop
      vertex 23 9.73205 6.5
      vertex 23.2346 6.15224 6.5
      vertex 23.2346 9.84776 6.5
    endloop
  endfacet
  facet normal 0 0 1
    outer loop
      vertex 23 9.73205 6.5
      vertex 23 6.26795 6.5
      vertex 23.2346 6.15224 6.5
    endloop
  endfacet
  facet normal -0 0 1
    outer loop
      vertex 22.7825 9.58671 6.5
      vertex 23 6.26795 6.5
      vertex 23 9.73205 6.5
    endloop
  endfacet
  facet normal 0 0 1
    outer loop
      vertex 22.7825 9.58671 6.5
      vertex 22.7825 6.41329 6.5
      vertex 23 6.26795 6.5
    endloop
  endfacet
  facet normal -0 0 1
    outer loop
      vertex 22.5858 9.41421 6.5
      vertex 22.7825 6.41329 6.5
      vertex 22.7825 9.58671 6.5
    endloop
  endfacet
  facet normal 0 0 1
    outer loop
      vertex 22.5858 9.41421 6.5
      vertex 22.5858 6.58579 6.5
      vertex 22.7825 6.41329 6.5
    endloop
  endfacet
  facet normal -0 0 1
    outer loop
      vertex 22.4133 9.21752 6.5
      vertex 22.5858 6.58579 6.5
      vertex 22.5858 9.41421 6.5
    endloop
  endfacet
  facet normal 0 0 1
    outer loop
      vertex 22.4133 9.21752 6.5
      vertex 22.4133 6.78248 6.5
      vertex 22.5858 6.58579 6.5
    endloop
  endfacet
  facet normal -0 0 1
    outer loop
      vertex 22.2679 9 6.5
      vertex 22.4133 6.78248 6.5
      vertex 22.4133 9.21752 6.5
    endloop
  endfacet
  facet normal 0 0 1
    outer loop
      vertex 22.2679 9 6.5
      vertex 22.2679 7 6.5
      vertex 22.4133 6.78248 6.5
    endloop
  endfacet
  facet normal -0 0 1
    outer loop
      vertex 22.1522 8.76537 6.5
      vertex 22.2679 7 6.5
      vertex 22.2679 9 6.5
    endloop
  endfacet
  facet normal 0 0 1
    outer loop
      vertex 22.1522 8.76537 6.5
      vertex 22.1522 7.23463 6.5
      vertex 22.2679 7 6.5
    endloop
  endfacet
  facet normal -0 0 1
    outer loop
      vertex 22.0681 8.51764 6.5
      vertex 22.1522 7.23463 6.5
      vertex 22.1522 8.76537 6.5
    endloop
  endfacet
  facet normal 0 0 1
    outer loop
      vertex 22.0681 8.51764 6.5
      vertex 22.0681 7.48236 6.5
      vertex 22.1522 7.23463 6.5
    endloop
  endfacet
  facet normal -0 0 1
    outer loop
      vertex 22.0171 8.26105 6.5
      vertex 22.0681 7.48236 6.5
      vertex 22.0681 8.51764 6.5
    endloop
  endfacet
  facet normal 0 0 1
    outer loop
      vertex 22.0171 8.26105 6.5
      vertex 22.0171 7.73895 6.5
      vertex 22.0681 7.48236 6.5
    endloop
  endfacet
  facet normal 0 -0 1
    outer loop
      vertex 22.0171 7.73895 6.5
      vertex 22.0171 8.26105 6.5
      vertex 22 8 6.5
    endloop
  endfacet
  facet normal -0.997861 0.0653646 0
    outer loop
      vertex 22 8 0
      vertex 22.0171 8.26105 6.5
      vertex 22.0171 8.26105 0
    endloop
  endfacet
  facet normal -0.997861 0.0653646 0
    outer loop
      vertex 22.0171 8.26105 6.5
      vertex 22 8 0
      vertex 22 8 6.5
    endloop
  endfacet
  facet normal -0.659343 0.751842 0
    outer loop
      vertex 22.7825 9.58671 0
      vertex 22.5858 9.41421 6.5
      vertex 22.7825 9.58671 6.5
    endloop
  endfacet
  facet normal -0.659343 0.751842 0
    outer loop
      vertex 22.5858 9.41421 6.5
      vertex 22.7825 9.58671 0
      vertex 22.5858 9.41421 0
    endloop
  endfacet
  facet normal -0.321348 0.946961 0
    outer loop
      vertex 23.4824 9.93185 0
      vertex 23.2346 9.84776 6.5
      vertex 23.4824 9.93185 6.5
    endloop
  endfacet
  facet normal -0.321348 0.946961 0
    outer loop
      vertex 23.2346 9.84776 6.5
      vertex 23.4824 9.93185 0
      vertex 23.2346 9.84776 0
    endloop
  endfacet
  facet normal 0.442344 -0.896845 0
    outer loop
      vertex 24.7654 6.15224 0
      vertex 25 6.26795 6.5
      vertex 24.7654 6.15224 6.5
    endloop
  endfacet
  facet normal 0.442344 -0.896845 0
    outer loop
      vertex 25 6.26795 6.5
      vertex 24.7654 6.15224 0
      vertex 25 6.26795 0
    endloop
  endfacet
  facet normal 0.997861 0.0653646 0
    outer loop
      vertex 34 8 6.5
      vertex 33.9829 8.26105 0
      vertex 33.9829 8.26105 6.5
    endloop
  endfacet
  facet normal 0.997861 0.0653646 0
    outer loop
      vertex 33.9829 8.26105 0
      vertex 34 8 6.5
      vertex 34 8 0
    endloop
  endfacet
  facet normal -0.997861 -0.0653646 0
    outer loop
      vertex 30.0171 7.73895 0
      vertex 30 8 6.5
      vertex 30 8 0
    endloop
  endfacet
  facet normal -0.997861 -0.0653646 0
    outer loop
      vertex 30 8 6.5
      vertex 30.0171 7.73895 0
      vertex 30.0171 7.73895 6.5
    endloop
  endfacet
  facet normal -0.0653902 0.99786 0
    outer loop
      vertex 32 10 0
      vertex 31.7389 9.98289 6.5
      vertex 32 10 6.5
    endloop
  endfacet
  facet normal -0.0653902 0.99786 0
    outer loop
      vertex 31.7389 9.98289 6.5
      vertex 32 10 0
      vertex 31.7389 9.98289 0
    endloop
  endfacet
  facet normal 0.0653902 -0.99786 0
    outer loop
      vertex 32 6 0
      vertex 32.2611 6.01711 6.5
      vertex 32 6 6.5
    endloop
  endfacet
  facet normal 0.0653902 -0.99786 0
    outer loop
      vertex 32.2611 6.01711 6.5
      vertex 32 6 0
      vertex 32.2611 6.01711 0
    endloop
  endfacet
  facet normal 0.659343 0.751842 -0
    outer loop
      vertex 33.4142 9.41421 0
      vertex 33.2175 9.58671 6.5
      vertex 33.4142 9.41421 6.5
    endloop
  endfacet
  facet normal 0.659343 0.751842 0
    outer loop
      vertex 33.2175 9.58671 6.5
      vertex 33.4142 9.41421 0
      vertex 33.2175 9.58671 0
    endloop
  endfacet
  facet normal -0.751826 0.659362 0
    outer loop
      vertex 30.4133 9.21752 0
      vertex 30.5858 9.41421 6.5
      vertex 30.5858 9.41421 0
    endloop
  endfacet
  facet normal -0.751826 0.659362 0
    outer loop
      vertex 30.5858 9.41421 6.5
      vertex 30.4133 9.21752 0
      vertex 30.4133 9.21752 6.5
    endloop
  endfacet
  facet normal -0.442344 0.896845 0
    outer loop
      vertex 31.2346 9.84776 0
      vertex 31 9.73205 6.5
      vertex 31.2346 9.84776 6.5
    endloop
  endfacet
  facet normal -0.442344 0.896845 0
    outer loop
      vertex 31 9.73205 6.5
      vertex 31.2346 9.84776 0
      vertex 31 9.73205 0
    endloop
  endfacet
  facet normal -0.896883 -0.442268 0
    outer loop
      vertex 30.2679 7 0
      vertex 30.1522 7.23463 6.5
      vertex 30.1522 7.23463 0
    endloop
  endfacet
  facet normal -0.896883 -0.442268 0
    outer loop
      vertex 30.1522 7.23463 6.5
      vertex 30.2679 7 0
      vertex 30.2679 7 6.5
    endloop
  endfacet
  facet normal 0.896731 0.442575 0
    outer loop
      vertex 33.8478 8.76537 6.5
      vertex 33.732 9 0
      vertex 33.732 9 6.5
    endloop
  endfacet
  facet normal 0.896731 0.442575 0
    outer loop
      vertex 33.732 9 0
      vertex 33.8478 8.76537 6.5
      vertex 33.8478 8.76537 0
    endloop
  endfacet
  facet normal 0.980814 0.194947 0
    outer loop
      vertex 33.9829 8.26105 6.5
      vertex 33.9319 8.51764 0
      vertex 33.9319 8.51764 6.5
    endloop
  endfacet
  facet normal 0.980814 0.194947 0
    outer loop
      vertex 33.9319 8.51764 0
      vertex 33.9829 8.26105 6.5
      vertex 33.9829 8.26105 0
    endloop
  endfacet
  facet normal 0.831544 0.555459 0
    outer loop
      vertex 33.732 9 6.5
      vertex 33.5867 9.21752 0
      vertex 33.5867 9.21752 6.5
    endloop
  endfacet
  facet normal 0.831544 0.555459 0
    outer loop
      vertex 33.5867 9.21752 0
      vertex 33.732 9 6.5
      vertex 33.732 9 0
    endloop
  endfacet
  facet normal 0.321348 0.946961 -0
    outer loop
      vertex 32.7654 9.84776 0
      vertex 32.5176 9.93185 6.5
      vertex 32.7654 9.84776 6.5
    endloop
  endfacet
  facet normal 0.321348 0.946961 0
    outer loop
      vertex 32.5176 9.93185 6.5
      vertex 32.7654 9.84776 0
      vertex 32.5176 9.93185 0
    endloop
  endfacet
  facet normal 0.5556 0.83145 -0
    outer loop
      vertex 33.2175 9.58671 0
      vertex 33 9.73205 6.5
      vertex 33.2175 9.58671 6.5
    endloop
  endfacet
  facet normal 0.5556 0.83145 0
    outer loop
      vertex 33 9.73205 6.5
      vertex 33.2175 9.58671 0
      vertex 33 9.73205 0
    endloop
  endfacet
  facet normal -0.946922 0.321463 0
    outer loop
      vertex 30.0681 8.51764 0
      vertex 30.1522 8.76537 6.5
      vertex 30.1522 8.76537 0
    endloop
  endfacet
  facet normal -0.946922 0.321463 0
    outer loop
      vertex 30.1522 8.76537 6.5
      vertex 30.0681 8.51764 0
      vertex 30.0681 8.51764 6.5
    endloop
  endfacet
  facet normal -0.831368 0.555723 0
    outer loop
      vertex 30.2679 9 0
      vertex 30.4133 9.21752 6.5
      vertex 30.4133 9.21752 0
    endloop
  endfacet
  facet normal -0.831368 0.555723 0
    outer loop
      vertex 30.4133 9.21752 6.5
      vertex 30.2679 9 0
      vertex 30.2679 9 6.5
    endloop
  endfacet
  facet normal -0.980814 0.194947 0
    outer loop
      vertex 30.0171 8.26105 0
      vertex 30.0681 8.51764 6.5
      vertex 30.0681 8.51764 0
    endloop
  endfacet
  facet normal -0.980814 0.194947 0
    outer loop
      vertex 30.0681 8.51764 6.5
      vertex 30.0171 8.26105 0
      vertex 30.0171 8.26105 6.5
    endloop
  endfacet
  facet normal -0.5556 0.83145 0
    outer loop
      vertex 31 9.73205 0
      vertex 30.7825 9.58671 6.5
      vertex 31 9.73205 6.5
    endloop
  endfacet
  facet normal -0.5556 0.83145 0
    outer loop
      vertex 30.7825 9.58671 6.5
      vertex 31 9.73205 0
      vertex 30.7825 9.58671 0
    endloop
  endfacet
  facet normal -0.19516 0.980771 0
    outer loop
      vertex 31.7389 9.98289 0
      vertex 31.4824 9.93185 6.5
      vertex 31.7389 9.98289 6.5
    endloop
  endfacet
  facet normal -0.19516 0.980771 0
    outer loop
      vertex 31.4824 9.93185 6.5
      vertex 31.7389 9.98289 0
      vertex 31.4824 9.93185 0
    endloop
  endfacet
  facet normal 0.442344 -0.896845 0
    outer loop
      vertex 32.7654 6.15224 0
      vertex 33 6.26795 6.5
      vertex 32.7654 6.15224 6.5
    endloop
  endfacet
  facet normal 0.442344 -0.896845 0
    outer loop
      vertex 33 6.26795 6.5
      vertex 32.7654 6.15224 0
      vertex 33 6.26795 0
    endloop
  endfacet
  facet normal 0.19516 -0.980771 0
    outer loop
      vertex 32.2611 6.01711 0
      vertex 32.5176 6.06815 6.5
      vertex 32.2611 6.01711 6.5
    endloop
  endfacet
  facet normal 0.19516 -0.980771 0
    outer loop
      vertex 32.5176 6.06815 6.5
      vertex 32.2611 6.01711 0
      vertex 32.5176 6.06815 0
    endloop
  endfacet
  facet normal 0.5556 -0.83145 0
    outer loop
      vertex 33 6.26795 0
      vertex 33.2175 6.41329 6.5
      vertex 33 6.26795 6.5
    endloop
  endfacet
  facet normal 0.5556 -0.83145 0
    outer loop
      vertex 33.2175 6.41329 6.5
      vertex 33 6.26795 0
      vertex 33.2175 6.41329 0
    endloop
  endfacet
  facet normal 0.980814 -0.194947 0
    outer loop
      vertex 33.9319 7.48236 6.5
      vertex 33.9829 7.73895 0
      vertex 33.9829 7.73895 6.5
    endloop
  endfacet
  facet normal 0.980814 -0.194947 0
    outer loop
      vertex 33.9829 7.73895 0
      vertex 33.9319 7.48236 6.5
      vertex 33.9319 7.48236 0
    endloop
  endfacet
  facet normal -0.19516 -0.980771 0
    outer loop
      vertex 31.4824 6.06815 0
      vertex 31.7389 6.01711 6.5
      vertex 31.4824 6.06815 6.5
    endloop
  endfacet
  facet normal -0.19516 -0.980771 -0
    outer loop
      vertex 31.7389 6.01711 6.5
      vertex 31.4824 6.06815 0
      vertex 31.7389 6.01711 0
    endloop
  endfacet
  facet normal -0.831368 -0.555723 0
    outer loop
      vertex 30.4133 6.78248 0
      vertex 30.2679 7 6.5
      vertex 30.2679 7 0
    endloop
  endfacet
  facet normal -0.831368 -0.555723 0
    outer loop
      vertex 30.2679 7 6.5
      vertex 30.4133 6.78248 0
      vertex 30.4133 6.78248 6.5
    endloop
  endfacet
  facet normal -0.980814 -0.194947 0
    outer loop
      vertex 30.0681 7.48236 0
      vertex 30.0171 7.73895 6.5
      vertex 30.0171 7.73895 0
    endloop
  endfacet
  facet normal -0.980814 -0.194947 0
    outer loop
      vertex 30.0171 7.73895 6.5
      vertex 30.0681 7.48236 0
      vertex 30.0681 7.48236 6.5
    endloop
  endfacet
  facet normal 0.946922 0.321463 0
    outer loop
      vertex 33.9319 8.51764 6.5
      vertex 33.8478 8.76537 0
      vertex 33.8478 8.76537 6.5
    endloop
  endfacet
  facet normal 0.946922 0.321463 0
    outer loop
      vertex 33.8478 8.76537 0
      vertex 33.9319 8.51764 6.5
      vertex 33.9319 8.51764 0
    endloop
  endfacet
  facet normal 0.751826 0.659362 0
    outer loop
      vertex 33.5867 9.21752 6.5
      vertex 33.4142 9.41421 0
      vertex 33.4142 9.41421 6.5
    endloop
  endfacet
  facet normal 0.751826 0.659362 0
    outer loop
      vertex 33.4142 9.41421 0
      vertex 33.5867 9.21752 6.5
      vertex 33.5867 9.21752 0
    endloop
  endfacet
  facet normal 0.19516 0.980771 -0
    outer loop
      vertex 32.5176 9.93185 0
      vertex 32.2611 9.98289 6.5
      vertex 32.5176 9.93185 6.5
    endloop
  endfacet
  facet normal 0.19516 0.980771 0
    outer loop
      vertex 32.2611 9.98289 6.5
      vertex 32.5176 9.93185 0
      vertex 32.2611 9.98289 0
    endloop
  endfacet
  facet normal 0.0653902 0.99786 -0
    outer loop
      vertex 32.2611 9.98289 0
      vertex 32 10 6.5
      vertex 32.2611 9.98289 6.5
    endloop
  endfacet
  facet normal 0.0653902 0.99786 0
    outer loop
      vertex 32 10 6.5
      vertex 32.2611 9.98289 0
      vertex 32 10 0
    endloop
  endfacet
  facet normal 0.442344 0.896845 -0
    outer loop
      vertex 33 9.73205 0
      vertex 32.7654 9.84776 6.5
      vertex 33 9.73205 6.5
    endloop
  endfacet
  facet normal 0.442344 0.896845 0
    outer loop
      vertex 32.7654 9.84776 6.5
      vertex 33 9.73205 0
      vertex 32.7654 9.84776 0
    endloop
  endfacet
  facet normal 0 0 -1
    outer loop
      vertex 33.9829 7.73895 0
      vertex 33.9829 8.26105 0
      vertex 34 8 0
    endloop
  endfacet
  facet normal 0 0 -1
    outer loop
      vertex 33.9319 7.48236 0
      vertex 33.9829 8.26105 0
      vertex 33.9829 7.73895 0
    endloop
  endfacet
  facet normal 0 0 -1
    outer loop
      vertex 33.9319 7.48236 0
      vertex 33.9319 8.51764 0
      vertex 33.9829 8.26105 0
    endloop
  endfacet
  facet normal 0 0 -1
    outer loop
      vertex 33.8478 7.23463 0
      vertex 33.9319 8.51764 0
      vertex 33.9319 7.48236 0
    endloop
  endfacet
  facet normal 0 0 -1
    outer loop
      vertex 33.8478 7.23463 0
      vertex 33.8478 8.76537 0
      vertex 33.9319 8.51764 0
    endloop
  endfacet
  facet normal 0 0 -1
    outer loop
      vertex 33.732 7 0
      vertex 33.8478 8.76537 0
      vertex 33.8478 7.23463 0
    endloop
  endfacet
  facet normal 0 0 -1
    outer loop
      vertex 33.732 7 0
      vertex 33.732 9 0
      vertex 33.8478 8.76537 0
    endloop
  endfacet
  facet normal 0 0 -1
    outer loop
      vertex 33.5867 6.78248 0
      vertex 33.732 9 0
      vertex 33.732 7 0
    endloop
  endfacet
  facet normal 0 0 -1
    outer loop
      vertex 33.5867 6.78248 0
      vertex 33.5867 9.21752 0
      vertex 33.732 9 0
    endloop
  endfacet
  facet normal 0 0 -1
    outer loop
      vertex 33.4142 6.58579 0
      vertex 33.5867 9.21752 0
      vertex 33.5867 6.78248 0
    endloop
  endfacet
  facet normal 0 0 -1
    outer loop
      vertex 33.4142 6.58579 0
      vertex 33.4142 9.41421 0
      vertex 33.5867 9.21752 0
    endloop
  endfacet
  facet normal 0 0 -1
    outer loop
      vertex 33.2175 6.41329 0
      vertex 33.4142 9.41421 0
      vertex 33.4142 6.58579 0
    endloop
  endfacet
  facet normal 0 0 -1
    outer loop
      vertex 33.2175 6.41329 0
      vertex 33.2175 9.58671 0
      vertex 33.4142 9.41421 0
    endloop
  endfacet
  facet normal 0 0 -1
    outer loop
      vertex 33 6.26795 0
      vertex 33.2175 9.58671 0
      vertex 33.2175 6.41329 0
    endloop
  endfacet
  facet normal 0 0 -1
    outer loop
      vertex 33 6.26795 0
      vertex 33 9.73205 0
      vertex 33.2175 9.58671 0
    endloop
  endfacet
  facet normal 0 0 -1
    outer loop
      vertex 32.7654 6.15224 0
      vertex 33 9.73205 0
      vertex 33 6.26795 0
    endloop
  endfacet
  facet normal 0 0 -1
    outer loop
      vertex 32.7654 6.15224 0
      vertex 32.7654 9.84776 0
      vertex 33 9.73205 0
    endloop
  endfacet
  facet normal 0 0 -1
    outer loop
      vertex 32.5176 6.06815 0
      vertex 32.7654 9.84776 0
      vertex 32.7654 6.15224 0
    endloop
  endfacet
  facet normal 0 0 -1
    outer loop
      vertex 32.5176 6.06815 0
      vertex 32.5176 9.93185 0
      vertex 32.7654 9.84776 0
    endloop
  endfacet
  facet normal 0 0 -1
    outer loop
      vertex 32.2611 6.01711 0
      vertex 32.5176 9.93185 0
      vertex 32.5176 6.06815 0
    endloop
  endfacet
  facet normal 0 0 -1
    outer loop
      vertex 32.2611 6.01711 0
      vertex 32.2611 9.98289 0
      vertex 32.5176 9.93185 0
    endloop
  endfacet
  facet normal 0 0 -1
    outer loop
      vertex 32 6 0
      vertex 32.2611 9.98289 0
      vertex 32.2611 6.01711 0
    endloop
  endfacet
  facet normal 0 0 -1
    outer loop
      vertex 32 6 0
      vertex 32 10 0
      vertex 32.2611 9.98289 0
    endloop
  endfacet
  facet normal 0 0 -1
    outer loop
      vertex 31.7389 6.01711 0
      vertex 32 10 0
      vertex 32 6 0
    endloop
  endfacet
  facet normal 0 0 -1
    outer loop
      vertex 31.7389 6.01711 0
      vertex 31.7389 9.98289 0
      vertex 32 10 0
    endloop
  endfacet
  facet normal 0 0 -1
    outer loop
      vertex 31.4824 6.06815 0
      vertex 31.7389 9.98289 0
      vertex 31.7389 6.01711 0
    endloop
  endfacet
  facet normal 0 0 -1
    outer loop
      vertex 31.4824 6.06815 0
      vertex 31.4824 9.93185 0
      vertex 31.7389 9.98289 0
    endloop
  endfacet
  facet normal 0 0 -1
    outer loop
      vertex 31.2346 6.15224 0
      vertex 31.4824 9.93185 0
      vertex 31.4824 6.06815 0
    endloop
  endfacet
  facet normal 0 0 -1
    outer loop
      vertex 31.2346 6.15224 0
      vertex 31.2346 9.84776 0
      vertex 31.4824 9.93185 0
    endloop
  endfacet
  facet normal 0 0 -1
    outer loop
      vertex 31 6.26795 0
      vertex 31.2346 9.84776 0
      vertex 31.2346 6.15224 0
    endloop
  endfacet
  facet normal 0 0 -1
    outer loop
      vertex 31 6.26795 0
      vertex 31 9.73205 0
      vertex 31.2346 9.84776 0
    endloop
  endfacet
  facet normal 0 0 -1
    outer loop
      vertex 30.7825 6.41329 0
      vertex 31 9.73205 0
      vertex 31 6.26795 0
    endloop
  endfacet
  facet normal 0 0 -1
    outer loop
      vertex 30.7825 6.41329 0
      vertex 30.7825 9.58671 0
      vertex 31 9.73205 0
    endloop
  endfacet
  facet normal 0 0 -1
    outer loop
      vertex 30.5858 6.58579 0
      vertex 30.7825 9.58671 0
      vertex 30.7825 6.41329 0
    endloop
  endfacet
  facet normal 0 0 -1
    outer loop
      vertex 30.5858 6.58579 0
      vertex 30.5858 9.41421 0
      vertex 30.7825 9.58671 0
    endloop
  endfacet
  facet normal 0 0 -1
    outer loop
      vertex 30.4133 6.78248 0
      vertex 30.5858 9.41421 0
      vertex 30.5858 6.58579 0
    endloop
  endfacet
  facet normal 0 0 -1
    outer loop
      vertex 30.4133 6.78248 0
      vertex 30.4133 9.21752 0
      vertex 30.5858 9.41421 0
    endloop
  endfacet
  facet normal 0 0 -1
    outer loop
      vertex 30.2679 7 0
      vertex 30.4133 9.21752 0
      vertex 30.4133 6.78248 0
    endloop
  endfacet
  facet normal 0 0 -1
    outer loop
      vertex 30.2679 7 0
      vertex 30.2679 9 0
      vertex 30.4133 9.21752 0
    endloop
  endfacet
  facet normal 0 0 -1
    outer loop
      vertex 30.1522 7.23463 0
      vertex 30.2679 9 0
      vertex 30.2679 7 0
    endloop
  endfacet
  facet normal 0 0 -1
    outer loop
      vertex 30.1522 7.23463 0
      vertex 30.1522 8.76537 0
      vertex 30.2679 9 0
    endloop
  endfacet
  facet normal 0 0 -1
    outer loop
      vertex 30.0681 7.48236 0
      vertex 30.1522 8.76537 0
      vertex 30.1522 7.23463 0
    endloop
  endfacet
  facet normal 0 0 -1
    outer loop
      vertex 30.0681 7.48236 0
      vertex 30.0681 8.51764 0
      vertex 30.1522 8.76537 0
    endloop
  endfacet
  facet normal 0 0 -1
    outer loop
      vertex 30.0171 7.73895 0
      vertex 30.0681 8.51764 0
      vertex 30.0681 7.48236 0
    endloop
  endfacet
  facet normal 0 0 -1
    outer loop
      vertex 30.0171 7.73895 0
      vertex 30.0171 8.26105 0
      vertex 30.0681 8.51764 0
    endloop
  endfacet
  facet normal 0 -0 -1
    outer loop
      vertex 30.0171 8.26105 0
      vertex 30.0171 7.73895 0
      vertex 30 8 0
    endloop
  endfacet
  facet normal -0.896883 0.442268 0
    outer loop
      vertex 30.1522 8.76537 0
      vertex 30.2679 9 6.5
      vertex 30.2679 9 0
    endloop
  endfacet
  facet normal -0.896883 0.442268 0
    outer loop
      vertex 30.2679 9 6.5
      vertex 30.1522 8.76537 0
      vertex 30.1522 8.76537 6.5
    endloop
  endfacet
  facet normal -0.997861 0.0653646 0
    outer loop
      vertex 30 8 0
      vertex 30.0171 8.26105 6.5
      vertex 30.0171 8.26105 0
    endloop
  endfacet
  facet normal -0.997861 0.0653646 0
    outer loop
      vertex 30.0171 8.26105 6.5
      vertex 30 8 0
      vertex 30 8 6.5
    endloop
  endfacet
  facet normal 0 0 1
    outer loop
      vertex 33.9829 8.26105 6.5
      vertex 33.9829 7.73895 6.5
      vertex 34 8 6.5
    endloop
  endfacet
  facet normal 0 0 1
    outer loop
      vertex 33.9319 8.51764 6.5
      vertex 33.9829 7.73895 6.5
      vertex 33.9829 8.26105 6.5
    endloop
  endfacet
  facet normal 0 0 1
    outer loop
      vertex 33.9319 8.51764 6.5
      vertex 33.9319 7.48236 6.5
      vertex 33.9829 7.73895 6.5
    endloop
  endfacet
  facet normal 0 0 1
    outer loop
      vertex 33.8478 8.76537 6.5
      vertex 33.9319 7.48236 6.5
      vertex 33.9319 8.51764 6.5
    endloop
  endfacet
  facet normal 0 0 1
    outer loop
      vertex 33.8478 8.76537 6.5
      vertex 33.8478 7.23463 6.5
      vertex 33.9319 7.48236 6.5
    endloop
  endfacet
  facet normal 0 0 1
    outer loop
      vertex 33.732 9 6.5
      vertex 33.8478 7.23463 6.5
      vertex 33.8478 8.76537 6.5
    endloop
  endfacet
  facet normal 0 0 1
    outer loop
      vertex 33.732 9 6.5
      vertex 33.732 7 6.5
      vertex 33.8478 7.23463 6.5
    endloop
  endfacet
  facet normal 0 0 1
    outer loop
      vertex 33.5867 9.21752 6.5
      vertex 33.732 7 6.5
      vertex 33.732 9 6.5
    endloop
  endfacet
  facet normal 0 0 1
    outer loop
      vertex 33.5867 9.21752 6.5
      vertex 33.5867 6.78248 6.5
      vertex 33.732 7 6.5
    endloop
  endfacet
  facet normal 0 0 1
    outer loop
      vertex 33.4142 9.41421 6.5
      vertex 33.5867 6.78248 6.5
      vertex 33.5867 9.21752 6.5
    endloop
  endfacet
  facet normal 0 0 1
    outer loop
      vertex 33.4142 9.41421 6.5
      vertex 33.4142 6.58579 6.5
      vertex 33.5867 6.78248 6.5
    endloop
  endfacet
  facet normal 0 0 1
    outer loop
      vertex 33.2175 9.58671 6.5
      vertex 33.4142 6.58579 6.5
      vertex 33.4142 9.41421 6.5
    endloop
  endfacet
  facet normal 0 0 1
    outer loop
      vertex 33.2175 9.58671 6.5
      vertex 33.2175 6.41329 6.5
      vertex 33.4142 6.58579 6.5
    endloop
  endfacet
  facet normal 0 0 1
    outer loop
      vertex 33 9.73205 6.5
      vertex 33.2175 6.41329 6.5
      vertex 33.2175 9.58671 6.5
    endloop
  endfacet
  facet normal 0 0 1
    outer loop
      vertex 33 9.73205 6.5
      vertex 33 6.26795 6.5
      vertex 33.2175 6.41329 6.5
    endloop
  endfacet
  facet normal 0 0 1
    outer loop
      vertex 32.7654 9.84776 6.5
      vertex 33 6.26795 6.5
      vertex 33 9.73205 6.5
    endloop
  endfacet
  facet normal 0 0 1
    outer loop
      vertex 32.7654 9.84776 6.5
      vertex 32.7654 6.15224 6.5
      vertex 33 6.26795 6.5
    endloop
  endfacet
  facet normal 0 0 1
    outer loop
      vertex 32.5176 9.93185 6.5
      vertex 32.7654 6.15224 6.5
      vertex 32.7654 9.84776 6.5
    endloop
  endfacet
  facet normal 0 0 1
    outer loop
      vertex 32.5176 9.93185 6.5
      vertex 32.5176 6.06815 6.5
      vertex 32.7654 6.15224 6.5
    endloop
  endfacet
  facet normal 0 0 1
    outer loop
      vertex 32.2611 9.98289 6.5
      vertex 32.5176 6.06815 6.5
      vertex 32.5176 9.93185 6.5
    endloop
  endfacet
  facet normal 0 0 1
    outer loop
      vertex 32.2611 9.98289 6.5
      vertex 32.2611 6.01711 6.5
      vertex 32.5176 6.06815 6.5
    endloop
  endfacet
  facet normal 0 0 1
    outer loop
      vertex 32 10 6.5
      vertex 32.2611 6.01711 6.5
      vertex 32.2611 9.98289 6.5
    endloop
  endfacet
  facet normal 0 0 1
    outer loop
      vertex 32 10 6.5
      vertex 32 6 6.5
      vertex 32.2611 6.01711 6.5
    endloop
  endfacet
  facet normal -0 0 1
    outer loop
      vertex 31.7389 9.98289 6.5
      vertex 32 6 6.5
      vertex 32 10 6.5
    endloop
  endfacet
  facet normal 0 0 1
    outer loop
      vertex 31.7389 9.98289 6.5
      vertex 31.7389 6.01711 6.5
      vertex 32 6 6.5
    endloop
  endfacet
  facet normal -0 0 1
    outer loop
      vertex 31.4824 9.93185 6.5
      vertex 31.7389 6.01711 6.5
      vertex 31.7389 9.98289 6.5
    endloop
  endfacet
  facet normal 0 0 1
    outer loop
      vertex 31.4824 9.93185 6.5
      vertex 31.4824 6.06815 6.5
      vertex 31.7389 6.01711 6.5
    endloop
  endfacet
  facet normal -0 0 1
    outer loop
      vertex 31.2346 9.84776 6.5
      vertex 31.4824 6.06815 6.5
      vertex 31.4824 9.93185 6.5
    endloop
  endfacet
  facet normal 0 0 1
    outer loop
      vertex 31.2346 9.84776 6.5
      vertex 31.2346 6.15224 6.5
      vertex 31.4824 6.06815 6.5
    endloop
  endfacet
  facet normal -0 0 1
    outer loop
      vertex 31 9.73205 6.5
      vertex 31.2346 6.15224 6.5
      vertex 31.2346 9.84776 6.5
    endloop
  endfacet
  facet normal 0 0 1
    outer loop
      vertex 31 9.73205 6.5
      vertex 31 6.26795 6.5
      vertex 31.2346 6.15224 6.5
    endloop
  endfacet
  facet normal -0 0 1
    outer loop
      vertex 30.7825 9.58671 6.5
      vertex 31 6.26795 6.5
      vertex 31 9.73205 6.5
    endloop
  endfacet
  facet normal 0 0 1
    outer loop
      vertex 30.7825 9.58671 6.5
      vertex 30.7825 6.41329 6.5
      vertex 31 6.26795 6.5
    endloop
  endfacet
  facet normal -0 0 1
    outer loop
      vertex 30.5858 9.41421 6.5
      vertex 30.7825 6.41329 6.5
      vertex 30.7825 9.58671 6.5
    endloop
  endfacet
  facet normal 0 0 1
    outer loop
      vertex 30.5858 9.41421 6.5
      vertex 30.5858 6.58579 6.5
      vertex 30.7825 6.41329 6.5
    endloop
  endfacet
  facet normal -0 0 1
    outer loop
      vertex 30.4133 9.21752 6.5
      vertex 30.5858 6.58579 6.5
      vertex 30.5858 9.41421 6.5
    endloop
  endfacet
  facet normal 0 0 1
    outer loop
      vertex 30.4133 9.21752 6.5
      vertex 30.4133 6.78248 6.5
      vertex 30.5858 6.58579 6.5
    endloop
  endfacet
  facet normal -0 0 1
    outer loop
      vertex 30.2679 9 6.5
      vertex 30.4133 6.78248 6.5
      vertex 30.4133 9.21752 6.5
    endloop
  endfacet
  facet normal 0 0 1
    outer loop
      vertex 30.2679 9 6.5
      vertex 30.2679 7 6.5
      vertex 30.4133 6.78248 6.5
    endloop
  endfacet
  facet normal -0 0 1
    outer loop
      vertex 30.1522 8.76537 6.5
      vertex 30.2679 7 6.5
      vertex 30.2679 9 6.5
    endloop
  endfacet
  facet normal 0 0 1
    outer loop
      vertex 30.1522 8.76537 6.5
      vertex 30.1522 7.23463 6.5
      vertex 30.2679 7 6.5
    endloop
  endfacet
  facet normal -0 0 1
    outer loop
      vertex 30.0681 8.51764 6.5
      vertex 30.1522 7.23463 6.5
      vertex 30.1522 8.76537 6.5
    endloop
  endfacet
  facet normal 0 0 1
    outer loop
      vertex 30.0681 8.51764 6.5
      vertex 30.0681 7.48236 6.5
      vertex 30.1522 7.23463 6.5
    endloop
  endfacet
  facet normal -0 0 1
    outer loop
      vertex 30.0171 8.26105 6.5
      vertex 30.0681 7.48236 6.5
      vertex 30.0681 8.51764 6.5
    endloop
  endfacet
  facet normal 0 0 1
    outer loop
      vertex 30.0171 8.26105 6.5
      vertex 30.0171 7.73895 6.5
      vertex 30.0681 7.48236 6.5
    endloop
  endfacet
  facet normal 0 -0 1
    outer loop
      vertex 30.0171 7.73895 6.5
      vertex 30.0171 8.26105 6.5
      vertex 30 8 6.5
    endloop
  endfacet
  facet normal -0.659343 0.751842 0
    outer loop
      vertex 30.7825 9.58671 0
      vertex 30.5858 9.41421 6.5
      vertex 30.7825 9.58671 6.5
    endloop
  endfacet
  facet normal -0.659343 0.751842 0
    outer loop
      vertex 30.5858 9.41421 6.5
      vertex 30.7825 9.58671 0
      vertex 30.5858 9.41421 0
    endloop
  endfacet
  facet normal -0.321348 0.946961 0
    outer loop
      vertex 31.4824 9.93185 0
      vertex 31.2346 9.84776 6.5
      vertex 31.4824 9.93185 6.5
    endloop
  endfacet
  facet normal -0.321348 0.946961 0
    outer loop
      vertex 31.2346 9.84776 6.5
      vertex 31.4824 9.93185 0
      vertex 31.2346 9.84776 0
    endloop
  endfacet
  facet normal 0.321348 -0.946961 0
    outer loop
      vertex 32.5176 6.06815 0
      vertex 32.7654 6.15224 6.5
      vertex 32.5176 6.06815 6.5
    endloop
  endfacet
  facet normal 0.321348 -0.946961 0
    outer loop
      vertex 32.7654 6.15224 6.5
      vertex 32.5176 6.06815 0
      vertex 32.7654 6.15224 0
    endloop
  endfacet
  facet normal 0.659343 -0.751842 0
    outer loop
      vertex 33.2175 6.41329 0
      vertex 33.4142 6.58579 6.5
      vertex 33.2175 6.41329 6.5
    endloop
  endfacet
  facet normal 0.659343 -0.751842 0
    outer loop
      vertex 33.4142 6.58579 6.5
      vertex 33.2175 6.41329 0
      vertex 33.4142 6.58579 0
    endloop
  endfacet
  facet normal 0.831544 -0.555459 0
    outer loop
      vertex 33.5867 6.78248 6.5
      vertex 33.732 7 0
      vertex 33.732 7 6.5
    endloop
  endfacet
  facet normal 0.831544 -0.555459 0
    outer loop
      vertex 33.732 7 0
      vertex 33.5867 6.78248 6.5
      vertex 33.5867 6.78248 0
    endloop
  endfacet
  facet normal 0.946922 -0.321463 0
    outer loop
      vertex 33.8478 7.23463 6.5
      vertex 33.9319 7.48236 0
      vertex 33.9319 7.48236 6.5
    endloop
  endfacet
  facet normal 0.946922 -0.321463 0
    outer loop
      vertex 33.9319 7.48236 0
      vertex 33.8478 7.23463 6.5
      vertex 33.8478 7.23463 0
    endloop
  endfacet
  facet normal -0.5556 -0.83145 0
    outer loop
      vertex 30.7825 6.41329 0
      vertex 31 6.26795 6.5
      vertex 30.7825 6.41329 6.5
    endloop
  endfacet
  facet normal -0.5556 -0.83145 -0
    outer loop
      vertex 31 6.26795 6.5
      vertex 30.7825 6.41329 0
      vertex 31 6.26795 0
    endloop
  endfacet
  facet normal -0.321348 -0.946961 0
    outer loop
      vertex 31.2346 6.15224 0
      vertex 31.4824 6.06815 6.5
      vertex 31.2346 6.15224 6.5
    endloop
  endfacet
  facet normal -0.321348 -0.946961 -0
    outer loop
      vertex 31.4824 6.06815 6.5
      vertex 31.2346 6.15224 0
      vertex 31.4824 6.06815 0
    endloop
  endfacet
  facet normal -0.0653902 -0.99786 0
    outer loop
      vertex 31.7389 6.01711 0
      vertex 32 6 6.5
      vertex 31.7389 6.01711 6.5
    endloop
  endfacet
  facet normal -0.0653902 -0.99786 -0
    outer loop
      vertex 32 6 6.5
      vertex 31.7389 6.01711 0
      vertex 32 6 0
    endloop
  endfacet
  facet normal -0.751826 -0.659362 0
    outer loop
      vertex 30.5858 6.58579 0
      vertex 30.4133 6.78248 6.5
      vertex 30.4133 6.78248 0
    endloop
  endfacet
  facet normal -0.751826 -0.659362 0
    outer loop
      vertex 30.4133 6.78248 6.5
      vertex 30.5858 6.58579 0
      vertex 30.5858 6.58579 6.5
    endloop
  endfacet
  facet normal -0.946922 -0.321463 0
    outer loop
      vertex 30.1522 7.23463 0
      vertex 30.0681 7.48236 6.5
      vertex 30.0681 7.48236 0
    endloop
  endfacet
  facet normal -0.946922 -0.321463 0
    outer loop
      vertex 30.0681 7.48236 6.5
      vertex 30.1522 7.23463 0
      vertex 30.1522 7.23463 6.5
    endloop
  endfacet
  facet normal 0.997861 -0.0653646 0
    outer loop
      vertex 33.9829 7.73895 6.5
      vertex 34 8 0
      vertex 34 8 6.5
    endloop
  endfacet
  facet normal 0.997861 -0.0653646 0
    outer loop
      vertex 34 8 0
      vertex 33.9829 7.73895 6.5
      vertex 33.9829 7.73895 0
    endloop
  endfacet
  facet normal 0.751826 -0.659362 0
    outer loop
      vertex 33.4142 6.58579 6.5
      vertex 33.5867 6.78248 0
      vertex 33.5867 6.78248 6.5
    endloop
  endfacet
  facet normal 0.751826 -0.659362 0
    outer loop
      vertex 33.5867 6.78248 0
      vertex 33.4142 6.58579 6.5
      vertex 33.4142 6.58579 0
    endloop
  endfacet
  facet normal 0.896731 -0.442575 0
    outer loop
      vertex 33.732 7 6.5
      vertex 33.8478 7.23463 0
      vertex 33.8478 7.23463 6.5
    endloop
  endfacet
  facet normal 0.896731 -0.442575 0
    outer loop
      vertex 33.8478 7.23463 0
      vertex 33.732 7 6.5
      vertex 33.732 7 0
    endloop
  endfacet
  facet normal -0.442344 -0.896845 0
    outer loop
      vertex 31 6.26795 0
      vertex 31.2346 6.15224 6.5
      vertex 31 6.26795 6.5
    endloop
  endfacet
  facet normal -0.442344 -0.896845 -0
    outer loop
      vertex 31.2346 6.15224 6.5
      vertex 31 6.26795 0
      vertex 31.2346 6.15224 0
    endloop
  endfacet
  facet normal -0.659343 -0.751842 0
    outer loop
      vertex 30.5858 6.58579 0
      vertex 30.7825 6.41329 6.5
      vertex 30.5858 6.58579 6.5
    endloop
  endfacet
  facet normal -0.659343 -0.751842 -0
    outer loop
      vertex 30.7825 6.41329 6.5
      vertex 30.5858 6.58579 0
      vertex 30.7825 6.41329 0
    endloop
  endfacet
  facet normal 0.997861 0.0653646 0
    outer loop
      vertex 42 8 6.5
      vertex 41.9829 8.26105 0
      vertex 41.9829 8.26105 6.5
    endloop
  endfacet
  facet normal 0.997861 0.0653646 0
    outer loop
      vertex 41.9829 8.26105 0
      vertex 42 8 6.5
      vertex 42 8 0
    endloop
  endfacet
  facet normal -0.0653902 0.99786 0
    outer loop
      vertex 40 10 0
      vertex 39.7389 9.98289 6.5
      vertex 40 10 6.5
    endloop
  endfacet
  facet normal -0.0653902 0.99786 0
    outer loop
      vertex 39.7389 9.98289 6.5
      vertex 40 10 0
      vertex 39.7389 9.98289 0
    endloop
  endfacet
  facet normal 0.659343 0.751842 -0
    outer loop
      vertex 41.4142 9.41421 0
      vertex 41.2175 9.58671 6.5
      vertex 41.4142 9.41421 6.5
    endloop
  endfacet
  facet normal 0.659343 0.751842 0
    outer loop
      vertex 41.2175 9.58671 6.5
      vertex 41.4142 9.41421 0
      vertex 41.2175 9.58671 0
    endloop
  endfacet
  facet normal -0.751826 0.659362 0
    outer loop
      vertex 38.4133 9.21752 0
      vertex 38.5858 9.41421 6.5
      vertex 38.5858 9.41421 0
    endloop
  endfacet
  facet normal -0.751826 0.659362 0
    outer loop
      vertex 38.5858 9.41421 6.5
      vertex 38.4133 9.21752 0
      vertex 38.4133 9.21752 6.5
    endloop
  endfacet
  facet normal -0.442344 0.896845 0
    outer loop
      vertex 39.2346 9.84776 0
      vertex 39 9.73205 6.5
      vertex 39.2346 9.84776 6.5
    endloop
  endfacet
  facet normal -0.442344 0.896845 0
    outer loop
      vertex 39 9.73205 6.5
      vertex 39.2346 9.84776 0
      vertex 39 9.73205 0
    endloop
  endfacet
  facet normal 0.896731 0.442575 0
    outer loop
      vertex 41.8478 8.76537 6.5
      vertex 41.732 9 0
      vertex 41.732 9 6.5
    endloop
  endfacet
  facet normal 0.896731 0.442575 0
    outer loop
      vertex 41.732 9 0
      vertex 41.8478 8.76537 6.5
      vertex 41.8478 8.76537 0
    endloop
  endfacet
  facet normal 0.980814 0.194947 0
    outer loop
      vertex 41.9829 8.26105 6.5
      vertex 41.9319 8.51764 0
      vertex 41.9319 8.51764 6.5
    endloop
  endfacet
  facet normal 0.980814 0.194947 0
    outer loop
      vertex 41.9319 8.51764 0
      vertex 41.9829 8.26105 6.5
      vertex 41.9829 8.26105 0
    endloop
  endfacet
  facet normal 0.831544 0.555459 0
    outer loop
      vertex 41.732 9 6.5
      vertex 41.5867 9.21752 0
      vertex 41.5867 9.21752 6.5
    endloop
  endfacet
  facet normal 0.831544 0.555459 0
    outer loop
      vertex 41.5867 9.21752 0
      vertex 41.732 9 6.5
      vertex 41.732 9 0
    endloop
  endfacet
  facet normal 0.321348 0.946961 -0
    outer loop
      vertex 40.7654 9.84776 0
      vertex 40.5176 9.93185 6.5
      vertex 40.7654 9.84776 6.5
    endloop
  endfacet
  facet normal 0.321348 0.946961 0
    outer loop
      vertex 40.5176 9.93185 6.5
      vertex 40.7654 9.84776 0
      vertex 40.5176 9.93185 0
    endloop
  endfacet
  facet normal 0.5556 0.83145 -0
    outer loop
      vertex 41.2175 9.58671 0
      vertex 41 9.73205 6.5
      vertex 41.2175 9.58671 6.5
    endloop
  endfacet
  facet normal 0.5556 0.83145 0
    outer loop
      vertex 41 9.73205 6.5
      vertex 41.2175 9.58671 0
      vertex 41 9.73205 0
    endloop
  endfacet
  facet normal -0.946922 0.321463 0
    outer loop
      vertex 38.0681 8.51764 0
      vertex 38.1522 8.76537 6.5
      vertex 38.1522 8.76537 0
    endloop
  endfacet
  facet normal -0.946922 0.321463 0
    outer loop
      vertex 38.1522 8.76537 6.5
      vertex 38.0681 8.51764 0
      vertex 38.0681 8.51764 6.5
    endloop
  endfacet
  facet normal -0.831368 0.555723 0
    outer loop
      vertex 38.2679 9 0
      vertex 38.4133 9.21752 6.5
      vertex 38.4133 9.21752 0
    endloop
  endfacet
  facet normal -0.831368 0.555723 0
    outer loop
      vertex 38.4133 9.21752 6.5
      vertex 38.2679 9 0
      vertex 38.2679 9 6.5
    endloop
  endfacet
  facet normal -0.980814 0.194947 0
    outer loop
      vertex 38.0171 8.26105 0
      vertex 38.0681 8.51764 6.5
      vertex 38.0681 8.51764 0
    endloop
  endfacet
  facet normal -0.980814 0.194947 0
    outer loop
      vertex 38.0681 8.51764 6.5
      vertex 38.0171 8.26105 0
      vertex 38.0171 8.26105 6.5
    endloop
  endfacet
  facet normal -0.5556 0.83145 0
    outer loop
      vertex 39 9.73205 0
      vertex 38.7825 9.58671 6.5
      vertex 39 9.73205 6.5
    endloop
  endfacet
  facet normal -0.5556 0.83145 0
    outer loop
      vertex 38.7825 9.58671 6.5
      vertex 39 9.73205 0
      vertex 38.7825 9.58671 0
    endloop
  endfacet
  facet normal -0.19516 0.980771 0
    outer loop
      vertex 39.7389 9.98289 0
      vertex 39.4824 9.93185 6.5
      vertex 39.7389 9.98289 6.5
    endloop
  endfacet
  facet normal -0.19516 0.980771 0
    outer loop
      vertex 39.4824 9.93185 6.5
      vertex 39.7389 9.98289 0
      vertex 39.4824 9.93185 0
    endloop
  endfacet
  facet normal 0.19516 -0.980771 0
    outer loop
      vertex 40.2611 6.01711 0
      vertex 40.5176 6.06815 6.5
      vertex 40.2611 6.01711 6.5
    endloop
  endfacet
  facet normal 0.19516 -0.980771 0
    outer loop
      vertex 40.5176 6.06815 6.5
      vertex 40.2611 6.01711 0
      vertex 40.5176 6.06815 0
    endloop
  endfacet
  facet normal 0.5556 -0.83145 0
    outer loop
      vertex 41 6.26795 0
      vertex 41.2175 6.41329 6.5
      vertex 41 6.26795 6.5
    endloop
  endfacet
  facet normal 0.5556 -0.83145 0
    outer loop
      vertex 41.2175 6.41329 6.5
      vertex 41 6.26795 0
      vertex 41.2175 6.41329 0
    endloop
  endfacet
  facet normal 0.980814 -0.194947 0
    outer loop
      vertex 41.9319 7.48236 6.5
      vertex 41.9829 7.73895 0
      vertex 41.9829 7.73895 6.5
    endloop
  endfacet
  facet normal 0.980814 -0.194947 0
    outer loop
      vertex 41.9829 7.73895 0
      vertex 41.9319 7.48236 6.5
      vertex 41.9319 7.48236 0
    endloop
  endfacet
  facet normal -0.19516 -0.980771 0
    outer loop
      vertex 39.4824 6.06815 0
      vertex 39.7389 6.01711 6.5
      vertex 39.4824 6.06815 6.5
    endloop
  endfacet
  facet normal -0.19516 -0.980771 -0
    outer loop
      vertex 39.7389 6.01711 6.5
      vertex 39.4824 6.06815 0
      vertex 39.7389 6.01711 0
    endloop
  endfacet
  facet normal -0.831368 -0.555723 0
    outer loop
      vertex 38.4133 6.78248 0
      vertex 38.2679 7 6.5
      vertex 38.2679 7 0
    endloop
  endfacet
  facet normal -0.831368 -0.555723 0
    outer loop
      vertex 38.2679 7 6.5
      vertex 38.4133 6.78248 0
      vertex 38.4133 6.78248 6.5
    endloop
  endfacet
  facet normal -0.980814 -0.194947 0
    outer loop
      vertex 38.0681 7.48236 0
      vertex 38.0171 7.73895 6.5
      vertex 38.0171 7.73895 0
    endloop
  endfacet
  facet normal -0.980814 -0.194947 0
    outer loop
      vertex 38.0171 7.73895 6.5
      vertex 38.0681 7.48236 0
      vertex 38.0681 7.48236 6.5
    endloop
  endfacet
  facet normal 0.946922 0.321463 0
    outer loop
      vertex 41.9319 8.51764 6.5
      vertex 41.8478 8.76537 0
      vertex 41.8478 8.76537 6.5
    endloop
  endfacet
  facet normal 0.946922 0.321463 0
    outer loop
      vertex 41.8478 8.76537 0
      vertex 41.9319 8.51764 6.5
      vertex 41.9319 8.51764 0
    endloop
  endfacet
  facet normal 0.751826 0.659362 0
    outer loop
      vertex 41.5867 9.21752 6.5
      vertex 41.4142 9.41421 0
      vertex 41.4142 9.41421 6.5
    endloop
  endfacet
  facet normal 0.751826 0.659362 0
    outer loop
      vertex 41.4142 9.41421 0
      vertex 41.5867 9.21752 6.5
      vertex 41.5867 9.21752 0
    endloop
  endfacet
  facet normal 0.19516 0.980771 -0
    outer loop
      vertex 40.5176 9.93185 0
      vertex 40.2611 9.98289 6.5
      vertex 40.5176 9.93185 6.5
    endloop
  endfacet
  facet normal 0.19516 0.980771 0
    outer loop
      vertex 40.2611 9.98289 6.5
      vertex 40.5176 9.93185 0
      vertex 40.2611 9.98289 0
    endloop
  endfacet
  facet normal 0.0653902 0.99786 -0
    outer loop
      vertex 40.2611 9.98289 0
      vertex 40 10 6.5
      vertex 40.2611 9.98289 6.5
    endloop
  endfacet
  facet normal 0.0653902 0.99786 0
    outer loop
      vertex 40 10 6.5
      vertex 40.2611 9.98289 0
      vertex 40 10 0
    endloop
  endfacet
  facet normal 0.442344 0.896845 -0
    outer loop
      vertex 41 9.73205 0
      vertex 40.7654 9.84776 6.5
      vertex 41 9.73205 6.5
    endloop
  endfacet
  facet normal 0.442344 0.896845 0
    outer loop
      vertex 40.7654 9.84776 6.5
      vertex 41 9.73205 0
      vertex 40.7654 9.84776 0
    endloop
  endfacet
  facet normal 0 0 -1
    outer loop
      vertex 41.9829 7.73895 0
      vertex 41.9829 8.26105 0
      vertex 42 8 0
    endloop
  endfacet
  facet normal 0 0 -1
    outer loop
      vertex 41.9319 7.48236 0
      vertex 41.9829 8.26105 0
      vertex 41.9829 7.73895 0
    endloop
  endfacet
  facet normal 0 0 -1
    outer loop
      vertex 41.9319 7.48236 0
      vertex 41.9319 8.51764 0
      vertex 41.9829 8.26105 0
    endloop
  endfacet
  facet normal 0 0 -1
    outer loop
      vertex 41.8478 7.23463 0
      vertex 41.9319 8.51764 0
      vertex 41.9319 7.48236 0
    endloop
  endfacet
  facet normal 0 0 -1
    outer loop
      vertex 41.8478 7.23463 0
      vertex 41.8478 8.76537 0
      vertex 41.9319 8.51764 0
    endloop
  endfacet
  facet normal 0 0 -1
    outer loop
      vertex 41.732 7 0
      vertex 41.8478 8.76537 0
      vertex 41.8478 7.23463 0
    endloop
  endfacet
  facet normal 0 0 -1
    outer loop
      vertex 41.732 7 0
      vertex 41.732 9 0
      vertex 41.8478 8.76537 0
    endloop
  endfacet
  facet normal 0 0 -1
    outer loop
      vertex 41.5867 6.78248 0
      vertex 41.732 9 0
      vertex 41.732 7 0
    endloop
  endfacet
  facet normal 0 0 -1
    outer loop
      vertex 41.5867 6.78248 0
      vertex 41.5867 9.21752 0
      vertex 41.732 9 0
    endloop
  endfacet
  facet normal 0 0 -1
    outer loop
      vertex 41.4142 6.58579 0
      vertex 41.5867 9.21752 0
      vertex 41.5867 6.78248 0
    endloop
  endfacet
  facet normal 0 0 -1
    outer loop
      vertex 41.4142 6.58579 0
      vertex 41.4142 9.41421 0
      vertex 41.5867 9.21752 0
    endloop
  endfacet
  facet normal 0 0 -1
    outer loop
      vertex 41.2175 6.41329 0
      vertex 41.4142 9.41421 0
      vertex 41.4142 6.58579 0
    endloop
  endfacet
  facet normal 0 0 -1
    outer loop
      vertex 41.2175 6.41329 0
      vertex 41.2175 9.58671 0
      vertex 41.4142 9.41421 0
    endloop
  endfacet
  facet normal 0 0 -1
    outer loop
      vertex 41 6.26795 0
      vertex 41.2175 9.58671 0
      vertex 41.2175 6.41329 0
    endloop
  endfacet
  facet normal 0 0 -1
    outer loop
      vertex 41 6.26795 0
      vertex 41 9.73205 0
      vertex 41.2175 9.58671 0
    endloop
  endfacet
  facet normal 0 0 -1
    outer loop
      vertex 40.7654 6.15224 0
      vertex 41 9.73205 0
      vertex 41 6.26795 0
    endloop
  endfacet
  facet normal 0 0 -1
    outer loop
      vertex 40.7654 6.15224 0
      vertex 40.7654 9.84776 0
      vertex 41 9.73205 0
    endloop
  endfacet
  facet normal 0 0 -1
    outer loop
      vertex 40.5176 6.06815 0
      vertex 40.7654 9.84776 0
      vertex 40.7654 6.15224 0
    endloop
  endfacet
  facet normal 0 0 -1
    outer loop
      vertex 40.5176 6.06815 0
      vertex 40.5176 9.93185 0
      vertex 40.7654 9.84776 0
    endloop
  endfacet
  facet normal 0 0 -1
    outer loop
      vertex 40.2611 6.01711 0
      vertex 40.5176 9.93185 0
      vertex 40.5176 6.06815 0
    endloop
  endfacet
  facet normal 0 0 -1
    outer loop
      vertex 40.2611 6.01711 0
      vertex 40.2611 9.98289 0
      vertex 40.5176 9.93185 0
    endloop
  endfacet
  facet normal 0 0 -1
    outer loop
      vertex 40 6 0
      vertex 40.2611 9.98289 0
      vertex 40.2611 6.01711 0
    endloop
  endfacet
  facet normal 0 0 -1
    outer loop
      vertex 40 6 0
      vertex 40 10 0
      vertex 40.2611 9.98289 0
    endloop
  endfacet
  facet normal 0 0 -1
    outer loop
      vertex 39.7389 6.01711 0
      vertex 40 10 0
      vertex 40 6 0
    endloop
  endfacet
  facet normal 0 0 -1
    outer loop
      vertex 39.7389 6.01711 0
      vertex 39.7389 9.98289 0
      vertex 40 10 0
    endloop
  endfacet
  facet normal 0 0 -1
    outer loop
      vertex 39.4824 6.06815 0
      vertex 39.7389 9.98289 0
      vertex 39.7389 6.01711 0
    endloop
  endfacet
  facet normal 0 0 -1
    outer loop
      vertex 39.4824 6.06815 0
      vertex 39.4824 9.93185 0
      vertex 39.7389 9.98289 0
    endloop
  endfacet
  facet normal 0 0 -1
    outer loop
      vertex 39.2346 6.15224 0
      vertex 39.4824 9.93185 0
      vertex 39.4824 6.06815 0
    endloop
  endfacet
  facet normal 0 0 -1
    outer loop
      vertex 39.2346 6.15224 0
      vertex 39.2346 9.84776 0
      vertex 39.4824 9.93185 0
    endloop
  endfacet
  facet normal 0 0 -1
    outer loop
      vertex 39 6.26795 0
      vertex 39.2346 9.84776 0
      vertex 39.2346 6.15224 0
    endloop
  endfacet
  facet normal 0 0 -1
    outer loop
      vertex 39 6.26795 0
      vertex 39 9.73205 0
      vertex 39.2346 9.84776 0
    endloop
  endfacet
  facet normal 0 0 -1
    outer loop
      vertex 38.7825 6.41329 0
      vertex 39 9.73205 0
      vertex 39 6.26795 0
    endloop
  endfacet
  facet normal 0 0 -1
    outer loop
      vertex 38.7825 6.41329 0
      vertex 38.7825 9.58671 0
      vertex 39 9.73205 0
    endloop
  endfacet
  facet normal 0 0 -1
    outer loop
      vertex 38.5858 6.58579 0
      vertex 38.7825 9.58671 0
      vertex 38.7825 6.41329 0
    endloop
  endfacet
  facet normal 0 0 -1
    outer loop
      vertex 38.5858 6.58579 0
      vertex 38.5858 9.41421 0
      vertex 38.7825 9.58671 0
    endloop
  endfacet
  facet normal 0 0 -1
    outer loop
      vertex 38.4133 6.78248 0
      vertex 38.5858 9.41421 0
      vertex 38.5858 6.58579 0
    endloop
  endfacet
  facet normal 0 0 -1
    outer loop
      vertex 38.4133 6.78248 0
      vertex 38.4133 9.21752 0
      vertex 38.5858 9.41421 0
    endloop
  endfacet
  facet normal 0 0 -1
    outer loop
      vertex 38.2679 7 0
      vertex 38.4133 9.21752 0
      vertex 38.4133 6.78248 0
    endloop
  endfacet
  facet normal 0 0 -1
    outer loop
      vertex 38.2679 7 0
      vertex 38.2679 9 0
      vertex 38.4133 9.21752 0
    endloop
  endfacet
  facet normal 0 0 -1
    outer loop
      vertex 38.1522 7.23463 0
      vertex 38.2679 9 0
      vertex 38.2679 7 0
    endloop
  endfacet
  facet normal 0 0 -1
    outer loop
      vertex 38.1522 7.23463 0
      vertex 38.1522 8.76537 0
      vertex 38.2679 9 0
    endloop
  endfacet
  facet normal 0 0 -1
    outer loop
      vertex 38.0681 7.48236 0
      vertex 38.1522 8.76537 0
      vertex 38.1522 7.23463 0
    endloop
  endfacet
  facet normal 0 0 -1
    outer loop
      vertex 38.0681 7.48236 0
      vertex 38.0681 8.51764 0
      vertex 38.1522 8.76537 0
    endloop
  endfacet
  facet normal 0 0 -1
    outer loop
      vertex 38.0171 7.73895 0
      vertex 38.0681 8.51764 0
      vertex 38.0681 7.48236 0
    endloop
  endfacet
  facet normal 0 0 -1
    outer loop
      vertex 38.0171 7.73895 0
      vertex 38.0171 8.26105 0
      vertex 38.0681 8.51764 0
    endloop
  endfacet
  facet normal 0 -0 -1
    outer loop
      vertex 38.0171 8.26105 0
      vertex 38.0171 7.73895 0
      vertex 38 8 0
    endloop
  endfacet
  facet normal -0.896883 0.442268 0
    outer loop
      vertex 38.1522 8.76537 0
      vertex 38.2679 9 6.5
      vertex 38.2679 9 0
    endloop
  endfacet
  facet normal -0.896883 0.442268 0
    outer loop
      vertex 38.2679 9 6.5
      vertex 38.1522 8.76537 0
      vertex 38.1522 8.76537 6.5
    endloop
  endfacet
  facet normal -0.997861 0.0653646 0
    outer loop
      vertex 38 8 0
      vertex 38.0171 8.26105 6.5
      vertex 38.0171 8.26105 0
    endloop
  endfacet
  facet normal -0.997861 0.0653646 0
    outer loop
      vertex 38.0171 8.26105 6.5
      vertex 38 8 0
      vertex 38 8 6.5
    endloop
  endfacet
  facet normal 0 0 1
    outer loop
      vertex 41.9829 8.26105 6.5
      vertex 41.9829 7.73895 6.5
      vertex 42 8 6.5
    endloop
  endfacet
  facet normal 0 0 1
    outer loop
      vertex 41.9319 8.51764 6.5
      vertex 41.9829 7.73895 6.5
      vertex 41.9829 8.26105 6.5
    endloop
  endfacet
  facet normal 0 0 1
    outer loop
      vertex 41.9319 8.51764 6.5
      vertex 41.9319 7.48236 6.5
      vertex 41.9829 7.73895 6.5
    endloop
  endfacet
  facet normal 0 0 1
    outer loop
      vertex 41.8478 8.76537 6.5
      vertex 41.9319 7.48236 6.5
      vertex 41.9319 8.51764 6.5
    endloop
  endfacet
  facet normal 0 0 1
    outer loop
      vertex 41.8478 8.76537 6.5
      vertex 41.8478 7.23463 6.5
      vertex 41.9319 7.48236 6.5
    endloop
  endfacet
  facet normal 0 0 1
    outer loop
      vertex 41.732 9 6.5
      vertex 41.8478 7.23463 6.5
      vertex 41.8478 8.76537 6.5
    endloop
  endfacet
  facet normal 0 0 1
    outer loop
      vertex 41.732 9 6.5
      vertex 41.732 7 6.5
      vertex 41.8478 7.23463 6.5
    endloop
  endfacet
  facet normal 0 0 1
    outer loop
      vertex 41.5867 9.21752 6.5
      vertex 41.732 7 6.5
      vertex 41.732 9 6.5
    endloop
  endfacet
  facet normal 0 0 1
    outer loop
      vertex 41.5867 9.21752 6.5
      vertex 41.5867 6.78248 6.5
      vertex 41.732 7 6.5
    endloop
  endfacet
  facet normal 0 0 1
    outer loop
      vertex 41.4142 9.41421 6.5
      vertex 41.5867 6.78248 6.5
      vertex 41.5867 9.21752 6.5
    endloop
  endfacet
  facet normal 0 0 1
    outer loop
      vertex 41.4142 9.41421 6.5
      vertex 41.4142 6.58579 6.5
      vertex 41.5867 6.78248 6.5
    endloop
  endfacet
  facet normal 0 0 1
    outer loop
      vertex 41.2175 9.58671 6.5
      vertex 41.4142 6.58579 6.5
      vertex 41.4142 9.41421 6.5
    endloop
  endfacet
  facet normal 0 0 1
    outer loop
      vertex 41.2175 9.58671 6.5
      vertex 41.2175 6.41329 6.5
      vertex 41.4142 6.58579 6.5
    endloop
  endfacet
  facet normal 0 0 1
    outer loop
      vertex 41 9.73205 6.5
      vertex 41.2175 6.41329 6.5
      vertex 41.2175 9.58671 6.5
    endloop
  endfacet
  facet normal 0 0 1
    outer loop
      vertex 41 9.73205 6.5
      vertex 41 6.26795 6.5
      vertex 41.2175 6.41329 6.5
    endloop
  endfacet
  facet normal 0 0 1
    outer loop
      vertex 40.7654 9.84776 6.5
      vertex 41 6.26795 6.5
      vertex 41 9.73205 6.5
    endloop
  endfacet
  facet normal 0 0 1
    outer loop
      vertex 40.7654 9.84776 6.5
      vertex 40.7654 6.15224 6.5
      vertex 41 6.26795 6.5
    endloop
  endfacet
  facet normal 0 0 1
    outer loop
      vertex 40.5176 9.93185 6.5
      vertex 40.7654 6.15224 6.5
      vertex 40.7654 9.84776 6.5
    endloop
  endfacet
  facet normal 0 0 1
    outer loop
      vertex 40.5176 9.93185 6.5
      vertex 40.5176 6.06815 6.5
      vertex 40.7654 6.15224 6.5
    endloop
  endfacet
  facet normal 0 0 1
    outer loop
      vertex 40.2611 9.98289 6.5
      vertex 40.5176 6.06815 6.5
      vertex 40.5176 9.93185 6.5
    endloop
  endfacet
  facet normal 0 0 1
    outer loop
      vertex 40.2611 9.98289 6.5
      vertex 40.2611 6.01711 6.5
      vertex 40.5176 6.06815 6.5
    endloop
  endfacet
  facet normal 0 0 1
    outer loop
      vertex 40 10 6.5
      vertex 40.2611 6.01711 6.5
      vertex 40.2611 9.98289 6.5
    endloop
  endfacet
  facet normal 0 0 1
    outer loop
      vertex 40 10 6.5
      vertex 40 6 6.5
      vertex 40.2611 6.01711 6.5
    endloop
  endfacet
  facet normal -0 0 1
    outer loop
      vertex 39.7389 9.98289 6.5
      vertex 40 6 6.5
      vertex 40 10 6.5
    endloop
  endfacet
  facet normal 0 0 1
    outer loop
      vertex 39.7389 9.98289 6.5
      vertex 39.7389 6.01711 6.5
      vertex 40 6 6.5
    endloop
  endfacet
  facet normal -0 0 1
    outer loop
      vertex 39.4824 9.93185 6.5
      vertex 39.7389 6.01711 6.5
      vertex 39.7389 9.98289 6.5
    endloop
  endfacet
  facet normal 0 0 1
    outer loop
      vertex 39.4824 9.93185 6.5
      vertex 39.4824 6.06815 6.5
      vertex 39.7389 6.01711 6.5
    endloop
  endfacet
  facet normal -0 0 1
    outer loop
      vertex 39.2346 9.84776 6.5
      vertex 39.4824 6.06815 6.5
      vertex 39.4824 9.93185 6.5
    endloop
  endfacet
  facet normal 0 0 1
    outer loop
      vertex 39.2346 9.84776 6.5
      vertex 39.2346 6.15224 6.5
      vertex 39.4824 6.06815 6.5
    endloop
  endfacet
  facet normal -0 0 1
    outer loop
      vertex 39 9.73205 6.5
      vertex 39.2346 6.15224 6.5
      vertex 39.2346 9.84776 6.5
    endloop
  endfacet
  facet normal 0 0 1
    outer loop
      vertex 39 9.73205 6.5
      vertex 39 6.26795 6.5
      vertex 39.2346 6.15224 6.5
    endloop
  endfacet
  facet normal -0 0 1
    outer loop
      vertex 38.7825 9.58671 6.5
      vertex 39 6.26795 6.5
      vertex 39 9.73205 6.5
    endloop
  endfacet
  facet normal 0 0 1
    outer loop
      vertex 38.7825 9.58671 6.5
      vertex 38.7825 6.41329 6.5
      vertex 39 6.26795 6.5
    endloop
  endfacet
  facet normal -0 0 1
    outer loop
      vertex 38.5858 9.41421 6.5
      vertex 38.7825 6.41329 6.5
      vertex 38.7825 9.58671 6.5
    endloop
  endfacet
  facet normal 0 0 1
    outer loop
      vertex 38.5858 9.41421 6.5
      vertex 38.5858 6.58579 6.5
      vertex 38.7825 6.41329 6.5
    endloop
  endfacet
  facet normal -0 0 1
    outer loop
      vertex 38.4133 9.21752 6.5
      vertex 38.5858 6.58579 6.5
      vertex 38.5858 9.41421 6.5
    endloop
  endfacet
  facet normal 0 0 1
    outer loop
      vertex 38.4133 9.21752 6.5
      vertex 38.4133 6.78248 6.5
      vertex 38.5858 6.58579 6.5
    endloop
  endfacet
  facet normal -0 0 1
    outer loop
      vertex 38.2679 9 6.5
      vertex 38.4133 6.78248 6.5
      vertex 38.4133 9.21752 6.5
    endloop
  endfacet
  facet normal 0 0 1
    outer loop
      vertex 38.2679 9 6.5
      vertex 38.2679 7 6.5
      vertex 38.4133 6.78248 6.5
    endloop
  endfacet
  facet normal -0 0 1
    outer loop
      vertex 38.1522 8.76537 6.5
      vertex 38.2679 7 6.5
      vertex 38.2679 9 6.5
    endloop
  endfacet
  facet normal 0 0 1
    outer loop
      vertex 38.1522 8.76537 6.5
      vertex 38.1522 7.23463 6.5
      vertex 38.2679 7 6.5
    endloop
  endfacet
  facet normal -0 0 1
    outer loop
      vertex 38.0681 8.51764 6.5
      vertex 38.1522 7.23463 6.5
      vertex 38.1522 8.76537 6.5
    endloop
  endfacet
  facet normal 0 0 1
    outer loop
      vertex 38.0681 8.51764 6.5
      vertex 38.0681 7.48236 6.5
      vertex 38.1522 7.23463 6.5
    endloop
  endfacet
  facet normal -0 0 1
    outer loop
      vertex 38.0171 8.26105 6.5
      vertex 38.0681 7.48236 6.5
      vertex 38.0681 8.51764 6.5
    endloop
  endfacet
  facet normal 0 0 1
    outer loop
      vertex 38.0171 8.26105 6.5
      vertex 38.0171 7.73895 6.5
      vertex 38.0681 7.48236 6.5
    endloop
  endfacet
  facet normal 0 -0 1
    outer loop
      vertex 38.0171 7.73895 6.5
      vertex 38.0171 8.26105 6.5
      vertex 38 8 6.5
    endloop
  endfacet
  facet normal -0.659343 0.751842 0
    outer loop
      vertex 38.7825 9.58671 0
      vertex 38.5858 9.41421 6.5
      vertex 38.7825 9.58671 6.5
    endloop
  endfacet
  facet normal -0.659343 0.751842 0
    outer loop
      vertex 38.5858 9.41421 6.5
      vertex 38.7825 9.58671 0
      vertex 38.5858 9.41421 0
    endloop
  endfacet
  facet normal -0.321348 0.946961 0
    outer loop
      vertex 39.4824 9.93185 0
      vertex 39.2346 9.84776 6.5
      vertex 39.4824 9.93185 6.5
    endloop
  endfacet
  facet normal -0.321348 0.946961 0
    outer loop
      vertex 39.2346 9.84776 6.5
      vertex 39.4824 9.93185 0
      vertex 39.2346 9.84776 0
    endloop
  endfacet
  facet normal 0.997861 -0.0653646 0
    outer loop
      vertex 41.9829 7.73895 6.5
      vertex 42 8 0
      vertex 42 8 6.5
    endloop
  endfacet
  facet normal 0.997861 -0.0653646 0
    outer loop
      vertex 42 8 0
      vertex 41.9829 7.73895 6.5
      vertex 41.9829 7.73895 0
    endloop
  endfacet
  facet normal 0.321348 -0.946961 0
    outer loop
      vertex 40.5176 6.06815 0
      vertex 40.7654 6.15224 6.5
      vertex 40.5176 6.06815 6.5
    endloop
  endfacet
  facet normal 0.321348 -0.946961 0
    outer loop
      vertex 40.7654 6.15224 6.5
      vertex 40.5176 6.06815 0
      vertex 40.7654 6.15224 0
    endloop
  endfacet
  facet normal 0.659343 -0.751842 0
    outer loop
      vertex 41.2175 6.41329 0
      vertex 41.4142 6.58579 6.5
      vertex 41.2175 6.41329 6.5
    endloop
  endfacet
  facet normal 0.659343 -0.751842 0
    outer loop
      vertex 41.4142 6.58579 6.5
      vertex 41.2175 6.41329 0
      vertex 41.4142 6.58579 0
    endloop
  endfacet
  facet normal 0.831544 -0.555459 0
    outer loop
      vertex 41.5867 6.78248 6.5
      vertex 41.732 7 0
      vertex 41.732 7 6.5
    endloop
  endfacet
  facet normal 0.831544 -0.555459 0
    outer loop
      vertex 41.732 7 0
      vertex 41.5867 6.78248 6.5
      vertex 41.5867 6.78248 0
    endloop
  endfacet
  facet normal 0.946922 -0.321463 0
    outer loop
      vertex 41.8478 7.23463 6.5
      vertex 41.9319 7.48236 0
      vertex 41.9319 7.48236 6.5
    endloop
  endfacet
  facet normal 0.946922 -0.321463 0
    outer loop
      vertex 41.9319 7.48236 0
      vertex 41.8478 7.23463 6.5
      vertex 41.8478 7.23463 0
    endloop
  endfacet
  facet normal -0.5556 -0.83145 0
    outer loop
      vertex 38.7825 6.41329 0
      vertex 39 6.26795 6.5
      vertex 38.7825 6.41329 6.5
    endloop
  endfacet
  facet normal -0.5556 -0.83145 -0
    outer loop
      vertex 39 6.26795 6.5
      vertex 38.7825 6.41329 0
      vertex 39 6.26795 0
    endloop
  endfacet
  facet normal -0.321348 -0.946961 0
    outer loop
      vertex 39.2346 6.15224 0
      vertex 39.4824 6.06815 6.5
      vertex 39.2346 6.15224 6.5
    endloop
  endfacet
  facet normal -0.321348 -0.946961 -0
    outer loop
      vertex 39.4824 6.06815 6.5
      vertex 39.2346 6.15224 0
      vertex 39.4824 6.06815 0
    endloop
  endfacet
  facet normal -0.0653902 -0.99786 0
    outer loop
      vertex 39.7389 6.01711 0
      vertex 40 6 6.5
      vertex 39.7389 6.01711 6.5
    endloop
  endfacet
  facet normal -0.0653902 -0.99786 -0
    outer loop
      vertex 40 6 6.5
      vertex 39.7389 6.01711 0
      vertex 40 6 0
    endloop
  endfacet
  facet normal -0.751826 -0.659362 0
    outer loop
      vertex 38.5858 6.58579 0
      vertex 38.4133 6.78248 6.5
      vertex 38.4133 6.78248 0
    endloop
  endfacet
  facet normal -0.751826 -0.659362 0
    outer loop
      vertex 38.4133 6.78248 6.5
      vertex 38.5858 6.58579 0
      vertex 38.5858 6.58579 6.5
    endloop
  endfacet
  facet normal -0.946922 -0.321463 0
    outer loop
      vertex 38.1522 7.23463 0
      vertex 38.0681 7.48236 6.5
      vertex 38.0681 7.48236 0
    endloop
  endfacet
  facet normal -0.946922 -0.321463 0
    outer loop
      vertex 38.0681 7.48236 6.5
      vertex 38.1522 7.23463 0
      vertex 38.1522 7.23463 6.5
    endloop
  endfacet
  facet normal -0.997861 -0.0653646 0
    outer loop
      vertex 38.0171 7.73895 0
      vertex 38 8 6.5
      vertex 38 8 0
    endloop
  endfacet
  facet normal -0.997861 -0.0653646 0
    outer loop
      vertex 38 8 6.5
      vertex 38.0171 7.73895 0
      vertex 38.0171 7.73895 6.5
    endloop
  endfacet
  facet normal 0.442344 -0.896845 0
    outer loop
      vertex 40.7654 6.15224 0
      vertex 41 6.26795 6.5
      vertex 40.7654 6.15224 6.5
    endloop
  endfacet
  facet normal 0.442344 -0.896845 0
    outer loop
      vertex 41 6.26795 6.5
      vertex 40.7654 6.15224 0
      vertex 41 6.26795 0
    endloop
  endfacet
  facet normal 0.751826 -0.659362 0
    outer loop
      vertex 41.4142 6.58579 6.5
      vertex 41.5867 6.78248 0
      vertex 41.5867 6.78248 6.5
    endloop
  endfacet
  facet normal 0.751826 -0.659362 0
    outer loop
      vertex 41.5867 6.78248 0
      vertex 41.4142 6.58579 6.5
      vertex 41.4142 6.58579 0
    endloop
  endfacet
  facet normal 0.896731 -0.442575 0
    outer loop
      vertex 41.732 7 6.5
      vertex 41.8478 7.23463 0
      vertex 41.8478 7.23463 6.5
    endloop
  endfacet
  facet normal 0.896731 -0.442575 0
    outer loop
      vertex 41.8478 7.23463 0
      vertex 41.732 7 6.5
      vertex 41.732 7 0
    endloop
  endfacet
  facet normal -0.442344 -0.896845 0
    outer loop
      vertex 39 6.26795 0
      vertex 39.2346 6.15224 6.5
      vertex 39 6.26795 6.5
    endloop
  endfacet
  facet normal -0.442344 -0.896845 -0
    outer loop
      vertex 39.2346 6.15224 6.5
      vertex 39 6.26795 0
      vertex 39.2346 6.15224 0
    endloop
  endfacet
  facet normal 0.0653902 -0.99786 0
    outer loop
      vertex 40 6 0
      vertex 40.2611 6.01711 6.5
      vertex 40 6 6.5
    endloop
  endfacet
  facet normal 0.0653902 -0.99786 0
    outer loop
      vertex 40.2611 6.01711 6.5
      vertex 40 6 0
      vertex 40.2611 6.01711 0
    endloop
  endfacet
  facet normal -0.659343 -0.751842 0
    outer loop
      vertex 38.5858 6.58579 0
      vertex 38.7825 6.41329 6.5
      vertex 38.5858 6.58579 6.5
    endloop
  endfacet
  facet normal -0.659343 -0.751842 -0
    outer loop
      vertex 38.7825 6.41329 6.5
      vertex 38.5858 6.58579 0
      vertex 38.7825 6.41329 0
    endloop
  endfacet
  facet normal -0.896883 -0.442268 0
    outer loop
      vertex 38.2679 7 0
      vertex 38.1522 7.23463 6.5
      vertex 38.1522 7.23463 0
    endloop
  endfacet
  facet normal -0.896883 -0.442268 0
    outer loop
      vertex 38.1522 7.23463 6.5
      vertex 38.2679 7 0
      vertex 38.2679 7 6.5
    endloop
  endfacet
  facet normal 0.99786 0.0653902 0
    outer loop
      vertex 2 16 6.5
      vertex 1.98289 16.2611 0
      vertex 1.98289 16.2611 6.5
    endloop
  endfacet
  facet normal 0.99786 0.0653902 0
    outer loop
      vertex 1.98289 16.2611 0
      vertex 2 16 6.5
      vertex 2 16 0
    endloop
  endfacet
  facet normal -0.0653641 0.997861 0
    outer loop
      vertex 0 18 0
      vertex -0.261052 17.9829 6.5
      vertex 0 18 6.5
    endloop
  endfacet
  facet normal -0.0653641 0.997861 0
    outer loop
      vertex -0.261052 17.9829 6.5
      vertex 0 18 0
      vertex -0.261052 17.9829 0
    endloop
  endfacet
  facet normal 0.0653641 -0.997861 0
    outer loop
      vertex 0 14 0
      vertex 0.261052 14.0171 6.5
      vertex 0 14 6.5
    endloop
  endfacet
  facet normal 0.0653641 -0.997861 0
    outer loop
      vertex 0.261052 14.0171 6.5
      vertex 0 14 0
      vertex 0.261052 14.0171 0
    endloop
  endfacet
  facet normal 0.659362 0.751826 -0
    outer loop
      vertex 1.41421 17.4142 0
      vertex 1.21752 17.5867 6.5
      vertex 1.41421 17.4142 6.5
    endloop
  endfacet
  facet normal 0.659362 0.751826 0
    outer loop
      vertex 1.21752 17.5867 6.5
      vertex 1.41421 17.4142 0
      vertex 1.21752 17.5867 0
    endloop
  endfacet
  facet normal -0.751842 0.659343 0
    outer loop
      vertex -1.58671 17.2175 0
      vertex -1.41421 17.4142 6.5
      vertex -1.41421 17.4142 0
    endloop
  endfacet
  facet normal -0.751842 0.659343 0
    outer loop
      vertex -1.41421 17.4142 6.5
      vertex -1.58671 17.2175 0
      vertex -1.58671 17.2175 6.5
    endloop
  endfacet
  facet normal -0.442571 0.896734 0
    outer loop
      vertex -0.765367 17.8478 0
      vertex -1 17.732 6.5
      vertex -0.765367 17.8478 6.5
    endloop
  endfacet
  facet normal -0.442571 0.896734 0
    outer loop
      vertex -1 17.732 6.5
      vertex -0.765367 17.8478 0
      vertex -1 17.732 0
    endloop
  endfacet
  facet normal -0.946961 -0.321348 0
    outer loop
      vertex -1.84776 15.2346 0
      vertex -1.93185 15.4824 6.5
      vertex -1.93185 15.4824 0
    endloop
  endfacet
  facet normal -0.946961 -0.321348 0
    outer loop
      vertex -1.93185 15.4824 6.5
      vertex -1.84776 15.2346 0
      vertex -1.84776 15.2346 6.5
    endloop
  endfacet
  facet normal 0.896845 0.442344 0
    outer loop
      vertex 1.84776 16.7654 6.5
      vertex 1.73205 17 0
      vertex 1.73205 17 6.5
    endloop
  endfacet
  facet normal 0.896845 0.442344 0
    outer loop
      vertex 1.73205 17 0
      vertex 1.84776 16.7654 6.5
      vertex 1.84776 16.7654 0
    endloop
  endfacet
  facet normal 0.980771 0.19516 0
    outer loop
      vertex 1.98289 16.2611 6.5
      vertex 1.93185 16.5176 0
      vertex 1.93185 16.5176 6.5
    endloop
  endfacet
  facet normal 0.980771 0.19516 0
    outer loop
      vertex 1.93185 16.5176 0
      vertex 1.98289 16.2611 6.5
      vertex 1.98289 16.2611 0
    endloop
  endfacet
  facet normal 0.83145 0.5556 0
    outer loop
      vertex 1.73205 17 6.5
      vertex 1.58671 17.2175 0
      vertex 1.58671 17.2175 6.5
    endloop
  endfacet
  facet normal 0.83145 0.5556 0
    outer loop
      vertex 1.58671 17.2175 0
      vertex 1.73205 17 6.5
      vertex 1.73205 17 0
    endloop
  endfacet
  facet normal 0.321463 0.946922 -0
    outer loop
      vertex 0.765367 17.8478 0
      vertex 0.517637 17.9319 6.5
      vertex 0.765367 17.8478 6.5
    endloop
  endfacet
  facet normal 0.321463 0.946922 0
    outer loop
      vertex 0.517637 17.9319 6.5
      vertex 0.765367 17.8478 0
      vertex 0.517637 17.9319 0
    endloop
  endfacet
  facet normal 0.555459 0.831544 -0
    outer loop
      vertex 1.21752 17.5867 0
      vertex 1 17.732 6.5
      vertex 1.21752 17.5867 6.5
    endloop
  endfacet
  facet normal 0.555459 0.831544 0
    outer loop
      vertex 1 17.732 6.5
      vertex 1.21752 17.5867 0
      vertex 1 17.732 0
    endloop
  endfacet
  facet normal -0.896845 0.442344 0
    outer loop
      vertex -1.84776 16.7654 0
      vertex -1.73205 17 6.5
      vertex -1.73205 17 0
    endloop
  endfacet
  facet normal -0.896845 0.442344 0
    outer loop
      vertex -1.73205 17 6.5
      vertex -1.84776 16.7654 0
      vertex -1.84776 16.7654 6.5
    endloop
  endfacet
  facet normal 0 0 -1
    outer loop
      vertex 1.98289 15.7389 0
      vertex 1.98289 16.2611 0
      vertex 2 16 0
    endloop
  endfacet
  facet normal 0 0 -1
    outer loop
      vertex 1.93185 15.4824 0
      vertex 1.98289 16.2611 0
      vertex 1.98289 15.7389 0
    endloop
  endfacet
  facet normal 0 0 -1
    outer loop
      vertex 1.93185 15.4824 0
      vertex 1.93185 16.5176 0
      vertex 1.98289 16.2611 0
    endloop
  endfacet
  facet normal 0 0 -1
    outer loop
      vertex 1.84776 15.2346 0
      vertex 1.93185 16.5176 0
      vertex 1.93185 15.4824 0
    endloop
  endfacet
  facet normal 0 0 -1
    outer loop
      vertex 1.84776 15.2346 0
      vertex 1.84776 16.7654 0
      vertex 1.93185 16.5176 0
    endloop
  endfacet
  facet normal 0 0 -1
    outer loop
      vertex 1.73205 15 0
      vertex 1.84776 16.7654 0
      vertex 1.84776 15.2346 0
    endloop
  endfacet
  facet normal 0 0 -1
    outer loop
      vertex 1.73205 15 0
      vertex 1.73205 17 0
      vertex 1.84776 16.7654 0
    endloop
  endfacet
  facet normal 0 0 -1
    outer loop
      vertex 1.58671 14.7825 0
      vertex 1.73205 17 0
      vertex 1.73205 15 0
    endloop
  endfacet
  facet normal 0 0 -1
    outer loop
      vertex 1.58671 14.7825 0
      vertex 1.58671 17.2175 0
      vertex 1.73205 17 0
    endloop
  endfacet
  facet normal 0 0 -1
    outer loop
      vertex 1.41421 14.5858 0
      vertex 1.58671 17.2175 0
      vertex 1.58671 14.7825 0
    endloop
  endfacet
  facet normal 0 0 -1
    outer loop
      vertex 1.41421 14.5858 0
      vertex 1.41421 17.4142 0
      vertex 1.58671 17.2175 0
    endloop
  endfacet
  facet normal 0 0 -1
    outer loop
      vertex 1.21752 14.4133 0
      vertex 1.41421 17.4142 0
      vertex 1.41421 14.5858 0
    endloop
  endfacet
  facet normal 0 0 -1
    outer loop
      vertex 1.21752 14.4133 0
      vertex 1.21752 17.5867 0
      vertex 1.41421 17.4142 0
    endloop
  endfacet
  facet normal 0 0 -1
    outer loop
      vertex 1 14.2679 0
      vertex 1.21752 17.5867 0
      vertex 1.21752 14.4133 0
    endloop
  endfacet
  facet normal 0 0 -1
    outer loop
      vertex 1 14.2679 0
      vertex 1 17.732 0
      vertex 1.21752 17.5867 0
    endloop
  endfacet
  facet normal 0 0 -1
    outer loop
      vertex 0.765367 14.1522 0
      vertex 1 17.732 0
      vertex 1 14.2679 0
    endloop
  endfacet
  facet normal 0 0 -1
    outer loop
      vertex 0.765367 14.1522 0
      vertex 0.765367 17.8478 0
      vertex 1 17.732 0
    endloop
  endfacet
  facet normal 0 0 -1
    outer loop
      vertex 0.517637 14.0681 0
      vertex 0.765367 17.8478 0
      vertex 0.765367 14.1522 0
    endloop
  endfacet
  facet normal 0 0 -1
    outer loop
      vertex 0.517637 14.0681 0
      vertex 0.517637 17.9319 0
      vertex 0.765367 17.8478 0
    endloop
  endfacet
  facet normal 0 0 -1
    outer loop
      vertex 0.261052 14.0171 0
      vertex 0.517637 17.9319 0
      vertex 0.517637 14.0681 0
    endloop
  endfacet
  facet normal 0 0 -1
    outer loop
      vertex 0.261052 14.0171 0
      vertex 0.261052 17.9829 0
      vertex 0.517637 17.9319 0
    endloop
  endfacet
  facet normal 0 0 -1
    outer loop
      vertex 0 14 0
      vertex 0.261052 17.9829 0
      vertex 0.261052 14.0171 0
    endloop
  endfacet
  facet normal 0 0 -1
    outer loop
      vertex 0 14 0
      vertex 0 18 0
      vertex 0.261052 17.9829 0
    endloop
  endfacet
  facet normal 0 0 -1
    outer loop
      vertex -0.261052 14.0171 0
      vertex 0 18 0
      vertex 0 14 0
    endloop
  endfacet
  facet normal 0 0 -1
    outer loop
      vertex -0.261052 14.0171 0
      vertex -0.261052 17.9829 0
      vertex 0 18 0
    endloop
  endfacet
  facet normal 0 0 -1
    outer loop
      vertex -0.517637 14.0681 0
      vertex -0.261052 17.9829 0
      vertex -0.261052 14.0171 0
    endloop
  endfacet
  facet normal 0 0 -1
    outer loop
      vertex -0.517637 14.0681 0
      vertex -0.517637 17.9319 0
      vertex -0.261052 17.9829 0
    endloop
  endfacet
  facet normal 0 0 -1
    outer loop
      vertex -0.765367 14.1522 0
      vertex -0.517637 17.9319 0
      vertex -0.517637 14.0681 0
    endloop
  endfacet
  facet normal 0 0 -1
    outer loop
      vertex -0.765367 14.1522 0
      vertex -0.765367 17.8478 0
      vertex -0.517637 17.9319 0
    endloop
  endfacet
  facet normal 0 0 -1
    outer loop
      vertex -1 14.2679 0
      vertex -0.765367 17.8478 0
      vertex -0.765367 14.1522 0
    endloop
  endfacet
  facet normal 0 0 -1
    outer loop
      vertex -1 14.2679 0
      vertex -1 17.732 0
      vertex -0.765367 17.8478 0
    endloop
  endfacet
  facet normal 0 0 -1
    outer loop
      vertex -1.21752 14.4133 0
      vertex -1 17.732 0
      vertex -1 14.2679 0
    endloop
  endfacet
  facet normal 0 0 -1
    outer loop
      vertex -1.21752 14.4133 0
      vertex -1.21752 17.5867 0
      vertex -1 17.732 0
    endloop
  endfacet
  facet normal 0 0 -1
    outer loop
      vertex -1.41421 14.5858 0
      vertex -1.21752 17.5867 0
      vertex -1.21752 14.4133 0
    endloop
  endfacet
  facet normal 0 0 -1
    outer loop
      vertex -1.41421 14.5858 0
      vertex -1.41421 17.4142 0
      vertex -1.21752 17.5867 0
    endloop
  endfacet
  facet normal 0 0 -1
    outer loop
      vertex -1.58671 14.7825 0
      vertex -1.41421 17.4142 0
      vertex -1.41421 14.5858 0
    endloop
  endfacet
  facet normal 0 0 -1
    outer loop
      vertex -1.58671 14.7825 0
      vertex -1.58671 17.2175 0
      vertex -1.41421 17.4142 0
    endloop
  endfacet
  facet normal 0 0 -1
    outer loop
      vertex -1.73205 15 0
      vertex -1.58671 17.2175 0
      vertex -1.58671 14.7825 0
    endloop
  endfacet
  facet normal 0 0 -1
    outer loop
      vertex -1.73205 15 0
      vertex -1.73205 17 0
      vertex -1.58671 17.2175 0
    endloop
  endfacet
  facet normal 0 0 -1
    outer loop
      vertex -1.84776 15.2346 0
      vertex -1.73205 17 0
      vertex -1.73205 15 0
    endloop
  endfacet
  facet normal 0 0 -1
    outer loop
      vertex -1.84776 15.2346 0
      vertex -1.84776 16.7654 0
      vertex -1.73205 17 0
    endloop
  endfacet
  facet normal 0 0 -1
    outer loop
      vertex -1.93185 15.4824 0
      vertex -1.84776 16.7654 0
      vertex -1.84776 15.2346 0
    endloop
  endfacet
  facet normal 0 0 -1
    outer loop
      vertex -1.93185 15.4824 0
      vertex -1.93185 16.5176 0
      vertex -1.84776 16.7654 0
    endloop
  endfacet
  facet normal 0 0 -1
    outer loop
      vertex -1.98289 15.7389 0
      vertex -1.93185 16.5176 0
      vertex -1.93185 15.4824 0
    endloop
  endfacet
  facet normal 0 0 -1
    outer loop
      vertex -1.98289 15.7389 0
      vertex -1.98289 16.2611 0
      vertex -1.93185 16.5176 0
    endloop
  endfacet
  facet normal 0 -0 -1
    outer loop
      vertex -1.98289 16.2611 0
      vertex -1.98289 15.7389 0
      vertex -2 16 0
    endloop
  endfacet
  facet normal -0.83145 0.5556 0
    outer loop
      vertex -1.73205 17 0
      vertex -1.58671 17.2175 6.5
      vertex -1.58671 17.2175 0
    endloop
  endfacet
  facet normal -0.83145 0.5556 0
    outer loop
      vertex -1.58671 17.2175 6.5
      vertex -1.73205 17 0
      vertex -1.73205 17 6.5
    endloop
  endfacet
  facet normal -0.555459 0.831544 0
    outer loop
      vertex -1 17.732 0
      vertex -1.21752 17.5867 6.5
      vertex -1 17.732 6.5
    endloop
  endfacet
  facet normal -0.555459 0.831544 0
    outer loop
      vertex -1.21752 17.5867 6.5
      vertex -1 17.732 0
      vertex -1.21752 17.5867 0
    endloop
  endfacet
  facet normal -0.194951 0.980813 0
    outer loop
      vertex -0.261052 17.9829 0
      vertex -0.517637 17.9319 6.5
      vertex -0.261052 17.9829 6.5
    endloop
  endfacet
  facet normal -0.194951 0.980813 0
    outer loop
      vertex -0.517637 17.9319 6.5
      vertex -0.261052 17.9829 0
      vertex -0.517637 17.9319 0
    endloop
  endfacet
  facet normal 0.321463 -0.946922 0
    outer loop
      vertex 0.517637 14.0681 0
      vertex 0.765367 14.1522 6.5
      vertex 0.517637 14.0681 6.5
    endloop
  endfacet
  facet normal 0.321463 -0.946922 0
    outer loop
      vertex 0.765367 14.1522 6.5
      vertex 0.517637 14.0681 0
      vertex 0.765367 14.1522 0
    endloop
  endfacet
  facet normal 0.194951 -0.980813 0
    outer loop
      vertex 0.261052 14.0171 0
      vertex 0.517637 14.0681 6.5
      vertex 0.261052 14.0171 6.5
    endloop
  endfacet
  facet normal 0.194951 -0.980813 0
    outer loop
      vertex 0.517637 14.0681 6.5
      vertex 0.261052 14.0171 0
      vertex 0.517637 14.0681 0
    endloop
  endfacet
  facet normal 0.751842 -0.659343 0
    outer loop
      vertex 1.41421 14.5858 6.5
      vertex 1.58671 14.7825 0
      vertex 1.58671 14.7825 6.5
    endloop
  endfacet
  facet normal 0.751842 -0.659343 0
    outer loop
      vertex 1.58671 14.7825 0
      vertex 1.41421 14.5858 6.5
      vertex 1.41421 14.5858 0
    endloop
  endfacet
  facet normal 0.555723 -0.831368 0
    outer loop
      vertex 1 14.2679 0
      vertex 1.21752 14.4133 6.5
      vertex 1 14.2679 6.5
    endloop
  endfacet
  facet normal 0.555723 -0.831368 0
    outer loop
      vertex 1.21752 14.4133 6.5
      vertex 1 14.2679 0
      vertex 1.21752 14.4133 0
    endloop
  endfacet
  facet normal 0.980771 -0.19516 0
    outer loop
      vertex 1.93185 15.4824 6.5
      vertex 1.98289 15.7389 0
      vertex 1.98289 15.7389 6.5
    endloop
  endfacet
  facet normal 0.980771 -0.19516 0
    outer loop
      vertex 1.98289 15.7389 0
      vertex 1.93185 15.4824 6.5
      vertex 1.93185 15.4824 0
    endloop
  endfacet
  facet normal -0.555723 -0.831368 0
    outer loop
      vertex -1.21752 14.4133 0
      vertex -1 14.2679 6.5
      vertex -1.21752 14.4133 6.5
    endloop
  endfacet
  facet normal -0.555723 -0.831368 -0
    outer loop
      vertex -1 14.2679 6.5
      vertex -1.21752 14.4133 0
      vertex -1 14.2679 0
    endloop
  endfacet
  facet normal -0.194951 -0.980813 0
    outer loop
      vertex -0.517637 14.0681 0
      vertex -0.261052 14.0171 6.5
      vertex -0.517637 14.0681 6.5
    endloop
  endfacet
  facet normal -0.194951 -0.980813 -0
    outer loop
      vertex -0.261052 14.0171 6.5
      vertex -0.517637 14.0681 0
      vertex -0.261052 14.0171 0
    endloop
  endfacet
  facet normal -0.83145 -0.5556 0
    outer loop
      vertex -1.58671 14.7825 0
      vertex -1.73205 15 6.5
      vertex -1.73205 15 0
    endloop
  endfacet
  facet normal -0.83145 -0.5556 0
    outer loop
      vertex -1.73205 15 6.5
      vertex -1.58671 14.7825 0
      vertex -1.58671 14.7825 6.5
    endloop
  endfacet
  facet normal -0.751842 -0.659343 0
    outer loop
      vertex -1.41421 14.5858 0
      vertex -1.58671 14.7825 6.5
      vertex -1.58671 14.7825 0
    endloop
  endfacet
  facet normal -0.751842 -0.659343 0
    outer loop
      vertex -1.58671 14.7825 6.5
      vertex -1.41421 14.5858 0
      vertex -1.41421 14.5858 6.5
    endloop
  endfacet
  facet normal -0.980771 -0.19516 0
    outer loop
      vertex -1.93185 15.4824 0
      vertex -1.98289 15.7389 6.5
      vertex -1.98289 15.7389 0
    endloop
  endfacet
  facet normal -0.980771 -0.19516 0
    outer loop
      vertex -1.98289 15.7389 6.5
      vertex -1.93185 15.4824 0
      vertex -1.93185 15.4824 6.5
    endloop
  endfacet
  facet normal 0.946961 0.321348 0
    outer loop
      vertex 1.93185 16.5176 6.5
      vertex 1.84776 16.7654 0
      vertex 1.84776 16.7654 6.5
    endloop
  endfacet
  facet normal 0.946961 0.321348 0
    outer loop
      vertex 1.84776 16.7654 0
      vertex 1.93185 16.5176 6.5
      vertex 1.93185 16.5176 0
    endloop
  endfacet
  facet normal 0.0653641 0.997861 -0
    outer loop
      vertex 0.261052 17.9829 0
      vertex 0 18 6.5
      vertex 0.261052 17.9829 6.5
    endloop
  endfacet
  facet normal 0.0653641 0.997861 0
    outer loop
      vertex 0 18 6.5
      vertex 0.261052 17.9829 0
      vertex 0 18 0
    endloop
  endfacet
  facet normal -0.946961 0.321348 0
    outer loop
      vertex -1.93185 16.5176 0
      vertex -1.84776 16.7654 6.5
      vertex -1.84776 16.7654 0
    endloop
  endfacet
  facet normal -0.946961 0.321348 0
    outer loop
      vertex -1.84776 16.7654 6.5
      vertex -1.93185 16.5176 0
      vertex -1.93185 16.5176 6.5
    endloop
  endfacet
  facet normal -0.99786 0.0653902 0
    outer loop
      vertex -2 16 0
      vertex -1.98289 16.2611 6.5
      vertex -1.98289 16.2611 0
    endloop
  endfacet
  facet normal -0.99786 0.0653902 0
    outer loop
      vertex -1.98289 16.2611 6.5
      vertex -2 16 0
      vertex -2 16 6.5
    endloop
  endfacet
  facet normal -0.99786 -0.0653902 0
    outer loop
      vertex -1.98289 15.7389 0
      vertex -2 16 6.5
      vertex -2 16 0
    endloop
  endfacet
  facet normal -0.99786 -0.0653902 0
    outer loop
      vertex -2 16 6.5
      vertex -1.98289 15.7389 0
      vertex -1.98289 15.7389 6.5
    endloop
  endfacet
  facet normal -0.659362 0.751826 0
    outer loop
      vertex -1.21752 17.5867 0
      vertex -1.41421 17.4142 6.5
      vertex -1.21752 17.5867 6.5
    endloop
  endfacet
  facet normal -0.659362 0.751826 0
    outer loop
      vertex -1.41421 17.4142 6.5
      vertex -1.21752 17.5867 0
      vertex -1.41421 17.4142 0
    endloop
  endfacet
  facet normal 0.659362 -0.751826 0
    outer loop
      vertex 1.21752 14.4133 0
      vertex 1.41421 14.5858 6.5
      vertex 1.21752 14.4133 6.5
    endloop
  endfacet
  facet normal 0.659362 -0.751826 0
    outer loop
      vertex 1.41421 14.5858 6.5
      vertex 1.21752 14.4133 0
      vertex 1.41421 14.5858 0
    endloop
  endfacet
  facet normal 0.946961 -0.321348 0
    outer loop
      vertex 1.84776 15.2346 6.5
      vertex 1.93185 15.4824 0
      vertex 1.93185 15.4824 6.5
    endloop
  endfacet
  facet normal 0.946961 -0.321348 0
    outer loop
      vertex 1.93185 15.4824 0
      vertex 1.84776 15.2346 6.5
      vertex 1.84776 15.2346 0
    endloop
  endfacet
  facet normal 0.83145 -0.5556 0
    outer loop
      vertex 1.58671 14.7825 6.5
      vertex 1.73205 15 0
      vertex 1.73205 15 6.5
    endloop
  endfacet
  facet normal 0.83145 -0.5556 0
    outer loop
      vertex 1.73205 15 0
      vertex 1.58671 14.7825 6.5
      vertex 1.58671 14.7825 0
    endloop
  endfacet
  facet normal 0.896845 -0.442344 0
    outer loop
      vertex 1.73205 15 6.5
      vertex 1.84776 15.2346 0
      vertex 1.84776 15.2346 6.5
    endloop
  endfacet
  facet normal 0.896845 -0.442344 0
    outer loop
      vertex 1.84776 15.2346 0
      vertex 1.73205 15 6.5
      vertex 1.73205 15 0
    endloop
  endfacet
  facet normal -0.442264 -0.896885 0
    outer loop
      vertex -1 14.2679 0
      vertex -0.765367 14.1522 6.5
      vertex -1 14.2679 6.5
    endloop
  endfacet
  facet normal -0.442264 -0.896885 -0
    outer loop
      vertex -0.765367 14.1522 6.5
      vertex -1 14.2679 0
      vertex -0.765367 14.1522 0
    endloop
  endfacet
  facet normal -0.0653641 -0.997861 0
    outer loop
      vertex -0.261052 14.0171 0
      vertex 0 14 6.5
      vertex -0.261052 14.0171 6.5
    endloop
  endfacet
  facet normal -0.0653641 -0.997861 -0
    outer loop
      vertex 0 14 6.5
      vertex -0.261052 14.0171 0
      vertex 0 14 0
    endloop
  endfacet
  facet normal -0.659362 -0.751826 0
    outer loop
      vertex -1.41421 14.5858 0
      vertex -1.21752 14.4133 6.5
      vertex -1.41421 14.5858 6.5
    endloop
  endfacet
  facet normal -0.659362 -0.751826 -0
    outer loop
      vertex -1.21752 14.4133 6.5
      vertex -1.41421 14.5858 0
      vertex -1.21752 14.4133 0
    endloop
  endfacet
  facet normal 0.751842 0.659343 0
    outer loop
      vertex 1.58671 17.2175 6.5
      vertex 1.41421 17.4142 0
      vertex 1.41421 17.4142 6.5
    endloop
  endfacet
  facet normal 0.751842 0.659343 0
    outer loop
      vertex 1.41421 17.4142 0
      vertex 1.58671 17.2175 6.5
      vertex 1.58671 17.2175 0
    endloop
  endfacet
  facet normal 0.194951 0.980813 -0
    outer loop
      vertex 0.517637 17.9319 0
      vertex 0.261052 17.9829 6.5
      vertex 0.517637 17.9319 6.5
    endloop
  endfacet
  facet normal 0.194951 0.980813 0
    outer loop
      vertex 0.261052 17.9829 6.5
      vertex 0.517637 17.9319 0
      vertex 0.261052 17.9829 0
    endloop
  endfacet
  facet normal 0.442571 0.896734 -0
    outer loop
      vertex 1 17.732 0
      vertex 0.765367 17.8478 6.5
      vertex 1 17.732 6.5
    endloop
  endfacet
  facet normal 0.442571 0.896734 0
    outer loop
      vertex 0.765367 17.8478 6.5
      vertex 1 17.732 0
      vertex 0.765367 17.8478 0
    endloop
  endfacet
  facet normal 0 0 1
    outer loop
      vertex 1.98289 16.2611 6.5
      vertex 1.98289 15.7389 6.5
      vertex 2 16 6.5
    endloop
  endfacet
  facet normal 0 0 1
    outer loop
      vertex 1.93185 16.5176 6.5
      vertex 1.98289 15.7389 6.5
      vertex 1.98289 16.2611 6.5
    endloop
  endfacet
  facet normal 0 0 1
    outer loop
      vertex 1.93185 16.5176 6.5
      vertex 1.93185 15.4824 6.5
      vertex 1.98289 15.7389 6.5
    endloop
  endfacet
  facet normal 0 0 1
    outer loop
      vertex 1.84776 16.7654 6.5
      vertex 1.93185 15.4824 6.5
      vertex 1.93185 16.5176 6.5
    endloop
  endfacet
  facet normal 0 0 1
    outer loop
      vertex 1.84776 16.7654 6.5
      vertex 1.84776 15.2346 6.5
      vertex 1.93185 15.4824 6.5
    endloop
  endfacet
  facet normal 0 0 1
    outer loop
      vertex 1.73205 17 6.5
      vertex 1.84776 15.2346 6.5
      vertex 1.84776 16.7654 6.5
    endloop
  endfacet
  facet normal 0 0 1
    outer loop
      vertex 1.73205 17 6.5
      vertex 1.73205 15 6.5
      vertex 1.84776 15.2346 6.5
    endloop
  endfacet
  facet normal 0 0 1
    outer loop
      vertex 1.58671 17.2175 6.5
      vertex 1.73205 15 6.5
      vertex 1.73205 17 6.5
    endloop
  endfacet
  facet normal 0 0 1
    outer loop
      vertex 1.58671 17.2175 6.5
      vertex 1.58671 14.7825 6.5
      vertex 1.73205 15 6.5
    endloop
  endfacet
  facet normal 0 0 1
    outer loop
      vertex 1.41421 17.4142 6.5
      vertex 1.58671 14.7825 6.5
      vertex 1.58671 17.2175 6.5
    endloop
  endfacet
  facet normal 0 0 1
    outer loop
      vertex 1.41421 17.4142 6.5
      vertex 1.41421 14.5858 6.5
      vertex 1.58671 14.7825 6.5
    endloop
  endfacet
  facet normal 0 0 1
    outer loop
      vertex 1.21752 17.5867 6.5
      vertex 1.41421 14.5858 6.5
      vertex 1.41421 17.4142 6.5
    endloop
  endfacet
  facet normal 0 0 1
    outer loop
      vertex 1.21752 17.5867 6.5
      vertex 1.21752 14.4133 6.5
      vertex 1.41421 14.5858 6.5
    endloop
  endfacet
  facet normal 0 0 1
    outer loop
      vertex 1 17.732 6.5
      vertex 1.21752 14.4133 6.5
      vertex 1.21752 17.5867 6.5
    endloop
  endfacet
  facet normal 0 0 1
    outer loop
      vertex 1 17.732 6.5
      vertex 1 14.2679 6.5
      vertex 1.21752 14.4133 6.5
    endloop
  endfacet
  facet normal 0 0 1
    outer loop
      vertex 0.765367 17.8478 6.5
      vertex 1 14.2679 6.5
      vertex 1 17.732 6.5
    endloop
  endfacet
  facet normal 0 0 1
    outer loop
      vertex 0.765367 17.8478 6.5
      vertex 0.765367 14.1522 6.5
      vertex 1 14.2679 6.5
    endloop
  endfacet
  facet normal 0 0 1
    outer loop
      vertex 0.517637 17.9319 6.5
      vertex 0.765367 14.1522 6.5
      vertex 0.765367 17.8478 6.5
    endloop
  endfacet
  facet normal 0 0 1
    outer loop
      vertex 0.517637 17.9319 6.5
      vertex 0.517637 14.0681 6.5
      vertex 0.765367 14.1522 6.5
    endloop
  endfacet
  facet normal 0 0 1
    outer loop
      vertex 0.261052 17.9829 6.5
      vertex 0.517637 14.0681 6.5
      vertex 0.517637 17.9319 6.5
    endloop
  endfacet
  facet normal 0 0 1
    outer loop
      vertex 0.261052 17.9829 6.5
      vertex 0.261052 14.0171 6.5
      vertex 0.517637 14.0681 6.5
    endloop
  endfacet
  facet normal 0 0 1
    outer loop
      vertex 0 18 6.5
      vertex 0.261052 14.0171 6.5
      vertex 0.261052 17.9829 6.5
    endloop
  endfacet
  facet normal 0 0 1
    outer loop
      vertex 0 18 6.5
      vertex 0 14 6.5
      vertex 0.261052 14.0171 6.5
    endloop
  endfacet
  facet normal -0 0 1
    outer loop
      vertex -0.261052 17.9829 6.5
      vertex 0 14 6.5
      vertex 0 18 6.5
    endloop
  endfacet
  facet normal 0 0 1
    outer loop
      vertex -0.261052 17.9829 6.5
      vertex -0.261052 14.0171 6.5
      vertex 0 14 6.5
    endloop
  endfacet
  facet normal -0 0 1
    outer loop
      vertex -0.517637 17.9319 6.5
      vertex -0.261052 14.0171 6.5
      vertex -0.261052 17.9829 6.5
    endloop
  endfacet
  facet normal 0 0 1
    outer loop
      vertex -0.517637 17.9319 6.5
      vertex -0.517637 14.0681 6.5
      vertex -0.261052 14.0171 6.5
    endloop
  endfacet
  facet normal -0 0 1
    outer loop
      vertex -0.765367 17.8478 6.5
      vertex -0.517637 14.0681 6.5
      vertex -0.517637 17.9319 6.5
    endloop
  endfacet
  facet normal 0 0 1
    outer loop
      vertex -0.765367 17.8478 6.5
      vertex -0.765367 14.1522 6.5
      vertex -0.517637 14.0681 6.5
    endloop
  endfacet
  facet normal -0 0 1
    outer loop
      vertex -1 17.732 6.5
      vertex -0.765367 14.1522 6.5
      vertex -0.765367 17.8478 6.5
    endloop
  endfacet
  facet normal 0 0 1
    outer loop
      vertex -1 17.732 6.5
      vertex -1 14.2679 6.5
      vertex -0.765367 14.1522 6.5
    endloop
  endfacet
  facet normal -0 0 1
    outer loop
      vertex -1.21752 17.5867 6.5
      vertex -1 14.2679 6.5
      vertex -1 17.732 6.5
    endloop
  endfacet
  facet normal 0 0 1
    outer loop
      vertex -1.21752 17.5867 6.5
      vertex -1.21752 14.4133 6.5
      vertex -1 14.2679 6.5
    endloop
  endfacet
  facet normal -0 0 1
    outer loop
      vertex -1.41421 17.4142 6.5
      vertex -1.21752 14.4133 6.5
      vertex -1.21752 17.5867 6.5
    endloop
  endfacet
  facet normal 0 0 1
    outer loop
      vertex -1.41421 17.4142 6.5
      vertex -1.41421 14.5858 6.5
      vertex -1.21752 14.4133 6.5
    endloop
  endfacet
  facet normal -0 0 1
    outer loop
      vertex -1.58671 17.2175 6.5
      vertex -1.41421 14.5858 6.5
      vertex -1.41421 17.4142 6.5
    endloop
  endfacet
  facet normal 0 0 1
    outer loop
      vertex -1.58671 17.2175 6.5
      vertex -1.58671 14.7825 6.5
      vertex -1.41421 14.5858 6.5
    endloop
  endfacet
  facet normal -0 0 1
    outer loop
      vertex -1.73205 17 6.5
      vertex -1.58671 14.7825 6.5
      vertex -1.58671 17.2175 6.5
    endloop
  endfacet
  facet normal 0 0 1
    outer loop
      vertex -1.73205 17 6.5
      vertex -1.73205 15 6.5
      vertex -1.58671 14.7825 6.5
    endloop
  endfacet
  facet normal -0 0 1
    outer loop
      vertex -1.84776 16.7654 6.5
      vertex -1.73205 15 6.5
      vertex -1.73205 17 6.5
    endloop
  endfacet
  facet normal 0 0 1
    outer loop
      vertex -1.84776 16.7654 6.5
      vertex -1.84776 15.2346 6.5
      vertex -1.73205 15 6.5
    endloop
  endfacet
  facet normal -0 0 1
    outer loop
      vertex -1.93185 16.5176 6.5
      vertex -1.84776 15.2346 6.5
      vertex -1.84776 16.7654 6.5
    endloop
  endfacet
  facet normal 0 0 1
    outer loop
      vertex -1.93185 16.5176 6.5
      vertex -1.93185 15.4824 6.5
      vertex -1.84776 15.2346 6.5
    endloop
  endfacet
  facet normal -0 0 1
    outer loop
      vertex -1.98289 16.2611 6.5
      vertex -1.93185 15.4824 6.5
      vertex -1.93185 16.5176 6.5
    endloop
  endfacet
  facet normal 0 0 1
    outer loop
      vertex -1.98289 16.2611 6.5
      vertex -1.98289 15.7389 6.5
      vertex -1.93185 15.4824 6.5
    endloop
  endfacet
  facet normal 0 -0 1
    outer loop
      vertex -1.98289 15.7389 6.5
      vertex -1.98289 16.2611 6.5
      vertex -2 16 6.5
    endloop
  endfacet
  facet normal -0.980771 0.19516 0
    outer loop
      vertex -1.98289 16.2611 0
      vertex -1.93185 16.5176 6.5
      vertex -1.93185 16.5176 0
    endloop
  endfacet
  facet normal -0.980771 0.19516 0
    outer loop
      vertex -1.93185 16.5176 6.5
      vertex -1.98289 16.2611 0
      vertex -1.98289 16.2611 6.5
    endloop
  endfacet
  facet normal -0.321463 0.946922 0
    outer loop
      vertex -0.517637 17.9319 0
      vertex -0.765367 17.8478 6.5
      vertex -0.517637 17.9319 6.5
    endloop
  endfacet
  facet normal -0.321463 0.946922 0
    outer loop
      vertex -0.765367 17.8478 6.5
      vertex -0.517637 17.9319 0
      vertex -0.765367 17.8478 0
    endloop
  endfacet
  facet normal 0.99786 -0.0653902 0
    outer loop
      vertex 1.98289 15.7389 6.5
      vertex 2 16 0
      vertex 2 16 6.5
    endloop
  endfacet
  facet normal 0.99786 -0.0653902 0
    outer loop
      vertex 2 16 0
      vertex 1.98289 15.7389 6.5
      vertex 1.98289 15.7389 0
    endloop
  endfacet
  facet normal 0.442264 -0.896885 0
    outer loop
      vertex 0.765367 14.1522 0
      vertex 1 14.2679 6.5
      vertex 0.765367 14.1522 6.5
    endloop
  endfacet
  facet normal 0.442264 -0.896885 0
    outer loop
      vertex 1 14.2679 6.5
      vertex 0.765367 14.1522 0
      vertex 1 14.2679 0
    endloop
  endfacet
  facet normal -0.321463 -0.946922 0
    outer loop
      vertex -0.765367 14.1522 0
      vertex -0.517637 14.0681 6.5
      vertex -0.765367 14.1522 6.5
    endloop
  endfacet
  facet normal -0.321463 -0.946922 -0
    outer loop
      vertex -0.517637 14.0681 6.5
      vertex -0.765367 14.1522 0
      vertex -0.517637 14.0681 0
    endloop
  endfacet
  facet normal -0.896845 -0.442344 0
    outer loop
      vertex -1.73205 15 0
      vertex -1.84776 15.2346 6.5
      vertex -1.84776 15.2346 0
    endloop
  endfacet
  facet normal -0.896845 -0.442344 0
    outer loop
      vertex -1.84776 15.2346 6.5
      vertex -1.73205 15 0
      vertex -1.73205 15 6.5
    endloop
  endfacet
  facet normal 0.555459 0.831544 -0
    outer loop
      vertex 9.21752 17.5867 0
      vertex 9 17.732 6.5
      vertex 9.21752 17.5867 6.5
    endloop
  endfacet
  facet normal 0.555459 0.831544 0
    outer loop
      vertex 9 17.732 6.5
      vertex 9.21752 17.5867 0
      vertex 9 17.732 0
    endloop
  endfacet
  facet normal -0.194947 -0.980814 0
    outer loop
      vertex 7.48236 14.0681 0
      vertex 7.73895 14.0171 6.5
      vertex 7.48236 14.0681 6.5
    endloop
  endfacet
  facet normal -0.194947 -0.980814 -0
    outer loop
      vertex 7.73895 14.0171 6.5
      vertex 7.48236 14.0681 0
      vertex 7.73895 14.0171 0
    endloop
  endfacet
  facet normal -0.442575 0.896731 0
    outer loop
      vertex 7.23463 17.8478 0
      vertex 7 17.732 6.5
      vertex 7.23463 17.8478 6.5
    endloop
  endfacet
  facet normal -0.442575 0.896731 0
    outer loop
      vertex 7 17.732 6.5
      vertex 7.23463 17.8478 0
      vertex 7 17.732 0
    endloop
  endfacet
  facet normal -0.946961 0.321348 0
    outer loop
      vertex 6.06815 16.5176 0
      vertex 6.15224 16.7654 6.5
      vertex 6.15224 16.7654 0
    endloop
  endfacet
  facet normal -0.946961 0.321348 0
    outer loop
      vertex 6.15224 16.7654 6.5
      vertex 6.06815 16.5176 0
      vertex 6.06815 16.5176 6.5
    endloop
  endfacet
  facet normal 0.896845 0.442344 0
    outer loop
      vertex 9.84776 16.7654 6.5
      vertex 9.73205 17 0
      vertex 9.73205 17 6.5
    endloop
  endfacet
  facet normal 0.896845 0.442344 0
    outer loop
      vertex 9.73205 17 0
      vertex 9.84776 16.7654 6.5
      vertex 9.84776 16.7654 0
    endloop
  endfacet
  facet normal 0.980771 0.19516 0
    outer loop
      vertex 9.98289 16.2611 6.5
      vertex 9.93185 16.5176 0
      vertex 9.93185 16.5176 6.5
    endloop
  endfacet
  facet normal 0.980771 0.19516 0
    outer loop
      vertex 9.93185 16.5176 0
      vertex 9.98289 16.2611 6.5
      vertex 9.98289 16.2611 0
    endloop
  endfacet
  facet normal 0.83145 0.5556 0
    outer loop
      vertex 9.73205 17 6.5
      vertex 9.58671 17.2175 0
      vertex 9.58671 17.2175 6.5
    endloop
  endfacet
  facet normal 0.83145 0.5556 0
    outer loop
      vertex 9.58671 17.2175 0
      vertex 9.73205 17 6.5
      vertex 9.73205 17 0
    endloop
  endfacet
  facet normal 0.321463 0.946922 -0
    outer loop
      vertex 8.76537 17.8478 0
      vertex 8.51764 17.9319 6.5
      vertex 8.76537 17.8478 6.5
    endloop
  endfacet
  facet normal 0.321463 0.946922 0
    outer loop
      vertex 8.51764 17.9319 6.5
      vertex 8.76537 17.8478 0
      vertex 8.51764 17.9319 0
    endloop
  endfacet
  facet normal -0.0653646 0.997861 0
    outer loop
      vertex 8 18 0
      vertex 7.73895 17.9829 6.5
      vertex 8 18 6.5
    endloop
  endfacet
  facet normal -0.0653646 0.997861 0
    outer loop
      vertex 7.73895 17.9829 6.5
      vertex 8 18 0
      vertex 7.73895 17.9829 0
    endloop
  endfacet
  facet normal 0 0 -1
    outer loop
      vertex 9.98289 15.7389 0
      vertex 9.98289 16.2611 0
      vertex 10 16 0
    endloop
  endfacet
  facet normal 0 0 -1
    outer loop
      vertex 9.93185 15.4824 0
      vertex 9.98289 16.2611 0
      vertex 9.98289 15.7389 0
    endloop
  endfacet
  facet normal 0 0 -1
    outer loop
      vertex 9.93185 15.4824 0
      vertex 9.93185 16.5176 0
      vertex 9.98289 16.2611 0
    endloop
  endfacet
  facet normal 0 0 -1
    outer loop
      vertex 9.84776 15.2346 0
      vertex 9.93185 16.5176 0
      vertex 9.93185 15.4824 0
    endloop
  endfacet
  facet normal 0 0 -1
    outer loop
      vertex 9.84776 15.2346 0
      vertex 9.84776 16.7654 0
      vertex 9.93185 16.5176 0
    endloop
  endfacet
  facet normal 0 0 -1
    outer loop
      vertex 9.73205 15 0
      vertex 9.84776 16.7654 0
      vertex 9.84776 15.2346 0
    endloop
  endfacet
  facet normal 0 0 -1
    outer loop
      vertex 9.73205 15 0
      vertex 9.73205 17 0
      vertex 9.84776 16.7654 0
    endloop
  endfacet
  facet normal 0 0 -1
    outer loop
      vertex 9.58671 14.7825 0
      vertex 9.73205 17 0
      vertex 9.73205 15 0
    endloop
  endfacet
  facet normal 0 0 -1
    outer loop
      vertex 9.58671 14.7825 0
      vertex 9.58671 17.2175 0
      vertex 9.73205 17 0
    endloop
  endfacet
  facet normal 0 0 -1
    outer loop
      vertex 9.41421 14.5858 0
      vertex 9.58671 17.2175 0
      vertex 9.58671 14.7825 0
    endloop
  endfacet
  facet normal 0 0 -1
    outer loop
      vertex 9.41421 14.5858 0
      vertex 9.41421 17.4142 0
      vertex 9.58671 17.2175 0
    endloop
  endfacet
  facet normal 0 0 -1
    outer loop
      vertex 9.21752 14.4133 0
      vertex 9.41421 17.4142 0
      vertex 9.41421 14.5858 0
    endloop
  endfacet
  facet normal 0 0 -1
    outer loop
      vertex 9.21752 14.4133 0
      vertex 9.21752 17.5867 0
      vertex 9.41421 17.4142 0
    endloop
  endfacet
  facet normal 0 0 -1
    outer loop
      vertex 9 14.2679 0
      vertex 9.21752 17.5867 0
      vertex 9.21752 14.4133 0
    endloop
  endfacet
  facet normal 0 0 -1
    outer loop
      vertex 9 14.2679 0
      vertex 9 17.732 0
      vertex 9.21752 17.5867 0
    endloop
  endfacet
  facet normal 0 0 -1
    outer loop
      vertex 8.76537 14.1522 0
      vertex 9 17.732 0
      vertex 9 14.2679 0
    endloop
  endfacet
  facet normal 0 0 -1
    outer loop
      vertex 8.76537 14.1522 0
      vertex 8.76537 17.8478 0
      vertex 9 17.732 0
    endloop
  endfacet
  facet normal 0 0 -1
    outer loop
      vertex 8.51764 14.0681 0
      vertex 8.76537 17.8478 0
      vertex 8.76537 14.1522 0
    endloop
  endfacet
  facet normal 0 0 -1
    outer loop
      vertex 8.51764 14.0681 0
      vertex 8.51764 17.9319 0
      vertex 8.76537 17.8478 0
    endloop
  endfacet
  facet normal 0 0 -1
    outer loop
      vertex 8.26105 14.0171 0
      vertex 8.51764 17.9319 0
      vertex 8.51764 14.0681 0
    endloop
  endfacet
  facet normal 0 0 -1
    outer loop
      vertex 8.26105 14.0171 0
      vertex 8.26105 17.9829 0
      vertex 8.51764 17.9319 0
    endloop
  endfacet
  facet normal 0 0 -1
    outer loop
      vertex 8 14 0
      vertex 8.26105 17.9829 0
      vertex 8.26105 14.0171 0
    endloop
  endfacet
  facet normal 0 0 -1
    outer loop
      vertex 8 14 0
      vertex 8 18 0
      vertex 8.26105 17.9829 0
    endloop
  endfacet
  facet normal 0 0 -1
    outer loop
      vertex 7.73895 14.0171 0
      vertex 8 18 0
      vertex 8 14 0
    endloop
  endfacet
  facet normal 0 0 -1
    outer loop
      vertex 7.73895 14.0171 0
      vertex 7.73895 17.9829 0
      vertex 8 18 0
    endloop
  endfacet
  facet normal 0 0 -1
    outer loop
      vertex 7.48236 14.0681 0
      vertex 7.73895 17.9829 0
      vertex 7.73895 14.0171 0
    endloop
  endfacet
  facet normal 0 0 -1
    outer loop
      vertex 7.48236 14.0681 0
      vertex 7.48236 17.9319 0
      vertex 7.73895 17.9829 0
    endloop
  endfacet
  facet normal 0 0 -1
    outer loop
      vertex 7.23463 14.1522 0
      vertex 7.48236 17.9319 0
      vertex 7.48236 14.0681 0
    endloop
  endfacet
  facet normal 0 0 -1
    outer loop
      vertex 7.23463 14.1522 0
      vertex 7.23463 17.8478 0
      vertex 7.48236 17.9319 0
    endloop
  endfacet
  facet normal 0 0 -1
    outer loop
      vertex 7 14.2679 0
      vertex 7.23463 17.8478 0
      vertex 7.23463 14.1522 0
    endloop
  endfacet
  facet normal 0 0 -1
    outer loop
      vertex 7 14.2679 0
      vertex 7 17.732 0
      vertex 7.23463 17.8478 0
    endloop
  endfacet
  facet normal 0 0 -1
    outer loop
      vertex 6.78248 14.4133 0
      vertex 7 17.732 0
      vertex 7 14.2679 0
    endloop
  endfacet
  facet normal 0 0 -1
    outer loop
      vertex 6.78248 14.4133 0
      vertex 6.78248 17.5867 0
      vertex 7 17.732 0
    endloop
  endfacet
  facet normal 0 0 -1
    outer loop
      vertex 6.58579 14.5858 0
      vertex 6.78248 17.5867 0
      vertex 6.78248 14.4133 0
    endloop
  endfacet
  facet normal 0 0 -1
    outer loop
      vertex 6.58579 14.5858 0
      vertex 6.58579 17.4142 0
      vertex 6.78248 17.5867 0
    endloop
  endfacet
  facet normal 0 0 -1
    outer loop
      vertex 6.41329 14.7825 0
      vertex 6.58579 17.4142 0
      vertex 6.58579 14.5858 0
    endloop
  endfacet
  facet normal 0 0 -1
    outer loop
      vertex 6.41329 14.7825 0
      vertex 6.41329 17.2175 0
      vertex 6.58579 17.4142 0
    endloop
  endfacet
  facet normal 0 0 -1
    outer loop
      vertex 6.26795 15 0
      vertex 6.41329 17.2175 0
      vertex 6.41329 14.7825 0
    endloop
  endfacet
  facet normal 0 0 -1
    outer loop
      vertex 6.26795 15 0
      vertex 6.26795 17 0
      vertex 6.41329 17.2175 0
    endloop
  endfacet
  facet normal 0 0 -1
    outer loop
      vertex 6.15224 15.2346 0
      vertex 6.26795 17 0
      vertex 6.26795 15 0
    endloop
  endfacet
  facet normal 0 0 -1
    outer loop
      vertex 6.15224 15.2346 0
      vertex 6.15224 16.7654 0
      vertex 6.26795 17 0
    endloop
  endfacet
  facet normal 0 0 -1
    outer loop
      vertex 6.06815 15.4824 0
      vertex 6.15224 16.7654 0
      vertex 6.15224 15.2346 0
    endloop
  endfacet
  facet normal 0 0 -1
    outer loop
      vertex 6.06815 15.4824 0
      vertex 6.06815 16.5176 0
      vertex 6.15224 16.7654 0
    endloop
  endfacet
  facet normal 0 0 -1
    outer loop
      vertex 6.01711 15.7389 0
      vertex 6.06815 16.5176 0
      vertex 6.06815 15.4824 0
    endloop
  endfacet
  facet normal 0 0 -1
    outer loop
      vertex 6.01711 15.7389 0
      vertex 6.01711 16.2611 0
      vertex 6.06815 16.5176 0
    endloop
  endfacet
  facet normal 0 -0 -1
    outer loop
      vertex 6.01711 16.2611 0
      vertex 6.01711 15.7389 0
      vertex 6 16 0
    endloop
  endfacet
  facet normal -0.99786 0.0653902 0
    outer loop
      vertex 6 16 0
      vertex 6.01711 16.2611 6.5
      vertex 6.01711 16.2611 0
    endloop
  endfacet
  facet normal -0.99786 0.0653902 0
    outer loop
      vertex 6.01711 16.2611 6.5
      vertex 6 16 0
      vertex 6 16 6.5
    endloop
  endfacet
  facet normal -0.83145 0.5556 0
    outer loop
      vertex 6.26795 17 0
      vertex 6.41329 17.2175 6.5
      vertex 6.41329 17.2175 0
    endloop
  endfacet
  facet normal -0.83145 0.5556 0
    outer loop
      vertex 6.41329 17.2175 6.5
      vertex 6.26795 17 0
      vertex 6.26795 17 6.5
    endloop
  endfacet
  facet normal -0.555459 0.831544 0
    outer loop
      vertex 7 17.732 0
      vertex 6.78248 17.5867 6.5
      vertex 7 17.732 6.5
    endloop
  endfacet
  facet normal -0.555459 0.831544 0
    outer loop
      vertex 6.78248 17.5867 6.5
      vertex 7 17.732 0
      vertex 6.78248 17.5867 0
    endloop
  endfacet
  facet normal -0.194947 0.980814 0
    outer loop
      vertex 7.73895 17.9829 0
      vertex 7.48236 17.9319 6.5
      vertex 7.73895 17.9829 6.5
    endloop
  endfacet
  facet normal -0.194947 0.980814 0
    outer loop
      vertex 7.48236 17.9319 6.5
      vertex 7.73895 17.9829 0
      vertex 7.48236 17.9319 0
    endloop
  endfacet
  facet normal 0.99786 0.0653902 0
    outer loop
      vertex 10 16 6.5
      vertex 9.98289 16.2611 0
      vertex 9.98289 16.2611 6.5
    endloop
  endfacet
  facet normal 0.99786 0.0653902 0
    outer loop
      vertex 9.98289 16.2611 0
      vertex 10 16 6.5
      vertex 10 16 0
    endloop
  endfacet
  facet normal 0.194947 -0.980814 0
    outer loop
      vertex 8.26105 14.0171 0
      vertex 8.51764 14.0681 6.5
      vertex 8.26105 14.0171 6.5
    endloop
  endfacet
  facet normal 0.194947 -0.980814 0
    outer loop
      vertex 8.51764 14.0681 6.5
      vertex 8.26105 14.0171 0
      vertex 8.51764 14.0681 0
    endloop
  endfacet
  facet normal 0.555723 -0.831368 0
    outer loop
      vertex 9 14.2679 0
      vertex 9.21752 14.4133 6.5
      vertex 9 14.2679 6.5
    endloop
  endfacet
  facet normal 0.555723 -0.831368 0
    outer loop
      vertex 9.21752 14.4133 6.5
      vertex 9 14.2679 0
      vertex 9.21752 14.4133 0
    endloop
  endfacet
  facet normal 0.83145 -0.5556 0
    outer loop
      vertex 9.58671 14.7825 6.5
      vertex 9.73205 15 0
      vertex 9.73205 15 6.5
    endloop
  endfacet
  facet normal 0.83145 -0.5556 0
    outer loop
      vertex 9.73205 15 0
      vertex 9.58671 14.7825 6.5
      vertex 9.58671 14.7825 0
    endloop
  endfacet
  facet normal -0.0653646 -0.997861 0
    outer loop
      vertex 7.73895 14.0171 0
      vertex 8 14 6.5
      vertex 7.73895 14.0171 6.5
    endloop
  endfacet
  facet normal -0.0653646 -0.997861 -0
    outer loop
      vertex 8 14 6.5
      vertex 7.73895 14.0171 0
      vertex 8 14 0
    endloop
  endfacet
  facet normal -0.555723 -0.831368 0
    outer loop
      vertex 6.78248 14.4133 0
      vertex 7 14.2679 6.5
      vertex 6.78248 14.4133 6.5
    endloop
  endfacet
  facet normal -0.555723 -0.831368 -0
    outer loop
      vertex 7 14.2679 6.5
      vertex 6.78248 14.4133 0
      vertex 7 14.2679 0
    endloop
  endfacet
  facet normal -0.83145 -0.5556 0
    outer loop
      vertex 6.41329 14.7825 0
      vertex 6.26795 15 6.5
      vertex 6.26795 15 0
    endloop
  endfacet
  facet normal -0.83145 -0.5556 0
    outer loop
      vertex 6.26795 15 6.5
      vertex 6.41329 14.7825 0
      vertex 6.41329 14.7825 6.5
    endloop
  endfacet
  facet normal -0.980771 -0.19516 0
    outer loop
      vertex 6.06815 15.4824 0
      vertex 6.01711 15.7389 6.5
      vertex 6.01711 15.7389 0
    endloop
  endfacet
  facet normal -0.980771 -0.19516 0
    outer loop
      vertex 6.01711 15.7389 6.5
      vertex 6.06815 15.4824 0
      vertex 6.06815 15.4824 6.5
    endloop
  endfacet
  facet normal 0.946961 0.321348 0
    outer loop
      vertex 9.93185 16.5176 6.5
      vertex 9.84776 16.7654 0
      vertex 9.84776 16.7654 6.5
    endloop
  endfacet
  facet normal 0.946961 0.321348 0
    outer loop
      vertex 9.84776 16.7654 0
      vertex 9.93185 16.5176 6.5
      vertex 9.93185 16.5176 0
    endloop
  endfacet
  facet normal 0.751842 0.659343 0
    outer loop
      vertex 9.58671 17.2175 6.5
      vertex 9.41421 17.4142 0
      vertex 9.41421 17.4142 6.5
    endloop
  endfacet
  facet normal 0.751842 0.659343 0
    outer loop
      vertex 9.41421 17.4142 0
      vertex 9.58671 17.2175 6.5
      vertex 9.58671 17.2175 0
    endloop
  endfacet
  facet normal 0.659362 0.751826 -0
    outer loop
      vertex 9.41421 17.4142 0
      vertex 9.21752 17.5867 6.5
      vertex 9.41421 17.4142 6.5
    endloop
  endfacet
  facet normal 0.659362 0.751826 0
    outer loop
      vertex 9.21752 17.5867 6.5
      vertex 9.41421 17.4142 0
      vertex 9.21752 17.5867 0
    endloop
  endfacet
  facet normal 0.442575 0.896731 -0
    outer loop
      vertex 9 17.732 0
      vertex 8.76537 17.8478 6.5
      vertex 9 17.732 6.5
    endloop
  endfacet
  facet normal 0.442575 0.896731 0
    outer loop
      vertex 8.76537 17.8478 6.5
      vertex 9 17.732 0
      vertex 8.76537 17.8478 0
    endloop
  endfacet
  facet normal 0.194947 0.980814 -0
    outer loop
      vertex 8.51764 17.9319 0
      vertex 8.26105 17.9829 6.5
      vertex 8.51764 17.9319 6.5
    endloop
  endfacet
  facet normal 0.194947 0.980814 0
    outer loop
      vertex 8.26105 17.9829 6.5
      vertex 8.51764 17.9319 0
      vertex 8.26105 17.9829 0
    endloop
  endfacet
  facet normal 0.0653646 0.997861 -0
    outer loop
      vertex 8.26105 17.9829 0
      vertex 8 18 6.5
      vertex 8.26105 17.9829 6.5
    endloop
  endfacet
  facet normal 0.0653646 0.997861 0
    outer loop
      vertex 8 18 6.5
      vertex 8.26105 17.9829 0
      vertex 8 18 0
    endloop
  endfacet
  facet normal -0.99786 -0.0653902 0
    outer loop
      vertex 6.01711 15.7389 0
      vertex 6 16 6.5
      vertex 6 16 0
    endloop
  endfacet
  facet normal -0.99786 -0.0653902 0
    outer loop
      vertex 6 16 6.5
      vertex 6.01711 15.7389 0
      vertex 6.01711 15.7389 6.5
    endloop
  endfacet
  facet normal 0 0 1
    outer loop
      vertex 9.98289 16.2611 6.5
      vertex 9.98289 15.7389 6.5
      vertex 10 16 6.5
    endloop
  endfacet
  facet normal 0 0 1
    outer loop
      vertex 9.93185 16.5176 6.5
      vertex 9.98289 15.7389 6.5
      vertex 9.98289 16.2611 6.5
    endloop
  endfacet
  facet normal 0 0 1
    outer loop
      vertex 9.93185 16.5176 6.5
      vertex 9.93185 15.4824 6.5
      vertex 9.98289 15.7389 6.5
    endloop
  endfacet
  facet normal 0 0 1
    outer loop
      vertex 9.84776 16.7654 6.5
      vertex 9.93185 15.4824 6.5
      vertex 9.93185 16.5176 6.5
    endloop
  endfacet
  facet normal 0 0 1
    outer loop
      vertex 9.84776 16.7654 6.5
      vertex 9.84776 15.2346 6.5
      vertex 9.93185 15.4824 6.5
    endloop
  endfacet
  facet normal 0 0 1
    outer loop
      vertex 9.73205 17 6.5
      vertex 9.84776 15.2346 6.5
      vertex 9.84776 16.7654 6.5
    endloop
  endfacet
  facet normal 0 0 1
    outer loop
      vertex 9.73205 17 6.5
      vertex 9.73205 15 6.5
      vertex 9.84776 15.2346 6.5
    endloop
  endfacet
  facet normal 0 0 1
    outer loop
      vertex 9.58671 17.2175 6.5
      vertex 9.73205 15 6.5
      vertex 9.73205 17 6.5
    endloop
  endfacet
  facet normal 0 0 1
    outer loop
      vertex 9.58671 17.2175 6.5
      vertex 9.58671 14.7825 6.5
      vertex 9.73205 15 6.5
    endloop
  endfacet
  facet normal 0 0 1
    outer loop
      vertex 9.41421 17.4142 6.5
      vertex 9.58671 14.7825 6.5
      vertex 9.58671 17.2175 6.5
    endloop
  endfacet
  facet normal 0 0 1
    outer loop
      vertex 9.41421 17.4142 6.5
      vertex 9.41421 14.5858 6.5
      vertex 9.58671 14.7825 6.5
    endloop
  endfacet
  facet normal 0 0 1
    outer loop
      vertex 9.21752 17.5867 6.5
      vertex 9.41421 14.5858 6.5
      vertex 9.41421 17.4142 6.5
    endloop
  endfacet
  facet normal 0 0 1
    outer loop
      vertex 9.21752 17.5867 6.5
      vertex 9.21752 14.4133 6.5
      vertex 9.41421 14.5858 6.5
    endloop
  endfacet
  facet normal 0 0 1
    outer loop
      vertex 9 17.732 6.5
      vertex 9.21752 14.4133 6.5
      vertex 9.21752 17.5867 6.5
    endloop
  endfacet
  facet normal 0 0 1
    outer loop
      vertex 9 17.732 6.5
      vertex 9 14.2679 6.5
      vertex 9.21752 14.4133 6.5
    endloop
  endfacet
  facet normal 0 0 1
    outer loop
      vertex 8.76537 17.8478 6.5
      vertex 9 14.2679 6.5
      vertex 9 17.732 6.5
    endloop
  endfacet
  facet normal 0 0 1
    outer loop
      vertex 8.76537 17.8478 6.5
      vertex 8.76537 14.1522 6.5
      vertex 9 14.2679 6.5
    endloop
  endfacet
  facet normal 0 0 1
    outer loop
      vertex 8.51764 17.9319 6.5
      vertex 8.76537 14.1522 6.5
      vertex 8.76537 17.8478 6.5
    endloop
  endfacet
  facet normal 0 0 1
    outer loop
      vertex 8.51764 17.9319 6.5
      vertex 8.51764 14.0681 6.5
      vertex 8.76537 14.1522 6.5
    endloop
  endfacet
  facet normal 0 0 1
    outer loop
      vertex 8.26105 17.9829 6.5
      vertex 8.51764 14.0681 6.5
      vertex 8.51764 17.9319 6.5
    endloop
  endfacet
  facet normal 0 0 1
    outer loop
      vertex 8.26105 17.9829 6.5
      vertex 8.26105 14.0171 6.5
      vertex 8.51764 14.0681 6.5
    endloop
  endfacet
  facet normal 0 0 1
    outer loop
      vertex 8 18 6.5
      vertex 8.26105 14.0171 6.5
      vertex 8.26105 17.9829 6.5
    endloop
  endfacet
  facet normal 0 0 1
    outer loop
      vertex 8 18 6.5
      vertex 8 14 6.5
      vertex 8.26105 14.0171 6.5
    endloop
  endfacet
  facet normal -0 0 1
    outer loop
      vertex 7.73895 17.9829 6.5
      vertex 8 14 6.5
      vertex 8 18 6.5
    endloop
  endfacet
  facet normal 0 0 1
    outer loop
      vertex 7.73895 17.9829 6.5
      vertex 7.73895 14.0171 6.5
      vertex 8 14 6.5
    endloop
  endfacet
  facet normal -0 0 1
    outer loop
      vertex 7.48236 17.9319 6.5
      vertex 7.73895 14.0171 6.5
      vertex 7.73895 17.9829 6.5
    endloop
  endfacet
  facet normal 0 0 1
    outer loop
      vertex 7.48236 17.9319 6.5
      vertex 7.48236 14.0681 6.5
      vertex 7.73895 14.0171 6.5
    endloop
  endfacet
  facet normal -0 0 1
    outer loop
      vertex 7.23463 17.8478 6.5
      vertex 7.48236 14.0681 6.5
      vertex 7.48236 17.9319 6.5
    endloop
  endfacet
  facet normal 0 0 1
    outer loop
      vertex 7.23463 17.8478 6.5
      vertex 7.23463 14.1522 6.5
      vertex 7.48236 14.0681 6.5
    endloop
  endfacet
  facet normal -0 0 1
    outer loop
      vertex 7 17.732 6.5
      vertex 7.23463 14.1522 6.5
      vertex 7.23463 17.8478 6.5
    endloop
  endfacet
  facet normal 0 0 1
    outer loop
      vertex 7 17.732 6.5
      vertex 7 14.2679 6.5
      vertex 7.23463 14.1522 6.5
    endloop
  endfacet
  facet normal -0 0 1
    outer loop
      vertex 6.78248 17.5867 6.5
      vertex 7 14.2679 6.5
      vertex 7 17.732 6.5
    endloop
  endfacet
  facet normal 0 0 1
    outer loop
      vertex 6.78248 17.5867 6.5
      vertex 6.78248 14.4133 6.5
      vertex 7 14.2679 6.5
    endloop
  endfacet
  facet normal -0 0 1
    outer loop
      vertex 6.58579 17.4142 6.5
      vertex 6.78248 14.4133 6.5
      vertex 6.78248 17.5867 6.5
    endloop
  endfacet
  facet normal 0 0 1
    outer loop
      vertex 6.58579 17.4142 6.5
      vertex 6.58579 14.5858 6.5
      vertex 6.78248 14.4133 6.5
    endloop
  endfacet
  facet normal -0 0 1
    outer loop
      vertex 6.41329 17.2175 6.5
      vertex 6.58579 14.5858 6.5
      vertex 6.58579 17.4142 6.5
    endloop
  endfacet
  facet normal 0 0 1
    outer loop
      vertex 6.41329 17.2175 6.5
      vertex 6.41329 14.7825 6.5
      vertex 6.58579 14.5858 6.5
    endloop
  endfacet
  facet normal -0 0 1
    outer loop
      vertex 6.26795 17 6.5
      vertex 6.41329 14.7825 6.5
      vertex 6.41329 17.2175 6.5
    endloop
  endfacet
  facet normal 0 0 1
    outer loop
      vertex 6.26795 17 6.5
      vertex 6.26795 15 6.5
      vertex 6.41329 14.7825 6.5
    endloop
  endfacet
  facet normal -0 0 1
    outer loop
      vertex 6.15224 16.7654 6.5
      vertex 6.26795 15 6.5
      vertex 6.26795 17 6.5
    endloop
  endfacet
  facet normal 0 0 1
    outer loop
      vertex 6.15224 16.7654 6.5
      vertex 6.15224 15.2346 6.5
      vertex 6.26795 15 6.5
    endloop
  endfacet
  facet normal -0 0 1
    outer loop
      vertex 6.06815 16.5176 6.5
      vertex 6.15224 15.2346 6.5
      vertex 6.15224 16.7654 6.5
    endloop
  endfacet
  facet normal 0 0 1
    outer loop
      vertex 6.06815 16.5176 6.5
      vertex 6.06815 15.4824 6.5
      vertex 6.15224 15.2346 6.5
    endloop
  endfacet
  facet normal -0 0 1
    outer loop
      vertex 6.01711 16.2611 6.5
      vertex 6.06815 15.4824 6.5
      vertex 6.06815 16.5176 6.5
    endloop
  endfacet
  facet normal 0 0 1
    outer loop
      vertex 6.01711 16.2611 6.5
      vertex 6.01711 15.7389 6.5
      vertex 6.06815 15.4824 6.5
    endloop
  endfacet
  facet normal 0 -0 1
    outer loop
      vertex 6.01711 15.7389 6.5
      vertex 6.01711 16.2611 6.5
      vertex 6 16 6.5
    endloop
  endfacet
  facet normal -0.980771 0.19516 0
    outer loop
      vertex 6.01711 16.2611 0
      vertex 6.06815 16.5176 6.5
      vertex 6.06815 16.5176 0
    endloop
  endfacet
  facet normal -0.980771 0.19516 0
    outer loop
      vertex 6.06815 16.5176 6.5
      vertex 6.01711 16.2611 0
      vertex 6.01711 16.2611 6.5
    endloop
  endfacet
  facet normal -0.896845 0.442344 0
    outer loop
      vertex 6.15224 16.7654 0
      vertex 6.26795 17 6.5
      vertex 6.26795 17 0
    endloop
  endfacet
  facet normal -0.896845 0.442344 0
    outer loop
      vertex 6.26795 17 6.5
      vertex 6.15224 16.7654 0
      vertex 6.15224 16.7654 6.5
    endloop
  endfacet
  facet normal -0.321463 0.946922 0
    outer loop
      vertex 7.48236 17.9319 0
      vertex 7.23463 17.8478 6.5
      vertex 7.48236 17.9319 6.5
    endloop
  endfacet
  facet normal -0.321463 0.946922 0
    outer loop
      vertex 7.23463 17.8478 6.5
      vertex 7.48236 17.9319 0
      vertex 7.23463 17.8478 0
    endloop
  endfacet
  facet normal -0.659362 0.751826 0
    outer loop
      vertex 6.78248 17.5867 0
      vertex 6.58579 17.4142 6.5
      vertex 6.78248 17.5867 6.5
    endloop
  endfacet
  facet normal -0.659362 0.751826 0
    outer loop
      vertex 6.58579 17.4142 6.5
      vertex 6.78248 17.5867 0
      vertex 6.58579 17.4142 0
    endloop
  endfacet
  facet normal -0.751842 0.659343 0
    outer loop
      vertex 6.41329 17.2175 0
      vertex 6.58579 17.4142 6.5
      vertex 6.58579 17.4142 0
    endloop
  endfacet
  facet normal -0.751842 0.659343 0
    outer loop
      vertex 6.58579 17.4142 6.5
      vertex 6.41329 17.2175 0
      vertex 6.41329 17.2175 6.5
    endloop
  endfacet
  facet normal 0.980771 -0.19516 0
    outer loop
      vertex 9.93185 15.4824 6.5
      vertex 9.98289 15.7389 0
      vertex 9.98289 15.7389 6.5
    endloop
  endfacet
  facet normal 0.980771 -0.19516 0
    outer loop
      vertex 9.98289 15.7389 0
      vertex 9.93185 15.4824 6.5
      vertex 9.93185 15.4824 0
    endloop
  endfacet
  facet normal 0.321463 -0.946922 0
    outer loop
      vertex 8.51764 14.0681 0
      vertex 8.76537 14.1522 6.5
      vertex 8.51764 14.0681 6.5
    endloop
  endfacet
  facet normal 0.321463 -0.946922 0
    outer loop
      vertex 8.76537 14.1522 6.5
      vertex 8.51764 14.0681 0
      vertex 8.76537 14.1522 0
    endloop
  endfacet
  facet normal 0.659362 -0.751826 0
    outer loop
      vertex 9.21752 14.4133 0
      vertex 9.41421 14.5858 6.5
      vertex 9.21752 14.4133 6.5
    endloop
  endfacet
  facet normal 0.659362 -0.751826 0
    outer loop
      vertex 9.41421 14.5858 6.5
      vertex 9.21752 14.4133 0
      vertex 9.41421 14.5858 0
    endloop
  endfacet
  facet normal 0.946961 -0.321348 0
    outer loop
      vertex 9.84776 15.2346 6.5
      vertex 9.93185 15.4824 0
      vertex 9.93185 15.4824 6.5
    endloop
  endfacet
  facet normal 0.946961 -0.321348 0
    outer loop
      vertex 9.93185 15.4824 0
      vertex 9.84776 15.2346 6.5
      vertex 9.84776 15.2346 0
    endloop
  endfacet
  facet normal -0.321463 -0.946922 0
    outer loop
      vertex 7.23463 14.1522 0
      vertex 7.48236 14.0681 6.5
      vertex 7.23463 14.1522 6.5
    endloop
  endfacet
  facet normal -0.321463 -0.946922 -0
    outer loop
      vertex 7.48236 14.0681 6.5
      vertex 7.23463 14.1522 0
      vertex 7.48236 14.0681 0
    endloop
  endfacet
  facet normal -0.946961 -0.321348 0
    outer loop
      vertex 6.15224 15.2346 0
      vertex 6.06815 15.4824 6.5
      vertex 6.06815 15.4824 0
    endloop
  endfacet
  facet normal -0.946961 -0.321348 0
    outer loop
      vertex 6.06815 15.4824 6.5
      vertex 6.15224 15.2346 0
      vertex 6.15224 15.2346 6.5
    endloop
  endfacet
  facet normal -0.751842 -0.659343 0
    outer loop
      vertex 6.58579 14.5858 0
      vertex 6.41329 14.7825 6.5
      vertex 6.41329 14.7825 0
    endloop
  endfacet
  facet normal -0.751842 -0.659343 0
    outer loop
      vertex 6.41329 14.7825 6.5
      vertex 6.58579 14.5858 0
      vertex 6.58579 14.5858 6.5
    endloop
  endfacet
  facet normal -0.659362 -0.751826 0
    outer loop
      vertex 6.58579 14.5858 0
      vertex 6.78248 14.4133 6.5
      vertex 6.58579 14.5858 6.5
    endloop
  endfacet
  facet normal -0.659362 -0.751826 -0
    outer loop
      vertex 6.78248 14.4133 6.5
      vertex 6.58579 14.5858 0
      vertex 6.78248 14.4133 0
    endloop
  endfacet
  facet normal 0.99786 -0.0653902 0
    outer loop
      vertex 9.98289 15.7389 6.5
      vertex 10 16 0
      vertex 10 16 6.5
    endloop
  endfacet
  facet normal 0.99786 -0.0653902 0
    outer loop
      vertex 10 16 0
      vertex 9.98289 15.7389 6.5
      vertex 9.98289 15.7389 0
    endloop
  endfacet
  facet normal 0.442268 -0.896883 0
    outer loop
      vertex 8.76537 14.1522 0
      vertex 9 14.2679 6.5
      vertex 8.76537 14.1522 6.5
    endloop
  endfacet
  facet normal 0.442268 -0.896883 0
    outer loop
      vertex 9 14.2679 6.5
      vertex 8.76537 14.1522 0
      vertex 9 14.2679 0
    endloop
  endfacet
  facet normal 0.751842 -0.659343 0
    outer loop
      vertex 9.41421 14.5858 6.5
      vertex 9.58671 14.7825 0
      vertex 9.58671 14.7825 6.5
    endloop
  endfacet
  facet normal 0.751842 -0.659343 0
    outer loop
      vertex 9.58671 14.7825 0
      vertex 9.41421 14.5858 6.5
      vertex 9.41421 14.5858 0
    endloop
  endfacet
  facet normal 0.896845 -0.442344 0
    outer loop
      vertex 9.73205 15 6.5
      vertex 9.84776 15.2346 0
      vertex 9.84776 15.2346 6.5
    endloop
  endfacet
  facet normal 0.896845 -0.442344 0
    outer loop
      vertex 9.84776 15.2346 0
      vertex 9.73205 15 6.5
      vertex 9.73205 15 0
    endloop
  endfacet
  facet normal 0.0653646 -0.997861 0
    outer loop
      vertex 8 14 0
      vertex 8.26105 14.0171 6.5
      vertex 8 14 6.5
    endloop
  endfacet
  facet normal 0.0653646 -0.997861 0
    outer loop
      vertex 8.26105 14.0171 6.5
      vertex 8 14 0
      vertex 8.26105 14.0171 0
    endloop
  endfacet
  facet normal -0.442268 -0.896883 0
    outer loop
      vertex 7 14.2679 0
      vertex 7.23463 14.1522 6.5
      vertex 7 14.2679 6.5
    endloop
  endfacet
  facet normal -0.442268 -0.896883 -0
    outer loop
      vertex 7.23463 14.1522 6.5
      vertex 7 14.2679 0
      vertex 7.23463 14.1522 0
    endloop
  endfacet
  facet normal -0.896845 -0.442344 0
    outer loop
      vertex 6.26795 15 0
      vertex 6.15224 15.2346 6.5
      vertex 6.15224 15.2346 0
    endloop
  endfacet
  facet normal -0.896845 -0.442344 0
    outer loop
      vertex 6.15224 15.2346 6.5
      vertex 6.26795 15 0
      vertex 6.26795 15 6.5
    endloop
  endfacet
  facet normal 0.997862 0.0653521 0
    outer loop
      vertex 18 16 6.5
      vertex 17.9829 16.2611 0
      vertex 17.9829 16.2611 6.5
    endloop
  endfacet
  facet normal 0.997862 0.0653521 0
    outer loop
      vertex 17.9829 16.2611 0
      vertex 18 16 6.5
      vertex 18 16 0
    endloop
  endfacet
  facet normal -0.0653521 0.997862 0
    outer loop
      vertex 16 18 0
      vertex 15.7389 17.9829 6.5
      vertex 16 18 6.5
    endloop
  endfacet
  facet normal -0.0653521 0.997862 0
    outer loop
      vertex 15.7389 17.9829 6.5
      vertex 16 18 0
      vertex 15.7389 17.9829 0
    endloop
  endfacet
  facet normal 0.659343 0.751842 -0
    outer loop
      vertex 17.4142 17.4142 0
      vertex 17.2175 17.5867 6.5
      vertex 17.4142 17.4142 6.5
    endloop
  endfacet
  facet normal 0.659343 0.751842 0
    outer loop
      vertex 17.2175 17.5867 6.5
      vertex 17.4142 17.4142 0
      vertex 17.2175 17.5867 0
    endloop
  endfacet
  facet normal -0.751842 0.659343 0
    outer loop
      vertex 14.4133 17.2175 0
      vertex 14.5858 17.4142 6.5
      vertex 14.5858 17.4142 0
    endloop
  endfacet
  facet normal -0.751842 0.659343 0
    outer loop
      vertex 14.5858 17.4142 6.5
      vertex 14.4133 17.2175 0
      vertex 14.4133 17.2175 6.5
    endloop
  endfacet
  facet normal -0.442621 0.896709 0
    outer loop
      vertex 15.2346 17.8478 0
      vertex 15 17.732 6.5
      vertex 15.2346 17.8478 6.5
    endloop
  endfacet
  facet normal -0.442621 0.896709 0
    outer loop
      vertex 15 17.732 6.5
      vertex 15.2346 17.8478 0
      vertex 15 17.732 0
    endloop
  endfacet
  facet normal 0.896709 0.442621 0
    outer loop
      vertex 17.8478 16.7654 6.5
      vertex 17.732 17 0
      vertex 17.732 17 6.5
    endloop
  endfacet
  facet normal 0.896709 0.442621 0
    outer loop
      vertex 17.732 17 0
      vertex 17.8478 16.7654 6.5
      vertex 17.8478 16.7654 0
    endloop
  endfacet
  facet normal 0.980801 0.195013 0
    outer loop
      vertex 17.9829 16.2611 6.5
      vertex 17.9319 16.5176 0
      vertex 17.9319 16.5176 6.5
    endloop
  endfacet
  facet normal 0.980801 0.195013 0
    outer loop
      vertex 17.9319 16.5176 0
      vertex 17.9829 16.2611 6.5
      vertex 17.9829 16.2611 0
    endloop
  endfacet
  facet normal 0.831521 0.555494 0
    outer loop
      vertex 17.732 17 6.5
      vertex 17.5867 17.2175 0
      vertex 17.5867 17.2175 6.5
    endloop
  endfacet
  facet normal 0.831521 0.555494 0
    outer loop
      vertex 17.5867 17.2175 0
      vertex 17.732 17 6.5
      vertex 17.732 17 0
    endloop
  endfacet
  facet normal 0.321382 0.94695 -0
    outer loop
      vertex 16.7654 17.8478 0
      vertex 16.5176 17.9319 6.5
      vertex 16.7654 17.8478 6.5
    endloop
  endfacet
  facet normal 0.321382 0.94695 0
    outer loop
      vertex 16.5176 17.9319 6.5
      vertex 16.7654 17.8478 0
      vertex 16.5176 17.9319 0
    endloop
  endfacet
  facet normal 0.555494 0.831521 -0
    outer loop
      vertex 17.2175 17.5867 0
      vertex 17 17.732 6.5
      vertex 17.2175 17.5867 6.5
    endloop
  endfacet
  facet normal 0.555494 0.831521 0
    outer loop
      vertex 17 17.732 6.5
      vertex 17.2175 17.5867 0
      vertex 17 17.732 0
    endloop
  endfacet
  facet normal -0.94695 0.321382 0
    outer loop
      vertex 14.0681 16.5176 0
      vertex 14.1522 16.7654 6.5
      vertex 14.1522 16.7654 0
    endloop
  endfacet
  facet normal -0.94695 0.321382 0
    outer loop
      vertex 14.1522 16.7654 6.5
      vertex 14.0681 16.5176 0
      vertex 14.0681 16.5176 6.5
    endloop
  endfacet
  facet normal -0.831344 0.555758 0
    outer loop
      vertex 14.2679 17 0
      vertex 14.4133 17.2175 6.5
      vertex 14.4133 17.2175 0
    endloop
  endfacet
  facet normal -0.831344 0.555758 0
    outer loop
      vertex 14.4133 17.2175 6.5
      vertex 14.2679 17 0
      vertex 14.2679 17 6.5
    endloop
  endfacet
  facet normal -0.980801 0.195013 0
    outer loop
      vertex 14.0171 16.2611 0
      vertex 14.0681 16.5176 6.5
      vertex 14.0681 16.5176 0
    endloop
  endfacet
  facet normal -0.980801 0.195013 0
    outer loop
      vertex 14.0681 16.5176 6.5
      vertex 14.0171 16.2611 0
      vertex 14.0171 16.2611 6.5
    endloop
  endfacet
  facet normal -0.555494 0.831521 0
    outer loop
      vertex 15 17.732 0
      vertex 14.7825 17.5867 6.5
      vertex 15 17.732 6.5
    endloop
  endfacet
  facet normal -0.555494 0.831521 0
    outer loop
      vertex 14.7825 17.5867 6.5
      vertex 15 17.732 0
      vertex 14.7825 17.5867 0
    endloop
  endfacet
  facet normal -0.195013 0.980801 0
    outer loop
      vertex 15.7389 17.9829 0
      vertex 15.4824 17.9319 6.5
      vertex 15.7389 17.9829 6.5
    endloop
  endfacet
  facet normal -0.195013 0.980801 0
    outer loop
      vertex 15.4824 17.9319 6.5
      vertex 15.7389 17.9829 0
      vertex 15.4824 17.9319 0
    endloop
  endfacet
  facet normal 0.195013 -0.980801 0
    outer loop
      vertex 16.2611 14.0171 0
      vertex 16.5176 14.0681 6.5
      vertex 16.2611 14.0171 6.5
    endloop
  endfacet
  facet normal 0.195013 -0.980801 0
    outer loop
      vertex 16.5176 14.0681 6.5
      vertex 16.2611 14.0171 0
      vertex 16.5176 14.0681 0
    endloop
  endfacet
  facet normal 0.555758 -0.831344 0
    outer loop
      vertex 17 14.2679 0
      vertex 17.2175 14.4133 6.5
      vertex 17 14.2679 6.5
    endloop
  endfacet
  facet normal 0.555758 -0.831344 0
    outer loop
      vertex 17.2175 14.4133 6.5
      vertex 17 14.2679 0
      vertex 17.2175 14.4133 0
    endloop
  endfacet
  facet normal 0.980801 -0.195013 0
    outer loop
      vertex 17.9319 15.4824 6.5
      vertex 17.9829 15.7389 0
      vertex 17.9829 15.7389 6.5
    endloop
  endfacet
  facet normal 0.980801 -0.195013 0
    outer loop
      vertex 17.9829 15.7389 0
      vertex 17.9319 15.4824 6.5
      vertex 17.9319 15.4824 0
    endloop
  endfacet
  facet normal -0.195013 -0.980801 0
    outer loop
      vertex 15.4824 14.0681 0
      vertex 15.7389 14.0171 6.5
      vertex 15.4824 14.0681 6.5
    endloop
  endfacet
  facet normal -0.195013 -0.980801 -0
    outer loop
      vertex 15.7389 14.0171 6.5
      vertex 15.4824 14.0681 0
      vertex 15.7389 14.0171 0
    endloop
  endfacet
  facet normal -0.831344 -0.555758 0
    outer loop
      vertex 14.4133 14.7825 0
      vertex 14.2679 15 6.5
      vertex 14.2679 15 0
    endloop
  endfacet
  facet normal -0.831344 -0.555758 0
    outer loop
      vertex 14.2679 15 6.5
      vertex 14.4133 14.7825 0
      vertex 14.4133 14.7825 6.5
    endloop
  endfacet
  facet normal -0.980801 -0.195013 0
    outer loop
      vertex 14.0681 15.4824 0
      vertex 14.0171 15.7389 6.5
      vertex 14.0171 15.7389 0
    endloop
  endfacet
  facet normal -0.980801 -0.195013 0
    outer loop
      vertex 14.0171 15.7389 6.5
      vertex 14.0681 15.4824 0
      vertex 14.0681 15.4824 6.5
    endloop
  endfacet
  facet normal 0.94695 0.321382 0
    outer loop
      vertex 17.9319 16.5176 6.5
      vertex 17.8478 16.7654 0
      vertex 17.8478 16.7654 6.5
    endloop
  endfacet
  facet normal 0.94695 0.321382 0
    outer loop
      vertex 17.8478 16.7654 0
      vertex 17.9319 16.5176 6.5
      vertex 17.9319 16.5176 0
    endloop
  endfacet
  facet normal 0.751842 0.659343 0
    outer loop
      vertex 17.5867 17.2175 6.5
      vertex 17.4142 17.4142 0
      vertex 17.4142 17.4142 6.5
    endloop
  endfacet
  facet normal 0.751842 0.659343 0
    outer loop
      vertex 17.4142 17.4142 0
      vertex 17.5867 17.2175 6.5
      vertex 17.5867 17.2175 0
    endloop
  endfacet
  facet normal 0.195013 0.980801 -0
    outer loop
      vertex 16.5176 17.9319 0
      vertex 16.2611 17.9829 6.5
      vertex 16.5176 17.9319 6.5
    endloop
  endfacet
  facet normal 0.195013 0.980801 0
    outer loop
      vertex 16.2611 17.9829 6.5
      vertex 16.5176 17.9319 0
      vertex 16.2611 17.9829 0
    endloop
  endfacet
  facet normal 0.0653521 0.997862 -0
    outer loop
      vertex 16.2611 17.9829 0
      vertex 16 18 6.5
      vertex 16.2611 17.9829 6.5
    endloop
  endfacet
  facet normal 0.0653521 0.997862 0
    outer loop
      vertex 16 18 6.5
      vertex 16.2611 17.9829 0
      vertex 16 18 0
    endloop
  endfacet
  facet normal 0.442621 0.896709 -0
    outer loop
      vertex 17 17.732 0
      vertex 16.7654 17.8478 6.5
      vertex 17 17.732 6.5
    endloop
  endfacet
  facet normal 0.442621 0.896709 0
    outer loop
      vertex 16.7654 17.8478 6.5
      vertex 17 17.732 0
      vertex 16.7654 17.8478 0
    endloop
  endfacet
  facet normal 0 0 -1
    outer loop
      vertex 17.9829 15.7389 0
      vertex 17.9829 16.2611 0
      vertex 18 16 0
    endloop
  endfacet
  facet normal 0 0 -1
    outer loop
      vertex 17.9319 15.4824 0
      vertex 17.9829 16.2611 0
      vertex 17.9829 15.7389 0
    endloop
  endfacet
  facet normal 0 0 -1
    outer loop
      vertex 17.9319 15.4824 0
      vertex 17.9319 16.5176 0
      vertex 17.9829 16.2611 0
    endloop
  endfacet
  facet normal 0 0 -1
    outer loop
      vertex 17.8478 15.2346 0
      vertex 17.9319 16.5176 0
      vertex 17.9319 15.4824 0
    endloop
  endfacet
  facet normal 0 0 -1
    outer loop
      vertex 17.8478 15.2346 0
      vertex 17.8478 16.7654 0
      vertex 17.9319 16.5176 0
    endloop
  endfacet
  facet normal 0 0 -1
    outer loop
      vertex 17.732 15 0
      vertex 17.8478 16.7654 0
      vertex 17.8478 15.2346 0
    endloop
  endfacet
  facet normal 0 0 -1
    outer loop
      vertex 17.732 15 0
      vertex 17.732 17 0
      vertex 17.8478 16.7654 0
    endloop
  endfacet
  facet normal 0 0 -1
    outer loop
      vertex 17.5867 14.7825 0
      vertex 17.732 17 0
      vertex 17.732 15 0
    endloop
  endfacet
  facet normal 0 0 -1
    outer loop
      vertex 17.5867 14.7825 0
      vertex 17.5867 17.2175 0
      vertex 17.732 17 0
    endloop
  endfacet
  facet normal 0 0 -1
    outer loop
      vertex 17.4142 14.5858 0
      vertex 17.5867 17.2175 0
      vertex 17.5867 14.7825 0
    endloop
  endfacet
  facet normal 0 0 -1
    outer loop
      vertex 17.4142 14.5858 0
      vertex 17.4142 17.4142 0
      vertex 17.5867 17.2175 0
    endloop
  endfacet
  facet normal 0 0 -1
    outer loop
      vertex 17.2175 14.4133 0
      vertex 17.4142 17.4142 0
      vertex 17.4142 14.5858 0
    endloop
  endfacet
  facet normal 0 0 -1
    outer loop
      vertex 17.2175 14.4133 0
      vertex 17.2175 17.5867 0
      vertex 17.4142 17.4142 0
    endloop
  endfacet
  facet normal 0 0 -1
    outer loop
      vertex 17 14.2679 0
      vertex 17.2175 17.5867 0
      vertex 17.2175 14.4133 0
    endloop
  endfacet
  facet normal 0 0 -1
    outer loop
      vertex 17 14.2679 0
      vertex 17 17.732 0
      vertex 17.2175 17.5867 0
    endloop
  endfacet
  facet normal 0 0 -1
    outer loop
      vertex 16.7654 14.1522 0
      vertex 17 17.732 0
      vertex 17 14.2679 0
    endloop
  endfacet
  facet normal 0 0 -1
    outer loop
      vertex 16.7654 14.1522 0
      vertex 16.7654 17.8478 0
      vertex 17 17.732 0
    endloop
  endfacet
  facet normal 0 0 -1
    outer loop
      vertex 16.5176 14.0681 0
      vertex 16.7654 17.8478 0
      vertex 16.7654 14.1522 0
    endloop
  endfacet
  facet normal 0 0 -1
    outer loop
      vertex 16.5176 14.0681 0
      vertex 16.5176 17.9319 0
      vertex 16.7654 17.8478 0
    endloop
  endfacet
  facet normal 0 0 -1
    outer loop
      vertex 16.2611 14.0171 0
      vertex 16.5176 17.9319 0
      vertex 16.5176 14.0681 0
    endloop
  endfacet
  facet normal 0 0 -1
    outer loop
      vertex 16.2611 14.0171 0
      vertex 16.2611 17.9829 0
      vertex 16.5176 17.9319 0
    endloop
  endfacet
  facet normal 0 0 -1
    outer loop
      vertex 16 14 0
      vertex 16.2611 17.9829 0
      vertex 16.2611 14.0171 0
    endloop
  endfacet
  facet normal 0 0 -1
    outer loop
      vertex 16 14 0
      vertex 16 18 0
      vertex 16.2611 17.9829 0
    endloop
  endfacet
  facet normal 0 0 -1
    outer loop
      vertex 15.7389 14.0171 0
      vertex 16 18 0
      vertex 16 14 0
    endloop
  endfacet
  facet normal 0 0 -1
    outer loop
      vertex 15.7389 14.0171 0
      vertex 15.7389 17.9829 0
      vertex 16 18 0
    endloop
  endfacet
  facet normal 0 0 -1
    outer loop
      vertex 15.4824 14.0681 0
      vertex 15.7389 17.9829 0
      vertex 15.7389 14.0171 0
    endloop
  endfacet
  facet normal 0 0 -1
    outer loop
      vertex 15.4824 14.0681 0
      vertex 15.4824 17.9319 0
      vertex 15.7389 17.9829 0
    endloop
  endfacet
  facet normal 0 0 -1
    outer loop
      vertex 15.2346 14.1522 0
      vertex 15.4824 17.9319 0
      vertex 15.4824 14.0681 0
    endloop
  endfacet
  facet normal 0 0 -1
    outer loop
      vertex 15.2346 14.1522 0
      vertex 15.2346 17.8478 0
      vertex 15.4824 17.9319 0
    endloop
  endfacet
  facet normal 0 0 -1
    outer loop
      vertex 15 14.2679 0
      vertex 15.2346 17.8478 0
      vertex 15.2346 14.1522 0
    endloop
  endfacet
  facet normal 0 0 -1
    outer loop
      vertex 15 14.2679 0
      vertex 15 17.732 0
      vertex 15.2346 17.8478 0
    endloop
  endfacet
  facet normal 0 0 -1
    outer loop
      vertex 14.7825 14.4133 0
      vertex 15 17.732 0
      vertex 15 14.2679 0
    endloop
  endfacet
  facet normal 0 0 -1
    outer loop
      vertex 14.7825 14.4133 0
      vertex 14.7825 17.5867 0
      vertex 15 17.732 0
    endloop
  endfacet
  facet normal 0 0 -1
    outer loop
      vertex 14.5858 14.5858 0
      vertex 14.7825 17.5867 0
      vertex 14.7825 14.4133 0
    endloop
  endfacet
  facet normal 0 0 -1
    outer loop
      vertex 14.5858 14.5858 0
      vertex 14.5858 17.4142 0
      vertex 14.7825 17.5867 0
    endloop
  endfacet
  facet normal 0 0 -1
    outer loop
      vertex 14.4133 14.7825 0
      vertex 14.5858 17.4142 0
      vertex 14.5858 14.5858 0
    endloop
  endfacet
  facet normal 0 0 -1
    outer loop
      vertex 14.4133 14.7825 0
      vertex 14.4133 17.2175 0
      vertex 14.5858 17.4142 0
    endloop
  endfacet
  facet normal 0 0 -1
    outer loop
      vertex 14.2679 15 0
      vertex 14.4133 17.2175 0
      vertex 14.4133 14.7825 0
    endloop
  endfacet
  facet normal 0 0 -1
    outer loop
      vertex 14.2679 15 0
      vertex 14.2679 17 0
      vertex 14.4133 17.2175 0
    endloop
  endfacet
  facet normal 0 0 -1
    outer loop
      vertex 14.1522 15.2346 0
      vertex 14.2679 17 0
      vertex 14.2679 15 0
    endloop
  endfacet
  facet normal 0 0 -1
    outer loop
      vertex 14.1522 15.2346 0
      vertex 14.1522 16.7654 0
      vertex 14.2679 17 0
    endloop
  endfacet
  facet normal 0 0 -1
    outer loop
      vertex 14.0681 15.4824 0
      vertex 14.1522 16.7654 0
      vertex 14.1522 15.2346 0
    endloop
  endfacet
  facet normal 0 0 -1
    outer loop
      vertex 14.0681 15.4824 0
      vertex 14.0681 16.5176 0
      vertex 14.1522 16.7654 0
    endloop
  endfacet
  facet normal 0 0 -1
    outer loop
      vertex 14.0171 15.7389 0
      vertex 14.0681 16.5176 0
      vertex 14.0681 15.4824 0
    endloop
  endfacet
  facet normal 0 0 -1
    outer loop
      vertex 14.0171 15.7389 0
      vertex 14.0171 16.2611 0
      vertex 14.0681 16.5176 0
    endloop
  endfacet
  facet normal 0 -0 -1
    outer loop
      vertex 14.0171 16.2611 0
      vertex 14.0171 15.7389 0
      vertex 14 16 0
    endloop
  endfacet
  facet normal -0.89686 0.442314 0
    outer loop
      vertex 14.1522 16.7654 0
      vertex 14.2679 17 6.5
      vertex 14.2679 17 0
    endloop
  endfacet
  facet normal -0.89686 0.442314 0
    outer loop
      vertex 14.2679 17 6.5
      vertex 14.1522 16.7654 0
      vertex 14.1522 16.7654 6.5
    endloop
  endfacet
  facet normal -0.997862 0.0653521 0
    outer loop
      vertex 14 16 0
      vertex 14.0171 16.2611 6.5
      vertex 14.0171 16.2611 0
    endloop
  endfacet
  facet normal -0.997862 0.0653521 0
    outer loop
      vertex 14.0171 16.2611 6.5
      vertex 14 16 0
      vertex 14 16 6.5
    endloop
  endfacet
  facet normal 0 0 1
    outer loop
      vertex 17.9829 16.2611 6.5
      vertex 17.9829 15.7389 6.5
      vertex 18 16 6.5
    endloop
  endfacet
  facet normal 0 0 1
    outer loop
      vertex 17.9319 16.5176 6.5
      vertex 17.9829 15.7389 6.5
      vertex 17.9829 16.2611 6.5
    endloop
  endfacet
  facet normal 0 0 1
    outer loop
      vertex 17.9319 16.5176 6.5
      vertex 17.9319 15.4824 6.5
      vertex 17.9829 15.7389 6.5
    endloop
  endfacet
  facet normal 0 0 1
    outer loop
      vertex 17.8478 16.7654 6.5
      vertex 17.9319 15.4824 6.5
      vertex 17.9319 16.5176 6.5
    endloop
  endfacet
  facet normal 0 0 1
    outer loop
      vertex 17.8478 16.7654 6.5
      vertex 17.8478 15.2346 6.5
      vertex 17.9319 15.4824 6.5
    endloop
  endfacet
  facet normal 0 0 1
    outer loop
      vertex 17.732 17 6.5
      vertex 17.8478 15.2346 6.5
      vertex 17.8478 16.7654 6.5
    endloop
  endfacet
  facet normal 0 0 1
    outer loop
      vertex 17.732 17 6.5
      vertex 17.732 15 6.5
      vertex 17.8478 15.2346 6.5
    endloop
  endfacet
  facet normal 0 0 1
    outer loop
      vertex 17.5867 17.2175 6.5
      vertex 17.732 15 6.5
      vertex 17.732 17 6.5
    endloop
  endfacet
  facet normal 0 0 1
    outer loop
      vertex 17.5867 17.2175 6.5
      vertex 17.5867 14.7825 6.5
      vertex 17.732 15 6.5
    endloop
  endfacet
  facet normal 0 0 1
    outer loop
      vertex 17.4142 17.4142 6.5
      vertex 17.5867 14.7825 6.5
      vertex 17.5867 17.2175 6.5
    endloop
  endfacet
  facet normal 0 0 1
    outer loop
      vertex 17.4142 17.4142 6.5
      vertex 17.4142 14.5858 6.5
      vertex 17.5867 14.7825 6.5
    endloop
  endfacet
  facet normal 0 0 1
    outer loop
      vertex 17.2175 17.5867 6.5
      vertex 17.4142 14.5858 6.5
      vertex 17.4142 17.4142 6.5
    endloop
  endfacet
  facet normal 0 0 1
    outer loop
      vertex 17.2175 17.5867 6.5
      vertex 17.2175 14.4133 6.5
      vertex 17.4142 14.5858 6.5
    endloop
  endfacet
  facet normal 0 0 1
    outer loop
      vertex 17 17.732 6.5
      vertex 17.2175 14.4133 6.5
      vertex 17.2175 17.5867 6.5
    endloop
  endfacet
  facet normal 0 0 1
    outer loop
      vertex 17 17.732 6.5
      vertex 17 14.2679 6.5
      vertex 17.2175 14.4133 6.5
    endloop
  endfacet
  facet normal 0 0 1
    outer loop
      vertex 16.7654 17.8478 6.5
      vertex 17 14.2679 6.5
      vertex 17 17.732 6.5
    endloop
  endfacet
  facet normal 0 0 1
    outer loop
      vertex 16.7654 17.8478 6.5
      vertex 16.7654 14.1522 6.5
      vertex 17 14.2679 6.5
    endloop
  endfacet
  facet normal 0 0 1
    outer loop
      vertex 16.5176 17.9319 6.5
      vertex 16.7654 14.1522 6.5
      vertex 16.7654 17.8478 6.5
    endloop
  endfacet
  facet normal 0 0 1
    outer loop
      vertex 16.5176 17.9319 6.5
      vertex 16.5176 14.0681 6.5
      vertex 16.7654 14.1522 6.5
    endloop
  endfacet
  facet normal 0 0 1
    outer loop
      vertex 16.2611 17.9829 6.5
      vertex 16.5176 14.0681 6.5
      vertex 16.5176 17.9319 6.5
    endloop
  endfacet
  facet normal 0 0 1
    outer loop
      vertex 16.2611 17.9829 6.5
      vertex 16.2611 14.0171 6.5
      vertex 16.5176 14.0681 6.5
    endloop
  endfacet
  facet normal 0 0 1
    outer loop
      vertex 16 18 6.5
      vertex 16.2611 14.0171 6.5
      vertex 16.2611 17.9829 6.5
    endloop
  endfacet
  facet normal 0 0 1
    outer loop
      vertex 16 18 6.5
      vertex 16 14 6.5
      vertex 16.2611 14.0171 6.5
    endloop
  endfacet
  facet normal -0 0 1
    outer loop
      vertex 15.7389 17.9829 6.5
      vertex 16 14 6.5
      vertex 16 18 6.5
    endloop
  endfacet
  facet normal 0 0 1
    outer loop
      vertex 15.7389 17.9829 6.5
      vertex 15.7389 14.0171 6.5
      vertex 16 14 6.5
    endloop
  endfacet
  facet normal -0 0 1
    outer loop
      vertex 15.4824 17.9319 6.5
      vertex 15.7389 14.0171 6.5
      vertex 15.7389 17.9829 6.5
    endloop
  endfacet
  facet normal 0 0 1
    outer loop
      vertex 15.4824 17.9319 6.5
      vertex 15.4824 14.0681 6.5
      vertex 15.7389 14.0171 6.5
    endloop
  endfacet
  facet normal -0 0 1
    outer loop
      vertex 15.2346 17.8478 6.5
      vertex 15.4824 14.0681 6.5
      vertex 15.4824 17.9319 6.5
    endloop
  endfacet
  facet normal 0 0 1
    outer loop
      vertex 15.2346 17.8478 6.5
      vertex 15.2346 14.1522 6.5
      vertex 15.4824 14.0681 6.5
    endloop
  endfacet
  facet normal -0 0 1
    outer loop
      vertex 15 17.732 6.5
      vertex 15.2346 14.1522 6.5
      vertex 15.2346 17.8478 6.5
    endloop
  endfacet
  facet normal 0 0 1
    outer loop
      vertex 15 17.732 6.5
      vertex 15 14.2679 6.5
      vertex 15.2346 14.1522 6.5
    endloop
  endfacet
  facet normal -0 0 1
    outer loop
      vertex 14.7825 17.5867 6.5
      vertex 15 14.2679 6.5
      vertex 15 17.732 6.5
    endloop
  endfacet
  facet normal 0 0 1
    outer loop
      vertex 14.7825 17.5867 6.5
      vertex 14.7825 14.4133 6.5
      vertex 15 14.2679 6.5
    endloop
  endfacet
  facet normal -0 0 1
    outer loop
      vertex 14.5858 17.4142 6.5
      vertex 14.7825 14.4133 6.5
      vertex 14.7825 17.5867 6.5
    endloop
  endfacet
  facet normal 0 0 1
    outer loop
      vertex 14.5858 17.4142 6.5
      vertex 14.5858 14.5858 6.5
      vertex 14.7825 14.4133 6.5
    endloop
  endfacet
  facet normal -0 0 1
    outer loop
      vertex 14.4133 17.2175 6.5
      vertex 14.5858 14.5858 6.5
      vertex 14.5858 17.4142 6.5
    endloop
  endfacet
  facet normal 0 0 1
    outer loop
      vertex 14.4133 17.2175 6.5
      vertex 14.4133 14.7825 6.5
      vertex 14.5858 14.5858 6.5
    endloop
  endfacet
  facet normal -0 0 1
    outer loop
      vertex 14.2679 17 6.5
      vertex 14.4133 14.7825 6.5
      vertex 14.4133 17.2175 6.5
    endloop
  endfacet
  facet normal 0 0 1
    outer loop
      vertex 14.2679 17 6.5
      vertex 14.2679 15 6.5
      vertex 14.4133 14.7825 6.5
    endloop
  endfacet
  facet normal -0 0 1
    outer loop
      vertex 14.1522 16.7654 6.5
      vertex 14.2679 15 6.5
      vertex 14.2679 17 6.5
    endloop
  endfacet
  facet normal 0 0 1
    outer loop
      vertex 14.1522 16.7654 6.5
      vertex 14.1522 15.2346 6.5
      vertex 14.2679 15 6.5
    endloop
  endfacet
  facet normal -0 0 1
    outer loop
      vertex 14.0681 16.5176 6.5
      vertex 14.1522 15.2346 6.5
      vertex 14.1522 16.7654 6.5
    endloop
  endfacet
  facet normal 0 0 1
    outer loop
      vertex 14.0681 16.5176 6.5
      vertex 14.0681 15.4824 6.5
      vertex 14.1522 15.2346 6.5
    endloop
  endfacet
  facet normal -0 0 1
    outer loop
      vertex 14.0171 16.2611 6.5
      vertex 14.0681 15.4824 6.5
      vertex 14.0681 16.5176 6.5
    endloop
  endfacet
  facet normal 0 0 1
    outer loop
      vertex 14.0171 16.2611 6.5
      vertex 14.0171 15.7389 6.5
      vertex 14.0681 15.4824 6.5
    endloop
  endfacet
  facet normal 0 -0 1
    outer loop
      vertex 14.0171 15.7389 6.5
      vertex 14.0171 16.2611 6.5
      vertex 14 16 6.5
    endloop
  endfacet
  facet normal -0.659343 0.751842 0
    outer loop
      vertex 14.7825 17.5867 0
      vertex 14.5858 17.4142 6.5
      vertex 14.7825 17.5867 6.5
    endloop
  endfacet
  facet normal -0.659343 0.751842 0
    outer loop
      vertex 14.5858 17.4142 6.5
      vertex 14.7825 17.5867 0
      vertex 14.5858 17.4142 0
    endloop
  endfacet
  facet normal -0.321382 0.94695 0
    outer loop
      vertex 15.4824 17.9319 0
      vertex 15.2346 17.8478 6.5
      vertex 15.4824 17.9319 6.5
    endloop
  endfacet
  facet normal -0.321382 0.94695 0
    outer loop
      vertex 15.2346 17.8478 6.5
      vertex 15.4824 17.9319 0
      vertex 15.2346 17.8478 0
    endloop
  endfacet
  facet normal 0.321382 -0.94695 0
    outer loop
      vertex 16.5176 14.0681 0
      vertex 16.7654 14.1522 6.5
      vertex 16.5176 14.0681 6.5
    endloop
  endfacet
  facet normal 0.321382 -0.94695 0
    outer loop
      vertex 16.7654 14.1522 6.5
      vertex 16.5176 14.0681 0
      vertex 16.7654 14.1522 0
    endloop
  endfacet
  facet normal 0.659343 -0.751842 0
    outer loop
      vertex 17.2175 14.4133 0
      vertex 17.4142 14.5858 6.5
      vertex 17.2175 14.4133 6.5
    endloop
  endfacet
  facet normal 0.659343 -0.751842 0
    outer loop
      vertex 17.4142 14.5858 6.5
      vertex 17.2175 14.4133 0
      vertex 17.4142 14.5858 0
    endloop
  endfacet
  facet normal 0.831521 -0.555494 0
    outer loop
      vertex 17.5867 14.7825 6.5
      vertex 17.732 15 0
      vertex 17.732 15 6.5
    endloop
  endfacet
  facet normal 0.831521 -0.555494 0
    outer loop
      vertex 17.732 15 0
      vertex 17.5867 14.7825 6.5
      vertex 17.5867 14.7825 0
    endloop
  endfacet
  facet normal 0.94695 -0.321382 0
    outer loop
      vertex 17.8478 15.2346 6.5
      vertex 17.9319 15.4824 0
      vertex 17.9319 15.4824 6.5
    endloop
  endfacet
  facet normal 0.94695 -0.321382 0
    outer loop
      vertex 17.9319 15.4824 0
      vertex 17.8478 15.2346 6.5
      vertex 17.8478 15.2346 0
    endloop
  endfacet
  facet normal -0.555758 -0.831344 0
    outer loop
      vertex 14.7825 14.4133 0
      vertex 15 14.2679 6.5
      vertex 14.7825 14.4133 6.5
    endloop
  endfacet
  facet normal -0.555758 -0.831344 -0
    outer loop
      vertex 15 14.2679 6.5
      vertex 14.7825 14.4133 0
      vertex 15 14.2679 0
    endloop
  endfacet
  facet normal -0.321382 -0.94695 0
    outer loop
      vertex 15.2346 14.1522 0
      vertex 15.4824 14.0681 6.5
      vertex 15.2346 14.1522 6.5
    endloop
  endfacet
  facet normal -0.321382 -0.94695 -0
    outer loop
      vertex 15.4824 14.0681 6.5
      vertex 15.2346 14.1522 0
      vertex 15.4824 14.0681 0
    endloop
  endfacet
  facet normal -0.0653521 -0.997862 0
    outer loop
      vertex 15.7389 14.0171 0
      vertex 16 14 6.5
      vertex 15.7389 14.0171 6.5
    endloop
  endfacet
  facet normal -0.0653521 -0.997862 -0
    outer loop
      vertex 16 14 6.5
      vertex 15.7389 14.0171 0
      vertex 16 14 0
    endloop
  endfacet
  facet normal -0.751842 -0.659343 0
    outer loop
      vertex 14.5858 14.5858 0
      vertex 14.4133 14.7825 6.5
      vertex 14.4133 14.7825 0
    endloop
  endfacet
  facet normal -0.751842 -0.659343 0
    outer loop
      vertex 14.4133 14.7825 6.5
      vertex 14.5858 14.5858 0
      vertex 14.5858 14.5858 6.5
    endloop
  endfacet
  facet normal -0.94695 -0.321382 0
    outer loop
      vertex 14.1522 15.2346 0
      vertex 14.0681 15.4824 6.5
      vertex 14.0681 15.4824 0
    endloop
  endfacet
  facet normal -0.94695 -0.321382 0
    outer loop
      vertex 14.0681 15.4824 6.5
      vertex 14.1522 15.2346 0
      vertex 14.1522 15.2346 6.5
    endloop
  endfacet
  facet normal -0.997862 -0.0653521 0
    outer loop
      vertex 14.0171 15.7389 0
      vertex 14 16 6.5
      vertex 14 16 0
    endloop
  endfacet
  facet normal -0.997862 -0.0653521 0
    outer loop
      vertex 14 16 6.5
      vertex 14.0171 15.7389 0
      vertex 14.0171 15.7389 6.5
    endloop
  endfacet
  facet normal 0.997862 -0.0653521 0
    outer loop
      vertex 17.9829 15.7389 6.5
      vertex 18 16 0
      vertex 18 16 6.5
    endloop
  endfacet
  facet normal 0.997862 -0.0653521 0
    outer loop
      vertex 18 16 0
      vertex 17.9829 15.7389 6.5
      vertex 17.9829 15.7389 0
    endloop
  endfacet
  facet normal 0.442314 -0.89686 0
    outer loop
      vertex 16.7654 14.1522 0
      vertex 17 14.2679 6.5
      vertex 16.7654 14.1522 6.5
    endloop
  endfacet
  facet normal 0.442314 -0.89686 0
    outer loop
      vertex 17 14.2679 6.5
      vertex 16.7654 14.1522 0
      vertex 17 14.2679 0
    endloop
  endfacet
  facet normal 0.751842 -0.659343 0
    outer loop
      vertex 17.4142 14.5858 6.5
      vertex 17.5867 14.7825 0
      vertex 17.5867 14.7825 6.5
    endloop
  endfacet
  facet normal 0.751842 -0.659343 0
    outer loop
      vertex 17.5867 14.7825 0
      vertex 17.4142 14.5858 6.5
      vertex 17.4142 14.5858 0
    endloop
  endfacet
  facet normal 0.896709 -0.442621 0
    outer loop
      vertex 17.732 15 6.5
      vertex 17.8478 15.2346 0
      vertex 17.8478 15.2346 6.5
    endloop
  endfacet
  facet normal 0.896709 -0.442621 0
    outer loop
      vertex 17.8478 15.2346 0
      vertex 17.732 15 6.5
      vertex 17.732 15 0
    endloop
  endfacet
  facet normal -0.442314 -0.89686 0
    outer loop
      vertex 15 14.2679 0
      vertex 15.2346 14.1522 6.5
      vertex 15 14.2679 6.5
    endloop
  endfacet
  facet normal -0.442314 -0.89686 -0
    outer loop
      vertex 15.2346 14.1522 6.5
      vertex 15 14.2679 0
      vertex 15.2346 14.1522 0
    endloop
  endfacet
  facet normal 0.0653521 -0.997862 0
    outer loop
      vertex 16 14 0
      vertex 16.2611 14.0171 6.5
      vertex 16 14 6.5
    endloop
  endfacet
  facet normal 0.0653521 -0.997862 0
    outer loop
      vertex 16.2611 14.0171 6.5
      vertex 16 14 0
      vertex 16.2611 14.0171 0
    endloop
  endfacet
  facet normal -0.659343 -0.751842 0
    outer loop
      vertex 14.5858 14.5858 0
      vertex 14.7825 14.4133 6.5
      vertex 14.5858 14.5858 6.5
    endloop
  endfacet
  facet normal -0.659343 -0.751842 -0
    outer loop
      vertex 14.7825 14.4133 6.5
      vertex 14.5858 14.5858 0
      vertex 14.7825 14.4133 0
    endloop
  endfacet
  facet normal -0.89686 -0.442314 0
    outer loop
      vertex 14.2679 15 0
      vertex 14.1522 15.2346 6.5
      vertex 14.1522 15.2346 0
    endloop
  endfacet
  facet normal -0.89686 -0.442314 0
    outer loop
      vertex 14.1522 15.2346 6.5
      vertex 14.2679 15 0
      vertex 14.2679 15 6.5
    endloop
  endfacet
  facet normal 0.997862 0.0653521 0
    outer loop
      vertex 26 16 6.5
      vertex 25.9829 16.2611 0
      vertex 25.9829 16.2611 6.5
    endloop
  endfacet
  facet normal 0.997862 0.0653521 0
    outer loop
      vertex 25.9829 16.2611 0
      vertex 26 16 6.5
      vertex 26 16 0
    endloop
  endfacet
  facet normal -0.997862 -0.0653521 0
    outer loop
      vertex 22.0171 15.7389 0
      vertex 22 16 6.5
      vertex 22 16 0
    endloop
  endfacet
  facet normal -0.997862 -0.0653521 0
    outer loop
      vertex 22 16 6.5
      vertex 22.0171 15.7389 0
      vertex 22.0171 15.7389 6.5
    endloop
  endfacet
  facet normal -0.0653521 0.997862 0
    outer loop
      vertex 24 18 0
      vertex 23.7389 17.9829 6.5
      vertex 24 18 6.5
    endloop
  endfacet
  facet normal -0.0653521 0.997862 0
    outer loop
      vertex 23.7389 17.9829 6.5
      vertex 24 18 0
      vertex 23.7389 17.9829 0
    endloop
  endfacet
  facet normal 0.0653521 -0.997862 0
    outer loop
      vertex 24 14 0
      vertex 24.2611 14.0171 6.5
      vertex 24 14 6.5
    endloop
  endfacet
  facet normal 0.0653521 -0.997862 0
    outer loop
      vertex 24.2611 14.0171 6.5
      vertex 24 14 0
      vertex 24.2611 14.0171 0
    endloop
  endfacet
  facet normal -0.659343 -0.751842 0
    outer loop
      vertex 22.5858 14.5858 0
      vertex 22.7825 14.4133 6.5
      vertex 22.5858 14.5858 6.5
    endloop
  endfacet
  facet normal -0.659343 -0.751842 -0
    outer loop
      vertex 22.7825 14.4133 6.5
      vertex 22.5858 14.5858 0
      vertex 22.7825 14.4133 0
    endloop
  endfacet
  facet normal 0.659343 0.751842 -0
    outer loop
      vertex 25.4142 17.4142 0
      vertex 25.2175 17.5867 6.5
      vertex 25.4142 17.4142 6.5
    endloop
  endfacet
  facet normal 0.659343 0.751842 0
    outer loop
      vertex 25.2175 17.5867 6.5
      vertex 25.4142 17.4142 0
      vertex 25.2175 17.5867 0
    endloop
  endfacet
  facet normal -0.751842 0.659343 0
    outer loop
      vertex 22.4133 17.2175 0
      vertex 22.5858 17.4142 6.5
      vertex 22.5858 17.4142 0
    endloop
  endfacet
  facet normal -0.751842 0.659343 0
    outer loop
      vertex 22.5858 17.4142 6.5
      vertex 22.4133 17.2175 0
      vertex 22.4133 17.2175 6.5
    endloop
  endfacet
  facet normal -0.442621 0.896709 0
    outer loop
      vertex 23.2346 17.8478 0
      vertex 23 17.732 6.5
      vertex 23.2346 17.8478 6.5
    endloop
  endfacet
  facet normal -0.442621 0.896709 0
    outer loop
      vertex 23 17.732 6.5
      vertex 23.2346 17.8478 0
      vertex 23 17.732 0
    endloop
  endfacet
  facet normal -0.89686 -0.442314 0
    outer loop
      vertex 22.2679 15 0
      vertex 22.1522 15.2346 6.5
      vertex 22.1522 15.2346 0
    endloop
  endfacet
  facet normal -0.89686 -0.442314 0
    outer loop
      vertex 22.1522 15.2346 6.5
      vertex 22.2679 15 0
      vertex 22.2679 15 6.5
    endloop
  endfacet
  facet normal 0.896709 0.442621 0
    outer loop
      vertex 25.8478 16.7654 6.5
      vertex 25.732 17 0
      vertex 25.732 17 6.5
    endloop
  endfacet
  facet normal 0.896709 0.442621 0
    outer loop
      vertex 25.732 17 0
      vertex 25.8478 16.7654 6.5
      vertex 25.8478 16.7654 0
    endloop
  endfacet
  facet normal 0.980801 0.195013 0
    outer loop
      vertex 25.9829 16.2611 6.5
      vertex 25.9319 16.5176 0
      vertex 25.9319 16.5176 6.5
    endloop
  endfacet
  facet normal 0.980801 0.195013 0
    outer loop
      vertex 25.9319 16.5176 0
      vertex 25.9829 16.2611 6.5
      vertex 25.9829 16.2611 0
    endloop
  endfacet
  facet normal 0.831521 0.555494 0
    outer loop
      vertex 25.732 17 6.5
      vertex 25.5867 17.2175 0
      vertex 25.5867 17.2175 6.5
    endloop
  endfacet
  facet normal 0.831521 0.555494 0
    outer loop
      vertex 25.5867 17.2175 0
      vertex 25.732 17 6.5
      vertex 25.732 17 0
    endloop
  endfacet
  facet normal 0.321382 0.94695 -0
    outer loop
      vertex 24.7654 17.8478 0
      vertex 24.5176 17.9319 6.5
      vertex 24.7654 17.8478 6.5
    endloop
  endfacet
  facet normal 0.321382 0.94695 0
    outer loop
      vertex 24.5176 17.9319 6.5
      vertex 24.7654 17.8478 0
      vertex 24.5176 17.9319 0
    endloop
  endfacet
  facet normal 0.555494 0.831521 -0
    outer loop
      vertex 25.2175 17.5867 0
      vertex 25 17.732 6.5
      vertex 25.2175 17.5867 6.5
    endloop
  endfacet
  facet normal 0.555494 0.831521 0
    outer loop
      vertex 25 17.732 6.5
      vertex 25.2175 17.5867 0
      vertex 25 17.732 0
    endloop
  endfacet
  facet normal -0.94695 0.321382 0
    outer loop
      vertex 22.0681 16.5176 0
      vertex 22.1522 16.7654 6.5
      vertex 22.1522 16.7654 0
    endloop
  endfacet
  facet normal -0.94695 0.321382 0
    outer loop
      vertex 22.1522 16.7654 6.5
      vertex 22.0681 16.5176 0
      vertex 22.0681 16.5176 6.5
    endloop
  endfacet
  facet normal -0.831344 0.555758 0
    outer loop
      vertex 22.2679 17 0
      vertex 22.4133 17.2175 6.5
      vertex 22.4133 17.2175 0
    endloop
  endfacet
  facet normal -0.831344 0.555758 0
    outer loop
      vertex 22.4133 17.2175 6.5
      vertex 22.2679 17 0
      vertex 22.2679 17 6.5
    endloop
  endfacet
  facet normal -0.980801 0.195013 0
    outer loop
      vertex 22.0171 16.2611 0
      vertex 22.0681 16.5176 6.5
      vertex 22.0681 16.5176 0
    endloop
  endfacet
  facet normal -0.980801 0.195013 0
    outer loop
      vertex 22.0681 16.5176 6.5
      vertex 22.0171 16.2611 0
      vertex 22.0171 16.2611 6.5
    endloop
  endfacet
  facet normal -0.555494 0.831521 0
    outer loop
      vertex 23 17.732 0
      vertex 22.7825 17.5867 6.5
      vertex 23 17.732 6.5
    endloop
  endfacet
  facet normal -0.555494 0.831521 0
    outer loop
      vertex 22.7825 17.5867 6.5
      vertex 23 17.732 0
      vertex 22.7825 17.5867 0
    endloop
  endfacet
  facet normal -0.195013 0.980801 0
    outer loop
      vertex 23.7389 17.9829 0
      vertex 23.4824 17.9319 6.5
      vertex 23.7389 17.9829 6.5
    endloop
  endfacet
  facet normal -0.195013 0.980801 0
    outer loop
      vertex 23.4824 17.9319 6.5
      vertex 23.7389 17.9829 0
      vertex 23.4824 17.9319 0
    endloop
  endfacet
  facet normal 0.442314 -0.89686 0
    outer loop
      vertex 24.7654 14.1522 0
      vertex 25 14.2679 6.5
      vertex 24.7654 14.1522 6.5
    endloop
  endfacet
  facet normal 0.442314 -0.89686 0
    outer loop
      vertex 25 14.2679 6.5
      vertex 24.7654 14.1522 0
      vertex 25 14.2679 0
    endloop
  endfacet
  facet normal 0.195013 -0.980801 0
    outer loop
      vertex 24.2611 14.0171 0
      vertex 24.5176 14.0681 6.5
      vertex 24.2611 14.0171 6.5
    endloop
  endfacet
  facet normal 0.195013 -0.980801 0
    outer loop
      vertex 24.5176 14.0681 6.5
      vertex 24.2611 14.0171 0
      vertex 24.5176 14.0681 0
    endloop
  endfacet
  facet normal 0.555758 -0.831344 0
    outer loop
      vertex 25 14.2679 0
      vertex 25.2175 14.4133 6.5
      vertex 25 14.2679 6.5
    endloop
  endfacet
  facet normal 0.555758 -0.831344 0
    outer loop
      vertex 25.2175 14.4133 6.5
      vertex 25 14.2679 0
      vertex 25.2175 14.4133 0
    endloop
  endfacet
  facet normal 0.980801 -0.195013 0
    outer loop
      vertex 25.9319 15.4824 6.5
      vertex 25.9829 15.7389 0
      vertex 25.9829 15.7389 6.5
    endloop
  endfacet
  facet normal 0.980801 -0.195013 0
    outer loop
      vertex 25.9829 15.7389 0
      vertex 25.9319 15.4824 6.5
      vertex 25.9319 15.4824 0
    endloop
  endfacet
  facet normal -0.195013 -0.980801 0
    outer loop
      vertex 23.4824 14.0681 0
      vertex 23.7389 14.0171 6.5
      vertex 23.4824 14.0681 6.5
    endloop
  endfacet
  facet normal -0.195013 -0.980801 -0
    outer loop
      vertex 23.7389 14.0171 6.5
      vertex 23.4824 14.0681 0
      vertex 23.7389 14.0171 0
    endloop
  endfacet
  facet normal -0.831344 -0.555758 0
    outer loop
      vertex 22.4133 14.7825 0
      vertex 22.2679 15 6.5
      vertex 22.2679 15 0
    endloop
  endfacet
  facet normal -0.831344 -0.555758 0
    outer loop
      vertex 22.2679 15 6.5
      vertex 22.4133 14.7825 0
      vertex 22.4133 14.7825 6.5
    endloop
  endfacet
  facet normal -0.980801 -0.195013 0
    outer loop
      vertex 22.0681 15.4824 0
      vertex 22.0171 15.7389 6.5
      vertex 22.0171 15.7389 0
    endloop
  endfacet
  facet normal -0.980801 -0.195013 0
    outer loop
      vertex 22.0171 15.7389 6.5
      vertex 22.0681 15.4824 0
      vertex 22.0681 15.4824 6.5
    endloop
  endfacet
  facet normal 0.94695 0.321382 0
    outer loop
      vertex 25.9319 16.5176 6.5
      vertex 25.8478 16.7654 0
      vertex 25.8478 16.7654 6.5
    endloop
  endfacet
  facet normal 0.94695 0.321382 0
    outer loop
      vertex 25.8478 16.7654 0
      vertex 25.9319 16.5176 6.5
      vertex 25.9319 16.5176 0
    endloop
  endfacet
  facet normal 0.751842 0.659343 0
    outer loop
      vertex 25.5867 17.2175 6.5
      vertex 25.4142 17.4142 0
      vertex 25.4142 17.4142 6.5
    endloop
  endfacet
  facet normal 0.751842 0.659343 0
    outer loop
      vertex 25.4142 17.4142 0
      vertex 25.5867 17.2175 6.5
      vertex 25.5867 17.2175 0
    endloop
  endfacet
  facet normal 0.195013 0.980801 -0
    outer loop
      vertex 24.5176 17.9319 0
      vertex 24.2611 17.9829 6.5
      vertex 24.5176 17.9319 6.5
    endloop
  endfacet
  facet normal 0.195013 0.980801 0
    outer loop
      vertex 24.2611 17.9829 6.5
      vertex 24.5176 17.9319 0
      vertex 24.2611 17.9829 0
    endloop
  endfacet
  facet normal 0.0653521 0.997862 -0
    outer loop
      vertex 24.2611 17.9829 0
      vertex 24 18 6.5
      vertex 24.2611 17.9829 6.5
    endloop
  endfacet
  facet normal 0.0653521 0.997862 0
    outer loop
      vertex 24 18 6.5
      vertex 24.2611 17.9829 0
      vertex 24 18 0
    endloop
  endfacet
  facet normal 0.442621 0.896709 -0
    outer loop
      vertex 25 17.732 0
      vertex 24.7654 17.8478 6.5
      vertex 25 17.732 6.5
    endloop
  endfacet
  facet normal 0.442621 0.896709 0
    outer loop
      vertex 24.7654 17.8478 6.5
      vertex 25 17.732 0
      vertex 24.7654 17.8478 0
    endloop
  endfacet
  facet normal 0 0 -1
    outer loop
      vertex 25.9829 15.7389 0
      vertex 25.9829 16.2611 0
      vertex 26 16 0
    endloop
  endfacet
  facet normal 0 0 -1
    outer loop
      vertex 25.9319 15.4824 0
      vertex 25.9829 16.2611 0
      vertex 25.9829 15.7389 0
    endloop
  endfacet
  facet normal 0 0 -1
    outer loop
      vertex 25.9319 15.4824 0
      vertex 25.9319 16.5176 0
      vertex 25.9829 16.2611 0
    endloop
  endfacet
  facet normal 0 0 -1
    outer loop
      vertex 25.8478 15.2346 0
      vertex 25.9319 16.5176 0
      vertex 25.9319 15.4824 0
    endloop
  endfacet
  facet normal 0 0 -1
    outer loop
      vertex 25.8478 15.2346 0
      vertex 25.8478 16.7654 0
      vertex 25.9319 16.5176 0
    endloop
  endfacet
  facet normal 0 0 -1
    outer loop
      vertex 25.732 15 0
      vertex 25.8478 16.7654 0
      vertex 25.8478 15.2346 0
    endloop
  endfacet
  facet normal 0 0 -1
    outer loop
      vertex 25.732 15 0
      vertex 25.732 17 0
      vertex 25.8478 16.7654 0
    endloop
  endfacet
  facet normal 0 0 -1
    outer loop
      vertex 25.5867 14.7825 0
      vertex 25.732 17 0
      vertex 25.732 15 0
    endloop
  endfacet
  facet normal 0 0 -1
    outer loop
      vertex 25.5867 14.7825 0
      vertex 25.5867 17.2175 0
      vertex 25.732 17 0
    endloop
  endfacet
  facet normal 0 0 -1
    outer loop
      vertex 25.4142 14.5858 0
      vertex 25.5867 17.2175 0
      vertex 25.5867 14.7825 0
    endloop
  endfacet
  facet normal 0 0 -1
    outer loop
      vertex 25.4142 14.5858 0
      vertex 25.4142 17.4142 0
      vertex 25.5867 17.2175 0
    endloop
  endfacet
  facet normal 0 0 -1
    outer loop
      vertex 25.2175 14.4133 0
      vertex 25.4142 17.4142 0
      vertex 25.4142 14.5858 0
    endloop
  endfacet
  facet normal 0 0 -1
    outer loop
      vertex 25.2175 14.4133 0
      vertex 25.2175 17.5867 0
      vertex 25.4142 17.4142 0
    endloop
  endfacet
  facet normal 0 0 -1
    outer loop
      vertex 25 14.2679 0
      vertex 25.2175 17.5867 0
      vertex 25.2175 14.4133 0
    endloop
  endfacet
  facet normal 0 0 -1
    outer loop
      vertex 25 14.2679 0
      vertex 25 17.732 0
      vertex 25.2175 17.5867 0
    endloop
  endfacet
  facet normal 0 0 -1
    outer loop
      vertex 24.7654 14.1522 0
      vertex 25 17.732 0
      vertex 25 14.2679 0
    endloop
  endfacet
  facet normal 0 0 -1
    outer loop
      vertex 24.7654 14.1522 0
      vertex 24.7654 17.8478 0
      vertex 25 17.732 0
    endloop
  endfacet
  facet normal 0 0 -1
    outer loop
      vertex 24.5176 14.0681 0
      vertex 24.7654 17.8478 0
      vertex 24.7654 14.1522 0
    endloop
  endfacet
  facet normal 0 0 -1
    outer loop
      vertex 24.5176 14.0681 0
      vertex 24.5176 17.9319 0
      vertex 24.7654 17.8478 0
    endloop
  endfacet
  facet normal 0 0 -1
    outer loop
      vertex 24.2611 14.0171 0
      vertex 24.5176 17.9319 0
      vertex 24.5176 14.0681 0
    endloop
  endfacet
  facet normal 0 0 -1
    outer loop
      vertex 24.2611 14.0171 0
      vertex 24.2611 17.9829 0
      vertex 24.5176 17.9319 0
    endloop
  endfacet
  facet normal 0 0 -1
    outer loop
      vertex 24 14 0
      vertex 24.2611 17.9829 0
      vertex 24.2611 14.0171 0
    endloop
  endfacet
  facet normal 0 0 -1
    outer loop
      vertex 24 14 0
      vertex 24 18 0
      vertex 24.2611 17.9829 0
    endloop
  endfacet
  facet normal 0 0 -1
    outer loop
      vertex 23.7389 14.0171 0
      vertex 24 18 0
      vertex 24 14 0
    endloop
  endfacet
  facet normal 0 0 -1
    outer loop
      vertex 23.7389 14.0171 0
      vertex 23.7389 17.9829 0
      vertex 24 18 0
    endloop
  endfacet
  facet normal 0 0 -1
    outer loop
      vertex 23.4824 14.0681 0
      vertex 23.7389 17.9829 0
      vertex 23.7389 14.0171 0
    endloop
  endfacet
  facet normal 0 0 -1
    outer loop
      vertex 23.4824 14.0681 0
      vertex 23.4824 17.9319 0
      vertex 23.7389 17.9829 0
    endloop
  endfacet
  facet normal 0 0 -1
    outer loop
      vertex 23.2346 14.1522 0
      vertex 23.4824 17.9319 0
      vertex 23.4824 14.0681 0
    endloop
  endfacet
  facet normal 0 0 -1
    outer loop
      vertex 23.2346 14.1522 0
      vertex 23.2346 17.8478 0
      vertex 23.4824 17.9319 0
    endloop
  endfacet
  facet normal 0 0 -1
    outer loop
      vertex 23 14.2679 0
      vertex 23.2346 17.8478 0
      vertex 23.2346 14.1522 0
    endloop
  endfacet
  facet normal 0 0 -1
    outer loop
      vertex 23 14.2679 0
      vertex 23 17.732 0
      vertex 23.2346 17.8478 0
    endloop
  endfacet
  facet normal 0 0 -1
    outer loop
      vertex 22.7825 14.4133 0
      vertex 23 17.732 0
      vertex 23 14.2679 0
    endloop
  endfacet
  facet normal 0 0 -1
    outer loop
      vertex 22.7825 14.4133 0
      vertex 22.7825 17.5867 0
      vertex 23 17.732 0
    endloop
  endfacet
  facet normal 0 0 -1
    outer loop
      vertex 22.5858 14.5858 0
      vertex 22.7825 17.5867 0
      vertex 22.7825 14.4133 0
    endloop
  endfacet
  facet normal 0 0 -1
    outer loop
      vertex 22.5858 14.5858 0
      vertex 22.5858 17.4142 0
      vertex 22.7825 17.5867 0
    endloop
  endfacet
  facet normal 0 0 -1
    outer loop
      vertex 22.4133 14.7825 0
      vertex 22.5858 17.4142 0
      vertex 22.5858 14.5858 0
    endloop
  endfacet
  facet normal 0 0 -1
    outer loop
      vertex 22.4133 14.7825 0
      vertex 22.4133 17.2175 0
      vertex 22.5858 17.4142 0
    endloop
  endfacet
  facet normal 0 0 -1
    outer loop
      vertex 22.2679 15 0
      vertex 22.4133 17.2175 0
      vertex 22.4133 14.7825 0
    endloop
  endfacet
  facet normal 0 0 -1
    outer loop
      vertex 22.2679 15 0
      vertex 22.2679 17 0
      vertex 22.4133 17.2175 0
    endloop
  endfacet
  facet normal 0 0 -1
    outer loop
      vertex 22.1522 15.2346 0
      vertex 22.2679 17 0
      vertex 22.2679 15 0
    endloop
  endfacet
  facet normal 0 0 -1
    outer loop
      vertex 22.1522 15.2346 0
      vertex 22.1522 16.7654 0
      vertex 22.2679 17 0
    endloop
  endfacet
  facet normal 0 0 -1
    outer loop
      vertex 22.0681 15.4824 0
      vertex 22.1522 16.7654 0
      vertex 22.1522 15.2346 0
    endloop
  endfacet
  facet normal 0 0 -1
    outer loop
      vertex 22.0681 15.4824 0
      vertex 22.0681 16.5176 0
      vertex 22.1522 16.7654 0
    endloop
  endfacet
  facet normal 0 0 -1
    outer loop
      vertex 22.0171 15.7389 0
      vertex 22.0681 16.5176 0
      vertex 22.0681 15.4824 0
    endloop
  endfacet
  facet normal 0 0 -1
    outer loop
      vertex 22.0171 15.7389 0
      vertex 22.0171 16.2611 0
      vertex 22.0681 16.5176 0
    endloop
  endfacet
  facet normal 0 -0 -1
    outer loop
      vertex 22.0171 16.2611 0
      vertex 22.0171 15.7389 0
      vertex 22 16 0
    endloop
  endfacet
  facet normal -0.89686 0.442314 0
    outer loop
      vertex 22.1522 16.7654 0
      vertex 22.2679 17 6.5
      vertex 22.2679 17 0
    endloop
  endfacet
  facet normal -0.89686 0.442314 0
    outer loop
      vertex 22.2679 17 6.5
      vertex 22.1522 16.7654 0
      vertex 22.1522 16.7654 6.5
    endloop
  endfacet
  facet normal -0.997862 0.0653521 0
    outer loop
      vertex 22 16 0
      vertex 22.0171 16.2611 6.5
      vertex 22.0171 16.2611 0
    endloop
  endfacet
  facet normal -0.997862 0.0653521 0
    outer loop
      vertex 22.0171 16.2611 6.5
      vertex 22 16 0
      vertex 22 16 6.5
    endloop
  endfacet
  facet normal 0 0 1
    outer loop
      vertex 25.9829 16.2611 6.5
      vertex 25.9829 15.7389 6.5
      vertex 26 16 6.5
    endloop
  endfacet
  facet normal 0 0 1
    outer loop
      vertex 25.9319 16.5176 6.5
      vertex 25.9829 15.7389 6.5
      vertex 25.9829 16.2611 6.5
    endloop
  endfacet
  facet normal 0 0 1
    outer loop
      vertex 25.9319 16.5176 6.5
      vertex 25.9319 15.4824 6.5
      vertex 25.9829 15.7389 6.5
    endloop
  endfacet
  facet normal 0 0 1
    outer loop
      vertex 25.8478 16.7654 6.5
      vertex 25.9319 15.4824 6.5
      vertex 25.9319 16.5176 6.5
    endloop
  endfacet
  facet normal 0 0 1
    outer loop
      vertex 25.8478 16.7654 6.5
      vertex 25.8478 15.2346 6.5
      vertex 25.9319 15.4824 6.5
    endloop
  endfacet
  facet normal 0 0 1
    outer loop
      vertex 25.732 17 6.5
      vertex 25.8478 15.2346 6.5
      vertex 25.8478 16.7654 6.5
    endloop
  endfacet
  facet normal 0 0 1
    outer loop
      vertex 25.732 17 6.5
      vertex 25.732 15 6.5
      vertex 25.8478 15.2346 6.5
    endloop
  endfacet
  facet normal 0 0 1
    outer loop
      vertex 25.5867 17.2175 6.5
      vertex 25.732 15 6.5
      vertex 25.732 17 6.5
    endloop
  endfacet
  facet normal 0 0 1
    outer loop
      vertex 25.5867 17.2175 6.5
      vertex 25.5867 14.7825 6.5
      vertex 25.732 15 6.5
    endloop
  endfacet
  facet normal 0 0 1
    outer loop
      vertex 25.4142 17.4142 6.5
      vertex 25.5867 14.7825 6.5
      vertex 25.5867 17.2175 6.5
    endloop
  endfacet
  facet normal 0 0 1
    outer loop
      vertex 25.4142 17.4142 6.5
      vertex 25.4142 14.5858 6.5
      vertex 25.5867 14.7825 6.5
    endloop
  endfacet
  facet normal 0 0 1
    outer loop
      vertex 25.2175 17.5867 6.5
      vertex 25.4142 14.5858 6.5
      vertex 25.4142 17.4142 6.5
    endloop
  endfacet
  facet normal 0 0 1
    outer loop
      vertex 25.2175 17.5867 6.5
      vertex 25.2175 14.4133 6.5
      vertex 25.4142 14.5858 6.5
    endloop
  endfacet
  facet normal 0 0 1
    outer loop
      vertex 25 17.732 6.5
      vertex 25.2175 14.4133 6.5
      vertex 25.2175 17.5867 6.5
    endloop
  endfacet
  facet normal 0 0 1
    outer loop
      vertex 25 17.732 6.5
      vertex 25 14.2679 6.5
      vertex 25.2175 14.4133 6.5
    endloop
  endfacet
  facet normal 0 0 1
    outer loop
      vertex 24.7654 17.8478 6.5
      vertex 25 14.2679 6.5
      vertex 25 17.732 6.5
    endloop
  endfacet
  facet normal 0 0 1
    outer loop
      vertex 24.7654 17.8478 6.5
      vertex 24.7654 14.1522 6.5
      vertex 25 14.2679 6.5
    endloop
  endfacet
  facet normal 0 0 1
    outer loop
      vertex 24.5176 17.9319 6.5
      vertex 24.7654 14.1522 6.5
      vertex 24.7654 17.8478 6.5
    endloop
  endfacet
  facet normal 0 0 1
    outer loop
      vertex 24.5176 17.9319 6.5
      vertex 24.5176 14.0681 6.5
      vertex 24.7654 14.1522 6.5
    endloop
  endfacet
  facet normal 0 0 1
    outer loop
      vertex 24.2611 17.9829 6.5
      vertex 24.5176 14.0681 6.5
      vertex 24.5176 17.9319 6.5
    endloop
  endfacet
  facet normal 0 0 1
    outer loop
      vertex 24.2611 17.9829 6.5
      vertex 24.2611 14.0171 6.5
      vertex 24.5176 14.0681 6.5
    endloop
  endfacet
  facet normal 0 0 1
    outer loop
      vertex 24 18 6.5
      vertex 24.2611 14.0171 6.5
      vertex 24.2611 17.9829 6.5
    endloop
  endfacet
  facet normal 0 0 1
    outer loop
      vertex 24 18 6.5
      vertex 24 14 6.5
      vertex 24.2611 14.0171 6.5
    endloop
  endfacet
  facet normal -0 0 1
    outer loop
      vertex 23.7389 17.9829 6.5
      vertex 24 14 6.5
      vertex 24 18 6.5
    endloop
  endfacet
  facet normal 0 0 1
    outer loop
      vertex 23.7389 17.9829 6.5
      vertex 23.7389 14.0171 6.5
      vertex 24 14 6.5
    endloop
  endfacet
  facet normal -0 0 1
    outer loop
      vertex 23.4824 17.9319 6.5
      vertex 23.7389 14.0171 6.5
      vertex 23.7389 17.9829 6.5
    endloop
  endfacet
  facet normal 0 0 1
    outer loop
      vertex 23.4824 17.9319 6.5
      vertex 23.4824 14.0681 6.5
      vertex 23.7389 14.0171 6.5
    endloop
  endfacet
  facet normal -0 0 1
    outer loop
      vertex 23.2346 17.8478 6.5
      vertex 23.4824 14.0681 6.5
      vertex 23.4824 17.9319 6.5
    endloop
  endfacet
  facet normal 0 0 1
    outer loop
      vertex 23.2346 17.8478 6.5
      vertex 23.2346 14.1522 6.5
      vertex 23.4824 14.0681 6.5
    endloop
  endfacet
  facet normal -0 0 1
    outer loop
      vertex 23 17.732 6.5
      vertex 23.2346 14.1522 6.5
      vertex 23.2346 17.8478 6.5
    endloop
  endfacet
  facet normal 0 0 1
    outer loop
      vertex 23 17.732 6.5
      vertex 23 14.2679 6.5
      vertex 23.2346 14.1522 6.5
    endloop
  endfacet
  facet normal -0 0 1
    outer loop
      vertex 22.7825 17.5867 6.5
      vertex 23 14.2679 6.5
      vertex 23 17.732 6.5
    endloop
  endfacet
  facet normal 0 0 1
    outer loop
      vertex 22.7825 17.5867 6.5
      vertex 22.7825 14.4133 6.5
      vertex 23 14.2679 6.5
    endloop
  endfacet
  facet normal -0 0 1
    outer loop
      vertex 22.5858 17.4142 6.5
      vertex 22.7825 14.4133 6.5
      vertex 22.7825 17.5867 6.5
    endloop
  endfacet
  facet normal 0 0 1
    outer loop
      vertex 22.5858 17.4142 6.5
      vertex 22.5858 14.5858 6.5
      vertex 22.7825 14.4133 6.5
    endloop
  endfacet
  facet normal -0 0 1
    outer loop
      vertex 22.4133 17.2175 6.5
      vertex 22.5858 14.5858 6.5
      vertex 22.5858 17.4142 6.5
    endloop
  endfacet
  facet normal 0 0 1
    outer loop
      vertex 22.4133 17.2175 6.5
      vertex 22.4133 14.7825 6.5
      vertex 22.5858 14.5858 6.5
    endloop
  endfacet
  facet normal -0 0 1
    outer loop
      vertex 22.2679 17 6.5
      vertex 22.4133 14.7825 6.5
      vertex 22.4133 17.2175 6.5
    endloop
  endfacet
  facet normal 0 0 1
    outer loop
      vertex 22.2679 17 6.5
      vertex 22.2679 15 6.5
      vertex 22.4133 14.7825 6.5
    endloop
  endfacet
  facet normal -0 0 1
    outer loop
      vertex 22.1522 16.7654 6.5
      vertex 22.2679 15 6.5
      vertex 22.2679 17 6.5
    endloop
  endfacet
  facet normal 0 0 1
    outer loop
      vertex 22.1522 16.7654 6.5
      vertex 22.1522 15.2346 6.5
      vertex 22.2679 15 6.5
    endloop
  endfacet
  facet normal -0 0 1
    outer loop
      vertex 22.0681 16.5176 6.5
      vertex 22.1522 15.2346 6.5
      vertex 22.1522 16.7654 6.5
    endloop
  endfacet
  facet normal 0 0 1
    outer loop
      vertex 22.0681 16.5176 6.5
      vertex 22.0681 15.4824 6.5
      vertex 22.1522 15.2346 6.5
    endloop
  endfacet
  facet normal -0 0 1
    outer loop
      vertex 22.0171 16.2611 6.5
      vertex 22.0681 15.4824 6.5
      vertex 22.0681 16.5176 6.5
    endloop
  endfacet
  facet normal 0 0 1
    outer loop
      vertex 22.0171 16.2611 6.5
      vertex 22.0171 15.7389 6.5
      vertex 22.0681 15.4824 6.5
    endloop
  endfacet
  facet normal 0 -0 1
    outer loop
      vertex 22.0171 15.7389 6.5
      vertex 22.0171 16.2611 6.5
      vertex 22 16 6.5
    endloop
  endfacet
  facet normal -0.659343 0.751842 0
    outer loop
      vertex 22.7825 17.5867 0
      vertex 22.5858 17.4142 6.5
      vertex 22.7825 17.5867 6.5
    endloop
  endfacet
  facet normal -0.659343 0.751842 0
    outer loop
      vertex 22.5858 17.4142 6.5
      vertex 22.7825 17.5867 0
      vertex 22.5858 17.4142 0
    endloop
  endfacet
  facet normal -0.321382 0.94695 0
    outer loop
      vertex 23.4824 17.9319 0
      vertex 23.2346 17.8478 6.5
      vertex 23.4824 17.9319 6.5
    endloop
  endfacet
  facet normal -0.321382 0.94695 0
    outer loop
      vertex 23.2346 17.8478 6.5
      vertex 23.4824 17.9319 0
      vertex 23.2346 17.8478 0
    endloop
  endfacet
  facet normal 0.997862 -0.0653521 0
    outer loop
      vertex 25.9829 15.7389 6.5
      vertex 26 16 0
      vertex 26 16 6.5
    endloop
  endfacet
  facet normal 0.997862 -0.0653521 0
    outer loop
      vertex 26 16 0
      vertex 25.9829 15.7389 6.5
      vertex 25.9829 15.7389 0
    endloop
  endfacet
  facet normal 0.321382 -0.94695 0
    outer loop
      vertex 24.5176 14.0681 0
      vertex 24.7654 14.1522 6.5
      vertex 24.5176 14.0681 6.5
    endloop
  endfacet
  facet normal 0.321382 -0.94695 0
    outer loop
      vertex 24.7654 14.1522 6.5
      vertex 24.5176 14.0681 0
      vertex 24.7654 14.1522 0
    endloop
  endfacet
  facet normal 0.659343 -0.751842 0
    outer loop
      vertex 25.2175 14.4133 0
      vertex 25.4142 14.5858 6.5
      vertex 25.2175 14.4133 6.5
    endloop
  endfacet
  facet normal 0.659343 -0.751842 0
    outer loop
      vertex 25.4142 14.5858 6.5
      vertex 25.2175 14.4133 0
      vertex 25.4142 14.5858 0
    endloop
  endfacet
  facet normal 0.831521 -0.555494 0
    outer loop
      vertex 25.5867 14.7825 6.5
      vertex 25.732 15 0
      vertex 25.732 15 6.5
    endloop
  endfacet
  facet normal 0.831521 -0.555494 0
    outer loop
      vertex 25.732 15 0
      vertex 25.5867 14.7825 6.5
      vertex 25.5867 14.7825 0
    endloop
  endfacet
  facet normal 0.94695 -0.321382 0
    outer loop
      vertex 25.8478 15.2346 6.5
      vertex 25.9319 15.4824 0
      vertex 25.9319 15.4824 6.5
    endloop
  endfacet
  facet normal 0.94695 -0.321382 0
    outer loop
      vertex 25.9319 15.4824 0
      vertex 25.8478 15.2346 6.5
      vertex 25.8478 15.2346 0
    endloop
  endfacet
  facet normal -0.555758 -0.831344 0
    outer loop
      vertex 22.7825 14.4133 0
      vertex 23 14.2679 6.5
      vertex 22.7825 14.4133 6.5
    endloop
  endfacet
  facet normal -0.555758 -0.831344 -0
    outer loop
      vertex 23 14.2679 6.5
      vertex 22.7825 14.4133 0
      vertex 23 14.2679 0
    endloop
  endfacet
  facet normal -0.321382 -0.94695 0
    outer loop
      vertex 23.2346 14.1522 0
      vertex 23.4824 14.0681 6.5
      vertex 23.2346 14.1522 6.5
    endloop
  endfacet
  facet normal -0.321382 -0.94695 -0
    outer loop
      vertex 23.4824 14.0681 6.5
      vertex 23.2346 14.1522 0
      vertex 23.4824 14.0681 0
    endloop
  endfacet
  facet normal -0.0653521 -0.997862 0
    outer loop
      vertex 23.7389 14.0171 0
      vertex 24 14 6.5
      vertex 23.7389 14.0171 6.5
    endloop
  endfacet
  facet normal -0.0653521 -0.997862 -0
    outer loop
      vertex 24 14 6.5
      vertex 23.7389 14.0171 0
      vertex 24 14 0
    endloop
  endfacet
  facet normal -0.751842 -0.659343 0
    outer loop
      vertex 22.5858 14.5858 0
      vertex 22.4133 14.7825 6.5
      vertex 22.4133 14.7825 0
    endloop
  endfacet
  facet normal -0.751842 -0.659343 0
    outer loop
      vertex 22.4133 14.7825 6.5
      vertex 22.5858 14.5858 0
      vertex 22.5858 14.5858 6.5
    endloop
  endfacet
  facet normal -0.94695 -0.321382 0
    outer loop
      vertex 22.1522 15.2346 0
      vertex 22.0681 15.4824 6.5
      vertex 22.0681 15.4824 0
    endloop
  endfacet
  facet normal -0.94695 -0.321382 0
    outer loop
      vertex 22.0681 15.4824 6.5
      vertex 22.1522 15.2346 0
      vertex 22.1522 15.2346 6.5
    endloop
  endfacet
  facet normal 0.751842 -0.659343 0
    outer loop
      vertex 25.4142 14.5858 6.5
      vertex 25.5867 14.7825 0
      vertex 25.5867 14.7825 6.5
    endloop
  endfacet
  facet normal 0.751842 -0.659343 0
    outer loop
      vertex 25.5867 14.7825 0
      vertex 25.4142 14.5858 6.5
      vertex 25.4142 14.5858 0
    endloop
  endfacet
  facet normal 0.896709 -0.442621 0
    outer loop
      vertex 25.732 15 6.5
      vertex 25.8478 15.2346 0
      vertex 25.8478 15.2346 6.5
    endloop
  endfacet
  facet normal 0.896709 -0.442621 0
    outer loop
      vertex 25.8478 15.2346 0
      vertex 25.732 15 6.5
      vertex 25.732 15 0
    endloop
  endfacet
  facet normal -0.442314 -0.89686 0
    outer loop
      vertex 23 14.2679 0
      vertex 23.2346 14.1522 6.5
      vertex 23 14.2679 6.5
    endloop
  endfacet
  facet normal -0.442314 -0.89686 -0
    outer loop
      vertex 23.2346 14.1522 6.5
      vertex 23 14.2679 0
      vertex 23.2346 14.1522 0
    endloop
  endfacet
  facet normal 0.997862 0.0653521 0
    outer loop
      vertex 34 16 6.5
      vertex 33.9829 16.2611 0
      vertex 33.9829 16.2611 6.5
    endloop
  endfacet
  facet normal 0.997862 0.0653521 0
    outer loop
      vertex 33.9829 16.2611 0
      vertex 34 16 6.5
      vertex 34 16 0
    endloop
  endfacet
  facet normal -0.997862 -0.0653521 0
    outer loop
      vertex 30.0171 15.7389 0
      vertex 30 16 6.5
      vertex 30 16 0
    endloop
  endfacet
  facet normal -0.997862 -0.0653521 0
    outer loop
      vertex 30 16 6.5
      vertex 30.0171 15.7389 0
      vertex 30.0171 15.7389 6.5
    endloop
  endfacet
  facet normal -0.0653521 0.997862 0
    outer loop
      vertex 32 18 0
      vertex 31.7389 17.9829 6.5
      vertex 32 18 6.5
    endloop
  endfacet
  facet normal -0.0653521 0.997862 0
    outer loop
      vertex 31.7389 17.9829 6.5
      vertex 32 18 0
      vertex 31.7389 17.9829 0
    endloop
  endfacet
  facet normal 0.0653521 -0.997862 0
    outer loop
      vertex 32 14 0
      vertex 32.2611 14.0171 6.5
      vertex 32 14 6.5
    endloop
  endfacet
  facet normal 0.0653521 -0.997862 0
    outer loop
      vertex 32.2611 14.0171 6.5
      vertex 32 14 0
      vertex 32.2611 14.0171 0
    endloop
  endfacet
  facet normal -0.659343 -0.751842 0
    outer loop
      vertex 30.5858 14.5858 0
      vertex 30.7825 14.4133 6.5
      vertex 30.5858 14.5858 6.5
    endloop
  endfacet
  facet normal -0.659343 -0.751842 -0
    outer loop
      vertex 30.7825 14.4133 6.5
      vertex 30.5858 14.5858 0
      vertex 30.7825 14.4133 0
    endloop
  endfacet
  facet normal 0.659343 0.751842 -0
    outer loop
      vertex 33.4142 17.4142 0
      vertex 33.2175 17.5867 6.5
      vertex 33.4142 17.4142 6.5
    endloop
  endfacet
  facet normal 0.659343 0.751842 0
    outer loop
      vertex 33.2175 17.5867 6.5
      vertex 33.4142 17.4142 0
      vertex 33.2175 17.5867 0
    endloop
  endfacet
  facet normal -0.751842 0.659343 0
    outer loop
      vertex 30.4133 17.2175 0
      vertex 30.5858 17.4142 6.5
      vertex 30.5858 17.4142 0
    endloop
  endfacet
  facet normal -0.751842 0.659343 0
    outer loop
      vertex 30.5858 17.4142 6.5
      vertex 30.4133 17.2175 0
      vertex 30.4133 17.2175 6.5
    endloop
  endfacet
  facet normal -0.442621 0.896709 0
    outer loop
      vertex 31.2346 17.8478 0
      vertex 31 17.732 6.5
      vertex 31.2346 17.8478 6.5
    endloop
  endfacet
  facet normal -0.442621 0.896709 0
    outer loop
      vertex 31 17.732 6.5
      vertex 31.2346 17.8478 0
      vertex 31 17.732 0
    endloop
  endfacet
  facet normal -0.89686 -0.442314 0
    outer loop
      vertex 30.2679 15 0
      vertex 30.1522 15.2346 6.5
      vertex 30.1522 15.2346 0
    endloop
  endfacet
  facet normal -0.89686 -0.442314 0
    outer loop
      vertex 30.1522 15.2346 6.5
      vertex 30.2679 15 0
      vertex 30.2679 15 6.5
    endloop
  endfacet
  facet normal 0.896709 0.442621 0
    outer loop
      vertex 33.8478 16.7654 6.5
      vertex 33.732 17 0
      vertex 33.732 17 6.5
    endloop
  endfacet
  facet normal 0.896709 0.442621 0
    outer loop
      vertex 33.732 17 0
      vertex 33.8478 16.7654 6.5
      vertex 33.8478 16.7654 0
    endloop
  endfacet
  facet normal 0.980801 0.195013 0
    outer loop
      vertex 33.9829 16.2611 6.5
      vertex 33.9319 16.5176 0
      vertex 33.9319 16.5176 6.5
    endloop
  endfacet
  facet normal 0.980801 0.195013 0
    outer loop
      vertex 33.9319 16.5176 0
      vertex 33.9829 16.2611 6.5
      vertex 33.9829 16.2611 0
    endloop
  endfacet
  facet normal 0.831521 0.555494 0
    outer loop
      vertex 33.732 17 6.5
      vertex 33.5867 17.2175 0
      vertex 33.5867 17.2175 6.5
    endloop
  endfacet
  facet normal 0.831521 0.555494 0
    outer loop
      vertex 33.5867 17.2175 0
      vertex 33.732 17 6.5
      vertex 33.732 17 0
    endloop
  endfacet
  facet normal 0.321382 0.94695 -0
    outer loop
      vertex 32.7654 17.8478 0
      vertex 32.5176 17.9319 6.5
      vertex 32.7654 17.8478 6.5
    endloop
  endfacet
  facet normal 0.321382 0.94695 0
    outer loop
      vertex 32.5176 17.9319 6.5
      vertex 32.7654 17.8478 0
      vertex 32.5176 17.9319 0
    endloop
  endfacet
  facet normal 0.555494 0.831521 -0
    outer loop
      vertex 33.2175 17.5867 0
      vertex 33 17.732 6.5
      vertex 33.2175 17.5867 6.5
    endloop
  endfacet
  facet normal 0.555494 0.831521 0
    outer loop
      vertex 33 17.732 6.5
      vertex 33.2175 17.5867 0
      vertex 33 17.732 0
    endloop
  endfacet
  facet normal -0.94695 0.321382 0
    outer loop
      vertex 30.0681 16.5176 0
      vertex 30.1522 16.7654 6.5
      vertex 30.1522 16.7654 0
    endloop
  endfacet
  facet normal -0.94695 0.321382 0
    outer loop
      vertex 30.1522 16.7654 6.5
      vertex 30.0681 16.5176 0
      vertex 30.0681 16.5176 6.5
    endloop
  endfacet
  facet normal -0.831344 0.555758 0
    outer loop
      vertex 30.2679 17 0
      vertex 30.4133 17.2175 6.5
      vertex 30.4133 17.2175 0
    endloop
  endfacet
  facet normal -0.831344 0.555758 0
    outer loop
      vertex 30.4133 17.2175 6.5
      vertex 30.2679 17 0
      vertex 30.2679 17 6.5
    endloop
  endfacet
  facet normal -0.980801 0.195013 0
    outer loop
      vertex 30.0171 16.2611 0
      vertex 30.0681 16.5176 6.5
      vertex 30.0681 16.5176 0
    endloop
  endfacet
  facet normal -0.980801 0.195013 0
    outer loop
      vertex 30.0681 16.5176 6.5
      vertex 30.0171 16.2611 0
      vertex 30.0171 16.2611 6.5
    endloop
  endfacet
  facet normal -0.555494 0.831521 0
    outer loop
      vertex 31 17.732 0
      vertex 30.7825 17.5867 6.5
      vertex 31 17.732 6.5
    endloop
  endfacet
  facet normal -0.555494 0.831521 0
    outer loop
      vertex 30.7825 17.5867 6.5
      vertex 31 17.732 0
      vertex 30.7825 17.5867 0
    endloop
  endfacet
  facet normal -0.195013 0.980801 0
    outer loop
      vertex 31.7389 17.9829 0
      vertex 31.4824 17.9319 6.5
      vertex 31.7389 17.9829 6.5
    endloop
  endfacet
  facet normal -0.195013 0.980801 0
    outer loop
      vertex 31.4824 17.9319 6.5
      vertex 31.7389 17.9829 0
      vertex 31.4824 17.9319 0
    endloop
  endfacet
  facet normal 0.442314 -0.89686 0
    outer loop
      vertex 32.7654 14.1522 0
      vertex 33 14.2679 6.5
      vertex 32.7654 14.1522 6.5
    endloop
  endfacet
  facet normal 0.442314 -0.89686 0
    outer loop
      vertex 33 14.2679 6.5
      vertex 32.7654 14.1522 0
      vertex 33 14.2679 0
    endloop
  endfacet
  facet normal 0.195013 -0.980801 0
    outer loop
      vertex 32.2611 14.0171 0
      vertex 32.5176 14.0681 6.5
      vertex 32.2611 14.0171 6.5
    endloop
  endfacet
  facet normal 0.195013 -0.980801 0
    outer loop
      vertex 32.5176 14.0681 6.5
      vertex 32.2611 14.0171 0
      vertex 32.5176 14.0681 0
    endloop
  endfacet
  facet normal 0.555758 -0.831344 0
    outer loop
      vertex 33 14.2679 0
      vertex 33.2175 14.4133 6.5
      vertex 33 14.2679 6.5
    endloop
  endfacet
  facet normal 0.555758 -0.831344 0
    outer loop
      vertex 33.2175 14.4133 6.5
      vertex 33 14.2679 0
      vertex 33.2175 14.4133 0
    endloop
  endfacet
  facet normal 0.980801 -0.195013 0
    outer loop
      vertex 33.9319 15.4824 6.5
      vertex 33.9829 15.7389 0
      vertex 33.9829 15.7389 6.5
    endloop
  endfacet
  facet normal 0.980801 -0.195013 0
    outer loop
      vertex 33.9829 15.7389 0
      vertex 33.9319 15.4824 6.5
      vertex 33.9319 15.4824 0
    endloop
  endfacet
  facet normal -0.195013 -0.980801 0
    outer loop
      vertex 31.4824 14.0681 0
      vertex 31.7389 14.0171 6.5
      vertex 31.4824 14.0681 6.5
    endloop
  endfacet
  facet normal -0.195013 -0.980801 -0
    outer loop
      vertex 31.7389 14.0171 6.5
      vertex 31.4824 14.0681 0
      vertex 31.7389 14.0171 0
    endloop
  endfacet
  facet normal -0.831344 -0.555758 0
    outer loop
      vertex 30.4133 14.7825 0
      vertex 30.2679 15 6.5
      vertex 30.2679 15 0
    endloop
  endfacet
  facet normal -0.831344 -0.555758 0
    outer loop
      vertex 30.2679 15 6.5
      vertex 30.4133 14.7825 0
      vertex 30.4133 14.7825 6.5
    endloop
  endfacet
  facet normal -0.980801 -0.195013 0
    outer loop
      vertex 30.0681 15.4824 0
      vertex 30.0171 15.7389 6.5
      vertex 30.0171 15.7389 0
    endloop
  endfacet
  facet normal -0.980801 -0.195013 0
    outer loop
      vertex 30.0171 15.7389 6.5
      vertex 30.0681 15.4824 0
      vertex 30.0681 15.4824 6.5
    endloop
  endfacet
  facet normal 0.94695 0.321382 0
    outer loop
      vertex 33.9319 16.5176 6.5
      vertex 33.8478 16.7654 0
      vertex 33.8478 16.7654 6.5
    endloop
  endfacet
  facet normal 0.94695 0.321382 0
    outer loop
      vertex 33.8478 16.7654 0
      vertex 33.9319 16.5176 6.5
      vertex 33.9319 16.5176 0
    endloop
  endfacet
  facet normal 0.751842 0.659343 0
    outer loop
      vertex 33.5867 17.2175 6.5
      vertex 33.4142 17.4142 0
      vertex 33.4142 17.4142 6.5
    endloop
  endfacet
  facet normal 0.751842 0.659343 0
    outer loop
      vertex 33.4142 17.4142 0
      vertex 33.5867 17.2175 6.5
      vertex 33.5867 17.2175 0
    endloop
  endfacet
  facet normal 0.195013 0.980801 -0
    outer loop
      vertex 32.5176 17.9319 0
      vertex 32.2611 17.9829 6.5
      vertex 32.5176 17.9319 6.5
    endloop
  endfacet
  facet normal 0.195013 0.980801 0
    outer loop
      vertex 32.2611 17.9829 6.5
      vertex 32.5176 17.9319 0
      vertex 32.2611 17.9829 0
    endloop
  endfacet
  facet normal 0.0653521 0.997862 -0
    outer loop
      vertex 32.2611 17.9829 0
      vertex 32 18 6.5
      vertex 32.2611 17.9829 6.5
    endloop
  endfacet
  facet normal 0.0653521 0.997862 0
    outer loop
      vertex 32 18 6.5
      vertex 32.2611 17.9829 0
      vertex 32 18 0
    endloop
  endfacet
  facet normal 0.442621 0.896709 -0
    outer loop
      vertex 33 17.732 0
      vertex 32.7654 17.8478 6.5
      vertex 33 17.732 6.5
    endloop
  endfacet
  facet normal 0.442621 0.896709 0
    outer loop
      vertex 32.7654 17.8478 6.5
      vertex 33 17.732 0
      vertex 32.7654 17.8478 0
    endloop
  endfacet
  facet normal 0 0 -1
    outer loop
      vertex 33.9829 15.7389 0
      vertex 33.9829 16.2611 0
      vertex 34 16 0
    endloop
  endfacet
  facet normal 0 0 -1
    outer loop
      vertex 33.9319 15.4824 0
      vertex 33.9829 16.2611 0
      vertex 33.9829 15.7389 0
    endloop
  endfacet
  facet normal 0 0 -1
    outer loop
      vertex 33.9319 15.4824 0
      vertex 33.9319 16.5176 0
      vertex 33.9829 16.2611 0
    endloop
  endfacet
  facet normal 0 0 -1
    outer loop
      vertex 33.8478 15.2346 0
      vertex 33.9319 16.5176 0
      vertex 33.9319 15.4824 0
    endloop
  endfacet
  facet normal 0 0 -1
    outer loop
      vertex 33.8478 15.2346 0
      vertex 33.8478 16.7654 0
      vertex 33.9319 16.5176 0
    endloop
  endfacet
  facet normal 0 0 -1
    outer loop
      vertex 33.732 15 0
      vertex 33.8478 16.7654 0
      vertex 33.8478 15.2346 0
    endloop
  endfacet
  facet normal 0 0 -1
    outer loop
      vertex 33.732 15 0
      vertex 33.732 17 0
      vertex 33.8478 16.7654 0
    endloop
  endfacet
  facet normal 0 0 -1
    outer loop
      vertex 33.5867 14.7825 0
      vertex 33.732 17 0
      vertex 33.732 15 0
    endloop
  endfacet
  facet normal 0 0 -1
    outer loop
      vertex 33.5867 14.7825 0
      vertex 33.5867 17.2175 0
      vertex 33.732 17 0
    endloop
  endfacet
  facet normal 0 0 -1
    outer loop
      vertex 33.4142 14.5858 0
      vertex 33.5867 17.2175 0
      vertex 33.5867 14.7825 0
    endloop
  endfacet
  facet normal 0 0 -1
    outer loop
      vertex 33.4142 14.5858 0
      vertex 33.4142 17.4142 0
      vertex 33.5867 17.2175 0
    endloop
  endfacet
  facet normal 0 0 -1
    outer loop
      vertex 33.2175 14.4133 0
      vertex 33.4142 17.4142 0
      vertex 33.4142 14.5858 0
    endloop
  endfacet
  facet normal 0 0 -1
    outer loop
      vertex 33.2175 14.4133 0
      vertex 33.2175 17.5867 0
      vertex 33.4142 17.4142 0
    endloop
  endfacet
  facet normal 0 0 -1
    outer loop
      vertex 33 14.2679 0
      vertex 33.2175 17.5867 0
      vertex 33.2175 14.4133 0
    endloop
  endfacet
  facet normal 0 0 -1
    outer loop
      vertex 33 14.2679 0
      vertex 33 17.732 0
      vertex 33.2175 17.5867 0
    endloop
  endfacet
  facet normal 0 0 -1
    outer loop
      vertex 32.7654 14.1522 0
      vertex 33 17.732 0
      vertex 33 14.2679 0
    endloop
  endfacet
  facet normal 0 0 -1
    outer loop
      vertex 32.7654 14.1522 0
      vertex 32.7654 17.8478 0
      vertex 33 17.732 0
    endloop
  endfacet
  facet normal 0 0 -1
    outer loop
      vertex 32.5176 14.0681 0
      vertex 32.7654 17.8478 0
      vertex 32.7654 14.1522 0
    endloop
  endfacet
  facet normal 0 0 -1
    outer loop
      vertex 32.5176 14.0681 0
      vertex 32.5176 17.9319 0
      vertex 32.7654 17.8478 0
    endloop
  endfacet
  facet normal 0 0 -1
    outer loop
      vertex 32.2611 14.0171 0
      vertex 32.5176 17.9319 0
      vertex 32.5176 14.0681 0
    endloop
  endfacet
  facet normal 0 0 -1
    outer loop
      vertex 32.2611 14.0171 0
      vertex 32.2611 17.9829 0
      vertex 32.5176 17.9319 0
    endloop
  endfacet
  facet normal 0 0 -1
    outer loop
      vertex 32 14 0
      vertex 32.2611 17.9829 0
      vertex 32.2611 14.0171 0
    endloop
  endfacet
  facet normal 0 0 -1
    outer loop
      vertex 32 14 0
      vertex 32 18 0
      vertex 32.2611 17.9829 0
    endloop
  endfacet
  facet normal 0 0 -1
    outer loop
      vertex 31.7389 14.0171 0
      vertex 32 18 0
      vertex 32 14 0
    endloop
  endfacet
  facet normal 0 0 -1
    outer loop
      vertex 31.7389 14.0171 0
      vertex 31.7389 17.9829 0
      vertex 32 18 0
    endloop
  endfacet
  facet normal 0 0 -1
    outer loop
      vertex 31.4824 14.0681 0
      vertex 31.7389 17.9829 0
      vertex 31.7389 14.0171 0
    endloop
  endfacet
  facet normal 0 0 -1
    outer loop
      vertex 31.4824 14.0681 0
      vertex 31.4824 17.9319 0
      vertex 31.7389 17.9829 0
    endloop
  endfacet
  facet normal 0 0 -1
    outer loop
      vertex 31.2346 14.1522 0
      vertex 31.4824 17.9319 0
      vertex 31.4824 14.0681 0
    endloop
  endfacet
  facet normal 0 0 -1
    outer loop
      vertex 31.2346 14.1522 0
      vertex 31.2346 17.8478 0
      vertex 31.4824 17.9319 0
    endloop
  endfacet
  facet normal 0 0 -1
    outer loop
      vertex 31 14.2679 0
      vertex 31.2346 17.8478 0
      vertex 31.2346 14.1522 0
    endloop
  endfacet
  facet normal 0 0 -1
    outer loop
      vertex 31 14.2679 0
      vertex 31 17.732 0
      vertex 31.2346 17.8478 0
    endloop
  endfacet
  facet normal 0 0 -1
    outer loop
      vertex 30.7825 14.4133 0
      vertex 31 17.732 0
      vertex 31 14.2679 0
    endloop
  endfacet
  facet normal 0 0 -1
    outer loop
      vertex 30.7825 14.4133 0
      vertex 30.7825 17.5867 0
      vertex 31 17.732 0
    endloop
  endfacet
  facet normal 0 0 -1
    outer loop
      vertex 30.5858 14.5858 0
      vertex 30.7825 17.5867 0
      vertex 30.7825 14.4133 0
    endloop
  endfacet
  facet normal 0 0 -1
    outer loop
      vertex 30.5858 14.5858 0
      vertex 30.5858 17.4142 0
      vertex 30.7825 17.5867 0
    endloop
  endfacet
  facet normal 0 0 -1
    outer loop
      vertex 30.4133 14.7825 0
      vertex 30.5858 17.4142 0
      vertex 30.5858 14.5858 0
    endloop
  endfacet
  facet normal 0 0 -1
    outer loop
      vertex 30.4133 14.7825 0
      vertex 30.4133 17.2175 0
      vertex 30.5858 17.4142 0
    endloop
  endfacet
  facet normal 0 0 -1
    outer loop
      vertex 30.2679 15 0
      vertex 30.4133 17.2175 0
      vertex 30.4133 14.7825 0
    endloop
  endfacet
  facet normal 0 0 -1
    outer loop
      vertex 30.2679 15 0
      vertex 30.2679 17 0
      vertex 30.4133 17.2175 0
    endloop
  endfacet
  facet normal 0 0 -1
    outer loop
      vertex 30.1522 15.2346 0
      vertex 30.2679 17 0
      vertex 30.2679 15 0
    endloop
  endfacet
  facet normal 0 0 -1
    outer loop
      vertex 30.1522 15.2346 0
      vertex 30.1522 16.7654 0
      vertex 30.2679 17 0
    endloop
  endfacet
  facet normal 0 0 -1
    outer loop
      vertex 30.0681 15.4824 0
      vertex 30.1522 16.7654 0
      vertex 30.1522 15.2346 0
    endloop
  endfacet
  facet normal 0 0 -1
    outer loop
      vertex 30.0681 15.4824 0
      vertex 30.0681 16.5176 0
      vertex 30.1522 16.7654 0
    endloop
  endfacet
  facet normal 0 0 -1
    outer loop
      vertex 30.0171 15.7389 0
      vertex 30.0681 16.5176 0
      vertex 30.0681 15.4824 0
    endloop
  endfacet
  facet normal 0 0 -1
    outer loop
      vertex 30.0171 15.7389 0
      vertex 30.0171 16.2611 0
      vertex 30.0681 16.5176 0
    endloop
  endfacet
  facet normal 0 -0 -1
    outer loop
      vertex 30.0171 16.2611 0
      vertex 30.0171 15.7389 0
      vertex 30 16 0
    endloop
  endfacet
  facet normal -0.89686 0.442314 0
    outer loop
      vertex 30.1522 16.7654 0
      vertex 30.2679 17 6.5
      vertex 30.2679 17 0
    endloop
  endfacet
  facet normal -0.89686 0.442314 0
    outer loop
      vertex 30.2679 17 6.5
      vertex 30.1522 16.7654 0
      vertex 30.1522 16.7654 6.5
    endloop
  endfacet
  facet normal -0.997862 0.0653521 0
    outer loop
      vertex 30 16 0
      vertex 30.0171 16.2611 6.5
      vertex 30.0171 16.2611 0
    endloop
  endfacet
  facet normal -0.997862 0.0653521 0
    outer loop
      vertex 30.0171 16.2611 6.5
      vertex 30 16 0
      vertex 30 16 6.5
    endloop
  endfacet
  facet normal 0 0 1
    outer loop
      vertex 33.9829 16.2611 6.5
      vertex 33.9829 15.7389 6.5
      vertex 34 16 6.5
    endloop
  endfacet
  facet normal 0 0 1
    outer loop
      vertex 33.9319 16.5176 6.5
      vertex 33.9829 15.7389 6.5
      vertex 33.9829 16.2611 6.5
    endloop
  endfacet
  facet normal 0 0 1
    outer loop
      vertex 33.9319 16.5176 6.5
      vertex 33.9319 15.4824 6.5
      vertex 33.9829 15.7389 6.5
    endloop
  endfacet
  facet normal 0 0 1
    outer loop
      vertex 33.8478 16.7654 6.5
      vertex 33.9319 15.4824 6.5
      vertex 33.9319 16.5176 6.5
    endloop
  endfacet
  facet normal 0 0 1
    outer loop
      vertex 33.8478 16.7654 6.5
      vertex 33.8478 15.2346 6.5
      vertex 33.9319 15.4824 6.5
    endloop
  endfacet
  facet normal 0 0 1
    outer loop
      vertex 33.732 17 6.5
      vertex 33.8478 15.2346 6.5
      vertex 33.8478 16.7654 6.5
    endloop
  endfacet
  facet normal 0 0 1
    outer loop
      vertex 33.732 17 6.5
      vertex 33.732 15 6.5
      vertex 33.8478 15.2346 6.5
    endloop
  endfacet
  facet normal 0 0 1
    outer loop
      vertex 33.5867 17.2175 6.5
      vertex 33.732 15 6.5
      vertex 33.732 17 6.5
    endloop
  endfacet
  facet normal 0 0 1
    outer loop
      vertex 33.5867 17.2175 6.5
      vertex 33.5867 14.7825 6.5
      vertex 33.732 15 6.5
    endloop
  endfacet
  facet normal 0 0 1
    outer loop
      vertex 33.4142 17.4142 6.5
      vertex 33.5867 14.7825 6.5
      vertex 33.5867 17.2175 6.5
    endloop
  endfacet
  facet normal 0 0 1
    outer loop
      vertex 33.4142 17.4142 6.5
      vertex 33.4142 14.5858 6.5
      vertex 33.5867 14.7825 6.5
    endloop
  endfacet
  facet normal 0 0 1
    outer loop
      vertex 33.2175 17.5867 6.5
      vertex 33.4142 14.5858 6.5
      vertex 33.4142 17.4142 6.5
    endloop
  endfacet
  facet normal 0 0 1
    outer loop
      vertex 33.2175 17.5867 6.5
      vertex 33.2175 14.4133 6.5
      vertex 33.4142 14.5858 6.5
    endloop
  endfacet
  facet normal 0 0 1
    outer loop
      vertex 33 17.732 6.5
      vertex 33.2175 14.4133 6.5
      vertex 33.2175 17.5867 6.5
    endloop
  endfacet
  facet normal 0 0 1
    outer loop
      vertex 33 17.732 6.5
      vertex 33 14.2679 6.5
      vertex 33.2175 14.4133 6.5
    endloop
  endfacet
  facet normal 0 0 1
    outer loop
      vertex 32.7654 17.8478 6.5
      vertex 33 14.2679 6.5
      vertex 33 17.732 6.5
    endloop
  endfacet
  facet normal 0 0 1
    outer loop
      vertex 32.7654 17.8478 6.5
      vertex 32.7654 14.1522 6.5
      vertex 33 14.2679 6.5
    endloop
  endfacet
  facet normal 0 0 1
    outer loop
      vertex 32.5176 17.9319 6.5
      vertex 32.7654 14.1522 6.5
      vertex 32.7654 17.8478 6.5
    endloop
  endfacet
  facet normal 0 0 1
    outer loop
      vertex 32.5176 17.9319 6.5
      vertex 32.5176 14.0681 6.5
      vertex 32.7654 14.1522 6.5
    endloop
  endfacet
  facet normal 0 0 1
    outer loop
      vertex 32.2611 17.9829 6.5
      vertex 32.5176 14.0681 6.5
      vertex 32.5176 17.9319 6.5
    endloop
  endfacet
  facet normal 0 0 1
    outer loop
      vertex 32.2611 17.9829 6.5
      vertex 32.2611 14.0171 6.5
      vertex 32.5176 14.0681 6.5
    endloop
  endfacet
  facet normal 0 0 1
    outer loop
      vertex 32 18 6.5
      vertex 32.2611 14.0171 6.5
      vertex 32.2611 17.9829 6.5
    endloop
  endfacet
  facet normal 0 0 1
    outer loop
      vertex 32 18 6.5
      vertex 32 14 6.5
      vertex 32.2611 14.0171 6.5
    endloop
  endfacet
  facet normal -0 0 1
    outer loop
      vertex 31.7389 17.9829 6.5
      vertex 32 14 6.5
      vertex 32 18 6.5
    endloop
  endfacet
  facet normal 0 0 1
    outer loop
      vertex 31.7389 17.9829 6.5
      vertex 31.7389 14.0171 6.5
      vertex 32 14 6.5
    endloop
  endfacet
  facet normal -0 0 1
    outer loop
      vertex 31.4824 17.9319 6.5
      vertex 31.7389 14.0171 6.5
      vertex 31.7389 17.9829 6.5
    endloop
  endfacet
  facet normal 0 0 1
    outer loop
      vertex 31.4824 17.9319 6.5
      vertex 31.4824 14.0681 6.5
      vertex 31.7389 14.0171 6.5
    endloop
  endfacet
  facet normal -0 0 1
    outer loop
      vertex 31.2346 17.8478 6.5
      vertex 31.4824 14.0681 6.5
      vertex 31.4824 17.9319 6.5
    endloop
  endfacet
  facet normal 0 0 1
    outer loop
      vertex 31.2346 17.8478 6.5
      vertex 31.2346 14.1522 6.5
      vertex 31.4824 14.0681 6.5
    endloop
  endfacet
  facet normal -0 0 1
    outer loop
      vertex 31 17.732 6.5
      vertex 31.2346 14.1522 6.5
      vertex 31.2346 17.8478 6.5
    endloop
  endfacet
  facet normal 0 0 1
    outer loop
      vertex 31 17.732 6.5
      vertex 31 14.2679 6.5
      vertex 31.2346 14.1522 6.5
    endloop
  endfacet
  facet normal -0 0 1
    outer loop
      vertex 30.7825 17.5867 6.5
      vertex 31 14.2679 6.5
      vertex 31 17.732 6.5
    endloop
  endfacet
  facet normal 0 0 1
    outer loop
      vertex 30.7825 17.5867 6.5
      vertex 30.7825 14.4133 6.5
      vertex 31 14.2679 6.5
    endloop
  endfacet
  facet normal -0 0 1
    outer loop
      vertex 30.5858 17.4142 6.5
      vertex 30.7825 14.4133 6.5
      vertex 30.7825 17.5867 6.5
    endloop
  endfacet
  facet normal 0 0 1
    outer loop
      vertex 30.5858 17.4142 6.5
      vertex 30.5858 14.5858 6.5
      vertex 30.7825 14.4133 6.5
    endloop
  endfacet
  facet normal -0 0 1
    outer loop
      vertex 30.4133 17.2175 6.5
      vertex 30.5858 14.5858 6.5
      vertex 30.5858 17.4142 6.5
    endloop
  endfacet
  facet normal 0 0 1
    outer loop
      vertex 30.4133 17.2175 6.5
      vertex 30.4133 14.7825 6.5
      vertex 30.5858 14.5858 6.5
    endloop
  endfacet
  facet normal -0 0 1
    outer loop
      vertex 30.2679 17 6.5
      vertex 30.4133 14.7825 6.5
      vertex 30.4133 17.2175 6.5
    endloop
  endfacet
  facet normal 0 0 1
    outer loop
      vertex 30.2679 17 6.5
      vertex 30.2679 15 6.5
      vertex 30.4133 14.7825 6.5
    endloop
  endfacet
  facet normal -0 0 1
    outer loop
      vertex 30.1522 16.7654 6.5
      vertex 30.2679 15 6.5
      vertex 30.2679 17 6.5
    endloop
  endfacet
  facet normal 0 0 1
    outer loop
      vertex 30.1522 16.7654 6.5
      vertex 30.1522 15.2346 6.5
      vertex 30.2679 15 6.5
    endloop
  endfacet
  facet normal -0 0 1
    outer loop
      vertex 30.0681 16.5176 6.5
      vertex 30.1522 15.2346 6.5
      vertex 30.1522 16.7654 6.5
    endloop
  endfacet
  facet normal 0 0 1
    outer loop
      vertex 30.0681 16.5176 6.5
      vertex 30.0681 15.4824 6.5
      vertex 30.1522 15.2346 6.5
    endloop
  endfacet
  facet normal -0 0 1
    outer loop
      vertex 30.0171 16.2611 6.5
      vertex 30.0681 15.4824 6.5
      vertex 30.0681 16.5176 6.5
    endloop
  endfacet
  facet normal 0 0 1
    outer loop
      vertex 30.0171 16.2611 6.5
      vertex 30.0171 15.7389 6.5
      vertex 30.0681 15.4824 6.5
    endloop
  endfacet
  facet normal 0 -0 1
    outer loop
      vertex 30.0171 15.7389 6.5
      vertex 30.0171 16.2611 6.5
      vertex 30 16 6.5
    endloop
  endfacet
  facet normal -0.659343 0.751842 0
    outer loop
      vertex 30.7825 17.5867 0
      vertex 30.5858 17.4142 6.5
      vertex 30.7825 17.5867 6.5
    endloop
  endfacet
  facet normal -0.659343 0.751842 0
    outer loop
      vertex 30.5858 17.4142 6.5
      vertex 30.7825 17.5867 0
      vertex 30.5858 17.4142 0
    endloop
  endfacet
  facet normal -0.321382 0.94695 0
    outer loop
      vertex 31.4824 17.9319 0
      vertex 31.2346 17.8478 6.5
      vertex 31.4824 17.9319 6.5
    endloop
  endfacet
  facet normal -0.321382 0.94695 0
    outer loop
      vertex 31.2346 17.8478 6.5
      vertex 31.4824 17.9319 0
      vertex 31.2346 17.8478 0
    endloop
  endfacet
  facet normal 0.997862 -0.0653521 0
    outer loop
      vertex 33.9829 15.7389 6.5
      vertex 34 16 0
      vertex 34 16 6.5
    endloop
  endfacet
  facet normal 0.997862 -0.0653521 0
    outer loop
      vertex 34 16 0
      vertex 33.9829 15.7389 6.5
      vertex 33.9829 15.7389 0
    endloop
  endfacet
  facet normal 0.321382 -0.94695 0
    outer loop
      vertex 32.5176 14.0681 0
      vertex 32.7654 14.1522 6.5
      vertex 32.5176 14.0681 6.5
    endloop
  endfacet
  facet normal 0.321382 -0.94695 0
    outer loop
      vertex 32.7654 14.1522 6.5
      vertex 32.5176 14.0681 0
      vertex 32.7654 14.1522 0
    endloop
  endfacet
  facet normal 0.659343 -0.751842 0
    outer loop
      vertex 33.2175 14.4133 0
      vertex 33.4142 14.5858 6.5
      vertex 33.2175 14.4133 6.5
    endloop
  endfacet
  facet normal 0.659343 -0.751842 0
    outer loop
      vertex 33.4142 14.5858 6.5
      vertex 33.2175 14.4133 0
      vertex 33.4142 14.5858 0
    endloop
  endfacet
  facet normal 0.831521 -0.555494 0
    outer loop
      vertex 33.5867 14.7825 6.5
      vertex 33.732 15 0
      vertex 33.732 15 6.5
    endloop
  endfacet
  facet normal 0.831521 -0.555494 0
    outer loop
      vertex 33.732 15 0
      vertex 33.5867 14.7825 6.5
      vertex 33.5867 14.7825 0
    endloop
  endfacet
  facet normal 0.94695 -0.321382 0
    outer loop
      vertex 33.8478 15.2346 6.5
      vertex 33.9319 15.4824 0
      vertex 33.9319 15.4824 6.5
    endloop
  endfacet
  facet normal 0.94695 -0.321382 0
    outer loop
      vertex 33.9319 15.4824 0
      vertex 33.8478 15.2346 6.5
      vertex 33.8478 15.2346 0
    endloop
  endfacet
  facet normal -0.555758 -0.831344 0
    outer loop
      vertex 30.7825 14.4133 0
      vertex 31 14.2679 6.5
      vertex 30.7825 14.4133 6.5
    endloop
  endfacet
  facet normal -0.555758 -0.831344 -0
    outer loop
      vertex 31 14.2679 6.5
      vertex 30.7825 14.4133 0
      vertex 31 14.2679 0
    endloop
  endfacet
  facet normal -0.321382 -0.94695 0
    outer loop
      vertex 31.2346 14.1522 0
      vertex 31.4824 14.0681 6.5
      vertex 31.2346 14.1522 6.5
    endloop
  endfacet
  facet normal -0.321382 -0.94695 -0
    outer loop
      vertex 31.4824 14.0681 6.5
      vertex 31.2346 14.1522 0
      vertex 31.4824 14.0681 0
    endloop
  endfacet
  facet normal -0.0653521 -0.997862 0
    outer loop
      vertex 31.7389 14.0171 0
      vertex 32 14 6.5
      vertex 31.7389 14.0171 6.5
    endloop
  endfacet
  facet normal -0.0653521 -0.997862 -0
    outer loop
      vertex 32 14 6.5
      vertex 31.7389 14.0171 0
      vertex 32 14 0
    endloop
  endfacet
  facet normal -0.751842 -0.659343 0
    outer loop
      vertex 30.5858 14.5858 0
      vertex 30.4133 14.7825 6.5
      vertex 30.4133 14.7825 0
    endloop
  endfacet
  facet normal -0.751842 -0.659343 0
    outer loop
      vertex 30.4133 14.7825 6.5
      vertex 30.5858 14.5858 0
      vertex 30.5858 14.5858 6.5
    endloop
  endfacet
  facet normal -0.94695 -0.321382 0
    outer loop
      vertex 30.1522 15.2346 0
      vertex 30.0681 15.4824 6.5
      vertex 30.0681 15.4824 0
    endloop
  endfacet
  facet normal -0.94695 -0.321382 0
    outer loop
      vertex 30.0681 15.4824 6.5
      vertex 30.1522 15.2346 0
      vertex 30.1522 15.2346 6.5
    endloop
  endfacet
  facet normal 0.751842 -0.659343 0
    outer loop
      vertex 33.4142 14.5858 6.5
      vertex 33.5867 14.7825 0
      vertex 33.5867 14.7825 6.5
    endloop
  endfacet
  facet normal 0.751842 -0.659343 0
    outer loop
      vertex 33.5867 14.7825 0
      vertex 33.4142 14.5858 6.5
      vertex 33.4142 14.5858 0
    endloop
  endfacet
  facet normal 0.896709 -0.442621 0
    outer loop
      vertex 33.732 15 6.5
      vertex 33.8478 15.2346 0
      vertex 33.8478 15.2346 6.5
    endloop
  endfacet
  facet normal 0.896709 -0.442621 0
    outer loop
      vertex 33.8478 15.2346 0
      vertex 33.732 15 6.5
      vertex 33.732 15 0
    endloop
  endfacet
  facet normal -0.442314 -0.89686 0
    outer loop
      vertex 31 14.2679 0
      vertex 31.2346 14.1522 6.5
      vertex 31 14.2679 6.5
    endloop
  endfacet
  facet normal -0.442314 -0.89686 -0
    outer loop
      vertex 31.2346 14.1522 6.5
      vertex 31 14.2679 0
      vertex 31.2346 14.1522 0
    endloop
  endfacet
  facet normal 0.997862 0.0653521 0
    outer loop
      vertex 42 16 6.5
      vertex 41.9829 16.2611 0
      vertex 41.9829 16.2611 6.5
    endloop
  endfacet
  facet normal 0.997862 0.0653521 0
    outer loop
      vertex 41.9829 16.2611 0
      vertex 42 16 6.5
      vertex 42 16 0
    endloop
  endfacet
  facet normal -0.997862 -0.0653521 0
    outer loop
      vertex 38.0171 15.7389 0
      vertex 38 16 6.5
      vertex 38 16 0
    endloop
  endfacet
  facet normal -0.997862 -0.0653521 0
    outer loop
      vertex 38 16 6.5
      vertex 38.0171 15.7389 0
      vertex 38.0171 15.7389 6.5
    endloop
  endfacet
  facet normal -0.0653521 0.997862 0
    outer loop
      vertex 40 18 0
      vertex 39.7389 17.9829 6.5
      vertex 40 18 6.5
    endloop
  endfacet
  facet normal -0.0653521 0.997862 0
    outer loop
      vertex 39.7389 17.9829 6.5
      vertex 40 18 0
      vertex 39.7389 17.9829 0
    endloop
  endfacet
  facet normal 0.0653521 -0.997862 0
    outer loop
      vertex 40 14 0
      vertex 40.2611 14.0171 6.5
      vertex 40 14 6.5
    endloop
  endfacet
  facet normal 0.0653521 -0.997862 0
    outer loop
      vertex 40.2611 14.0171 6.5
      vertex 40 14 0
      vertex 40.2611 14.0171 0
    endloop
  endfacet
  facet normal 0.659343 0.751842 -0
    outer loop
      vertex 41.4142 17.4142 0
      vertex 41.2175 17.5867 6.5
      vertex 41.4142 17.4142 6.5
    endloop
  endfacet
  facet normal 0.659343 0.751842 0
    outer loop
      vertex 41.2175 17.5867 6.5
      vertex 41.4142 17.4142 0
      vertex 41.2175 17.5867 0
    endloop
  endfacet
  facet normal -0.751842 0.659343 0
    outer loop
      vertex 38.4133 17.2175 0
      vertex 38.5858 17.4142 6.5
      vertex 38.5858 17.4142 0
    endloop
  endfacet
  facet normal -0.751842 0.659343 0
    outer loop
      vertex 38.5858 17.4142 6.5
      vertex 38.4133 17.2175 0
      vertex 38.4133 17.2175 6.5
    endloop
  endfacet
  facet normal -0.442621 0.896709 0
    outer loop
      vertex 39.2346 17.8478 0
      vertex 39 17.732 6.5
      vertex 39.2346 17.8478 6.5
    endloop
  endfacet
  facet normal -0.442621 0.896709 0
    outer loop
      vertex 39 17.732 6.5
      vertex 39.2346 17.8478 0
      vertex 39 17.732 0
    endloop
  endfacet
  facet normal -0.94695 -0.321382 0
    outer loop
      vertex 38.1522 15.2346 0
      vertex 38.0681 15.4824 6.5
      vertex 38.0681 15.4824 0
    endloop
  endfacet
  facet normal -0.94695 -0.321382 0
    outer loop
      vertex 38.0681 15.4824 6.5
      vertex 38.1522 15.2346 0
      vertex 38.1522 15.2346 6.5
    endloop
  endfacet
  facet normal 0.896709 0.442621 0
    outer loop
      vertex 41.8478 16.7654 6.5
      vertex 41.732 17 0
      vertex 41.732 17 6.5
    endloop
  endfacet
  facet normal 0.896709 0.442621 0
    outer loop
      vertex 41.732 17 0
      vertex 41.8478 16.7654 6.5
      vertex 41.8478 16.7654 0
    endloop
  endfacet
  facet normal 0.980801 0.195013 0
    outer loop
      vertex 41.9829 16.2611 6.5
      vertex 41.9319 16.5176 0
      vertex 41.9319 16.5176 6.5
    endloop
  endfacet
  facet normal 0.980801 0.195013 0
    outer loop
      vertex 41.9319 16.5176 0
      vertex 41.9829 16.2611 6.5
      vertex 41.9829 16.2611 0
    endloop
  endfacet
  facet normal 0.831521 0.555494 0
    outer loop
      vertex 41.732 17 6.5
      vertex 41.5867 17.2175 0
      vertex 41.5867 17.2175 6.5
    endloop
  endfacet
  facet normal 0.831521 0.555494 0
    outer loop
      vertex 41.5867 17.2175 0
      vertex 41.732 17 6.5
      vertex 41.732 17 0
    endloop
  endfacet
  facet normal 0.321382 0.94695 -0
    outer loop
      vertex 40.7654 17.8478 0
      vertex 40.5176 17.9319 6.5
      vertex 40.7654 17.8478 6.5
    endloop
  endfacet
  facet normal 0.321382 0.94695 0
    outer loop
      vertex 40.5176 17.9319 6.5
      vertex 40.7654 17.8478 0
      vertex 40.5176 17.9319 0
    endloop
  endfacet
  facet normal 0.555494 0.831521 -0
    outer loop
      vertex 41.2175 17.5867 0
      vertex 41 17.732 6.5
      vertex 41.2175 17.5867 6.5
    endloop
  endfacet
  facet normal 0.555494 0.831521 0
    outer loop
      vertex 41 17.732 6.5
      vertex 41.2175 17.5867 0
      vertex 41 17.732 0
    endloop
  endfacet
  facet normal -0.89686 0.442314 0
    outer loop
      vertex 38.1522 16.7654 0
      vertex 38.2679 17 6.5
      vertex 38.2679 17 0
    endloop
  endfacet
  facet normal -0.89686 0.442314 0
    outer loop
      vertex 38.2679 17 6.5
      vertex 38.1522 16.7654 0
      vertex 38.1522 16.7654 6.5
    endloop
  endfacet
  facet normal -0.831344 0.555758 0
    outer loop
      vertex 38.2679 17 0
      vertex 38.4133 17.2175 6.5
      vertex 38.4133 17.2175 0
    endloop
  endfacet
  facet normal -0.831344 0.555758 0
    outer loop
      vertex 38.4133 17.2175 6.5
      vertex 38.2679 17 0
      vertex 38.2679 17 6.5
    endloop
  endfacet
  facet normal -0.980801 0.195013 0
    outer loop
      vertex 38.0171 16.2611 0
      vertex 38.0681 16.5176 6.5
      vertex 38.0681 16.5176 0
    endloop
  endfacet
  facet normal -0.980801 0.195013 0
    outer loop
      vertex 38.0681 16.5176 6.5
      vertex 38.0171 16.2611 0
      vertex 38.0171 16.2611 6.5
    endloop
  endfacet
  facet normal -0.555494 0.831521 0
    outer loop
      vertex 39 17.732 0
      vertex 38.7825 17.5867 6.5
      vertex 39 17.732 6.5
    endloop
  endfacet
  facet normal -0.555494 0.831521 0
    outer loop
      vertex 38.7825 17.5867 6.5
      vertex 39 17.732 0
      vertex 38.7825 17.5867 0
    endloop
  endfacet
  facet normal -0.195013 0.980801 0
    outer loop
      vertex 39.7389 17.9829 0
      vertex 39.4824 17.9319 6.5
      vertex 39.7389 17.9829 6.5
    endloop
  endfacet
  facet normal -0.195013 0.980801 0
    outer loop
      vertex 39.4824 17.9319 6.5
      vertex 39.7389 17.9829 0
      vertex 39.4824 17.9319 0
    endloop
  endfacet
  facet normal 0.321382 -0.94695 0
    outer loop
      vertex 40.5176 14.0681 0
      vertex 40.7654 14.1522 6.5
      vertex 40.5176 14.0681 6.5
    endloop
  endfacet
  facet normal 0.321382 -0.94695 0
    outer loop
      vertex 40.7654 14.1522 6.5
      vertex 40.5176 14.0681 0
      vertex 40.7654 14.1522 0
    endloop
  endfacet
  facet normal 0.195013 -0.980801 0
    outer loop
      vertex 40.2611 14.0171 0
      vertex 40.5176 14.0681 6.5
      vertex 40.2611 14.0171 6.5
    endloop
  endfacet
  facet normal 0.195013 -0.980801 0
    outer loop
      vertex 40.5176 14.0681 6.5
      vertex 40.2611 14.0171 0
      vertex 40.5176 14.0681 0
    endloop
  endfacet
  facet normal 0.751842 -0.659343 0
    outer loop
      vertex 41.4142 14.5858 6.5
      vertex 41.5867 14.7825 0
      vertex 41.5867 14.7825 6.5
    endloop
  endfacet
  facet normal 0.751842 -0.659343 0
    outer loop
      vertex 41.5867 14.7825 0
      vertex 41.4142 14.5858 6.5
      vertex 41.4142 14.5858 0
    endloop
  endfacet
  facet normal 0.555758 -0.831344 0
    outer loop
      vertex 41 14.2679 0
      vertex 41.2175 14.4133 6.5
      vertex 41 14.2679 6.5
    endloop
  endfacet
  facet normal 0.555758 -0.831344 0
    outer loop
      vertex 41.2175 14.4133 6.5
      vertex 41 14.2679 0
      vertex 41.2175 14.4133 0
    endloop
  endfacet
  facet normal 0.980801 -0.195013 0
    outer loop
      vertex 41.9319 15.4824 6.5
      vertex 41.9829 15.7389 0
      vertex 41.9829 15.7389 6.5
    endloop
  endfacet
  facet normal 0.980801 -0.195013 0
    outer loop
      vertex 41.9829 15.7389 0
      vertex 41.9319 15.4824 6.5
      vertex 41.9319 15.4824 0
    endloop
  endfacet
  facet normal -0.321382 -0.94695 0
    outer loop
      vertex 39.2346 14.1522 0
      vertex 39.4824 14.0681 6.5
      vertex 39.2346 14.1522 6.5
    endloop
  endfacet
  facet normal -0.321382 -0.94695 -0
    outer loop
      vertex 39.4824 14.0681 6.5
      vertex 39.2346 14.1522 0
      vertex 39.4824 14.0681 0
    endloop
  endfacet
  facet normal -0.195013 -0.980801 0
    outer loop
      vertex 39.4824 14.0681 0
      vertex 39.7389 14.0171 6.5
      vertex 39.4824 14.0681 6.5
    endloop
  endfacet
  facet normal -0.195013 -0.980801 -0
    outer loop
      vertex 39.7389 14.0171 6.5
      vertex 39.4824 14.0681 0
      vertex 39.7389 14.0171 0
    endloop
  endfacet
  facet normal -0.831344 -0.555758 0
    outer loop
      vertex 38.4133 14.7825 0
      vertex 38.2679 15 6.5
      vertex 38.2679 15 0
    endloop
  endfacet
  facet normal -0.831344 -0.555758 0
    outer loop
      vertex 38.2679 15 6.5
      vertex 38.4133 14.7825 0
      vertex 38.4133 14.7825 6.5
    endloop
  endfacet
  facet normal -0.751842 -0.659343 0
    outer loop
      vertex 38.5858 14.5858 0
      vertex 38.4133 14.7825 6.5
      vertex 38.4133 14.7825 0
    endloop
  endfacet
  facet normal -0.751842 -0.659343 0
    outer loop
      vertex 38.4133 14.7825 6.5
      vertex 38.5858 14.5858 0
      vertex 38.5858 14.5858 6.5
    endloop
  endfacet
  facet normal -0.980801 -0.195013 0
    outer loop
      vertex 38.0681 15.4824 0
      vertex 38.0171 15.7389 6.5
      vertex 38.0171 15.7389 0
    endloop
  endfacet
  facet normal -0.980801 -0.195013 0
    outer loop
      vertex 38.0171 15.7389 6.5
      vertex 38.0681 15.4824 0
      vertex 38.0681 15.4824 6.5
    endloop
  endfacet
  facet normal 0.94695 0.321382 0
    outer loop
      vertex 41.9319 16.5176 6.5
      vertex 41.8478 16.7654 0
      vertex 41.8478 16.7654 6.5
    endloop
  endfacet
  facet normal 0.94695 0.321382 0
    outer loop
      vertex 41.8478 16.7654 0
      vertex 41.9319 16.5176 6.5
      vertex 41.9319 16.5176 0
    endloop
  endfacet
  facet normal 0.0653521 0.997862 -0
    outer loop
      vertex 40.2611 17.9829 0
      vertex 40 18 6.5
      vertex 40.2611 17.9829 6.5
    endloop
  endfacet
  facet normal 0.0653521 0.997862 0
    outer loop
      vertex 40 18 6.5
      vertex 40.2611 17.9829 0
      vertex 40 18 0
    endloop
  endfacet
  facet normal 0 0 -1
    outer loop
      vertex 41.9829 15.7389 0
      vertex 41.9829 16.2611 0
      vertex 42 16 0
    endloop
  endfacet
  facet normal 0 0 -1
    outer loop
      vertex 41.9319 15.4824 0
      vertex 41.9829 16.2611 0
      vertex 41.9829 15.7389 0
    endloop
  endfacet
  facet normal 0 0 -1
    outer loop
      vertex 41.9319 15.4824 0
      vertex 41.9319 16.5176 0
      vertex 41.9829 16.2611 0
    endloop
  endfacet
  facet normal 0 0 -1
    outer loop
      vertex 41.8478 15.2346 0
      vertex 41.9319 16.5176 0
      vertex 41.9319 15.4824 0
    endloop
  endfacet
  facet normal 0 0 -1
    outer loop
      vertex 41.8478 15.2346 0
      vertex 41.8478 16.7654 0
      vertex 41.9319 16.5176 0
    endloop
  endfacet
  facet normal 0 0 -1
    outer loop
      vertex 41.732 15 0
      vertex 41.8478 16.7654 0
      vertex 41.8478 15.2346 0
    endloop
  endfacet
  facet normal 0 0 -1
    outer loop
      vertex 41.732 15 0
      vertex 41.732 17 0
      vertex 41.8478 16.7654 0
    endloop
  endfacet
  facet normal 0 0 -1
    outer loop
      vertex 41.5867 14.7825 0
      vertex 41.732 17 0
      vertex 41.732 15 0
    endloop
  endfacet
  facet normal 0 0 -1
    outer loop
      vertex 41.5867 14.7825 0
      vertex 41.5867 17.2175 0
      vertex 41.732 17 0
    endloop
  endfacet
  facet normal 0 0 -1
    outer loop
      vertex 41.4142 14.5858 0
      vertex 41.5867 17.2175 0
      vertex 41.5867 14.7825 0
    endloop
  endfacet
  facet normal 0 0 -1
    outer loop
      vertex 41.4142 14.5858 0
      vertex 41.4142 17.4142 0
      vertex 41.5867 17.2175 0
    endloop
  endfacet
  facet normal 0 0 -1
    outer loop
      vertex 41.2175 14.4133 0
      vertex 41.4142 17.4142 0
      vertex 41.4142 14.5858 0
    endloop
  endfacet
  facet normal 0 0 -1
    outer loop
      vertex 41.2175 14.4133 0
      vertex 41.2175 17.5867 0
      vertex 41.4142 17.4142 0
    endloop
  endfacet
  facet normal 0 0 -1
    outer loop
      vertex 41 14.2679 0
      vertex 41.2175 17.5867 0
      vertex 41.2175 14.4133 0
    endloop
  endfacet
  facet normal 0 0 -1
    outer loop
      vertex 41 14.2679 0
      vertex 41 17.732 0
      vertex 41.2175 17.5867 0
    endloop
  endfacet
  facet normal 0 0 -1
    outer loop
      vertex 40.7654 14.1522 0
      vertex 41 17.732 0
      vertex 41 14.2679 0
    endloop
  endfacet
  facet normal 0 0 -1
    outer loop
      vertex 40.7654 14.1522 0
      vertex 40.7654 17.8478 0
      vertex 41 17.732 0
    endloop
  endfacet
  facet normal 0 0 -1
    outer loop
      vertex 40.5176 14.0681 0
      vertex 40.7654 17.8478 0
      vertex 40.7654 14.1522 0
    endloop
  endfacet
  facet normal 0 0 -1
    outer loop
      vertex 40.5176 14.0681 0
      vertex 40.5176 17.9319 0
      vertex 40.7654 17.8478 0
    endloop
  endfacet
  facet normal 0 0 -1
    outer loop
      vertex 40.2611 14.0171 0
      vertex 40.5176 17.9319 0
      vertex 40.5176 14.0681 0
    endloop
  endfacet
  facet normal 0 0 -1
    outer loop
      vertex 40.2611 14.0171 0
      vertex 40.2611 17.9829 0
      vertex 40.5176 17.9319 0
    endloop
  endfacet
  facet normal 0 0 -1
    outer loop
      vertex 40 14 0
      vertex 40.2611 17.9829 0
      vertex 40.2611 14.0171 0
    endloop
  endfacet
  facet normal 0 0 -1
    outer loop
      vertex 40 14 0
      vertex 40 18 0
      vertex 40.2611 17.9829 0
    endloop
  endfacet
  facet normal 0 0 -1
    outer loop
      vertex 39.7389 14.0171 0
      vertex 40 18 0
      vertex 40 14 0
    endloop
  endfacet
  facet normal 0 0 -1
    outer loop
      vertex 39.7389 14.0171 0
      vertex 39.7389 17.9829 0
      vertex 40 18 0
    endloop
  endfacet
  facet normal 0 0 -1
    outer loop
      vertex 39.4824 14.0681 0
      vertex 39.7389 17.9829 0
      vertex 39.7389 14.0171 0
    endloop
  endfacet
  facet normal 0 0 -1
    outer loop
      vertex 39.4824 14.0681 0
      vertex 39.4824 17.9319 0
      vertex 39.7389 17.9829 0
    endloop
  endfacet
  facet normal 0 0 -1
    outer loop
      vertex 39.2346 14.1522 0
      vertex 39.4824 17.9319 0
      vertex 39.4824 14.0681 0
    endloop
  endfacet
  facet normal 0 0 -1
    outer loop
      vertex 39.2346 14.1522 0
      vertex 39.2346 17.8478 0
      vertex 39.4824 17.9319 0
    endloop
  endfacet
  facet normal 0 0 -1
    outer loop
      vertex 39 14.2679 0
      vertex 39.2346 17.8478 0
      vertex 39.2346 14.1522 0
    endloop
  endfacet
  facet normal 0 0 -1
    outer loop
      vertex 39 14.2679 0
      vertex 39 17.732 0
      vertex 39.2346 17.8478 0
    endloop
  endfacet
  facet normal 0 0 -1
    outer loop
      vertex 38.7825 14.4133 0
      vertex 39 17.732 0
      vertex 39 14.2679 0
    endloop
  endfacet
  facet normal 0 0 -1
    outer loop
      vertex 38.7825 14.4133 0
      vertex 38.7825 17.5867 0
      vertex 39 17.732 0
    endloop
  endfacet
  facet normal 0 0 -1
    outer loop
      vertex 38.5858 14.5858 0
      vertex 38.7825 17.5867 0
      vertex 38.7825 14.4133 0
    endloop
  endfacet
  facet normal 0 0 -1
    outer loop
      vertex 38.5858 14.5858 0
      vertex 38.5858 17.4142 0
      vertex 38.7825 17.5867 0
    endloop
  endfacet
  facet normal 0 0 -1
    outer loop
      vertex 38.4133 14.7825 0
      vertex 38.5858 17.4142 0
      vertex 38.5858 14.5858 0
    endloop
  endfacet
  facet normal 0 0 -1
    outer loop
      vertex 38.4133 14.7825 0
      vertex 38.4133 17.2175 0
      vertex 38.5858 17.4142 0
    endloop
  endfacet
  facet normal 0 0 -1
    outer loop
      vertex 38.2679 15 0
      vertex 38.4133 17.2175 0
      vertex 38.4133 14.7825 0
    endloop
  endfacet
  facet normal 0 0 -1
    outer loop
      vertex 38.2679 15 0
      vertex 38.2679 17 0
      vertex 38.4133 17.2175 0
    endloop
  endfacet
  facet normal 0 0 -1
    outer loop
      vertex 38.1522 15.2346 0
      vertex 38.2679 17 0
      vertex 38.2679 15 0
    endloop
  endfacet
  facet normal 0 0 -1
    outer loop
      vertex 38.1522 15.2346 0
      vertex 38.1522 16.7654 0
      vertex 38.2679 17 0
    endloop
  endfacet
  facet normal 0 0 -1
    outer loop
      vertex 38.0681 15.4824 0
      vertex 38.1522 16.7654 0
      vertex 38.1522 15.2346 0
    endloop
  endfacet
  facet normal 0 0 -1
    outer loop
      vertex 38.0681 15.4824 0
      vertex 38.0681 16.5176 0
      vertex 38.1522 16.7654 0
    endloop
  endfacet
  facet normal 0 0 -1
    outer loop
      vertex 38.0171 15.7389 0
      vertex 38.0681 16.5176 0
      vertex 38.0681 15.4824 0
    endloop
  endfacet
  facet normal 0 0 -1
    outer loop
      vertex 38.0171 15.7389 0
      vertex 38.0171 16.2611 0
      vertex 38.0681 16.5176 0
    endloop
  endfacet
  facet normal 0 -0 -1
    outer loop
      vertex 38.0171 16.2611 0
      vertex 38.0171 15.7389 0
      vertex 38 16 0
    endloop
  endfacet
  facet normal -0.94695 0.321382 0
    outer loop
      vertex 38.0681 16.5176 0
      vertex 38.1522 16.7654 6.5
      vertex 38.1522 16.7654 0
    endloop
  endfacet
  facet normal -0.94695 0.321382 0
    outer loop
      vertex 38.1522 16.7654 6.5
      vertex 38.0681 16.5176 0
      vertex 38.0681 16.5176 6.5
    endloop
  endfacet
  facet normal -0.997862 0.0653521 0
    outer loop
      vertex 38 16 0
      vertex 38.0171 16.2611 6.5
      vertex 38.0171 16.2611 0
    endloop
  endfacet
  facet normal -0.997862 0.0653521 0
    outer loop
      vertex 38.0171 16.2611 6.5
      vertex 38 16 0
      vertex 38 16 6.5
    endloop
  endfacet
  facet normal 0 0 1
    outer loop
      vertex 41.9829 16.2611 6.5
      vertex 41.9829 15.7389 6.5
      vertex 42 16 6.5
    endloop
  endfacet
  facet normal 0 0 1
    outer loop
      vertex 41.9319 16.5176 6.5
      vertex 41.9829 15.7389 6.5
      vertex 41.9829 16.2611 6.5
    endloop
  endfacet
  facet normal 0 0 1
    outer loop
      vertex 41.9319 16.5176 6.5
      vertex 41.9319 15.4824 6.5
      vertex 41.9829 15.7389 6.5
    endloop
  endfacet
  facet normal 0 0 1
    outer loop
      vertex 41.8478 16.7654 6.5
      vertex 41.9319 15.4824 6.5
      vertex 41.9319 16.5176 6.5
    endloop
  endfacet
  facet normal 0 0 1
    outer loop
      vertex 41.8478 16.7654 6.5
      vertex 41.8478 15.2346 6.5
      vertex 41.9319 15.4824 6.5
    endloop
  endfacet
  facet normal 0 0 1
    outer loop
      vertex 41.732 17 6.5
      vertex 41.8478 15.2346 6.5
      vertex 41.8478 16.7654 6.5
    endloop
  endfacet
  facet normal 0 0 1
    outer loop
      vertex 41.732 17 6.5
      vertex 41.732 15 6.5
      vertex 41.8478 15.2346 6.5
    endloop
  endfacet
  facet normal 0 0 1
    outer loop
      vertex 41.5867 17.2175 6.5
      vertex 41.732 15 6.5
      vertex 41.732 17 6.5
    endloop
  endfacet
  facet normal 0 0 1
    outer loop
      vertex 41.5867 17.2175 6.5
      vertex 41.5867 14.7825 6.5
      vertex 41.732 15 6.5
    endloop
  endfacet
  facet normal 0 0 1
    outer loop
      vertex 41.4142 17.4142 6.5
      vertex 41.5867 14.7825 6.5
      vertex 41.5867 17.2175 6.5
    endloop
  endfacet
  facet normal 0 0 1
    outer loop
      vertex 41.4142 17.4142 6.5
      vertex 41.4142 14.5858 6.5
      vertex 41.5867 14.7825 6.5
    endloop
  endfacet
  facet normal 0 0 1
    outer loop
      vertex 41.2175 17.5867 6.5
      vertex 41.4142 14.5858 6.5
      vertex 41.4142 17.4142 6.5
    endloop
  endfacet
  facet normal 0 0 1
    outer loop
      vertex 41.2175 17.5867 6.5
      vertex 41.2175 14.4133 6.5
      vertex 41.4142 14.5858 6.5
    endloop
  endfacet
  facet normal 0 0 1
    outer loop
      vertex 41 17.732 6.5
      vertex 41.2175 14.4133 6.5
      vertex 41.2175 17.5867 6.5
    endloop
  endfacet
  facet normal 0 0 1
    outer loop
      vertex 41 17.732 6.5
      vertex 41 14.2679 6.5
      vertex 41.2175 14.4133 6.5
    endloop
  endfacet
  facet normal 0 0 1
    outer loop
      vertex 40.7654 17.8478 6.5
      vertex 41 14.2679 6.5
      vertex 41 17.732 6.5
    endloop
  endfacet
  facet normal 0 0 1
    outer loop
      vertex 40.7654 17.8478 6.5
      vertex 40.7654 14.1522 6.5
      vertex 41 14.2679 6.5
    endloop
  endfacet
  facet normal 0 0 1
    outer loop
      vertex 40.5176 17.9319 6.5
      vertex 40.7654 14.1522 6.5
      vertex 40.7654 17.8478 6.5
    endloop
  endfacet
  facet normal 0 0 1
    outer loop
      vertex 40.5176 17.9319 6.5
      vertex 40.5176 14.0681 6.5
      vertex 40.7654 14.1522 6.5
    endloop
  endfacet
  facet normal 0 0 1
    outer loop
      vertex 40.2611 17.9829 6.5
      vertex 40.5176 14.0681 6.5
      vertex 40.5176 17.9319 6.5
    endloop
  endfacet
  facet normal 0 0 1
    outer loop
      vertex 40.2611 17.9829 6.5
      vertex 40.2611 14.0171 6.5
      vertex 40.5176 14.0681 6.5
    endloop
  endfacet
  facet normal 0 0 1
    outer loop
      vertex 40 18 6.5
      vertex 40.2611 14.0171 6.5
      vertex 40.2611 17.9829 6.5
    endloop
  endfacet
  facet normal 0 0 1
    outer loop
      vertex 40 18 6.5
      vertex 40 14 6.5
      vertex 40.2611 14.0171 6.5
    endloop
  endfacet
  facet normal -0 0 1
    outer loop
      vertex 39.7389 17.9829 6.5
      vertex 40 14 6.5
      vertex 40 18 6.5
    endloop
  endfacet
  facet normal 0 0 1
    outer loop
      vertex 39.7389 17.9829 6.5
      vertex 39.7389 14.0171 6.5
      vertex 40 14 6.5
    endloop
  endfacet
  facet normal -0 0 1
    outer loop
      vertex 39.4824 17.9319 6.5
      vertex 39.7389 14.0171 6.5
      vertex 39.7389 17.9829 6.5
    endloop
  endfacet
  facet normal 0 0 1
    outer loop
      vertex 39.4824 17.9319 6.5
      vertex 39.4824 14.0681 6.5
      vertex 39.7389 14.0171 6.5
    endloop
  endfacet
  facet normal -0 0 1
    outer loop
      vertex 39.2346 17.8478 6.5
      vertex 39.4824 14.0681 6.5
      vertex 39.4824 17.9319 6.5
    endloop
  endfacet
  facet normal 0 0 1
    outer loop
      vertex 39.2346 17.8478 6.5
      vertex 39.2346 14.1522 6.5
      vertex 39.4824 14.0681 6.5
    endloop
  endfacet
  facet normal -0 0 1
    outer loop
      vertex 39 17.732 6.5
      vertex 39.2346 14.1522 6.5
      vertex 39.2346 17.8478 6.5
    endloop
  endfacet
  facet normal 0 0 1
    outer loop
      vertex 39 17.732 6.5
      vertex 39 14.2679 6.5
      vertex 39.2346 14.1522 6.5
    endloop
  endfacet
  facet normal -0 0 1
    outer loop
      vertex 38.7825 17.5867 6.5
      vertex 39 14.2679 6.5
      vertex 39 17.732 6.5
    endloop
  endfacet
  facet normal 0 0 1
    outer loop
      vertex 38.7825 17.5867 6.5
      vertex 38.7825 14.4133 6.5
      vertex 39 14.2679 6.5
    endloop
  endfacet
  facet normal -0 0 1
    outer loop
      vertex 38.5858 17.4142 6.5
      vertex 38.7825 14.4133 6.5
      vertex 38.7825 17.5867 6.5
    endloop
  endfacet
  facet normal 0 0 1
    outer loop
      vertex 38.5858 17.4142 6.5
      vertex 38.5858 14.5858 6.5
      vertex 38.7825 14.4133 6.5
    endloop
  endfacet
  facet normal -0 0 1
    outer loop
      vertex 38.4133 17.2175 6.5
      vertex 38.5858 14.5858 6.5
      vertex 38.5858 17.4142 6.5
    endloop
  endfacet
  facet normal 0 0 1
    outer loop
      vertex 38.4133 17.2175 6.5
      vertex 38.4133 14.7825 6.5
      vertex 38.5858 14.5858 6.5
    endloop
  endfacet
  facet normal -0 0 1
    outer loop
      vertex 38.2679 17 6.5
      vertex 38.4133 14.7825 6.5
      vertex 38.4133 17.2175 6.5
    endloop
  endfacet
  facet normal 0 0 1
    outer loop
      vertex 38.2679 17 6.5
      vertex 38.2679 15 6.5
      vertex 38.4133 14.7825 6.5
    endloop
  endfacet
  facet normal -0 0 1
    outer loop
      vertex 38.1522 16.7654 6.5
      vertex 38.2679 15 6.5
      vertex 38.2679 17 6.5
    endloop
  endfacet
  facet normal 0 0 1
    outer loop
      vertex 38.1522 16.7654 6.5
      vertex 38.1522 15.2346 6.5
      vertex 38.2679 15 6.5
    endloop
  endfacet
  facet normal -0 0 1
    outer loop
      vertex 38.0681 16.5176 6.5
      vertex 38.1522 15.2346 6.5
      vertex 38.1522 16.7654 6.5
    endloop
  endfacet
  facet normal 0 0 1
    outer loop
      vertex 38.0681 16.5176 6.5
      vertex 38.0681 15.4824 6.5
      vertex 38.1522 15.2346 6.5
    endloop
  endfacet
  facet normal -0 0 1
    outer loop
      vertex 38.0171 16.2611 6.5
      vertex 38.0681 15.4824 6.5
      vertex 38.0681 16.5176 6.5
    endloop
  endfacet
  facet normal 0 0 1
    outer loop
      vertex 38.0171 16.2611 6.5
      vertex 38.0171 15.7389 6.5
      vertex 38.0681 15.4824 6.5
    endloop
  endfacet
  facet normal 0 -0 1
    outer loop
      vertex 38.0171 15.7389 6.5
      vertex 38.0171 16.2611 6.5
      vertex 38 16 6.5
    endloop
  endfacet
  facet normal 0.997862 -0.0653521 0
    outer loop
      vertex 41.9829 15.7389 6.5
      vertex 42 16 0
      vertex 42 16 6.5
    endloop
  endfacet
  facet normal 0.997862 -0.0653521 0
    outer loop
      vertex 42 16 0
      vertex 41.9829 15.7389 6.5
      vertex 41.9829 15.7389 0
    endloop
  endfacet
  facet normal 0.659343 -0.751842 0
    outer loop
      vertex 41.2175 14.4133 0
      vertex 41.4142 14.5858 6.5
      vertex 41.2175 14.4133 6.5
    endloop
  endfacet
  facet normal 0.659343 -0.751842 0
    outer loop
      vertex 41.4142 14.5858 6.5
      vertex 41.2175 14.4133 0
      vertex 41.4142 14.5858 0
    endloop
  endfacet
  facet normal 0.94695 -0.321382 0
    outer loop
      vertex 41.8478 15.2346 6.5
      vertex 41.9319 15.4824 0
      vertex 41.9319 15.4824 6.5
    endloop
  endfacet
  facet normal 0.94695 -0.321382 0
    outer loop
      vertex 41.9319 15.4824 0
      vertex 41.8478 15.2346 6.5
      vertex 41.8478 15.2346 0
    endloop
  endfacet
  facet normal 0.831521 -0.555494 0
    outer loop
      vertex 41.5867 14.7825 6.5
      vertex 41.732 15 0
      vertex 41.732 15 6.5
    endloop
  endfacet
  facet normal 0.831521 -0.555494 0
    outer loop
      vertex 41.732 15 0
      vertex 41.5867 14.7825 6.5
      vertex 41.5867 14.7825 0
    endloop
  endfacet
  facet normal 0.896709 -0.442621 0
    outer loop
      vertex 41.732 15 6.5
      vertex 41.8478 15.2346 0
      vertex 41.8478 15.2346 6.5
    endloop
  endfacet
  facet normal 0.896709 -0.442621 0
    outer loop
      vertex 41.8478 15.2346 0
      vertex 41.732 15 6.5
      vertex 41.732 15 0
    endloop
  endfacet
  facet normal -0.555758 -0.831344 0
    outer loop
      vertex 38.7825 14.4133 0
      vertex 39 14.2679 6.5
      vertex 38.7825 14.4133 6.5
    endloop
  endfacet
  facet normal -0.555758 -0.831344 -0
    outer loop
      vertex 39 14.2679 6.5
      vertex 38.7825 14.4133 0
      vertex 39 14.2679 0
    endloop
  endfacet
  facet normal -0.442314 -0.89686 0
    outer loop
      vertex 39 14.2679 0
      vertex 39.2346 14.1522 6.5
      vertex 39 14.2679 6.5
    endloop
  endfacet
  facet normal -0.442314 -0.89686 -0
    outer loop
      vertex 39.2346 14.1522 6.5
      vertex 39 14.2679 0
      vertex 39.2346 14.1522 0
    endloop
  endfacet
  facet normal -0.0653521 -0.997862 0
    outer loop
      vertex 39.7389 14.0171 0
      vertex 40 14 6.5
      vertex 39.7389 14.0171 6.5
    endloop
  endfacet
  facet normal -0.0653521 -0.997862 -0
    outer loop
      vertex 40 14 6.5
      vertex 39.7389 14.0171 0
      vertex 40 14 0
    endloop
  endfacet
  facet normal -0.659343 -0.751842 0
    outer loop
      vertex 38.5858 14.5858 0
      vertex 38.7825 14.4133 6.5
      vertex 38.5858 14.5858 6.5
    endloop
  endfacet
  facet normal -0.659343 -0.751842 -0
    outer loop
      vertex 38.7825 14.4133 6.5
      vertex 38.5858 14.5858 0
      vertex 38.7825 14.4133 0
    endloop
  endfacet
  facet normal 0.751842 0.659343 0
    outer loop
      vertex 41.5867 17.2175 6.5
      vertex 41.4142 17.4142 0
      vertex 41.4142 17.4142 6.5
    endloop
  endfacet
  facet normal 0.751842 0.659343 0
    outer loop
      vertex 41.4142 17.4142 0
      vertex 41.5867 17.2175 6.5
      vertex 41.5867 17.2175 0
    endloop
  endfacet
  facet normal 0.195013 0.980801 -0
    outer loop
      vertex 40.5176 17.9319 0
      vertex 40.2611 17.9829 6.5
      vertex 40.5176 17.9319 6.5
    endloop
  endfacet
  facet normal 0.195013 0.980801 0
    outer loop
      vertex 40.2611 17.9829 6.5
      vertex 40.5176 17.9319 0
      vertex 40.2611 17.9829 0
    endloop
  endfacet
  facet normal 0.442621 0.896709 -0
    outer loop
      vertex 41 17.732 0
      vertex 40.7654 17.8478 6.5
      vertex 41 17.732 6.5
    endloop
  endfacet
  facet normal 0.442621 0.896709 0
    outer loop
      vertex 40.7654 17.8478 6.5
      vertex 41 17.732 0
      vertex 40.7654 17.8478 0
    endloop
  endfacet
  facet normal -0.659343 0.751842 0
    outer loop
      vertex 38.7825 17.5867 0
      vertex 38.5858 17.4142 6.5
      vertex 38.7825 17.5867 6.5
    endloop
  endfacet
  facet normal -0.659343 0.751842 0
    outer loop
      vertex 38.5858 17.4142 6.5
      vertex 38.7825 17.5867 0
      vertex 38.5858 17.4142 0
    endloop
  endfacet
  facet normal -0.321382 0.94695 0
    outer loop
      vertex 39.4824 17.9319 0
      vertex 39.2346 17.8478 6.5
      vertex 39.4824 17.9319 6.5
    endloop
  endfacet
  facet normal -0.321382 0.94695 0
    outer loop
      vertex 39.2346 17.8478 6.5
      vertex 39.4824 17.9319 0
      vertex 39.2346 17.8478 0
    endloop
  endfacet
  facet normal 0.442314 -0.89686 0
    outer loop
      vertex 40.7654 14.1522 0
      vertex 41 14.2679 6.5
      vertex 40.7654 14.1522 6.5
    endloop
  endfacet
  facet normal 0.442314 -0.89686 0
    outer loop
      vertex 41 14.2679 6.5
      vertex 40.7654 14.1522 0
      vertex 41 14.2679 0
    endloop
  endfacet
  facet normal -0.89686 -0.442314 0
    outer loop
      vertex 38.2679 15 0
      vertex 38.1522 15.2346 6.5
      vertex 38.1522 15.2346 0
    endloop
  endfacet
  facet normal -0.89686 -0.442314 0
    outer loop
      vertex 38.1522 15.2346 6.5
      vertex 38.2679 15 0
      vertex 38.2679 15 6.5
    endloop
  endfacet
  facet normal 0.99786 0.0653902 0
    outer loop
      vertex 2 24 6.5
      vertex 1.98289 24.2611 0
      vertex 1.98289 24.2611 6.5
    endloop
  endfacet
  facet normal 0.99786 0.0653902 0
    outer loop
      vertex 1.98289 24.2611 0
      vertex 2 24 6.5
      vertex 2 24 0
    endloop
  endfacet
  facet normal -0.0653641 0.997861 0
    outer loop
      vertex 0 26 0
      vertex -0.261052 25.9829 6.5
      vertex 0 26 6.5
    endloop
  endfacet
  facet normal -0.0653641 0.997861 0
    outer loop
      vertex -0.261052 25.9829 6.5
      vertex 0 26 0
      vertex -0.261052 25.9829 0
    endloop
  endfacet
  facet normal 0.0653641 -0.997861 0
    outer loop
      vertex 0 22 0
      vertex 0.261052 22.0171 6.5
      vertex 0 22 6.5
    endloop
  endfacet
  facet normal 0.0653641 -0.997861 0
    outer loop
      vertex 0.261052 22.0171 6.5
      vertex 0 22 0
      vertex 0.261052 22.0171 0
    endloop
  endfacet
  facet normal 0.659362 0.751826 -0
    outer loop
      vertex 1.41421 25.4142 0
      vertex 1.21752 25.5867 6.5
      vertex 1.41421 25.4142 6.5
    endloop
  endfacet
  facet normal 0.659362 0.751826 0
    outer loop
      vertex 1.21752 25.5867 6.5
      vertex 1.41421 25.4142 0
      vertex 1.21752 25.5867 0
    endloop
  endfacet
  facet normal -0.751842 0.659343 0
    outer loop
      vertex -1.58671 25.2175 0
      vertex -1.41421 25.4142 6.5
      vertex -1.41421 25.4142 0
    endloop
  endfacet
  facet normal -0.751842 0.659343 0
    outer loop
      vertex -1.41421 25.4142 6.5
      vertex -1.58671 25.2175 0
      vertex -1.58671 25.2175 6.5
    endloop
  endfacet
  facet normal -0.442571 0.896734 0
    outer loop
      vertex -0.765367 25.8478 0
      vertex -1 25.732 6.5
      vertex -0.765367 25.8478 6.5
    endloop
  endfacet
  facet normal -0.442571 0.896734 0
    outer loop
      vertex -1 25.732 6.5
      vertex -0.765367 25.8478 0
      vertex -1 25.732 0
    endloop
  endfacet
  facet normal -0.946961 -0.321348 0
    outer loop
      vertex -1.84776 23.2346 0
      vertex -1.93185 23.4824 6.5
      vertex -1.93185 23.4824 0
    endloop
  endfacet
  facet normal -0.946961 -0.321348 0
    outer loop
      vertex -1.93185 23.4824 6.5
      vertex -1.84776 23.2346 0
      vertex -1.84776 23.2346 6.5
    endloop
  endfacet
  facet normal 0.896845 0.442344 0
    outer loop
      vertex 1.84776 24.7654 6.5
      vertex 1.73205 25 0
      vertex 1.73205 25 6.5
    endloop
  endfacet
  facet normal 0.896845 0.442344 0
    outer loop
      vertex 1.73205 25 0
      vertex 1.84776 24.7654 6.5
      vertex 1.84776 24.7654 0
    endloop
  endfacet
  facet normal 0.980771 0.19516 0
    outer loop
      vertex 1.98289 24.2611 6.5
      vertex 1.93185 24.5176 0
      vertex 1.93185 24.5176 6.5
    endloop
  endfacet
  facet normal 0.980771 0.19516 0
    outer loop
      vertex 1.93185 24.5176 0
      vertex 1.98289 24.2611 6.5
      vertex 1.98289 24.2611 0
    endloop
  endfacet
  facet normal 0.83145 0.5556 0
    outer loop
      vertex 1.73205 25 6.5
      vertex 1.58671 25.2175 0
      vertex 1.58671 25.2175 6.5
    endloop
  endfacet
  facet normal 0.83145 0.5556 0
    outer loop
      vertex 1.58671 25.2175 0
      vertex 1.73205 25 6.5
      vertex 1.73205 25 0
    endloop
  endfacet
  facet normal 0.321463 0.946922 -0
    outer loop
      vertex 0.765367 25.8478 0
      vertex 0.517637 25.9319 6.5
      vertex 0.765367 25.8478 6.5
    endloop
  endfacet
  facet normal 0.321463 0.946922 0
    outer loop
      vertex 0.517637 25.9319 6.5
      vertex 0.765367 25.8478 0
      vertex 0.517637 25.9319 0
    endloop
  endfacet
  facet normal 0.555459 0.831544 -0
    outer loop
      vertex 1.21752 25.5867 0
      vertex 1 25.732 6.5
      vertex 1.21752 25.5867 6.5
    endloop
  endfacet
  facet normal 0.555459 0.831544 0
    outer loop
      vertex 1 25.732 6.5
      vertex 1.21752 25.5867 0
      vertex 1 25.732 0
    endloop
  endfacet
  facet normal -0.896845 0.442344 0
    outer loop
      vertex -1.84776 24.7654 0
      vertex -1.73205 25 6.5
      vertex -1.73205 25 0
    endloop
  endfacet
  facet normal -0.896845 0.442344 0
    outer loop
      vertex -1.73205 25 6.5
      vertex -1.84776 24.7654 0
      vertex -1.84776 24.7654 6.5
    endloop
  endfacet
  facet normal 0 0 -1
    outer loop
      vertex 1.98289 23.7389 0
      vertex 1.98289 24.2611 0
      vertex 2 24 0
    endloop
  endfacet
  facet normal 0 0 -1
    outer loop
      vertex 1.93185 23.4824 0
      vertex 1.98289 24.2611 0
      vertex 1.98289 23.7389 0
    endloop
  endfacet
  facet normal 0 0 -1
    outer loop
      vertex 1.93185 23.4824 0
      vertex 1.93185 24.5176 0
      vertex 1.98289 24.2611 0
    endloop
  endfacet
  facet normal 0 0 -1
    outer loop
      vertex 1.84776 23.2346 0
      vertex 1.93185 24.5176 0
      vertex 1.93185 23.4824 0
    endloop
  endfacet
  facet normal 0 0 -1
    outer loop
      vertex 1.84776 23.2346 0
      vertex 1.84776 24.7654 0
      vertex 1.93185 24.5176 0
    endloop
  endfacet
  facet normal 0 0 -1
    outer loop
      vertex 1.73205 23 0
      vertex 1.84776 24.7654 0
      vertex 1.84776 23.2346 0
    endloop
  endfacet
  facet normal 0 0 -1
    outer loop
      vertex 1.73205 23 0
      vertex 1.73205 25 0
      vertex 1.84776 24.7654 0
    endloop
  endfacet
  facet normal 0 0 -1
    outer loop
      vertex 1.58671 22.7825 0
      vertex 1.73205 25 0
      vertex 1.73205 23 0
    endloop
  endfacet
  facet normal 0 0 -1
    outer loop
      vertex 1.58671 22.7825 0
      vertex 1.58671 25.2175 0
      vertex 1.73205 25 0
    endloop
  endfacet
  facet normal 0 0 -1
    outer loop
      vertex 1.41421 22.5858 0
      vertex 1.58671 25.2175 0
      vertex 1.58671 22.7825 0
    endloop
  endfacet
  facet normal 0 0 -1
    outer loop
      vertex 1.41421 22.5858 0
      vertex 1.41421 25.4142 0
      vertex 1.58671 25.2175 0
    endloop
  endfacet
  facet normal 0 0 -1
    outer loop
      vertex 1.21752 22.4133 0
      vertex 1.41421 25.4142 0
      vertex 1.41421 22.5858 0
    endloop
  endfacet
  facet normal 0 0 -1
    outer loop
      vertex 1.21752 22.4133 0
      vertex 1.21752 25.5867 0
      vertex 1.41421 25.4142 0
    endloop
  endfacet
  facet normal 0 0 -1
    outer loop
      vertex 1 22.2679 0
      vertex 1.21752 25.5867 0
      vertex 1.21752 22.4133 0
    endloop
  endfacet
  facet normal 0 0 -1
    outer loop
      vertex 1 22.2679 0
      vertex 1 25.732 0
      vertex 1.21752 25.5867 0
    endloop
  endfacet
  facet normal 0 0 -1
    outer loop
      vertex 0.765367 22.1522 0
      vertex 1 25.732 0
      vertex 1 22.2679 0
    endloop
  endfacet
  facet normal 0 0 -1
    outer loop
      vertex 0.765367 22.1522 0
      vertex 0.765367 25.8478 0
      vertex 1 25.732 0
    endloop
  endfacet
  facet normal 0 0 -1
    outer loop
      vertex 0.517637 22.0681 0
      vertex 0.765367 25.8478 0
      vertex 0.765367 22.1522 0
    endloop
  endfacet
  facet normal 0 0 -1
    outer loop
      vertex 0.517637 22.0681 0
      vertex 0.517637 25.9319 0
      vertex 0.765367 25.8478 0
    endloop
  endfacet
  facet normal 0 0 -1
    outer loop
      vertex 0.261052 22.0171 0
      vertex 0.517637 25.9319 0
      vertex 0.517637 22.0681 0
    endloop
  endfacet
  facet normal 0 0 -1
    outer loop
      vertex 0.261052 22.0171 0
      vertex 0.261052 25.9829 0
      vertex 0.517637 25.9319 0
    endloop
  endfacet
  facet normal 0 0 -1
    outer loop
      vertex 0 22 0
      vertex 0.261052 25.9829 0
      vertex 0.261052 22.0171 0
    endloop
  endfacet
  facet normal 0 0 -1
    outer loop
      vertex 0 22 0
      vertex 0 26 0
      vertex 0.261052 25.9829 0
    endloop
  endfacet
  facet normal 0 0 -1
    outer loop
      vertex -0.261052 22.0171 0
      vertex 0 26 0
      vertex 0 22 0
    endloop
  endfacet
  facet normal 0 0 -1
    outer loop
      vertex -0.261052 22.0171 0
      vertex -0.261052 25.9829 0
      vertex 0 26 0
    endloop
  endfacet
  facet normal 0 0 -1
    outer loop
      vertex -0.517637 22.0681 0
      vertex -0.261052 25.9829 0
      vertex -0.261052 22.0171 0
    endloop
  endfacet
  facet normal 0 0 -1
    outer loop
      vertex -0.517637 22.0681 0
      vertex -0.517637 25.9319 0
      vertex -0.261052 25.9829 0
    endloop
  endfacet
  facet normal 0 0 -1
    outer loop
      vertex -0.765367 22.1522 0
      vertex -0.517637 25.9319 0
      vertex -0.517637 22.0681 0
    endloop
  endfacet
  facet normal 0 0 -1
    outer loop
      vertex -0.765367 22.1522 0
      vertex -0.765367 25.8478 0
      vertex -0.517637 25.9319 0
    endloop
  endfacet
  facet normal 0 0 -1
    outer loop
      vertex -1 22.2679 0
      vertex -0.765367 25.8478 0
      vertex -0.765367 22.1522 0
    endloop
  endfacet
  facet normal 0 0 -1
    outer loop
      vertex -1 22.2679 0
      vertex -1 25.732 0
      vertex -0.765367 25.8478 0
    endloop
  endfacet
  facet normal 0 0 -1
    outer loop
      vertex -1.21752 22.4133 0
      vertex -1 25.732 0
      vertex -1 22.2679 0
    endloop
  endfacet
  facet normal 0 0 -1
    outer loop
      vertex -1.21752 22.4133 0
      vertex -1.21752 25.5867 0
      vertex -1 25.732 0
    endloop
  endfacet
  facet normal 0 0 -1
    outer loop
      vertex -1.41421 22.5858 0
      vertex -1.21752 25.5867 0
      vertex -1.21752 22.4133 0
    endloop
  endfacet
  facet normal 0 0 -1
    outer loop
      vertex -1.41421 22.5858 0
      vertex -1.41421 25.4142 0
      vertex -1.21752 25.5867 0
    endloop
  endfacet
  facet normal 0 0 -1
    outer loop
      vertex -1.58671 22.7825 0
      vertex -1.41421 25.4142 0
      vertex -1.41421 22.5858 0
    endloop
  endfacet
  facet normal 0 0 -1
    outer loop
      vertex -1.58671 22.7825 0
      vertex -1.58671 25.2175 0
      vertex -1.41421 25.4142 0
    endloop
  endfacet
  facet normal 0 0 -1
    outer loop
      vertex -1.73205 23 0
      vertex -1.58671 25.2175 0
      vertex -1.58671 22.7825 0
    endloop
  endfacet
  facet normal 0 0 -1
    outer loop
      vertex -1.73205 23 0
      vertex -1.73205 25 0
      vertex -1.58671 25.2175 0
    endloop
  endfacet
  facet normal 0 0 -1
    outer loop
      vertex -1.84776 23.2346 0
      vertex -1.73205 25 0
      vertex -1.73205 23 0
    endloop
  endfacet
  facet normal 0 0 -1
    outer loop
      vertex -1.84776 23.2346 0
      vertex -1.84776 24.7654 0
      vertex -1.73205 25 0
    endloop
  endfacet
  facet normal 0 0 -1
    outer loop
      vertex -1.93185 23.4824 0
      vertex -1.84776 24.7654 0
      vertex -1.84776 23.2346 0
    endloop
  endfacet
  facet normal 0 0 -1
    outer loop
      vertex -1.93185 23.4824 0
      vertex -1.93185 24.5176 0
      vertex -1.84776 24.7654 0
    endloop
  endfacet
  facet normal 0 0 -1
    outer loop
      vertex -1.98289 23.7389 0
      vertex -1.93185 24.5176 0
      vertex -1.93185 23.4824 0
    endloop
  endfacet
  facet normal 0 0 -1
    outer loop
      vertex -1.98289 23.7389 0
      vertex -1.98289 24.2611 0
      vertex -1.93185 24.5176 0
    endloop
  endfacet
  facet normal 0 -0 -1
    outer loop
      vertex -1.98289 24.2611 0
      vertex -1.98289 23.7389 0
      vertex -2 24 0
    endloop
  endfacet
  facet normal -0.83145 0.5556 0
    outer loop
      vertex -1.73205 25 0
      vertex -1.58671 25.2175 6.5
      vertex -1.58671 25.2175 0
    endloop
  endfacet
  facet normal -0.83145 0.5556 0
    outer loop
      vertex -1.58671 25.2175 6.5
      vertex -1.73205 25 0
      vertex -1.73205 25 6.5
    endloop
  endfacet
  facet normal -0.555459 0.831544 0
    outer loop
      vertex -1 25.732 0
      vertex -1.21752 25.5867 6.5
      vertex -1 25.732 6.5
    endloop
  endfacet
  facet normal -0.555459 0.831544 0
    outer loop
      vertex -1.21752 25.5867 6.5
      vertex -1 25.732 0
      vertex -1.21752 25.5867 0
    endloop
  endfacet
  facet normal -0.194951 0.980813 0
    outer loop
      vertex -0.261052 25.9829 0
      vertex -0.517637 25.9319 6.5
      vertex -0.261052 25.9829 6.5
    endloop
  endfacet
  facet normal -0.194951 0.980813 0
    outer loop
      vertex -0.517637 25.9319 6.5
      vertex -0.261052 25.9829 0
      vertex -0.517637 25.9319 0
    endloop
  endfacet
  facet normal 0.321463 -0.946922 0
    outer loop
      vertex 0.517637 22.0681 0
      vertex 0.765367 22.1522 6.5
      vertex 0.517637 22.0681 6.5
    endloop
  endfacet
  facet normal 0.321463 -0.946922 0
    outer loop
      vertex 0.765367 22.1522 6.5
      vertex 0.517637 22.0681 0
      vertex 0.765367 22.1522 0
    endloop
  endfacet
  facet normal 0.194951 -0.980813 0
    outer loop
      vertex 0.261052 22.0171 0
      vertex 0.517637 22.0681 6.5
      vertex 0.261052 22.0171 6.5
    endloop
  endfacet
  facet normal 0.194951 -0.980813 0
    outer loop
      vertex 0.517637 22.0681 6.5
      vertex 0.261052 22.0171 0
      vertex 0.517637 22.0681 0
    endloop
  endfacet
  facet normal 0.751842 -0.659343 0
    outer loop
      vertex 1.41421 22.5858 6.5
      vertex 1.58671 22.7825 0
      vertex 1.58671 22.7825 6.5
    endloop
  endfacet
  facet normal 0.751842 -0.659343 0
    outer loop
      vertex 1.58671 22.7825 0
      vertex 1.41421 22.5858 6.5
      vertex 1.41421 22.5858 0
    endloop
  endfacet
  facet normal 0.555723 -0.831368 0
    outer loop
      vertex 1 22.2679 0
      vertex 1.21752 22.4133 6.5
      vertex 1 22.2679 6.5
    endloop
  endfacet
  facet normal 0.555723 -0.831368 0
    outer loop
      vertex 1.21752 22.4133 6.5
      vertex 1 22.2679 0
      vertex 1.21752 22.4133 0
    endloop
  endfacet
  facet normal 0.980771 -0.19516 0
    outer loop
      vertex 1.93185 23.4824 6.5
      vertex 1.98289 23.7389 0
      vertex 1.98289 23.7389 6.5
    endloop
  endfacet
  facet normal 0.980771 -0.19516 0
    outer loop
      vertex 1.98289 23.7389 0
      vertex 1.93185 23.4824 6.5
      vertex 1.93185 23.4824 0
    endloop
  endfacet
  facet normal -0.321463 -0.946922 0
    outer loop
      vertex -0.765367 22.1522 0
      vertex -0.517637 22.0681 6.5
      vertex -0.765367 22.1522 6.5
    endloop
  endfacet
  facet normal -0.321463 -0.946922 -0
    outer loop
      vertex -0.517637 22.0681 6.5
      vertex -0.765367 22.1522 0
      vertex -0.517637 22.0681 0
    endloop
  endfacet
  facet normal -0.555723 -0.831368 0
    outer loop
      vertex -1.21752 22.4133 0
      vertex -1 22.2679 6.5
      vertex -1.21752 22.4133 6.5
    endloop
  endfacet
  facet normal -0.555723 -0.831368 -0
    outer loop
      vertex -1 22.2679 6.5
      vertex -1.21752 22.4133 0
      vertex -1 22.2679 0
    endloop
  endfacet
  facet normal -0.194951 -0.980813 0
    outer loop
      vertex -0.517637 22.0681 0
      vertex -0.261052 22.0171 6.5
      vertex -0.517637 22.0681 6.5
    endloop
  endfacet
  facet normal -0.194951 -0.980813 -0
    outer loop
      vertex -0.261052 22.0171 6.5
      vertex -0.517637 22.0681 0
      vertex -0.261052 22.0171 0
    endloop
  endfacet
  facet normal -0.83145 -0.5556 0
    outer loop
      vertex -1.58671 22.7825 0
      vertex -1.73205 23 6.5
      vertex -1.73205 23 0
    endloop
  endfacet
  facet normal -0.83145 -0.5556 0
    outer loop
      vertex -1.73205 23 6.5
      vertex -1.58671 22.7825 0
      vertex -1.58671 22.7825 6.5
    endloop
  endfacet
  facet normal -0.751842 -0.659343 0
    outer loop
      vertex -1.41421 22.5858 0
      vertex -1.58671 22.7825 6.5
      vertex -1.58671 22.7825 0
    endloop
  endfacet
  facet normal -0.751842 -0.659343 0
    outer loop
      vertex -1.58671 22.7825 6.5
      vertex -1.41421 22.5858 0
      vertex -1.41421 22.5858 6.5
    endloop
  endfacet
  facet normal -0.980771 -0.19516 0
    outer loop
      vertex -1.93185 23.4824 0
      vertex -1.98289 23.7389 6.5
      vertex -1.98289 23.7389 0
    endloop
  endfacet
  facet normal -0.980771 -0.19516 0
    outer loop
      vertex -1.98289 23.7389 6.5
      vertex -1.93185 23.4824 0
      vertex -1.93185 23.4824 6.5
    endloop
  endfacet
  facet normal 0.946961 0.321348 0
    outer loop
      vertex 1.93185 24.5176 6.5
      vertex 1.84776 24.7654 0
      vertex 1.84776 24.7654 6.5
    endloop
  endfacet
  facet normal 0.946961 0.321348 0
    outer loop
      vertex 1.84776 24.7654 0
      vertex 1.93185 24.5176 6.5
      vertex 1.93185 24.5176 0
    endloop
  endfacet
  facet normal 0.0653641 0.997861 -0
    outer loop
      vertex 0.261052 25.9829 0
      vertex 0 26 6.5
      vertex 0.261052 25.9829 6.5
    endloop
  endfacet
  facet normal 0.0653641 0.997861 0
    outer loop
      vertex 0 26 6.5
      vertex 0.261052 25.9829 0
      vertex 0 26 0
    endloop
  endfacet
  facet normal -0.946961 0.321348 0
    outer loop
      vertex -1.93185 24.5176 0
      vertex -1.84776 24.7654 6.5
      vertex -1.84776 24.7654 0
    endloop
  endfacet
  facet normal -0.946961 0.321348 0
    outer loop
      vertex -1.84776 24.7654 6.5
      vertex -1.93185 24.5176 0
      vertex -1.93185 24.5176 6.5
    endloop
  endfacet
  facet normal -0.99786 0.0653902 0
    outer loop
      vertex -2 24 0
      vertex -1.98289 24.2611 6.5
      vertex -1.98289 24.2611 0
    endloop
  endfacet
  facet normal -0.99786 0.0653902 0
    outer loop
      vertex -1.98289 24.2611 6.5
      vertex -2 24 0
      vertex -2 24 6.5
    endloop
  endfacet
  facet normal -0.99786 -0.0653902 0
    outer loop
      vertex -1.98289 23.7389 0
      vertex -2 24 6.5
      vertex -2 24 0
    endloop
  endfacet
  facet normal -0.99786 -0.0653902 0
    outer loop
      vertex -2 24 6.5
      vertex -1.98289 23.7389 0
      vertex -1.98289 23.7389 6.5
    endloop
  endfacet
  facet normal 0.99786 -0.0653902 0
    outer loop
      vertex 1.98289 23.7389 6.5
      vertex 2 24 0
      vertex 2 24 6.5
    endloop
  endfacet
  facet normal 0.99786 -0.0653902 0
    outer loop
      vertex 2 24 0
      vertex 1.98289 23.7389 6.5
      vertex 1.98289 23.7389 0
    endloop
  endfacet
  facet normal 0.659362 -0.751826 0
    outer loop
      vertex 1.21752 22.4133 0
      vertex 1.41421 22.5858 6.5
      vertex 1.21752 22.4133 6.5
    endloop
  endfacet
  facet normal 0.659362 -0.751826 0
    outer loop
      vertex 1.41421 22.5858 6.5
      vertex 1.21752 22.4133 0
      vertex 1.41421 22.5858 0
    endloop
  endfacet
  facet normal 0.946961 -0.321348 0
    outer loop
      vertex 1.84776 23.2346 6.5
      vertex 1.93185 23.4824 0
      vertex 1.93185 23.4824 6.5
    endloop
  endfacet
  facet normal 0.946961 -0.321348 0
    outer loop
      vertex 1.93185 23.4824 0
      vertex 1.84776 23.2346 6.5
      vertex 1.84776 23.2346 0
    endloop
  endfacet
  facet normal 0.83145 -0.5556 0
    outer loop
      vertex 1.58671 22.7825 6.5
      vertex 1.73205 23 0
      vertex 1.73205 23 6.5
    endloop
  endfacet
  facet normal 0.83145 -0.5556 0
    outer loop
      vertex 1.73205 23 0
      vertex 1.58671 22.7825 6.5
      vertex 1.58671 22.7825 0
    endloop
  endfacet
  facet normal 0.896845 -0.442344 0
    outer loop
      vertex 1.73205 23 6.5
      vertex 1.84776 23.2346 0
      vertex 1.84776 23.2346 6.5
    endloop
  endfacet
  facet normal 0.896845 -0.442344 0
    outer loop
      vertex 1.84776 23.2346 0
      vertex 1.73205 23 6.5
      vertex 1.73205 23 0
    endloop
  endfacet
  facet normal -0.442264 -0.896885 0
    outer loop
      vertex -1 22.2679 0
      vertex -0.765367 22.1522 6.5
      vertex -1 22.2679 6.5
    endloop
  endfacet
  facet normal -0.442264 -0.896885 -0
    outer loop
      vertex -0.765367 22.1522 6.5
      vertex -1 22.2679 0
      vertex -0.765367 22.1522 0
    endloop
  endfacet
  facet normal -0.0653641 -0.997861 0
    outer loop
      vertex -0.261052 22.0171 0
      vertex 0 22 6.5
      vertex -0.261052 22.0171 6.5
    endloop
  endfacet
  facet normal -0.0653641 -0.997861 -0
    outer loop
      vertex 0 22 6.5
      vertex -0.261052 22.0171 0
      vertex 0 22 0
    endloop
  endfacet
  facet normal -0.659362 -0.751826 0
    outer loop
      vertex -1.41421 22.5858 0
      vertex -1.21752 22.4133 6.5
      vertex -1.41421 22.5858 6.5
    endloop
  endfacet
  facet normal -0.659362 -0.751826 -0
    outer loop
      vertex -1.21752 22.4133 6.5
      vertex -1.41421 22.5858 0
      vertex -1.21752 22.4133 0
    endloop
  endfacet
  facet normal -0.896845 -0.442344 0
    outer loop
      vertex -1.73205 23 0
      vertex -1.84776 23.2346 6.5
      vertex -1.84776 23.2346 0
    endloop
  endfacet
  facet normal -0.896845 -0.442344 0
    outer loop
      vertex -1.84776 23.2346 6.5
      vertex -1.73205 23 0
      vertex -1.73205 23 6.5
    endloop
  endfacet
  facet normal 0.751842 0.659343 0
    outer loop
      vertex 1.58671 25.2175 6.5
      vertex 1.41421 25.4142 0
      vertex 1.41421 25.4142 6.5
    endloop
  endfacet
  facet normal 0.751842 0.659343 0
    outer loop
      vertex 1.41421 25.4142 0
      vertex 1.58671 25.2175 6.5
      vertex 1.58671 25.2175 0
    endloop
  endfacet
  facet normal 0.194951 0.980813 -0
    outer loop
      vertex 0.517637 25.9319 0
      vertex 0.261052 25.9829 6.5
      vertex 0.517637 25.9319 6.5
    endloop
  endfacet
  facet normal 0.194951 0.980813 0
    outer loop
      vertex 0.261052 25.9829 6.5
      vertex 0.517637 25.9319 0
      vertex 0.261052 25.9829 0
    endloop
  endfacet
  facet normal 0.442571 0.896734 -0
    outer loop
      vertex 1 25.732 0
      vertex 0.765367 25.8478 6.5
      vertex 1 25.732 6.5
    endloop
  endfacet
  facet normal 0.442571 0.896734 0
    outer loop
      vertex 0.765367 25.8478 6.5
      vertex 1 25.732 0
      vertex 0.765367 25.8478 0
    endloop
  endfacet
  facet normal 0 0 1
    outer loop
      vertex 1.98289 24.2611 6.5
      vertex 1.98289 23.7389 6.5
      vertex 2 24 6.5
    endloop
  endfacet
  facet normal 0 0 1
    outer loop
      vertex 1.93185 24.5176 6.5
      vertex 1.98289 23.7389 6.5
      vertex 1.98289 24.2611 6.5
    endloop
  endfacet
  facet normal 0 0 1
    outer loop
      vertex 1.93185 24.5176 6.5
      vertex 1.93185 23.4824 6.5
      vertex 1.98289 23.7389 6.5
    endloop
  endfacet
  facet normal 0 0 1
    outer loop
      vertex 1.84776 24.7654 6.5
      vertex 1.93185 23.4824 6.5
      vertex 1.93185 24.5176 6.5
    endloop
  endfacet
  facet normal 0 0 1
    outer loop
      vertex 1.84776 24.7654 6.5
      vertex 1.84776 23.2346 6.5
      vertex 1.93185 23.4824 6.5
    endloop
  endfacet
  facet normal 0 0 1
    outer loop
      vertex 1.73205 25 6.5
      vertex 1.84776 23.2346 6.5
      vertex 1.84776 24.7654 6.5
    endloop
  endfacet
  facet normal 0 0 1
    outer loop
      vertex 1.73205 25 6.5
      vertex 1.73205 23 6.5
      vertex 1.84776 23.2346 6.5
    endloop
  endfacet
  facet normal 0 0 1
    outer loop
      vertex 1.58671 25.2175 6.5
      vertex 1.73205 23 6.5
      vertex 1.73205 25 6.5
    endloop
  endfacet
  facet normal 0 0 1
    outer loop
      vertex 1.58671 25.2175 6.5
      vertex 1.58671 22.7825 6.5
      vertex 1.73205 23 6.5
    endloop
  endfacet
  facet normal 0 0 1
    outer loop
      vertex 1.41421 25.4142 6.5
      vertex 1.58671 22.7825 6.5
      vertex 1.58671 25.2175 6.5
    endloop
  endfacet
  facet normal 0 0 1
    outer loop
      vertex 1.41421 25.4142 6.5
      vertex 1.41421 22.5858 6.5
      vertex 1.58671 22.7825 6.5
    endloop
  endfacet
  facet normal 0 0 1
    outer loop
      vertex 1.21752 25.5867 6.5
      vertex 1.41421 22.5858 6.5
      vertex 1.41421 25.4142 6.5
    endloop
  endfacet
  facet normal 0 0 1
    outer loop
      vertex 1.21752 25.5867 6.5
      vertex 1.21752 22.4133 6.5
      vertex 1.41421 22.5858 6.5
    endloop
  endfacet
  facet normal 0 0 1
    outer loop
      vertex 1 25.732 6.5
      vertex 1.21752 22.4133 6.5
      vertex 1.21752 25.5867 6.5
    endloop
  endfacet
  facet normal 0 0 1
    outer loop
      vertex 1 25.732 6.5
      vertex 1 22.2679 6.5
      vertex 1.21752 22.4133 6.5
    endloop
  endfacet
  facet normal 0 0 1
    outer loop
      vertex 0.765367 25.8478 6.5
      vertex 1 22.2679 6.5
      vertex 1 25.732 6.5
    endloop
  endfacet
  facet normal 0 0 1
    outer loop
      vertex 0.765367 25.8478 6.5
      vertex 0.765367 22.1522 6.5
      vertex 1 22.2679 6.5
    endloop
  endfacet
  facet normal 0 0 1
    outer loop
      vertex 0.517637 25.9319 6.5
      vertex 0.765367 22.1522 6.5
      vertex 0.765367 25.8478 6.5
    endloop
  endfacet
  facet normal 0 0 1
    outer loop
      vertex 0.517637 25.9319 6.5
      vertex 0.517637 22.0681 6.5
      vertex 0.765367 22.1522 6.5
    endloop
  endfacet
  facet normal 0 0 1
    outer loop
      vertex 0.261052 25.9829 6.5
      vertex 0.517637 22.0681 6.5
      vertex 0.517637 25.9319 6.5
    endloop
  endfacet
  facet normal 0 0 1
    outer loop
      vertex 0.261052 25.9829 6.5
      vertex 0.261052 22.0171 6.5
      vertex 0.517637 22.0681 6.5
    endloop
  endfacet
  facet normal 0 0 1
    outer loop
      vertex 0 26 6.5
      vertex 0.261052 22.0171 6.5
      vertex 0.261052 25.9829 6.5
    endloop
  endfacet
  facet normal 0 0 1
    outer loop
      vertex 0 26 6.5
      vertex 0 22 6.5
      vertex 0.261052 22.0171 6.5
    endloop
  endfacet
  facet normal -0 0 1
    outer loop
      vertex -0.261052 25.9829 6.5
      vertex 0 22 6.5
      vertex 0 26 6.5
    endloop
  endfacet
  facet normal 0 0 1
    outer loop
      vertex -0.261052 25.9829 6.5
      vertex -0.261052 22.0171 6.5
      vertex 0 22 6.5
    endloop
  endfacet
  facet normal -0 0 1
    outer loop
      vertex -0.517637 25.9319 6.5
      vertex -0.261052 22.0171 6.5
      vertex -0.261052 25.9829 6.5
    endloop
  endfacet
  facet normal 0 0 1
    outer loop
      vertex -0.517637 25.9319 6.5
      vertex -0.517637 22.0681 6.5
      vertex -0.261052 22.0171 6.5
    endloop
  endfacet
  facet normal -0 0 1
    outer loop
      vertex -0.765367 25.8478 6.5
      vertex -0.517637 22.0681 6.5
      vertex -0.517637 25.9319 6.5
    endloop
  endfacet
  facet normal 0 0 1
    outer loop
      vertex -0.765367 25.8478 6.5
      vertex -0.765367 22.1522 6.5
      vertex -0.517637 22.0681 6.5
    endloop
  endfacet
  facet normal -0 0 1
    outer loop
      vertex -1 25.732 6.5
      vertex -0.765367 22.1522 6.5
      vertex -0.765367 25.8478 6.5
    endloop
  endfacet
  facet normal 0 0 1
    outer loop
      vertex -1 25.732 6.5
      vertex -1 22.2679 6.5
      vertex -0.765367 22.1522 6.5
    endloop
  endfacet
  facet normal -0 0 1
    outer loop
      vertex -1.21752 25.5867 6.5
      vertex -1 22.2679 6.5
      vertex -1 25.732 6.5
    endloop
  endfacet
  facet normal 0 0 1
    outer loop
      vertex -1.21752 25.5867 6.5
      vertex -1.21752 22.4133 6.5
      vertex -1 22.2679 6.5
    endloop
  endfacet
  facet normal -0 0 1
    outer loop
      vertex -1.41421 25.4142 6.5
      vertex -1.21752 22.4133 6.5
      vertex -1.21752 25.5867 6.5
    endloop
  endfacet
  facet normal 0 0 1
    outer loop
      vertex -1.41421 25.4142 6.5
      vertex -1.41421 22.5858 6.5
      vertex -1.21752 22.4133 6.5
    endloop
  endfacet
  facet normal -0 0 1
    outer loop
      vertex -1.58671 25.2175 6.5
      vertex -1.41421 22.5858 6.5
      vertex -1.41421 25.4142 6.5
    endloop
  endfacet
  facet normal 0 0 1
    outer loop
      vertex -1.58671 25.2175 6.5
      vertex -1.58671 22.7825 6.5
      vertex -1.41421 22.5858 6.5
    endloop
  endfacet
  facet normal -0 0 1
    outer loop
      vertex -1.73205 25 6.5
      vertex -1.58671 22.7825 6.5
      vertex -1.58671 25.2175 6.5
    endloop
  endfacet
  facet normal 0 0 1
    outer loop
      vertex -1.73205 25 6.5
      vertex -1.73205 23 6.5
      vertex -1.58671 22.7825 6.5
    endloop
  endfacet
  facet normal -0 0 1
    outer loop
      vertex -1.84776 24.7654 6.5
      vertex -1.73205 23 6.5
      vertex -1.73205 25 6.5
    endloop
  endfacet
  facet normal 0 0 1
    outer loop
      vertex -1.84776 24.7654 6.5
      vertex -1.84776 23.2346 6.5
      vertex -1.73205 23 6.5
    endloop
  endfacet
  facet normal -0 0 1
    outer loop
      vertex -1.93185 24.5176 6.5
      vertex -1.84776 23.2346 6.5
      vertex -1.84776 24.7654 6.5
    endloop
  endfacet
  facet normal 0 0 1
    outer loop
      vertex -1.93185 24.5176 6.5
      vertex -1.93185 23.4824 6.5
      vertex -1.84776 23.2346 6.5
    endloop
  endfacet
  facet normal -0 0 1
    outer loop
      vertex -1.98289 24.2611 6.5
      vertex -1.93185 23.4824 6.5
      vertex -1.93185 24.5176 6.5
    endloop
  endfacet
  facet normal 0 0 1
    outer loop
      vertex -1.98289 24.2611 6.5
      vertex -1.98289 23.7389 6.5
      vertex -1.93185 23.4824 6.5
    endloop
  endfacet
  facet normal 0 -0 1
    outer loop
      vertex -1.98289 23.7389 6.5
      vertex -1.98289 24.2611 6.5
      vertex -2 24 6.5
    endloop
  endfacet
  facet normal -0.980771 0.19516 0
    outer loop
      vertex -1.98289 24.2611 0
      vertex -1.93185 24.5176 6.5
      vertex -1.93185 24.5176 0
    endloop
  endfacet
  facet normal -0.980771 0.19516 0
    outer loop
      vertex -1.93185 24.5176 6.5
      vertex -1.98289 24.2611 0
      vertex -1.98289 24.2611 6.5
    endloop
  endfacet
  facet normal -0.659362 0.751826 0
    outer loop
      vertex -1.21752 25.5867 0
      vertex -1.41421 25.4142 6.5
      vertex -1.21752 25.5867 6.5
    endloop
  endfacet
  facet normal -0.659362 0.751826 0
    outer loop
      vertex -1.41421 25.4142 6.5
      vertex -1.21752 25.5867 0
      vertex -1.41421 25.4142 0
    endloop
  endfacet
  facet normal -0.321463 0.946922 0
    outer loop
      vertex -0.517637 25.9319 0
      vertex -0.765367 25.8478 6.5
      vertex -0.517637 25.9319 6.5
    endloop
  endfacet
  facet normal -0.321463 0.946922 0
    outer loop
      vertex -0.765367 25.8478 6.5
      vertex -0.517637 25.9319 0
      vertex -0.765367 25.8478 0
    endloop
  endfacet
  facet normal 0.442264 -0.896885 0
    outer loop
      vertex 0.765367 22.1522 0
      vertex 1 22.2679 6.5
      vertex 0.765367 22.1522 6.5
    endloop
  endfacet
  facet normal 0.442264 -0.896885 0
    outer loop
      vertex 1 22.2679 6.5
      vertex 0.765367 22.1522 0
      vertex 1 22.2679 0
    endloop
  endfacet
  facet normal 0.99786 0.0653902 0
    outer loop
      vertex 10 24 6.5
      vertex 9.98289 24.2611 0
      vertex 9.98289 24.2611 6.5
    endloop
  endfacet
  facet normal 0.99786 0.0653902 0
    outer loop
      vertex 9.98289 24.2611 0
      vertex 10 24 6.5
      vertex 10 24 0
    endloop
  endfacet
  facet normal -0.0653646 0.997861 0
    outer loop
      vertex 8 26 0
      vertex 7.73895 25.9829 6.5
      vertex 8 26 6.5
    endloop
  endfacet
  facet normal -0.0653646 0.997861 0
    outer loop
      vertex 7.73895 25.9829 6.5
      vertex 8 26 0
      vertex 7.73895 25.9829 0
    endloop
  endfacet
  facet normal 0.659362 0.751826 -0
    outer loop
      vertex 9.41421 25.4142 0
      vertex 9.21752 25.5867 6.5
      vertex 9.41421 25.4142 6.5
    endloop
  endfacet
  facet normal 0.659362 0.751826 0
    outer loop
      vertex 9.21752 25.5867 6.5
      vertex 9.41421 25.4142 0
      vertex 9.21752 25.5867 0
    endloop
  endfacet
  facet normal -0.751842 0.659343 0
    outer loop
      vertex 6.41329 25.2175 0
      vertex 6.58579 25.4142 6.5
      vertex 6.58579 25.4142 0
    endloop
  endfacet
  facet normal -0.751842 0.659343 0
    outer loop
      vertex 6.58579 25.4142 6.5
      vertex 6.41329 25.2175 0
      vertex 6.41329 25.2175 6.5
    endloop
  endfacet
  facet normal -0.442575 0.896731 0
    outer loop
      vertex 7.23463 25.8478 0
      vertex 7 25.732 6.5
      vertex 7.23463 25.8478 6.5
    endloop
  endfacet
  facet normal -0.442575 0.896731 0
    outer loop
      vertex 7 25.732 6.5
      vertex 7.23463 25.8478 0
      vertex 7 25.732 0
    endloop
  endfacet
  facet normal -0.946961 -0.321348 0
    outer loop
      vertex 6.15224 23.2346 0
      vertex 6.06815 23.4824 6.5
      vertex 6.06815 23.4824 0
    endloop
  endfacet
  facet normal -0.946961 -0.321348 0
    outer loop
      vertex 6.06815 23.4824 6.5
      vertex 6.15224 23.2346 0
      vertex 6.15224 23.2346 6.5
    endloop
  endfacet
  facet normal 0.896845 0.442344 0
    outer loop
      vertex 9.84776 24.7654 6.5
      vertex 9.73205 25 0
      vertex 9.73205 25 6.5
    endloop
  endfacet
  facet normal 0.896845 0.442344 0
    outer loop
      vertex 9.73205 25 0
      vertex 9.84776 24.7654 6.5
      vertex 9.84776 24.7654 0
    endloop
  endfacet
  facet normal 0.980771 0.19516 0
    outer loop
      vertex 9.98289 24.2611 6.5
      vertex 9.93185 24.5176 0
      vertex 9.93185 24.5176 6.5
    endloop
  endfacet
  facet normal 0.980771 0.19516 0
    outer loop
      vertex 9.93185 24.5176 0
      vertex 9.98289 24.2611 6.5
      vertex 9.98289 24.2611 0
    endloop
  endfacet
  facet normal 0.83145 0.5556 0
    outer loop
      vertex 9.73205 25 6.5
      vertex 9.58671 25.2175 0
      vertex 9.58671 25.2175 6.5
    endloop
  endfacet
  facet normal 0.83145 0.5556 0
    outer loop
      vertex 9.58671 25.2175 0
      vertex 9.73205 25 6.5
      vertex 9.73205 25 0
    endloop
  endfacet
  facet normal 0.321463 0.946922 -0
    outer loop
      vertex 8.76537 25.8478 0
      vertex 8.51764 25.9319 6.5
      vertex 8.76537 25.8478 6.5
    endloop
  endfacet
  facet normal 0.321463 0.946922 0
    outer loop
      vertex 8.51764 25.9319 6.5
      vertex 8.76537 25.8478 0
      vertex 8.51764 25.9319 0
    endloop
  endfacet
  facet normal 0.555459 0.831544 -0
    outer loop
      vertex 9.21752 25.5867 0
      vertex 9 25.732 6.5
      vertex 9.21752 25.5867 6.5
    endloop
  endfacet
  facet normal 0.555459 0.831544 0
    outer loop
      vertex 9 25.732 6.5
      vertex 9.21752 25.5867 0
      vertex 9 25.732 0
    endloop
  endfacet
  facet normal -0.896845 0.442344 0
    outer loop
      vertex 6.15224 24.7654 0
      vertex 6.26795 25 6.5
      vertex 6.26795 25 0
    endloop
  endfacet
  facet normal -0.896845 0.442344 0
    outer loop
      vertex 6.26795 25 6.5
      vertex 6.15224 24.7654 0
      vertex 6.15224 24.7654 6.5
    endloop
  endfacet
  facet normal -0.83145 0.5556 0
    outer loop
      vertex 6.26795 25 0
      vertex 6.41329 25.2175 6.5
      vertex 6.41329 25.2175 0
    endloop
  endfacet
  facet normal -0.83145 0.5556 0
    outer loop
      vertex 6.41329 25.2175 6.5
      vertex 6.26795 25 0
      vertex 6.26795 25 6.5
    endloop
  endfacet
  facet normal -0.980771 0.19516 0
    outer loop
      vertex 6.01711 24.2611 0
      vertex 6.06815 24.5176 6.5
      vertex 6.06815 24.5176 0
    endloop
  endfacet
  facet normal -0.980771 0.19516 0
    outer loop
      vertex 6.06815 24.5176 6.5
      vertex 6.01711 24.2611 0
      vertex 6.01711 24.2611 6.5
    endloop
  endfacet
  facet normal -0.555459 0.831544 0
    outer loop
      vertex 7 25.732 0
      vertex 6.78248 25.5867 6.5
      vertex 7 25.732 6.5
    endloop
  endfacet
  facet normal -0.555459 0.831544 0
    outer loop
      vertex 6.78248 25.5867 6.5
      vertex 7 25.732 0
      vertex 6.78248 25.5867 0
    endloop
  endfacet
  facet normal -0.194947 0.980814 0
    outer loop
      vertex 7.73895 25.9829 0
      vertex 7.48236 25.9319 6.5
      vertex 7.73895 25.9829 6.5
    endloop
  endfacet
  facet normal -0.194947 0.980814 0
    outer loop
      vertex 7.48236 25.9319 6.5
      vertex 7.73895 25.9829 0
      vertex 7.48236 25.9319 0
    endloop
  endfacet
  facet normal 0.321463 -0.946922 0
    outer loop
      vertex 8.51764 22.0681 0
      vertex 8.76537 22.1522 6.5
      vertex 8.51764 22.0681 6.5
    endloop
  endfacet
  facet normal 0.321463 -0.946922 0
    outer loop
      vertex 8.76537 22.1522 6.5
      vertex 8.51764 22.0681 0
      vertex 8.76537 22.1522 0
    endloop
  endfacet
  facet normal 0.194947 -0.980814 0
    outer loop
      vertex 8.26105 22.0171 0
      vertex 8.51764 22.0681 6.5
      vertex 8.26105 22.0171 6.5
    endloop
  endfacet
  facet normal 0.194947 -0.980814 0
    outer loop
      vertex 8.51764 22.0681 6.5
      vertex 8.26105 22.0171 0
      vertex 8.51764 22.0681 0
    endloop
  endfacet
  facet normal 0.751842 -0.659343 0
    outer loop
      vertex 9.41421 22.5858 6.5
      vertex 9.58671 22.7825 0
      vertex 9.58671 22.7825 6.5
    endloop
  endfacet
  facet normal 0.751842 -0.659343 0
    outer loop
      vertex 9.58671 22.7825 0
      vertex 9.41421 22.5858 6.5
      vertex 9.41421 22.5858 0
    endloop
  endfacet
  facet normal 0.555723 -0.831368 0
    outer loop
      vertex 9 22.2679 0
      vertex 9.21752 22.4133 6.5
      vertex 9 22.2679 6.5
    endloop
  endfacet
  facet normal 0.555723 -0.831368 0
    outer loop
      vertex 9.21752 22.4133 6.5
      vertex 9 22.2679 0
      vertex 9.21752 22.4133 0
    endloop
  endfacet
  facet normal 0.980771 -0.19516 0
    outer loop
      vertex 9.93185 23.4824 6.5
      vertex 9.98289 23.7389 0
      vertex 9.98289 23.7389 6.5
    endloop
  endfacet
  facet normal 0.980771 -0.19516 0
    outer loop
      vertex 9.98289 23.7389 0
      vertex 9.93185 23.4824 6.5
      vertex 9.93185 23.4824 0
    endloop
  endfacet
  facet normal -0.321463 -0.946922 0
    outer loop
      vertex 7.23463 22.1522 0
      vertex 7.48236 22.0681 6.5
      vertex 7.23463 22.1522 6.5
    endloop
  endfacet
  facet normal -0.321463 -0.946922 -0
    outer loop
      vertex 7.48236 22.0681 6.5
      vertex 7.23463 22.1522 0
      vertex 7.48236 22.0681 0
    endloop
  endfacet
  facet normal -0.194947 -0.980814 0
    outer loop
      vertex 7.48236 22.0681 0
      vertex 7.73895 22.0171 6.5
      vertex 7.48236 22.0681 6.5
    endloop
  endfacet
  facet normal -0.194947 -0.980814 -0
    outer loop
      vertex 7.73895 22.0171 6.5
      vertex 7.48236 22.0681 0
      vertex 7.73895 22.0171 0
    endloop
  endfacet
  facet normal -0.83145 -0.5556 0
    outer loop
      vertex 6.41329 22.7825 0
      vertex 6.26795 23 6.5
      vertex 6.26795 23 0
    endloop
  endfacet
  facet normal -0.83145 -0.5556 0
    outer loop
      vertex 6.26795 23 6.5
      vertex 6.41329 22.7825 0
      vertex 6.41329 22.7825 6.5
    endloop
  endfacet
  facet normal -0.751842 -0.659343 0
    outer loop
      vertex 6.58579 22.5858 0
      vertex 6.41329 22.7825 6.5
      vertex 6.41329 22.7825 0
    endloop
  endfacet
  facet normal -0.751842 -0.659343 0
    outer loop
      vertex 6.41329 22.7825 6.5
      vertex 6.58579 22.5858 0
      vertex 6.58579 22.5858 6.5
    endloop
  endfacet
  facet normal -0.980771 -0.19516 0
    outer loop
      vertex 6.06815 23.4824 0
      vertex 6.01711 23.7389 6.5
      vertex 6.01711 23.7389 0
    endloop
  endfacet
  facet normal -0.980771 -0.19516 0
    outer loop
      vertex 6.01711 23.7389 6.5
      vertex 6.06815 23.4824 0
      vertex 6.06815 23.4824 6.5
    endloop
  endfacet
  facet normal 0.946961 0.321348 0
    outer loop
      vertex 9.93185 24.5176 6.5
      vertex 9.84776 24.7654 0
      vertex 9.84776 24.7654 6.5
    endloop
  endfacet
  facet normal 0.946961 0.321348 0
    outer loop
      vertex 9.84776 24.7654 0
      vertex 9.93185 24.5176 6.5
      vertex 9.93185 24.5176 0
    endloop
  endfacet
  facet normal 0.751842 0.659343 0
    outer loop
      vertex 9.58671 25.2175 6.5
      vertex 9.41421 25.4142 0
      vertex 9.41421 25.4142 6.5
    endloop
  endfacet
  facet normal 0.751842 0.659343 0
    outer loop
      vertex 9.41421 25.4142 0
      vertex 9.58671 25.2175 6.5
      vertex 9.58671 25.2175 0
    endloop
  endfacet
  facet normal 0.194947 0.980814 -0
    outer loop
      vertex 8.51764 25.9319 0
      vertex 8.26105 25.9829 6.5
      vertex 8.51764 25.9319 6.5
    endloop
  endfacet
  facet normal 0.194947 0.980814 0
    outer loop
      vertex 8.26105 25.9829 6.5
      vertex 8.51764 25.9319 0
      vertex 8.26105 25.9829 0
    endloop
  endfacet
  facet normal 0.0653646 0.997861 -0
    outer loop
      vertex 8.26105 25.9829 0
      vertex 8 26 6.5
      vertex 8.26105 25.9829 6.5
    endloop
  endfacet
  facet normal 0.0653646 0.997861 0
    outer loop
      vertex 8 26 6.5
      vertex 8.26105 25.9829 0
      vertex 8 26 0
    endloop
  endfacet
  facet normal 0.442575 0.896731 -0
    outer loop
      vertex 9 25.732 0
      vertex 8.76537 25.8478 6.5
      vertex 9 25.732 6.5
    endloop
  endfacet
  facet normal 0.442575 0.896731 0
    outer loop
      vertex 8.76537 25.8478 6.5
      vertex 9 25.732 0
      vertex 8.76537 25.8478 0
    endloop
  endfacet
  facet normal 0 0 -1
    outer loop
      vertex 9.98289 23.7389 0
      vertex 9.98289 24.2611 0
      vertex 10 24 0
    endloop
  endfacet
  facet normal 0 0 -1
    outer loop
      vertex 9.93185 23.4824 0
      vertex 9.98289 24.2611 0
      vertex 9.98289 23.7389 0
    endloop
  endfacet
  facet normal 0 0 -1
    outer loop
      vertex 9.93185 23.4824 0
      vertex 9.93185 24.5176 0
      vertex 9.98289 24.2611 0
    endloop
  endfacet
  facet normal 0 0 -1
    outer loop
      vertex 9.84776 23.2346 0
      vertex 9.93185 24.5176 0
      vertex 9.93185 23.4824 0
    endloop
  endfacet
  facet normal 0 0 -1
    outer loop
      vertex 9.84776 23.2346 0
      vertex 9.84776 24.7654 0
      vertex 9.93185 24.5176 0
    endloop
  endfacet
  facet normal 0 0 -1
    outer loop
      vertex 9.73205 23 0
      vertex 9.84776 24.7654 0
      vertex 9.84776 23.2346 0
    endloop
  endfacet
  facet normal 0 0 -1
    outer loop
      vertex 9.73205 23 0
      vertex 9.73205 25 0
      vertex 9.84776 24.7654 0
    endloop
  endfacet
  facet normal 0 0 -1
    outer loop
      vertex 9.58671 22.7825 0
      vertex 9.73205 25 0
      vertex 9.73205 23 0
    endloop
  endfacet
  facet normal 0 0 -1
    outer loop
      vertex 9.58671 22.7825 0
      vertex 9.58671 25.2175 0
      vertex 9.73205 25 0
    endloop
  endfacet
  facet normal 0 0 -1
    outer loop
      vertex 9.41421 22.5858 0
      vertex 9.58671 25.2175 0
      vertex 9.58671 22.7825 0
    endloop
  endfacet
  facet normal 0 0 -1
    outer loop
      vertex 9.41421 22.5858 0
      vertex 9.41421 25.4142 0
      vertex 9.58671 25.2175 0
    endloop
  endfacet
  facet normal 0 0 -1
    outer loop
      vertex 9.21752 22.4133 0
      vertex 9.41421 25.4142 0
      vertex 9.41421 22.5858 0
    endloop
  endfacet
  facet normal 0 0 -1
    outer loop
      vertex 9.21752 22.4133 0
      vertex 9.21752 25.5867 0
      vertex 9.41421 25.4142 0
    endloop
  endfacet
  facet normal 0 0 -1
    outer loop
      vertex 9 22.2679 0
      vertex 9.21752 25.5867 0
      vertex 9.21752 22.4133 0
    endloop
  endfacet
  facet normal 0 0 -1
    outer loop
      vertex 9 22.2679 0
      vertex 9 25.732 0
      vertex 9.21752 25.5867 0
    endloop
  endfacet
  facet normal 0 0 -1
    outer loop
      vertex 8.76537 22.1522 0
      vertex 9 25.732 0
      vertex 9 22.2679 0
    endloop
  endfacet
  facet normal 0 0 -1
    outer loop
      vertex 8.76537 22.1522 0
      vertex 8.76537 25.8478 0
      vertex 9 25.732 0
    endloop
  endfacet
  facet normal 0 0 -1
    outer loop
      vertex 8.51764 22.0681 0
      vertex 8.76537 25.8478 0
      vertex 8.76537 22.1522 0
    endloop
  endfacet
  facet normal 0 0 -1
    outer loop
      vertex 8.51764 22.0681 0
      vertex 8.51764 25.9319 0
      vertex 8.76537 25.8478 0
    endloop
  endfacet
  facet normal 0 0 -1
    outer loop
      vertex 8.26105 22.0171 0
      vertex 8.51764 25.9319 0
      vertex 8.51764 22.0681 0
    endloop
  endfacet
  facet normal 0 0 -1
    outer loop
      vertex 8.26105 22.0171 0
      vertex 8.26105 25.9829 0
      vertex 8.51764 25.9319 0
    endloop
  endfacet
  facet normal 0 0 -1
    outer loop
      vertex 8 22 0
      vertex 8.26105 25.9829 0
      vertex 8.26105 22.0171 0
    endloop
  endfacet
  facet normal 0 0 -1
    outer loop
      vertex 8 22 0
      vertex 8 26 0
      vertex 8.26105 25.9829 0
    endloop
  endfacet
  facet normal 0 0 -1
    outer loop
      vertex 7.73895 22.0171 0
      vertex 8 26 0
      vertex 8 22 0
    endloop
  endfacet
  facet normal 0 0 -1
    outer loop
      vertex 7.73895 22.0171 0
      vertex 7.73895 25.9829 0
      vertex 8 26 0
    endloop
  endfacet
  facet normal 0 0 -1
    outer loop
      vertex 7.48236 22.0681 0
      vertex 7.73895 25.9829 0
      vertex 7.73895 22.0171 0
    endloop
  endfacet
  facet normal 0 0 -1
    outer loop
      vertex 7.48236 22.0681 0
      vertex 7.48236 25.9319 0
      vertex 7.73895 25.9829 0
    endloop
  endfacet
  facet normal 0 0 -1
    outer loop
      vertex 7.23463 22.1522 0
      vertex 7.48236 25.9319 0
      vertex 7.48236 22.0681 0
    endloop
  endfacet
  facet normal 0 0 -1
    outer loop
      vertex 7.23463 22.1522 0
      vertex 7.23463 25.8478 0
      vertex 7.48236 25.9319 0
    endloop
  endfacet
  facet normal 0 0 -1
    outer loop
      vertex 7 22.2679 0
      vertex 7.23463 25.8478 0
      vertex 7.23463 22.1522 0
    endloop
  endfacet
  facet normal 0 0 -1
    outer loop
      vertex 7 22.2679 0
      vertex 7 25.732 0
      vertex 7.23463 25.8478 0
    endloop
  endfacet
  facet normal 0 0 -1
    outer loop
      vertex 6.78248 22.4133 0
      vertex 7 25.732 0
      vertex 7 22.2679 0
    endloop
  endfacet
  facet normal 0 0 -1
    outer loop
      vertex 6.78248 22.4133 0
      vertex 6.78248 25.5867 0
      vertex 7 25.732 0
    endloop
  endfacet
  facet normal 0 0 -1
    outer loop
      vertex 6.58579 22.5858 0
      vertex 6.78248 25.5867 0
      vertex 6.78248 22.4133 0
    endloop
  endfacet
  facet normal 0 0 -1
    outer loop
      vertex 6.58579 22.5858 0
      vertex 6.58579 25.4142 0
      vertex 6.78248 25.5867 0
    endloop
  endfacet
  facet normal 0 0 -1
    outer loop
      vertex 6.41329 22.7825 0
      vertex 6.58579 25.4142 0
      vertex 6.58579 22.5858 0
    endloop
  endfacet
  facet normal 0 0 -1
    outer loop
      vertex 6.41329 22.7825 0
      vertex 6.41329 25.2175 0
      vertex 6.58579 25.4142 0
    endloop
  endfacet
  facet normal 0 0 -1
    outer loop
      vertex 6.26795 23 0
      vertex 6.41329 25.2175 0
      vertex 6.41329 22.7825 0
    endloop
  endfacet
  facet normal 0 0 -1
    outer loop
      vertex 6.26795 23 0
      vertex 6.26795 25 0
      vertex 6.41329 25.2175 0
    endloop
  endfacet
  facet normal 0 0 -1
    outer loop
      vertex 6.15224 23.2346 0
      vertex 6.26795 25 0
      vertex 6.26795 23 0
    endloop
  endfacet
  facet normal 0 0 -1
    outer loop
      vertex 6.15224 23.2346 0
      vertex 6.15224 24.7654 0
      vertex 6.26795 25 0
    endloop
  endfacet
  facet normal 0 0 -1
    outer loop
      vertex 6.06815 23.4824 0
      vertex 6.15224 24.7654 0
      vertex 6.15224 23.2346 0
    endloop
  endfacet
  facet normal 0 0 -1
    outer loop
      vertex 6.06815 23.4824 0
      vertex 6.06815 24.5176 0
      vertex 6.15224 24.7654 0
    endloop
  endfacet
  facet normal 0 0 -1
    outer loop
      vertex 6.01711 23.7389 0
      vertex 6.06815 24.5176 0
      vertex 6.06815 23.4824 0
    endloop
  endfacet
  facet normal 0 0 -1
    outer loop
      vertex 6.01711 23.7389 0
      vertex 6.01711 24.2611 0
      vertex 6.06815 24.5176 0
    endloop
  endfacet
  facet normal 0 -0 -1
    outer loop
      vertex 6.01711 24.2611 0
      vertex 6.01711 23.7389 0
      vertex 6 24 0
    endloop
  endfacet
  facet normal -0.946961 0.321348 0
    outer loop
      vertex 6.06815 24.5176 0
      vertex 6.15224 24.7654 6.5
      vertex 6.15224 24.7654 0
    endloop
  endfacet
  facet normal -0.946961 0.321348 0
    outer loop
      vertex 6.15224 24.7654 6.5
      vertex 6.06815 24.5176 0
      vertex 6.06815 24.5176 6.5
    endloop
  endfacet
  facet normal -0.99786 0.0653902 0
    outer loop
      vertex 6 24 0
      vertex 6.01711 24.2611 6.5
      vertex 6.01711 24.2611 0
    endloop
  endfacet
  facet normal -0.99786 0.0653902 0
    outer loop
      vertex 6.01711 24.2611 6.5
      vertex 6 24 0
      vertex 6 24 6.5
    endloop
  endfacet
  facet normal 0 0 1
    outer loop
      vertex 9.98289 24.2611 6.5
      vertex 9.98289 23.7389 6.5
      vertex 10 24 6.5
    endloop
  endfacet
  facet normal 0 0 1
    outer loop
      vertex 9.93185 24.5176 6.5
      vertex 9.98289 23.7389 6.5
      vertex 9.98289 24.2611 6.5
    endloop
  endfacet
  facet normal 0 0 1
    outer loop
      vertex 9.93185 24.5176 6.5
      vertex 9.93185 23.4824 6.5
      vertex 9.98289 23.7389 6.5
    endloop
  endfacet
  facet normal 0 0 1
    outer loop
      vertex 9.84776 24.7654 6.5
      vertex 9.93185 23.4824 6.5
      vertex 9.93185 24.5176 6.5
    endloop
  endfacet
  facet normal 0 0 1
    outer loop
      vertex 9.84776 24.7654 6.5
      vertex 9.84776 23.2346 6.5
      vertex 9.93185 23.4824 6.5
    endloop
  endfacet
  facet normal 0 0 1
    outer loop
      vertex 9.73205 25 6.5
      vertex 9.84776 23.2346 6.5
      vertex 9.84776 24.7654 6.5
    endloop
  endfacet
  facet normal 0 0 1
    outer loop
      vertex 9.73205 25 6.5
      vertex 9.73205 23 6.5
      vertex 9.84776 23.2346 6.5
    endloop
  endfacet
  facet normal 0 0 1
    outer loop
      vertex 9.58671 25.2175 6.5
      vertex 9.73205 23 6.5
      vertex 9.73205 25 6.5
    endloop
  endfacet
  facet normal 0 0 1
    outer loop
      vertex 9.58671 25.2175 6.5
      vertex 9.58671 22.7825 6.5
      vertex 9.73205 23 6.5
    endloop
  endfacet
  facet normal 0 0 1
    outer loop
      vertex 9.41421 25.4142 6.5
      vertex 9.58671 22.7825 6.5
      vertex 9.58671 25.2175 6.5
    endloop
  endfacet
  facet normal 0 0 1
    outer loop
      vertex 9.41421 25.4142 6.5
      vertex 9.41421 22.5858 6.5
      vertex 9.58671 22.7825 6.5
    endloop
  endfacet
  facet normal 0 0 1
    outer loop
      vertex 9.21752 25.5867 6.5
      vertex 9.41421 22.5858 6.5
      vertex 9.41421 25.4142 6.5
    endloop
  endfacet
  facet normal 0 0 1
    outer loop
      vertex 9.21752 25.5867 6.5
      vertex 9.21752 22.4133 6.5
      vertex 9.41421 22.5858 6.5
    endloop
  endfacet
  facet normal 0 0 1
    outer loop
      vertex 9 25.732 6.5
      vertex 9.21752 22.4133 6.5
      vertex 9.21752 25.5867 6.5
    endloop
  endfacet
  facet normal 0 0 1
    outer loop
      vertex 9 25.732 6.5
      vertex 9 22.2679 6.5
      vertex 9.21752 22.4133 6.5
    endloop
  endfacet
  facet normal 0 0 1
    outer loop
      vertex 8.76537 25.8478 6.5
      vertex 9 22.2679 6.5
      vertex 9 25.732 6.5
    endloop
  endfacet
  facet normal 0 0 1
    outer loop
      vertex 8.76537 25.8478 6.5
      vertex 8.76537 22.1522 6.5
      vertex 9 22.2679 6.5
    endloop
  endfacet
  facet normal 0 0 1
    outer loop
      vertex 8.51764 25.9319 6.5
      vertex 8.76537 22.1522 6.5
      vertex 8.76537 25.8478 6.5
    endloop
  endfacet
  facet normal 0 0 1
    outer loop
      vertex 8.51764 25.9319 6.5
      vertex 8.51764 22.0681 6.5
      vertex 8.76537 22.1522 6.5
    endloop
  endfacet
  facet normal 0 0 1
    outer loop
      vertex 8.26105 25.9829 6.5
      vertex 8.51764 22.0681 6.5
      vertex 8.51764 25.9319 6.5
    endloop
  endfacet
  facet normal 0 0 1
    outer loop
      vertex 8.26105 25.9829 6.5
      vertex 8.26105 22.0171 6.5
      vertex 8.51764 22.0681 6.5
    endloop
  endfacet
  facet normal 0 0 1
    outer loop
      vertex 8 26 6.5
      vertex 8.26105 22.0171 6.5
      vertex 8.26105 25.9829 6.5
    endloop
  endfacet
  facet normal 0 0 1
    outer loop
      vertex 8 26 6.5
      vertex 8 22 6.5
      vertex 8.26105 22.0171 6.5
    endloop
  endfacet
  facet normal -0 0 1
    outer loop
      vertex 7.73895 25.9829 6.5
      vertex 8 22 6.5
      vertex 8 26 6.5
    endloop
  endfacet
  facet normal 0 0 1
    outer loop
      vertex 7.73895 25.9829 6.5
      vertex 7.73895 22.0171 6.5
      vertex 8 22 6.5
    endloop
  endfacet
  facet normal -0 0 1
    outer loop
      vertex 7.48236 25.9319 6.5
      vertex 7.73895 22.0171 6.5
      vertex 7.73895 25.9829 6.5
    endloop
  endfacet
  facet normal 0 0 1
    outer loop
      vertex 7.48236 25.9319 6.5
      vertex 7.48236 22.0681 6.5
      vertex 7.73895 22.0171 6.5
    endloop
  endfacet
  facet normal -0 0 1
    outer loop
      vertex 7.23463 25.8478 6.5
      vertex 7.48236 22.0681 6.5
      vertex 7.48236 25.9319 6.5
    endloop
  endfacet
  facet normal 0 0 1
    outer loop
      vertex 7.23463 25.8478 6.5
      vertex 7.23463 22.1522 6.5
      vertex 7.48236 22.0681 6.5
    endloop
  endfacet
  facet normal -0 0 1
    outer loop
      vertex 7 25.732 6.5
      vertex 7.23463 22.1522 6.5
      vertex 7.23463 25.8478 6.5
    endloop
  endfacet
  facet normal 0 0 1
    outer loop
      vertex 7 25.732 6.5
      vertex 7 22.2679 6.5
      vertex 7.23463 22.1522 6.5
    endloop
  endfacet
  facet normal -0 0 1
    outer loop
      vertex 6.78248 25.5867 6.5
      vertex 7 22.2679 6.5
      vertex 7 25.732 6.5
    endloop
  endfacet
  facet normal 0 0 1
    outer loop
      vertex 6.78248 25.5867 6.5
      vertex 6.78248 22.4133 6.5
      vertex 7 22.2679 6.5
    endloop
  endfacet
  facet normal -0 0 1
    outer loop
      vertex 6.58579 25.4142 6.5
      vertex 6.78248 22.4133 6.5
      vertex 6.78248 25.5867 6.5
    endloop
  endfacet
  facet normal 0 0 1
    outer loop
      vertex 6.58579 25.4142 6.5
      vertex 6.58579 22.5858 6.5
      vertex 6.78248 22.4133 6.5
    endloop
  endfacet
  facet normal -0 0 1
    outer loop
      vertex 6.41329 25.2175 6.5
      vertex 6.58579 22.5858 6.5
      vertex 6.58579 25.4142 6.5
    endloop
  endfacet
  facet normal 0 0 1
    outer loop
      vertex 6.41329 25.2175 6.5
      vertex 6.41329 22.7825 6.5
      vertex 6.58579 22.5858 6.5
    endloop
  endfacet
  facet normal -0 0 1
    outer loop
      vertex 6.26795 25 6.5
      vertex 6.41329 22.7825 6.5
      vertex 6.41329 25.2175 6.5
    endloop
  endfacet
  facet normal 0 0 1
    outer loop
      vertex 6.26795 25 6.5
      vertex 6.26795 23 6.5
      vertex 6.41329 22.7825 6.5
    endloop
  endfacet
  facet normal -0 0 1
    outer loop
      vertex 6.15224 24.7654 6.5
      vertex 6.26795 23 6.5
      vertex 6.26795 25 6.5
    endloop
  endfacet
  facet normal 0 0 1
    outer loop
      vertex 6.15224 24.7654 6.5
      vertex 6.15224 23.2346 6.5
      vertex 6.26795 23 6.5
    endloop
  endfacet
  facet normal -0 0 1
    outer loop
      vertex 6.06815 24.5176 6.5
      vertex 6.15224 23.2346 6.5
      vertex 6.15224 24.7654 6.5
    endloop
  endfacet
  facet normal 0 0 1
    outer loop
      vertex 6.06815 24.5176 6.5
      vertex 6.06815 23.4824 6.5
      vertex 6.15224 23.2346 6.5
    endloop
  endfacet
  facet normal -0 0 1
    outer loop
      vertex 6.01711 24.2611 6.5
      vertex 6.06815 23.4824 6.5
      vertex 6.06815 24.5176 6.5
    endloop
  endfacet
  facet normal 0 0 1
    outer loop
      vertex 6.01711 24.2611 6.5
      vertex 6.01711 23.7389 6.5
      vertex 6.06815 23.4824 6.5
    endloop
  endfacet
  facet normal 0 -0 1
    outer loop
      vertex 6.01711 23.7389 6.5
      vertex 6.01711 24.2611 6.5
      vertex 6 24 6.5
    endloop
  endfacet
  facet normal -0.659362 0.751826 0
    outer loop
      vertex 6.78248 25.5867 0
      vertex 6.58579 25.4142 6.5
      vertex 6.78248 25.5867 6.5
    endloop
  endfacet
  facet normal -0.659362 0.751826 0
    outer loop
      vertex 6.58579 25.4142 6.5
      vertex 6.78248 25.5867 0
      vertex 6.58579 25.4142 0
    endloop
  endfacet
  facet normal -0.321463 0.946922 0
    outer loop
      vertex 7.48236 25.9319 0
      vertex 7.23463 25.8478 6.5
      vertex 7.48236 25.9319 6.5
    endloop
  endfacet
  facet normal -0.321463 0.946922 0
    outer loop
      vertex 7.23463 25.8478 6.5
      vertex 7.48236 25.9319 0
      vertex 7.23463 25.8478 0
    endloop
  endfacet
  facet normal 0.659362 -0.751826 0
    outer loop
      vertex 9.21752 22.4133 0
      vertex 9.41421 22.5858 6.5
      vertex 9.21752 22.4133 6.5
    endloop
  endfacet
  facet normal 0.659362 -0.751826 0
    outer loop
      vertex 9.41421 22.5858 6.5
      vertex 9.21752 22.4133 0
      vertex 9.41421 22.5858 0
    endloop
  endfacet
  facet normal 0.946961 -0.321348 0
    outer loop
      vertex 9.84776 23.2346 6.5
      vertex 9.93185 23.4824 0
      vertex 9.93185 23.4824 6.5
    endloop
  endfacet
  facet normal 0.946961 -0.321348 0
    outer loop
      vertex 9.93185 23.4824 0
      vertex 9.84776 23.2346 6.5
      vertex 9.84776 23.2346 0
    endloop
  endfacet
  facet normal 0.83145 -0.5556 0
    outer loop
      vertex 9.58671 22.7825 6.5
      vertex 9.73205 23 0
      vertex 9.73205 23 6.5
    endloop
  endfacet
  facet normal 0.83145 -0.5556 0
    outer loop
      vertex 9.73205 23 0
      vertex 9.58671 22.7825 6.5
      vertex 9.58671 22.7825 0
    endloop
  endfacet
  facet normal 0.896845 -0.442344 0
    outer loop
      vertex 9.73205 23 6.5
      vertex 9.84776 23.2346 0
      vertex 9.84776 23.2346 6.5
    endloop
  endfacet
  facet normal 0.896845 -0.442344 0
    outer loop
      vertex 9.84776 23.2346 0
      vertex 9.73205 23 6.5
      vertex 9.73205 23 0
    endloop
  endfacet
  facet normal -0.555723 -0.831368 0
    outer loop
      vertex 6.78248 22.4133 0
      vertex 7 22.2679 6.5
      vertex 6.78248 22.4133 6.5
    endloop
  endfacet
  facet normal -0.555723 -0.831368 -0
    outer loop
      vertex 7 22.2679 6.5
      vertex 6.78248 22.4133 0
      vertex 7 22.2679 0
    endloop
  endfacet
  facet normal -0.442268 -0.896883 0
    outer loop
      vertex 7 22.2679 0
      vertex 7.23463 22.1522 6.5
      vertex 7 22.2679 6.5
    endloop
  endfacet
  facet normal -0.442268 -0.896883 -0
    outer loop
      vertex 7.23463 22.1522 6.5
      vertex 7 22.2679 0
      vertex 7.23463 22.1522 0
    endloop
  endfacet
  facet normal -0.0653646 -0.997861 0
    outer loop
      vertex 7.73895 22.0171 0
      vertex 8 22 6.5
      vertex 7.73895 22.0171 6.5
    endloop
  endfacet
  facet normal -0.0653646 -0.997861 -0
    outer loop
      vertex 8 22 6.5
      vertex 7.73895 22.0171 0
      vertex 8 22 0
    endloop
  endfacet
  facet normal -0.659362 -0.751826 0
    outer loop
      vertex 6.58579 22.5858 0
      vertex 6.78248 22.4133 6.5
      vertex 6.58579 22.5858 6.5
    endloop
  endfacet
  facet normal -0.659362 -0.751826 -0
    outer loop
      vertex 6.78248 22.4133 6.5
      vertex 6.58579 22.5858 0
      vertex 6.78248 22.4133 0
    endloop
  endfacet
  facet normal -0.99786 -0.0653902 0
    outer loop
      vertex 6.01711 23.7389 0
      vertex 6 24 6.5
      vertex 6 24 0
    endloop
  endfacet
  facet normal -0.99786 -0.0653902 0
    outer loop
      vertex 6 24 6.5
      vertex 6.01711 23.7389 0
      vertex 6.01711 23.7389 6.5
    endloop
  endfacet
  facet normal 0.99786 -0.0653902 0
    outer loop
      vertex 9.98289 23.7389 6.5
      vertex 10 24 0
      vertex 10 24 6.5
    endloop
  endfacet
  facet normal 0.99786 -0.0653902 0
    outer loop
      vertex 10 24 0
      vertex 9.98289 23.7389 6.5
      vertex 9.98289 23.7389 0
    endloop
  endfacet
  facet normal 0.442268 -0.896883 0
    outer loop
      vertex 8.76537 22.1522 0
      vertex 9 22.2679 6.5
      vertex 8.76537 22.1522 6.5
    endloop
  endfacet
  facet normal 0.442268 -0.896883 0
    outer loop
      vertex 9 22.2679 6.5
      vertex 8.76537 22.1522 0
      vertex 9 22.2679 0
    endloop
  endfacet
  facet normal 0.0653646 -0.997861 0
    outer loop
      vertex 8 22 0
      vertex 8.26105 22.0171 6.5
      vertex 8 22 6.5
    endloop
  endfacet
  facet normal 0.0653646 -0.997861 0
    outer loop
      vertex 8.26105 22.0171 6.5
      vertex 8 22 0
      vertex 8.26105 22.0171 0
    endloop
  endfacet
  facet normal -0.896845 -0.442344 0
    outer loop
      vertex 6.26795 23 0
      vertex 6.15224 23.2346 6.5
      vertex 6.15224 23.2346 0
    endloop
  endfacet
  facet normal -0.896845 -0.442344 0
    outer loop
      vertex 6.15224 23.2346 6.5
      vertex 6.26795 23 0
      vertex 6.26795 23 6.5
    endloop
  endfacet
  facet normal 0.997862 0.0653521 0
    outer loop
      vertex 18 24 6.5
      vertex 17.9829 24.2611 0
      vertex 17.9829 24.2611 6.5
    endloop
  endfacet
  facet normal 0.997862 0.0653521 0
    outer loop
      vertex 17.9829 24.2611 0
      vertex 18 24 6.5
      vertex 18 24 0
    endloop
  endfacet
  facet normal -0.997862 -0.0653521 0
    outer loop
      vertex 14.0171 23.7389 0
      vertex 14 24 6.5
      vertex 14 24 0
    endloop
  endfacet
  facet normal -0.997862 -0.0653521 0
    outer loop
      vertex 14 24 6.5
      vertex 14.0171 23.7389 0
      vertex 14.0171 23.7389 6.5
    endloop
  endfacet
  facet normal -0.0653521 0.997862 0
    outer loop
      vertex 16 26 0
      vertex 15.7389 25.9829 6.5
      vertex 16 26 6.5
    endloop
  endfacet
  facet normal -0.0653521 0.997862 0
    outer loop
      vertex 15.7389 25.9829 6.5
      vertex 16 26 0
      vertex 15.7389 25.9829 0
    endloop
  endfacet
  facet normal 0.0653521 -0.997862 0
    outer loop
      vertex 16 22 0
      vertex 16.2611 22.0171 6.5
      vertex 16 22 6.5
    endloop
  endfacet
  facet normal 0.0653521 -0.997862 0
    outer loop
      vertex 16.2611 22.0171 6.5
      vertex 16 22 0
      vertex 16.2611 22.0171 0
    endloop
  endfacet
  facet normal -0.659343 -0.751842 0
    outer loop
      vertex 14.5858 22.5858 0
      vertex 14.7825 22.4133 6.5
      vertex 14.5858 22.5858 6.5
    endloop
  endfacet
  facet normal -0.659343 -0.751842 -0
    outer loop
      vertex 14.7825 22.4133 6.5
      vertex 14.5858 22.5858 0
      vertex 14.7825 22.4133 0
    endloop
  endfacet
  facet normal 0.659343 0.751842 -0
    outer loop
      vertex 17.4142 25.4142 0
      vertex 17.2175 25.5867 6.5
      vertex 17.4142 25.4142 6.5
    endloop
  endfacet
  facet normal 0.659343 0.751842 0
    outer loop
      vertex 17.2175 25.5867 6.5
      vertex 17.4142 25.4142 0
      vertex 17.2175 25.5867 0
    endloop
  endfacet
  facet normal -0.751842 0.659343 0
    outer loop
      vertex 14.4133 25.2175 0
      vertex 14.5858 25.4142 6.5
      vertex 14.5858 25.4142 0
    endloop
  endfacet
  facet normal -0.751842 0.659343 0
    outer loop
      vertex 14.5858 25.4142 6.5
      vertex 14.4133 25.2175 0
      vertex 14.4133 25.2175 6.5
    endloop
  endfacet
  facet normal -0.442621 0.896709 0
    outer loop
      vertex 15.2346 25.8478 0
      vertex 15 25.732 6.5
      vertex 15.2346 25.8478 6.5
    endloop
  endfacet
  facet normal -0.442621 0.896709 0
    outer loop
      vertex 15 25.732 6.5
      vertex 15.2346 25.8478 0
      vertex 15 25.732 0
    endloop
  endfacet
  facet normal -0.89686 -0.442314 0
    outer loop
      vertex 14.2679 23 0
      vertex 14.1522 23.2346 6.5
      vertex 14.1522 23.2346 0
    endloop
  endfacet
  facet normal -0.89686 -0.442314 0
    outer loop
      vertex 14.1522 23.2346 6.5
      vertex 14.2679 23 0
      vertex 14.2679 23 6.5
    endloop
  endfacet
  facet normal 0.896709 0.442621 0
    outer loop
      vertex 17.8478 24.7654 6.5
      vertex 17.732 25 0
      vertex 17.732 25 6.5
    endloop
  endfacet
  facet normal 0.896709 0.442621 0
    outer loop
      vertex 17.732 25 0
      vertex 17.8478 24.7654 6.5
      vertex 17.8478 24.7654 0
    endloop
  endfacet
  facet normal 0.980801 0.195013 0
    outer loop
      vertex 17.9829 24.2611 6.5
      vertex 17.9319 24.5176 0
      vertex 17.9319 24.5176 6.5
    endloop
  endfacet
  facet normal 0.980801 0.195013 0
    outer loop
      vertex 17.9319 24.5176 0
      vertex 17.9829 24.2611 6.5
      vertex 17.9829 24.2611 0
    endloop
  endfacet
  facet normal 0.831521 0.555494 0
    outer loop
      vertex 17.732 25 6.5
      vertex 17.5867 25.2175 0
      vertex 17.5867 25.2175 6.5
    endloop
  endfacet
  facet normal 0.831521 0.555494 0
    outer loop
      vertex 17.5867 25.2175 0
      vertex 17.732 25 6.5
      vertex 17.732 25 0
    endloop
  endfacet
  facet normal 0.321382 0.94695 -0
    outer loop
      vertex 16.7654 25.8478 0
      vertex 16.5176 25.9319 6.5
      vertex 16.7654 25.8478 6.5
    endloop
  endfacet
  facet normal 0.321382 0.94695 0
    outer loop
      vertex 16.5176 25.9319 6.5
      vertex 16.7654 25.8478 0
      vertex 16.5176 25.9319 0
    endloop
  endfacet
  facet normal 0.555494 0.831521 -0
    outer loop
      vertex 17.2175 25.5867 0
      vertex 17 25.732 6.5
      vertex 17.2175 25.5867 6.5
    endloop
  endfacet
  facet normal 0.555494 0.831521 0
    outer loop
      vertex 17 25.732 6.5
      vertex 17.2175 25.5867 0
      vertex 17 25.732 0
    endloop
  endfacet
  facet normal -0.94695 0.321382 0
    outer loop
      vertex 14.0681 24.5176 0
      vertex 14.1522 24.7654 6.5
      vertex 14.1522 24.7654 0
    endloop
  endfacet
  facet normal -0.94695 0.321382 0
    outer loop
      vertex 14.1522 24.7654 6.5
      vertex 14.0681 24.5176 0
      vertex 14.0681 24.5176 6.5
    endloop
  endfacet
  facet normal -0.831344 0.555758 0
    outer loop
      vertex 14.2679 25 0
      vertex 14.4133 25.2175 6.5
      vertex 14.4133 25.2175 0
    endloop
  endfacet
  facet normal -0.831344 0.555758 0
    outer loop
      vertex 14.4133 25.2175 6.5
      vertex 14.2679 25 0
      vertex 14.2679 25 6.5
    endloop
  endfacet
  facet normal -0.980801 0.195013 0
    outer loop
      vertex 14.0171 24.2611 0
      vertex 14.0681 24.5176 6.5
      vertex 14.0681 24.5176 0
    endloop
  endfacet
  facet normal -0.980801 0.195013 0
    outer loop
      vertex 14.0681 24.5176 6.5
      vertex 14.0171 24.2611 0
      vertex 14.0171 24.2611 6.5
    endloop
  endfacet
  facet normal -0.555494 0.831521 0
    outer loop
      vertex 15 25.732 0
      vertex 14.7825 25.5867 6.5
      vertex 15 25.732 6.5
    endloop
  endfacet
  facet normal -0.555494 0.831521 0
    outer loop
      vertex 14.7825 25.5867 6.5
      vertex 15 25.732 0
      vertex 14.7825 25.5867 0
    endloop
  endfacet
  facet normal -0.195013 0.980801 0
    outer loop
      vertex 15.7389 25.9829 0
      vertex 15.4824 25.9319 6.5
      vertex 15.7389 25.9829 6.5
    endloop
  endfacet
  facet normal -0.195013 0.980801 0
    outer loop
      vertex 15.4824 25.9319 6.5
      vertex 15.7389 25.9829 0
      vertex 15.4824 25.9319 0
    endloop
  endfacet
  facet normal 0.442314 -0.89686 0
    outer loop
      vertex 16.7654 22.1522 0
      vertex 17 22.2679 6.5
      vertex 16.7654 22.1522 6.5
    endloop
  endfacet
  facet normal 0.442314 -0.89686 0
    outer loop
      vertex 17 22.2679 6.5
      vertex 16.7654 22.1522 0
      vertex 17 22.2679 0
    endloop
  endfacet
  facet normal 0.195013 -0.980801 0
    outer loop
      vertex 16.2611 22.0171 0
      vertex 16.5176 22.0681 6.5
      vertex 16.2611 22.0171 6.5
    endloop
  endfacet
  facet normal 0.195013 -0.980801 0
    outer loop
      vertex 16.5176 22.0681 6.5
      vertex 16.2611 22.0171 0
      vertex 16.5176 22.0681 0
    endloop
  endfacet
  facet normal 0.555758 -0.831344 0
    outer loop
      vertex 17 22.2679 0
      vertex 17.2175 22.4133 6.5
      vertex 17 22.2679 6.5
    endloop
  endfacet
  facet normal 0.555758 -0.831344 0
    outer loop
      vertex 17.2175 22.4133 6.5
      vertex 17 22.2679 0
      vertex 17.2175 22.4133 0
    endloop
  endfacet
  facet normal 0.980801 -0.195013 0
    outer loop
      vertex 17.9319 23.4824 6.5
      vertex 17.9829 23.7389 0
      vertex 17.9829 23.7389 6.5
    endloop
  endfacet
  facet normal 0.980801 -0.195013 0
    outer loop
      vertex 17.9829 23.7389 0
      vertex 17.9319 23.4824 6.5
      vertex 17.9319 23.4824 0
    endloop
  endfacet
  facet normal -0.195013 -0.980801 0
    outer loop
      vertex 15.4824 22.0681 0
      vertex 15.7389 22.0171 6.5
      vertex 15.4824 22.0681 6.5
    endloop
  endfacet
  facet normal -0.195013 -0.980801 -0
    outer loop
      vertex 15.7389 22.0171 6.5
      vertex 15.4824 22.0681 0
      vertex 15.7389 22.0171 0
    endloop
  endfacet
  facet normal -0.831344 -0.555758 0
    outer loop
      vertex 14.4133 22.7825 0
      vertex 14.2679 23 6.5
      vertex 14.2679 23 0
    endloop
  endfacet
  facet normal -0.831344 -0.555758 0
    outer loop
      vertex 14.2679 23 6.5
      vertex 14.4133 22.7825 0
      vertex 14.4133 22.7825 6.5
    endloop
  endfacet
  facet normal -0.980801 -0.195013 0
    outer loop
      vertex 14.0681 23.4824 0
      vertex 14.0171 23.7389 6.5
      vertex 14.0171 23.7389 0
    endloop
  endfacet
  facet normal -0.980801 -0.195013 0
    outer loop
      vertex 14.0171 23.7389 6.5
      vertex 14.0681 23.4824 0
      vertex 14.0681 23.4824 6.5
    endloop
  endfacet
  facet normal 0.94695 0.321382 0
    outer loop
      vertex 17.9319 24.5176 6.5
      vertex 17.8478 24.7654 0
      vertex 17.8478 24.7654 6.5
    endloop
  endfacet
  facet normal 0.94695 0.321382 0
    outer loop
      vertex 17.8478 24.7654 0
      vertex 17.9319 24.5176 6.5
      vertex 17.9319 24.5176 0
    endloop
  endfacet
  facet normal 0.751842 0.659343 0
    outer loop
      vertex 17.5867 25.2175 6.5
      vertex 17.4142 25.4142 0
      vertex 17.4142 25.4142 6.5
    endloop
  endfacet
  facet normal 0.751842 0.659343 0
    outer loop
      vertex 17.4142 25.4142 0
      vertex 17.5867 25.2175 6.5
      vertex 17.5867 25.2175 0
    endloop
  endfacet
  facet normal 0.195013 0.980801 -0
    outer loop
      vertex 16.5176 25.9319 0
      vertex 16.2611 25.9829 6.5
      vertex 16.5176 25.9319 6.5
    endloop
  endfacet
  facet normal 0.195013 0.980801 0
    outer loop
      vertex 16.2611 25.9829 6.5
      vertex 16.5176 25.9319 0
      vertex 16.2611 25.9829 0
    endloop
  endfacet
  facet normal 0.0653521 0.997862 -0
    outer loop
      vertex 16.2611 25.9829 0
      vertex 16 26 6.5
      vertex 16.2611 25.9829 6.5
    endloop
  endfacet
  facet normal 0.0653521 0.997862 0
    outer loop
      vertex 16 26 6.5
      vertex 16.2611 25.9829 0
      vertex 16 26 0
    endloop
  endfacet
  facet normal 0.442621 0.896709 -0
    outer loop
      vertex 17 25.732 0
      vertex 16.7654 25.8478 6.5
      vertex 17 25.732 6.5
    endloop
  endfacet
  facet normal 0.442621 0.896709 0
    outer loop
      vertex 16.7654 25.8478 6.5
      vertex 17 25.732 0
      vertex 16.7654 25.8478 0
    endloop
  endfacet
  facet normal 0 0 -1
    outer loop
      vertex 17.9829 23.7389 0
      vertex 17.9829 24.2611 0
      vertex 18 24 0
    endloop
  endfacet
  facet normal 0 0 -1
    outer loop
      vertex 17.9319 23.4824 0
      vertex 17.9829 24.2611 0
      vertex 17.9829 23.7389 0
    endloop
  endfacet
  facet normal 0 0 -1
    outer loop
      vertex 17.9319 23.4824 0
      vertex 17.9319 24.5176 0
      vertex 17.9829 24.2611 0
    endloop
  endfacet
  facet normal 0 0 -1
    outer loop
      vertex 17.8478 23.2346 0
      vertex 17.9319 24.5176 0
      vertex 17.9319 23.4824 0
    endloop
  endfacet
  facet normal 0 0 -1
    outer loop
      vertex 17.8478 23.2346 0
      vertex 17.8478 24.7654 0
      vertex 17.9319 24.5176 0
    endloop
  endfacet
  facet normal 0 0 -1
    outer loop
      vertex 17.732 23 0
      vertex 17.8478 24.7654 0
      vertex 17.8478 23.2346 0
    endloop
  endfacet
  facet normal 0 0 -1
    outer loop
      vertex 17.732 23 0
      vertex 17.732 25 0
      vertex 17.8478 24.7654 0
    endloop
  endfacet
  facet normal 0 0 -1
    outer loop
      vertex 17.5867 22.7825 0
      vertex 17.732 25 0
      vertex 17.732 23 0
    endloop
  endfacet
  facet normal 0 0 -1
    outer loop
      vertex 17.5867 22.7825 0
      vertex 17.5867 25.2175 0
      vertex 17.732 25 0
    endloop
  endfacet
  facet normal 0 0 -1
    outer loop
      vertex 17.4142 22.5858 0
      vertex 17.5867 25.2175 0
      vertex 17.5867 22.7825 0
    endloop
  endfacet
  facet normal 0 0 -1
    outer loop
      vertex 17.4142 22.5858 0
      vertex 17.4142 25.4142 0
      vertex 17.5867 25.2175 0
    endloop
  endfacet
  facet normal 0 0 -1
    outer loop
      vertex 17.2175 22.4133 0
      vertex 17.4142 25.4142 0
      vertex 17.4142 22.5858 0
    endloop
  endfacet
  facet normal 0 0 -1
    outer loop
      vertex 17.2175 22.4133 0
      vertex 17.2175 25.5867 0
      vertex 17.4142 25.4142 0
    endloop
  endfacet
  facet normal 0 0 -1
    outer loop
      vertex 17 22.2679 0
      vertex 17.2175 25.5867 0
      vertex 17.2175 22.4133 0
    endloop
  endfacet
  facet normal 0 0 -1
    outer loop
      vertex 17 22.2679 0
      vertex 17 25.732 0
      vertex 17.2175 25.5867 0
    endloop
  endfacet
  facet normal 0 0 -1
    outer loop
      vertex 16.7654 22.1522 0
      vertex 17 25.732 0
      vertex 17 22.2679 0
    endloop
  endfacet
  facet normal 0 0 -1
    outer loop
      vertex 16.7654 22.1522 0
      vertex 16.7654 25.8478 0
      vertex 17 25.732 0
    endloop
  endfacet
  facet normal 0 0 -1
    outer loop
      vertex 16.5176 22.0681 0
      vertex 16.7654 25.8478 0
      vertex 16.7654 22.1522 0
    endloop
  endfacet
  facet normal 0 0 -1
    outer loop
      vertex 16.5176 22.0681 0
      vertex 16.5176 25.9319 0
      vertex 16.7654 25.8478 0
    endloop
  endfacet
  facet normal 0 0 -1
    outer loop
      vertex 16.2611 22.0171 0
      vertex 16.5176 25.9319 0
      vertex 16.5176 22.0681 0
    endloop
  endfacet
  facet normal 0 0 -1
    outer loop
      vertex 16.2611 22.0171 0
      vertex 16.2611 25.9829 0
      vertex 16.5176 25.9319 0
    endloop
  endfacet
  facet normal 0 0 -1
    outer loop
      vertex 16 22 0
      vertex 16.2611 25.9829 0
      vertex 16.2611 22.0171 0
    endloop
  endfacet
  facet normal 0 0 -1
    outer loop
      vertex 16 22 0
      vertex 16 26 0
      vertex 16.2611 25.9829 0
    endloop
  endfacet
  facet normal 0 0 -1
    outer loop
      vertex 15.7389 22.0171 0
      vertex 16 26 0
      vertex 16 22 0
    endloop
  endfacet
  facet normal 0 0 -1
    outer loop
      vertex 15.7389 22.0171 0
      vertex 15.7389 25.9829 0
      vertex 16 26 0
    endloop
  endfacet
  facet normal 0 0 -1
    outer loop
      vertex 15.4824 22.0681 0
      vertex 15.7389 25.9829 0
      vertex 15.7389 22.0171 0
    endloop
  endfacet
  facet normal 0 0 -1
    outer loop
      vertex 15.4824 22.0681 0
      vertex 15.4824 25.9319 0
      vertex 15.7389 25.9829 0
    endloop
  endfacet
  facet normal 0 0 -1
    outer loop
      vertex 15.2346 22.1522 0
      vertex 15.4824 25.9319 0
      vertex 15.4824 22.0681 0
    endloop
  endfacet
  facet normal 0 0 -1
    outer loop
      vertex 15.2346 22.1522 0
      vertex 15.2346 25.8478 0
      vertex 15.4824 25.9319 0
    endloop
  endfacet
  facet normal 0 0 -1
    outer loop
      vertex 15 22.2679 0
      vertex 15.2346 25.8478 0
      vertex 15.2346 22.1522 0
    endloop
  endfacet
  facet normal 0 0 -1
    outer loop
      vertex 15 22.2679 0
      vertex 15 25.732 0
      vertex 15.2346 25.8478 0
    endloop
  endfacet
  facet normal 0 0 -1
    outer loop
      vertex 14.7825 22.4133 0
      vertex 15 25.732 0
      vertex 15 22.2679 0
    endloop
  endfacet
  facet normal 0 0 -1
    outer loop
      vertex 14.7825 22.4133 0
      vertex 14.7825 25.5867 0
      vertex 15 25.732 0
    endloop
  endfacet
  facet normal 0 0 -1
    outer loop
      vertex 14.5858 22.5858 0
      vertex 14.7825 25.5867 0
      vertex 14.7825 22.4133 0
    endloop
  endfacet
  facet normal 0 0 -1
    outer loop
      vertex 14.5858 22.5858 0
      vertex 14.5858 25.4142 0
      vertex 14.7825 25.5867 0
    endloop
  endfacet
  facet normal 0 0 -1
    outer loop
      vertex 14.4133 22.7825 0
      vertex 14.5858 25.4142 0
      vertex 14.5858 22.5858 0
    endloop
  endfacet
  facet normal 0 0 -1
    outer loop
      vertex 14.4133 22.7825 0
      vertex 14.4133 25.2175 0
      vertex 14.5858 25.4142 0
    endloop
  endfacet
  facet normal 0 0 -1
    outer loop
      vertex 14.2679 23 0
      vertex 14.4133 25.2175 0
      vertex 14.4133 22.7825 0
    endloop
  endfacet
  facet normal 0 0 -1
    outer loop
      vertex 14.2679 23 0
      vertex 14.2679 25 0
      vertex 14.4133 25.2175 0
    endloop
  endfacet
  facet normal 0 0 -1
    outer loop
      vertex 14.1522 23.2346 0
      vertex 14.2679 25 0
      vertex 14.2679 23 0
    endloop
  endfacet
  facet normal 0 0 -1
    outer loop
      vertex 14.1522 23.2346 0
      vertex 14.1522 24.7654 0
      vertex 14.2679 25 0
    endloop
  endfacet
  facet normal 0 0 -1
    outer loop
      vertex 14.0681 23.4824 0
      vertex 14.1522 24.7654 0
      vertex 14.1522 23.2346 0
    endloop
  endfacet
  facet normal 0 0 -1
    outer loop
      vertex 14.0681 23.4824 0
      vertex 14.0681 24.5176 0
      vertex 14.1522 24.7654 0
    endloop
  endfacet
  facet normal 0 0 -1
    outer loop
      vertex 14.0171 23.7389 0
      vertex 14.0681 24.5176 0
      vertex 14.0681 23.4824 0
    endloop
  endfacet
  facet normal 0 0 -1
    outer loop
      vertex 14.0171 23.7389 0
      vertex 14.0171 24.2611 0
      vertex 14.0681 24.5176 0
    endloop
  endfacet
  facet normal 0 -0 -1
    outer loop
      vertex 14.0171 24.2611 0
      vertex 14.0171 23.7389 0
      vertex 14 24 0
    endloop
  endfacet
  facet normal -0.89686 0.442314 0
    outer loop
      vertex 14.1522 24.7654 0
      vertex 14.2679 25 6.5
      vertex 14.2679 25 0
    endloop
  endfacet
  facet normal -0.89686 0.442314 0
    outer loop
      vertex 14.2679 25 6.5
      vertex 14.1522 24.7654 0
      vertex 14.1522 24.7654 6.5
    endloop
  endfacet
  facet normal -0.997862 0.0653521 0
    outer loop
      vertex 14 24 0
      vertex 14.0171 24.2611 6.5
      vertex 14.0171 24.2611 0
    endloop
  endfacet
  facet normal -0.997862 0.0653521 0
    outer loop
      vertex 14.0171 24.2611 6.5
      vertex 14 24 0
      vertex 14 24 6.5
    endloop
  endfacet
  facet normal 0 0 1
    outer loop
      vertex 17.9829 24.2611 6.5
      vertex 17.9829 23.7389 6.5
      vertex 18 24 6.5
    endloop
  endfacet
  facet normal 0 0 1
    outer loop
      vertex 17.9319 24.5176 6.5
      vertex 17.9829 23.7389 6.5
      vertex 17.9829 24.2611 6.5
    endloop
  endfacet
  facet normal 0 0 1
    outer loop
      vertex 17.9319 24.5176 6.5
      vertex 17.9319 23.4824 6.5
      vertex 17.9829 23.7389 6.5
    endloop
  endfacet
  facet normal 0 0 1
    outer loop
      vertex 17.8478 24.7654 6.5
      vertex 17.9319 23.4824 6.5
      vertex 17.9319 24.5176 6.5
    endloop
  endfacet
  facet normal 0 0 1
    outer loop
      vertex 17.8478 24.7654 6.5
      vertex 17.8478 23.2346 6.5
      vertex 17.9319 23.4824 6.5
    endloop
  endfacet
  facet normal 0 0 1
    outer loop
      vertex 17.732 25 6.5
      vertex 17.8478 23.2346 6.5
      vertex 17.8478 24.7654 6.5
    endloop
  endfacet
  facet normal 0 0 1
    outer loop
      vertex 17.732 25 6.5
      vertex 17.732 23 6.5
      vertex 17.8478 23.2346 6.5
    endloop
  endfacet
  facet normal 0 0 1
    outer loop
      vertex 17.5867 25.2175 6.5
      vertex 17.732 23 6.5
      vertex 17.732 25 6.5
    endloop
  endfacet
  facet normal 0 0 1
    outer loop
      vertex 17.5867 25.2175 6.5
      vertex 17.5867 22.7825 6.5
      vertex 17.732 23 6.5
    endloop
  endfacet
  facet normal 0 0 1
    outer loop
      vertex 17.4142 25.4142 6.5
      vertex 17.5867 22.7825 6.5
      vertex 17.5867 25.2175 6.5
    endloop
  endfacet
  facet normal 0 0 1
    outer loop
      vertex 17.4142 25.4142 6.5
      vertex 17.4142 22.5858 6.5
      vertex 17.5867 22.7825 6.5
    endloop
  endfacet
  facet normal 0 0 1
    outer loop
      vertex 17.2175 25.5867 6.5
      vertex 17.4142 22.5858 6.5
      vertex 17.4142 25.4142 6.5
    endloop
  endfacet
  facet normal 0 0 1
    outer loop
      vertex 17.2175 25.5867 6.5
      vertex 17.2175 22.4133 6.5
      vertex 17.4142 22.5858 6.5
    endloop
  endfacet
  facet normal 0 0 1
    outer loop
      vertex 17 25.732 6.5
      vertex 17.2175 22.4133 6.5
      vertex 17.2175 25.5867 6.5
    endloop
  endfacet
  facet normal 0 0 1
    outer loop
      vertex 17 25.732 6.5
      vertex 17 22.2679 6.5
      vertex 17.2175 22.4133 6.5
    endloop
  endfacet
  facet normal 0 0 1
    outer loop
      vertex 16.7654 25.8478 6.5
      vertex 17 22.2679 6.5
      vertex 17 25.732 6.5
    endloop
  endfacet
  facet normal 0 0 1
    outer loop
      vertex 16.7654 25.8478 6.5
      vertex 16.7654 22.1522 6.5
      vertex 17 22.2679 6.5
    endloop
  endfacet
  facet normal 0 0 1
    outer loop
      vertex 16.5176 25.9319 6.5
      vertex 16.7654 22.1522 6.5
      vertex 16.7654 25.8478 6.5
    endloop
  endfacet
  facet normal 0 0 1
    outer loop
      vertex 16.5176 25.9319 6.5
      vertex 16.5176 22.0681 6.5
      vertex 16.7654 22.1522 6.5
    endloop
  endfacet
  facet normal 0 0 1
    outer loop
      vertex 16.2611 25.9829 6.5
      vertex 16.5176 22.0681 6.5
      vertex 16.5176 25.9319 6.5
    endloop
  endfacet
  facet normal 0 0 1
    outer loop
      vertex 16.2611 25.9829 6.5
      vertex 16.2611 22.0171 6.5
      vertex 16.5176 22.0681 6.5
    endloop
  endfacet
  facet normal 0 0 1
    outer loop
      vertex 16 26 6.5
      vertex 16.2611 22.0171 6.5
      vertex 16.2611 25.9829 6.5
    endloop
  endfacet
  facet normal 0 0 1
    outer loop
      vertex 16 26 6.5
      vertex 16 22 6.5
      vertex 16.2611 22.0171 6.5
    endloop
  endfacet
  facet normal -0 0 1
    outer loop
      vertex 15.7389 25.9829 6.5
      vertex 16 22 6.5
      vertex 16 26 6.5
    endloop
  endfacet
  facet normal 0 0 1
    outer loop
      vertex 15.7389 25.9829 6.5
      vertex 15.7389 22.0171 6.5
      vertex 16 22 6.5
    endloop
  endfacet
  facet normal -0 0 1
    outer loop
      vertex 15.4824 25.9319 6.5
      vertex 15.7389 22.0171 6.5
      vertex 15.7389 25.9829 6.5
    endloop
  endfacet
  facet normal 0 0 1
    outer loop
      vertex 15.4824 25.9319 6.5
      vertex 15.4824 22.0681 6.5
      vertex 15.7389 22.0171 6.5
    endloop
  endfacet
  facet normal -0 0 1
    outer loop
      vertex 15.2346 25.8478 6.5
      vertex 15.4824 22.0681 6.5
      vertex 15.4824 25.9319 6.5
    endloop
  endfacet
  facet normal 0 0 1
    outer loop
      vertex 15.2346 25.8478 6.5
      vertex 15.2346 22.1522 6.5
      vertex 15.4824 22.0681 6.5
    endloop
  endfacet
  facet normal -0 0 1
    outer loop
      vertex 15 25.732 6.5
      vertex 15.2346 22.1522 6.5
      vertex 15.2346 25.8478 6.5
    endloop
  endfacet
  facet normal 0 0 1
    outer loop
      vertex 15 25.732 6.5
      vertex 15 22.2679 6.5
      vertex 15.2346 22.1522 6.5
    endloop
  endfacet
  facet normal -0 0 1
    outer loop
      vertex 14.7825 25.5867 6.5
      vertex 15 22.2679 6.5
      vertex 15 25.732 6.5
    endloop
  endfacet
  facet normal 0 0 1
    outer loop
      vertex 14.7825 25.5867 6.5
      vertex 14.7825 22.4133 6.5
      vertex 15 22.2679 6.5
    endloop
  endfacet
  facet normal -0 0 1
    outer loop
      vertex 14.5858 25.4142 6.5
      vertex 14.7825 22.4133 6.5
      vertex 14.7825 25.5867 6.5
    endloop
  endfacet
  facet normal 0 0 1
    outer loop
      vertex 14.5858 25.4142 6.5
      vertex 14.5858 22.5858 6.5
      vertex 14.7825 22.4133 6.5
    endloop
  endfacet
  facet normal -0 0 1
    outer loop
      vertex 14.4133 25.2175 6.5
      vertex 14.5858 22.5858 6.5
      vertex 14.5858 25.4142 6.5
    endloop
  endfacet
  facet normal 0 0 1
    outer loop
      vertex 14.4133 25.2175 6.5
      vertex 14.4133 22.7825 6.5
      vertex 14.5858 22.5858 6.5
    endloop
  endfacet
  facet normal -0 0 1
    outer loop
      vertex 14.2679 25 6.5
      vertex 14.4133 22.7825 6.5
      vertex 14.4133 25.2175 6.5
    endloop
  endfacet
  facet normal 0 0 1
    outer loop
      vertex 14.2679 25 6.5
      vertex 14.2679 23 6.5
      vertex 14.4133 22.7825 6.5
    endloop
  endfacet
  facet normal -0 0 1
    outer loop
      vertex 14.1522 24.7654 6.5
      vertex 14.2679 23 6.5
      vertex 14.2679 25 6.5
    endloop
  endfacet
  facet normal 0 0 1
    outer loop
      vertex 14.1522 24.7654 6.5
      vertex 14.1522 23.2346 6.5
      vertex 14.2679 23 6.5
    endloop
  endfacet
  facet normal -0 0 1
    outer loop
      vertex 14.0681 24.5176 6.5
      vertex 14.1522 23.2346 6.5
      vertex 14.1522 24.7654 6.5
    endloop
  endfacet
  facet normal 0 0 1
    outer loop
      vertex 14.0681 24.5176 6.5
      vertex 14.0681 23.4824 6.5
      vertex 14.1522 23.2346 6.5
    endloop
  endfacet
  facet normal -0 0 1
    outer loop
      vertex 14.0171 24.2611 6.5
      vertex 14.0681 23.4824 6.5
      vertex 14.0681 24.5176 6.5
    endloop
  endfacet
  facet normal 0 0 1
    outer loop
      vertex 14.0171 24.2611 6.5
      vertex 14.0171 23.7389 6.5
      vertex 14.0681 23.4824 6.5
    endloop
  endfacet
  facet normal 0 -0 1
    outer loop
      vertex 14.0171 23.7389 6.5
      vertex 14.0171 24.2611 6.5
      vertex 14 24 6.5
    endloop
  endfacet
  facet normal -0.659343 0.751842 0
    outer loop
      vertex 14.7825 25.5867 0
      vertex 14.5858 25.4142 6.5
      vertex 14.7825 25.5867 6.5
    endloop
  endfacet
  facet normal -0.659343 0.751842 0
    outer loop
      vertex 14.5858 25.4142 6.5
      vertex 14.7825 25.5867 0
      vertex 14.5858 25.4142 0
    endloop
  endfacet
  facet normal -0.321382 0.94695 0
    outer loop
      vertex 15.4824 25.9319 0
      vertex 15.2346 25.8478 6.5
      vertex 15.4824 25.9319 6.5
    endloop
  endfacet
  facet normal -0.321382 0.94695 0
    outer loop
      vertex 15.2346 25.8478 6.5
      vertex 15.4824 25.9319 0
      vertex 15.2346 25.8478 0
    endloop
  endfacet
  facet normal 0.997862 -0.0653521 0
    outer loop
      vertex 17.9829 23.7389 6.5
      vertex 18 24 0
      vertex 18 24 6.5
    endloop
  endfacet
  facet normal 0.997862 -0.0653521 0
    outer loop
      vertex 18 24 0
      vertex 17.9829 23.7389 6.5
      vertex 17.9829 23.7389 0
    endloop
  endfacet
  facet normal 0.321382 -0.94695 0
    outer loop
      vertex 16.5176 22.0681 0
      vertex 16.7654 22.1522 6.5
      vertex 16.5176 22.0681 6.5
    endloop
  endfacet
  facet normal 0.321382 -0.94695 0
    outer loop
      vertex 16.7654 22.1522 6.5
      vertex 16.5176 22.0681 0
      vertex 16.7654 22.1522 0
    endloop
  endfacet
  facet normal 0.659343 -0.751842 0
    outer loop
      vertex 17.2175 22.4133 0
      vertex 17.4142 22.5858 6.5
      vertex 17.2175 22.4133 6.5
    endloop
  endfacet
  facet normal 0.659343 -0.751842 0
    outer loop
      vertex 17.4142 22.5858 6.5
      vertex 17.2175 22.4133 0
      vertex 17.4142 22.5858 0
    endloop
  endfacet
  facet normal 0.831521 -0.555494 0
    outer loop
      vertex 17.5867 22.7825 6.5
      vertex 17.732 23 0
      vertex 17.732 23 6.5
    endloop
  endfacet
  facet normal 0.831521 -0.555494 0
    outer loop
      vertex 17.732 23 0
      vertex 17.5867 22.7825 6.5
      vertex 17.5867 22.7825 0
    endloop
  endfacet
  facet normal 0.94695 -0.321382 0
    outer loop
      vertex 17.8478 23.2346 6.5
      vertex 17.9319 23.4824 0
      vertex 17.9319 23.4824 6.5
    endloop
  endfacet
  facet normal 0.94695 -0.321382 0
    outer loop
      vertex 17.9319 23.4824 0
      vertex 17.8478 23.2346 6.5
      vertex 17.8478 23.2346 0
    endloop
  endfacet
  facet normal -0.555758 -0.831344 0
    outer loop
      vertex 14.7825 22.4133 0
      vertex 15 22.2679 6.5
      vertex 14.7825 22.4133 6.5
    endloop
  endfacet
  facet normal -0.555758 -0.831344 -0
    outer loop
      vertex 15 22.2679 6.5
      vertex 14.7825 22.4133 0
      vertex 15 22.2679 0
    endloop
  endfacet
  facet normal -0.321382 -0.94695 0
    outer loop
      vertex 15.2346 22.1522 0
      vertex 15.4824 22.0681 6.5
      vertex 15.2346 22.1522 6.5
    endloop
  endfacet
  facet normal -0.321382 -0.94695 -0
    outer loop
      vertex 15.4824 22.0681 6.5
      vertex 15.2346 22.1522 0
      vertex 15.4824 22.0681 0
    endloop
  endfacet
  facet normal -0.0653521 -0.997862 0
    outer loop
      vertex 15.7389 22.0171 0
      vertex 16 22 6.5
      vertex 15.7389 22.0171 6.5
    endloop
  endfacet
  facet normal -0.0653521 -0.997862 -0
    outer loop
      vertex 16 22 6.5
      vertex 15.7389 22.0171 0
      vertex 16 22 0
    endloop
  endfacet
  facet normal -0.751842 -0.659343 0
    outer loop
      vertex 14.5858 22.5858 0
      vertex 14.4133 22.7825 6.5
      vertex 14.4133 22.7825 0
    endloop
  endfacet
  facet normal -0.751842 -0.659343 0
    outer loop
      vertex 14.4133 22.7825 6.5
      vertex 14.5858 22.5858 0
      vertex 14.5858 22.5858 6.5
    endloop
  endfacet
  facet normal -0.94695 -0.321382 0
    outer loop
      vertex 14.1522 23.2346 0
      vertex 14.0681 23.4824 6.5
      vertex 14.0681 23.4824 0
    endloop
  endfacet
  facet normal -0.94695 -0.321382 0
    outer loop
      vertex 14.0681 23.4824 6.5
      vertex 14.1522 23.2346 0
      vertex 14.1522 23.2346 6.5
    endloop
  endfacet
  facet normal 0.751842 -0.659343 0
    outer loop
      vertex 17.4142 22.5858 6.5
      vertex 17.5867 22.7825 0
      vertex 17.5867 22.7825 6.5
    endloop
  endfacet
  facet normal 0.751842 -0.659343 0
    outer loop
      vertex 17.5867 22.7825 0
      vertex 17.4142 22.5858 6.5
      vertex 17.4142 22.5858 0
    endloop
  endfacet
  facet normal 0.896709 -0.442621 0
    outer loop
      vertex 17.732 23 6.5
      vertex 17.8478 23.2346 0
      vertex 17.8478 23.2346 6.5
    endloop
  endfacet
  facet normal 0.896709 -0.442621 0
    outer loop
      vertex 17.8478 23.2346 0
      vertex 17.732 23 6.5
      vertex 17.732 23 0
    endloop
  endfacet
  facet normal -0.442314 -0.89686 0
    outer loop
      vertex 15 22.2679 0
      vertex 15.2346 22.1522 6.5
      vertex 15 22.2679 6.5
    endloop
  endfacet
  facet normal -0.442314 -0.89686 -0
    outer loop
      vertex 15.2346 22.1522 6.5
      vertex 15 22.2679 0
      vertex 15.2346 22.1522 0
    endloop
  endfacet
  facet normal 0.997862 0.0653521 0
    outer loop
      vertex 26 24 6.5
      vertex 25.9829 24.2611 0
      vertex 25.9829 24.2611 6.5
    endloop
  endfacet
  facet normal 0.997862 0.0653521 0
    outer loop
      vertex 25.9829 24.2611 0
      vertex 26 24 6.5
      vertex 26 24 0
    endloop
  endfacet
  facet normal -0.997862 -0.0653521 0
    outer loop
      vertex 22.0171 23.7389 0
      vertex 22 24 6.5
      vertex 22 24 0
    endloop
  endfacet
  facet normal -0.997862 -0.0653521 0
    outer loop
      vertex 22 24 6.5
      vertex 22.0171 23.7389 0
      vertex 22.0171 23.7389 6.5
    endloop
  endfacet
  facet normal -0.0653521 0.997862 0
    outer loop
      vertex 24 26 0
      vertex 23.7389 25.9829 6.5
      vertex 24 26 6.5
    endloop
  endfacet
  facet normal -0.0653521 0.997862 0
    outer loop
      vertex 23.7389 25.9829 6.5
      vertex 24 26 0
      vertex 23.7389 25.9829 0
    endloop
  endfacet
  facet normal 0.0653521 -0.997862 0
    outer loop
      vertex 24 22 0
      vertex 24.2611 22.0171 6.5
      vertex 24 22 6.5
    endloop
  endfacet
  facet normal 0.0653521 -0.997862 0
    outer loop
      vertex 24.2611 22.0171 6.5
      vertex 24 22 0
      vertex 24.2611 22.0171 0
    endloop
  endfacet
  facet normal 0.659343 0.751842 -0
    outer loop
      vertex 25.4142 25.4142 0
      vertex 25.2175 25.5867 6.5
      vertex 25.4142 25.4142 6.5
    endloop
  endfacet
  facet normal 0.659343 0.751842 0
    outer loop
      vertex 25.2175 25.5867 6.5
      vertex 25.4142 25.4142 0
      vertex 25.2175 25.5867 0
    endloop
  endfacet
  facet normal -0.751842 0.659343 0
    outer loop
      vertex 22.4133 25.2175 0
      vertex 22.5858 25.4142 6.5
      vertex 22.5858 25.4142 0
    endloop
  endfacet
  facet normal -0.751842 0.659343 0
    outer loop
      vertex 22.5858 25.4142 6.5
      vertex 22.4133 25.2175 0
      vertex 22.4133 25.2175 6.5
    endloop
  endfacet
  facet normal -0.442621 0.896709 0
    outer loop
      vertex 23.2346 25.8478 0
      vertex 23 25.732 6.5
      vertex 23.2346 25.8478 6.5
    endloop
  endfacet
  facet normal -0.442621 0.896709 0
    outer loop
      vertex 23 25.732 6.5
      vertex 23.2346 25.8478 0
      vertex 23 25.732 0
    endloop
  endfacet
  facet normal -0.94695 -0.321382 0
    outer loop
      vertex 22.1522 23.2346 0
      vertex 22.0681 23.4824 6.5
      vertex 22.0681 23.4824 0
    endloop
  endfacet
  facet normal -0.94695 -0.321382 0
    outer loop
      vertex 22.0681 23.4824 6.5
      vertex 22.1522 23.2346 0
      vertex 22.1522 23.2346 6.5
    endloop
  endfacet
  facet normal 0.896709 0.442621 0
    outer loop
      vertex 25.8478 24.7654 6.5
      vertex 25.732 25 0
      vertex 25.732 25 6.5
    endloop
  endfacet
  facet normal 0.896709 0.442621 0
    outer loop
      vertex 25.732 25 0
      vertex 25.8478 24.7654 6.5
      vertex 25.8478 24.7654 0
    endloop
  endfacet
  facet normal 0.980801 0.195013 0
    outer loop
      vertex 25.9829 24.2611 6.5
      vertex 25.9319 24.5176 0
      vertex 25.9319 24.5176 6.5
    endloop
  endfacet
  facet normal 0.980801 0.195013 0
    outer loop
      vertex 25.9319 24.5176 0
      vertex 25.9829 24.2611 6.5
      vertex 25.9829 24.2611 0
    endloop
  endfacet
  facet normal 0.831521 0.555494 0
    outer loop
      vertex 25.732 25 6.5
      vertex 25.5867 25.2175 0
      vertex 25.5867 25.2175 6.5
    endloop
  endfacet
  facet normal 0.831521 0.555494 0
    outer loop
      vertex 25.5867 25.2175 0
      vertex 25.732 25 6.5
      vertex 25.732 25 0
    endloop
  endfacet
  facet normal 0.321382 0.94695 -0
    outer loop
      vertex 24.7654 25.8478 0
      vertex 24.5176 25.9319 6.5
      vertex 24.7654 25.8478 6.5
    endloop
  endfacet
  facet normal 0.321382 0.94695 0
    outer loop
      vertex 24.5176 25.9319 6.5
      vertex 24.7654 25.8478 0
      vertex 24.5176 25.9319 0
    endloop
  endfacet
  facet normal 0.555494 0.831521 -0
    outer loop
      vertex 25.2175 25.5867 0
      vertex 25 25.732 6.5
      vertex 25.2175 25.5867 6.5
    endloop
  endfacet
  facet normal 0.555494 0.831521 0
    outer loop
      vertex 25 25.732 6.5
      vertex 25.2175 25.5867 0
      vertex 25 25.732 0
    endloop
  endfacet
  facet normal -0.89686 0.442314 0
    outer loop
      vertex 22.1522 24.7654 0
      vertex 22.2679 25 6.5
      vertex 22.2679 25 0
    endloop
  endfacet
  facet normal -0.89686 0.442314 0
    outer loop
      vertex 22.2679 25 6.5
      vertex 22.1522 24.7654 0
      vertex 22.1522 24.7654 6.5
    endloop
  endfacet
  facet normal -0.831344 0.555758 0
    outer loop
      vertex 22.2679 25 0
      vertex 22.4133 25.2175 6.5
      vertex 22.4133 25.2175 0
    endloop
  endfacet
  facet normal -0.831344 0.555758 0
    outer loop
      vertex 22.4133 25.2175 6.5
      vertex 22.2679 25 0
      vertex 22.2679 25 6.5
    endloop
  endfacet
  facet normal -0.980801 0.195013 0
    outer loop
      vertex 22.0171 24.2611 0
      vertex 22.0681 24.5176 6.5
      vertex 22.0681 24.5176 0
    endloop
  endfacet
  facet normal -0.980801 0.195013 0
    outer loop
      vertex 22.0681 24.5176 6.5
      vertex 22.0171 24.2611 0
      vertex 22.0171 24.2611 6.5
    endloop
  endfacet
  facet normal -0.555494 0.831521 0
    outer loop
      vertex 23 25.732 0
      vertex 22.7825 25.5867 6.5
      vertex 23 25.732 6.5
    endloop
  endfacet
  facet normal -0.555494 0.831521 0
    outer loop
      vertex 22.7825 25.5867 6.5
      vertex 23 25.732 0
      vertex 22.7825 25.5867 0
    endloop
  endfacet
  facet normal -0.195013 0.980801 0
    outer loop
      vertex 23.7389 25.9829 0
      vertex 23.4824 25.9319 6.5
      vertex 23.7389 25.9829 6.5
    endloop
  endfacet
  facet normal -0.195013 0.980801 0
    outer loop
      vertex 23.4824 25.9319 6.5
      vertex 23.7389 25.9829 0
      vertex 23.4824 25.9319 0
    endloop
  endfacet
  facet normal 0.321382 -0.94695 0
    outer loop
      vertex 24.5176 22.0681 0
      vertex 24.7654 22.1522 6.5
      vertex 24.5176 22.0681 6.5
    endloop
  endfacet
  facet normal 0.321382 -0.94695 0
    outer loop
      vertex 24.7654 22.1522 6.5
      vertex 24.5176 22.0681 0
      vertex 24.7654 22.1522 0
    endloop
  endfacet
  facet normal 0.195013 -0.980801 0
    outer loop
      vertex 24.2611 22.0171 0
      vertex 24.5176 22.0681 6.5
      vertex 24.2611 22.0171 6.5
    endloop
  endfacet
  facet normal 0.195013 -0.980801 0
    outer loop
      vertex 24.5176 22.0681 6.5
      vertex 24.2611 22.0171 0
      vertex 24.5176 22.0681 0
    endloop
  endfacet
  facet normal 0.751842 -0.659343 0
    outer loop
      vertex 25.4142 22.5858 6.5
      vertex 25.5867 22.7825 0
      vertex 25.5867 22.7825 6.5
    endloop
  endfacet
  facet normal 0.751842 -0.659343 0
    outer loop
      vertex 25.5867 22.7825 0
      vertex 25.4142 22.5858 6.5
      vertex 25.4142 22.5858 0
    endloop
  endfacet
  facet normal 0.555758 -0.831344 0
    outer loop
      vertex 25 22.2679 0
      vertex 25.2175 22.4133 6.5
      vertex 25 22.2679 6.5
    endloop
  endfacet
  facet normal 0.555758 -0.831344 0
    outer loop
      vertex 25.2175 22.4133 6.5
      vertex 25 22.2679 0
      vertex 25.2175 22.4133 0
    endloop
  endfacet
  facet normal 0.980801 -0.195013 0
    outer loop
      vertex 25.9319 23.4824 6.5
      vertex 25.9829 23.7389 0
      vertex 25.9829 23.7389 6.5
    endloop
  endfacet
  facet normal 0.980801 -0.195013 0
    outer loop
      vertex 25.9829 23.7389 0
      vertex 25.9319 23.4824 6.5
      vertex 25.9319 23.4824 0
    endloop
  endfacet
  facet normal -0.321382 -0.94695 0
    outer loop
      vertex 23.2346 22.1522 0
      vertex 23.4824 22.0681 6.5
      vertex 23.2346 22.1522 6.5
    endloop
  endfacet
  facet normal -0.321382 -0.94695 -0
    outer loop
      vertex 23.4824 22.0681 6.5
      vertex 23.2346 22.1522 0
      vertex 23.4824 22.0681 0
    endloop
  endfacet
  facet normal -0.195013 -0.980801 0
    outer loop
      vertex 23.4824 22.0681 0
      vertex 23.7389 22.0171 6.5
      vertex 23.4824 22.0681 6.5
    endloop
  endfacet
  facet normal -0.195013 -0.980801 -0
    outer loop
      vertex 23.7389 22.0171 6.5
      vertex 23.4824 22.0681 0
      vertex 23.7389 22.0171 0
    endloop
  endfacet
  facet normal -0.831344 -0.555758 0
    outer loop
      vertex 22.4133 22.7825 0
      vertex 22.2679 23 6.5
      vertex 22.2679 23 0
    endloop
  endfacet
  facet normal -0.831344 -0.555758 0
    outer loop
      vertex 22.2679 23 6.5
      vertex 22.4133 22.7825 0
      vertex 22.4133 22.7825 6.5
    endloop
  endfacet
  facet normal -0.751842 -0.659343 0
    outer loop
      vertex 22.5858 22.5858 0
      vertex 22.4133 22.7825 6.5
      vertex 22.4133 22.7825 0
    endloop
  endfacet
  facet normal -0.751842 -0.659343 0
    outer loop
      vertex 22.4133 22.7825 6.5
      vertex 22.5858 22.5858 0
      vertex 22.5858 22.5858 6.5
    endloop
  endfacet
  facet normal -0.980801 -0.195013 0
    outer loop
      vertex 22.0681 23.4824 0
      vertex 22.0171 23.7389 6.5
      vertex 22.0171 23.7389 0
    endloop
  endfacet
  facet normal -0.980801 -0.195013 0
    outer loop
      vertex 22.0171 23.7389 6.5
      vertex 22.0681 23.4824 0
      vertex 22.0681 23.4824 6.5
    endloop
  endfacet
  facet normal 0.94695 0.321382 0
    outer loop
      vertex 25.9319 24.5176 6.5
      vertex 25.8478 24.7654 0
      vertex 25.8478 24.7654 6.5
    endloop
  endfacet
  facet normal 0.94695 0.321382 0
    outer loop
      vertex 25.8478 24.7654 0
      vertex 25.9319 24.5176 6.5
      vertex 25.9319 24.5176 0
    endloop
  endfacet
  facet normal 0.0653521 0.997862 -0
    outer loop
      vertex 24.2611 25.9829 0
      vertex 24 26 6.5
      vertex 24.2611 25.9829 6.5
    endloop
  endfacet
  facet normal 0.0653521 0.997862 0
    outer loop
      vertex 24 26 6.5
      vertex 24.2611 25.9829 0
      vertex 24 26 0
    endloop
  endfacet
  facet normal 0 0 -1
    outer loop
      vertex 25.9829 23.7389 0
      vertex 25.9829 24.2611 0
      vertex 26 24 0
    endloop
  endfacet
  facet normal 0 0 -1
    outer loop
      vertex 25.9319 23.4824 0
      vertex 25.9829 24.2611 0
      vertex 25.9829 23.7389 0
    endloop
  endfacet
  facet normal 0 0 -1
    outer loop
      vertex 25.9319 23.4824 0
      vertex 25.9319 24.5176 0
      vertex 25.9829 24.2611 0
    endloop
  endfacet
  facet normal 0 0 -1
    outer loop
      vertex 25.8478 23.2346 0
      vertex 25.9319 24.5176 0
      vertex 25.9319 23.4824 0
    endloop
  endfacet
  facet normal 0 0 -1
    outer loop
      vertex 25.8478 23.2346 0
      vertex 25.8478 24.7654 0
      vertex 25.9319 24.5176 0
    endloop
  endfacet
  facet normal 0 0 -1
    outer loop
      vertex 25.732 23 0
      vertex 25.8478 24.7654 0
      vertex 25.8478 23.2346 0
    endloop
  endfacet
  facet normal 0 0 -1
    outer loop
      vertex 25.732 23 0
      vertex 25.732 25 0
      vertex 25.8478 24.7654 0
    endloop
  endfacet
  facet normal 0 0 -1
    outer loop
      vertex 25.5867 22.7825 0
      vertex 25.732 25 0
      vertex 25.732 23 0
    endloop
  endfacet
  facet normal 0 0 -1
    outer loop
      vertex 25.5867 22.7825 0
      vertex 25.5867 25.2175 0
      vertex 25.732 25 0
    endloop
  endfacet
  facet normal 0 0 -1
    outer loop
      vertex 25.4142 22.5858 0
      vertex 25.5867 25.2175 0
      vertex 25.5867 22.7825 0
    endloop
  endfacet
  facet normal 0 0 -1
    outer loop
      vertex 25.4142 22.5858 0
      vertex 25.4142 25.4142 0
      vertex 25.5867 25.2175 0
    endloop
  endfacet
  facet normal 0 0 -1
    outer loop
      vertex 25.2175 22.4133 0
      vertex 25.4142 25.4142 0
      vertex 25.4142 22.5858 0
    endloop
  endfacet
  facet normal 0 0 -1
    outer loop
      vertex 25.2175 22.4133 0
      vertex 25.2175 25.5867 0
      vertex 25.4142 25.4142 0
    endloop
  endfacet
  facet normal 0 0 -1
    outer loop
      vertex 25 22.2679 0
      vertex 25.2175 25.5867 0
      vertex 25.2175 22.4133 0
    endloop
  endfacet
  facet normal 0 0 -1
    outer loop
      vertex 25 22.2679 0
      vertex 25 25.732 0
      vertex 25.2175 25.5867 0
    endloop
  endfacet
  facet normal 0 0 -1
    outer loop
      vertex 24.7654 22.1522 0
      vertex 25 25.732 0
      vertex 25 22.2679 0
    endloop
  endfacet
  facet normal 0 0 -1
    outer loop
      vertex 24.7654 22.1522 0
      vertex 24.7654 25.8478 0
      vertex 25 25.732 0
    endloop
  endfacet
  facet normal 0 0 -1
    outer loop
      vertex 24.5176 22.0681 0
      vertex 24.7654 25.8478 0
      vertex 24.7654 22.1522 0
    endloop
  endfacet
  facet normal 0 0 -1
    outer loop
      vertex 24.5176 22.0681 0
      vertex 24.5176 25.9319 0
      vertex 24.7654 25.8478 0
    endloop
  endfacet
  facet normal 0 0 -1
    outer loop
      vertex 24.2611 22.0171 0
      vertex 24.5176 25.9319 0
      vertex 24.5176 22.0681 0
    endloop
  endfacet
  facet normal 0 0 -1
    outer loop
      vertex 24.2611 22.0171 0
      vertex 24.2611 25.9829 0
      vertex 24.5176 25.9319 0
    endloop
  endfacet
  facet normal 0 0 -1
    outer loop
      vertex 24 22 0
      vertex 24.2611 25.9829 0
      vertex 24.2611 22.0171 0
    endloop
  endfacet
  facet normal 0 0 -1
    outer loop
      vertex 24 22 0
      vertex 24 26 0
      vertex 24.2611 25.9829 0
    endloop
  endfacet
  facet normal 0 0 -1
    outer loop
      vertex 23.7389 22.0171 0
      vertex 24 26 0
      vertex 24 22 0
    endloop
  endfacet
  facet normal 0 0 -1
    outer loop
      vertex 23.7389 22.0171 0
      vertex 23.7389 25.9829 0
      vertex 24 26 0
    endloop
  endfacet
  facet normal 0 0 -1
    outer loop
      vertex 23.4824 22.0681 0
      vertex 23.7389 25.9829 0
      vertex 23.7389 22.0171 0
    endloop
  endfacet
  facet normal 0 0 -1
    outer loop
      vertex 23.4824 22.0681 0
      vertex 23.4824 25.9319 0
      vertex 23.7389 25.9829 0
    endloop
  endfacet
  facet normal 0 0 -1
    outer loop
      vertex 23.2346 22.1522 0
      vertex 23.4824 25.9319 0
      vertex 23.4824 22.0681 0
    endloop
  endfacet
  facet normal 0 0 -1
    outer loop
      vertex 23.2346 22.1522 0
      vertex 23.2346 25.8478 0
      vertex 23.4824 25.9319 0
    endloop
  endfacet
  facet normal 0 0 -1
    outer loop
      vertex 23 22.2679 0
      vertex 23.2346 25.8478 0
      vertex 23.2346 22.1522 0
    endloop
  endfacet
  facet normal 0 0 -1
    outer loop
      vertex 23 22.2679 0
      vertex 23 25.732 0
      vertex 23.2346 25.8478 0
    endloop
  endfacet
  facet normal 0 0 -1
    outer loop
      vertex 22.7825 22.4133 0
      vertex 23 25.732 0
      vertex 23 22.2679 0
    endloop
  endfacet
  facet normal 0 0 -1
    outer loop
      vertex 22.7825 22.4133 0
      vertex 22.7825 25.5867 0
      vertex 23 25.732 0
    endloop
  endfacet
  facet normal 0 0 -1
    outer loop
      vertex 22.5858 22.5858 0
      vertex 22.7825 25.5867 0
      vertex 22.7825 22.4133 0
    endloop
  endfacet
  facet normal 0 0 -1
    outer loop
      vertex 22.5858 22.5858 0
      vertex 22.5858 25.4142 0
      vertex 22.7825 25.5867 0
    endloop
  endfacet
  facet normal 0 0 -1
    outer loop
      vertex 22.4133 22.7825 0
      vertex 22.5858 25.4142 0
      vertex 22.5858 22.5858 0
    endloop
  endfacet
  facet normal 0 0 -1
    outer loop
      vertex 22.4133 22.7825 0
      vertex 22.4133 25.2175 0
      vertex 22.5858 25.4142 0
    endloop
  endfacet
  facet normal 0 0 -1
    outer loop
      vertex 22.2679 23 0
      vertex 22.4133 25.2175 0
      vertex 22.4133 22.7825 0
    endloop
  endfacet
  facet normal 0 0 -1
    outer loop
      vertex 22.2679 23 0
      vertex 22.2679 25 0
      vertex 22.4133 25.2175 0
    endloop
  endfacet
  facet normal 0 0 -1
    outer loop
      vertex 22.1522 23.2346 0
      vertex 22.2679 25 0
      vertex 22.2679 23 0
    endloop
  endfacet
  facet normal 0 0 -1
    outer loop
      vertex 22.1522 23.2346 0
      vertex 22.1522 24.7654 0
      vertex 22.2679 25 0
    endloop
  endfacet
  facet normal 0 0 -1
    outer loop
      vertex 22.0681 23.4824 0
      vertex 22.1522 24.7654 0
      vertex 22.1522 23.2346 0
    endloop
  endfacet
  facet normal 0 0 -1
    outer loop
      vertex 22.0681 23.4824 0
      vertex 22.0681 24.5176 0
      vertex 22.1522 24.7654 0
    endloop
  endfacet
  facet normal 0 0 -1
    outer loop
      vertex 22.0171 23.7389 0
      vertex 22.0681 24.5176 0
      vertex 22.0681 23.4824 0
    endloop
  endfacet
  facet normal 0 0 -1
    outer loop
      vertex 22.0171 23.7389 0
      vertex 22.0171 24.2611 0
      vertex 22.0681 24.5176 0
    endloop
  endfacet
  facet normal 0 -0 -1
    outer loop
      vertex 22.0171 24.2611 0
      vertex 22.0171 23.7389 0
      vertex 22 24 0
    endloop
  endfacet
  facet normal -0.94695 0.321382 0
    outer loop
      vertex 22.0681 24.5176 0
      vertex 22.1522 24.7654 6.5
      vertex 22.1522 24.7654 0
    endloop
  endfacet
  facet normal -0.94695 0.321382 0
    outer loop
      vertex 22.1522 24.7654 6.5
      vertex 22.0681 24.5176 0
      vertex 22.0681 24.5176 6.5
    endloop
  endfacet
  facet normal -0.997862 0.0653521 0
    outer loop
      vertex 22 24 0
      vertex 22.0171 24.2611 6.5
      vertex 22.0171 24.2611 0
    endloop
  endfacet
  facet normal -0.997862 0.0653521 0
    outer loop
      vertex 22.0171 24.2611 6.5
      vertex 22 24 0
      vertex 22 24 6.5
    endloop
  endfacet
  facet normal 0 0 1
    outer loop
      vertex 25.9829 24.2611 6.5
      vertex 25.9829 23.7389 6.5
      vertex 26 24 6.5
    endloop
  endfacet
  facet normal 0 0 1
    outer loop
      vertex 25.9319 24.5176 6.5
      vertex 25.9829 23.7389 6.5
      vertex 25.9829 24.2611 6.5
    endloop
  endfacet
  facet normal 0 0 1
    outer loop
      vertex 25.9319 24.5176 6.5
      vertex 25.9319 23.4824 6.5
      vertex 25.9829 23.7389 6.5
    endloop
  endfacet
  facet normal 0 0 1
    outer loop
      vertex 25.8478 24.7654 6.5
      vertex 25.9319 23.4824 6.5
      vertex 25.9319 24.5176 6.5
    endloop
  endfacet
  facet normal 0 0 1
    outer loop
      vertex 25.8478 24.7654 6.5
      vertex 25.8478 23.2346 6.5
      vertex 25.9319 23.4824 6.5
    endloop
  endfacet
  facet normal 0 0 1
    outer loop
      vertex 25.732 25 6.5
      vertex 25.8478 23.2346 6.5
      vertex 25.8478 24.7654 6.5
    endloop
  endfacet
  facet normal 0 0 1
    outer loop
      vertex 25.732 25 6.5
      vertex 25.732 23 6.5
      vertex 25.8478 23.2346 6.5
    endloop
  endfacet
  facet normal 0 0 1
    outer loop
      vertex 25.5867 25.2175 6.5
      vertex 25.732 23 6.5
      vertex 25.732 25 6.5
    endloop
  endfacet
  facet normal 0 0 1
    outer loop
      vertex 25.5867 25.2175 6.5
      vertex 25.5867 22.7825 6.5
      vertex 25.732 23 6.5
    endloop
  endfacet
  facet normal 0 0 1
    outer loop
      vertex 25.4142 25.4142 6.5
      vertex 25.5867 22.7825 6.5
      vertex 25.5867 25.2175 6.5
    endloop
  endfacet
  facet normal 0 0 1
    outer loop
      vertex 25.4142 25.4142 6.5
      vertex 25.4142 22.5858 6.5
      vertex 25.5867 22.7825 6.5
    endloop
  endfacet
  facet normal 0 0 1
    outer loop
      vertex 25.2175 25.5867 6.5
      vertex 25.4142 22.5858 6.5
      vertex 25.4142 25.4142 6.5
    endloop
  endfacet
  facet normal 0 0 1
    outer loop
      vertex 25.2175 25.5867 6.5
      vertex 25.2175 22.4133 6.5
      vertex 25.4142 22.5858 6.5
    endloop
  endfacet
  facet normal 0 0 1
    outer loop
      vertex 25 25.732 6.5
      vertex 25.2175 22.4133 6.5
      vertex 25.2175 25.5867 6.5
    endloop
  endfacet
  facet normal 0 0 1
    outer loop
      vertex 25 25.732 6.5
      vertex 25 22.2679 6.5
      vertex 25.2175 22.4133 6.5
    endloop
  endfacet
  facet normal 0 0 1
    outer loop
      vertex 24.7654 25.8478 6.5
      vertex 25 22.2679 6.5
      vertex 25 25.732 6.5
    endloop
  endfacet
  facet normal 0 0 1
    outer loop
      vertex 24.7654 25.8478 6.5
      vertex 24.7654 22.1522 6.5
      vertex 25 22.2679 6.5
    endloop
  endfacet
  facet normal 0 0 1
    outer loop
      vertex 24.5176 25.9319 6.5
      vertex 24.7654 22.1522 6.5
      vertex 24.7654 25.8478 6.5
    endloop
  endfacet
  facet normal 0 0 1
    outer loop
      vertex 24.5176 25.9319 6.5
      vertex 24.5176 22.0681 6.5
      vertex 24.7654 22.1522 6.5
    endloop
  endfacet
  facet normal 0 0 1
    outer loop
      vertex 24.2611 25.9829 6.5
      vertex 24.5176 22.0681 6.5
      vertex 24.5176 25.9319 6.5
    endloop
  endfacet
  facet normal 0 0 1
    outer loop
      vertex 24.2611 25.9829 6.5
      vertex 24.2611 22.0171 6.5
      vertex 24.5176 22.0681 6.5
    endloop
  endfacet
  facet normal 0 0 1
    outer loop
      vertex 24 26 6.5
      vertex 24.2611 22.0171 6.5
      vertex 24.2611 25.9829 6.5
    endloop
  endfacet
  facet normal 0 0 1
    outer loop
      vertex 24 26 6.5
      vertex 24 22 6.5
      vertex 24.2611 22.0171 6.5
    endloop
  endfacet
  facet normal -0 0 1
    outer loop
      vertex 23.7389 25.9829 6.5
      vertex 24 22 6.5
      vertex 24 26 6.5
    endloop
  endfacet
  facet normal 0 0 1
    outer loop
      vertex 23.7389 25.9829 6.5
      vertex 23.7389 22.0171 6.5
      vertex 24 22 6.5
    endloop
  endfacet
  facet normal -0 0 1
    outer loop
      vertex 23.4824 25.9319 6.5
      vertex 23.7389 22.0171 6.5
      vertex 23.7389 25.9829 6.5
    endloop
  endfacet
  facet normal 0 0 1
    outer loop
      vertex 23.4824 25.9319 6.5
      vertex 23.4824 22.0681 6.5
      vertex 23.7389 22.0171 6.5
    endloop
  endfacet
  facet normal -0 0 1
    outer loop
      vertex 23.2346 25.8478 6.5
      vertex 23.4824 22.0681 6.5
      vertex 23.4824 25.9319 6.5
    endloop
  endfacet
  facet normal 0 0 1
    outer loop
      vertex 23.2346 25.8478 6.5
      vertex 23.2346 22.1522 6.5
      vertex 23.4824 22.0681 6.5
    endloop
  endfacet
  facet normal -0 0 1
    outer loop
      vertex 23 25.732 6.5
      vertex 23.2346 22.1522 6.5
      vertex 23.2346 25.8478 6.5
    endloop
  endfacet
  facet normal 0 0 1
    outer loop
      vertex 23 25.732 6.5
      vertex 23 22.2679 6.5
      vertex 23.2346 22.1522 6.5
    endloop
  endfacet
  facet normal -0 0 1
    outer loop
      vertex 22.7825 25.5867 6.5
      vertex 23 22.2679 6.5
      vertex 23 25.732 6.5
    endloop
  endfacet
  facet normal 0 0 1
    outer loop
      vertex 22.7825 25.5867 6.5
      vertex 22.7825 22.4133 6.5
      vertex 23 22.2679 6.5
    endloop
  endfacet
  facet normal -0 0 1
    outer loop
      vertex 22.5858 25.4142 6.5
      vertex 22.7825 22.4133 6.5
      vertex 22.7825 25.5867 6.5
    endloop
  endfacet
  facet normal 0 0 1
    outer loop
      vertex 22.5858 25.4142 6.5
      vertex 22.5858 22.5858 6.5
      vertex 22.7825 22.4133 6.5
    endloop
  endfacet
  facet normal -0 0 1
    outer loop
      vertex 22.4133 25.2175 6.5
      vertex 22.5858 22.5858 6.5
      vertex 22.5858 25.4142 6.5
    endloop
  endfacet
  facet normal 0 0 1
    outer loop
      vertex 22.4133 25.2175 6.5
      vertex 22.4133 22.7825 6.5
      vertex 22.5858 22.5858 6.5
    endloop
  endfacet
  facet normal -0 0 1
    outer loop
      vertex 22.2679 25 6.5
      vertex 22.4133 22.7825 6.5
      vertex 22.4133 25.2175 6.5
    endloop
  endfacet
  facet normal 0 0 1
    outer loop
      vertex 22.2679 25 6.5
      vertex 22.2679 23 6.5
      vertex 22.4133 22.7825 6.5
    endloop
  endfacet
  facet normal -0 0 1
    outer loop
      vertex 22.1522 24.7654 6.5
      vertex 22.2679 23 6.5
      vertex 22.2679 25 6.5
    endloop
  endfacet
  facet normal 0 0 1
    outer loop
      vertex 22.1522 24.7654 6.5
      vertex 22.1522 23.2346 6.5
      vertex 22.2679 23 6.5
    endloop
  endfacet
  facet normal -0 0 1
    outer loop
      vertex 22.0681 24.5176 6.5
      vertex 22.1522 23.2346 6.5
      vertex 22.1522 24.7654 6.5
    endloop
  endfacet
  facet normal 0 0 1
    outer loop
      vertex 22.0681 24.5176 6.5
      vertex 22.0681 23.4824 6.5
      vertex 22.1522 23.2346 6.5
    endloop
  endfacet
  facet normal -0 0 1
    outer loop
      vertex 22.0171 24.2611 6.5
      vertex 22.0681 23.4824 6.5
      vertex 22.0681 24.5176 6.5
    endloop
  endfacet
  facet normal 0 0 1
    outer loop
      vertex 22.0171 24.2611 6.5
      vertex 22.0171 23.7389 6.5
      vertex 22.0681 23.4824 6.5
    endloop
  endfacet
  facet normal 0 -0 1
    outer loop
      vertex 22.0171 23.7389 6.5
      vertex 22.0171 24.2611 6.5
      vertex 22 24 6.5
    endloop
  endfacet
  facet normal 0.997862 -0.0653521 0
    outer loop
      vertex 25.9829 23.7389 6.5
      vertex 26 24 0
      vertex 26 24 6.5
    endloop
  endfacet
  facet normal 0.997862 -0.0653521 0
    outer loop
      vertex 26 24 0
      vertex 25.9829 23.7389 6.5
      vertex 25.9829 23.7389 0
    endloop
  endfacet
  facet normal 0.659343 -0.751842 0
    outer loop
      vertex 25.2175 22.4133 0
      vertex 25.4142 22.5858 6.5
      vertex 25.2175 22.4133 6.5
    endloop
  endfacet
  facet normal 0.659343 -0.751842 0
    outer loop
      vertex 25.4142 22.5858 6.5
      vertex 25.2175 22.4133 0
      vertex 25.4142 22.5858 0
    endloop
  endfacet
  facet normal 0.94695 -0.321382 0
    outer loop
      vertex 25.8478 23.2346 6.5
      vertex 25.9319 23.4824 0
      vertex 25.9319 23.4824 6.5
    endloop
  endfacet
  facet normal 0.94695 -0.321382 0
    outer loop
      vertex 25.9319 23.4824 0
      vertex 25.8478 23.2346 6.5
      vertex 25.8478 23.2346 0
    endloop
  endfacet
  facet normal 0.831521 -0.555494 0
    outer loop
      vertex 25.5867 22.7825 6.5
      vertex 25.732 23 0
      vertex 25.732 23 6.5
    endloop
  endfacet
  facet normal 0.831521 -0.555494 0
    outer loop
      vertex 25.732 23 0
      vertex 25.5867 22.7825 6.5
      vertex 25.5867 22.7825 0
    endloop
  endfacet
  facet normal 0.896709 -0.442621 0
    outer loop
      vertex 25.732 23 6.5
      vertex 25.8478 23.2346 0
      vertex 25.8478 23.2346 6.5
    endloop
  endfacet
  facet normal 0.896709 -0.442621 0
    outer loop
      vertex 25.8478 23.2346 0
      vertex 25.732 23 6.5
      vertex 25.732 23 0
    endloop
  endfacet
  facet normal -0.555758 -0.831344 0
    outer loop
      vertex 22.7825 22.4133 0
      vertex 23 22.2679 6.5
      vertex 22.7825 22.4133 6.5
    endloop
  endfacet
  facet normal -0.555758 -0.831344 -0
    outer loop
      vertex 23 22.2679 6.5
      vertex 22.7825 22.4133 0
      vertex 23 22.2679 0
    endloop
  endfacet
  facet normal -0.442314 -0.89686 0
    outer loop
      vertex 23 22.2679 0
      vertex 23.2346 22.1522 6.5
      vertex 23 22.2679 6.5
    endloop
  endfacet
  facet normal -0.442314 -0.89686 -0
    outer loop
      vertex 23.2346 22.1522 6.5
      vertex 23 22.2679 0
      vertex 23.2346 22.1522 0
    endloop
  endfacet
  facet normal -0.0653521 -0.997862 0
    outer loop
      vertex 23.7389 22.0171 0
      vertex 24 22 6.5
      vertex 23.7389 22.0171 6.5
    endloop
  endfacet
  facet normal -0.0653521 -0.997862 -0
    outer loop
      vertex 24 22 6.5
      vertex 23.7389 22.0171 0
      vertex 24 22 0
    endloop
  endfacet
  facet normal -0.659343 -0.751842 0
    outer loop
      vertex 22.5858 22.5858 0
      vertex 22.7825 22.4133 6.5
      vertex 22.5858 22.5858 6.5
    endloop
  endfacet
  facet normal -0.659343 -0.751842 -0
    outer loop
      vertex 22.7825 22.4133 6.5
      vertex 22.5858 22.5858 0
      vertex 22.7825 22.4133 0
    endloop
  endfacet
  facet normal 0.751842 0.659343 0
    outer loop
      vertex 25.5867 25.2175 6.5
      vertex 25.4142 25.4142 0
      vertex 25.4142 25.4142 6.5
    endloop
  endfacet
  facet normal 0.751842 0.659343 0
    outer loop
      vertex 25.4142 25.4142 0
      vertex 25.5867 25.2175 6.5
      vertex 25.5867 25.2175 0
    endloop
  endfacet
  facet normal 0.195013 0.980801 -0
    outer loop
      vertex 24.5176 25.9319 0
      vertex 24.2611 25.9829 6.5
      vertex 24.5176 25.9319 6.5
    endloop
  endfacet
  facet normal 0.195013 0.980801 0
    outer loop
      vertex 24.2611 25.9829 6.5
      vertex 24.5176 25.9319 0
      vertex 24.2611 25.9829 0
    endloop
  endfacet
  facet normal 0.442621 0.896709 -0
    outer loop
      vertex 25 25.732 0
      vertex 24.7654 25.8478 6.5
      vertex 25 25.732 6.5
    endloop
  endfacet
  facet normal 0.442621 0.896709 0
    outer loop
      vertex 24.7654 25.8478 6.5
      vertex 25 25.732 0
      vertex 24.7654 25.8478 0
    endloop
  endfacet
  facet normal -0.659343 0.751842 0
    outer loop
      vertex 22.7825 25.5867 0
      vertex 22.5858 25.4142 6.5
      vertex 22.7825 25.5867 6.5
    endloop
  endfacet
  facet normal -0.659343 0.751842 0
    outer loop
      vertex 22.5858 25.4142 6.5
      vertex 22.7825 25.5867 0
      vertex 22.5858 25.4142 0
    endloop
  endfacet
  facet normal -0.321382 0.94695 0
    outer loop
      vertex 23.4824 25.9319 0
      vertex 23.2346 25.8478 6.5
      vertex 23.4824 25.9319 6.5
    endloop
  endfacet
  facet normal -0.321382 0.94695 0
    outer loop
      vertex 23.2346 25.8478 6.5
      vertex 23.4824 25.9319 0
      vertex 23.2346 25.8478 0
    endloop
  endfacet
  facet normal 0.442314 -0.89686 0
    outer loop
      vertex 24.7654 22.1522 0
      vertex 25 22.2679 6.5
      vertex 24.7654 22.1522 6.5
    endloop
  endfacet
  facet normal 0.442314 -0.89686 0
    outer loop
      vertex 25 22.2679 6.5
      vertex 24.7654 22.1522 0
      vertex 25 22.2679 0
    endloop
  endfacet
  facet normal -0.89686 -0.442314 0
    outer loop
      vertex 22.2679 23 0
      vertex 22.1522 23.2346 6.5
      vertex 22.1522 23.2346 0
    endloop
  endfacet
  facet normal -0.89686 -0.442314 0
    outer loop
      vertex 22.1522 23.2346 6.5
      vertex 22.2679 23 0
      vertex 22.2679 23 6.5
    endloop
  endfacet
  facet normal 0.997862 0.0653521 0
    outer loop
      vertex 34 24 6.5
      vertex 33.9829 24.2611 0
      vertex 33.9829 24.2611 6.5
    endloop
  endfacet
  facet normal 0.997862 0.0653521 0
    outer loop
      vertex 33.9829 24.2611 0
      vertex 34 24 6.5
      vertex 34 24 0
    endloop
  endfacet
  facet normal -0.997862 -0.0653521 0
    outer loop
      vertex 30.0171 23.7389 0
      vertex 30 24 6.5
      vertex 30 24 0
    endloop
  endfacet
  facet normal -0.997862 -0.0653521 0
    outer loop
      vertex 30 24 6.5
      vertex 30.0171 23.7389 0
      vertex 30.0171 23.7389 6.5
    endloop
  endfacet
  facet normal -0.0653521 0.997862 0
    outer loop
      vertex 32 26 0
      vertex 31.7389 25.9829 6.5
      vertex 32 26 6.5
    endloop
  endfacet
  facet normal -0.0653521 0.997862 0
    outer loop
      vertex 31.7389 25.9829 6.5
      vertex 32 26 0
      vertex 31.7389 25.9829 0
    endloop
  endfacet
  facet normal 0.659343 0.751842 -0
    outer loop
      vertex 33.4142 25.4142 0
      vertex 33.2175 25.5867 6.5
      vertex 33.4142 25.4142 6.5
    endloop
  endfacet
  facet normal 0.659343 0.751842 0
    outer loop
      vertex 33.2175 25.5867 6.5
      vertex 33.4142 25.4142 0
      vertex 33.2175 25.5867 0
    endloop
  endfacet
  facet normal -0.751842 0.659343 0
    outer loop
      vertex 30.4133 25.2175 0
      vertex 30.5858 25.4142 6.5
      vertex 30.5858 25.4142 0
    endloop
  endfacet
  facet normal -0.751842 0.659343 0
    outer loop
      vertex 30.5858 25.4142 6.5
      vertex 30.4133 25.2175 0
      vertex 30.4133 25.2175 6.5
    endloop
  endfacet
  facet normal -0.442621 0.896709 0
    outer loop
      vertex 31.2346 25.8478 0
      vertex 31 25.732 6.5
      vertex 31.2346 25.8478 6.5
    endloop
  endfacet
  facet normal -0.442621 0.896709 0
    outer loop
      vertex 31 25.732 6.5
      vertex 31.2346 25.8478 0
      vertex 31 25.732 0
    endloop
  endfacet
  facet normal -0.94695 -0.321382 0
    outer loop
      vertex 30.1522 23.2346 0
      vertex 30.0681 23.4824 6.5
      vertex 30.0681 23.4824 0
    endloop
  endfacet
  facet normal -0.94695 -0.321382 0
    outer loop
      vertex 30.0681 23.4824 6.5
      vertex 30.1522 23.2346 0
      vertex 30.1522 23.2346 6.5
    endloop
  endfacet
  facet normal 0.896709 0.442621 0
    outer loop
      vertex 33.8478 24.7654 6.5
      vertex 33.732 25 0
      vertex 33.732 25 6.5
    endloop
  endfacet
  facet normal 0.896709 0.442621 0
    outer loop
      vertex 33.732 25 0
      vertex 33.8478 24.7654 6.5
      vertex 33.8478 24.7654 0
    endloop
  endfacet
  facet normal 0.980801 0.195013 0
    outer loop
      vertex 33.9829 24.2611 6.5
      vertex 33.9319 24.5176 0
      vertex 33.9319 24.5176 6.5
    endloop
  endfacet
  facet normal 0.980801 0.195013 0
    outer loop
      vertex 33.9319 24.5176 0
      vertex 33.9829 24.2611 6.5
      vertex 33.9829 24.2611 0
    endloop
  endfacet
  facet normal 0.831521 0.555494 0
    outer loop
      vertex 33.732 25 6.5
      vertex 33.5867 25.2175 0
      vertex 33.5867 25.2175 6.5
    endloop
  endfacet
  facet normal 0.831521 0.555494 0
    outer loop
      vertex 33.5867 25.2175 0
      vertex 33.732 25 6.5
      vertex 33.732 25 0
    endloop
  endfacet
  facet normal 0.321382 0.94695 -0
    outer loop
      vertex 32.7654 25.8478 0
      vertex 32.5176 25.9319 6.5
      vertex 32.7654 25.8478 6.5
    endloop
  endfacet
  facet normal 0.321382 0.94695 0
    outer loop
      vertex 32.5176 25.9319 6.5
      vertex 32.7654 25.8478 0
      vertex 32.5176 25.9319 0
    endloop
  endfacet
  facet normal 0.555494 0.831521 -0
    outer loop
      vertex 33.2175 25.5867 0
      vertex 33 25.732 6.5
      vertex 33.2175 25.5867 6.5
    endloop
  endfacet
  facet normal 0.555494 0.831521 0
    outer loop
      vertex 33 25.732 6.5
      vertex 33.2175 25.5867 0
      vertex 33 25.732 0
    endloop
  endfacet
  facet normal -0.89686 0.442314 0
    outer loop
      vertex 30.1522 24.7654 0
      vertex 30.2679 25 6.5
      vertex 30.2679 25 0
    endloop
  endfacet
  facet normal -0.89686 0.442314 0
    outer loop
      vertex 30.2679 25 6.5
      vertex 30.1522 24.7654 0
      vertex 30.1522 24.7654 6.5
    endloop
  endfacet
  facet normal -0.831344 0.555758 0
    outer loop
      vertex 30.2679 25 0
      vertex 30.4133 25.2175 6.5
      vertex 30.4133 25.2175 0
    endloop
  endfacet
  facet normal -0.831344 0.555758 0
    outer loop
      vertex 30.4133 25.2175 6.5
      vertex 30.2679 25 0
      vertex 30.2679 25 6.5
    endloop
  endfacet
  facet normal -0.980801 0.195013 0
    outer loop
      vertex 30.0171 24.2611 0
      vertex 30.0681 24.5176 6.5
      vertex 30.0681 24.5176 0
    endloop
  endfacet
  facet normal -0.980801 0.195013 0
    outer loop
      vertex 30.0681 24.5176 6.5
      vertex 30.0171 24.2611 0
      vertex 30.0171 24.2611 6.5
    endloop
  endfacet
  facet normal -0.555494 0.831521 0
    outer loop
      vertex 31 25.732 0
      vertex 30.7825 25.5867 6.5
      vertex 31 25.732 6.5
    endloop
  endfacet
  facet normal -0.555494 0.831521 0
    outer loop
      vertex 30.7825 25.5867 6.5
      vertex 31 25.732 0
      vertex 30.7825 25.5867 0
    endloop
  endfacet
  facet normal -0.195013 0.980801 0
    outer loop
      vertex 31.7389 25.9829 0
      vertex 31.4824 25.9319 6.5
      vertex 31.7389 25.9829 6.5
    endloop
  endfacet
  facet normal -0.195013 0.980801 0
    outer loop
      vertex 31.4824 25.9319 6.5
      vertex 31.7389 25.9829 0
      vertex 31.4824 25.9319 0
    endloop
  endfacet
  facet normal 0.321382 -0.94695 0
    outer loop
      vertex 32.5176 22.0681 0
      vertex 32.7654 22.1522 6.5
      vertex 32.5176 22.0681 6.5
    endloop
  endfacet
  facet normal 0.321382 -0.94695 0
    outer loop
      vertex 32.7654 22.1522 6.5
      vertex 32.5176 22.0681 0
      vertex 32.7654 22.1522 0
    endloop
  endfacet
  facet normal 0.195013 -0.980801 0
    outer loop
      vertex 32.2611 22.0171 0
      vertex 32.5176 22.0681 6.5
      vertex 32.2611 22.0171 6.5
    endloop
  endfacet
  facet normal 0.195013 -0.980801 0
    outer loop
      vertex 32.5176 22.0681 6.5
      vertex 32.2611 22.0171 0
      vertex 32.5176 22.0681 0
    endloop
  endfacet
  facet normal 0.751842 -0.659343 0
    outer loop
      vertex 33.4142 22.5858 6.5
      vertex 33.5867 22.7825 0
      vertex 33.5867 22.7825 6.5
    endloop
  endfacet
  facet normal 0.751842 -0.659343 0
    outer loop
      vertex 33.5867 22.7825 0
      vertex 33.4142 22.5858 6.5
      vertex 33.4142 22.5858 0
    endloop
  endfacet
  facet normal 0.555758 -0.831344 0
    outer loop
      vertex 33 22.2679 0
      vertex 33.2175 22.4133 6.5
      vertex 33 22.2679 6.5
    endloop
  endfacet
  facet normal 0.555758 -0.831344 0
    outer loop
      vertex 33.2175 22.4133 6.5
      vertex 33 22.2679 0
      vertex 33.2175 22.4133 0
    endloop
  endfacet
  facet normal 0.980801 -0.195013 0
    outer loop
      vertex 33.9319 23.4824 6.5
      vertex 33.9829 23.7389 0
      vertex 33.9829 23.7389 6.5
    endloop
  endfacet
  facet normal 0.980801 -0.195013 0
    outer loop
      vertex 33.9829 23.7389 0
      vertex 33.9319 23.4824 6.5
      vertex 33.9319 23.4824 0
    endloop
  endfacet
  facet normal -0.321382 -0.94695 0
    outer loop
      vertex 31.2346 22.1522 0
      vertex 31.4824 22.0681 6.5
      vertex 31.2346 22.1522 6.5
    endloop
  endfacet
  facet normal -0.321382 -0.94695 -0
    outer loop
      vertex 31.4824 22.0681 6.5
      vertex 31.2346 22.1522 0
      vertex 31.4824 22.0681 0
    endloop
  endfacet
  facet normal -0.195013 -0.980801 0
    outer loop
      vertex 31.4824 22.0681 0
      vertex 31.7389 22.0171 6.5
      vertex 31.4824 22.0681 6.5
    endloop
  endfacet
  facet normal -0.195013 -0.980801 -0
    outer loop
      vertex 31.7389 22.0171 6.5
      vertex 31.4824 22.0681 0
      vertex 31.7389 22.0171 0
    endloop
  endfacet
  facet normal -0.831344 -0.555758 0
    outer loop
      vertex 30.4133 22.7825 0
      vertex 30.2679 23 6.5
      vertex 30.2679 23 0
    endloop
  endfacet
  facet normal -0.831344 -0.555758 0
    outer loop
      vertex 30.2679 23 6.5
      vertex 30.4133 22.7825 0
      vertex 30.4133 22.7825 6.5
    endloop
  endfacet
  facet normal -0.751842 -0.659343 0
    outer loop
      vertex 30.5858 22.5858 0
      vertex 30.4133 22.7825 6.5
      vertex 30.4133 22.7825 0
    endloop
  endfacet
  facet normal -0.751842 -0.659343 0
    outer loop
      vertex 30.4133 22.7825 6.5
      vertex 30.5858 22.5858 0
      vertex 30.5858 22.5858 6.5
    endloop
  endfacet
  facet normal -0.980801 -0.195013 0
    outer loop
      vertex 30.0681 23.4824 0
      vertex 30.0171 23.7389 6.5
      vertex 30.0171 23.7389 0
    endloop
  endfacet
  facet normal -0.980801 -0.195013 0
    outer loop
      vertex 30.0171 23.7389 6.5
      vertex 30.0681 23.4824 0
      vertex 30.0681 23.4824 6.5
    endloop
  endfacet
  facet normal 0.94695 0.321382 0
    outer loop
      vertex 33.9319 24.5176 6.5
      vertex 33.8478 24.7654 0
      vertex 33.8478 24.7654 6.5
    endloop
  endfacet
  facet normal 0.94695 0.321382 0
    outer loop
      vertex 33.8478 24.7654 0
      vertex 33.9319 24.5176 6.5
      vertex 33.9319 24.5176 0
    endloop
  endfacet
  facet normal 0.0653521 0.997862 -0
    outer loop
      vertex 32.2611 25.9829 0
      vertex 32 26 6.5
      vertex 32.2611 25.9829 6.5
    endloop
  endfacet
  facet normal 0.0653521 0.997862 0
    outer loop
      vertex 32 26 6.5
      vertex 32.2611 25.9829 0
      vertex 32 26 0
    endloop
  endfacet
  facet normal 0 0 -1
    outer loop
      vertex 33.9829 23.7389 0
      vertex 33.9829 24.2611 0
      vertex 34 24 0
    endloop
  endfacet
  facet normal 0 0 -1
    outer loop
      vertex 33.9319 23.4824 0
      vertex 33.9829 24.2611 0
      vertex 33.9829 23.7389 0
    endloop
  endfacet
  facet normal 0 0 -1
    outer loop
      vertex 33.9319 23.4824 0
      vertex 33.9319 24.5176 0
      vertex 33.9829 24.2611 0
    endloop
  endfacet
  facet normal 0 0 -1
    outer loop
      vertex 33.8478 23.2346 0
      vertex 33.9319 24.5176 0
      vertex 33.9319 23.4824 0
    endloop
  endfacet
  facet normal 0 0 -1
    outer loop
      vertex 33.8478 23.2346 0
      vertex 33.8478 24.7654 0
      vertex 33.9319 24.5176 0
    endloop
  endfacet
  facet normal 0 0 -1
    outer loop
      vertex 33.732 23 0
      vertex 33.8478 24.7654 0
      vertex 33.8478 23.2346 0
    endloop
  endfacet
  facet normal 0 0 -1
    outer loop
      vertex 33.732 23 0
      vertex 33.732 25 0
      vertex 33.8478 24.7654 0
    endloop
  endfacet
  facet normal 0 0 -1
    outer loop
      vertex 33.5867 22.7825 0
      vertex 33.732 25 0
      vertex 33.732 23 0
    endloop
  endfacet
  facet normal 0 0 -1
    outer loop
      vertex 33.5867 22.7825 0
      vertex 33.5867 25.2175 0
      vertex 33.732 25 0
    endloop
  endfacet
  facet normal 0 0 -1
    outer loop
      vertex 33.4142 22.5858 0
      vertex 33.5867 25.2175 0
      vertex 33.5867 22.7825 0
    endloop
  endfacet
  facet normal 0 0 -1
    outer loop
      vertex 33.4142 22.5858 0
      vertex 33.4142 25.4142 0
      vertex 33.5867 25.2175 0
    endloop
  endfacet
  facet normal 0 0 -1
    outer loop
      vertex 33.2175 22.4133 0
      vertex 33.4142 25.4142 0
      vertex 33.4142 22.5858 0
    endloop
  endfacet
  facet normal 0 0 -1
    outer loop
      vertex 33.2175 22.4133 0
      vertex 33.2175 25.5867 0
      vertex 33.4142 25.4142 0
    endloop
  endfacet
  facet normal 0 0 -1
    outer loop
      vertex 33 22.2679 0
      vertex 33.2175 25.5867 0
      vertex 33.2175 22.4133 0
    endloop
  endfacet
  facet normal 0 0 -1
    outer loop
      vertex 33 22.2679 0
      vertex 33 25.732 0
      vertex 33.2175 25.5867 0
    endloop
  endfacet
  facet normal 0 0 -1
    outer loop
      vertex 32.7654 22.1522 0
      vertex 33 25.732 0
      vertex 33 22.2679 0
    endloop
  endfacet
  facet normal 0 0 -1
    outer loop
      vertex 32.7654 22.1522 0
      vertex 32.7654 25.8478 0
      vertex 33 25.732 0
    endloop
  endfacet
  facet normal 0 0 -1
    outer loop
      vertex 32.5176 22.0681 0
      vertex 32.7654 25.8478 0
      vertex 32.7654 22.1522 0
    endloop
  endfacet
  facet normal 0 0 -1
    outer loop
      vertex 32.5176 22.0681 0
      vertex 32.5176 25.9319 0
      vertex 32.7654 25.8478 0
    endloop
  endfacet
  facet normal 0 0 -1
    outer loop
      vertex 32.2611 22.0171 0
      vertex 32.5176 25.9319 0
      vertex 32.5176 22.0681 0
    endloop
  endfacet
  facet normal 0 0 -1
    outer loop
      vertex 32.2611 22.0171 0
      vertex 32.2611 25.9829 0
      vertex 32.5176 25.9319 0
    endloop
  endfacet
  facet normal 0 0 -1
    outer loop
      vertex 32 22 0
      vertex 32.2611 25.9829 0
      vertex 32.2611 22.0171 0
    endloop
  endfacet
  facet normal 0 0 -1
    outer loop
      vertex 32 22 0
      vertex 32 26 0
      vertex 32.2611 25.9829 0
    endloop
  endfacet
  facet normal 0 0 -1
    outer loop
      vertex 31.7389 22.0171 0
      vertex 32 26 0
      vertex 32 22 0
    endloop
  endfacet
  facet normal 0 0 -1
    outer loop
      vertex 31.7389 22.0171 0
      vertex 31.7389 25.9829 0
      vertex 32 26 0
    endloop
  endfacet
  facet normal 0 0 -1
    outer loop
      vertex 31.4824 22.0681 0
      vertex 31.7389 25.9829 0
      vertex 31.7389 22.0171 0
    endloop
  endfacet
  facet normal 0 0 -1
    outer loop
      vertex 31.4824 22.0681 0
      vertex 31.4824 25.9319 0
      vertex 31.7389 25.9829 0
    endloop
  endfacet
  facet normal 0 0 -1
    outer loop
      vertex 31.2346 22.1522 0
      vertex 31.4824 25.9319 0
      vertex 31.4824 22.0681 0
    endloop
  endfacet
  facet normal 0 0 -1
    outer loop
      vertex 31.2346 22.1522 0
      vertex 31.2346 25.8478 0
      vertex 31.4824 25.9319 0
    endloop
  endfacet
  facet normal 0 0 -1
    outer loop
      vertex 31 22.2679 0
      vertex 31.2346 25.8478 0
      vertex 31.2346 22.1522 0
    endloop
  endfacet
  facet normal 0 0 -1
    outer loop
      vertex 31 22.2679 0
      vertex 31 25.732 0
      vertex 31.2346 25.8478 0
    endloop
  endfacet
  facet normal 0 0 -1
    outer loop
      vertex 30.7825 22.4133 0
      vertex 31 25.732 0
      vertex 31 22.2679 0
    endloop
  endfacet
  facet normal 0 0 -1
    outer loop
      vertex 30.7825 22.4133 0
      vertex 30.7825 25.5867 0
      vertex 31 25.732 0
    endloop
  endfacet
  facet normal 0 0 -1
    outer loop
      vertex 30.5858 22.5858 0
      vertex 30.7825 25.5867 0
      vertex 30.7825 22.4133 0
    endloop
  endfacet
  facet normal 0 0 -1
    outer loop
      vertex 30.5858 22.5858 0
      vertex 30.5858 25.4142 0
      vertex 30.7825 25.5867 0
    endloop
  endfacet
  facet normal 0 0 -1
    outer loop
      vertex 30.4133 22.7825 0
      vertex 30.5858 25.4142 0
      vertex 30.5858 22.5858 0
    endloop
  endfacet
  facet normal 0 0 -1
    outer loop
      vertex 30.4133 22.7825 0
      vertex 30.4133 25.2175 0
      vertex 30.5858 25.4142 0
    endloop
  endfacet
  facet normal 0 0 -1
    outer loop
      vertex 30.2679 23 0
      vertex 30.4133 25.2175 0
      vertex 30.4133 22.7825 0
    endloop
  endfacet
  facet normal 0 0 -1
    outer loop
      vertex 30.2679 23 0
      vertex 30.2679 25 0
      vertex 30.4133 25.2175 0
    endloop
  endfacet
  facet normal 0 0 -1
    outer loop
      vertex 30.1522 23.2346 0
      vertex 30.2679 25 0
      vertex 30.2679 23 0
    endloop
  endfacet
  facet normal 0 0 -1
    outer loop
      vertex 30.1522 23.2346 0
      vertex 30.1522 24.7654 0
      vertex 30.2679 25 0
    endloop
  endfacet
  facet normal 0 0 -1
    outer loop
      vertex 30.0681 23.4824 0
      vertex 30.1522 24.7654 0
      vertex 30.1522 23.2346 0
    endloop
  endfacet
  facet normal 0 0 -1
    outer loop
      vertex 30.0681 23.4824 0
      vertex 30.0681 24.5176 0
      vertex 30.1522 24.7654 0
    endloop
  endfacet
  facet normal 0 0 -1
    outer loop
      vertex 30.0171 23.7389 0
      vertex 30.0681 24.5176 0
      vertex 30.0681 23.4824 0
    endloop
  endfacet
  facet normal 0 0 -1
    outer loop
      vertex 30.0171 23.7389 0
      vertex 30.0171 24.2611 0
      vertex 30.0681 24.5176 0
    endloop
  endfacet
  facet normal 0 -0 -1
    outer loop
      vertex 30.0171 24.2611 0
      vertex 30.0171 23.7389 0
      vertex 30 24 0
    endloop
  endfacet
  facet normal -0.94695 0.321382 0
    outer loop
      vertex 30.0681 24.5176 0
      vertex 30.1522 24.7654 6.5
      vertex 30.1522 24.7654 0
    endloop
  endfacet
  facet normal -0.94695 0.321382 0
    outer loop
      vertex 30.1522 24.7654 6.5
      vertex 30.0681 24.5176 0
      vertex 30.0681 24.5176 6.5
    endloop
  endfacet
  facet normal -0.997862 0.0653521 0
    outer loop
      vertex 30 24 0
      vertex 30.0171 24.2611 6.5
      vertex 30.0171 24.2611 0
    endloop
  endfacet
  facet normal -0.997862 0.0653521 0
    outer loop
      vertex 30.0171 24.2611 6.5
      vertex 30 24 0
      vertex 30 24 6.5
    endloop
  endfacet
  facet normal 0 0 1
    outer loop
      vertex 33.9829 24.2611 6.5
      vertex 33.9829 23.7389 6.5
      vertex 34 24 6.5
    endloop
  endfacet
  facet normal 0 0 1
    outer loop
      vertex 33.9319 24.5176 6.5
      vertex 33.9829 23.7389 6.5
      vertex 33.9829 24.2611 6.5
    endloop
  endfacet
  facet normal 0 0 1
    outer loop
      vertex 33.9319 24.5176 6.5
      vertex 33.9319 23.4824 6.5
      vertex 33.9829 23.7389 6.5
    endloop
  endfacet
  facet normal 0 0 1
    outer loop
      vertex 33.8478 24.7654 6.5
      vertex 33.9319 23.4824 6.5
      vertex 33.9319 24.5176 6.5
    endloop
  endfacet
  facet normal 0 0 1
    outer loop
      vertex 33.8478 24.7654 6.5
      vertex 33.8478 23.2346 6.5
      vertex 33.9319 23.4824 6.5
    endloop
  endfacet
  facet normal 0 0 1
    outer loop
      vertex 33.732 25 6.5
      vertex 33.8478 23.2346 6.5
      vertex 33.8478 24.7654 6.5
    endloop
  endfacet
  facet normal 0 0 1
    outer loop
      vertex 33.732 25 6.5
      vertex 33.732 23 6.5
      vertex 33.8478 23.2346 6.5
    endloop
  endfacet
  facet normal 0 0 1
    outer loop
      vertex 33.5867 25.2175 6.5
      vertex 33.732 23 6.5
      vertex 33.732 25 6.5
    endloop
  endfacet
  facet normal 0 0 1
    outer loop
      vertex 33.5867 25.2175 6.5
      vertex 33.5867 22.7825 6.5
      vertex 33.732 23 6.5
    endloop
  endfacet
  facet normal 0 0 1
    outer loop
      vertex 33.4142 25.4142 6.5
      vertex 33.5867 22.7825 6.5
      vertex 33.5867 25.2175 6.5
    endloop
  endfacet
  facet normal 0 0 1
    outer loop
      vertex 33.4142 25.4142 6.5
      vertex 33.4142 22.5858 6.5
      vertex 33.5867 22.7825 6.5
    endloop
  endfacet
  facet normal 0 0 1
    outer loop
      vertex 33.2175 25.5867 6.5
      vertex 33.4142 22.5858 6.5
      vertex 33.4142 25.4142 6.5
    endloop
  endfacet
  facet normal 0 0 1
    outer loop
      vertex 33.2175 25.5867 6.5
      vertex 33.2175 22.4133 6.5
      vertex 33.4142 22.5858 6.5
    endloop
  endfacet
  facet normal 0 0 1
    outer loop
      vertex 33 25.732 6.5
      vertex 33.2175 22.4133 6.5
      vertex 33.2175 25.5867 6.5
    endloop
  endfacet
  facet normal 0 0 1
    outer loop
      vertex 33 25.732 6.5
      vertex 33 22.2679 6.5
      vertex 33.2175 22.4133 6.5
    endloop
  endfacet
  facet normal 0 0 1
    outer loop
      vertex 32.7654 25.8478 6.5
      vertex 33 22.2679 6.5
      vertex 33 25.732 6.5
    endloop
  endfacet
  facet normal 0 0 1
    outer loop
      vertex 32.7654 25.8478 6.5
      vertex 32.7654 22.1522 6.5
      vertex 33 22.2679 6.5
    endloop
  endfacet
  facet normal 0 0 1
    outer loop
      vertex 32.5176 25.9319 6.5
      vertex 32.7654 22.1522 6.5
      vertex 32.7654 25.8478 6.5
    endloop
  endfacet
  facet normal 0 0 1
    outer loop
      vertex 32.5176 25.9319 6.5
      vertex 32.5176 22.0681 6.5
      vertex 32.7654 22.1522 6.5
    endloop
  endfacet
  facet normal 0 0 1
    outer loop
      vertex 32.2611 25.9829 6.5
      vertex 32.5176 22.0681 6.5
      vertex 32.5176 25.9319 6.5
    endloop
  endfacet
  facet normal 0 0 1
    outer loop
      vertex 32.2611 25.9829 6.5
      vertex 32.2611 22.0171 6.5
      vertex 32.5176 22.0681 6.5
    endloop
  endfacet
  facet normal 0 0 1
    outer loop
      vertex 32 26 6.5
      vertex 32.2611 22.0171 6.5
      vertex 32.2611 25.9829 6.5
    endloop
  endfacet
  facet normal 0 0 1
    outer loop
      vertex 32 26 6.5
      vertex 32 22 6.5
      vertex 32.2611 22.0171 6.5
    endloop
  endfacet
  facet normal -0 0 1
    outer loop
      vertex 31.7389 25.9829 6.5
      vertex 32 22 6.5
      vertex 32 26 6.5
    endloop
  endfacet
  facet normal 0 0 1
    outer loop
      vertex 31.7389 25.9829 6.5
      vertex 31.7389 22.0171 6.5
      vertex 32 22 6.5
    endloop
  endfacet
  facet normal -0 0 1
    outer loop
      vertex 31.4824 25.9319 6.5
      vertex 31.7389 22.0171 6.5
      vertex 31.7389 25.9829 6.5
    endloop
  endfacet
  facet normal 0 0 1
    outer loop
      vertex 31.4824 25.9319 6.5
      vertex 31.4824 22.0681 6.5
      vertex 31.7389 22.0171 6.5
    endloop
  endfacet
  facet normal -0 0 1
    outer loop
      vertex 31.2346 25.8478 6.5
      vertex 31.4824 22.0681 6.5
      vertex 31.4824 25.9319 6.5
    endloop
  endfacet
  facet normal 0 0 1
    outer loop
      vertex 31.2346 25.8478 6.5
      vertex 31.2346 22.1522 6.5
      vertex 31.4824 22.0681 6.5
    endloop
  endfacet
  facet normal -0 0 1
    outer loop
      vertex 31 25.732 6.5
      vertex 31.2346 22.1522 6.5
      vertex 31.2346 25.8478 6.5
    endloop
  endfacet
  facet normal 0 0 1
    outer loop
      vertex 31 25.732 6.5
      vertex 31 22.2679 6.5
      vertex 31.2346 22.1522 6.5
    endloop
  endfacet
  facet normal -0 0 1
    outer loop
      vertex 30.7825 25.5867 6.5
      vertex 31 22.2679 6.5
      vertex 31 25.732 6.5
    endloop
  endfacet
  facet normal 0 0 1
    outer loop
      vertex 30.7825 25.5867 6.5
      vertex 30.7825 22.4133 6.5
      vertex 31 22.2679 6.5
    endloop
  endfacet
  facet normal -0 0 1
    outer loop
      vertex 30.5858 25.4142 6.5
      vertex 30.7825 22.4133 6.5
      vertex 30.7825 25.5867 6.5
    endloop
  endfacet
  facet normal 0 0 1
    outer loop
      vertex 30.5858 25.4142 6.5
      vertex 30.5858 22.5858 6.5
      vertex 30.7825 22.4133 6.5
    endloop
  endfacet
  facet normal -0 0 1
    outer loop
      vertex 30.4133 25.2175 6.5
      vertex 30.5858 22.5858 6.5
      vertex 30.5858 25.4142 6.5
    endloop
  endfacet
  facet normal 0 0 1
    outer loop
      vertex 30.4133 25.2175 6.5
      vertex 30.4133 22.7825 6.5
      vertex 30.5858 22.5858 6.5
    endloop
  endfacet
  facet normal -0 0 1
    outer loop
      vertex 30.2679 25 6.5
      vertex 30.4133 22.7825 6.5
      vertex 30.4133 25.2175 6.5
    endloop
  endfacet
  facet normal 0 0 1
    outer loop
      vertex 30.2679 25 6.5
      vertex 30.2679 23 6.5
      vertex 30.4133 22.7825 6.5
    endloop
  endfacet
  facet normal -0 0 1
    outer loop
      vertex 30.1522 24.7654 6.5
      vertex 30.2679 23 6.5
      vertex 30.2679 25 6.5
    endloop
  endfacet
  facet normal 0 0 1
    outer loop
      vertex 30.1522 24.7654 6.5
      vertex 30.1522 23.2346 6.5
      vertex 30.2679 23 6.5
    endloop
  endfacet
  facet normal -0 0 1
    outer loop
      vertex 30.0681 24.5176 6.5
      vertex 30.1522 23.2346 6.5
      vertex 30.1522 24.7654 6.5
    endloop
  endfacet
  facet normal 0 0 1
    outer loop
      vertex 30.0681 24.5176 6.5
      vertex 30.0681 23.4824 6.5
      vertex 30.1522 23.2346 6.5
    endloop
  endfacet
  facet normal -0 0 1
    outer loop
      vertex 30.0171 24.2611 6.5
      vertex 30.0681 23.4824 6.5
      vertex 30.0681 24.5176 6.5
    endloop
  endfacet
  facet normal 0 0 1
    outer loop
      vertex 30.0171 24.2611 6.5
      vertex 30.0171 23.7389 6.5
      vertex 30.0681 23.4824 6.5
    endloop
  endfacet
  facet normal 0 -0 1
    outer loop
      vertex 30.0171 23.7389 6.5
      vertex 30.0171 24.2611 6.5
      vertex 30 24 6.5
    endloop
  endfacet
  facet normal 0.997862 -0.0653521 0
    outer loop
      vertex 33.9829 23.7389 6.5
      vertex 34 24 0
      vertex 34 24 6.5
    endloop
  endfacet
  facet normal 0.997862 -0.0653521 0
    outer loop
      vertex 34 24 0
      vertex 33.9829 23.7389 6.5
      vertex 33.9829 23.7389 0
    endloop
  endfacet
  facet normal 0.659343 -0.751842 0
    outer loop
      vertex 33.2175 22.4133 0
      vertex 33.4142 22.5858 6.5
      vertex 33.2175 22.4133 6.5
    endloop
  endfacet
  facet normal 0.659343 -0.751842 0
    outer loop
      vertex 33.4142 22.5858 6.5
      vertex 33.2175 22.4133 0
      vertex 33.4142 22.5858 0
    endloop
  endfacet
  facet normal 0.94695 -0.321382 0
    outer loop
      vertex 33.8478 23.2346 6.5
      vertex 33.9319 23.4824 0
      vertex 33.9319 23.4824 6.5
    endloop
  endfacet
  facet normal 0.94695 -0.321382 0
    outer loop
      vertex 33.9319 23.4824 0
      vertex 33.8478 23.2346 6.5
      vertex 33.8478 23.2346 0
    endloop
  endfacet
  facet normal 0.831521 -0.555494 0
    outer loop
      vertex 33.5867 22.7825 6.5
      vertex 33.732 23 0
      vertex 33.732 23 6.5
    endloop
  endfacet
  facet normal 0.831521 -0.555494 0
    outer loop
      vertex 33.732 23 0
      vertex 33.5867 22.7825 6.5
      vertex 33.5867 22.7825 0
    endloop
  endfacet
  facet normal 0.896709 -0.442621 0
    outer loop
      vertex 33.732 23 6.5
      vertex 33.8478 23.2346 0
      vertex 33.8478 23.2346 6.5
    endloop
  endfacet
  facet normal 0.896709 -0.442621 0
    outer loop
      vertex 33.8478 23.2346 0
      vertex 33.732 23 6.5
      vertex 33.732 23 0
    endloop
  endfacet
  facet normal -0.555758 -0.831344 0
    outer loop
      vertex 30.7825 22.4133 0
      vertex 31 22.2679 6.5
      vertex 30.7825 22.4133 6.5
    endloop
  endfacet
  facet normal -0.555758 -0.831344 -0
    outer loop
      vertex 31 22.2679 6.5
      vertex 30.7825 22.4133 0
      vertex 31 22.2679 0
    endloop
  endfacet
  facet normal -0.442314 -0.89686 0
    outer loop
      vertex 31 22.2679 0
      vertex 31.2346 22.1522 6.5
      vertex 31 22.2679 6.5
    endloop
  endfacet
  facet normal -0.442314 -0.89686 -0
    outer loop
      vertex 31.2346 22.1522 6.5
      vertex 31 22.2679 0
      vertex 31.2346 22.1522 0
    endloop
  endfacet
  facet normal -0.0653521 -0.997862 0
    outer loop
      vertex 31.7389 22.0171 0
      vertex 32 22 6.5
      vertex 31.7389 22.0171 6.5
    endloop
  endfacet
  facet normal -0.0653521 -0.997862 -0
    outer loop
      vertex 32 22 6.5
      vertex 31.7389 22.0171 0
      vertex 32 22 0
    endloop
  endfacet
  facet normal -0.659343 -0.751842 0
    outer loop
      vertex 30.5858 22.5858 0
      vertex 30.7825 22.4133 6.5
      vertex 30.5858 22.5858 6.5
    endloop
  endfacet
  facet normal -0.659343 -0.751842 -0
    outer loop
      vertex 30.7825 22.4133 6.5
      vertex 30.5858 22.5858 0
      vertex 30.7825 22.4133 0
    endloop
  endfacet
  facet normal 0.751842 0.659343 0
    outer loop
      vertex 33.5867 25.2175 6.5
      vertex 33.4142 25.4142 0
      vertex 33.4142 25.4142 6.5
    endloop
  endfacet
  facet normal 0.751842 0.659343 0
    outer loop
      vertex 33.4142 25.4142 0
      vertex 33.5867 25.2175 6.5
      vertex 33.5867 25.2175 0
    endloop
  endfacet
  facet normal 0.195013 0.980801 -0
    outer loop
      vertex 32.5176 25.9319 0
      vertex 32.2611 25.9829 6.5
      vertex 32.5176 25.9319 6.5
    endloop
  endfacet
  facet normal 0.195013 0.980801 0
    outer loop
      vertex 32.2611 25.9829 6.5
      vertex 32.5176 25.9319 0
      vertex 32.2611 25.9829 0
    endloop
  endfacet
  facet normal 0.442621 0.896709 -0
    outer loop
      vertex 33 25.732 0
      vertex 32.7654 25.8478 6.5
      vertex 33 25.732 6.5
    endloop
  endfacet
  facet normal 0.442621 0.896709 0
    outer loop
      vertex 32.7654 25.8478 6.5
      vertex 33 25.732 0
      vertex 32.7654 25.8478 0
    endloop
  endfacet
  facet normal -0.659343 0.751842 0
    outer loop
      vertex 30.7825 25.5867 0
      vertex 30.5858 25.4142 6.5
      vertex 30.7825 25.5867 6.5
    endloop
  endfacet
  facet normal -0.659343 0.751842 0
    outer loop
      vertex 30.5858 25.4142 6.5
      vertex 30.7825 25.5867 0
      vertex 30.5858 25.4142 0
    endloop
  endfacet
  facet normal -0.321382 0.94695 0
    outer loop
      vertex 31.4824 25.9319 0
      vertex 31.2346 25.8478 6.5
      vertex 31.4824 25.9319 6.5
    endloop
  endfacet
  facet normal -0.321382 0.94695 0
    outer loop
      vertex 31.2346 25.8478 6.5
      vertex 31.4824 25.9319 0
      vertex 31.2346 25.8478 0
    endloop
  endfacet
  facet normal 0.442314 -0.89686 0
    outer loop
      vertex 32.7654 22.1522 0
      vertex 33 22.2679 6.5
      vertex 32.7654 22.1522 6.5
    endloop
  endfacet
  facet normal 0.442314 -0.89686 0
    outer loop
      vertex 33 22.2679 6.5
      vertex 32.7654 22.1522 0
      vertex 33 22.2679 0
    endloop
  endfacet
  facet normal 0.0653521 -0.997862 0
    outer loop
      vertex 32 22 0
      vertex 32.2611 22.0171 6.5
      vertex 32 22 6.5
    endloop
  endfacet
  facet normal 0.0653521 -0.997862 0
    outer loop
      vertex 32.2611 22.0171 6.5
      vertex 32 22 0
      vertex 32.2611 22.0171 0
    endloop
  endfacet
  facet normal -0.89686 -0.442314 0
    outer loop
      vertex 30.2679 23 0
      vertex 30.1522 23.2346 6.5
      vertex 30.1522 23.2346 0
    endloop
  endfacet
  facet normal -0.89686 -0.442314 0
    outer loop
      vertex 30.1522 23.2346 6.5
      vertex 30.2679 23 0
      vertex 30.2679 23 6.5
    endloop
  endfacet
  facet normal 0.997862 0.0653521 0
    outer loop
      vertex 42 24 6.5
      vertex 41.9829 24.2611 0
      vertex 41.9829 24.2611 6.5
    endloop
  endfacet
  facet normal 0.997862 0.0653521 0
    outer loop
      vertex 41.9829 24.2611 0
      vertex 42 24 6.5
      vertex 42 24 0
    endloop
  endfacet
  facet normal -0.997862 -0.0653521 0
    outer loop
      vertex 38.0171 23.7389 0
      vertex 38 24 6.5
      vertex 38 24 0
    endloop
  endfacet
  facet normal -0.997862 -0.0653521 0
    outer loop
      vertex 38 24 6.5
      vertex 38.0171 23.7389 0
      vertex 38.0171 23.7389 6.5
    endloop
  endfacet
  facet normal -0.0653521 0.997862 0
    outer loop
      vertex 40 26 0
      vertex 39.7389 25.9829 6.5
      vertex 40 26 6.5
    endloop
  endfacet
  facet normal -0.0653521 0.997862 0
    outer loop
      vertex 39.7389 25.9829 6.5
      vertex 40 26 0
      vertex 39.7389 25.9829 0
    endloop
  endfacet
  facet normal 0.659343 0.751842 -0
    outer loop
      vertex 41.4142 25.4142 0
      vertex 41.2175 25.5867 6.5
      vertex 41.4142 25.4142 6.5
    endloop
  endfacet
  facet normal 0.659343 0.751842 0
    outer loop
      vertex 41.2175 25.5867 6.5
      vertex 41.4142 25.4142 0
      vertex 41.2175 25.5867 0
    endloop
  endfacet
  facet normal -0.751842 0.659343 0
    outer loop
      vertex 38.4133 25.2175 0
      vertex 38.5858 25.4142 6.5
      vertex 38.5858 25.4142 0
    endloop
  endfacet
  facet normal -0.751842 0.659343 0
    outer loop
      vertex 38.5858 25.4142 6.5
      vertex 38.4133 25.2175 0
      vertex 38.4133 25.2175 6.5
    endloop
  endfacet
  facet normal -0.442621 0.896709 0
    outer loop
      vertex 39.2346 25.8478 0
      vertex 39 25.732 6.5
      vertex 39.2346 25.8478 6.5
    endloop
  endfacet
  facet normal -0.442621 0.896709 0
    outer loop
      vertex 39 25.732 6.5
      vertex 39.2346 25.8478 0
      vertex 39 25.732 0
    endloop
  endfacet
  facet normal -0.94695 -0.321382 0
    outer loop
      vertex 38.1522 23.2346 0
      vertex 38.0681 23.4824 6.5
      vertex 38.0681 23.4824 0
    endloop
  endfacet
  facet normal -0.94695 -0.321382 0
    outer loop
      vertex 38.0681 23.4824 6.5
      vertex 38.1522 23.2346 0
      vertex 38.1522 23.2346 6.5
    endloop
  endfacet
  facet normal 0.896709 0.442621 0
    outer loop
      vertex 41.8478 24.7654 6.5
      vertex 41.732 25 0
      vertex 41.732 25 6.5
    endloop
  endfacet
  facet normal 0.896709 0.442621 0
    outer loop
      vertex 41.732 25 0
      vertex 41.8478 24.7654 6.5
      vertex 41.8478 24.7654 0
    endloop
  endfacet
  facet normal 0.980801 0.195013 0
    outer loop
      vertex 41.9829 24.2611 6.5
      vertex 41.9319 24.5176 0
      vertex 41.9319 24.5176 6.5
    endloop
  endfacet
  facet normal 0.980801 0.195013 0
    outer loop
      vertex 41.9319 24.5176 0
      vertex 41.9829 24.2611 6.5
      vertex 41.9829 24.2611 0
    endloop
  endfacet
  facet normal 0.831521 0.555494 0
    outer loop
      vertex 41.732 25 6.5
      vertex 41.5867 25.2175 0
      vertex 41.5867 25.2175 6.5
    endloop
  endfacet
  facet normal 0.831521 0.555494 0
    outer loop
      vertex 41.5867 25.2175 0
      vertex 41.732 25 6.5
      vertex 41.732 25 0
    endloop
  endfacet
  facet normal 0.321382 0.94695 -0
    outer loop
      vertex 40.7654 25.8478 0
      vertex 40.5176 25.9319 6.5
      vertex 40.7654 25.8478 6.5
    endloop
  endfacet
  facet normal 0.321382 0.94695 0
    outer loop
      vertex 40.5176 25.9319 6.5
      vertex 40.7654 25.8478 0
      vertex 40.5176 25.9319 0
    endloop
  endfacet
  facet normal 0.555494 0.831521 -0
    outer loop
      vertex 41.2175 25.5867 0
      vertex 41 25.732 6.5
      vertex 41.2175 25.5867 6.5
    endloop
  endfacet
  facet normal 0.555494 0.831521 0
    outer loop
      vertex 41 25.732 6.5
      vertex 41.2175 25.5867 0
      vertex 41 25.732 0
    endloop
  endfacet
  facet normal -0.89686 0.442314 0
    outer loop
      vertex 38.1522 24.7654 0
      vertex 38.2679 25 6.5
      vertex 38.2679 25 0
    endloop
  endfacet
  facet normal -0.89686 0.442314 0
    outer loop
      vertex 38.2679 25 6.5
      vertex 38.1522 24.7654 0
      vertex 38.1522 24.7654 6.5
    endloop
  endfacet
  facet normal -0.831344 0.555758 0
    outer loop
      vertex 38.2679 25 0
      vertex 38.4133 25.2175 6.5
      vertex 38.4133 25.2175 0
    endloop
  endfacet
  facet normal -0.831344 0.555758 0
    outer loop
      vertex 38.4133 25.2175 6.5
      vertex 38.2679 25 0
      vertex 38.2679 25 6.5
    endloop
  endfacet
  facet normal -0.980801 0.195013 0
    outer loop
      vertex 38.0171 24.2611 0
      vertex 38.0681 24.5176 6.5
      vertex 38.0681 24.5176 0
    endloop
  endfacet
  facet normal -0.980801 0.195013 0
    outer loop
      vertex 38.0681 24.5176 6.5
      vertex 38.0171 24.2611 0
      vertex 38.0171 24.2611 6.5
    endloop
  endfacet
  facet normal -0.555494 0.831521 0
    outer loop
      vertex 39 25.732 0
      vertex 38.7825 25.5867 6.5
      vertex 39 25.732 6.5
    endloop
  endfacet
  facet normal -0.555494 0.831521 0
    outer loop
      vertex 38.7825 25.5867 6.5
      vertex 39 25.732 0
      vertex 38.7825 25.5867 0
    endloop
  endfacet
  facet normal -0.195013 0.980801 0
    outer loop
      vertex 39.7389 25.9829 0
      vertex 39.4824 25.9319 6.5
      vertex 39.7389 25.9829 6.5
    endloop
  endfacet
  facet normal -0.195013 0.980801 0
    outer loop
      vertex 39.4824 25.9319 6.5
      vertex 39.7389 25.9829 0
      vertex 39.4824 25.9319 0
    endloop
  endfacet
  facet normal 0.321382 -0.94695 0
    outer loop
      vertex 40.5176 22.0681 0
      vertex 40.7654 22.1522 6.5
      vertex 40.5176 22.0681 6.5
    endloop
  endfacet
  facet normal 0.321382 -0.94695 0
    outer loop
      vertex 40.7654 22.1522 6.5
      vertex 40.5176 22.0681 0
      vertex 40.7654 22.1522 0
    endloop
  endfacet
  facet normal 0.195013 -0.980801 0
    outer loop
      vertex 40.2611 22.0171 0
      vertex 40.5176 22.0681 6.5
      vertex 40.2611 22.0171 6.5
    endloop
  endfacet
  facet normal 0.195013 -0.980801 0
    outer loop
      vertex 40.5176 22.0681 6.5
      vertex 40.2611 22.0171 0
      vertex 40.5176 22.0681 0
    endloop
  endfacet
  facet normal 0.751842 -0.659343 0
    outer loop
      vertex 41.4142 22.5858 6.5
      vertex 41.5867 22.7825 0
      vertex 41.5867 22.7825 6.5
    endloop
  endfacet
  facet normal 0.751842 -0.659343 0
    outer loop
      vertex 41.5867 22.7825 0
      vertex 41.4142 22.5858 6.5
      vertex 41.4142 22.5858 0
    endloop
  endfacet
  facet normal 0.555758 -0.831344 0
    outer loop
      vertex 41 22.2679 0
      vertex 41.2175 22.4133 6.5
      vertex 41 22.2679 6.5
    endloop
  endfacet
  facet normal 0.555758 -0.831344 0
    outer loop
      vertex 41.2175 22.4133 6.5
      vertex 41 22.2679 0
      vertex 41.2175 22.4133 0
    endloop
  endfacet
  facet normal 0.980801 -0.195013 0
    outer loop
      vertex 41.9319 23.4824 6.5
      vertex 41.9829 23.7389 0
      vertex 41.9829 23.7389 6.5
    endloop
  endfacet
  facet normal 0.980801 -0.195013 0
    outer loop
      vertex 41.9829 23.7389 0
      vertex 41.9319 23.4824 6.5
      vertex 41.9319 23.4824 0
    endloop
  endfacet
  facet normal -0.321382 -0.94695 0
    outer loop
      vertex 39.2346 22.1522 0
      vertex 39.4824 22.0681 6.5
      vertex 39.2346 22.1522 6.5
    endloop
  endfacet
  facet normal -0.321382 -0.94695 -0
    outer loop
      vertex 39.4824 22.0681 6.5
      vertex 39.2346 22.1522 0
      vertex 39.4824 22.0681 0
    endloop
  endfacet
  facet normal -0.195013 -0.980801 0
    outer loop
      vertex 39.4824 22.0681 0
      vertex 39.7389 22.0171 6.5
      vertex 39.4824 22.0681 6.5
    endloop
  endfacet
  facet normal -0.195013 -0.980801 -0
    outer loop
      vertex 39.7389 22.0171 6.5
      vertex 39.4824 22.0681 0
      vertex 39.7389 22.0171 0
    endloop
  endfacet
  facet normal -0.831344 -0.555758 0
    outer loop
      vertex 38.4133 22.7825 0
      vertex 38.2679 23 6.5
      vertex 38.2679 23 0
    endloop
  endfacet
  facet normal -0.831344 -0.555758 0
    outer loop
      vertex 38.2679 23 6.5
      vertex 38.4133 22.7825 0
      vertex 38.4133 22.7825 6.5
    endloop
  endfacet
  facet normal -0.751842 -0.659343 0
    outer loop
      vertex 38.5858 22.5858 0
      vertex 38.4133 22.7825 6.5
      vertex 38.4133 22.7825 0
    endloop
  endfacet
  facet normal -0.751842 -0.659343 0
    outer loop
      vertex 38.4133 22.7825 6.5
      vertex 38.5858 22.5858 0
      vertex 38.5858 22.5858 6.5
    endloop
  endfacet
  facet normal -0.980801 -0.195013 0
    outer loop
      vertex 38.0681 23.4824 0
      vertex 38.0171 23.7389 6.5
      vertex 38.0171 23.7389 0
    endloop
  endfacet
  facet normal -0.980801 -0.195013 0
    outer loop
      vertex 38.0171 23.7389 6.5
      vertex 38.0681 23.4824 0
      vertex 38.0681 23.4824 6.5
    endloop
  endfacet
  facet normal 0.94695 0.321382 0
    outer loop
      vertex 41.9319 24.5176 6.5
      vertex 41.8478 24.7654 0
      vertex 41.8478 24.7654 6.5
    endloop
  endfacet
  facet normal 0.94695 0.321382 0
    outer loop
      vertex 41.8478 24.7654 0
      vertex 41.9319 24.5176 6.5
      vertex 41.9319 24.5176 0
    endloop
  endfacet
  facet normal 0.0653521 0.997862 -0
    outer loop
      vertex 40.2611 25.9829 0
      vertex 40 26 6.5
      vertex 40.2611 25.9829 6.5
    endloop
  endfacet
  facet normal 0.0653521 0.997862 0
    outer loop
      vertex 40 26 6.5
      vertex 40.2611 25.9829 0
      vertex 40 26 0
    endloop
  endfacet
  facet normal 0 0 -1
    outer loop
      vertex 41.9829 23.7389 0
      vertex 41.9829 24.2611 0
      vertex 42 24 0
    endloop
  endfacet
  facet normal 0 0 -1
    outer loop
      vertex 41.9319 23.4824 0
      vertex 41.9829 24.2611 0
      vertex 41.9829 23.7389 0
    endloop
  endfacet
  facet normal 0 0 -1
    outer loop
      vertex 41.9319 23.4824 0
      vertex 41.9319 24.5176 0
      vertex 41.9829 24.2611 0
    endloop
  endfacet
  facet normal 0 0 -1
    outer loop
      vertex 41.8478 23.2346 0
      vertex 41.9319 24.5176 0
      vertex 41.9319 23.4824 0
    endloop
  endfacet
  facet normal 0 0 -1
    outer loop
      vertex 41.8478 23.2346 0
      vertex 41.8478 24.7654 0
      vertex 41.9319 24.5176 0
    endloop
  endfacet
  facet normal 0 0 -1
    outer loop
      vertex 41.732 23 0
      vertex 41.8478 24.7654 0
      vertex 41.8478 23.2346 0
    endloop
  endfacet
  facet normal 0 0 -1
    outer loop
      vertex 41.732 23 0
      vertex 41.732 25 0
      vertex 41.8478 24.7654 0
    endloop
  endfacet
  facet normal 0 0 -1
    outer loop
      vertex 41.5867 22.7825 0
      vertex 41.732 25 0
      vertex 41.732 23 0
    endloop
  endfacet
  facet normal 0 0 -1
    outer loop
      vertex 41.5867 22.7825 0
      vertex 41.5867 25.2175 0
      vertex 41.732 25 0
    endloop
  endfacet
  facet normal 0 0 -1
    outer loop
      vertex 41.4142 22.5858 0
      vertex 41.5867 25.2175 0
      vertex 41.5867 22.7825 0
    endloop
  endfacet
  facet normal 0 0 -1
    outer loop
      vertex 41.4142 22.5858 0
      vertex 41.4142 25.4142 0
      vertex 41.5867 25.2175 0
    endloop
  endfacet
  facet normal 0 0 -1
    outer loop
      vertex 41.2175 22.4133 0
      vertex 41.4142 25.4142 0
      vertex 41.4142 22.5858 0
    endloop
  endfacet
  facet normal 0 0 -1
    outer loop
      vertex 41.2175 22.4133 0
      vertex 41.2175 25.5867 0
      vertex 41.4142 25.4142 0
    endloop
  endfacet
  facet normal 0 0 -1
    outer loop
      vertex 41 22.2679 0
      vertex 41.2175 25.5867 0
      vertex 41.2175 22.4133 0
    endloop
  endfacet
  facet normal 0 0 -1
    outer loop
      vertex 41 22.2679 0
      vertex 41 25.732 0
      vertex 41.2175 25.5867 0
    endloop
  endfacet
  facet normal 0 0 -1
    outer loop
      vertex 40.7654 22.1522 0
      vertex 41 25.732 0
      vertex 41 22.2679 0
    endloop
  endfacet
  facet normal 0 0 -1
    outer loop
      vertex 40.7654 22.1522 0
      vertex 40.7654 25.8478 0
      vertex 41 25.732 0
    endloop
  endfacet
  facet normal 0 0 -1
    outer loop
      vertex 40.5176 22.0681 0
      vertex 40.7654 25.8478 0
      vertex 40.7654 22.1522 0
    endloop
  endfacet
  facet normal 0 0 -1
    outer loop
      vertex 40.5176 22.0681 0
      vertex 40.5176 25.9319 0
      vertex 40.7654 25.8478 0
    endloop
  endfacet
  facet normal 0 0 -1
    outer loop
      vertex 40.2611 22.0171 0
      vertex 40.5176 25.9319 0
      vertex 40.5176 22.0681 0
    endloop
  endfacet
  facet normal 0 0 -1
    outer loop
      vertex 40.2611 22.0171 0
      vertex 40.2611 25.9829 0
      vertex 40.5176 25.9319 0
    endloop
  endfacet
  facet normal 0 0 -1
    outer loop
      vertex 40 22 0
      vertex 40.2611 25.9829 0
      vertex 40.2611 22.0171 0
    endloop
  endfacet
  facet normal 0 0 -1
    outer loop
      vertex 40 22 0
      vertex 40 26 0
      vertex 40.2611 25.9829 0
    endloop
  endfacet
  facet normal 0 0 -1
    outer loop
      vertex 39.7389 22.0171 0
      vertex 40 26 0
      vertex 40 22 0
    endloop
  endfacet
  facet normal 0 0 -1
    outer loop
      vertex 39.7389 22.0171 0
      vertex 39.7389 25.9829 0
      vertex 40 26 0
    endloop
  endfacet
  facet normal 0 0 -1
    outer loop
      vertex 39.4824 22.0681 0
      vertex 39.7389 25.9829 0
      vertex 39.7389 22.0171 0
    endloop
  endfacet
  facet normal 0 0 -1
    outer loop
      vertex 39.4824 22.0681 0
      vertex 39.4824 25.9319 0
      vertex 39.7389 25.9829 0
    endloop
  endfacet
  facet normal 0 0 -1
    outer loop
      vertex 39.2346 22.1522 0
      vertex 39.4824 25.9319 0
      vertex 39.4824 22.0681 0
    endloop
  endfacet
  facet normal 0 0 -1
    outer loop
      vertex 39.2346 22.1522 0
      vertex 39.2346 25.8478 0
      vertex 39.4824 25.9319 0
    endloop
  endfacet
  facet normal 0 0 -1
    outer loop
      vertex 39 22.2679 0
      vertex 39.2346 25.8478 0
      vertex 39.2346 22.1522 0
    endloop
  endfacet
  facet normal 0 0 -1
    outer loop
      vertex 39 22.2679 0
      vertex 39 25.732 0
      vertex 39.2346 25.8478 0
    endloop
  endfacet
  facet normal 0 0 -1
    outer loop
      vertex 38.7825 22.4133 0
      vertex 39 25.732 0
      vertex 39 22.2679 0
    endloop
  endfacet
  facet normal 0 0 -1
    outer loop
      vertex 38.7825 22.4133 0
      vertex 38.7825 25.5867 0
      vertex 39 25.732 0
    endloop
  endfacet
  facet normal 0 0 -1
    outer loop
      vertex 38.5858 22.5858 0
      vertex 38.7825 25.5867 0
      vertex 38.7825 22.4133 0
    endloop
  endfacet
  facet normal 0 0 -1
    outer loop
      vertex 38.5858 22.5858 0
      vertex 38.5858 25.4142 0
      vertex 38.7825 25.5867 0
    endloop
  endfacet
  facet normal 0 0 -1
    outer loop
      vertex 38.4133 22.7825 0
      vertex 38.5858 25.4142 0
      vertex 38.5858 22.5858 0
    endloop
  endfacet
  facet normal 0 0 -1
    outer loop
      vertex 38.4133 22.7825 0
      vertex 38.4133 25.2175 0
      vertex 38.5858 25.4142 0
    endloop
  endfacet
  facet normal 0 0 -1
    outer loop
      vertex 38.2679 23 0
      vertex 38.4133 25.2175 0
      vertex 38.4133 22.7825 0
    endloop
  endfacet
  facet normal 0 0 -1
    outer loop
      vertex 38.2679 23 0
      vertex 38.2679 25 0
      vertex 38.4133 25.2175 0
    endloop
  endfacet
  facet normal 0 0 -1
    outer loop
      vertex 38.1522 23.2346 0
      vertex 38.2679 25 0
      vertex 38.2679 23 0
    endloop
  endfacet
  facet normal 0 0 -1
    outer loop
      vertex 38.1522 23.2346 0
      vertex 38.1522 24.7654 0
      vertex 38.2679 25 0
    endloop
  endfacet
  facet normal 0 0 -1
    outer loop
      vertex 38.0681 23.4824 0
      vertex 38.1522 24.7654 0
      vertex 38.1522 23.2346 0
    endloop
  endfacet
  facet normal 0 0 -1
    outer loop
      vertex 38.0681 23.4824 0
      vertex 38.0681 24.5176 0
      vertex 38.1522 24.7654 0
    endloop
  endfacet
  facet normal 0 0 -1
    outer loop
      vertex 38.0171 23.7389 0
      vertex 38.0681 24.5176 0
      vertex 38.0681 23.4824 0
    endloop
  endfacet
  facet normal 0 0 -1
    outer loop
      vertex 38.0171 23.7389 0
      vertex 38.0171 24.2611 0
      vertex 38.0681 24.5176 0
    endloop
  endfacet
  facet normal 0 -0 -1
    outer loop
      vertex 38.0171 24.2611 0
      vertex 38.0171 23.7389 0
      vertex 38 24 0
    endloop
  endfacet
  facet normal -0.94695 0.321382 0
    outer loop
      vertex 38.0681 24.5176 0
      vertex 38.1522 24.7654 6.5
      vertex 38.1522 24.7654 0
    endloop
  endfacet
  facet normal -0.94695 0.321382 0
    outer loop
      vertex 38.1522 24.7654 6.5
      vertex 38.0681 24.5176 0
      vertex 38.0681 24.5176 6.5
    endloop
  endfacet
  facet normal -0.997862 0.0653521 0
    outer loop
      vertex 38 24 0
      vertex 38.0171 24.2611 6.5
      vertex 38.0171 24.2611 0
    endloop
  endfacet
  facet normal -0.997862 0.0653521 0
    outer loop
      vertex 38.0171 24.2611 6.5
      vertex 38 24 0
      vertex 38 24 6.5
    endloop
  endfacet
  facet normal 0 0 1
    outer loop
      vertex 41.9829 24.2611 6.5
      vertex 41.9829 23.7389 6.5
      vertex 42 24 6.5
    endloop
  endfacet
  facet normal 0 0 1
    outer loop
      vertex 41.9319 24.5176 6.5
      vertex 41.9829 23.7389 6.5
      vertex 41.9829 24.2611 6.5
    endloop
  endfacet
  facet normal 0 0 1
    outer loop
      vertex 41.9319 24.5176 6.5
      vertex 41.9319 23.4824 6.5
      vertex 41.9829 23.7389 6.5
    endloop
  endfacet
  facet normal 0 0 1
    outer loop
      vertex 41.8478 24.7654 6.5
      vertex 41.9319 23.4824 6.5
      vertex 41.9319 24.5176 6.5
    endloop
  endfacet
  facet normal 0 0 1
    outer loop
      vertex 41.8478 24.7654 6.5
      vertex 41.8478 23.2346 6.5
      vertex 41.9319 23.4824 6.5
    endloop
  endfacet
  facet normal 0 0 1
    outer loop
      vertex 41.732 25 6.5
      vertex 41.8478 23.2346 6.5
      vertex 41.8478 24.7654 6.5
    endloop
  endfacet
  facet normal 0 0 1
    outer loop
      vertex 41.732 25 6.5
      vertex 41.732 23 6.5
      vertex 41.8478 23.2346 6.5
    endloop
  endfacet
  facet normal 0 0 1
    outer loop
      vertex 41.5867 25.2175 6.5
      vertex 41.732 23 6.5
      vertex 41.732 25 6.5
    endloop
  endfacet
  facet normal 0 0 1
    outer loop
      vertex 41.5867 25.2175 6.5
      vertex 41.5867 22.7825 6.5
      vertex 41.732 23 6.5
    endloop
  endfacet
  facet normal 0 0 1
    outer loop
      vertex 41.4142 25.4142 6.5
      vertex 41.5867 22.7825 6.5
      vertex 41.5867 25.2175 6.5
    endloop
  endfacet
  facet normal 0 0 1
    outer loop
      vertex 41.4142 25.4142 6.5
      vertex 41.4142 22.5858 6.5
      vertex 41.5867 22.7825 6.5
    endloop
  endfacet
  facet normal 0 0 1
    outer loop
      vertex 41.2175 25.5867 6.5
      vertex 41.4142 22.5858 6.5
      vertex 41.4142 25.4142 6.5
    endloop
  endfacet
  facet normal 0 0 1
    outer loop
      vertex 41.2175 25.5867 6.5
      vertex 41.2175 22.4133 6.5
      vertex 41.4142 22.5858 6.5
    endloop
  endfacet
  facet normal 0 0 1
    outer loop
      vertex 41 25.732 6.5
      vertex 41.2175 22.4133 6.5
      vertex 41.2175 25.5867 6.5
    endloop
  endfacet
  facet normal 0 0 1
    outer loop
      vertex 41 25.732 6.5
      vertex 41 22.2679 6.5
      vertex 41.2175 22.4133 6.5
    endloop
  endfacet
  facet normal 0 0 1
    outer loop
      vertex 40.7654 25.8478 6.5
      vertex 41 22.2679 6.5
      vertex 41 25.732 6.5
    endloop
  endfacet
  facet normal 0 0 1
    outer loop
      vertex 40.7654 25.8478 6.5
      vertex 40.7654 22.1522 6.5
      vertex 41 22.2679 6.5
    endloop
  endfacet
  facet normal 0 0 1
    outer loop
      vertex 40.5176 25.9319 6.5
      vertex 40.7654 22.1522 6.5
      vertex 40.7654 25.8478 6.5
    endloop
  endfacet
  facet normal 0 0 1
    outer loop
      vertex 40.5176 25.9319 6.5
      vertex 40.5176 22.0681 6.5
      vertex 40.7654 22.1522 6.5
    endloop
  endfacet
  facet normal 0 0 1
    outer loop
      vertex 40.2611 25.9829 6.5
      vertex 40.5176 22.0681 6.5
      vertex 40.5176 25.9319 6.5
    endloop
  endfacet
  facet normal 0 0 1
    outer loop
      vertex 40.2611 25.9829 6.5
      vertex 40.2611 22.0171 6.5
      vertex 40.5176 22.0681 6.5
    endloop
  endfacet
  facet normal 0 0 1
    outer loop
      vertex 40 26 6.5
      vertex 40.2611 22.0171 6.5
      vertex 40.2611 25.9829 6.5
    endloop
  endfacet
  facet normal 0 0 1
    outer loop
      vertex 40 26 6.5
      vertex 40 22 6.5
      vertex 40.2611 22.0171 6.5
    endloop
  endfacet
  facet normal -0 0 1
    outer loop
      vertex 39.7389 25.9829 6.5
      vertex 40 22 6.5
      vertex 40 26 6.5
    endloop
  endfacet
  facet normal 0 0 1
    outer loop
      vertex 39.7389 25.9829 6.5
      vertex 39.7389 22.0171 6.5
      vertex 40 22 6.5
    endloop
  endfacet
  facet normal -0 0 1
    outer loop
      vertex 39.4824 25.9319 6.5
      vertex 39.7389 22.0171 6.5
      vertex 39.7389 25.9829 6.5
    endloop
  endfacet
  facet normal 0 0 1
    outer loop
      vertex 39.4824 25.9319 6.5
      vertex 39.4824 22.0681 6.5
      vertex 39.7389 22.0171 6.5
    endloop
  endfacet
  facet normal -0 0 1
    outer loop
      vertex 39.2346 25.8478 6.5
      vertex 39.4824 22.0681 6.5
      vertex 39.4824 25.9319 6.5
    endloop
  endfacet
  facet normal 0 0 1
    outer loop
      vertex 39.2346 25.8478 6.5
      vertex 39.2346 22.1522 6.5
      vertex 39.4824 22.0681 6.5
    endloop
  endfacet
  facet normal -0 0 1
    outer loop
      vertex 39 25.732 6.5
      vertex 39.2346 22.1522 6.5
      vertex 39.2346 25.8478 6.5
    endloop
  endfacet
  facet normal 0 0 1
    outer loop
      vertex 39 25.732 6.5
      vertex 39 22.2679 6.5
      vertex 39.2346 22.1522 6.5
    endloop
  endfacet
  facet normal -0 0 1
    outer loop
      vertex 38.7825 25.5867 6.5
      vertex 39 22.2679 6.5
      vertex 39 25.732 6.5
    endloop
  endfacet
  facet normal 0 0 1
    outer loop
      vertex 38.7825 25.5867 6.5
      vertex 38.7825 22.4133 6.5
      vertex 39 22.2679 6.5
    endloop
  endfacet
  facet normal -0 0 1
    outer loop
      vertex 38.5858 25.4142 6.5
      vertex 38.7825 22.4133 6.5
      vertex 38.7825 25.5867 6.5
    endloop
  endfacet
  facet normal 0 0 1
    outer loop
      vertex 38.5858 25.4142 6.5
      vertex 38.5858 22.5858 6.5
      vertex 38.7825 22.4133 6.5
    endloop
  endfacet
  facet normal -0 0 1
    outer loop
      vertex 38.4133 25.2175 6.5
      vertex 38.5858 22.5858 6.5
      vertex 38.5858 25.4142 6.5
    endloop
  endfacet
  facet normal 0 0 1
    outer loop
      vertex 38.4133 25.2175 6.5
      vertex 38.4133 22.7825 6.5
      vertex 38.5858 22.5858 6.5
    endloop
  endfacet
  facet normal -0 0 1
    outer loop
      vertex 38.2679 25 6.5
      vertex 38.4133 22.7825 6.5
      vertex 38.4133 25.2175 6.5
    endloop
  endfacet
  facet normal 0 0 1
    outer loop
      vertex 38.2679 25 6.5
      vertex 38.2679 23 6.5
      vertex 38.4133 22.7825 6.5
    endloop
  endfacet
  facet normal -0 0 1
    outer loop
      vertex 38.1522 24.7654 6.5
      vertex 38.2679 23 6.5
      vertex 38.2679 25 6.5
    endloop
  endfacet
  facet normal 0 0 1
    outer loop
      vertex 38.1522 24.7654 6.5
      vertex 38.1522 23.2346 6.5
      vertex 38.2679 23 6.5
    endloop
  endfacet
  facet normal -0 0 1
    outer loop
      vertex 38.0681 24.5176 6.5
      vertex 38.1522 23.2346 6.5
      vertex 38.1522 24.7654 6.5
    endloop
  endfacet
  facet normal 0 0 1
    outer loop
      vertex 38.0681 24.5176 6.5
      vertex 38.0681 23.4824 6.5
      vertex 38.1522 23.2346 6.5
    endloop
  endfacet
  facet normal -0 0 1
    outer loop
      vertex 38.0171 24.2611 6.5
      vertex 38.0681 23.4824 6.5
      vertex 38.0681 24.5176 6.5
    endloop
  endfacet
  facet normal 0 0 1
    outer loop
      vertex 38.0171 24.2611 6.5
      vertex 38.0171 23.7389 6.5
      vertex 38.0681 23.4824 6.5
    endloop
  endfacet
  facet normal 0 -0 1
    outer loop
      vertex 38.0171 23.7389 6.5
      vertex 38.0171 24.2611 6.5
      vertex 38 24 6.5
    endloop
  endfacet
  facet normal -0.321382 0.94695 0
    outer loop
      vertex 39.4824 25.9319 0
      vertex 39.2346 25.8478 6.5
      vertex 39.4824 25.9319 6.5
    endloop
  endfacet
  facet normal -0.321382 0.94695 0
    outer loop
      vertex 39.2346 25.8478 6.5
      vertex 39.4824 25.9319 0
      vertex 39.2346 25.8478 0
    endloop
  endfacet
  facet normal 0.659343 -0.751842 0
    outer loop
      vertex 41.2175 22.4133 0
      vertex 41.4142 22.5858 6.5
      vertex 41.2175 22.4133 6.5
    endloop
  endfacet
  facet normal 0.659343 -0.751842 0
    outer loop
      vertex 41.4142 22.5858 6.5
      vertex 41.2175 22.4133 0
      vertex 41.4142 22.5858 0
    endloop
  endfacet
  facet normal 0.94695 -0.321382 0
    outer loop
      vertex 41.8478 23.2346 6.5
      vertex 41.9319 23.4824 0
      vertex 41.9319 23.4824 6.5
    endloop
  endfacet
  facet normal 0.94695 -0.321382 0
    outer loop
      vertex 41.9319 23.4824 0
      vertex 41.8478 23.2346 6.5
      vertex 41.8478 23.2346 0
    endloop
  endfacet
  facet normal 0.831521 -0.555494 0
    outer loop
      vertex 41.5867 22.7825 6.5
      vertex 41.732 23 0
      vertex 41.732 23 6.5
    endloop
  endfacet
  facet normal 0.831521 -0.555494 0
    outer loop
      vertex 41.732 23 0
      vertex 41.5867 22.7825 6.5
      vertex 41.5867 22.7825 0
    endloop
  endfacet
  facet normal 0.896709 -0.442621 0
    outer loop
      vertex 41.732 23 6.5
      vertex 41.8478 23.2346 0
      vertex 41.8478 23.2346 6.5
    endloop
  endfacet
  facet normal 0.896709 -0.442621 0
    outer loop
      vertex 41.8478 23.2346 0
      vertex 41.732 23 6.5
      vertex 41.732 23 0
    endloop
  endfacet
  facet normal -0.555758 -0.831344 0
    outer loop
      vertex 38.7825 22.4133 0
      vertex 39 22.2679 6.5
      vertex 38.7825 22.4133 6.5
    endloop
  endfacet
  facet normal -0.555758 -0.831344 -0
    outer loop
      vertex 39 22.2679 6.5
      vertex 38.7825 22.4133 0
      vertex 39 22.2679 0
    endloop
  endfacet
  facet normal -0.442314 -0.89686 0
    outer loop
      vertex 39 22.2679 0
      vertex 39.2346 22.1522 6.5
      vertex 39 22.2679 6.5
    endloop
  endfacet
  facet normal -0.442314 -0.89686 -0
    outer loop
      vertex 39.2346 22.1522 6.5
      vertex 39 22.2679 0
      vertex 39.2346 22.1522 0
    endloop
  endfacet
  facet normal -0.0653521 -0.997862 0
    outer loop
      vertex 39.7389 22.0171 0
      vertex 40 22 6.5
      vertex 39.7389 22.0171 6.5
    endloop
  endfacet
  facet normal -0.0653521 -0.997862 -0
    outer loop
      vertex 40 22 6.5
      vertex 39.7389 22.0171 0
      vertex 40 22 0
    endloop
  endfacet
  facet normal -0.659343 -0.751842 0
    outer loop
      vertex 38.5858 22.5858 0
      vertex 38.7825 22.4133 6.5
      vertex 38.5858 22.5858 6.5
    endloop
  endfacet
  facet normal -0.659343 -0.751842 -0
    outer loop
      vertex 38.7825 22.4133 6.5
      vertex 38.5858 22.5858 0
      vertex 38.7825 22.4133 0
    endloop
  endfacet
  facet normal 0.751842 0.659343 0
    outer loop
      vertex 41.5867 25.2175 6.5
      vertex 41.4142 25.4142 0
      vertex 41.4142 25.4142 6.5
    endloop
  endfacet
  facet normal 0.751842 0.659343 0
    outer loop
      vertex 41.4142 25.4142 0
      vertex 41.5867 25.2175 6.5
      vertex 41.5867 25.2175 0
    endloop
  endfacet
  facet normal 0.195013 0.980801 -0
    outer loop
      vertex 40.5176 25.9319 0
      vertex 40.2611 25.9829 6.5
      vertex 40.5176 25.9319 6.5
    endloop
  endfacet
  facet normal 0.195013 0.980801 0
    outer loop
      vertex 40.2611 25.9829 6.5
      vertex 40.5176 25.9319 0
      vertex 40.2611 25.9829 0
    endloop
  endfacet
  facet normal 0.442621 0.896709 -0
    outer loop
      vertex 41 25.732 0
      vertex 40.7654 25.8478 6.5
      vertex 41 25.732 6.5
    endloop
  endfacet
  facet normal 0.442621 0.896709 0
    outer loop
      vertex 40.7654 25.8478 6.5
      vertex 41 25.732 0
      vertex 40.7654 25.8478 0
    endloop
  endfacet
  facet normal -0.659343 0.751842 0
    outer loop
      vertex 38.7825 25.5867 0
      vertex 38.5858 25.4142 6.5
      vertex 38.7825 25.5867 6.5
    endloop
  endfacet
  facet normal -0.659343 0.751842 0
    outer loop
      vertex 38.5858 25.4142 6.5
      vertex 38.7825 25.5867 0
      vertex 38.5858 25.4142 0
    endloop
  endfacet
  facet normal 0.997862 -0.0653521 0
    outer loop
      vertex 41.9829 23.7389 6.5
      vertex 42 24 0
      vertex 42 24 6.5
    endloop
  endfacet
  facet normal 0.997862 -0.0653521 0
    outer loop
      vertex 42 24 0
      vertex 41.9829 23.7389 6.5
      vertex 41.9829 23.7389 0
    endloop
  endfacet
  facet normal 0.442314 -0.89686 0
    outer loop
      vertex 40.7654 22.1522 0
      vertex 41 22.2679 6.5
      vertex 40.7654 22.1522 6.5
    endloop
  endfacet
  facet normal 0.442314 -0.89686 0
    outer loop
      vertex 41 22.2679 6.5
      vertex 40.7654 22.1522 0
      vertex 41 22.2679 0
    endloop
  endfacet
  facet normal 0.0653521 -0.997862 0
    outer loop
      vertex 40 22 0
      vertex 40.2611 22.0171 6.5
      vertex 40 22 6.5
    endloop
  endfacet
  facet normal 0.0653521 -0.997862 0
    outer loop
      vertex 40.2611 22.0171 6.5
      vertex 40 22 0
      vertex 40.2611 22.0171 0
    endloop
  endfacet
  facet normal -0.89686 -0.442314 0
    outer loop
      vertex 38.2679 23 0
      vertex 38.1522 23.2346 6.5
      vertex 38.1522 23.2346 0
    endloop
  endfacet
  facet normal -0.89686 -0.442314 0
    outer loop
      vertex 38.1522 23.2346 6.5
      vertex 38.2679 23 0
      vertex 38.2679 23 6.5
    endloop
  endfacet
  facet normal 0.99786 0.0653902 0
    outer loop
      vertex 2 32 6.5
      vertex 1.98289 32.2611 0
      vertex 1.98289 32.2611 6.5
    endloop
  endfacet
  facet normal 0.99786 0.0653902 0
    outer loop
      vertex 1.98289 32.2611 0
      vertex 2 32 6.5
      vertex 2 32 0
    endloop
  endfacet
  facet normal -0.0653641 0.997861 0
    outer loop
      vertex 0 34 0
      vertex -0.261052 33.9829 6.5
      vertex 0 34 6.5
    endloop
  endfacet
  facet normal -0.0653641 0.997861 0
    outer loop
      vertex -0.261052 33.9829 6.5
      vertex 0 34 0
      vertex -0.261052 33.9829 0
    endloop
  endfacet
  facet normal 0.0653641 -0.997861 0
    outer loop
      vertex 0 30 0
      vertex 0.261052 30.0171 6.5
      vertex 0 30 6.5
    endloop
  endfacet
  facet normal 0.0653641 -0.997861 0
    outer loop
      vertex 0.261052 30.0171 6.5
      vertex 0 30 0
      vertex 0.261052 30.0171 0
    endloop
  endfacet
  facet normal 0.659362 0.751826 -0
    outer loop
      vertex 1.41421 33.4142 0
      vertex 1.21752 33.5867 6.5
      vertex 1.41421 33.4142 6.5
    endloop
  endfacet
  facet normal 0.659362 0.751826 0
    outer loop
      vertex 1.21752 33.5867 6.5
      vertex 1.41421 33.4142 0
      vertex 1.21752 33.5867 0
    endloop
  endfacet
  facet normal -0.751842 0.659343 0
    outer loop
      vertex -1.58671 33.2175 0
      vertex -1.41421 33.4142 6.5
      vertex -1.41421 33.4142 0
    endloop
  endfacet
  facet normal -0.751842 0.659343 0
    outer loop
      vertex -1.41421 33.4142 6.5
      vertex -1.58671 33.2175 0
      vertex -1.58671 33.2175 6.5
    endloop
  endfacet
  facet normal -0.442571 0.896734 0
    outer loop
      vertex -0.765367 33.8478 0
      vertex -1 33.732 6.5
      vertex -0.765367 33.8478 6.5
    endloop
  endfacet
  facet normal -0.442571 0.896734 0
    outer loop
      vertex -1 33.732 6.5
      vertex -0.765367 33.8478 0
      vertex -1 33.732 0
    endloop
  endfacet
  facet normal -0.946961 -0.321348 0
    outer loop
      vertex -1.84776 31.2346 0
      vertex -1.93185 31.4824 6.5
      vertex -1.93185 31.4824 0
    endloop
  endfacet
  facet normal -0.946961 -0.321348 0
    outer loop
      vertex -1.93185 31.4824 6.5
      vertex -1.84776 31.2346 0
      vertex -1.84776 31.2346 6.5
    endloop
  endfacet
  facet normal 0.896845 0.442344 0
    outer loop
      vertex 1.84776 32.7654 6.5
      vertex 1.73205 33 0
      vertex 1.73205 33 6.5
    endloop
  endfacet
  facet normal 0.896845 0.442344 0
    outer loop
      vertex 1.73205 33 0
      vertex 1.84776 32.7654 6.5
      vertex 1.84776 32.7654 0
    endloop
  endfacet
  facet normal 0.980771 0.19516 0
    outer loop
      vertex 1.98289 32.2611 6.5
      vertex 1.93185 32.5176 0
      vertex 1.93185 32.5176 6.5
    endloop
  endfacet
  facet normal 0.980771 0.19516 0
    outer loop
      vertex 1.93185 32.5176 0
      vertex 1.98289 32.2611 6.5
      vertex 1.98289 32.2611 0
    endloop
  endfacet
  facet normal 0.83145 0.5556 0
    outer loop
      vertex 1.73205 33 6.5
      vertex 1.58671 33.2175 0
      vertex 1.58671 33.2175 6.5
    endloop
  endfacet
  facet normal 0.83145 0.5556 0
    outer loop
      vertex 1.58671 33.2175 0
      vertex 1.73205 33 6.5
      vertex 1.73205 33 0
    endloop
  endfacet
  facet normal 0.321463 0.946922 -0
    outer loop
      vertex 0.765367 33.8478 0
      vertex 0.517637 33.9319 6.5
      vertex 0.765367 33.8478 6.5
    endloop
  endfacet
  facet normal 0.321463 0.946922 0
    outer loop
      vertex 0.517637 33.9319 6.5
      vertex 0.765367 33.8478 0
      vertex 0.517637 33.9319 0
    endloop
  endfacet
  facet normal 0.555459 0.831544 -0
    outer loop
      vertex 1.21752 33.5867 0
      vertex 1 33.732 6.5
      vertex 1.21752 33.5867 6.5
    endloop
  endfacet
  facet normal 0.555459 0.831544 0
    outer loop
      vertex 1 33.732 6.5
      vertex 1.21752 33.5867 0
      vertex 1 33.732 0
    endloop
  endfacet
  facet normal -0.896845 0.442344 0
    outer loop
      vertex -1.84776 32.7654 0
      vertex -1.73205 33 6.5
      vertex -1.73205 33 0
    endloop
  endfacet
  facet normal -0.896845 0.442344 0
    outer loop
      vertex -1.73205 33 6.5
      vertex -1.84776 32.7654 0
      vertex -1.84776 32.7654 6.5
    endloop
  endfacet
  facet normal 0 0 -1
    outer loop
      vertex 1.98289 31.7389 0
      vertex 1.98289 32.2611 0
      vertex 2 32 0
    endloop
  endfacet
  facet normal 0 0 -1
    outer loop
      vertex 1.93185 31.4824 0
      vertex 1.98289 32.2611 0
      vertex 1.98289 31.7389 0
    endloop
  endfacet
  facet normal 0 0 -1
    outer loop
      vertex 1.93185 31.4824 0
      vertex 1.93185 32.5176 0
      vertex 1.98289 32.2611 0
    endloop
  endfacet
  facet normal 0 0 -1
    outer loop
      vertex 1.84776 31.2346 0
      vertex 1.93185 32.5176 0
      vertex 1.93185 31.4824 0
    endloop
  endfacet
  facet normal 0 0 -1
    outer loop
      vertex 1.84776 31.2346 0
      vertex 1.84776 32.7654 0
      vertex 1.93185 32.5176 0
    endloop
  endfacet
  facet normal 0 0 -1
    outer loop
      vertex 1.73205 31 0
      vertex 1.84776 32.7654 0
      vertex 1.84776 31.2346 0
    endloop
  endfacet
  facet normal 0 0 -1
    outer loop
      vertex 1.73205 31 0
      vertex 1.73205 33 0
      vertex 1.84776 32.7654 0
    endloop
  endfacet
  facet normal 0 0 -1
    outer loop
      vertex 1.58671 30.7825 0
      vertex 1.73205 33 0
      vertex 1.73205 31 0
    endloop
  endfacet
  facet normal 0 0 -1
    outer loop
      vertex 1.58671 30.7825 0
      vertex 1.58671 33.2175 0
      vertex 1.73205 33 0
    endloop
  endfacet
  facet normal 0 0 -1
    outer loop
      vertex 1.41421 30.5858 0
      vertex 1.58671 33.2175 0
      vertex 1.58671 30.7825 0
    endloop
  endfacet
  facet normal 0 0 -1
    outer loop
      vertex 1.41421 30.5858 0
      vertex 1.41421 33.4142 0
      vertex 1.58671 33.2175 0
    endloop
  endfacet
  facet normal 0 0 -1
    outer loop
      vertex 1.21752 30.4133 0
      vertex 1.41421 33.4142 0
      vertex 1.41421 30.5858 0
    endloop
  endfacet
  facet normal 0 0 -1
    outer loop
      vertex 1.21752 30.4133 0
      vertex 1.21752 33.5867 0
      vertex 1.41421 33.4142 0
    endloop
  endfacet
  facet normal 0 0 -1
    outer loop
      vertex 1 30.2679 0
      vertex 1.21752 33.5867 0
      vertex 1.21752 30.4133 0
    endloop
  endfacet
  facet normal 0 0 -1
    outer loop
      vertex 1 30.2679 0
      vertex 1 33.732 0
      vertex 1.21752 33.5867 0
    endloop
  endfacet
  facet normal 0 0 -1
    outer loop
      vertex 0.765367 30.1522 0
      vertex 1 33.732 0
      vertex 1 30.2679 0
    endloop
  endfacet
  facet normal 0 0 -1
    outer loop
      vertex 0.765367 30.1522 0
      vertex 0.765367 33.8478 0
      vertex 1 33.732 0
    endloop
  endfacet
  facet normal 0 0 -1
    outer loop
      vertex 0.517637 30.0681 0
      vertex 0.765367 33.8478 0
      vertex 0.765367 30.1522 0
    endloop
  endfacet
  facet normal 0 0 -1
    outer loop
      vertex 0.517637 30.0681 0
      vertex 0.517637 33.9319 0
      vertex 0.765367 33.8478 0
    endloop
  endfacet
  facet normal 0 0 -1
    outer loop
      vertex 0.261052 30.0171 0
      vertex 0.517637 33.9319 0
      vertex 0.517637 30.0681 0
    endloop
  endfacet
  facet normal 0 0 -1
    outer loop
      vertex 0.261052 30.0171 0
      vertex 0.261052 33.9829 0
      vertex 0.517637 33.9319 0
    endloop
  endfacet
  facet normal 0 0 -1
    outer loop
      vertex 0 30 0
      vertex 0.261052 33.9829 0
      vertex 0.261052 30.0171 0
    endloop
  endfacet
  facet normal 0 0 -1
    outer loop
      vertex 0 30 0
      vertex 0 34 0
      vertex 0.261052 33.9829 0
    endloop
  endfacet
  facet normal 0 0 -1
    outer loop
      vertex -0.261052 30.0171 0
      vertex 0 34 0
      vertex 0 30 0
    endloop
  endfacet
  facet normal 0 0 -1
    outer loop
      vertex -0.261052 30.0171 0
      vertex -0.261052 33.9829 0
      vertex 0 34 0
    endloop
  endfacet
  facet normal 0 0 -1
    outer loop
      vertex -0.517637 30.0681 0
      vertex -0.261052 33.9829 0
      vertex -0.261052 30.0171 0
    endloop
  endfacet
  facet normal 0 0 -1
    outer loop
      vertex -0.517637 30.0681 0
      vertex -0.517637 33.9319 0
      vertex -0.261052 33.9829 0
    endloop
  endfacet
  facet normal 0 0 -1
    outer loop
      vertex -0.765367 30.1522 0
      vertex -0.517637 33.9319 0
      vertex -0.517637 30.0681 0
    endloop
  endfacet
  facet normal 0 0 -1
    outer loop
      vertex -0.765367 30.1522 0
      vertex -0.765367 33.8478 0
      vertex -0.517637 33.9319 0
    endloop
  endfacet
  facet normal 0 0 -1
    outer loop
      vertex -1 30.2679 0
      vertex -0.765367 33.8478 0
      vertex -0.765367 30.1522 0
    endloop
  endfacet
  facet normal 0 0 -1
    outer loop
      vertex -1 30.2679 0
      vertex -1 33.732 0
      vertex -0.765367 33.8478 0
    endloop
  endfacet
  facet normal 0 0 -1
    outer loop
      vertex -1.21752 30.4133 0
      vertex -1 33.732 0
      vertex -1 30.2679 0
    endloop
  endfacet
  facet normal 0 0 -1
    outer loop
      vertex -1.21752 30.4133 0
      vertex -1.21752 33.5867 0
      vertex -1 33.732 0
    endloop
  endfacet
  facet normal 0 0 -1
    outer loop
      vertex -1.41421 30.5858 0
      vertex -1.21752 33.5867 0
      vertex -1.21752 30.4133 0
    endloop
  endfacet
  facet normal 0 0 -1
    outer loop
      vertex -1.41421 30.5858 0
      vertex -1.41421 33.4142 0
      vertex -1.21752 33.5867 0
    endloop
  endfacet
  facet normal 0 0 -1
    outer loop
      vertex -1.58671 30.7825 0
      vertex -1.41421 33.4142 0
      vertex -1.41421 30.5858 0
    endloop
  endfacet
  facet normal 0 0 -1
    outer loop
      vertex -1.58671 30.7825 0
      vertex -1.58671 33.2175 0
      vertex -1.41421 33.4142 0
    endloop
  endfacet
  facet normal 0 0 -1
    outer loop
      vertex -1.73205 31 0
      vertex -1.58671 33.2175 0
      vertex -1.58671 30.7825 0
    endloop
  endfacet
  facet normal 0 0 -1
    outer loop
      vertex -1.73205 31 0
      vertex -1.73205 33 0
      vertex -1.58671 33.2175 0
    endloop
  endfacet
  facet normal 0 0 -1
    outer loop
      vertex -1.84776 31.2346 0
      vertex -1.73205 33 0
      vertex -1.73205 31 0
    endloop
  endfacet
  facet normal 0 0 -1
    outer loop
      vertex -1.84776 31.2346 0
      vertex -1.84776 32.7654 0
      vertex -1.73205 33 0
    endloop
  endfacet
  facet normal 0 0 -1
    outer loop
      vertex -1.93185 31.4824 0
      vertex -1.84776 32.7654 0
      vertex -1.84776 31.2346 0
    endloop
  endfacet
  facet normal 0 0 -1
    outer loop
      vertex -1.93185 31.4824 0
      vertex -1.93185 32.5176 0
      vertex -1.84776 32.7654 0
    endloop
  endfacet
  facet normal 0 0 -1
    outer loop
      vertex -1.98289 31.7389 0
      vertex -1.93185 32.5176 0
      vertex -1.93185 31.4824 0
    endloop
  endfacet
  facet normal 0 0 -1
    outer loop
      vertex -1.98289 31.7389 0
      vertex -1.98289 32.2611 0
      vertex -1.93185 32.5176 0
    endloop
  endfacet
  facet normal 0 -0 -1
    outer loop
      vertex -1.98289 32.2611 0
      vertex -1.98289 31.7389 0
      vertex -2 32 0
    endloop
  endfacet
  facet normal -0.83145 0.5556 0
    outer loop
      vertex -1.73205 33 0
      vertex -1.58671 33.2175 6.5
      vertex -1.58671 33.2175 0
    endloop
  endfacet
  facet normal -0.83145 0.5556 0
    outer loop
      vertex -1.58671 33.2175 6.5
      vertex -1.73205 33 0
      vertex -1.73205 33 6.5
    endloop
  endfacet
  facet normal -0.555459 0.831544 0
    outer loop
      vertex -1 33.732 0
      vertex -1.21752 33.5867 6.5
      vertex -1 33.732 6.5
    endloop
  endfacet
  facet normal -0.555459 0.831544 0
    outer loop
      vertex -1.21752 33.5867 6.5
      vertex -1 33.732 0
      vertex -1.21752 33.5867 0
    endloop
  endfacet
  facet normal -0.194951 0.980813 0
    outer loop
      vertex -0.261052 33.9829 0
      vertex -0.517637 33.9319 6.5
      vertex -0.261052 33.9829 6.5
    endloop
  endfacet
  facet normal -0.194951 0.980813 0
    outer loop
      vertex -0.517637 33.9319 6.5
      vertex -0.261052 33.9829 0
      vertex -0.517637 33.9319 0
    endloop
  endfacet
  facet normal 0.321463 -0.946922 0
    outer loop
      vertex 0.517637 30.0681 0
      vertex 0.765367 30.1522 6.5
      vertex 0.517637 30.0681 6.5
    endloop
  endfacet
  facet normal 0.321463 -0.946922 0
    outer loop
      vertex 0.765367 30.1522 6.5
      vertex 0.517637 30.0681 0
      vertex 0.765367 30.1522 0
    endloop
  endfacet
  facet normal 0.194951 -0.980813 0
    outer loop
      vertex 0.261052 30.0171 0
      vertex 0.517637 30.0681 6.5
      vertex 0.261052 30.0171 6.5
    endloop
  endfacet
  facet normal 0.194951 -0.980813 0
    outer loop
      vertex 0.517637 30.0681 6.5
      vertex 0.261052 30.0171 0
      vertex 0.517637 30.0681 0
    endloop
  endfacet
  facet normal 0.751842 -0.659343 0
    outer loop
      vertex 1.41421 30.5858 6.5
      vertex 1.58671 30.7825 0
      vertex 1.58671 30.7825 6.5
    endloop
  endfacet
  facet normal 0.751842 -0.659343 0
    outer loop
      vertex 1.58671 30.7825 0
      vertex 1.41421 30.5858 6.5
      vertex 1.41421 30.5858 0
    endloop
  endfacet
  facet normal 0.555723 -0.831368 0
    outer loop
      vertex 1 30.2679 0
      vertex 1.21752 30.4133 6.5
      vertex 1 30.2679 6.5
    endloop
  endfacet
  facet normal 0.555723 -0.831368 0
    outer loop
      vertex 1.21752 30.4133 6.5
      vertex 1 30.2679 0
      vertex 1.21752 30.4133 0
    endloop
  endfacet
  facet normal 0.980771 -0.19516 0
    outer loop
      vertex 1.93185 31.4824 6.5
      vertex 1.98289 31.7389 0
      vertex 1.98289 31.7389 6.5
    endloop
  endfacet
  facet normal 0.980771 -0.19516 0
    outer loop
      vertex 1.98289 31.7389 0
      vertex 1.93185 31.4824 6.5
      vertex 1.93185 31.4824 0
    endloop
  endfacet
  facet normal -0.321463 -0.946922 0
    outer loop
      vertex -0.765367 30.1522 0
      vertex -0.517637 30.0681 6.5
      vertex -0.765367 30.1522 6.5
    endloop
  endfacet
  facet normal -0.321463 -0.946922 -0
    outer loop
      vertex -0.517637 30.0681 6.5
      vertex -0.765367 30.1522 0
      vertex -0.517637 30.0681 0
    endloop
  endfacet
  facet normal -0.555723 -0.831368 0
    outer loop
      vertex -1.21752 30.4133 0
      vertex -1 30.2679 6.5
      vertex -1.21752 30.4133 6.5
    endloop
  endfacet
  facet normal -0.555723 -0.831368 -0
    outer loop
      vertex -1 30.2679 6.5
      vertex -1.21752 30.4133 0
      vertex -1 30.2679 0
    endloop
  endfacet
  facet normal -0.194951 -0.980813 0
    outer loop
      vertex -0.517637 30.0681 0
      vertex -0.261052 30.0171 6.5
      vertex -0.517637 30.0681 6.5
    endloop
  endfacet
  facet normal -0.194951 -0.980813 -0
    outer loop
      vertex -0.261052 30.0171 6.5
      vertex -0.517637 30.0681 0
      vertex -0.261052 30.0171 0
    endloop
  endfacet
  facet normal -0.83145 -0.5556 0
    outer loop
      vertex -1.58671 30.7825 0
      vertex -1.73205 31 6.5
      vertex -1.73205 31 0
    endloop
  endfacet
  facet normal -0.83145 -0.5556 0
    outer loop
      vertex -1.73205 31 6.5
      vertex -1.58671 30.7825 0
      vertex -1.58671 30.7825 6.5
    endloop
  endfacet
  facet normal -0.751842 -0.659343 0
    outer loop
      vertex -1.41421 30.5858 0
      vertex -1.58671 30.7825 6.5
      vertex -1.58671 30.7825 0
    endloop
  endfacet
  facet normal -0.751842 -0.659343 0
    outer loop
      vertex -1.58671 30.7825 6.5
      vertex -1.41421 30.5858 0
      vertex -1.41421 30.5858 6.5
    endloop
  endfacet
  facet normal -0.980771 -0.19516 0
    outer loop
      vertex -1.93185 31.4824 0
      vertex -1.98289 31.7389 6.5
      vertex -1.98289 31.7389 0
    endloop
  endfacet
  facet normal -0.980771 -0.19516 0
    outer loop
      vertex -1.98289 31.7389 6.5
      vertex -1.93185 31.4824 0
      vertex -1.93185 31.4824 6.5
    endloop
  endfacet
  facet normal 0.946961 0.321348 0
    outer loop
      vertex 1.93185 32.5176 6.5
      vertex 1.84776 32.7654 0
      vertex 1.84776 32.7654 6.5
    endloop
  endfacet
  facet normal 0.946961 0.321348 0
    outer loop
      vertex 1.84776 32.7654 0
      vertex 1.93185 32.5176 6.5
      vertex 1.93185 32.5176 0
    endloop
  endfacet
  facet normal 0.751842 0.659343 0
    outer loop
      vertex 1.58671 33.2175 6.5
      vertex 1.41421 33.4142 0
      vertex 1.41421 33.4142 6.5
    endloop
  endfacet
  facet normal 0.751842 0.659343 0
    outer loop
      vertex 1.41421 33.4142 0
      vertex 1.58671 33.2175 6.5
      vertex 1.58671 33.2175 0
    endloop
  endfacet
  facet normal 0.194951 0.980813 -0
    outer loop
      vertex 0.517637 33.9319 0
      vertex 0.261052 33.9829 6.5
      vertex 0.517637 33.9319 6.5
    endloop
  endfacet
  facet normal 0.194951 0.980813 0
    outer loop
      vertex 0.261052 33.9829 6.5
      vertex 0.517637 33.9319 0
      vertex 0.261052 33.9829 0
    endloop
  endfacet
  facet normal 0.0653641 0.997861 -0
    outer loop
      vertex 0.261052 33.9829 0
      vertex 0 34 6.5
      vertex 0.261052 33.9829 6.5
    endloop
  endfacet
  facet normal 0.0653641 0.997861 0
    outer loop
      vertex 0 34 6.5
      vertex 0.261052 33.9829 0
      vertex 0 34 0
    endloop
  endfacet
  facet normal 0.442571 0.896734 -0
    outer loop
      vertex 1 33.732 0
      vertex 0.765367 33.8478 6.5
      vertex 1 33.732 6.5
    endloop
  endfacet
  facet normal 0.442571 0.896734 0
    outer loop
      vertex 0.765367 33.8478 6.5
      vertex 1 33.732 0
      vertex 0.765367 33.8478 0
    endloop
  endfacet
  facet normal -0.946961 0.321348 0
    outer loop
      vertex -1.93185 32.5176 0
      vertex -1.84776 32.7654 6.5
      vertex -1.84776 32.7654 0
    endloop
  endfacet
  facet normal -0.946961 0.321348 0
    outer loop
      vertex -1.84776 32.7654 6.5
      vertex -1.93185 32.5176 0
      vertex -1.93185 32.5176 6.5
    endloop
  endfacet
  facet normal -0.980771 0.19516 0
    outer loop
      vertex -1.98289 32.2611 0
      vertex -1.93185 32.5176 6.5
      vertex -1.93185 32.5176 0
    endloop
  endfacet
  facet normal -0.980771 0.19516 0
    outer loop
      vertex -1.93185 32.5176 6.5
      vertex -1.98289 32.2611 0
      vertex -1.98289 32.2611 6.5
    endloop
  endfacet
  facet normal -0.99786 0.0653902 0
    outer loop
      vertex -2 32 0
      vertex -1.98289 32.2611 6.5
      vertex -1.98289 32.2611 0
    endloop
  endfacet
  facet normal -0.99786 0.0653902 0
    outer loop
      vertex -1.98289 32.2611 6.5
      vertex -2 32 0
      vertex -2 32 6.5
    endloop
  endfacet
  facet normal -0.99786 -0.0653902 0
    outer loop
      vertex -1.98289 31.7389 0
      vertex -2 32 6.5
      vertex -2 32 0
    endloop
  endfacet
  facet normal -0.99786 -0.0653902 0
    outer loop
      vertex -2 32 6.5
      vertex -1.98289 31.7389 0
      vertex -1.98289 31.7389 6.5
    endloop
  endfacet
  facet normal -0.659362 0.751826 0
    outer loop
      vertex -1.21752 33.5867 0
      vertex -1.41421 33.4142 6.5
      vertex -1.21752 33.5867 6.5
    endloop
  endfacet
  facet normal -0.659362 0.751826 0
    outer loop
      vertex -1.41421 33.4142 6.5
      vertex -1.21752 33.5867 0
      vertex -1.41421 33.4142 0
    endloop
  endfacet
  facet normal -0.321463 0.946922 0
    outer loop
      vertex -0.517637 33.9319 0
      vertex -0.765367 33.8478 6.5
      vertex -0.517637 33.9319 6.5
    endloop
  endfacet
  facet normal -0.321463 0.946922 0
    outer loop
      vertex -0.765367 33.8478 6.5
      vertex -0.517637 33.9319 0
      vertex -0.765367 33.8478 0
    endloop
  endfacet
  facet normal 0.659362 -0.751826 0
    outer loop
      vertex 1.21752 30.4133 0
      vertex 1.41421 30.5858 6.5
      vertex 1.21752 30.4133 6.5
    endloop
  endfacet
  facet normal 0.659362 -0.751826 0
    outer loop
      vertex 1.41421 30.5858 6.5
      vertex 1.21752 30.4133 0
      vertex 1.41421 30.5858 0
    endloop
  endfacet
  facet normal 0.946961 -0.321348 0
    outer loop
      vertex 1.84776 31.2346 6.5
      vertex 1.93185 31.4824 0
      vertex 1.93185 31.4824 6.5
    endloop
  endfacet
  facet normal 0.946961 -0.321348 0
    outer loop
      vertex 1.93185 31.4824 0
      vertex 1.84776 31.2346 6.5
      vertex 1.84776 31.2346 0
    endloop
  endfacet
  facet normal 0.83145 -0.5556 0
    outer loop
      vertex 1.58671 30.7825 6.5
      vertex 1.73205 31 0
      vertex 1.73205 31 6.5
    endloop
  endfacet
  facet normal 0.83145 -0.5556 0
    outer loop
      vertex 1.73205 31 0
      vertex 1.58671 30.7825 6.5
      vertex 1.58671 30.7825 0
    endloop
  endfacet
  facet normal 0.896845 -0.442344 0
    outer loop
      vertex 1.73205 31 6.5
      vertex 1.84776 31.2346 0
      vertex 1.84776 31.2346 6.5
    endloop
  endfacet
  facet normal 0.896845 -0.442344 0
    outer loop
      vertex 1.84776 31.2346 0
      vertex 1.73205 31 6.5
      vertex 1.73205 31 0
    endloop
  endfacet
  facet normal -0.442264 -0.896885 0
    outer loop
      vertex -1 30.2679 0
      vertex -0.765367 30.1522 6.5
      vertex -1 30.2679 6.5
    endloop
  endfacet
  facet normal -0.442264 -0.896885 -0
    outer loop
      vertex -0.765367 30.1522 6.5
      vertex -1 30.2679 0
      vertex -0.765367 30.1522 0
    endloop
  endfacet
  facet normal -0.0653641 -0.997861 0
    outer loop
      vertex -0.261052 30.0171 0
      vertex 0 30 6.5
      vertex -0.261052 30.0171 6.5
    endloop
  endfacet
  facet normal -0.0653641 -0.997861 -0
    outer loop
      vertex 0 30 6.5
      vertex -0.261052 30.0171 0
      vertex 0 30 0
    endloop
  endfacet
  facet normal -0.659362 -0.751826 0
    outer loop
      vertex -1.41421 30.5858 0
      vertex -1.21752 30.4133 6.5
      vertex -1.41421 30.5858 6.5
    endloop
  endfacet
  facet normal -0.659362 -0.751826 -0
    outer loop
      vertex -1.21752 30.4133 6.5
      vertex -1.41421 30.5858 0
      vertex -1.21752 30.4133 0
    endloop
  endfacet
  facet normal 0 0 1
    outer loop
      vertex 1.98289 32.2611 6.5
      vertex 1.98289 31.7389 6.5
      vertex 2 32 6.5
    endloop
  endfacet
  facet normal 0 0 1
    outer loop
      vertex 1.93185 32.5176 6.5
      vertex 1.98289 31.7389 6.5
      vertex 1.98289 32.2611 6.5
    endloop
  endfacet
  facet normal 0 0 1
    outer loop
      vertex 1.93185 32.5176 6.5
      vertex 1.93185 31.4824 6.5
      vertex 1.98289 31.7389 6.5
    endloop
  endfacet
  facet normal 0 0 1
    outer loop
      vertex 1.84776 32.7654 6.5
      vertex 1.93185 31.4824 6.5
      vertex 1.93185 32.5176 6.5
    endloop
  endfacet
  facet normal 0 0 1
    outer loop
      vertex 1.84776 32.7654 6.5
      vertex 1.84776 31.2346 6.5
      vertex 1.93185 31.4824 6.5
    endloop
  endfacet
  facet normal 0 0 1
    outer loop
      vertex 1.73205 33 6.5
      vertex 1.84776 31.2346 6.5
      vertex 1.84776 32.7654 6.5
    endloop
  endfacet
  facet normal 0 0 1
    outer loop
      vertex 1.73205 33 6.5
      vertex 1.73205 31 6.5
      vertex 1.84776 31.2346 6.5
    endloop
  endfacet
  facet normal 0 0 1
    outer loop
      vertex 1.58671 33.2175 6.5
      vertex 1.73205 31 6.5
      vertex 1.73205 33 6.5
    endloop
  endfacet
  facet normal 0 0 1
    outer loop
      vertex 1.58671 33.2175 6.5
      vertex 1.58671 30.7825 6.5
      vertex 1.73205 31 6.5
    endloop
  endfacet
  facet normal 0 0 1
    outer loop
      vertex 1.41421 33.4142 6.5
      vertex 1.58671 30.7825 6.5
      vertex 1.58671 33.2175 6.5
    endloop
  endfacet
  facet normal 0 0 1
    outer loop
      vertex 1.41421 33.4142 6.5
      vertex 1.41421 30.5858 6.5
      vertex 1.58671 30.7825 6.5
    endloop
  endfacet
  facet normal 0 0 1
    outer loop
      vertex 1.21752 33.5867 6.5
      vertex 1.41421 30.5858 6.5
      vertex 1.41421 33.4142 6.5
    endloop
  endfacet
  facet normal 0 0 1
    outer loop
      vertex 1.21752 33.5867 6.5
      vertex 1.21752 30.4133 6.5
      vertex 1.41421 30.5858 6.5
    endloop
  endfacet
  facet normal 0 0 1
    outer loop
      vertex 1 33.732 6.5
      vertex 1.21752 30.4133 6.5
      vertex 1.21752 33.5867 6.5
    endloop
  endfacet
  facet normal 0 0 1
    outer loop
      vertex 1 33.732 6.5
      vertex 1 30.2679 6.5
      vertex 1.21752 30.4133 6.5
    endloop
  endfacet
  facet normal 0 0 1
    outer loop
      vertex 0.765367 33.8478 6.5
      vertex 1 30.2679 6.5
      vertex 1 33.732 6.5
    endloop
  endfacet
  facet normal 0 0 1
    outer loop
      vertex 0.765367 33.8478 6.5
      vertex 0.765367 30.1522 6.5
      vertex 1 30.2679 6.5
    endloop
  endfacet
  facet normal 0 0 1
    outer loop
      vertex 0.517637 33.9319 6.5
      vertex 0.765367 30.1522 6.5
      vertex 0.765367 33.8478 6.5
    endloop
  endfacet
  facet normal 0 0 1
    outer loop
      vertex 0.517637 33.9319 6.5
      vertex 0.517637 30.0681 6.5
      vertex 0.765367 30.1522 6.5
    endloop
  endfacet
  facet normal 0 0 1
    outer loop
      vertex 0.261052 33.9829 6.5
      vertex 0.517637 30.0681 6.5
      vertex 0.517637 33.9319 6.5
    endloop
  endfacet
  facet normal 0 0 1
    outer loop
      vertex 0.261052 33.9829 6.5
      vertex 0.261052 30.0171 6.5
      vertex 0.517637 30.0681 6.5
    endloop
  endfacet
  facet normal 0 0 1
    outer loop
      vertex 0 34 6.5
      vertex 0.261052 30.0171 6.5
      vertex 0.261052 33.9829 6.5
    endloop
  endfacet
  facet normal 0 0 1
    outer loop
      vertex 0 34 6.5
      vertex 0 30 6.5
      vertex 0.261052 30.0171 6.5
    endloop
  endfacet
  facet normal -0 0 1
    outer loop
      vertex -0.261052 33.9829 6.5
      vertex 0 30 6.5
      vertex 0 34 6.5
    endloop
  endfacet
  facet normal 0 0 1
    outer loop
      vertex -0.261052 33.9829 6.5
      vertex -0.261052 30.0171 6.5
      vertex 0 30 6.5
    endloop
  endfacet
  facet normal -0 0 1
    outer loop
      vertex -0.517637 33.9319 6.5
      vertex -0.261052 30.0171 6.5
      vertex -0.261052 33.9829 6.5
    endloop
  endfacet
  facet normal 0 0 1
    outer loop
      vertex -0.517637 33.9319 6.5
      vertex -0.517637 30.0681 6.5
      vertex -0.261052 30.0171 6.5
    endloop
  endfacet
  facet normal -0 0 1
    outer loop
      vertex -0.765367 33.8478 6.5
      vertex -0.517637 30.0681 6.5
      vertex -0.517637 33.9319 6.5
    endloop
  endfacet
  facet normal 0 0 1
    outer loop
      vertex -0.765367 33.8478 6.5
      vertex -0.765367 30.1522 6.5
      vertex -0.517637 30.0681 6.5
    endloop
  endfacet
  facet normal -0 0 1
    outer loop
      vertex -1 33.732 6.5
      vertex -0.765367 30.1522 6.5
      vertex -0.765367 33.8478 6.5
    endloop
  endfacet
  facet normal 0 0 1
    outer loop
      vertex -1 33.732 6.5
      vertex -1 30.2679 6.5
      vertex -0.765367 30.1522 6.5
    endloop
  endfacet
  facet normal -0 0 1
    outer loop
      vertex -1.21752 33.5867 6.5
      vertex -1 30.2679 6.5
      vertex -1 33.732 6.5
    endloop
  endfacet
  facet normal 0 0 1
    outer loop
      vertex -1.21752 33.5867 6.5
      vertex -1.21752 30.4133 6.5
      vertex -1 30.2679 6.5
    endloop
  endfacet
  facet normal -0 0 1
    outer loop
      vertex -1.41421 33.4142 6.5
      vertex -1.21752 30.4133 6.5
      vertex -1.21752 33.5867 6.5
    endloop
  endfacet
  facet normal 0 0 1
    outer loop
      vertex -1.41421 33.4142 6.5
      vertex -1.41421 30.5858 6.5
      vertex -1.21752 30.4133 6.5
    endloop
  endfacet
  facet normal -0 0 1
    outer loop
      vertex -1.58671 33.2175 6.5
      vertex -1.41421 30.5858 6.5
      vertex -1.41421 33.4142 6.5
    endloop
  endfacet
  facet normal 0 0 1
    outer loop
      vertex -1.58671 33.2175 6.5
      vertex -1.58671 30.7825 6.5
      vertex -1.41421 30.5858 6.5
    endloop
  endfacet
  facet normal -0 0 1
    outer loop
      vertex -1.73205 33 6.5
      vertex -1.58671 30.7825 6.5
      vertex -1.58671 33.2175 6.5
    endloop
  endfacet
  facet normal 0 0 1
    outer loop
      vertex -1.73205 33 6.5
      vertex -1.73205 31 6.5
      vertex -1.58671 30.7825 6.5
    endloop
  endfacet
  facet normal -0 0 1
    outer loop
      vertex -1.84776 32.7654 6.5
      vertex -1.73205 31 6.5
      vertex -1.73205 33 6.5
    endloop
  endfacet
  facet normal 0 0 1
    outer loop
      vertex -1.84776 32.7654 6.5
      vertex -1.84776 31.2346 6.5
      vertex -1.73205 31 6.5
    endloop
  endfacet
  facet normal -0 0 1
    outer loop
      vertex -1.93185 32.5176 6.5
      vertex -1.84776 31.2346 6.5
      vertex -1.84776 32.7654 6.5
    endloop
  endfacet
  facet normal 0 0 1
    outer loop
      vertex -1.93185 32.5176 6.5
      vertex -1.93185 31.4824 6.5
      vertex -1.84776 31.2346 6.5
    endloop
  endfacet
  facet normal -0 0 1
    outer loop
      vertex -1.98289 32.2611 6.5
      vertex -1.93185 31.4824 6.5
      vertex -1.93185 32.5176 6.5
    endloop
  endfacet
  facet normal 0 0 1
    outer loop
      vertex -1.98289 32.2611 6.5
      vertex -1.98289 31.7389 6.5
      vertex -1.93185 31.4824 6.5
    endloop
  endfacet
  facet normal 0 -0 1
    outer loop
      vertex -1.98289 31.7389 6.5
      vertex -1.98289 32.2611 6.5
      vertex -2 32 6.5
    endloop
  endfacet
  facet normal 0.99786 -0.0653902 0
    outer loop
      vertex 1.98289 31.7389 6.5
      vertex 2 32 0
      vertex 2 32 6.5
    endloop
  endfacet
  facet normal 0.99786 -0.0653902 0
    outer loop
      vertex 2 32 0
      vertex 1.98289 31.7389 6.5
      vertex 1.98289 31.7389 0
    endloop
  endfacet
  facet normal 0.442264 -0.896885 0
    outer loop
      vertex 0.765367 30.1522 0
      vertex 1 30.2679 6.5
      vertex 0.765367 30.1522 6.5
    endloop
  endfacet
  facet normal 0.442264 -0.896885 0
    outer loop
      vertex 1 30.2679 6.5
      vertex 0.765367 30.1522 0
      vertex 1 30.2679 0
    endloop
  endfacet
  facet normal -0.896845 -0.442344 0
    outer loop
      vertex -1.73205 31 0
      vertex -1.84776 31.2346 6.5
      vertex -1.84776 31.2346 0
    endloop
  endfacet
  facet normal -0.896845 -0.442344 0
    outer loop
      vertex -1.84776 31.2346 6.5
      vertex -1.73205 31 0
      vertex -1.73205 31 6.5
    endloop
  endfacet
  facet normal 0.99786 0.0653902 0
    outer loop
      vertex 10 32 6.5
      vertex 9.98289 32.2611 0
      vertex 9.98289 32.2611 6.5
    endloop
  endfacet
  facet normal 0.99786 0.0653902 0
    outer loop
      vertex 9.98289 32.2611 0
      vertex 10 32 6.5
      vertex 10 32 0
    endloop
  endfacet
  facet normal -0.99786 -0.0653902 0
    outer loop
      vertex 6.01711 31.7389 0
      vertex 6 32 6.5
      vertex 6 32 0
    endloop
  endfacet
  facet normal -0.99786 -0.0653902 0
    outer loop
      vertex 6 32 6.5
      vertex 6.01711 31.7389 0
      vertex 6.01711 31.7389 6.5
    endloop
  endfacet
  facet normal -0.0653646 0.997861 0
    outer loop
      vertex 8 34 0
      vertex 7.73895 33.9829 6.5
      vertex 8 34 6.5
    endloop
  endfacet
  facet normal -0.0653646 0.997861 0
    outer loop
      vertex 7.73895 33.9829 6.5
      vertex 8 34 0
      vertex 7.73895 33.9829 0
    endloop
  endfacet
  facet normal 0.0653646 -0.997861 0
    outer loop
      vertex 8 30 0
      vertex 8.26105 30.0171 6.5
      vertex 8 30 6.5
    endloop
  endfacet
  facet normal 0.0653646 -0.997861 0
    outer loop
      vertex 8.26105 30.0171 6.5
      vertex 8 30 0
      vertex 8.26105 30.0171 0
    endloop
  endfacet
  facet normal 0.659362 0.751826 -0
    outer loop
      vertex 9.41421 33.4142 0
      vertex 9.21752 33.5867 6.5
      vertex 9.41421 33.4142 6.5
    endloop
  endfacet
  facet normal 0.659362 0.751826 0
    outer loop
      vertex 9.21752 33.5867 6.5
      vertex 9.41421 33.4142 0
      vertex 9.21752 33.5867 0
    endloop
  endfacet
  facet normal -0.751842 0.659343 0
    outer loop
      vertex 6.41329 33.2175 0
      vertex 6.58579 33.4142 6.5
      vertex 6.58579 33.4142 0
    endloop
  endfacet
  facet normal -0.751842 0.659343 0
    outer loop
      vertex 6.58579 33.4142 6.5
      vertex 6.41329 33.2175 0
      vertex 6.41329 33.2175 6.5
    endloop
  endfacet
  facet normal -0.442575 0.896731 0
    outer loop
      vertex 7.23463 33.8478 0
      vertex 7 33.732 6.5
      vertex 7.23463 33.8478 6.5
    endloop
  endfacet
  facet normal -0.442575 0.896731 0
    outer loop
      vertex 7 33.732 6.5
      vertex 7.23463 33.8478 0
      vertex 7 33.732 0
    endloop
  endfacet
  facet normal -0.946961 -0.321348 0
    outer loop
      vertex 6.15224 31.2346 0
      vertex 6.06815 31.4824 6.5
      vertex 6.06815 31.4824 0
    endloop
  endfacet
  facet normal -0.946961 -0.321348 0
    outer loop
      vertex 6.06815 31.4824 6.5
      vertex 6.15224 31.2346 0
      vertex 6.15224 31.2346 6.5
    endloop
  endfacet
  facet normal 0.896845 0.442344 0
    outer loop
      vertex 9.84776 32.7654 6.5
      vertex 9.73205 33 0
      vertex 9.73205 33 6.5
    endloop
  endfacet
  facet normal 0.896845 0.442344 0
    outer loop
      vertex 9.73205 33 0
      vertex 9.84776 32.7654 6.5
      vertex 9.84776 32.7654 0
    endloop
  endfacet
  facet normal 0.980771 0.19516 0
    outer loop
      vertex 9.98289 32.2611 6.5
      vertex 9.93185 32.5176 0
      vertex 9.93185 32.5176 6.5
    endloop
  endfacet
  facet normal 0.980771 0.19516 0
    outer loop
      vertex 9.93185 32.5176 0
      vertex 9.98289 32.2611 6.5
      vertex 9.98289 32.2611 0
    endloop
  endfacet
  facet normal 0.83145 0.5556 0
    outer loop
      vertex 9.73205 33 6.5
      vertex 9.58671 33.2175 0
      vertex 9.58671 33.2175 6.5
    endloop
  endfacet
  facet normal 0.83145 0.5556 0
    outer loop
      vertex 9.58671 33.2175 0
      vertex 9.73205 33 6.5
      vertex 9.73205 33 0
    endloop
  endfacet
  facet normal 0.321463 0.946922 -0
    outer loop
      vertex 8.76537 33.8478 0
      vertex 8.51764 33.9319 6.5
      vertex 8.76537 33.8478 6.5
    endloop
  endfacet
  facet normal 0.321463 0.946922 0
    outer loop
      vertex 8.51764 33.9319 6.5
      vertex 8.76537 33.8478 0
      vertex 8.51764 33.9319 0
    endloop
  endfacet
  facet normal 0.555459 0.831544 -0
    outer loop
      vertex 9.21752 33.5867 0
      vertex 9 33.732 6.5
      vertex 9.21752 33.5867 6.5
    endloop
  endfacet
  facet normal 0.555459 0.831544 0
    outer loop
      vertex 9 33.732 6.5
      vertex 9.21752 33.5867 0
      vertex 9 33.732 0
    endloop
  endfacet
  facet normal -0.896845 0.442344 0
    outer loop
      vertex 6.15224 32.7654 0
      vertex 6.26795 33 6.5
      vertex 6.26795 33 0
    endloop
  endfacet
  facet normal -0.896845 0.442344 0
    outer loop
      vertex 6.26795 33 6.5
      vertex 6.15224 32.7654 0
      vertex 6.15224 32.7654 6.5
    endloop
  endfacet
  facet normal -0.83145 0.5556 0
    outer loop
      vertex 6.26795 33 0
      vertex 6.41329 33.2175 6.5
      vertex 6.41329 33.2175 0
    endloop
  endfacet
  facet normal -0.83145 0.5556 0
    outer loop
      vertex 6.41329 33.2175 6.5
      vertex 6.26795 33 0
      vertex 6.26795 33 6.5
    endloop
  endfacet
  facet normal -0.980771 0.19516 0
    outer loop
      vertex 6.01711 32.2611 0
      vertex 6.06815 32.5176 6.5
      vertex 6.06815 32.5176 0
    endloop
  endfacet
  facet normal -0.980771 0.19516 0
    outer loop
      vertex 6.06815 32.5176 6.5
      vertex 6.01711 32.2611 0
      vertex 6.01711 32.2611 6.5
    endloop
  endfacet
  facet normal -0.555459 0.831544 0
    outer loop
      vertex 7 33.732 0
      vertex 6.78248 33.5867 6.5
      vertex 7 33.732 6.5
    endloop
  endfacet
  facet normal -0.555459 0.831544 0
    outer loop
      vertex 6.78248 33.5867 6.5
      vertex 7 33.732 0
      vertex 6.78248 33.5867 0
    endloop
  endfacet
  facet normal -0.194947 0.980814 0
    outer loop
      vertex 7.73895 33.9829 0
      vertex 7.48236 33.9319 6.5
      vertex 7.73895 33.9829 6.5
    endloop
  endfacet
  facet normal -0.194947 0.980814 0
    outer loop
      vertex 7.48236 33.9319 6.5
      vertex 7.73895 33.9829 0
      vertex 7.48236 33.9319 0
    endloop
  endfacet
  facet normal 0.321463 -0.946922 0
    outer loop
      vertex 8.51764 30.0681 0
      vertex 8.76537 30.1522 6.5
      vertex 8.51764 30.0681 6.5
    endloop
  endfacet
  facet normal 0.321463 -0.946922 0
    outer loop
      vertex 8.76537 30.1522 6.5
      vertex 8.51764 30.0681 0
      vertex 8.76537 30.1522 0
    endloop
  endfacet
  facet normal 0.194947 -0.980814 0
    outer loop
      vertex 8.26105 30.0171 0
      vertex 8.51764 30.0681 6.5
      vertex 8.26105 30.0171 6.5
    endloop
  endfacet
  facet normal 0.194947 -0.980814 0
    outer loop
      vertex 8.51764 30.0681 6.5
      vertex 8.26105 30.0171 0
      vertex 8.51764 30.0681 0
    endloop
  endfacet
  facet normal 0.751842 -0.659343 0
    outer loop
      vertex 9.41421 30.5858 6.5
      vertex 9.58671 30.7825 0
      vertex 9.58671 30.7825 6.5
    endloop
  endfacet
  facet normal 0.751842 -0.659343 0
    outer loop
      vertex 9.58671 30.7825 0
      vertex 9.41421 30.5858 6.5
      vertex 9.41421 30.5858 0
    endloop
  endfacet
  facet normal 0.555723 -0.831368 0
    outer loop
      vertex 9 30.2679 0
      vertex 9.21752 30.4133 6.5
      vertex 9 30.2679 6.5
    endloop
  endfacet
  facet normal 0.555723 -0.831368 0
    outer loop
      vertex 9.21752 30.4133 6.5
      vertex 9 30.2679 0
      vertex 9.21752 30.4133 0
    endloop
  endfacet
  facet normal 0.980771 -0.19516 0
    outer loop
      vertex 9.93185 31.4824 6.5
      vertex 9.98289 31.7389 0
      vertex 9.98289 31.7389 6.5
    endloop
  endfacet
  facet normal 0.980771 -0.19516 0
    outer loop
      vertex 9.98289 31.7389 0
      vertex 9.93185 31.4824 6.5
      vertex 9.93185 31.4824 0
    endloop
  endfacet
  facet normal -0.321463 -0.946922 0
    outer loop
      vertex 7.23463 30.1522 0
      vertex 7.48236 30.0681 6.5
      vertex 7.23463 30.1522 6.5
    endloop
  endfacet
  facet normal -0.321463 -0.946922 -0
    outer loop
      vertex 7.48236 30.0681 6.5
      vertex 7.23463 30.1522 0
      vertex 7.48236 30.0681 0
    endloop
  endfacet
  facet normal -0.194947 -0.980814 0
    outer loop
      vertex 7.48236 30.0681 0
      vertex 7.73895 30.0171 6.5
      vertex 7.48236 30.0681 6.5
    endloop
  endfacet
  facet normal -0.194947 -0.980814 -0
    outer loop
      vertex 7.73895 30.0171 6.5
      vertex 7.48236 30.0681 0
      vertex 7.73895 30.0171 0
    endloop
  endfacet
  facet normal -0.83145 -0.5556 0
    outer loop
      vertex 6.41329 30.7825 0
      vertex 6.26795 31 6.5
      vertex 6.26795 31 0
    endloop
  endfacet
  facet normal -0.83145 -0.5556 0
    outer loop
      vertex 6.26795 31 6.5
      vertex 6.41329 30.7825 0
      vertex 6.41329 30.7825 6.5
    endloop
  endfacet
  facet normal -0.751842 -0.659343 0
    outer loop
      vertex 6.58579 30.5858 0
      vertex 6.41329 30.7825 6.5
      vertex 6.41329 30.7825 0
    endloop
  endfacet
  facet normal -0.751842 -0.659343 0
    outer loop
      vertex 6.41329 30.7825 6.5
      vertex 6.58579 30.5858 0
      vertex 6.58579 30.5858 6.5
    endloop
  endfacet
  facet normal -0.980771 -0.19516 0
    outer loop
      vertex 6.06815 31.4824 0
      vertex 6.01711 31.7389 6.5
      vertex 6.01711 31.7389 0
    endloop
  endfacet
  facet normal -0.980771 -0.19516 0
    outer loop
      vertex 6.01711 31.7389 6.5
      vertex 6.06815 31.4824 0
      vertex 6.06815 31.4824 6.5
    endloop
  endfacet
  facet normal 0.946961 0.321348 0
    outer loop
      vertex 9.93185 32.5176 6.5
      vertex 9.84776 32.7654 0
      vertex 9.84776 32.7654 6.5
    endloop
  endfacet
  facet normal 0.946961 0.321348 0
    outer loop
      vertex 9.84776 32.7654 0
      vertex 9.93185 32.5176 6.5
      vertex 9.93185 32.5176 0
    endloop
  endfacet
  facet normal 0.0653646 0.997861 -0
    outer loop
      vertex 8.26105 33.9829 0
      vertex 8 34 6.5
      vertex 8.26105 33.9829 6.5
    endloop
  endfacet
  facet normal 0.0653646 0.997861 0
    outer loop
      vertex 8 34 6.5
      vertex 8.26105 33.9829 0
      vertex 8 34 0
    endloop
  endfacet
  facet normal 0 0 -1
    outer loop
      vertex 9.98289 31.7389 0
      vertex 9.98289 32.2611 0
      vertex 10 32 0
    endloop
  endfacet
  facet normal 0 0 -1
    outer loop
      vertex 9.93185 31.4824 0
      vertex 9.98289 32.2611 0
      vertex 9.98289 31.7389 0
    endloop
  endfacet
  facet normal 0 0 -1
    outer loop
      vertex 9.93185 31.4824 0
      vertex 9.93185 32.5176 0
      vertex 9.98289 32.2611 0
    endloop
  endfacet
  facet normal 0 0 -1
    outer loop
      vertex 9.84776 31.2346 0
      vertex 9.93185 32.5176 0
      vertex 9.93185 31.4824 0
    endloop
  endfacet
  facet normal 0 0 -1
    outer loop
      vertex 9.84776 31.2346 0
      vertex 9.84776 32.7654 0
      vertex 9.93185 32.5176 0
    endloop
  endfacet
  facet normal 0 0 -1
    outer loop
      vertex 9.73205 31 0
      vertex 9.84776 32.7654 0
      vertex 9.84776 31.2346 0
    endloop
  endfacet
  facet normal 0 0 -1
    outer loop
      vertex 9.73205 31 0
      vertex 9.73205 33 0
      vertex 9.84776 32.7654 0
    endloop
  endfacet
  facet normal 0 0 -1
    outer loop
      vertex 9.58671 30.7825 0
      vertex 9.73205 33 0
      vertex 9.73205 31 0
    endloop
  endfacet
  facet normal 0 0 -1
    outer loop
      vertex 9.58671 30.7825 0
      vertex 9.58671 33.2175 0
      vertex 9.73205 33 0
    endloop
  endfacet
  facet normal 0 0 -1
    outer loop
      vertex 9.41421 30.5858 0
      vertex 9.58671 33.2175 0
      vertex 9.58671 30.7825 0
    endloop
  endfacet
  facet normal 0 0 -1
    outer loop
      vertex 9.41421 30.5858 0
      vertex 9.41421 33.4142 0
      vertex 9.58671 33.2175 0
    endloop
  endfacet
  facet normal 0 0 -1
    outer loop
      vertex 9.21752 30.4133 0
      vertex 9.41421 33.4142 0
      vertex 9.41421 30.5858 0
    endloop
  endfacet
  facet normal 0 0 -1
    outer loop
      vertex 9.21752 30.4133 0
      vertex 9.21752 33.5867 0
      vertex 9.41421 33.4142 0
    endloop
  endfacet
  facet normal 0 0 -1
    outer loop
      vertex 9 30.2679 0
      vertex 9.21752 33.5867 0
      vertex 9.21752 30.4133 0
    endloop
  endfacet
  facet normal 0 0 -1
    outer loop
      vertex 9 30.2679 0
      vertex 9 33.732 0
      vertex 9.21752 33.5867 0
    endloop
  endfacet
  facet normal 0 0 -1
    outer loop
      vertex 8.76537 30.1522 0
      vertex 9 33.732 0
      vertex 9 30.2679 0
    endloop
  endfacet
  facet normal 0 0 -1
    outer loop
      vertex 8.76537 30.1522 0
      vertex 8.76537 33.8478 0
      vertex 9 33.732 0
    endloop
  endfacet
  facet normal 0 0 -1
    outer loop
      vertex 8.51764 30.0681 0
      vertex 8.76537 33.8478 0
      vertex 8.76537 30.1522 0
    endloop
  endfacet
  facet normal 0 0 -1
    outer loop
      vertex 8.51764 30.0681 0
      vertex 8.51764 33.9319 0
      vertex 8.76537 33.8478 0
    endloop
  endfacet
  facet normal 0 0 -1
    outer loop
      vertex 8.26105 30.0171 0
      vertex 8.51764 33.9319 0
      vertex 8.51764 30.0681 0
    endloop
  endfacet
  facet normal 0 0 -1
    outer loop
      vertex 8.26105 30.0171 0
      vertex 8.26105 33.9829 0
      vertex 8.51764 33.9319 0
    endloop
  endfacet
  facet normal 0 0 -1
    outer loop
      vertex 8 30 0
      vertex 8.26105 33.9829 0
      vertex 8.26105 30.0171 0
    endloop
  endfacet
  facet normal 0 0 -1
    outer loop
      vertex 8 30 0
      vertex 8 34 0
      vertex 8.26105 33.9829 0
    endloop
  endfacet
  facet normal 0 0 -1
    outer loop
      vertex 7.73895 30.0171 0
      vertex 8 34 0
      vertex 8 30 0
    endloop
  endfacet
  facet normal 0 0 -1
    outer loop
      vertex 7.73895 30.0171 0
      vertex 7.73895 33.9829 0
      vertex 8 34 0
    endloop
  endfacet
  facet normal 0 0 -1
    outer loop
      vertex 7.48236 30.0681 0
      vertex 7.73895 33.9829 0
      vertex 7.73895 30.0171 0
    endloop
  endfacet
  facet normal 0 0 -1
    outer loop
      vertex 7.48236 30.0681 0
      vertex 7.48236 33.9319 0
      vertex 7.73895 33.9829 0
    endloop
  endfacet
  facet normal 0 0 -1
    outer loop
      vertex 7.23463 30.1522 0
      vertex 7.48236 33.9319 0
      vertex 7.48236 30.0681 0
    endloop
  endfacet
  facet normal 0 0 -1
    outer loop
      vertex 7.23463 30.1522 0
      vertex 7.23463 33.8478 0
      vertex 7.48236 33.9319 0
    endloop
  endfacet
  facet normal 0 0 -1
    outer loop
      vertex 7 30.2679 0
      vertex 7.23463 33.8478 0
      vertex 7.23463 30.1522 0
    endloop
  endfacet
  facet normal 0 0 -1
    outer loop
      vertex 7 30.2679 0
      vertex 7 33.732 0
      vertex 7.23463 33.8478 0
    endloop
  endfacet
  facet normal 0 0 -1
    outer loop
      vertex 6.78248 30.4133 0
      vertex 7 33.732 0
      vertex 7 30.2679 0
    endloop
  endfacet
  facet normal 0 0 -1
    outer loop
      vertex 6.78248 30.4133 0
      vertex 6.78248 33.5867 0
      vertex 7 33.732 0
    endloop
  endfacet
  facet normal 0 0 -1
    outer loop
      vertex 6.58579 30.5858 0
      vertex 6.78248 33.5867 0
      vertex 6.78248 30.4133 0
    endloop
  endfacet
  facet normal 0 0 -1
    outer loop
      vertex 6.58579 30.5858 0
      vertex 6.58579 33.4142 0
      vertex 6.78248 33.5867 0
    endloop
  endfacet
  facet normal 0 0 -1
    outer loop
      vertex 6.41329 30.7825 0
      vertex 6.58579 33.4142 0
      vertex 6.58579 30.5858 0
    endloop
  endfacet
  facet normal 0 0 -1
    outer loop
      vertex 6.41329 30.7825 0
      vertex 6.41329 33.2175 0
      vertex 6.58579 33.4142 0
    endloop
  endfacet
  facet normal 0 0 -1
    outer loop
      vertex 6.26795 31 0
      vertex 6.41329 33.2175 0
      vertex 6.41329 30.7825 0
    endloop
  endfacet
  facet normal 0 0 -1
    outer loop
      vertex 6.26795 31 0
      vertex 6.26795 33 0
      vertex 6.41329 33.2175 0
    endloop
  endfacet
  facet normal 0 0 -1
    outer loop
      vertex 6.15224 31.2346 0
      vertex 6.26795 33 0
      vertex 6.26795 31 0
    endloop
  endfacet
  facet normal 0 0 -1
    outer loop
      vertex 6.15224 31.2346 0
      vertex 6.15224 32.7654 0
      vertex 6.26795 33 0
    endloop
  endfacet
  facet normal 0 0 -1
    outer loop
      vertex 6.06815 31.4824 0
      vertex 6.15224 32.7654 0
      vertex 6.15224 31.2346 0
    endloop
  endfacet
  facet normal 0 0 -1
    outer loop
      vertex 6.06815 31.4824 0
      vertex 6.06815 32.5176 0
      vertex 6.15224 32.7654 0
    endloop
  endfacet
  facet normal 0 0 -1
    outer loop
      vertex 6.01711 31.7389 0
      vertex 6.06815 32.5176 0
      vertex 6.06815 31.4824 0
    endloop
  endfacet
  facet normal 0 0 -1
    outer loop
      vertex 6.01711 31.7389 0
      vertex 6.01711 32.2611 0
      vertex 6.06815 32.5176 0
    endloop
  endfacet
  facet normal 0 -0 -1
    outer loop
      vertex 6.01711 32.2611 0
      vertex 6.01711 31.7389 0
      vertex 6 32 0
    endloop
  endfacet
  facet normal -0.946961 0.321348 0
    outer loop
      vertex 6.06815 32.5176 0
      vertex 6.15224 32.7654 6.5
      vertex 6.15224 32.7654 0
    endloop
  endfacet
  facet normal -0.946961 0.321348 0
    outer loop
      vertex 6.15224 32.7654 6.5
      vertex 6.06815 32.5176 0
      vertex 6.06815 32.5176 6.5
    endloop
  endfacet
  facet normal -0.99786 0.0653902 0
    outer loop
      vertex 6 32 0
      vertex 6.01711 32.2611 6.5
      vertex 6.01711 32.2611 0
    endloop
  endfacet
  facet normal -0.99786 0.0653902 0
    outer loop
      vertex 6.01711 32.2611 6.5
      vertex 6 32 0
      vertex 6 32 6.5
    endloop
  endfacet
  facet normal 0 0 1
    outer loop
      vertex 9.98289 32.2611 6.5
      vertex 9.98289 31.7389 6.5
      vertex 10 32 6.5
    endloop
  endfacet
  facet normal 0 0 1
    outer loop
      vertex 9.93185 32.5176 6.5
      vertex 9.98289 31.7389 6.5
      vertex 9.98289 32.2611 6.5
    endloop
  endfacet
  facet normal 0 0 1
    outer loop
      vertex 9.93185 32.5176 6.5
      vertex 9.93185 31.4824 6.5
      vertex 9.98289 31.7389 6.5
    endloop
  endfacet
  facet normal 0 0 1
    outer loop
      vertex 9.84776 32.7654 6.5
      vertex 9.93185 31.4824 6.5
      vertex 9.93185 32.5176 6.5
    endloop
  endfacet
  facet normal 0 0 1
    outer loop
      vertex 9.84776 32.7654 6.5
      vertex 9.84776 31.2346 6.5
      vertex 9.93185 31.4824 6.5
    endloop
  endfacet
  facet normal 0 0 1
    outer loop
      vertex 9.73205 33 6.5
      vertex 9.84776 31.2346 6.5
      vertex 9.84776 32.7654 6.5
    endloop
  endfacet
  facet normal 0 0 1
    outer loop
      vertex 9.73205 33 6.5
      vertex 9.73205 31 6.5
      vertex 9.84776 31.2346 6.5
    endloop
  endfacet
  facet normal 0 0 1
    outer loop
      vertex 9.58671 33.2175 6.5
      vertex 9.73205 31 6.5
      vertex 9.73205 33 6.5
    endloop
  endfacet
  facet normal 0 0 1
    outer loop
      vertex 9.58671 33.2175 6.5
      vertex 9.58671 30.7825 6.5
      vertex 9.73205 31 6.5
    endloop
  endfacet
  facet normal 0 0 1
    outer loop
      vertex 9.41421 33.4142 6.5
      vertex 9.58671 30.7825 6.5
      vertex 9.58671 33.2175 6.5
    endloop
  endfacet
  facet normal 0 0 1
    outer loop
      vertex 9.41421 33.4142 6.5
      vertex 9.41421 30.5858 6.5
      vertex 9.58671 30.7825 6.5
    endloop
  endfacet
  facet normal 0 0 1
    outer loop
      vertex 9.21752 33.5867 6.5
      vertex 9.41421 30.5858 6.5
      vertex 9.41421 33.4142 6.5
    endloop
  endfacet
  facet normal 0 0 1
    outer loop
      vertex 9.21752 33.5867 6.5
      vertex 9.21752 30.4133 6.5
      vertex 9.41421 30.5858 6.5
    endloop
  endfacet
  facet normal 0 0 1
    outer loop
      vertex 9 33.732 6.5
      vertex 9.21752 30.4133 6.5
      vertex 9.21752 33.5867 6.5
    endloop
  endfacet
  facet normal 0 0 1
    outer loop
      vertex 9 33.732 6.5
      vertex 9 30.2679 6.5
      vertex 9.21752 30.4133 6.5
    endloop
  endfacet
  facet normal 0 0 1
    outer loop
      vertex 8.76537 33.8478 6.5
      vertex 9 30.2679 6.5
      vertex 9 33.732 6.5
    endloop
  endfacet
  facet normal 0 0 1
    outer loop
      vertex 8.76537 33.8478 6.5
      vertex 8.76537 30.1522 6.5
      vertex 9 30.2679 6.5
    endloop
  endfacet
  facet normal 0 0 1
    outer loop
      vertex 8.51764 33.9319 6.5
      vertex 8.76537 30.1522 6.5
      vertex 8.76537 33.8478 6.5
    endloop
  endfacet
  facet normal 0 0 1
    outer loop
      vertex 8.51764 33.9319 6.5
      vertex 8.51764 30.0681 6.5
      vertex 8.76537 30.1522 6.5
    endloop
  endfacet
  facet normal 0 0 1
    outer loop
      vertex 8.26105 33.9829 6.5
      vertex 8.51764 30.0681 6.5
      vertex 8.51764 33.9319 6.5
    endloop
  endfacet
  facet normal 0 0 1
    outer loop
      vertex 8.26105 33.9829 6.5
      vertex 8.26105 30.0171 6.5
      vertex 8.51764 30.0681 6.5
    endloop
  endfacet
  facet normal 0 0 1
    outer loop
      vertex 8 34 6.5
      vertex 8.26105 30.0171 6.5
      vertex 8.26105 33.9829 6.5
    endloop
  endfacet
  facet normal 0 0 1
    outer loop
      vertex 8 34 6.5
      vertex 8 30 6.5
      vertex 8.26105 30.0171 6.5
    endloop
  endfacet
  facet normal -0 0 1
    outer loop
      vertex 7.73895 33.9829 6.5
      vertex 8 30 6.5
      vertex 8 34 6.5
    endloop
  endfacet
  facet normal 0 0 1
    outer loop
      vertex 7.73895 33.9829 6.5
      vertex 7.73895 30.0171 6.5
      vertex 8 30 6.5
    endloop
  endfacet
  facet normal -0 0 1
    outer loop
      vertex 7.48236 33.9319 6.5
      vertex 7.73895 30.0171 6.5
      vertex 7.73895 33.9829 6.5
    endloop
  endfacet
  facet normal 0 0 1
    outer loop
      vertex 7.48236 33.9319 6.5
      vertex 7.48236 30.0681 6.5
      vertex 7.73895 30.0171 6.5
    endloop
  endfacet
  facet normal -0 0 1
    outer loop
      vertex 7.23463 33.8478 6.5
      vertex 7.48236 30.0681 6.5
      vertex 7.48236 33.9319 6.5
    endloop
  endfacet
  facet normal 0 0 1
    outer loop
      vertex 7.23463 33.8478 6.5
      vertex 7.23463 30.1522 6.5
      vertex 7.48236 30.0681 6.5
    endloop
  endfacet
  facet normal -0 0 1
    outer loop
      vertex 7 33.732 6.5
      vertex 7.23463 30.1522 6.5
      vertex 7.23463 33.8478 6.5
    endloop
  endfacet
  facet normal 0 0 1
    outer loop
      vertex 7 33.732 6.5
      vertex 7 30.2679 6.5
      vertex 7.23463 30.1522 6.5
    endloop
  endfacet
  facet normal -0 0 1
    outer loop
      vertex 6.78248 33.5867 6.5
      vertex 7 30.2679 6.5
      vertex 7 33.732 6.5
    endloop
  endfacet
  facet normal 0 0 1
    outer loop
      vertex 6.78248 33.5867 6.5
      vertex 6.78248 30.4133 6.5
      vertex 7 30.2679 6.5
    endloop
  endfacet
  facet normal -0 0 1
    outer loop
      vertex 6.58579 33.4142 6.5
      vertex 6.78248 30.4133 6.5
      vertex 6.78248 33.5867 6.5
    endloop
  endfacet
  facet normal 0 0 1
    outer loop
      vertex 6.58579 33.4142 6.5
      vertex 6.58579 30.5858 6.5
      vertex 6.78248 30.4133 6.5
    endloop
  endfacet
  facet normal -0 0 1
    outer loop
      vertex 6.41329 33.2175 6.5
      vertex 6.58579 30.5858 6.5
      vertex 6.58579 33.4142 6.5
    endloop
  endfacet
  facet normal 0 0 1
    outer loop
      vertex 6.41329 33.2175 6.5
      vertex 6.41329 30.7825 6.5
      vertex 6.58579 30.5858 6.5
    endloop
  endfacet
  facet normal -0 0 1
    outer loop
      vertex 6.26795 33 6.5
      vertex 6.41329 30.7825 6.5
      vertex 6.41329 33.2175 6.5
    endloop
  endfacet
  facet normal 0 0 1
    outer loop
      vertex 6.26795 33 6.5
      vertex 6.26795 31 6.5
      vertex 6.41329 30.7825 6.5
    endloop
  endfacet
  facet normal -0 0 1
    outer loop
      vertex 6.15224 32.7654 6.5
      vertex 6.26795 31 6.5
      vertex 6.26795 33 6.5
    endloop
  endfacet
  facet normal 0 0 1
    outer loop
      vertex 6.15224 32.7654 6.5
      vertex 6.15224 31.2346 6.5
      vertex 6.26795 31 6.5
    endloop
  endfacet
  facet normal -0 0 1
    outer loop
      vertex 6.06815 32.5176 6.5
      vertex 6.15224 31.2346 6.5
      vertex 6.15224 32.7654 6.5
    endloop
  endfacet
  facet normal 0 0 1
    outer loop
      vertex 6.06815 32.5176 6.5
      vertex 6.06815 31.4824 6.5
      vertex 6.15224 31.2346 6.5
    endloop
  endfacet
  facet normal -0 0 1
    outer loop
      vertex 6.01711 32.2611 6.5
      vertex 6.06815 31.4824 6.5
      vertex 6.06815 32.5176 6.5
    endloop
  endfacet
  facet normal 0 0 1
    outer loop
      vertex 6.01711 32.2611 6.5
      vertex 6.01711 31.7389 6.5
      vertex 6.06815 31.4824 6.5
    endloop
  endfacet
  facet normal 0 -0 1
    outer loop
      vertex 6.01711 31.7389 6.5
      vertex 6.01711 32.2611 6.5
      vertex 6 32 6.5
    endloop
  endfacet
  facet normal 0.99786 -0.0653902 0
    outer loop
      vertex 9.98289 31.7389 6.5
      vertex 10 32 0
      vertex 10 32 6.5
    endloop
  endfacet
  facet normal 0.99786 -0.0653902 0
    outer loop
      vertex 10 32 0
      vertex 9.98289 31.7389 6.5
      vertex 9.98289 31.7389 0
    endloop
  endfacet
  facet normal 0.659362 -0.751826 0
    outer loop
      vertex 9.21752 30.4133 0
      vertex 9.41421 30.5858 6.5
      vertex 9.21752 30.4133 6.5
    endloop
  endfacet
  facet normal 0.659362 -0.751826 0
    outer loop
      vertex 9.41421 30.5858 6.5
      vertex 9.21752 30.4133 0
      vertex 9.41421 30.5858 0
    endloop
  endfacet
  facet normal 0.946961 -0.321348 0
    outer loop
      vertex 9.84776 31.2346 6.5
      vertex 9.93185 31.4824 0
      vertex 9.93185 31.4824 6.5
    endloop
  endfacet
  facet normal 0.946961 -0.321348 0
    outer loop
      vertex 9.93185 31.4824 0
      vertex 9.84776 31.2346 6.5
      vertex 9.84776 31.2346 0
    endloop
  endfacet
  facet normal 0.83145 -0.5556 0
    outer loop
      vertex 9.58671 30.7825 6.5
      vertex 9.73205 31 0
      vertex 9.73205 31 6.5
    endloop
  endfacet
  facet normal 0.83145 -0.5556 0
    outer loop
      vertex 9.73205 31 0
      vertex 9.58671 30.7825 6.5
      vertex 9.58671 30.7825 0
    endloop
  endfacet
  facet normal 0.896845 -0.442344 0
    outer loop
      vertex 9.73205 31 6.5
      vertex 9.84776 31.2346 0
      vertex 9.84776 31.2346 6.5
    endloop
  endfacet
  facet normal 0.896845 -0.442344 0
    outer loop
      vertex 9.84776 31.2346 0
      vertex 9.73205 31 6.5
      vertex 9.73205 31 0
    endloop
  endfacet
  facet normal -0.555723 -0.831368 0
    outer loop
      vertex 6.78248 30.4133 0
      vertex 7 30.2679 6.5
      vertex 6.78248 30.4133 6.5
    endloop
  endfacet
  facet normal -0.555723 -0.831368 -0
    outer loop
      vertex 7 30.2679 6.5
      vertex 6.78248 30.4133 0
      vertex 7 30.2679 0
    endloop
  endfacet
  facet normal -0.442268 -0.896883 0
    outer loop
      vertex 7 30.2679 0
      vertex 7.23463 30.1522 6.5
      vertex 7 30.2679 6.5
    endloop
  endfacet
  facet normal -0.442268 -0.896883 -0
    outer loop
      vertex 7.23463 30.1522 6.5
      vertex 7 30.2679 0
      vertex 7.23463 30.1522 0
    endloop
  endfacet
  facet normal -0.0653646 -0.997861 0
    outer loop
      vertex 7.73895 30.0171 0
      vertex 8 30 6.5
      vertex 7.73895 30.0171 6.5
    endloop
  endfacet
  facet normal -0.0653646 -0.997861 -0
    outer loop
      vertex 8 30 6.5
      vertex 7.73895 30.0171 0
      vertex 8 30 0
    endloop
  endfacet
  facet normal -0.659362 -0.751826 0
    outer loop
      vertex 6.58579 30.5858 0
      vertex 6.78248 30.4133 6.5
      vertex 6.58579 30.5858 6.5
    endloop
  endfacet
  facet normal -0.659362 -0.751826 -0
    outer loop
      vertex 6.78248 30.4133 6.5
      vertex 6.58579 30.5858 0
      vertex 6.78248 30.4133 0
    endloop
  endfacet
  facet normal 0.751842 0.659343 0
    outer loop
      vertex 9.58671 33.2175 6.5
      vertex 9.41421 33.4142 0
      vertex 9.41421 33.4142 6.5
    endloop
  endfacet
  facet normal 0.751842 0.659343 0
    outer loop
      vertex 9.41421 33.4142 0
      vertex 9.58671 33.2175 6.5
      vertex 9.58671 33.2175 0
    endloop
  endfacet
  facet normal 0.194947 0.980814 -0
    outer loop
      vertex 8.51764 33.9319 0
      vertex 8.26105 33.9829 6.5
      vertex 8.51764 33.9319 6.5
    endloop
  endfacet
  facet normal 0.194947 0.980814 0
    outer loop
      vertex 8.26105 33.9829 6.5
      vertex 8.51764 33.9319 0
      vertex 8.26105 33.9829 0
    endloop
  endfacet
  facet normal 0.442575 0.896731 -0
    outer loop
      vertex 9 33.732 0
      vertex 8.76537 33.8478 6.5
      vertex 9 33.732 6.5
    endloop
  endfacet
  facet normal 0.442575 0.896731 0
    outer loop
      vertex 8.76537 33.8478 6.5
      vertex 9 33.732 0
      vertex 8.76537 33.8478 0
    endloop
  endfacet
  facet normal -0.659362 0.751826 0
    outer loop
      vertex 6.78248 33.5867 0
      vertex 6.58579 33.4142 6.5
      vertex 6.78248 33.5867 6.5
    endloop
  endfacet
  facet normal -0.659362 0.751826 0
    outer loop
      vertex 6.58579 33.4142 6.5
      vertex 6.78248 33.5867 0
      vertex 6.58579 33.4142 0
    endloop
  endfacet
  facet normal -0.321463 0.946922 0
    outer loop
      vertex 7.48236 33.9319 0
      vertex 7.23463 33.8478 6.5
      vertex 7.48236 33.9319 6.5
    endloop
  endfacet
  facet normal -0.321463 0.946922 0
    outer loop
      vertex 7.23463 33.8478 6.5
      vertex 7.48236 33.9319 0
      vertex 7.23463 33.8478 0
    endloop
  endfacet
  facet normal 0.442268 -0.896883 0
    outer loop
      vertex 8.76537 30.1522 0
      vertex 9 30.2679 6.5
      vertex 8.76537 30.1522 6.5
    endloop
  endfacet
  facet normal 0.442268 -0.896883 0
    outer loop
      vertex 9 30.2679 6.5
      vertex 8.76537 30.1522 0
      vertex 9 30.2679 0
    endloop
  endfacet
  facet normal -0.896845 -0.442344 0
    outer loop
      vertex 6.26795 31 0
      vertex 6.15224 31.2346 6.5
      vertex 6.15224 31.2346 0
    endloop
  endfacet
  facet normal -0.896845 -0.442344 0
    outer loop
      vertex 6.15224 31.2346 6.5
      vertex 6.26795 31 0
      vertex 6.26795 31 6.5
    endloop
  endfacet
  facet normal 0.997862 0.0653521 0
    outer loop
      vertex 18 32 6.5
      vertex 17.9829 32.2611 0
      vertex 17.9829 32.2611 6.5
    endloop
  endfacet
  facet normal 0.997862 0.0653521 0
    outer loop
      vertex 17.9829 32.2611 0
      vertex 18 32 6.5
      vertex 18 32 0
    endloop
  endfacet
  facet normal -0.997862 -0.0653521 0
    outer loop
      vertex 14.0171 31.7389 0
      vertex 14 32 6.5
      vertex 14 32 0
    endloop
  endfacet
  facet normal -0.997862 -0.0653521 0
    outer loop
      vertex 14 32 6.5
      vertex 14.0171 31.7389 0
      vertex 14.0171 31.7389 6.5
    endloop
  endfacet
  facet normal -0.0653521 0.997862 0
    outer loop
      vertex 16 34 0
      vertex 15.7389 33.9829 6.5
      vertex 16 34 6.5
    endloop
  endfacet
  facet normal -0.0653521 0.997862 0
    outer loop
      vertex 15.7389 33.9829 6.5
      vertex 16 34 0
      vertex 15.7389 33.9829 0
    endloop
  endfacet
  facet normal 0.659343 0.751842 -0
    outer loop
      vertex 17.4142 33.4142 0
      vertex 17.2175 33.5867 6.5
      vertex 17.4142 33.4142 6.5
    endloop
  endfacet
  facet normal 0.659343 0.751842 0
    outer loop
      vertex 17.2175 33.5867 6.5
      vertex 17.4142 33.4142 0
      vertex 17.2175 33.5867 0
    endloop
  endfacet
  facet normal -0.751842 0.659343 0
    outer loop
      vertex 14.4133 33.2175 0
      vertex 14.5858 33.4142 6.5
      vertex 14.5858 33.4142 0
    endloop
  endfacet
  facet normal -0.751842 0.659343 0
    outer loop
      vertex 14.5858 33.4142 6.5
      vertex 14.4133 33.2175 0
      vertex 14.4133 33.2175 6.5
    endloop
  endfacet
  facet normal -0.442621 0.896709 0
    outer loop
      vertex 15.2346 33.8478 0
      vertex 15 33.732 6.5
      vertex 15.2346 33.8478 6.5
    endloop
  endfacet
  facet normal -0.442621 0.896709 0
    outer loop
      vertex 15 33.732 6.5
      vertex 15.2346 33.8478 0
      vertex 15 33.732 0
    endloop
  endfacet
  facet normal -0.94695 -0.321382 0
    outer loop
      vertex 14.1522 31.2346 0
      vertex 14.0681 31.4824 6.5
      vertex 14.0681 31.4824 0
    endloop
  endfacet
  facet normal -0.94695 -0.321382 0
    outer loop
      vertex 14.0681 31.4824 6.5
      vertex 14.1522 31.2346 0
      vertex 14.1522 31.2346 6.5
    endloop
  endfacet
  facet normal 0.896709 0.442621 0
    outer loop
      vertex 17.8478 32.7654 6.5
      vertex 17.732 33 0
      vertex 17.732 33 6.5
    endloop
  endfacet
  facet normal 0.896709 0.442621 0
    outer loop
      vertex 17.732 33 0
      vertex 17.8478 32.7654 6.5
      vertex 17.8478 32.7654 0
    endloop
  endfacet
  facet normal 0.980801 0.195013 0
    outer loop
      vertex 17.9829 32.2611 6.5
      vertex 17.9319 32.5176 0
      vertex 17.9319 32.5176 6.5
    endloop
  endfacet
  facet normal 0.980801 0.195013 0
    outer loop
      vertex 17.9319 32.5176 0
      vertex 17.9829 32.2611 6.5
      vertex 17.9829 32.2611 0
    endloop
  endfacet
  facet normal 0.831521 0.555494 0
    outer loop
      vertex 17.732 33 6.5
      vertex 17.5867 33.2175 0
      vertex 17.5867 33.2175 6.5
    endloop
  endfacet
  facet normal 0.831521 0.555494 0
    outer loop
      vertex 17.5867 33.2175 0
      vertex 17.732 33 6.5
      vertex 17.732 33 0
    endloop
  endfacet
  facet normal 0.321382 0.94695 -0
    outer loop
      vertex 16.7654 33.8478 0
      vertex 16.5176 33.9319 6.5
      vertex 16.7654 33.8478 6.5
    endloop
  endfacet
  facet normal 0.321382 0.94695 0
    outer loop
      vertex 16.5176 33.9319 6.5
      vertex 16.7654 33.8478 0
      vertex 16.5176 33.9319 0
    endloop
  endfacet
  facet normal 0.555494 0.831521 -0
    outer loop
      vertex 17.2175 33.5867 0
      vertex 17 33.732 6.5
      vertex 17.2175 33.5867 6.5
    endloop
  endfacet
  facet normal 0.555494 0.831521 0
    outer loop
      vertex 17 33.732 6.5
      vertex 17.2175 33.5867 0
      vertex 17 33.732 0
    endloop
  endfacet
  facet normal -0.89686 0.442314 0
    outer loop
      vertex 14.1522 32.7654 0
      vertex 14.2679 33 6.5
      vertex 14.2679 33 0
    endloop
  endfacet
  facet normal -0.89686 0.442314 0
    outer loop
      vertex 14.2679 33 6.5
      vertex 14.1522 32.7654 0
      vertex 14.1522 32.7654 6.5
    endloop
  endfacet
  facet normal -0.831344 0.555758 0
    outer loop
      vertex 14.2679 33 0
      vertex 14.4133 33.2175 6.5
      vertex 14.4133 33.2175 0
    endloop
  endfacet
  facet normal -0.831344 0.555758 0
    outer loop
      vertex 14.4133 33.2175 6.5
      vertex 14.2679 33 0
      vertex 14.2679 33 6.5
    endloop
  endfacet
  facet normal -0.980801 0.195013 0
    outer loop
      vertex 14.0171 32.2611 0
      vertex 14.0681 32.5176 6.5
      vertex 14.0681 32.5176 0
    endloop
  endfacet
  facet normal -0.980801 0.195013 0
    outer loop
      vertex 14.0681 32.5176 6.5
      vertex 14.0171 32.2611 0
      vertex 14.0171 32.2611 6.5
    endloop
  endfacet
  facet normal -0.555494 0.831521 0
    outer loop
      vertex 15 33.732 0
      vertex 14.7825 33.5867 6.5
      vertex 15 33.732 6.5
    endloop
  endfacet
  facet normal -0.555494 0.831521 0
    outer loop
      vertex 14.7825 33.5867 6.5
      vertex 15 33.732 0
      vertex 14.7825 33.5867 0
    endloop
  endfacet
  facet normal -0.195013 0.980801 0
    outer loop
      vertex 15.7389 33.9829 0
      vertex 15.4824 33.9319 6.5
      vertex 15.7389 33.9829 6.5
    endloop
  endfacet
  facet normal -0.195013 0.980801 0
    outer loop
      vertex 15.4824 33.9319 6.5
      vertex 15.7389 33.9829 0
      vertex 15.4824 33.9319 0
    endloop
  endfacet
  facet normal 0.321382 -0.94695 0
    outer loop
      vertex 16.5176 30.0681 0
      vertex 16.7654 30.1522 6.5
      vertex 16.5176 30.0681 6.5
    endloop
  endfacet
  facet normal 0.321382 -0.94695 0
    outer loop
      vertex 16.7654 30.1522 6.5
      vertex 16.5176 30.0681 0
      vertex 16.7654 30.1522 0
    endloop
  endfacet
  facet normal 0.195013 -0.980801 0
    outer loop
      vertex 16.2611 30.0171 0
      vertex 16.5176 30.0681 6.5
      vertex 16.2611 30.0171 6.5
    endloop
  endfacet
  facet normal 0.195013 -0.980801 0
    outer loop
      vertex 16.5176 30.0681 6.5
      vertex 16.2611 30.0171 0
      vertex 16.5176 30.0681 0
    endloop
  endfacet
  facet normal 0.751842 -0.659343 0
    outer loop
      vertex 17.4142 30.5858 6.5
      vertex 17.5867 30.7825 0
      vertex 17.5867 30.7825 6.5
    endloop
  endfacet
  facet normal 0.751842 -0.659343 0
    outer loop
      vertex 17.5867 30.7825 0
      vertex 17.4142 30.5858 6.5
      vertex 17.4142 30.5858 0
    endloop
  endfacet
  facet normal 0.555758 -0.831344 0
    outer loop
      vertex 17 30.2679 0
      vertex 17.2175 30.4133 6.5
      vertex 17 30.2679 6.5
    endloop
  endfacet
  facet normal 0.555758 -0.831344 0
    outer loop
      vertex 17.2175 30.4133 6.5
      vertex 17 30.2679 0
      vertex 17.2175 30.4133 0
    endloop
  endfacet
  facet normal 0.980801 -0.195013 0
    outer loop
      vertex 17.9319 31.4824 6.5
      vertex 17.9829 31.7389 0
      vertex 17.9829 31.7389 6.5
    endloop
  endfacet
  facet normal 0.980801 -0.195013 0
    outer loop
      vertex 17.9829 31.7389 0
      vertex 17.9319 31.4824 6.5
      vertex 17.9319 31.4824 0
    endloop
  endfacet
  facet normal -0.321382 -0.94695 0
    outer loop
      vertex 15.2346 30.1522 0
      vertex 15.4824 30.0681 6.5
      vertex 15.2346 30.1522 6.5
    endloop
  endfacet
  facet normal -0.321382 -0.94695 -0
    outer loop
      vertex 15.4824 30.0681 6.5
      vertex 15.2346 30.1522 0
      vertex 15.4824 30.0681 0
    endloop
  endfacet
  facet normal -0.195013 -0.980801 0
    outer loop
      vertex 15.4824 30.0681 0
      vertex 15.7389 30.0171 6.5
      vertex 15.4824 30.0681 6.5
    endloop
  endfacet
  facet normal -0.195013 -0.980801 -0
    outer loop
      vertex 15.7389 30.0171 6.5
      vertex 15.4824 30.0681 0
      vertex 15.7389 30.0171 0
    endloop
  endfacet
  facet normal -0.831344 -0.555758 0
    outer loop
      vertex 14.4133 30.7825 0
      vertex 14.2679 31 6.5
      vertex 14.2679 31 0
    endloop
  endfacet
  facet normal -0.831344 -0.555758 0
    outer loop
      vertex 14.2679 31 6.5
      vertex 14.4133 30.7825 0
      vertex 14.4133 30.7825 6.5
    endloop
  endfacet
  facet normal -0.751842 -0.659343 0
    outer loop
      vertex 14.5858 30.5858 0
      vertex 14.4133 30.7825 6.5
      vertex 14.4133 30.7825 0
    endloop
  endfacet
  facet normal -0.751842 -0.659343 0
    outer loop
      vertex 14.4133 30.7825 6.5
      vertex 14.5858 30.5858 0
      vertex 14.5858 30.5858 6.5
    endloop
  endfacet
  facet normal -0.980801 -0.195013 0
    outer loop
      vertex 14.0681 31.4824 0
      vertex 14.0171 31.7389 6.5
      vertex 14.0171 31.7389 0
    endloop
  endfacet
  facet normal -0.980801 -0.195013 0
    outer loop
      vertex 14.0171 31.7389 6.5
      vertex 14.0681 31.4824 0
      vertex 14.0681 31.4824 6.5
    endloop
  endfacet
  facet normal 0.94695 0.321382 0
    outer loop
      vertex 17.9319 32.5176 6.5
      vertex 17.8478 32.7654 0
      vertex 17.8478 32.7654 6.5
    endloop
  endfacet
  facet normal 0.94695 0.321382 0
    outer loop
      vertex 17.8478 32.7654 0
      vertex 17.9319 32.5176 6.5
      vertex 17.9319 32.5176 0
    endloop
  endfacet
  facet normal 0.0653521 0.997862 -0
    outer loop
      vertex 16.2611 33.9829 0
      vertex 16 34 6.5
      vertex 16.2611 33.9829 6.5
    endloop
  endfacet
  facet normal 0.0653521 0.997862 0
    outer loop
      vertex 16 34 6.5
      vertex 16.2611 33.9829 0
      vertex 16 34 0
    endloop
  endfacet
  facet normal 0 0 -1
    outer loop
      vertex 17.9829 31.7389 0
      vertex 17.9829 32.2611 0
      vertex 18 32 0
    endloop
  endfacet
  facet normal 0 0 -1
    outer loop
      vertex 17.9319 31.4824 0
      vertex 17.9829 32.2611 0
      vertex 17.9829 31.7389 0
    endloop
  endfacet
  facet normal 0 0 -1
    outer loop
      vertex 17.9319 31.4824 0
      vertex 17.9319 32.5176 0
      vertex 17.9829 32.2611 0
    endloop
  endfacet
  facet normal 0 0 -1
    outer loop
      vertex 17.8478 31.2346 0
      vertex 17.9319 32.5176 0
      vertex 17.9319 31.4824 0
    endloop
  endfacet
  facet normal 0 0 -1
    outer loop
      vertex 17.8478 31.2346 0
      vertex 17.8478 32.7654 0
      vertex 17.9319 32.5176 0
    endloop
  endfacet
  facet normal 0 0 -1
    outer loop
      vertex 17.732 31 0
      vertex 17.8478 32.7654 0
      vertex 17.8478 31.2346 0
    endloop
  endfacet
  facet normal 0 0 -1
    outer loop
      vertex 17.732 31 0
      vertex 17.732 33 0
      vertex 17.8478 32.7654 0
    endloop
  endfacet
  facet normal 0 0 -1
    outer loop
      vertex 17.5867 30.7825 0
      vertex 17.732 33 0
      vertex 17.732 31 0
    endloop
  endfacet
  facet normal 0 0 -1
    outer loop
      vertex 17.5867 30.7825 0
      vertex 17.5867 33.2175 0
      vertex 17.732 33 0
    endloop
  endfacet
  facet normal 0 0 -1
    outer loop
      vertex 17.4142 30.5858 0
      vertex 17.5867 33.2175 0
      vertex 17.5867 30.7825 0
    endloop
  endfacet
  facet normal 0 0 -1
    outer loop
      vertex 17.4142 30.5858 0
      vertex 17.4142 33.4142 0
      vertex 17.5867 33.2175 0
    endloop
  endfacet
  facet normal 0 0 -1
    outer loop
      vertex 17.2175 30.4133 0
      vertex 17.4142 33.4142 0
      vertex 17.4142 30.5858 0
    endloop
  endfacet
  facet normal 0 0 -1
    outer loop
      vertex 17.2175 30.4133 0
      vertex 17.2175 33.5867 0
      vertex 17.4142 33.4142 0
    endloop
  endfacet
  facet normal 0 0 -1
    outer loop
      vertex 17 30.2679 0
      vertex 17.2175 33.5867 0
      vertex 17.2175 30.4133 0
    endloop
  endfacet
  facet normal 0 0 -1
    outer loop
      vertex 17 30.2679 0
      vertex 17 33.732 0
      vertex 17.2175 33.5867 0
    endloop
  endfacet
  facet normal 0 0 -1
    outer loop
      vertex 16.7654 30.1522 0
      vertex 17 33.732 0
      vertex 17 30.2679 0
    endloop
  endfacet
  facet normal 0 0 -1
    outer loop
      vertex 16.7654 30.1522 0
      vertex 16.7654 33.8478 0
      vertex 17 33.732 0
    endloop
  endfacet
  facet normal 0 0 -1
    outer loop
      vertex 16.5176 30.0681 0
      vertex 16.7654 33.8478 0
      vertex 16.7654 30.1522 0
    endloop
  endfacet
  facet normal 0 0 -1
    outer loop
      vertex 16.5176 30.0681 0
      vertex 16.5176 33.9319 0
      vertex 16.7654 33.8478 0
    endloop
  endfacet
  facet normal 0 0 -1
    outer loop
      vertex 16.2611 30.0171 0
      vertex 16.5176 33.9319 0
      vertex 16.5176 30.0681 0
    endloop
  endfacet
  facet normal 0 0 -1
    outer loop
      vertex 16.2611 30.0171 0
      vertex 16.2611 33.9829 0
      vertex 16.5176 33.9319 0
    endloop
  endfacet
  facet normal 0 0 -1
    outer loop
      vertex 16 30 0
      vertex 16.2611 33.9829 0
      vertex 16.2611 30.0171 0
    endloop
  endfacet
  facet normal 0 0 -1
    outer loop
      vertex 16 30 0
      vertex 16 34 0
      vertex 16.2611 33.9829 0
    endloop
  endfacet
  facet normal 0 0 -1
    outer loop
      vertex 15.7389 30.0171 0
      vertex 16 34 0
      vertex 16 30 0
    endloop
  endfacet
  facet normal 0 0 -1
    outer loop
      vertex 15.7389 30.0171 0
      vertex 15.7389 33.9829 0
      vertex 16 34 0
    endloop
  endfacet
  facet normal 0 0 -1
    outer loop
      vertex 15.4824 30.0681 0
      vertex 15.7389 33.9829 0
      vertex 15.7389 30.0171 0
    endloop
  endfacet
  facet normal 0 0 -1
    outer loop
      vertex 15.4824 30.0681 0
      vertex 15.4824 33.9319 0
      vertex 15.7389 33.9829 0
    endloop
  endfacet
  facet normal 0 0 -1
    outer loop
      vertex 15.2346 30.1522 0
      vertex 15.4824 33.9319 0
      vertex 15.4824 30.0681 0
    endloop
  endfacet
  facet normal 0 0 -1
    outer loop
      vertex 15.2346 30.1522 0
      vertex 15.2346 33.8478 0
      vertex 15.4824 33.9319 0
    endloop
  endfacet
  facet normal 0 0 -1
    outer loop
      vertex 15 30.2679 0
      vertex 15.2346 33.8478 0
      vertex 15.2346 30.1522 0
    endloop
  endfacet
  facet normal 0 0 -1
    outer loop
      vertex 15 30.2679 0
      vertex 15 33.732 0
      vertex 15.2346 33.8478 0
    endloop
  endfacet
  facet normal 0 0 -1
    outer loop
      vertex 14.7825 30.4133 0
      vertex 15 33.732 0
      vertex 15 30.2679 0
    endloop
  endfacet
  facet normal 0 0 -1
    outer loop
      vertex 14.7825 30.4133 0
      vertex 14.7825 33.5867 0
      vertex 15 33.732 0
    endloop
  endfacet
  facet normal 0 0 -1
    outer loop
      vertex 14.5858 30.5858 0
      vertex 14.7825 33.5867 0
      vertex 14.7825 30.4133 0
    endloop
  endfacet
  facet normal 0 0 -1
    outer loop
      vertex 14.5858 30.5858 0
      vertex 14.5858 33.4142 0
      vertex 14.7825 33.5867 0
    endloop
  endfacet
  facet normal 0 0 -1
    outer loop
      vertex 14.4133 30.7825 0
      vertex 14.5858 33.4142 0
      vertex 14.5858 30.5858 0
    endloop
  endfacet
  facet normal 0 0 -1
    outer loop
      vertex 14.4133 30.7825 0
      vertex 14.4133 33.2175 0
      vertex 14.5858 33.4142 0
    endloop
  endfacet
  facet normal 0 0 -1
    outer loop
      vertex 14.2679 31 0
      vertex 14.4133 33.2175 0
      vertex 14.4133 30.7825 0
    endloop
  endfacet
  facet normal 0 0 -1
    outer loop
      vertex 14.2679 31 0
      vertex 14.2679 33 0
      vertex 14.4133 33.2175 0
    endloop
  endfacet
  facet normal 0 0 -1
    outer loop
      vertex 14.1522 31.2346 0
      vertex 14.2679 33 0
      vertex 14.2679 31 0
    endloop
  endfacet
  facet normal 0 0 -1
    outer loop
      vertex 14.1522 31.2346 0
      vertex 14.1522 32.7654 0
      vertex 14.2679 33 0
    endloop
  endfacet
  facet normal 0 0 -1
    outer loop
      vertex 14.0681 31.4824 0
      vertex 14.1522 32.7654 0
      vertex 14.1522 31.2346 0
    endloop
  endfacet
  facet normal 0 0 -1
    outer loop
      vertex 14.0681 31.4824 0
      vertex 14.0681 32.5176 0
      vertex 14.1522 32.7654 0
    endloop
  endfacet
  facet normal 0 0 -1
    outer loop
      vertex 14.0171 31.7389 0
      vertex 14.0681 32.5176 0
      vertex 14.0681 31.4824 0
    endloop
  endfacet
  facet normal 0 0 -1
    outer loop
      vertex 14.0171 31.7389 0
      vertex 14.0171 32.2611 0
      vertex 14.0681 32.5176 0
    endloop
  endfacet
  facet normal 0 -0 -1
    outer loop
      vertex 14.0171 32.2611 0
      vertex 14.0171 31.7389 0
      vertex 14 32 0
    endloop
  endfacet
  facet normal -0.94695 0.321382 0
    outer loop
      vertex 14.0681 32.5176 0
      vertex 14.1522 32.7654 6.5
      vertex 14.1522 32.7654 0
    endloop
  endfacet
  facet normal -0.94695 0.321382 0
    outer loop
      vertex 14.1522 32.7654 6.5
      vertex 14.0681 32.5176 0
      vertex 14.0681 32.5176 6.5
    endloop
  endfacet
  facet normal -0.997862 0.0653521 0
    outer loop
      vertex 14 32 0
      vertex 14.0171 32.2611 6.5
      vertex 14.0171 32.2611 0
    endloop
  endfacet
  facet normal -0.997862 0.0653521 0
    outer loop
      vertex 14.0171 32.2611 6.5
      vertex 14 32 0
      vertex 14 32 6.5
    endloop
  endfacet
  facet normal 0 0 1
    outer loop
      vertex 17.9829 32.2611 6.5
      vertex 17.9829 31.7389 6.5
      vertex 18 32 6.5
    endloop
  endfacet
  facet normal 0 0 1
    outer loop
      vertex 17.9319 32.5176 6.5
      vertex 17.9829 31.7389 6.5
      vertex 17.9829 32.2611 6.5
    endloop
  endfacet
  facet normal 0 0 1
    outer loop
      vertex 17.9319 32.5176 6.5
      vertex 17.9319 31.4824 6.5
      vertex 17.9829 31.7389 6.5
    endloop
  endfacet
  facet normal 0 0 1
    outer loop
      vertex 17.8478 32.7654 6.5
      vertex 17.9319 31.4824 6.5
      vertex 17.9319 32.5176 6.5
    endloop
  endfacet
  facet normal 0 0 1
    outer loop
      vertex 17.8478 32.7654 6.5
      vertex 17.8478 31.2346 6.5
      vertex 17.9319 31.4824 6.5
    endloop
  endfacet
  facet normal 0 0 1
    outer loop
      vertex 17.732 33 6.5
      vertex 17.8478 31.2346 6.5
      vertex 17.8478 32.7654 6.5
    endloop
  endfacet
  facet normal 0 0 1
    outer loop
      vertex 17.732 33 6.5
      vertex 17.732 31 6.5
      vertex 17.8478 31.2346 6.5
    endloop
  endfacet
  facet normal 0 0 1
    outer loop
      vertex 17.5867 33.2175 6.5
      vertex 17.732 31 6.5
      vertex 17.732 33 6.5
    endloop
  endfacet
  facet normal 0 0 1
    outer loop
      vertex 17.5867 33.2175 6.5
      vertex 17.5867 30.7825 6.5
      vertex 17.732 31 6.5
    endloop
  endfacet
  facet normal 0 0 1
    outer loop
      vertex 17.4142 33.4142 6.5
      vertex 17.5867 30.7825 6.5
      vertex 17.5867 33.2175 6.5
    endloop
  endfacet
  facet normal 0 0 1
    outer loop
      vertex 17.4142 33.4142 6.5
      vertex 17.4142 30.5858 6.5
      vertex 17.5867 30.7825 6.5
    endloop
  endfacet
  facet normal 0 0 1
    outer loop
      vertex 17.2175 33.5867 6.5
      vertex 17.4142 30.5858 6.5
      vertex 17.4142 33.4142 6.5
    endloop
  endfacet
  facet normal 0 0 1
    outer loop
      vertex 17.2175 33.5867 6.5
      vertex 17.2175 30.4133 6.5
      vertex 17.4142 30.5858 6.5
    endloop
  endfacet
  facet normal 0 0 1
    outer loop
      vertex 17 33.732 6.5
      vertex 17.2175 30.4133 6.5
      vertex 17.2175 33.5867 6.5
    endloop
  endfacet
  facet normal 0 0 1
    outer loop
      vertex 17 33.732 6.5
      vertex 17 30.2679 6.5
      vertex 17.2175 30.4133 6.5
    endloop
  endfacet
  facet normal 0 0 1
    outer loop
      vertex 16.7654 33.8478 6.5
      vertex 17 30.2679 6.5
      vertex 17 33.732 6.5
    endloop
  endfacet
  facet normal 0 0 1
    outer loop
      vertex 16.7654 33.8478 6.5
      vertex 16.7654 30.1522 6.5
      vertex 17 30.2679 6.5
    endloop
  endfacet
  facet normal 0 0 1
    outer loop
      vertex 16.5176 33.9319 6.5
      vertex 16.7654 30.1522 6.5
      vertex 16.7654 33.8478 6.5
    endloop
  endfacet
  facet normal 0 0 1
    outer loop
      vertex 16.5176 33.9319 6.5
      vertex 16.5176 30.0681 6.5
      vertex 16.7654 30.1522 6.5
    endloop
  endfacet
  facet normal 0 0 1
    outer loop
      vertex 16.2611 33.9829 6.5
      vertex 16.5176 30.0681 6.5
      vertex 16.5176 33.9319 6.5
    endloop
  endfacet
  facet normal 0 0 1
    outer loop
      vertex 16.2611 33.9829 6.5
      vertex 16.2611 30.0171 6.5
      vertex 16.5176 30.0681 6.5
    endloop
  endfacet
  facet normal 0 0 1
    outer loop
      vertex 16 34 6.5
      vertex 16.2611 30.0171 6.5
      vertex 16.2611 33.9829 6.5
    endloop
  endfacet
  facet normal 0 0 1
    outer loop
      vertex 16 34 6.5
      vertex 16 30 6.5
      vertex 16.2611 30.0171 6.5
    endloop
  endfacet
  facet normal -0 0 1
    outer loop
      vertex 15.7389 33.9829 6.5
      vertex 16 30 6.5
      vertex 16 34 6.5
    endloop
  endfacet
  facet normal 0 0 1
    outer loop
      vertex 15.7389 33.9829 6.5
      vertex 15.7389 30.0171 6.5
      vertex 16 30 6.5
    endloop
  endfacet
  facet normal -0 0 1
    outer loop
      vertex 15.4824 33.9319 6.5
      vertex 15.7389 30.0171 6.5
      vertex 15.7389 33.9829 6.5
    endloop
  endfacet
  facet normal 0 0 1
    outer loop
      vertex 15.4824 33.9319 6.5
      vertex 15.4824 30.0681 6.5
      vertex 15.7389 30.0171 6.5
    endloop
  endfacet
  facet normal -0 0 1
    outer loop
      vertex 15.2346 33.8478 6.5
      vertex 15.4824 30.0681 6.5
      vertex 15.4824 33.9319 6.5
    endloop
  endfacet
  facet normal 0 0 1
    outer loop
      vertex 15.2346 33.8478 6.5
      vertex 15.2346 30.1522 6.5
      vertex 15.4824 30.0681 6.5
    endloop
  endfacet
  facet normal -0 0 1
    outer loop
      vertex 15 33.732 6.5
      vertex 15.2346 30.1522 6.5
      vertex 15.2346 33.8478 6.5
    endloop
  endfacet
  facet normal 0 0 1
    outer loop
      vertex 15 33.732 6.5
      vertex 15 30.2679 6.5
      vertex 15.2346 30.1522 6.5
    endloop
  endfacet
  facet normal -0 0 1
    outer loop
      vertex 14.7825 33.5867 6.5
      vertex 15 30.2679 6.5
      vertex 15 33.732 6.5
    endloop
  endfacet
  facet normal 0 0 1
    outer loop
      vertex 14.7825 33.5867 6.5
      vertex 14.7825 30.4133 6.5
      vertex 15 30.2679 6.5
    endloop
  endfacet
  facet normal -0 0 1
    outer loop
      vertex 14.5858 33.4142 6.5
      vertex 14.7825 30.4133 6.5
      vertex 14.7825 33.5867 6.5
    endloop
  endfacet
  facet normal 0 0 1
    outer loop
      vertex 14.5858 33.4142 6.5
      vertex 14.5858 30.5858 6.5
      vertex 14.7825 30.4133 6.5
    endloop
  endfacet
  facet normal -0 0 1
    outer loop
      vertex 14.4133 33.2175 6.5
      vertex 14.5858 30.5858 6.5
      vertex 14.5858 33.4142 6.5
    endloop
  endfacet
  facet normal 0 0 1
    outer loop
      vertex 14.4133 33.2175 6.5
      vertex 14.4133 30.7825 6.5
      vertex 14.5858 30.5858 6.5
    endloop
  endfacet
  facet normal -0 0 1
    outer loop
      vertex 14.2679 33 6.5
      vertex 14.4133 30.7825 6.5
      vertex 14.4133 33.2175 6.5
    endloop
  endfacet
  facet normal 0 0 1
    outer loop
      vertex 14.2679 33 6.5
      vertex 14.2679 31 6.5
      vertex 14.4133 30.7825 6.5
    endloop
  endfacet
  facet normal -0 0 1
    outer loop
      vertex 14.1522 32.7654 6.5
      vertex 14.2679 31 6.5
      vertex 14.2679 33 6.5
    endloop
  endfacet
  facet normal 0 0 1
    outer loop
      vertex 14.1522 32.7654 6.5
      vertex 14.1522 31.2346 6.5
      vertex 14.2679 31 6.5
    endloop
  endfacet
  facet normal -0 0 1
    outer loop
      vertex 14.0681 32.5176 6.5
      vertex 14.1522 31.2346 6.5
      vertex 14.1522 32.7654 6.5
    endloop
  endfacet
  facet normal 0 0 1
    outer loop
      vertex 14.0681 32.5176 6.5
      vertex 14.0681 31.4824 6.5
      vertex 14.1522 31.2346 6.5
    endloop
  endfacet
  facet normal -0 0 1
    outer loop
      vertex 14.0171 32.2611 6.5
      vertex 14.0681 31.4824 6.5
      vertex 14.0681 32.5176 6.5
    endloop
  endfacet
  facet normal 0 0 1
    outer loop
      vertex 14.0171 32.2611 6.5
      vertex 14.0171 31.7389 6.5
      vertex 14.0681 31.4824 6.5
    endloop
  endfacet
  facet normal 0 -0 1
    outer loop
      vertex 14.0171 31.7389 6.5
      vertex 14.0171 32.2611 6.5
      vertex 14 32 6.5
    endloop
  endfacet
  facet normal 0.997862 -0.0653521 0
    outer loop
      vertex 17.9829 31.7389 6.5
      vertex 18 32 0
      vertex 18 32 6.5
    endloop
  endfacet
  facet normal 0.997862 -0.0653521 0
    outer loop
      vertex 18 32 0
      vertex 17.9829 31.7389 6.5
      vertex 17.9829 31.7389 0
    endloop
  endfacet
  facet normal 0.659343 -0.751842 0
    outer loop
      vertex 17.2175 30.4133 0
      vertex 17.4142 30.5858 6.5
      vertex 17.2175 30.4133 6.5
    endloop
  endfacet
  facet normal 0.659343 -0.751842 0
    outer loop
      vertex 17.4142 30.5858 6.5
      vertex 17.2175 30.4133 0
      vertex 17.4142 30.5858 0
    endloop
  endfacet
  facet normal 0.94695 -0.321382 0
    outer loop
      vertex 17.8478 31.2346 6.5
      vertex 17.9319 31.4824 0
      vertex 17.9319 31.4824 6.5
    endloop
  endfacet
  facet normal 0.94695 -0.321382 0
    outer loop
      vertex 17.9319 31.4824 0
      vertex 17.8478 31.2346 6.5
      vertex 17.8478 31.2346 0
    endloop
  endfacet
  facet normal 0.831521 -0.555494 0
    outer loop
      vertex 17.5867 30.7825 6.5
      vertex 17.732 31 0
      vertex 17.732 31 6.5
    endloop
  endfacet
  facet normal 0.831521 -0.555494 0
    outer loop
      vertex 17.732 31 0
      vertex 17.5867 30.7825 6.5
      vertex 17.5867 30.7825 0
    endloop
  endfacet
  facet normal 0.896709 -0.442621 0
    outer loop
      vertex 17.732 31 6.5
      vertex 17.8478 31.2346 0
      vertex 17.8478 31.2346 6.5
    endloop
  endfacet
  facet normal 0.896709 -0.442621 0
    outer loop
      vertex 17.8478 31.2346 0
      vertex 17.732 31 6.5
      vertex 17.732 31 0
    endloop
  endfacet
  facet normal -0.555758 -0.831344 0
    outer loop
      vertex 14.7825 30.4133 0
      vertex 15 30.2679 6.5
      vertex 14.7825 30.4133 6.5
    endloop
  endfacet
  facet normal -0.555758 -0.831344 -0
    outer loop
      vertex 15 30.2679 6.5
      vertex 14.7825 30.4133 0
      vertex 15 30.2679 0
    endloop
  endfacet
  facet normal -0.442314 -0.89686 0
    outer loop
      vertex 15 30.2679 0
      vertex 15.2346 30.1522 6.5
      vertex 15 30.2679 6.5
    endloop
  endfacet
  facet normal -0.442314 -0.89686 -0
    outer loop
      vertex 15.2346 30.1522 6.5
      vertex 15 30.2679 0
      vertex 15.2346 30.1522 0
    endloop
  endfacet
  facet normal -0.0653521 -0.997862 0
    outer loop
      vertex 15.7389 30.0171 0
      vertex 16 30 6.5
      vertex 15.7389 30.0171 6.5
    endloop
  endfacet
  facet normal -0.0653521 -0.997862 -0
    outer loop
      vertex 16 30 6.5
      vertex 15.7389 30.0171 0
      vertex 16 30 0
    endloop
  endfacet
  facet normal -0.659343 -0.751842 0
    outer loop
      vertex 14.5858 30.5858 0
      vertex 14.7825 30.4133 6.5
      vertex 14.5858 30.5858 6.5
    endloop
  endfacet
  facet normal -0.659343 -0.751842 -0
    outer loop
      vertex 14.7825 30.4133 6.5
      vertex 14.5858 30.5858 0
      vertex 14.7825 30.4133 0
    endloop
  endfacet
  facet normal 0.751842 0.659343 0
    outer loop
      vertex 17.5867 33.2175 6.5
      vertex 17.4142 33.4142 0
      vertex 17.4142 33.4142 6.5
    endloop
  endfacet
  facet normal 0.751842 0.659343 0
    outer loop
      vertex 17.4142 33.4142 0
      vertex 17.5867 33.2175 6.5
      vertex 17.5867 33.2175 0
    endloop
  endfacet
  facet normal 0.195013 0.980801 -0
    outer loop
      vertex 16.5176 33.9319 0
      vertex 16.2611 33.9829 6.5
      vertex 16.5176 33.9319 6.5
    endloop
  endfacet
  facet normal 0.195013 0.980801 0
    outer loop
      vertex 16.2611 33.9829 6.5
      vertex 16.5176 33.9319 0
      vertex 16.2611 33.9829 0
    endloop
  endfacet
  facet normal 0.442621 0.896709 -0
    outer loop
      vertex 17 33.732 0
      vertex 16.7654 33.8478 6.5
      vertex 17 33.732 6.5
    endloop
  endfacet
  facet normal 0.442621 0.896709 0
    outer loop
      vertex 16.7654 33.8478 6.5
      vertex 17 33.732 0
      vertex 16.7654 33.8478 0
    endloop
  endfacet
  facet normal -0.659343 0.751842 0
    outer loop
      vertex 14.7825 33.5867 0
      vertex 14.5858 33.4142 6.5
      vertex 14.7825 33.5867 6.5
    endloop
  endfacet
  facet normal -0.659343 0.751842 0
    outer loop
      vertex 14.5858 33.4142 6.5
      vertex 14.7825 33.5867 0
      vertex 14.5858 33.4142 0
    endloop
  endfacet
  facet normal -0.321382 0.94695 0
    outer loop
      vertex 15.4824 33.9319 0
      vertex 15.2346 33.8478 6.5
      vertex 15.4824 33.9319 6.5
    endloop
  endfacet
  facet normal -0.321382 0.94695 0
    outer loop
      vertex 15.2346 33.8478 6.5
      vertex 15.4824 33.9319 0
      vertex 15.2346 33.8478 0
    endloop
  endfacet
  facet normal 0.442314 -0.89686 0
    outer loop
      vertex 16.7654 30.1522 0
      vertex 17 30.2679 6.5
      vertex 16.7654 30.1522 6.5
    endloop
  endfacet
  facet normal 0.442314 -0.89686 0
    outer loop
      vertex 17 30.2679 6.5
      vertex 16.7654 30.1522 0
      vertex 17 30.2679 0
    endloop
  endfacet
  facet normal 0.0653521 -0.997862 0
    outer loop
      vertex 16 30 0
      vertex 16.2611 30.0171 6.5
      vertex 16 30 6.5
    endloop
  endfacet
  facet normal 0.0653521 -0.997862 0
    outer loop
      vertex 16.2611 30.0171 6.5
      vertex 16 30 0
      vertex 16.2611 30.0171 0
    endloop
  endfacet
  facet normal -0.89686 -0.442314 0
    outer loop
      vertex 14.2679 31 0
      vertex 14.1522 31.2346 6.5
      vertex 14.1522 31.2346 0
    endloop
  endfacet
  facet normal -0.89686 -0.442314 0
    outer loop
      vertex 14.1522 31.2346 6.5
      vertex 14.2679 31 0
      vertex 14.2679 31 6.5
    endloop
  endfacet
  facet normal 0.997862 0.0653521 0
    outer loop
      vertex 26 32 6.5
      vertex 25.9829 32.2611 0
      vertex 25.9829 32.2611 6.5
    endloop
  endfacet
  facet normal 0.997862 0.0653521 0
    outer loop
      vertex 25.9829 32.2611 0
      vertex 26 32 6.5
      vertex 26 32 0
    endloop
  endfacet
  facet normal -0.0653521 0.997862 0
    outer loop
      vertex 24 34 0
      vertex 23.7389 33.9829 6.5
      vertex 24 34 6.5
    endloop
  endfacet
  facet normal -0.0653521 0.997862 0
    outer loop
      vertex 23.7389 33.9829 6.5
      vertex 24 34 0
      vertex 23.7389 33.9829 0
    endloop
  endfacet
  facet normal 0.0653521 -0.997862 0
    outer loop
      vertex 24 30 0
      vertex 24.2611 30.0171 6.5
      vertex 24 30 6.5
    endloop
  endfacet
  facet normal 0.0653521 -0.997862 0
    outer loop
      vertex 24.2611 30.0171 6.5
      vertex 24 30 0
      vertex 24.2611 30.0171 0
    endloop
  endfacet
  facet normal 0.659343 0.751842 -0
    outer loop
      vertex 25.4142 33.4142 0
      vertex 25.2175 33.5867 6.5
      vertex 25.4142 33.4142 6.5
    endloop
  endfacet
  facet normal 0.659343 0.751842 0
    outer loop
      vertex 25.2175 33.5867 6.5
      vertex 25.4142 33.4142 0
      vertex 25.2175 33.5867 0
    endloop
  endfacet
  facet normal -0.751842 0.659343 0
    outer loop
      vertex 22.4133 33.2175 0
      vertex 22.5858 33.4142 6.5
      vertex 22.5858 33.4142 0
    endloop
  endfacet
  facet normal -0.751842 0.659343 0
    outer loop
      vertex 22.5858 33.4142 6.5
      vertex 22.4133 33.2175 0
      vertex 22.4133 33.2175 6.5
    endloop
  endfacet
  facet normal -0.442621 0.896709 0
    outer loop
      vertex 23.2346 33.8478 0
      vertex 23 33.732 6.5
      vertex 23.2346 33.8478 6.5
    endloop
  endfacet
  facet normal -0.442621 0.896709 0
    outer loop
      vertex 23 33.732 6.5
      vertex 23.2346 33.8478 0
      vertex 23 33.732 0
    endloop
  endfacet
  facet normal -0.94695 -0.321382 0
    outer loop
      vertex 22.1522 31.2346 0
      vertex 22.0681 31.4824 6.5
      vertex 22.0681 31.4824 0
    endloop
  endfacet
  facet normal -0.94695 -0.321382 0
    outer loop
      vertex 22.0681 31.4824 6.5
      vertex 22.1522 31.2346 0
      vertex 22.1522 31.2346 6.5
    endloop
  endfacet
  facet normal 0.896709 0.442621 0
    outer loop
      vertex 25.8478 32.7654 6.5
      vertex 25.732 33 0
      vertex 25.732 33 6.5
    endloop
  endfacet
  facet normal 0.896709 0.442621 0
    outer loop
      vertex 25.732 33 0
      vertex 25.8478 32.7654 6.5
      vertex 25.8478 32.7654 0
    endloop
  endfacet
  facet normal 0.980801 0.195013 0
    outer loop
      vertex 25.9829 32.2611 6.5
      vertex 25.9319 32.5176 0
      vertex 25.9319 32.5176 6.5
    endloop
  endfacet
  facet normal 0.980801 0.195013 0
    outer loop
      vertex 25.9319 32.5176 0
      vertex 25.9829 32.2611 6.5
      vertex 25.9829 32.2611 0
    endloop
  endfacet
  facet normal 0.831521 0.555494 0
    outer loop
      vertex 25.732 33 6.5
      vertex 25.5867 33.2175 0
      vertex 25.5867 33.2175 6.5
    endloop
  endfacet
  facet normal 0.831521 0.555494 0
    outer loop
      vertex 25.5867 33.2175 0
      vertex 25.732 33 6.5
      vertex 25.732 33 0
    endloop
  endfacet
  facet normal 0.321382 0.94695 -0
    outer loop
      vertex 24.7654 33.8478 0
      vertex 24.5176 33.9319 6.5
      vertex 24.7654 33.8478 6.5
    endloop
  endfacet
  facet normal 0.321382 0.94695 0
    outer loop
      vertex 24.5176 33.9319 6.5
      vertex 24.7654 33.8478 0
      vertex 24.5176 33.9319 0
    endloop
  endfacet
  facet normal 0.555494 0.831521 -0
    outer loop
      vertex 25.2175 33.5867 0
      vertex 25 33.732 6.5
      vertex 25.2175 33.5867 6.5
    endloop
  endfacet
  facet normal 0.555494 0.831521 0
    outer loop
      vertex 25 33.732 6.5
      vertex 25.2175 33.5867 0
      vertex 25 33.732 0
    endloop
  endfacet
  facet normal -0.89686 0.442314 0
    outer loop
      vertex 22.1522 32.7654 0
      vertex 22.2679 33 6.5
      vertex 22.2679 33 0
    endloop
  endfacet
  facet normal -0.89686 0.442314 0
    outer loop
      vertex 22.2679 33 6.5
      vertex 22.1522 32.7654 0
      vertex 22.1522 32.7654 6.5
    endloop
  endfacet
  facet normal -0.831344 0.555758 0
    outer loop
      vertex 22.2679 33 0
      vertex 22.4133 33.2175 6.5
      vertex 22.4133 33.2175 0
    endloop
  endfacet
  facet normal -0.831344 0.555758 0
    outer loop
      vertex 22.4133 33.2175 6.5
      vertex 22.2679 33 0
      vertex 22.2679 33 6.5
    endloop
  endfacet
  facet normal -0.980801 0.195013 0
    outer loop
      vertex 22.0171 32.2611 0
      vertex 22.0681 32.5176 6.5
      vertex 22.0681 32.5176 0
    endloop
  endfacet
  facet normal -0.980801 0.195013 0
    outer loop
      vertex 22.0681 32.5176 6.5
      vertex 22.0171 32.2611 0
      vertex 22.0171 32.2611 6.5
    endloop
  endfacet
  facet normal -0.555494 0.831521 0
    outer loop
      vertex 23 33.732 0
      vertex 22.7825 33.5867 6.5
      vertex 23 33.732 6.5
    endloop
  endfacet
  facet normal -0.555494 0.831521 0
    outer loop
      vertex 22.7825 33.5867 6.5
      vertex 23 33.732 0
      vertex 22.7825 33.5867 0
    endloop
  endfacet
  facet normal -0.195013 0.980801 0
    outer loop
      vertex 23.7389 33.9829 0
      vertex 23.4824 33.9319 6.5
      vertex 23.7389 33.9829 6.5
    endloop
  endfacet
  facet normal -0.195013 0.980801 0
    outer loop
      vertex 23.4824 33.9319 6.5
      vertex 23.7389 33.9829 0
      vertex 23.4824 33.9319 0
    endloop
  endfacet
  facet normal 0.321382 -0.94695 0
    outer loop
      vertex 24.5176 30.0681 0
      vertex 24.7654 30.1522 6.5
      vertex 24.5176 30.0681 6.5
    endloop
  endfacet
  facet normal 0.321382 -0.94695 0
    outer loop
      vertex 24.7654 30.1522 6.5
      vertex 24.5176 30.0681 0
      vertex 24.7654 30.1522 0
    endloop
  endfacet
  facet normal 0.195013 -0.980801 0
    outer loop
      vertex 24.2611 30.0171 0
      vertex 24.5176 30.0681 6.5
      vertex 24.2611 30.0171 6.5
    endloop
  endfacet
  facet normal 0.195013 -0.980801 0
    outer loop
      vertex 24.5176 30.0681 6.5
      vertex 24.2611 30.0171 0
      vertex 24.5176 30.0681 0
    endloop
  endfacet
  facet normal 0.751842 -0.659343 0
    outer loop
      vertex 25.4142 30.5858 6.5
      vertex 25.5867 30.7825 0
      vertex 25.5867 30.7825 6.5
    endloop
  endfacet
  facet normal 0.751842 -0.659343 0
    outer loop
      vertex 25.5867 30.7825 0
      vertex 25.4142 30.5858 6.5
      vertex 25.4142 30.5858 0
    endloop
  endfacet
  facet normal 0.555758 -0.831344 0
    outer loop
      vertex 25 30.2679 0
      vertex 25.2175 30.4133 6.5
      vertex 25 30.2679 6.5
    endloop
  endfacet
  facet normal 0.555758 -0.831344 0
    outer loop
      vertex 25.2175 30.4133 6.5
      vertex 25 30.2679 0
      vertex 25.2175 30.4133 0
    endloop
  endfacet
  facet normal 0.980801 -0.195013 0
    outer loop
      vertex 25.9319 31.4824 6.5
      vertex 25.9829 31.7389 0
      vertex 25.9829 31.7389 6.5
    endloop
  endfacet
  facet normal 0.980801 -0.195013 0
    outer loop
      vertex 25.9829 31.7389 0
      vertex 25.9319 31.4824 6.5
      vertex 25.9319 31.4824 0
    endloop
  endfacet
  facet normal -0.321382 -0.94695 0
    outer loop
      vertex 23.2346 30.1522 0
      vertex 23.4824 30.0681 6.5
      vertex 23.2346 30.1522 6.5
    endloop
  endfacet
  facet normal -0.321382 -0.94695 -0
    outer loop
      vertex 23.4824 30.0681 6.5
      vertex 23.2346 30.1522 0
      vertex 23.4824 30.0681 0
    endloop
  endfacet
  facet normal -0.195013 -0.980801 0
    outer loop
      vertex 23.4824 30.0681 0
      vertex 23.7389 30.0171 6.5
      vertex 23.4824 30.0681 6.5
    endloop
  endfacet
  facet normal -0.195013 -0.980801 -0
    outer loop
      vertex 23.7389 30.0171 6.5
      vertex 23.4824 30.0681 0
      vertex 23.7389 30.0171 0
    endloop
  endfacet
  facet normal -0.831344 -0.555758 0
    outer loop
      vertex 22.4133 30.7825 0
      vertex 22.2679 31 6.5
      vertex 22.2679 31 0
    endloop
  endfacet
  facet normal -0.831344 -0.555758 0
    outer loop
      vertex 22.2679 31 6.5
      vertex 22.4133 30.7825 0
      vertex 22.4133 30.7825 6.5
    endloop
  endfacet
  facet normal -0.751842 -0.659343 0
    outer loop
      vertex 22.5858 30.5858 0
      vertex 22.4133 30.7825 6.5
      vertex 22.4133 30.7825 0
    endloop
  endfacet
  facet normal -0.751842 -0.659343 0
    outer loop
      vertex 22.4133 30.7825 6.5
      vertex 22.5858 30.5858 0
      vertex 22.5858 30.5858 6.5
    endloop
  endfacet
  facet normal -0.980801 -0.195013 0
    outer loop
      vertex 22.0681 31.4824 0
      vertex 22.0171 31.7389 6.5
      vertex 22.0171 31.7389 0
    endloop
  endfacet
  facet normal -0.980801 -0.195013 0
    outer loop
      vertex 22.0171 31.7389 6.5
      vertex 22.0681 31.4824 0
      vertex 22.0681 31.4824 6.5
    endloop
  endfacet
  facet normal 0.94695 0.321382 0
    outer loop
      vertex 25.9319 32.5176 6.5
      vertex 25.8478 32.7654 0
      vertex 25.8478 32.7654 6.5
    endloop
  endfacet
  facet normal 0.94695 0.321382 0
    outer loop
      vertex 25.8478 32.7654 0
      vertex 25.9319 32.5176 6.5
      vertex 25.9319 32.5176 0
    endloop
  endfacet
  facet normal 0.0653521 0.997862 -0
    outer loop
      vertex 24.2611 33.9829 0
      vertex 24 34 6.5
      vertex 24.2611 33.9829 6.5
    endloop
  endfacet
  facet normal 0.0653521 0.997862 0
    outer loop
      vertex 24 34 6.5
      vertex 24.2611 33.9829 0
      vertex 24 34 0
    endloop
  endfacet
  facet normal 0 0 -1
    outer loop
      vertex 25.9829 31.7389 0
      vertex 25.9829 32.2611 0
      vertex 26 32 0
    endloop
  endfacet
  facet normal 0 0 -1
    outer loop
      vertex 25.9319 31.4824 0
      vertex 25.9829 32.2611 0
      vertex 25.9829 31.7389 0
    endloop
  endfacet
  facet normal 0 0 -1
    outer loop
      vertex 25.9319 31.4824 0
      vertex 25.9319 32.5176 0
      vertex 25.9829 32.2611 0
    endloop
  endfacet
  facet normal 0 0 -1
    outer loop
      vertex 25.8478 31.2346 0
      vertex 25.9319 32.5176 0
      vertex 25.9319 31.4824 0
    endloop
  endfacet
  facet normal 0 0 -1
    outer loop
      vertex 25.8478 31.2346 0
      vertex 25.8478 32.7654 0
      vertex 25.9319 32.5176 0
    endloop
  endfacet
  facet normal 0 0 -1
    outer loop
      vertex 25.732 31 0
      vertex 25.8478 32.7654 0
      vertex 25.8478 31.2346 0
    endloop
  endfacet
  facet normal 0 0 -1
    outer loop
      vertex 25.732 31 0
      vertex 25.732 33 0
      vertex 25.8478 32.7654 0
    endloop
  endfacet
  facet normal 0 0 -1
    outer loop
      vertex 25.5867 30.7825 0
      vertex 25.732 33 0
      vertex 25.732 31 0
    endloop
  endfacet
  facet normal 0 0 -1
    outer loop
      vertex 25.5867 30.7825 0
      vertex 25.5867 33.2175 0
      vertex 25.732 33 0
    endloop
  endfacet
  facet normal 0 0 -1
    outer loop
      vertex 25.4142 30.5858 0
      vertex 25.5867 33.2175 0
      vertex 25.5867 30.7825 0
    endloop
  endfacet
  facet normal 0 0 -1
    outer loop
      vertex 25.4142 30.5858 0
      vertex 25.4142 33.4142 0
      vertex 25.5867 33.2175 0
    endloop
  endfacet
  facet normal 0 0 -1
    outer loop
      vertex 25.2175 30.4133 0
      vertex 25.4142 33.4142 0
      vertex 25.4142 30.5858 0
    endloop
  endfacet
  facet normal 0 0 -1
    outer loop
      vertex 25.2175 30.4133 0
      vertex 25.2175 33.5867 0
      vertex 25.4142 33.4142 0
    endloop
  endfacet
  facet normal 0 0 -1
    outer loop
      vertex 25 30.2679 0
      vertex 25.2175 33.5867 0
      vertex 25.2175 30.4133 0
    endloop
  endfacet
  facet normal 0 0 -1
    outer loop
      vertex 25 30.2679 0
      vertex 25 33.732 0
      vertex 25.2175 33.5867 0
    endloop
  endfacet
  facet normal 0 0 -1
    outer loop
      vertex 24.7654 30.1522 0
      vertex 25 33.732 0
      vertex 25 30.2679 0
    endloop
  endfacet
  facet normal 0 0 -1
    outer loop
      vertex 24.7654 30.1522 0
      vertex 24.7654 33.8478 0
      vertex 25 33.732 0
    endloop
  endfacet
  facet normal 0 0 -1
    outer loop
      vertex 24.5176 30.0681 0
      vertex 24.7654 33.8478 0
      vertex 24.7654 30.1522 0
    endloop
  endfacet
  facet normal 0 0 -1
    outer loop
      vertex 24.5176 30.0681 0
      vertex 24.5176 33.9319 0
      vertex 24.7654 33.8478 0
    endloop
  endfacet
  facet normal 0 0 -1
    outer loop
      vertex 24.2611 30.0171 0
      vertex 24.5176 33.9319 0
      vertex 24.5176 30.0681 0
    endloop
  endfacet
  facet normal 0 0 -1
    outer loop
      vertex 24.2611 30.0171 0
      vertex 24.2611 33.9829 0
      vertex 24.5176 33.9319 0
    endloop
  endfacet
  facet normal 0 0 -1
    outer loop
      vertex 24 30 0
      vertex 24.2611 33.9829 0
      vertex 24.2611 30.0171 0
    endloop
  endfacet
  facet normal 0 0 -1
    outer loop
      vertex 24 30 0
      vertex 24 34 0
      vertex 24.2611 33.9829 0
    endloop
  endfacet
  facet normal 0 0 -1
    outer loop
      vertex 23.7389 30.0171 0
      vertex 24 34 0
      vertex 24 30 0
    endloop
  endfacet
  facet normal 0 0 -1
    outer loop
      vertex 23.7389 30.0171 0
      vertex 23.7389 33.9829 0
      vertex 24 34 0
    endloop
  endfacet
  facet normal 0 0 -1
    outer loop
      vertex 23.4824 30.0681 0
      vertex 23.7389 33.9829 0
      vertex 23.7389 30.0171 0
    endloop
  endfacet
  facet normal 0 0 -1
    outer loop
      vertex 23.4824 30.0681 0
      vertex 23.4824 33.9319 0
      vertex 23.7389 33.9829 0
    endloop
  endfacet
  facet normal 0 0 -1
    outer loop
      vertex 23.2346 30.1522 0
      vertex 23.4824 33.9319 0
      vertex 23.4824 30.0681 0
    endloop
  endfacet
  facet normal 0 0 -1
    outer loop
      vertex 23.2346 30.1522 0
      vertex 23.2346 33.8478 0
      vertex 23.4824 33.9319 0
    endloop
  endfacet
  facet normal 0 0 -1
    outer loop
      vertex 23 30.2679 0
      vertex 23.2346 33.8478 0
      vertex 23.2346 30.1522 0
    endloop
  endfacet
  facet normal 0 0 -1
    outer loop
      vertex 23 30.2679 0
      vertex 23 33.732 0
      vertex 23.2346 33.8478 0
    endloop
  endfacet
  facet normal 0 0 -1
    outer loop
      vertex 22.7825 30.4133 0
      vertex 23 33.732 0
      vertex 23 30.2679 0
    endloop
  endfacet
  facet normal 0 0 -1
    outer loop
      vertex 22.7825 30.4133 0
      vertex 22.7825 33.5867 0
      vertex 23 33.732 0
    endloop
  endfacet
  facet normal 0 0 -1
    outer loop
      vertex 22.5858 30.5858 0
      vertex 22.7825 33.5867 0
      vertex 22.7825 30.4133 0
    endloop
  endfacet
  facet normal 0 0 -1
    outer loop
      vertex 22.5858 30.5858 0
      vertex 22.5858 33.4142 0
      vertex 22.7825 33.5867 0
    endloop
  endfacet
  facet normal 0 0 -1
    outer loop
      vertex 22.4133 30.7825 0
      vertex 22.5858 33.4142 0
      vertex 22.5858 30.5858 0
    endloop
  endfacet
  facet normal 0 0 -1
    outer loop
      vertex 22.4133 30.7825 0
      vertex 22.4133 33.2175 0
      vertex 22.5858 33.4142 0
    endloop
  endfacet
  facet normal 0 0 -1
    outer loop
      vertex 22.2679 31 0
      vertex 22.4133 33.2175 0
      vertex 22.4133 30.7825 0
    endloop
  endfacet
  facet normal 0 0 -1
    outer loop
      vertex 22.2679 31 0
      vertex 22.2679 33 0
      vertex 22.4133 33.2175 0
    endloop
  endfacet
  facet normal 0 0 -1
    outer loop
      vertex 22.1522 31.2346 0
      vertex 22.2679 33 0
      vertex 22.2679 31 0
    endloop
  endfacet
  facet normal 0 0 -1
    outer loop
      vertex 22.1522 31.2346 0
      vertex 22.1522 32.7654 0
      vertex 22.2679 33 0
    endloop
  endfacet
  facet normal 0 0 -1
    outer loop
      vertex 22.0681 31.4824 0
      vertex 22.1522 32.7654 0
      vertex 22.1522 31.2346 0
    endloop
  endfacet
  facet normal 0 0 -1
    outer loop
      vertex 22.0681 31.4824 0
      vertex 22.0681 32.5176 0
      vertex 22.1522 32.7654 0
    endloop
  endfacet
  facet normal 0 0 -1
    outer loop
      vertex 22.0171 31.7389 0
      vertex 22.0681 32.5176 0
      vertex 22.0681 31.4824 0
    endloop
  endfacet
  facet normal 0 0 -1
    outer loop
      vertex 22.0171 31.7389 0
      vertex 22.0171 32.2611 0
      vertex 22.0681 32.5176 0
    endloop
  endfacet
  facet normal 0 -0 -1
    outer loop
      vertex 22.0171 32.2611 0
      vertex 22.0171 31.7389 0
      vertex 22 32 0
    endloop
  endfacet
  facet normal -0.94695 0.321382 0
    outer loop
      vertex 22.0681 32.5176 0
      vertex 22.1522 32.7654 6.5
      vertex 22.1522 32.7654 0
    endloop
  endfacet
  facet normal -0.94695 0.321382 0
    outer loop
      vertex 22.1522 32.7654 6.5
      vertex 22.0681 32.5176 0
      vertex 22.0681 32.5176 6.5
    endloop
  endfacet
  facet normal -0.997862 0.0653521 0
    outer loop
      vertex 22 32 0
      vertex 22.0171 32.2611 6.5
      vertex 22.0171 32.2611 0
    endloop
  endfacet
  facet normal -0.997862 0.0653521 0
    outer loop
      vertex 22.0171 32.2611 6.5
      vertex 22 32 0
      vertex 22 32 6.5
    endloop
  endfacet
  facet normal 0 0 1
    outer loop
      vertex 25.9829 32.2611 6.5
      vertex 25.9829 31.7389 6.5
      vertex 26 32 6.5
    endloop
  endfacet
  facet normal 0 0 1
    outer loop
      vertex 25.9319 32.5176 6.5
      vertex 25.9829 31.7389 6.5
      vertex 25.9829 32.2611 6.5
    endloop
  endfacet
  facet normal 0 0 1
    outer loop
      vertex 25.9319 32.5176 6.5
      vertex 25.9319 31.4824 6.5
      vertex 25.9829 31.7389 6.5
    endloop
  endfacet
  facet normal 0 0 1
    outer loop
      vertex 25.8478 32.7654 6.5
      vertex 25.9319 31.4824 6.5
      vertex 25.9319 32.5176 6.5
    endloop
  endfacet
  facet normal 0 0 1
    outer loop
      vertex 25.8478 32.7654 6.5
      vertex 25.8478 31.2346 6.5
      vertex 25.9319 31.4824 6.5
    endloop
  endfacet
  facet normal 0 0 1
    outer loop
      vertex 25.732 33 6.5
      vertex 25.8478 31.2346 6.5
      vertex 25.8478 32.7654 6.5
    endloop
  endfacet
  facet normal 0 0 1
    outer loop
      vertex 25.732 33 6.5
      vertex 25.732 31 6.5
      vertex 25.8478 31.2346 6.5
    endloop
  endfacet
  facet normal 0 0 1
    outer loop
      vertex 25.5867 33.2175 6.5
      vertex 25.732 31 6.5
      vertex 25.732 33 6.5
    endloop
  endfacet
  facet normal 0 0 1
    outer loop
      vertex 25.5867 33.2175 6.5
      vertex 25.5867 30.7825 6.5
      vertex 25.732 31 6.5
    endloop
  endfacet
  facet normal 0 0 1
    outer loop
      vertex 25.4142 33.4142 6.5
      vertex 25.5867 30.7825 6.5
      vertex 25.5867 33.2175 6.5
    endloop
  endfacet
  facet normal 0 0 1
    outer loop
      vertex 25.4142 33.4142 6.5
      vertex 25.4142 30.5858 6.5
      vertex 25.5867 30.7825 6.5
    endloop
  endfacet
  facet normal 0 0 1
    outer loop
      vertex 25.2175 33.5867 6.5
      vertex 25.4142 30.5858 6.5
      vertex 25.4142 33.4142 6.5
    endloop
  endfacet
  facet normal 0 0 1
    outer loop
      vertex 25.2175 33.5867 6.5
      vertex 25.2175 30.4133 6.5
      vertex 25.4142 30.5858 6.5
    endloop
  endfacet
  facet normal 0 0 1
    outer loop
      vertex 25 33.732 6.5
      vertex 25.2175 30.4133 6.5
      vertex 25.2175 33.5867 6.5
    endloop
  endfacet
  facet normal 0 0 1
    outer loop
      vertex 25 33.732 6.5
      vertex 25 30.2679 6.5
      vertex 25.2175 30.4133 6.5
    endloop
  endfacet
  facet normal 0 0 1
    outer loop
      vertex 24.7654 33.8478 6.5
      vertex 25 30.2679 6.5
      vertex 25 33.732 6.5
    endloop
  endfacet
  facet normal 0 0 1
    outer loop
      vertex 24.7654 33.8478 6.5
      vertex 24.7654 30.1522 6.5
      vertex 25 30.2679 6.5
    endloop
  endfacet
  facet normal 0 0 1
    outer loop
      vertex 24.5176 33.9319 6.5
      vertex 24.7654 30.1522 6.5
      vertex 24.7654 33.8478 6.5
    endloop
  endfacet
  facet normal 0 0 1
    outer loop
      vertex 24.5176 33.9319 6.5
      vertex 24.5176 30.0681 6.5
      vertex 24.7654 30.1522 6.5
    endloop
  endfacet
  facet normal 0 0 1
    outer loop
      vertex 24.2611 33.9829 6.5
      vertex 24.5176 30.0681 6.5
      vertex 24.5176 33.9319 6.5
    endloop
  endfacet
  facet normal 0 0 1
    outer loop
      vertex 24.2611 33.9829 6.5
      vertex 24.2611 30.0171 6.5
      vertex 24.5176 30.0681 6.5
    endloop
  endfacet
  facet normal 0 0 1
    outer loop
      vertex 24 34 6.5
      vertex 24.2611 30.0171 6.5
      vertex 24.2611 33.9829 6.5
    endloop
  endfacet
  facet normal 0 0 1
    outer loop
      vertex 24 34 6.5
      vertex 24 30 6.5
      vertex 24.2611 30.0171 6.5
    endloop
  endfacet
  facet normal -0 0 1
    outer loop
      vertex 23.7389 33.9829 6.5
      vertex 24 30 6.5
      vertex 24 34 6.5
    endloop
  endfacet
  facet normal 0 0 1
    outer loop
      vertex 23.7389 33.9829 6.5
      vertex 23.7389 30.0171 6.5
      vertex 24 30 6.5
    endloop
  endfacet
  facet normal -0 0 1
    outer loop
      vertex 23.4824 33.9319 6.5
      vertex 23.7389 30.0171 6.5
      vertex 23.7389 33.9829 6.5
    endloop
  endfacet
  facet normal 0 0 1
    outer loop
      vertex 23.4824 33.9319 6.5
      vertex 23.4824 30.0681 6.5
      vertex 23.7389 30.0171 6.5
    endloop
  endfacet
  facet normal -0 0 1
    outer loop
      vertex 23.2346 33.8478 6.5
      vertex 23.4824 30.0681 6.5
      vertex 23.4824 33.9319 6.5
    endloop
  endfacet
  facet normal 0 0 1
    outer loop
      vertex 23.2346 33.8478 6.5
      vertex 23.2346 30.1522 6.5
      vertex 23.4824 30.0681 6.5
    endloop
  endfacet
  facet normal -0 0 1
    outer loop
      vertex 23 33.732 6.5
      vertex 23.2346 30.1522 6.5
      vertex 23.2346 33.8478 6.5
    endloop
  endfacet
  facet normal 0 0 1
    outer loop
      vertex 23 33.732 6.5
      vertex 23 30.2679 6.5
      vertex 23.2346 30.1522 6.5
    endloop
  endfacet
  facet normal -0 0 1
    outer loop
      vertex 22.7825 33.5867 6.5
      vertex 23 30.2679 6.5
      vertex 23 33.732 6.5
    endloop
  endfacet
  facet normal 0 0 1
    outer loop
      vertex 22.7825 33.5867 6.5
      vertex 22.7825 30.4133 6.5
      vertex 23 30.2679 6.5
    endloop
  endfacet
  facet normal -0 0 1
    outer loop
      vertex 22.5858 33.4142 6.5
      vertex 22.7825 30.4133 6.5
      vertex 22.7825 33.5867 6.5
    endloop
  endfacet
  facet normal 0 0 1
    outer loop
      vertex 22.5858 33.4142 6.5
      vertex 22.5858 30.5858 6.5
      vertex 22.7825 30.4133 6.5
    endloop
  endfacet
  facet normal -0 0 1
    outer loop
      vertex 22.4133 33.2175 6.5
      vertex 22.5858 30.5858 6.5
      vertex 22.5858 33.4142 6.5
    endloop
  endfacet
  facet normal 0 0 1
    outer loop
      vertex 22.4133 33.2175 6.5
      vertex 22.4133 30.7825 6.5
      vertex 22.5858 30.5858 6.5
    endloop
  endfacet
  facet normal -0 0 1
    outer loop
      vertex 22.2679 33 6.5
      vertex 22.4133 30.7825 6.5
      vertex 22.4133 33.2175 6.5
    endloop
  endfacet
  facet normal 0 0 1
    outer loop
      vertex 22.2679 33 6.5
      vertex 22.2679 31 6.5
      vertex 22.4133 30.7825 6.5
    endloop
  endfacet
  facet normal -0 0 1
    outer loop
      vertex 22.1522 32.7654 6.5
      vertex 22.2679 31 6.5
      vertex 22.2679 33 6.5
    endloop
  endfacet
  facet normal 0 0 1
    outer loop
      vertex 22.1522 32.7654 6.5
      vertex 22.1522 31.2346 6.5
      vertex 22.2679 31 6.5
    endloop
  endfacet
  facet normal -0 0 1
    outer loop
      vertex 22.0681 32.5176 6.5
      vertex 22.1522 31.2346 6.5
      vertex 22.1522 32.7654 6.5
    endloop
  endfacet
  facet normal 0 0 1
    outer loop
      vertex 22.0681 32.5176 6.5
      vertex 22.0681 31.4824 6.5
      vertex 22.1522 31.2346 6.5
    endloop
  endfacet
  facet normal -0 0 1
    outer loop
      vertex 22.0171 32.2611 6.5
      vertex 22.0681 31.4824 6.5
      vertex 22.0681 32.5176 6.5
    endloop
  endfacet
  facet normal 0 0 1
    outer loop
      vertex 22.0171 32.2611 6.5
      vertex 22.0171 31.7389 6.5
      vertex 22.0681 31.4824 6.5
    endloop
  endfacet
  facet normal 0 -0 1
    outer loop
      vertex 22.0171 31.7389 6.5
      vertex 22.0171 32.2611 6.5
      vertex 22 32 6.5
    endloop
  endfacet
  facet normal 0.997862 -0.0653521 0
    outer loop
      vertex 25.9829 31.7389 6.5
      vertex 26 32 0
      vertex 26 32 6.5
    endloop
  endfacet
  facet normal 0.997862 -0.0653521 0
    outer loop
      vertex 26 32 0
      vertex 25.9829 31.7389 6.5
      vertex 25.9829 31.7389 0
    endloop
  endfacet
  facet normal 0.659343 -0.751842 0
    outer loop
      vertex 25.2175 30.4133 0
      vertex 25.4142 30.5858 6.5
      vertex 25.2175 30.4133 6.5
    endloop
  endfacet
  facet normal 0.659343 -0.751842 0
    outer loop
      vertex 25.4142 30.5858 6.5
      vertex 25.2175 30.4133 0
      vertex 25.4142 30.5858 0
    endloop
  endfacet
  facet normal 0.94695 -0.321382 0
    outer loop
      vertex 25.8478 31.2346 6.5
      vertex 25.9319 31.4824 0
      vertex 25.9319 31.4824 6.5
    endloop
  endfacet
  facet normal 0.94695 -0.321382 0
    outer loop
      vertex 25.9319 31.4824 0
      vertex 25.8478 31.2346 6.5
      vertex 25.8478 31.2346 0
    endloop
  endfacet
  facet normal 0.831521 -0.555494 0
    outer loop
      vertex 25.5867 30.7825 6.5
      vertex 25.732 31 0
      vertex 25.732 31 6.5
    endloop
  endfacet
  facet normal 0.831521 -0.555494 0
    outer loop
      vertex 25.732 31 0
      vertex 25.5867 30.7825 6.5
      vertex 25.5867 30.7825 0
    endloop
  endfacet
  facet normal 0.896709 -0.442621 0
    outer loop
      vertex 25.732 31 6.5
      vertex 25.8478 31.2346 0
      vertex 25.8478 31.2346 6.5
    endloop
  endfacet
  facet normal 0.896709 -0.442621 0
    outer loop
      vertex 25.8478 31.2346 0
      vertex 25.732 31 6.5
      vertex 25.732 31 0
    endloop
  endfacet
  facet normal -0.555758 -0.831344 0
    outer loop
      vertex 22.7825 30.4133 0
      vertex 23 30.2679 6.5
      vertex 22.7825 30.4133 6.5
    endloop
  endfacet
  facet normal -0.555758 -0.831344 -0
    outer loop
      vertex 23 30.2679 6.5
      vertex 22.7825 30.4133 0
      vertex 23 30.2679 0
    endloop
  endfacet
  facet normal -0.442314 -0.89686 0
    outer loop
      vertex 23 30.2679 0
      vertex 23.2346 30.1522 6.5
      vertex 23 30.2679 6.5
    endloop
  endfacet
  facet normal -0.442314 -0.89686 -0
    outer loop
      vertex 23.2346 30.1522 6.5
      vertex 23 30.2679 0
      vertex 23.2346 30.1522 0
    endloop
  endfacet
  facet normal -0.0653521 -0.997862 0
    outer loop
      vertex 23.7389 30.0171 0
      vertex 24 30 6.5
      vertex 23.7389 30.0171 6.5
    endloop
  endfacet
  facet normal -0.0653521 -0.997862 -0
    outer loop
      vertex 24 30 6.5
      vertex 23.7389 30.0171 0
      vertex 24 30 0
    endloop
  endfacet
  facet normal -0.659343 -0.751842 0
    outer loop
      vertex 22.5858 30.5858 0
      vertex 22.7825 30.4133 6.5
      vertex 22.5858 30.5858 6.5
    endloop
  endfacet
  facet normal -0.659343 -0.751842 -0
    outer loop
      vertex 22.7825 30.4133 6.5
      vertex 22.5858 30.5858 0
      vertex 22.7825 30.4133 0
    endloop
  endfacet
  facet normal 0.751842 0.659343 0
    outer loop
      vertex 25.5867 33.2175 6.5
      vertex 25.4142 33.4142 0
      vertex 25.4142 33.4142 6.5
    endloop
  endfacet
  facet normal 0.751842 0.659343 0
    outer loop
      vertex 25.4142 33.4142 0
      vertex 25.5867 33.2175 6.5
      vertex 25.5867 33.2175 0
    endloop
  endfacet
  facet normal 0.195013 0.980801 -0
    outer loop
      vertex 24.5176 33.9319 0
      vertex 24.2611 33.9829 6.5
      vertex 24.5176 33.9319 6.5
    endloop
  endfacet
  facet normal 0.195013 0.980801 0
    outer loop
      vertex 24.2611 33.9829 6.5
      vertex 24.5176 33.9319 0
      vertex 24.2611 33.9829 0
    endloop
  endfacet
  facet normal 0.442621 0.896709 -0
    outer loop
      vertex 25 33.732 0
      vertex 24.7654 33.8478 6.5
      vertex 25 33.732 6.5
    endloop
  endfacet
  facet normal 0.442621 0.896709 0
    outer loop
      vertex 24.7654 33.8478 6.5
      vertex 25 33.732 0
      vertex 24.7654 33.8478 0
    endloop
  endfacet
  facet normal -0.997862 -0.0653521 0
    outer loop
      vertex 22.0171 31.7389 0
      vertex 22 32 6.5
      vertex 22 32 0
    endloop
  endfacet
  facet normal -0.997862 -0.0653521 0
    outer loop
      vertex 22 32 6.5
      vertex 22.0171 31.7389 0
      vertex 22.0171 31.7389 6.5
    endloop
  endfacet
  facet normal -0.659343 0.751842 0
    outer loop
      vertex 22.7825 33.5867 0
      vertex 22.5858 33.4142 6.5
      vertex 22.7825 33.5867 6.5
    endloop
  endfacet
  facet normal -0.659343 0.751842 0
    outer loop
      vertex 22.5858 33.4142 6.5
      vertex 22.7825 33.5867 0
      vertex 22.5858 33.4142 0
    endloop
  endfacet
  facet normal -0.321382 0.94695 0
    outer loop
      vertex 23.4824 33.9319 0
      vertex 23.2346 33.8478 6.5
      vertex 23.4824 33.9319 6.5
    endloop
  endfacet
  facet normal -0.321382 0.94695 0
    outer loop
      vertex 23.2346 33.8478 6.5
      vertex 23.4824 33.9319 0
      vertex 23.2346 33.8478 0
    endloop
  endfacet
  facet normal 0.442314 -0.89686 0
    outer loop
      vertex 24.7654 30.1522 0
      vertex 25 30.2679 6.5
      vertex 24.7654 30.1522 6.5
    endloop
  endfacet
  facet normal 0.442314 -0.89686 0
    outer loop
      vertex 25 30.2679 6.5
      vertex 24.7654 30.1522 0
      vertex 25 30.2679 0
    endloop
  endfacet
  facet normal -0.89686 -0.442314 0
    outer loop
      vertex 22.2679 31 0
      vertex 22.1522 31.2346 6.5
      vertex 22.1522 31.2346 0
    endloop
  endfacet
  facet normal -0.89686 -0.442314 0
    outer loop
      vertex 22.1522 31.2346 6.5
      vertex 22.2679 31 0
      vertex 22.2679 31 6.5
    endloop
  endfacet
  facet normal 0.997862 0.0653521 0
    outer loop
      vertex 34 32 6.5
      vertex 33.9829 32.2611 0
      vertex 33.9829 32.2611 6.5
    endloop
  endfacet
  facet normal 0.997862 0.0653521 0
    outer loop
      vertex 33.9829 32.2611 0
      vertex 34 32 6.5
      vertex 34 32 0
    endloop
  endfacet
  facet normal -0.0653521 0.997862 0
    outer loop
      vertex 32 34 0
      vertex 31.7389 33.9829 6.5
      vertex 32 34 6.5
    endloop
  endfacet
  facet normal -0.0653521 0.997862 0
    outer loop
      vertex 31.7389 33.9829 6.5
      vertex 32 34 0
      vertex 31.7389 33.9829 0
    endloop
  endfacet
  facet normal 0.659343 0.751842 -0
    outer loop
      vertex 33.4142 33.4142 0
      vertex 33.2175 33.5867 6.5
      vertex 33.4142 33.4142 6.5
    endloop
  endfacet
  facet normal 0.659343 0.751842 0
    outer loop
      vertex 33.2175 33.5867 6.5
      vertex 33.4142 33.4142 0
      vertex 33.2175 33.5867 0
    endloop
  endfacet
  facet normal -0.751842 0.659343 0
    outer loop
      vertex 30.4133 33.2175 0
      vertex 30.5858 33.4142 6.5
      vertex 30.5858 33.4142 0
    endloop
  endfacet
  facet normal -0.751842 0.659343 0
    outer loop
      vertex 30.5858 33.4142 6.5
      vertex 30.4133 33.2175 0
      vertex 30.4133 33.2175 6.5
    endloop
  endfacet
  facet normal -0.442621 0.896709 0
    outer loop
      vertex 31.2346 33.8478 0
      vertex 31 33.732 6.5
      vertex 31.2346 33.8478 6.5
    endloop
  endfacet
  facet normal -0.442621 0.896709 0
    outer loop
      vertex 31 33.732 6.5
      vertex 31.2346 33.8478 0
      vertex 31 33.732 0
    endloop
  endfacet
  facet normal -0.94695 -0.321382 0
    outer loop
      vertex 30.1522 31.2346 0
      vertex 30.0681 31.4824 6.5
      vertex 30.0681 31.4824 0
    endloop
  endfacet
  facet normal -0.94695 -0.321382 0
    outer loop
      vertex 30.0681 31.4824 6.5
      vertex 30.1522 31.2346 0
      vertex 30.1522 31.2346 6.5
    endloop
  endfacet
  facet normal 0.896709 0.442621 0
    outer loop
      vertex 33.8478 32.7654 6.5
      vertex 33.732 33 0
      vertex 33.732 33 6.5
    endloop
  endfacet
  facet normal 0.896709 0.442621 0
    outer loop
      vertex 33.732 33 0
      vertex 33.8478 32.7654 6.5
      vertex 33.8478 32.7654 0
    endloop
  endfacet
  facet normal 0.980801 0.195013 0
    outer loop
      vertex 33.9829 32.2611 6.5
      vertex 33.9319 32.5176 0
      vertex 33.9319 32.5176 6.5
    endloop
  endfacet
  facet normal 0.980801 0.195013 0
    outer loop
      vertex 33.9319 32.5176 0
      vertex 33.9829 32.2611 6.5
      vertex 33.9829 32.2611 0
    endloop
  endfacet
  facet normal 0.831521 0.555494 0
    outer loop
      vertex 33.732 33 6.5
      vertex 33.5867 33.2175 0
      vertex 33.5867 33.2175 6.5
    endloop
  endfacet
  facet normal 0.831521 0.555494 0
    outer loop
      vertex 33.5867 33.2175 0
      vertex 33.732 33 6.5
      vertex 33.732 33 0
    endloop
  endfacet
  facet normal 0.321382 0.94695 -0
    outer loop
      vertex 32.7654 33.8478 0
      vertex 32.5176 33.9319 6.5
      vertex 32.7654 33.8478 6.5
    endloop
  endfacet
  facet normal 0.321382 0.94695 0
    outer loop
      vertex 32.5176 33.9319 6.5
      vertex 32.7654 33.8478 0
      vertex 32.5176 33.9319 0
    endloop
  endfacet
  facet normal 0.555494 0.831521 -0
    outer loop
      vertex 33.2175 33.5867 0
      vertex 33 33.732 6.5
      vertex 33.2175 33.5867 6.5
    endloop
  endfacet
  facet normal 0.555494 0.831521 0
    outer loop
      vertex 33 33.732 6.5
      vertex 33.2175 33.5867 0
      vertex 33 33.732 0
    endloop
  endfacet
  facet normal -0.89686 0.442314 0
    outer loop
      vertex 30.1522 32.7654 0
      vertex 30.2679 33 6.5
      vertex 30.2679 33 0
    endloop
  endfacet
  facet normal -0.89686 0.442314 0
    outer loop
      vertex 30.2679 33 6.5
      vertex 30.1522 32.7654 0
      vertex 30.1522 32.7654 6.5
    endloop
  endfacet
  facet normal -0.831344 0.555758 0
    outer loop
      vertex 30.2679 33 0
      vertex 30.4133 33.2175 6.5
      vertex 30.4133 33.2175 0
    endloop
  endfacet
  facet normal -0.831344 0.555758 0
    outer loop
      vertex 30.4133 33.2175 6.5
      vertex 30.2679 33 0
      vertex 30.2679 33 6.5
    endloop
  endfacet
  facet normal -0.980801 0.195013 0
    outer loop
      vertex 30.0171 32.2611 0
      vertex 30.0681 32.5176 6.5
      vertex 30.0681 32.5176 0
    endloop
  endfacet
  facet normal -0.980801 0.195013 0
    outer loop
      vertex 30.0681 32.5176 6.5
      vertex 30.0171 32.2611 0
      vertex 30.0171 32.2611 6.5
    endloop
  endfacet
  facet normal -0.555494 0.831521 0
    outer loop
      vertex 31 33.732 0
      vertex 30.7825 33.5867 6.5
      vertex 31 33.732 6.5
    endloop
  endfacet
  facet normal -0.555494 0.831521 0
    outer loop
      vertex 30.7825 33.5867 6.5
      vertex 31 33.732 0
      vertex 30.7825 33.5867 0
    endloop
  endfacet
  facet normal -0.195013 0.980801 0
    outer loop
      vertex 31.7389 33.9829 0
      vertex 31.4824 33.9319 6.5
      vertex 31.7389 33.9829 6.5
    endloop
  endfacet
  facet normal -0.195013 0.980801 0
    outer loop
      vertex 31.4824 33.9319 6.5
      vertex 31.7389 33.9829 0
      vertex 31.4824 33.9319 0
    endloop
  endfacet
  facet normal 0.321382 -0.94695 0
    outer loop
      vertex 32.5176 30.0681 0
      vertex 32.7654 30.1522 6.5
      vertex 32.5176 30.0681 6.5
    endloop
  endfacet
  facet normal 0.321382 -0.94695 0
    outer loop
      vertex 32.7654 30.1522 6.5
      vertex 32.5176 30.0681 0
      vertex 32.7654 30.1522 0
    endloop
  endfacet
  facet normal 0.195013 -0.980801 0
    outer loop
      vertex 32.2611 30.0171 0
      vertex 32.5176 30.0681 6.5
      vertex 32.2611 30.0171 6.5
    endloop
  endfacet
  facet normal 0.195013 -0.980801 0
    outer loop
      vertex 32.5176 30.0681 6.5
      vertex 32.2611 30.0171 0
      vertex 32.5176 30.0681 0
    endloop
  endfacet
  facet normal 0.751842 -0.659343 0
    outer loop
      vertex 33.4142 30.5858 6.5
      vertex 33.5867 30.7825 0
      vertex 33.5867 30.7825 6.5
    endloop
  endfacet
  facet normal 0.751842 -0.659343 0
    outer loop
      vertex 33.5867 30.7825 0
      vertex 33.4142 30.5858 6.5
      vertex 33.4142 30.5858 0
    endloop
  endfacet
  facet normal 0.555758 -0.831344 0
    outer loop
      vertex 33 30.2679 0
      vertex 33.2175 30.4133 6.5
      vertex 33 30.2679 6.5
    endloop
  endfacet
  facet normal 0.555758 -0.831344 0
    outer loop
      vertex 33.2175 30.4133 6.5
      vertex 33 30.2679 0
      vertex 33.2175 30.4133 0
    endloop
  endfacet
  facet normal 0.980801 -0.195013 0
    outer loop
      vertex 33.9319 31.4824 6.5
      vertex 33.9829 31.7389 0
      vertex 33.9829 31.7389 6.5
    endloop
  endfacet
  facet normal 0.980801 -0.195013 0
    outer loop
      vertex 33.9829 31.7389 0
      vertex 33.9319 31.4824 6.5
      vertex 33.9319 31.4824 0
    endloop
  endfacet
  facet normal -0.321382 -0.94695 0
    outer loop
      vertex 31.2346 30.1522 0
      vertex 31.4824 30.0681 6.5
      vertex 31.2346 30.1522 6.5
    endloop
  endfacet
  facet normal -0.321382 -0.94695 -0
    outer loop
      vertex 31.4824 30.0681 6.5
      vertex 31.2346 30.1522 0
      vertex 31.4824 30.0681 0
    endloop
  endfacet
  facet normal -0.195013 -0.980801 0
    outer loop
      vertex 31.4824 30.0681 0
      vertex 31.7389 30.0171 6.5
      vertex 31.4824 30.0681 6.5
    endloop
  endfacet
  facet normal -0.195013 -0.980801 -0
    outer loop
      vertex 31.7389 30.0171 6.5
      vertex 31.4824 30.0681 0
      vertex 31.7389 30.0171 0
    endloop
  endfacet
  facet normal -0.831344 -0.555758 0
    outer loop
      vertex 30.4133 30.7825 0
      vertex 30.2679 31 6.5
      vertex 30.2679 31 0
    endloop
  endfacet
  facet normal -0.831344 -0.555758 0
    outer loop
      vertex 30.2679 31 6.5
      vertex 30.4133 30.7825 0
      vertex 30.4133 30.7825 6.5
    endloop
  endfacet
  facet normal -0.751842 -0.659343 0
    outer loop
      vertex 30.5858 30.5858 0
      vertex 30.4133 30.7825 6.5
      vertex 30.4133 30.7825 0
    endloop
  endfacet
  facet normal -0.751842 -0.659343 0
    outer loop
      vertex 30.4133 30.7825 6.5
      vertex 30.5858 30.5858 0
      vertex 30.5858 30.5858 6.5
    endloop
  endfacet
  facet normal -0.980801 -0.195013 0
    outer loop
      vertex 30.0681 31.4824 0
      vertex 30.0171 31.7389 6.5
      vertex 30.0171 31.7389 0
    endloop
  endfacet
  facet normal -0.980801 -0.195013 0
    outer loop
      vertex 30.0171 31.7389 6.5
      vertex 30.0681 31.4824 0
      vertex 30.0681 31.4824 6.5
    endloop
  endfacet
  facet normal 0.94695 0.321382 0
    outer loop
      vertex 33.9319 32.5176 6.5
      vertex 33.8478 32.7654 0
      vertex 33.8478 32.7654 6.5
    endloop
  endfacet
  facet normal 0.94695 0.321382 0
    outer loop
      vertex 33.8478 32.7654 0
      vertex 33.9319 32.5176 6.5
      vertex 33.9319 32.5176 0
    endloop
  endfacet
  facet normal 0.0653521 0.997862 -0
    outer loop
      vertex 32.2611 33.9829 0
      vertex 32 34 6.5
      vertex 32.2611 33.9829 6.5
    endloop
  endfacet
  facet normal 0.0653521 0.997862 0
    outer loop
      vertex 32 34 6.5
      vertex 32.2611 33.9829 0
      vertex 32 34 0
    endloop
  endfacet
  facet normal 0 0 -1
    outer loop
      vertex 33.9829 31.7389 0
      vertex 33.9829 32.2611 0
      vertex 34 32 0
    endloop
  endfacet
  facet normal 0 0 -1
    outer loop
      vertex 33.9319 31.4824 0
      vertex 33.9829 32.2611 0
      vertex 33.9829 31.7389 0
    endloop
  endfacet
  facet normal 0 0 -1
    outer loop
      vertex 33.9319 31.4824 0
      vertex 33.9319 32.5176 0
      vertex 33.9829 32.2611 0
    endloop
  endfacet
  facet normal 0 0 -1
    outer loop
      vertex 33.8478 31.2346 0
      vertex 33.9319 32.5176 0
      vertex 33.9319 31.4824 0
    endloop
  endfacet
  facet normal 0 0 -1
    outer loop
      vertex 33.8478 31.2346 0
      vertex 33.8478 32.7654 0
      vertex 33.9319 32.5176 0
    endloop
  endfacet
  facet normal 0 0 -1
    outer loop
      vertex 33.732 31 0
      vertex 33.8478 32.7654 0
      vertex 33.8478 31.2346 0
    endloop
  endfacet
  facet normal 0 0 -1
    outer loop
      vertex 33.732 31 0
      vertex 33.732 33 0
      vertex 33.8478 32.7654 0
    endloop
  endfacet
  facet normal 0 0 -1
    outer loop
      vertex 33.5867 30.7825 0
      vertex 33.732 33 0
      vertex 33.732 31 0
    endloop
  endfacet
  facet normal 0 0 -1
    outer loop
      vertex 33.5867 30.7825 0
      vertex 33.5867 33.2175 0
      vertex 33.732 33 0
    endloop
  endfacet
  facet normal 0 0 -1
    outer loop
      vertex 33.4142 30.5858 0
      vertex 33.5867 33.2175 0
      vertex 33.5867 30.7825 0
    endloop
  endfacet
  facet normal 0 0 -1
    outer loop
      vertex 33.4142 30.5858 0
      vertex 33.4142 33.4142 0
      vertex 33.5867 33.2175 0
    endloop
  endfacet
  facet normal 0 0 -1
    outer loop
      vertex 33.2175 30.4133 0
      vertex 33.4142 33.4142 0
      vertex 33.4142 30.5858 0
    endloop
  endfacet
  facet normal 0 0 -1
    outer loop
      vertex 33.2175 30.4133 0
      vertex 33.2175 33.5867 0
      vertex 33.4142 33.4142 0
    endloop
  endfacet
  facet normal 0 0 -1
    outer loop
      vertex 33 30.2679 0
      vertex 33.2175 33.5867 0
      vertex 33.2175 30.4133 0
    endloop
  endfacet
  facet normal 0 0 -1
    outer loop
      vertex 33 30.2679 0
      vertex 33 33.732 0
      vertex 33.2175 33.5867 0
    endloop
  endfacet
  facet normal 0 0 -1
    outer loop
      vertex 32.7654 30.1522 0
      vertex 33 33.732 0
      vertex 33 30.2679 0
    endloop
  endfacet
  facet normal 0 0 -1
    outer loop
      vertex 32.7654 30.1522 0
      vertex 32.7654 33.8478 0
      vertex 33 33.732 0
    endloop
  endfacet
  facet normal 0 0 -1
    outer loop
      vertex 32.5176 30.0681 0
      vertex 32.7654 33.8478 0
      vertex 32.7654 30.1522 0
    endloop
  endfacet
  facet normal 0 0 -1
    outer loop
      vertex 32.5176 30.0681 0
      vertex 32.5176 33.9319 0
      vertex 32.7654 33.8478 0
    endloop
  endfacet
  facet normal 0 0 -1
    outer loop
      vertex 32.2611 30.0171 0
      vertex 32.5176 33.9319 0
      vertex 32.5176 30.0681 0
    endloop
  endfacet
  facet normal 0 0 -1
    outer loop
      vertex 32.2611 30.0171 0
      vertex 32.2611 33.9829 0
      vertex 32.5176 33.9319 0
    endloop
  endfacet
  facet normal 0 0 -1
    outer loop
      vertex 32 30 0
      vertex 32.2611 33.9829 0
      vertex 32.2611 30.0171 0
    endloop
  endfacet
  facet normal 0 0 -1
    outer loop
      vertex 32 30 0
      vertex 32 34 0
      vertex 32.2611 33.9829 0
    endloop
  endfacet
  facet normal 0 0 -1
    outer loop
      vertex 31.7389 30.0171 0
      vertex 32 34 0
      vertex 32 30 0
    endloop
  endfacet
  facet normal 0 0 -1
    outer loop
      vertex 31.7389 30.0171 0
      vertex 31.7389 33.9829 0
      vertex 32 34 0
    endloop
  endfacet
  facet normal 0 0 -1
    outer loop
      vertex 31.4824 30.0681 0
      vertex 31.7389 33.9829 0
      vertex 31.7389 30.0171 0
    endloop
  endfacet
  facet normal 0 0 -1
    outer loop
      vertex 31.4824 30.0681 0
      vertex 31.4824 33.9319 0
      vertex 31.7389 33.9829 0
    endloop
  endfacet
  facet normal 0 0 -1
    outer loop
      vertex 31.2346 30.1522 0
      vertex 31.4824 33.9319 0
      vertex 31.4824 30.0681 0
    endloop
  endfacet
  facet normal 0 0 -1
    outer loop
      vertex 31.2346 30.1522 0
      vertex 31.2346 33.8478 0
      vertex 31.4824 33.9319 0
    endloop
  endfacet
  facet normal 0 0 -1
    outer loop
      vertex 31 30.2679 0
      vertex 31.2346 33.8478 0
      vertex 31.2346 30.1522 0
    endloop
  endfacet
  facet normal 0 0 -1
    outer loop
      vertex 31 30.2679 0
      vertex 31 33.732 0
      vertex 31.2346 33.8478 0
    endloop
  endfacet
  facet normal 0 0 -1
    outer loop
      vertex 30.7825 30.4133 0
      vertex 31 33.732 0
      vertex 31 30.2679 0
    endloop
  endfacet
  facet normal 0 0 -1
    outer loop
      vertex 30.7825 30.4133 0
      vertex 30.7825 33.5867 0
      vertex 31 33.732 0
    endloop
  endfacet
  facet normal 0 0 -1
    outer loop
      vertex 30.5858 30.5858 0
      vertex 30.7825 33.5867 0
      vertex 30.7825 30.4133 0
    endloop
  endfacet
  facet normal 0 0 -1
    outer loop
      vertex 30.5858 30.5858 0
      vertex 30.5858 33.4142 0
      vertex 30.7825 33.5867 0
    endloop
  endfacet
  facet normal 0 0 -1
    outer loop
      vertex 30.4133 30.7825 0
      vertex 30.5858 33.4142 0
      vertex 30.5858 30.5858 0
    endloop
  endfacet
  facet normal 0 0 -1
    outer loop
      vertex 30.4133 30.7825 0
      vertex 30.4133 33.2175 0
      vertex 30.5858 33.4142 0
    endloop
  endfacet
  facet normal 0 0 -1
    outer loop
      vertex 30.2679 31 0
      vertex 30.4133 33.2175 0
      vertex 30.4133 30.7825 0
    endloop
  endfacet
  facet normal 0 0 -1
    outer loop
      vertex 30.2679 31 0
      vertex 30.2679 33 0
      vertex 30.4133 33.2175 0
    endloop
  endfacet
  facet normal 0 0 -1
    outer loop
      vertex 30.1522 31.2346 0
      vertex 30.2679 33 0
      vertex 30.2679 31 0
    endloop
  endfacet
  facet normal 0 0 -1
    outer loop
      vertex 30.1522 31.2346 0
      vertex 30.1522 32.7654 0
      vertex 30.2679 33 0
    endloop
  endfacet
  facet normal 0 0 -1
    outer loop
      vertex 30.0681 31.4824 0
      vertex 30.1522 32.7654 0
      vertex 30.1522 31.2346 0
    endloop
  endfacet
  facet normal 0 0 -1
    outer loop
      vertex 30.0681 31.4824 0
      vertex 30.0681 32.5176 0
      vertex 30.1522 32.7654 0
    endloop
  endfacet
  facet normal 0 0 -1
    outer loop
      vertex 30.0171 31.7389 0
      vertex 30.0681 32.5176 0
      vertex 30.0681 31.4824 0
    endloop
  endfacet
  facet normal 0 0 -1
    outer loop
      vertex 30.0171 31.7389 0
      vertex 30.0171 32.2611 0
      vertex 30.0681 32.5176 0
    endloop
  endfacet
  facet normal 0 -0 -1
    outer loop
      vertex 30.0171 32.2611 0
      vertex 30.0171 31.7389 0
      vertex 30 32 0
    endloop
  endfacet
  facet normal -0.94695 0.321382 0
    outer loop
      vertex 30.0681 32.5176 0
      vertex 30.1522 32.7654 6.5
      vertex 30.1522 32.7654 0
    endloop
  endfacet
  facet normal -0.94695 0.321382 0
    outer loop
      vertex 30.1522 32.7654 6.5
      vertex 30.0681 32.5176 0
      vertex 30.0681 32.5176 6.5
    endloop
  endfacet
  facet normal -0.997862 0.0653521 0
    outer loop
      vertex 30 32 0
      vertex 30.0171 32.2611 6.5
      vertex 30.0171 32.2611 0
    endloop
  endfacet
  facet normal -0.997862 0.0653521 0
    outer loop
      vertex 30.0171 32.2611 6.5
      vertex 30 32 0
      vertex 30 32 6.5
    endloop
  endfacet
  facet normal 0 0 1
    outer loop
      vertex 33.9829 32.2611 6.5
      vertex 33.9829 31.7389 6.5
      vertex 34 32 6.5
    endloop
  endfacet
  facet normal 0 0 1
    outer loop
      vertex 33.9319 32.5176 6.5
      vertex 33.9829 31.7389 6.5
      vertex 33.9829 32.2611 6.5
    endloop
  endfacet
  facet normal 0 0 1
    outer loop
      vertex 33.9319 32.5176 6.5
      vertex 33.9319 31.4824 6.5
      vertex 33.9829 31.7389 6.5
    endloop
  endfacet
  facet normal 0 0 1
    outer loop
      vertex 33.8478 32.7654 6.5
      vertex 33.9319 31.4824 6.5
      vertex 33.9319 32.5176 6.5
    endloop
  endfacet
  facet normal 0 0 1
    outer loop
      vertex 33.8478 32.7654 6.5
      vertex 33.8478 31.2346 6.5
      vertex 33.9319 31.4824 6.5
    endloop
  endfacet
  facet normal 0 0 1
    outer loop
      vertex 33.732 33 6.5
      vertex 33.8478 31.2346 6.5
      vertex 33.8478 32.7654 6.5
    endloop
  endfacet
  facet normal 0 0 1
    outer loop
      vertex 33.732 33 6.5
      vertex 33.732 31 6.5
      vertex 33.8478 31.2346 6.5
    endloop
  endfacet
  facet normal 0 0 1
    outer loop
      vertex 33.5867 33.2175 6.5
      vertex 33.732 31 6.5
      vertex 33.732 33 6.5
    endloop
  endfacet
  facet normal 0 0 1
    outer loop
      vertex 33.5867 33.2175 6.5
      vertex 33.5867 30.7825 6.5
      vertex 33.732 31 6.5
    endloop
  endfacet
  facet normal 0 0 1
    outer loop
      vertex 33.4142 33.4142 6.5
      vertex 33.5867 30.7825 6.5
      vertex 33.5867 33.2175 6.5
    endloop
  endfacet
  facet normal 0 0 1
    outer loop
      vertex 33.4142 33.4142 6.5
      vertex 33.4142 30.5858 6.5
      vertex 33.5867 30.7825 6.5
    endloop
  endfacet
  facet normal 0 0 1
    outer loop
      vertex 33.2175 33.5867 6.5
      vertex 33.4142 30.5858 6.5
      vertex 33.4142 33.4142 6.5
    endloop
  endfacet
  facet normal 0 0 1
    outer loop
      vertex 33.2175 33.5867 6.5
      vertex 33.2175 30.4133 6.5
      vertex 33.4142 30.5858 6.5
    endloop
  endfacet
  facet normal 0 0 1
    outer loop
      vertex 33 33.732 6.5
      vertex 33.2175 30.4133 6.5
      vertex 33.2175 33.5867 6.5
    endloop
  endfacet
  facet normal 0 0 1
    outer loop
      vertex 33 33.732 6.5
      vertex 33 30.2679 6.5
      vertex 33.2175 30.4133 6.5
    endloop
  endfacet
  facet normal 0 0 1
    outer loop
      vertex 32.7654 33.8478 6.5
      vertex 33 30.2679 6.5
      vertex 33 33.732 6.5
    endloop
  endfacet
  facet normal 0 0 1
    outer loop
      vertex 32.7654 33.8478 6.5
      vertex 32.7654 30.1522 6.5
      vertex 33 30.2679 6.5
    endloop
  endfacet
  facet normal 0 0 1
    outer loop
      vertex 32.5176 33.9319 6.5
      vertex 32.7654 30.1522 6.5
      vertex 32.7654 33.8478 6.5
    endloop
  endfacet
  facet normal 0 0 1
    outer loop
      vertex 32.5176 33.9319 6.5
      vertex 32.5176 30.0681 6.5
      vertex 32.7654 30.1522 6.5
    endloop
  endfacet
  facet normal 0 0 1
    outer loop
      vertex 32.2611 33.9829 6.5
      vertex 32.5176 30.0681 6.5
      vertex 32.5176 33.9319 6.5
    endloop
  endfacet
  facet normal 0 0 1
    outer loop
      vertex 32.2611 33.9829 6.5
      vertex 32.2611 30.0171 6.5
      vertex 32.5176 30.0681 6.5
    endloop
  endfacet
  facet normal 0 0 1
    outer loop
      vertex 32 34 6.5
      vertex 32.2611 30.0171 6.5
      vertex 32.2611 33.9829 6.5
    endloop
  endfacet
  facet normal 0 0 1
    outer loop
      vertex 32 34 6.5
      vertex 32 30 6.5
      vertex 32.2611 30.0171 6.5
    endloop
  endfacet
  facet normal -0 0 1
    outer loop
      vertex 31.7389 33.9829 6.5
      vertex 32 30 6.5
      vertex 32 34 6.5
    endloop
  endfacet
  facet normal 0 0 1
    outer loop
      vertex 31.7389 33.9829 6.5
      vertex 31.7389 30.0171 6.5
      vertex 32 30 6.5
    endloop
  endfacet
  facet normal -0 0 1
    outer loop
      vertex 31.4824 33.9319 6.5
      vertex 31.7389 30.0171 6.5
      vertex 31.7389 33.9829 6.5
    endloop
  endfacet
  facet normal 0 0 1
    outer loop
      vertex 31.4824 33.9319 6.5
      vertex 31.4824 30.0681 6.5
      vertex 31.7389 30.0171 6.5
    endloop
  endfacet
  facet normal -0 0 1
    outer loop
      vertex 31.2346 33.8478 6.5
      vertex 31.4824 30.0681 6.5
      vertex 31.4824 33.9319 6.5
    endloop
  endfacet
  facet normal 0 0 1
    outer loop
      vertex 31.2346 33.8478 6.5
      vertex 31.2346 30.1522 6.5
      vertex 31.4824 30.0681 6.5
    endloop
  endfacet
  facet normal -0 0 1
    outer loop
      vertex 31 33.732 6.5
      vertex 31.2346 30.1522 6.5
      vertex 31.2346 33.8478 6.5
    endloop
  endfacet
  facet normal 0 0 1
    outer loop
      vertex 31 33.732 6.5
      vertex 31 30.2679 6.5
      vertex 31.2346 30.1522 6.5
    endloop
  endfacet
  facet normal -0 0 1
    outer loop
      vertex 30.7825 33.5867 6.5
      vertex 31 30.2679 6.5
      vertex 31 33.732 6.5
    endloop
  endfacet
  facet normal 0 0 1
    outer loop
      vertex 30.7825 33.5867 6.5
      vertex 30.7825 30.4133 6.5
      vertex 31 30.2679 6.5
    endloop
  endfacet
  facet normal -0 0 1
    outer loop
      vertex 30.5858 33.4142 6.5
      vertex 30.7825 30.4133 6.5
      vertex 30.7825 33.5867 6.5
    endloop
  endfacet
  facet normal 0 0 1
    outer loop
      vertex 30.5858 33.4142 6.5
      vertex 30.5858 30.5858 6.5
      vertex 30.7825 30.4133 6.5
    endloop
  endfacet
  facet normal -0 0 1
    outer loop
      vertex 30.4133 33.2175 6.5
      vertex 30.5858 30.5858 6.5
      vertex 30.5858 33.4142 6.5
    endloop
  endfacet
  facet normal 0 0 1
    outer loop
      vertex 30.4133 33.2175 6.5
      vertex 30.4133 30.7825 6.5
      vertex 30.5858 30.5858 6.5
    endloop
  endfacet
  facet normal -0 0 1
    outer loop
      vertex 30.2679 33 6.5
      vertex 30.4133 30.7825 6.5
      vertex 30.4133 33.2175 6.5
    endloop
  endfacet
  facet normal 0 0 1
    outer loop
      vertex 30.2679 33 6.5
      vertex 30.2679 31 6.5
      vertex 30.4133 30.7825 6.5
    endloop
  endfacet
  facet normal -0 0 1
    outer loop
      vertex 30.1522 32.7654 6.5
      vertex 30.2679 31 6.5
      vertex 30.2679 33 6.5
    endloop
  endfacet
  facet normal 0 0 1
    outer loop
      vertex 30.1522 32.7654 6.5
      vertex 30.1522 31.2346 6.5
      vertex 30.2679 31 6.5
    endloop
  endfacet
  facet normal -0 0 1
    outer loop
      vertex 30.0681 32.5176 6.5
      vertex 30.1522 31.2346 6.5
      vertex 30.1522 32.7654 6.5
    endloop
  endfacet
  facet normal 0 0 1
    outer loop
      vertex 30.0681 32.5176 6.5
      vertex 30.0681 31.4824 6.5
      vertex 30.1522 31.2346 6.5
    endloop
  endfacet
  facet normal -0 0 1
    outer loop
      vertex 30.0171 32.2611 6.5
      vertex 30.0681 31.4824 6.5
      vertex 30.0681 32.5176 6.5
    endloop
  endfacet
  facet normal 0 0 1
    outer loop
      vertex 30.0171 32.2611 6.5
      vertex 30.0171 31.7389 6.5
      vertex 30.0681 31.4824 6.5
    endloop
  endfacet
  facet normal 0 -0 1
    outer loop
      vertex 30.0171 31.7389 6.5
      vertex 30.0171 32.2611 6.5
      vertex 30 32 6.5
    endloop
  endfacet
  facet normal -0.321382 0.94695 0
    outer loop
      vertex 31.4824 33.9319 0
      vertex 31.2346 33.8478 6.5
      vertex 31.4824 33.9319 6.5
    endloop
  endfacet
  facet normal -0.321382 0.94695 0
    outer loop
      vertex 31.2346 33.8478 6.5
      vertex 31.4824 33.9319 0
      vertex 31.2346 33.8478 0
    endloop
  endfacet
  facet normal 0.659343 -0.751842 0
    outer loop
      vertex 33.2175 30.4133 0
      vertex 33.4142 30.5858 6.5
      vertex 33.2175 30.4133 6.5
    endloop
  endfacet
  facet normal 0.659343 -0.751842 0
    outer loop
      vertex 33.4142 30.5858 6.5
      vertex 33.2175 30.4133 0
      vertex 33.4142 30.5858 0
    endloop
  endfacet
  facet normal 0.94695 -0.321382 0
    outer loop
      vertex 33.8478 31.2346 6.5
      vertex 33.9319 31.4824 0
      vertex 33.9319 31.4824 6.5
    endloop
  endfacet
  facet normal 0.94695 -0.321382 0
    outer loop
      vertex 33.9319 31.4824 0
      vertex 33.8478 31.2346 6.5
      vertex 33.8478 31.2346 0
    endloop
  endfacet
  facet normal 0.831521 -0.555494 0
    outer loop
      vertex 33.5867 30.7825 6.5
      vertex 33.732 31 0
      vertex 33.732 31 6.5
    endloop
  endfacet
  facet normal 0.831521 -0.555494 0
    outer loop
      vertex 33.732 31 0
      vertex 33.5867 30.7825 6.5
      vertex 33.5867 30.7825 0
    endloop
  endfacet
  facet normal 0.896709 -0.442621 0
    outer loop
      vertex 33.732 31 6.5
      vertex 33.8478 31.2346 0
      vertex 33.8478 31.2346 6.5
    endloop
  endfacet
  facet normal 0.896709 -0.442621 0
    outer loop
      vertex 33.8478 31.2346 0
      vertex 33.732 31 6.5
      vertex 33.732 31 0
    endloop
  endfacet
  facet normal -0.555758 -0.831344 0
    outer loop
      vertex 30.7825 30.4133 0
      vertex 31 30.2679 6.5
      vertex 30.7825 30.4133 6.5
    endloop
  endfacet
  facet normal -0.555758 -0.831344 -0
    outer loop
      vertex 31 30.2679 6.5
      vertex 30.7825 30.4133 0
      vertex 31 30.2679 0
    endloop
  endfacet
  facet normal -0.442314 -0.89686 0
    outer loop
      vertex 31 30.2679 0
      vertex 31.2346 30.1522 6.5
      vertex 31 30.2679 6.5
    endloop
  endfacet
  facet normal -0.442314 -0.89686 -0
    outer loop
      vertex 31.2346 30.1522 6.5
      vertex 31 30.2679 0
      vertex 31.2346 30.1522 0
    endloop
  endfacet
  facet normal -0.0653521 -0.997862 0
    outer loop
      vertex 31.7389 30.0171 0
      vertex 32 30 6.5
      vertex 31.7389 30.0171 6.5
    endloop
  endfacet
  facet normal -0.0653521 -0.997862 -0
    outer loop
      vertex 32 30 6.5
      vertex 31.7389 30.0171 0
      vertex 32 30 0
    endloop
  endfacet
  facet normal -0.659343 -0.751842 0
    outer loop
      vertex 30.5858 30.5858 0
      vertex 30.7825 30.4133 6.5
      vertex 30.5858 30.5858 6.5
    endloop
  endfacet
  facet normal -0.659343 -0.751842 -0
    outer loop
      vertex 30.7825 30.4133 6.5
      vertex 30.5858 30.5858 0
      vertex 30.7825 30.4133 0
    endloop
  endfacet
  facet normal 0.751842 0.659343 0
    outer loop
      vertex 33.5867 33.2175 6.5
      vertex 33.4142 33.4142 0
      vertex 33.4142 33.4142 6.5
    endloop
  endfacet
  facet normal 0.751842 0.659343 0
    outer loop
      vertex 33.4142 33.4142 0
      vertex 33.5867 33.2175 6.5
      vertex 33.5867 33.2175 0
    endloop
  endfacet
  facet normal 0.195013 0.980801 -0
    outer loop
      vertex 32.5176 33.9319 0
      vertex 32.2611 33.9829 6.5
      vertex 32.5176 33.9319 6.5
    endloop
  endfacet
  facet normal 0.195013 0.980801 0
    outer loop
      vertex 32.2611 33.9829 6.5
      vertex 32.5176 33.9319 0
      vertex 32.2611 33.9829 0
    endloop
  endfacet
  facet normal 0.442621 0.896709 -0
    outer loop
      vertex 33 33.732 0
      vertex 32.7654 33.8478 6.5
      vertex 33 33.732 6.5
    endloop
  endfacet
  facet normal 0.442621 0.896709 0
    outer loop
      vertex 32.7654 33.8478 6.5
      vertex 33 33.732 0
      vertex 32.7654 33.8478 0
    endloop
  endfacet
  facet normal -0.997862 -0.0653521 0
    outer loop
      vertex 30.0171 31.7389 0
      vertex 30 32 6.5
      vertex 30 32 0
    endloop
  endfacet
  facet normal -0.997862 -0.0653521 0
    outer loop
      vertex 30 32 6.5
      vertex 30.0171 31.7389 0
      vertex 30.0171 31.7389 6.5
    endloop
  endfacet
  facet normal -0.659343 0.751842 0
    outer loop
      vertex 30.7825 33.5867 0
      vertex 30.5858 33.4142 6.5
      vertex 30.7825 33.5867 6.5
    endloop
  endfacet
  facet normal -0.659343 0.751842 0
    outer loop
      vertex 30.5858 33.4142 6.5
      vertex 30.7825 33.5867 0
      vertex 30.5858 33.4142 0
    endloop
  endfacet
  facet normal 0.997862 -0.0653521 0
    outer loop
      vertex 33.9829 31.7389 6.5
      vertex 34 32 0
      vertex 34 32 6.5
    endloop
  endfacet
  facet normal 0.997862 -0.0653521 0
    outer loop
      vertex 34 32 0
      vertex 33.9829 31.7389 6.5
      vertex 33.9829 31.7389 0
    endloop
  endfacet
  facet normal 0.442314 -0.89686 0
    outer loop
      vertex 32.7654 30.1522 0
      vertex 33 30.2679 6.5
      vertex 32.7654 30.1522 6.5
    endloop
  endfacet
  facet normal 0.442314 -0.89686 0
    outer loop
      vertex 33 30.2679 6.5
      vertex 32.7654 30.1522 0
      vertex 33 30.2679 0
    endloop
  endfacet
  facet normal 0.0653521 -0.997862 0
    outer loop
      vertex 32 30 0
      vertex 32.2611 30.0171 6.5
      vertex 32 30 6.5
    endloop
  endfacet
  facet normal 0.0653521 -0.997862 0
    outer loop
      vertex 32.2611 30.0171 6.5
      vertex 32 30 0
      vertex 32.2611 30.0171 0
    endloop
  endfacet
  facet normal -0.89686 -0.442314 0
    outer loop
      vertex 30.2679 31 0
      vertex 30.1522 31.2346 6.5
      vertex 30.1522 31.2346 0
    endloop
  endfacet
  facet normal -0.89686 -0.442314 0
    outer loop
      vertex 30.1522 31.2346 6.5
      vertex 30.2679 31 0
      vertex 30.2679 31 6.5
    endloop
  endfacet
  facet normal 0.997862 0.0653521 0
    outer loop
      vertex 42 32 6.5
      vertex 41.9829 32.2611 0
      vertex 41.9829 32.2611 6.5
    endloop
  endfacet
  facet normal 0.997862 0.0653521 0
    outer loop
      vertex 41.9829 32.2611 0
      vertex 42 32 6.5
      vertex 42 32 0
    endloop
  endfacet
  facet normal -0.0653521 0.997862 0
    outer loop
      vertex 40 34 0
      vertex 39.7389 33.9829 6.5
      vertex 40 34 6.5
    endloop
  endfacet
  facet normal -0.0653521 0.997862 0
    outer loop
      vertex 39.7389 33.9829 6.5
      vertex 40 34 0
      vertex 39.7389 33.9829 0
    endloop
  endfacet
  facet normal 0.659343 0.751842 -0
    outer loop
      vertex 41.4142 33.4142 0
      vertex 41.2175 33.5867 6.5
      vertex 41.4142 33.4142 6.5
    endloop
  endfacet
  facet normal 0.659343 0.751842 0
    outer loop
      vertex 41.2175 33.5867 6.5
      vertex 41.4142 33.4142 0
      vertex 41.2175 33.5867 0
    endloop
  endfacet
  facet normal -0.751842 0.659343 0
    outer loop
      vertex 38.4133 33.2175 0
      vertex 38.5858 33.4142 6.5
      vertex 38.5858 33.4142 0
    endloop
  endfacet
  facet normal -0.751842 0.659343 0
    outer loop
      vertex 38.5858 33.4142 6.5
      vertex 38.4133 33.2175 0
      vertex 38.4133 33.2175 6.5
    endloop
  endfacet
  facet normal -0.442621 0.896709 0
    outer loop
      vertex 39.2346 33.8478 0
      vertex 39 33.732 6.5
      vertex 39.2346 33.8478 6.5
    endloop
  endfacet
  facet normal -0.442621 0.896709 0
    outer loop
      vertex 39 33.732 6.5
      vertex 39.2346 33.8478 0
      vertex 39 33.732 0
    endloop
  endfacet
  facet normal -0.94695 -0.321382 0
    outer loop
      vertex 38.1522 31.2346 0
      vertex 38.0681 31.4824 6.5
      vertex 38.0681 31.4824 0
    endloop
  endfacet
  facet normal -0.94695 -0.321382 0
    outer loop
      vertex 38.0681 31.4824 6.5
      vertex 38.1522 31.2346 0
      vertex 38.1522 31.2346 6.5
    endloop
  endfacet
  facet normal 0.896709 0.442621 0
    outer loop
      vertex 41.8478 32.7654 6.5
      vertex 41.732 33 0
      vertex 41.732 33 6.5
    endloop
  endfacet
  facet normal 0.896709 0.442621 0
    outer loop
      vertex 41.732 33 0
      vertex 41.8478 32.7654 6.5
      vertex 41.8478 32.7654 0
    endloop
  endfacet
  facet normal 0.980801 0.195013 0
    outer loop
      vertex 41.9829 32.2611 6.5
      vertex 41.9319 32.5176 0
      vertex 41.9319 32.5176 6.5
    endloop
  endfacet
  facet normal 0.980801 0.195013 0
    outer loop
      vertex 41.9319 32.5176 0
      vertex 41.9829 32.2611 6.5
      vertex 41.9829 32.2611 0
    endloop
  endfacet
  facet normal 0.831521 0.555494 0
    outer loop
      vertex 41.732 33 6.5
      vertex 41.5867 33.2175 0
      vertex 41.5867 33.2175 6.5
    endloop
  endfacet
  facet normal 0.831521 0.555494 0
    outer loop
      vertex 41.5867 33.2175 0
      vertex 41.732 33 6.5
      vertex 41.732 33 0
    endloop
  endfacet
  facet normal 0.321382 0.94695 -0
    outer loop
      vertex 40.7654 33.8478 0
      vertex 40.5176 33.9319 6.5
      vertex 40.7654 33.8478 6.5
    endloop
  endfacet
  facet normal 0.321382 0.94695 0
    outer loop
      vertex 40.5176 33.9319 6.5
      vertex 40.7654 33.8478 0
      vertex 40.5176 33.9319 0
    endloop
  endfacet
  facet normal 0.555494 0.831521 -0
    outer loop
      vertex 41.2175 33.5867 0
      vertex 41 33.732 6.5
      vertex 41.2175 33.5867 6.5
    endloop
  endfacet
  facet normal 0.555494 0.831521 0
    outer loop
      vertex 41 33.732 6.5
      vertex 41.2175 33.5867 0
      vertex 41 33.732 0
    endloop
  endfacet
  facet normal -0.89686 0.442314 0
    outer loop
      vertex 38.1522 32.7654 0
      vertex 38.2679 33 6.5
      vertex 38.2679 33 0
    endloop
  endfacet
  facet normal -0.89686 0.442314 0
    outer loop
      vertex 38.2679 33 6.5
      vertex 38.1522 32.7654 0
      vertex 38.1522 32.7654 6.5
    endloop
  endfacet
  facet normal -0.831344 0.555758 0
    outer loop
      vertex 38.2679 33 0
      vertex 38.4133 33.2175 6.5
      vertex 38.4133 33.2175 0
    endloop
  endfacet
  facet normal -0.831344 0.555758 0
    outer loop
      vertex 38.4133 33.2175 6.5
      vertex 38.2679 33 0
      vertex 38.2679 33 6.5
    endloop
  endfacet
  facet normal -0.980801 0.195013 0
    outer loop
      vertex 38.0171 32.2611 0
      vertex 38.0681 32.5176 6.5
      vertex 38.0681 32.5176 0
    endloop
  endfacet
  facet normal -0.980801 0.195013 0
    outer loop
      vertex 38.0681 32.5176 6.5
      vertex 38.0171 32.2611 0
      vertex 38.0171 32.2611 6.5
    endloop
  endfacet
  facet normal -0.555494 0.831521 0
    outer loop
      vertex 39 33.732 0
      vertex 38.7825 33.5867 6.5
      vertex 39 33.732 6.5
    endloop
  endfacet
  facet normal -0.555494 0.831521 0
    outer loop
      vertex 38.7825 33.5867 6.5
      vertex 39 33.732 0
      vertex 38.7825 33.5867 0
    endloop
  endfacet
  facet normal -0.195013 0.980801 0
    outer loop
      vertex 39.7389 33.9829 0
      vertex 39.4824 33.9319 6.5
      vertex 39.7389 33.9829 6.5
    endloop
  endfacet
  facet normal -0.195013 0.980801 0
    outer loop
      vertex 39.4824 33.9319 6.5
      vertex 39.7389 33.9829 0
      vertex 39.4824 33.9319 0
    endloop
  endfacet
  facet normal 0.321382 -0.94695 0
    outer loop
      vertex 40.5176 30.0681 0
      vertex 40.7654 30.1522 6.5
      vertex 40.5176 30.0681 6.5
    endloop
  endfacet
  facet normal 0.321382 -0.94695 0
    outer loop
      vertex 40.7654 30.1522 6.5
      vertex 40.5176 30.0681 0
      vertex 40.7654 30.1522 0
    endloop
  endfacet
  facet normal 0.195013 -0.980801 0
    outer loop
      vertex 40.2611 30.0171 0
      vertex 40.5176 30.0681 6.5
      vertex 40.2611 30.0171 6.5
    endloop
  endfacet
  facet normal 0.195013 -0.980801 0
    outer loop
      vertex 40.5176 30.0681 6.5
      vertex 40.2611 30.0171 0
      vertex 40.5176 30.0681 0
    endloop
  endfacet
  facet normal 0.751842 -0.659343 0
    outer loop
      vertex 41.4142 30.5858 6.5
      vertex 41.5867 30.7825 0
      vertex 41.5867 30.7825 6.5
    endloop
  endfacet
  facet normal 0.751842 -0.659343 0
    outer loop
      vertex 41.5867 30.7825 0
      vertex 41.4142 30.5858 6.5
      vertex 41.4142 30.5858 0
    endloop
  endfacet
  facet normal 0.555758 -0.831344 0
    outer loop
      vertex 41 30.2679 0
      vertex 41.2175 30.4133 6.5
      vertex 41 30.2679 6.5
    endloop
  endfacet
  facet normal 0.555758 -0.831344 0
    outer loop
      vertex 41.2175 30.4133 6.5
      vertex 41 30.2679 0
      vertex 41.2175 30.4133 0
    endloop
  endfacet
  facet normal 0.980801 -0.195013 0
    outer loop
      vertex 41.9319 31.4824 6.5
      vertex 41.9829 31.7389 0
      vertex 41.9829 31.7389 6.5
    endloop
  endfacet
  facet normal 0.980801 -0.195013 0
    outer loop
      vertex 41.9829 31.7389 0
      vertex 41.9319 31.4824 6.5
      vertex 41.9319 31.4824 0
    endloop
  endfacet
  facet normal -0.321382 -0.94695 0
    outer loop
      vertex 39.2346 30.1522 0
      vertex 39.4824 30.0681 6.5
      vertex 39.2346 30.1522 6.5
    endloop
  endfacet
  facet normal -0.321382 -0.94695 -0
    outer loop
      vertex 39.4824 30.0681 6.5
      vertex 39.2346 30.1522 0
      vertex 39.4824 30.0681 0
    endloop
  endfacet
  facet normal -0.195013 -0.980801 0
    outer loop
      vertex 39.4824 30.0681 0
      vertex 39.7389 30.0171 6.5
      vertex 39.4824 30.0681 6.5
    endloop
  endfacet
  facet normal -0.195013 -0.980801 -0
    outer loop
      vertex 39.7389 30.0171 6.5
      vertex 39.4824 30.0681 0
      vertex 39.7389 30.0171 0
    endloop
  endfacet
  facet normal -0.831344 -0.555758 0
    outer loop
      vertex 38.4133 30.7825 0
      vertex 38.2679 31 6.5
      vertex 38.2679 31 0
    endloop
  endfacet
  facet normal -0.831344 -0.555758 0
    outer loop
      vertex 38.2679 31 6.5
      vertex 38.4133 30.7825 0
      vertex 38.4133 30.7825 6.5
    endloop
  endfacet
  facet normal -0.751842 -0.659343 0
    outer loop
      vertex 38.5858 30.5858 0
      vertex 38.4133 30.7825 6.5
      vertex 38.4133 30.7825 0
    endloop
  endfacet
  facet normal -0.751842 -0.659343 0
    outer loop
      vertex 38.4133 30.7825 6.5
      vertex 38.5858 30.5858 0
      vertex 38.5858 30.5858 6.5
    endloop
  endfacet
  facet normal -0.980801 -0.195013 0
    outer loop
      vertex 38.0681 31.4824 0
      vertex 38.0171 31.7389 6.5
      vertex 38.0171 31.7389 0
    endloop
  endfacet
  facet normal -0.980801 -0.195013 0
    outer loop
      vertex 38.0171 31.7389 6.5
      vertex 38.0681 31.4824 0
      vertex 38.0681 31.4824 6.5
    endloop
  endfacet
  facet normal 0.94695 0.321382 0
    outer loop
      vertex 41.9319 32.5176 6.5
      vertex 41.8478 32.7654 0
      vertex 41.8478 32.7654 6.5
    endloop
  endfacet
  facet normal 0.94695 0.321382 0
    outer loop
      vertex 41.8478 32.7654 0
      vertex 41.9319 32.5176 6.5
      vertex 41.9319 32.5176 0
    endloop
  endfacet
  facet normal 0.751842 0.659343 0
    outer loop
      vertex 41.5867 33.2175 6.5
      vertex 41.4142 33.4142 0
      vertex 41.4142 33.4142 6.5
    endloop
  endfacet
  facet normal 0.751842 0.659343 0
    outer loop
      vertex 41.4142 33.4142 0
      vertex 41.5867 33.2175 6.5
      vertex 41.5867 33.2175 0
    endloop
  endfacet
  facet normal 0.195013 0.980801 -0
    outer loop
      vertex 40.5176 33.9319 0
      vertex 40.2611 33.9829 6.5
      vertex 40.5176 33.9319 6.5
    endloop
  endfacet
  facet normal 0.195013 0.980801 0
    outer loop
      vertex 40.2611 33.9829 6.5
      vertex 40.5176 33.9319 0
      vertex 40.2611 33.9829 0
    endloop
  endfacet
  facet normal 0.0653521 0.997862 -0
    outer loop
      vertex 40.2611 33.9829 0
      vertex 40 34 6.5
      vertex 40.2611 33.9829 6.5
    endloop
  endfacet
  facet normal 0.0653521 0.997862 0
    outer loop
      vertex 40 34 6.5
      vertex 40.2611 33.9829 0
      vertex 40 34 0
    endloop
  endfacet
  facet normal 0.442621 0.896709 -0
    outer loop
      vertex 41 33.732 0
      vertex 40.7654 33.8478 6.5
      vertex 41 33.732 6.5
    endloop
  endfacet
  facet normal 0.442621 0.896709 0
    outer loop
      vertex 40.7654 33.8478 6.5
      vertex 41 33.732 0
      vertex 40.7654 33.8478 0
    endloop
  endfacet
  facet normal 0 0 -1
    outer loop
      vertex 41.9829 31.7389 0
      vertex 41.9829 32.2611 0
      vertex 42 32 0
    endloop
  endfacet
  facet normal 0 0 -1
    outer loop
      vertex 41.9319 31.4824 0
      vertex 41.9829 32.2611 0
      vertex 41.9829 31.7389 0
    endloop
  endfacet
  facet normal 0 0 -1
    outer loop
      vertex 41.9319 31.4824 0
      vertex 41.9319 32.5176 0
      vertex 41.9829 32.2611 0
    endloop
  endfacet
  facet normal 0 0 -1
    outer loop
      vertex 41.8478 31.2346 0
      vertex 41.9319 32.5176 0
      vertex 41.9319 31.4824 0
    endloop
  endfacet
  facet normal 0 0 -1
    outer loop
      vertex 41.8478 31.2346 0
      vertex 41.8478 32.7654 0
      vertex 41.9319 32.5176 0
    endloop
  endfacet
  facet normal 0 0 -1
    outer loop
      vertex 41.732 31 0
      vertex 41.8478 32.7654 0
      vertex 41.8478 31.2346 0
    endloop
  endfacet
  facet normal 0 0 -1
    outer loop
      vertex 41.732 31 0
      vertex 41.732 33 0
      vertex 41.8478 32.7654 0
    endloop
  endfacet
  facet normal 0 0 -1
    outer loop
      vertex 41.5867 30.7825 0
      vertex 41.732 33 0
      vertex 41.732 31 0
    endloop
  endfacet
  facet normal 0 0 -1
    outer loop
      vertex 41.5867 30.7825 0
      vertex 41.5867 33.2175 0
      vertex 41.732 33 0
    endloop
  endfacet
  facet normal 0 0 -1
    outer loop
      vertex 41.4142 30.5858 0
      vertex 41.5867 33.2175 0
      vertex 41.5867 30.7825 0
    endloop
  endfacet
  facet normal 0 0 -1
    outer loop
      vertex 41.4142 30.5858 0
      vertex 41.4142 33.4142 0
      vertex 41.5867 33.2175 0
    endloop
  endfacet
  facet normal 0 0 -1
    outer loop
      vertex 41.2175 30.4133 0
      vertex 41.4142 33.4142 0
      vertex 41.4142 30.5858 0
    endloop
  endfacet
  facet normal 0 0 -1
    outer loop
      vertex 41.2175 30.4133 0
      vertex 41.2175 33.5867 0
      vertex 41.4142 33.4142 0
    endloop
  endfacet
  facet normal 0 0 -1
    outer loop
      vertex 41 30.2679 0
      vertex 41.2175 33.5867 0
      vertex 41.2175 30.4133 0
    endloop
  endfacet
  facet normal 0 0 -1
    outer loop
      vertex 41 30.2679 0
      vertex 41 33.732 0
      vertex 41.2175 33.5867 0
    endloop
  endfacet
  facet normal 0 0 -1
    outer loop
      vertex 40.7654 30.1522 0
      vertex 41 33.732 0
      vertex 41 30.2679 0
    endloop
  endfacet
  facet normal 0 0 -1
    outer loop
      vertex 40.7654 30.1522 0
      vertex 40.7654 33.8478 0
      vertex 41 33.732 0
    endloop
  endfacet
  facet normal 0 0 -1
    outer loop
      vertex 40.5176 30.0681 0
      vertex 40.7654 33.8478 0
      vertex 40.7654 30.1522 0
    endloop
  endfacet
  facet normal 0 0 -1
    outer loop
      vertex 40.5176 30.0681 0
      vertex 40.5176 33.9319 0
      vertex 40.7654 33.8478 0
    endloop
  endfacet
  facet normal 0 0 -1
    outer loop
      vertex 40.2611 30.0171 0
      vertex 40.5176 33.9319 0
      vertex 40.5176 30.0681 0
    endloop
  endfacet
  facet normal 0 0 -1
    outer loop
      vertex 40.2611 30.0171 0
      vertex 40.2611 33.9829 0
      vertex 40.5176 33.9319 0
    endloop
  endfacet
  facet normal 0 0 -1
    outer loop
      vertex 40 30 0
      vertex 40.2611 33.9829 0
      vertex 40.2611 30.0171 0
    endloop
  endfacet
  facet normal 0 0 -1
    outer loop
      vertex 40 30 0
      vertex 40 34 0
      vertex 40.2611 33.9829 0
    endloop
  endfacet
  facet normal 0 0 -1
    outer loop
      vertex 39.7389 30.0171 0
      vertex 40 34 0
      vertex 40 30 0
    endloop
  endfacet
  facet normal 0 0 -1
    outer loop
      vertex 39.7389 30.0171 0
      vertex 39.7389 33.9829 0
      vertex 40 34 0
    endloop
  endfacet
  facet normal 0 0 -1
    outer loop
      vertex 39.4824 30.0681 0
      vertex 39.7389 33.9829 0
      vertex 39.7389 30.0171 0
    endloop
  endfacet
  facet normal 0 0 -1
    outer loop
      vertex 39.4824 30.0681 0
      vertex 39.4824 33.9319 0
      vertex 39.7389 33.9829 0
    endloop
  endfacet
  facet normal 0 0 -1
    outer loop
      vertex 39.2346 30.1522 0
      vertex 39.4824 33.9319 0
      vertex 39.4824 30.0681 0
    endloop
  endfacet
  facet normal 0 0 -1
    outer loop
      vertex 39.2346 30.1522 0
      vertex 39.2346 33.8478 0
      vertex 39.4824 33.9319 0
    endloop
  endfacet
  facet normal 0 0 -1
    outer loop
      vertex 39 30.2679 0
      vertex 39.2346 33.8478 0
      vertex 39.2346 30.1522 0
    endloop
  endfacet
  facet normal 0 0 -1
    outer loop
      vertex 39 30.2679 0
      vertex 39 33.732 0
      vertex 39.2346 33.8478 0
    endloop
  endfacet
  facet normal 0 0 -1
    outer loop
      vertex 38.7825 30.4133 0
      vertex 39 33.732 0
      vertex 39 30.2679 0
    endloop
  endfacet
  facet normal 0 0 -1
    outer loop
      vertex 38.7825 30.4133 0
      vertex 38.7825 33.5867 0
      vertex 39 33.732 0
    endloop
  endfacet
  facet normal 0 0 -1
    outer loop
      vertex 38.5858 30.5858 0
      vertex 38.7825 33.5867 0
      vertex 38.7825 30.4133 0
    endloop
  endfacet
  facet normal 0 0 -1
    outer loop
      vertex 38.5858 30.5858 0
      vertex 38.5858 33.4142 0
      vertex 38.7825 33.5867 0
    endloop
  endfacet
  facet normal 0 0 -1
    outer loop
      vertex 38.4133 30.7825 0
      vertex 38.5858 33.4142 0
      vertex 38.5858 30.5858 0
    endloop
  endfacet
  facet normal 0 0 -1
    outer loop
      vertex 38.4133 30.7825 0
      vertex 38.4133 33.2175 0
      vertex 38.5858 33.4142 0
    endloop
  endfacet
  facet normal 0 0 -1
    outer loop
      vertex 38.2679 31 0
      vertex 38.4133 33.2175 0
      vertex 38.4133 30.7825 0
    endloop
  endfacet
  facet normal 0 0 -1
    outer loop
      vertex 38.2679 31 0
      vertex 38.2679 33 0
      vertex 38.4133 33.2175 0
    endloop
  endfacet
  facet normal 0 0 -1
    outer loop
      vertex 38.1522 31.2346 0
      vertex 38.2679 33 0
      vertex 38.2679 31 0
    endloop
  endfacet
  facet normal 0 0 -1
    outer loop
      vertex 38.1522 31.2346 0
      vertex 38.1522 32.7654 0
      vertex 38.2679 33 0
    endloop
  endfacet
  facet normal 0 0 -1
    outer loop
      vertex 38.0681 31.4824 0
      vertex 38.1522 32.7654 0
      vertex 38.1522 31.2346 0
    endloop
  endfacet
  facet normal 0 0 -1
    outer loop
      vertex 38.0681 31.4824 0
      vertex 38.0681 32.5176 0
      vertex 38.1522 32.7654 0
    endloop
  endfacet
  facet normal 0 0 -1
    outer loop
      vertex 38.0171 31.7389 0
      vertex 38.0681 32.5176 0
      vertex 38.0681 31.4824 0
    endloop
  endfacet
  facet normal 0 0 -1
    outer loop
      vertex 38.0171 31.7389 0
      vertex 38.0171 32.2611 0
      vertex 38.0681 32.5176 0
    endloop
  endfacet
  facet normal 0 -0 -1
    outer loop
      vertex 38.0171 32.2611 0
      vertex 38.0171 31.7389 0
      vertex 38 32 0
    endloop
  endfacet
  facet normal -0.94695 0.321382 0
    outer loop
      vertex 38.0681 32.5176 0
      vertex 38.1522 32.7654 6.5
      vertex 38.1522 32.7654 0
    endloop
  endfacet
  facet normal -0.94695 0.321382 0
    outer loop
      vertex 38.1522 32.7654 6.5
      vertex 38.0681 32.5176 0
      vertex 38.0681 32.5176 6.5
    endloop
  endfacet
  facet normal -0.997862 0.0653521 0
    outer loop
      vertex 38 32 0
      vertex 38.0171 32.2611 6.5
      vertex 38.0171 32.2611 0
    endloop
  endfacet
  facet normal -0.997862 0.0653521 0
    outer loop
      vertex 38.0171 32.2611 6.5
      vertex 38 32 0
      vertex 38 32 6.5
    endloop
  endfacet
  facet normal 0 0 1
    outer loop
      vertex 41.9829 32.2611 6.5
      vertex 41.9829 31.7389 6.5
      vertex 42 32 6.5
    endloop
  endfacet
  facet normal 0 0 1
    outer loop
      vertex 41.9319 32.5176 6.5
      vertex 41.9829 31.7389 6.5
      vertex 41.9829 32.2611 6.5
    endloop
  endfacet
  facet normal 0 0 1
    outer loop
      vertex 41.9319 32.5176 6.5
      vertex 41.9319 31.4824 6.5
      vertex 41.9829 31.7389 6.5
    endloop
  endfacet
  facet normal 0 0 1
    outer loop
      vertex 41.8478 32.7654 6.5
      vertex 41.9319 31.4824 6.5
      vertex 41.9319 32.5176 6.5
    endloop
  endfacet
  facet normal 0 0 1
    outer loop
      vertex 41.8478 32.7654 6.5
      vertex 41.8478 31.2346 6.5
      vertex 41.9319 31.4824 6.5
    endloop
  endfacet
  facet normal 0 0 1
    outer loop
      vertex 41.732 33 6.5
      vertex 41.8478 31.2346 6.5
      vertex 41.8478 32.7654 6.5
    endloop
  endfacet
  facet normal 0 0 1
    outer loop
      vertex 41.732 33 6.5
      vertex 41.732 31 6.5
      vertex 41.8478 31.2346 6.5
    endloop
  endfacet
  facet normal 0 0 1
    outer loop
      vertex 41.5867 33.2175 6.5
      vertex 41.732 31 6.5
      vertex 41.732 33 6.5
    endloop
  endfacet
  facet normal 0 0 1
    outer loop
      vertex 41.5867 33.2175 6.5
      vertex 41.5867 30.7825 6.5
      vertex 41.732 31 6.5
    endloop
  endfacet
  facet normal 0 0 1
    outer loop
      vertex 41.4142 33.4142 6.5
      vertex 41.5867 30.7825 6.5
      vertex 41.5867 33.2175 6.5
    endloop
  endfacet
  facet normal 0 0 1
    outer loop
      vertex 41.4142 33.4142 6.5
      vertex 41.4142 30.5858 6.5
      vertex 41.5867 30.7825 6.5
    endloop
  endfacet
  facet normal 0 0 1
    outer loop
      vertex 41.2175 33.5867 6.5
      vertex 41.4142 30.5858 6.5
      vertex 41.4142 33.4142 6.5
    endloop
  endfacet
  facet normal 0 0 1
    outer loop
      vertex 41.2175 33.5867 6.5
      vertex 41.2175 30.4133 6.5
      vertex 41.4142 30.5858 6.5
    endloop
  endfacet
  facet normal 0 0 1
    outer loop
      vertex 41 33.732 6.5
      vertex 41.2175 30.4133 6.5
      vertex 41.2175 33.5867 6.5
    endloop
  endfacet
  facet normal 0 0 1
    outer loop
      vertex 41 33.732 6.5
      vertex 41 30.2679 6.5
      vertex 41.2175 30.4133 6.5
    endloop
  endfacet
  facet normal 0 0 1
    outer loop
      vertex 40.7654 33.8478 6.5
      vertex 41 30.2679 6.5
      vertex 41 33.732 6.5
    endloop
  endfacet
  facet normal 0 0 1
    outer loop
      vertex 40.7654 33.8478 6.5
      vertex 40.7654 30.1522 6.5
      vertex 41 30.2679 6.5
    endloop
  endfacet
  facet normal 0 0 1
    outer loop
      vertex 40.5176 33.9319 6.5
      vertex 40.7654 30.1522 6.5
      vertex 40.7654 33.8478 6.5
    endloop
  endfacet
  facet normal 0 0 1
    outer loop
      vertex 40.5176 33.9319 6.5
      vertex 40.5176 30.0681 6.5
      vertex 40.7654 30.1522 6.5
    endloop
  endfacet
  facet normal 0 0 1
    outer loop
      vertex 40.2611 33.9829 6.5
      vertex 40.5176 30.0681 6.5
      vertex 40.5176 33.9319 6.5
    endloop
  endfacet
  facet normal 0 0 1
    outer loop
      vertex 40.2611 33.9829 6.5
      vertex 40.2611 30.0171 6.5
      vertex 40.5176 30.0681 6.5
    endloop
  endfacet
  facet normal 0 0 1
    outer loop
      vertex 40 34 6.5
      vertex 40.2611 30.0171 6.5
      vertex 40.2611 33.9829 6.5
    endloop
  endfacet
  facet normal 0 0 1
    outer loop
      vertex 40 34 6.5
      vertex 40 30 6.5
      vertex 40.2611 30.0171 6.5
    endloop
  endfacet
  facet normal -0 0 1
    outer loop
      vertex 39.7389 33.9829 6.5
      vertex 40 30 6.5
      vertex 40 34 6.5
    endloop
  endfacet
  facet normal 0 0 1
    outer loop
      vertex 39.7389 33.9829 6.5
      vertex 39.7389 30.0171 6.5
      vertex 40 30 6.5
    endloop
  endfacet
  facet normal -0 0 1
    outer loop
      vertex 39.4824 33.9319 6.5
      vertex 39.7389 30.0171 6.5
      vertex 39.7389 33.9829 6.5
    endloop
  endfacet
  facet normal 0 0 1
    outer loop
      vertex 39.4824 33.9319 6.5
      vertex 39.4824 30.0681 6.5
      vertex 39.7389 30.0171 6.5
    endloop
  endfacet
  facet normal -0 0 1
    outer loop
      vertex 39.2346 33.8478 6.5
      vertex 39.4824 30.0681 6.5
      vertex 39.4824 33.9319 6.5
    endloop
  endfacet
  facet normal 0 0 1
    outer loop
      vertex 39.2346 33.8478 6.5
      vertex 39.2346 30.1522 6.5
      vertex 39.4824 30.0681 6.5
    endloop
  endfacet
  facet normal -0 0 1
    outer loop
      vertex 39 33.732 6.5
      vertex 39.2346 30.1522 6.5
      vertex 39.2346 33.8478 6.5
    endloop
  endfacet
  facet normal 0 0 1
    outer loop
      vertex 39 33.732 6.5
      vertex 39 30.2679 6.5
      vertex 39.2346 30.1522 6.5
    endloop
  endfacet
  facet normal -0 0 1
    outer loop
      vertex 38.7825 33.5867 6.5
      vertex 39 30.2679 6.5
      vertex 39 33.732 6.5
    endloop
  endfacet
  facet normal 0 0 1
    outer loop
      vertex 38.7825 33.5867 6.5
      vertex 38.7825 30.4133 6.5
      vertex 39 30.2679 6.5
    endloop
  endfacet
  facet normal -0 0 1
    outer loop
      vertex 38.5858 33.4142 6.5
      vertex 38.7825 30.4133 6.5
      vertex 38.7825 33.5867 6.5
    endloop
  endfacet
  facet normal 0 0 1
    outer loop
      vertex 38.5858 33.4142 6.5
      vertex 38.5858 30.5858 6.5
      vertex 38.7825 30.4133 6.5
    endloop
  endfacet
  facet normal -0 0 1
    outer loop
      vertex 38.4133 33.2175 6.5
      vertex 38.5858 30.5858 6.5
      vertex 38.5858 33.4142 6.5
    endloop
  endfacet
  facet normal 0 0 1
    outer loop
      vertex 38.4133 33.2175 6.5
      vertex 38.4133 30.7825 6.5
      vertex 38.5858 30.5858 6.5
    endloop
  endfacet
  facet normal -0 0 1
    outer loop
      vertex 38.2679 33 6.5
      vertex 38.4133 30.7825 6.5
      vertex 38.4133 33.2175 6.5
    endloop
  endfacet
  facet normal 0 0 1
    outer loop
      vertex 38.2679 33 6.5
      vertex 38.2679 31 6.5
      vertex 38.4133 30.7825 6.5
    endloop
  endfacet
  facet normal -0 0 1
    outer loop
      vertex 38.1522 32.7654 6.5
      vertex 38.2679 31 6.5
      vertex 38.2679 33 6.5
    endloop
  endfacet
  facet normal 0 0 1
    outer loop
      vertex 38.1522 32.7654 6.5
      vertex 38.1522 31.2346 6.5
      vertex 38.2679 31 6.5
    endloop
  endfacet
  facet normal -0 0 1
    outer loop
      vertex 38.0681 32.5176 6.5
      vertex 38.1522 31.2346 6.5
      vertex 38.1522 32.7654 6.5
    endloop
  endfacet
  facet normal 0 0 1
    outer loop
      vertex 38.0681 32.5176 6.5
      vertex 38.0681 31.4824 6.5
      vertex 38.1522 31.2346 6.5
    endloop
  endfacet
  facet normal -0 0 1
    outer loop
      vertex 38.0171 32.2611 6.5
      vertex 38.0681 31.4824 6.5
      vertex 38.0681 32.5176 6.5
    endloop
  endfacet
  facet normal 0 0 1
    outer loop
      vertex 38.0171 32.2611 6.5
      vertex 38.0171 31.7389 6.5
      vertex 38.0681 31.4824 6.5
    endloop
  endfacet
  facet normal 0 -0 1
    outer loop
      vertex 38.0171 31.7389 6.5
      vertex 38.0171 32.2611 6.5
      vertex 38 32 6.5
    endloop
  endfacet
  facet normal 0.997862 -0.0653521 0
    outer loop
      vertex 41.9829 31.7389 6.5
      vertex 42 32 0
      vertex 42 32 6.5
    endloop
  endfacet
  facet normal 0.997862 -0.0653521 0
    outer loop
      vertex 42 32 0
      vertex 41.9829 31.7389 6.5
      vertex 41.9829 31.7389 0
    endloop
  endfacet
  facet normal 0.659343 -0.751842 0
    outer loop
      vertex 41.2175 30.4133 0
      vertex 41.4142 30.5858 6.5
      vertex 41.2175 30.4133 6.5
    endloop
  endfacet
  facet normal 0.659343 -0.751842 0
    outer loop
      vertex 41.4142 30.5858 6.5
      vertex 41.2175 30.4133 0
      vertex 41.4142 30.5858 0
    endloop
  endfacet
  facet normal 0.94695 -0.321382 0
    outer loop
      vertex 41.8478 31.2346 6.5
      vertex 41.9319 31.4824 0
      vertex 41.9319 31.4824 6.5
    endloop
  endfacet
  facet normal 0.94695 -0.321382 0
    outer loop
      vertex 41.9319 31.4824 0
      vertex 41.8478 31.2346 6.5
      vertex 41.8478 31.2346 0
    endloop
  endfacet
  facet normal 0.831521 -0.555494 0
    outer loop
      vertex 41.5867 30.7825 6.5
      vertex 41.732 31 0
      vertex 41.732 31 6.5
    endloop
  endfacet
  facet normal 0.831521 -0.555494 0
    outer loop
      vertex 41.732 31 0
      vertex 41.5867 30.7825 6.5
      vertex 41.5867 30.7825 0
    endloop
  endfacet
  facet normal 0.896709 -0.442621 0
    outer loop
      vertex 41.732 31 6.5
      vertex 41.8478 31.2346 0
      vertex 41.8478 31.2346 6.5
    endloop
  endfacet
  facet normal 0.896709 -0.442621 0
    outer loop
      vertex 41.8478 31.2346 0
      vertex 41.732 31 6.5
      vertex 41.732 31 0
    endloop
  endfacet
  facet normal -0.555758 -0.831344 0
    outer loop
      vertex 38.7825 30.4133 0
      vertex 39 30.2679 6.5
      vertex 38.7825 30.4133 6.5
    endloop
  endfacet
  facet normal -0.555758 -0.831344 -0
    outer loop
      vertex 39 30.2679 6.5
      vertex 38.7825 30.4133 0
      vertex 39 30.2679 0
    endloop
  endfacet
  facet normal -0.442314 -0.89686 0
    outer loop
      vertex 39 30.2679 0
      vertex 39.2346 30.1522 6.5
      vertex 39 30.2679 6.5
    endloop
  endfacet
  facet normal -0.442314 -0.89686 -0
    outer loop
      vertex 39.2346 30.1522 6.5
      vertex 39 30.2679 0
      vertex 39.2346 30.1522 0
    endloop
  endfacet
  facet normal -0.0653521 -0.997862 0
    outer loop
      vertex 39.7389 30.0171 0
      vertex 40 30 6.5
      vertex 39.7389 30.0171 6.5
    endloop
  endfacet
  facet normal -0.0653521 -0.997862 -0
    outer loop
      vertex 40 30 6.5
      vertex 39.7389 30.0171 0
      vertex 40 30 0
    endloop
  endfacet
  facet normal -0.659343 -0.751842 0
    outer loop
      vertex 38.5858 30.5858 0
      vertex 38.7825 30.4133 6.5
      vertex 38.5858 30.5858 6.5
    endloop
  endfacet
  facet normal -0.659343 -0.751842 -0
    outer loop
      vertex 38.7825 30.4133 6.5
      vertex 38.5858 30.5858 0
      vertex 38.7825 30.4133 0
    endloop
  endfacet
  facet normal -0.997862 -0.0653521 0
    outer loop
      vertex 38.0171 31.7389 0
      vertex 38 32 6.5
      vertex 38 32 0
    endloop
  endfacet
  facet normal -0.997862 -0.0653521 0
    outer loop
      vertex 38 32 6.5
      vertex 38.0171 31.7389 0
      vertex 38.0171 31.7389 6.5
    endloop
  endfacet
  facet normal -0.659343 0.751842 0
    outer loop
      vertex 38.7825 33.5867 0
      vertex 38.5858 33.4142 6.5
      vertex 38.7825 33.5867 6.5
    endloop
  endfacet
  facet normal -0.659343 0.751842 0
    outer loop
      vertex 38.5858 33.4142 6.5
      vertex 38.7825 33.5867 0
      vertex 38.5858 33.4142 0
    endloop
  endfacet
  facet normal -0.321382 0.94695 0
    outer loop
      vertex 39.4824 33.9319 0
      vertex 39.2346 33.8478 6.5
      vertex 39.4824 33.9319 6.5
    endloop
  endfacet
  facet normal -0.321382 0.94695 0
    outer loop
      vertex 39.2346 33.8478 6.5
      vertex 39.4824 33.9319 0
      vertex 39.2346 33.8478 0
    endloop
  endfacet
  facet normal 0.442314 -0.89686 0
    outer loop
      vertex 40.7654 30.1522 0
      vertex 41 30.2679 6.5
      vertex 40.7654 30.1522 6.5
    endloop
  endfacet
  facet normal 0.442314 -0.89686 0
    outer loop
      vertex 41 30.2679 6.5
      vertex 40.7654 30.1522 0
      vertex 41 30.2679 0
    endloop
  endfacet
  facet normal 0.0653521 -0.997862 0
    outer loop
      vertex 40 30 0
      vertex 40.2611 30.0171 6.5
      vertex 40 30 6.5
    endloop
  endfacet
  facet normal 0.0653521 -0.997862 0
    outer loop
      vertex 40.2611 30.0171 6.5
      vertex 40 30 0
      vertex 40.2611 30.0171 0
    endloop
  endfacet
  facet normal -0.89686 -0.442314 0
    outer loop
      vertex 38.2679 31 0
      vertex 38.1522 31.2346 6.5
      vertex 38.1522 31.2346 0
    endloop
  endfacet
  facet normal -0.89686 -0.442314 0
    outer loop
      vertex 38.1522 31.2346 6.5
      vertex 38.2679 31 0
      vertex 38.2679 31 6.5
    endloop
  endfacet
endsolid OpenSCAD_Model
