solid OpenSCAD_Model
  facet normal 0 1 0
    outer loop
      vertex -20.5 85 23
      vertex -12.6 85 24
      vertex -12.5345 85 23
    endloop
  endfacet
  facet normal 0 1 0
    outer loop
      vertex -12.6 85 24
      vertex -20.5 85 23
      vertex -20.5 85 24
    endloop
  endfacet
  facet normal 0 -1 0
    outer loop
      vertex -24 85 23
      vertex -20.5 85 17.5
      vertex -20.5 85 23
    endloop
  endfacet
  facet normal 0 -1 0
    outer loop
      vertex -24 85 0
      vertex -20.5 85 17.5
      vertex -24 85 23
    endloop
  endfacet
  facet normal 0 -1 0
    outer loop
      vertex -24 85 0
      vertex -12 85 9
      vertex -20.5 85 17.5
    endloop
  endfacet
  facet normal 0 -1 -0
    outer loop
      vertex -12 85 9
      vertex -24 85 0
      vertex -12 85 0
    endloop
  endfacet
  facet normal 0 1 -0
    outer loop
      vertex 20.5 85 23
      vertex 12.6 85 24
      vertex 20.5 85 24
    endloop
  endfacet
  facet normal 0 1 0
    outer loop
      vertex 12.6 85 24
      vertex 20.5 85 23
      vertex 12.5345 85 23
    endloop
  endfacet
  facet normal 0 -1 0
    outer loop
      vertex 20.5 85 17.5
      vertex 24 85 23
      vertex 20.5 85 23
    endloop
  endfacet
  facet normal 0 -1 0
    outer loop
      vertex 24 85 0
      vertex 12 85 9
      vertex 12 85 0
    endloop
  endfacet
  facet normal 0 -1 0
    outer loop
      vertex 12 85 9
      vertex 24 85 0
      vertex 20.5 85 17.5
    endloop
  endfacet
  facet normal 0 -1 0
    outer loop
      vertex 20.5 85 17.5
      vertex 24 85 0
      vertex 24 85 23
    endloop
  endfacet
  facet normal 0 1 -0
    outer loop
      vertex 12.5345 85 23
      vertex 8 85 24
      vertex 12.6 85 24
    endloop
  endfacet
  facet normal 0 1 0
    outer loop
      vertex 12.5345 85 23
      vertex 7.93156 85 22.9558
      vertex 8 85 24
    endloop
  endfacet
  facet normal 0 1 -0
    outer loop
      vertex 12.4922 85 22.3554
      vertex 7.93156 85 22.9558
      vertex 12.5345 85 23
    endloop
  endfacet
  facet normal 0 1 0
    outer loop
      vertex 12.4922 85 22.3554
      vertex 7.72741 85 21.9294
      vertex 7.93156 85 22.9558
    endloop
  endfacet
  facet normal 0 1 -0
    outer loop
      vertex 12.1707 85 20.7389
      vertex 7.72741 85 21.9294
      vertex 12.4922 85 22.3554
    endloop
  endfacet
  facet normal 0 1 0
    outer loop
      vertex 7.72741 85 21.9294
      vertex 12.1707 85 20.7389
      vertex 7.39104 85 20.9385
    endloop
  endfacet
  facet normal 0 1 -0
    outer loop
      vertex 11.6409 85 19.1782
      vertex 7.39104 85 20.9385
      vertex 12.1707 85 20.7389
    endloop
  endfacet
  facet normal 0 1 0
    outer loop
      vertex 7.39104 85 20.9385
      vertex 11.6409 85 19.1782
      vertex 6.9282 85 20
    endloop
  endfacet
  facet normal 0 1 -0
    outer loop
      vertex 10.9119 85 17.7
      vertex 6.9282 85 20
      vertex 11.6409 85 19.1782
    endloop
  endfacet
  facet normal 0 1 0
    outer loop
      vertex 6.9282 85 20
      vertex 10.9119 85 17.7
      vertex 6.34683 85 19.1299
    endloop
  endfacet
  facet normal 0 1 -0
    outer loop
      vertex 9.99625 85 16.3296
      vertex 6.34683 85 19.1299
      vertex 10.9119 85 17.7
    endloop
  endfacet
  facet normal 0 1 0
    outer loop
      vertex 6.34683 85 19.1299
      vertex 9.99625 85 16.3296
      vertex 5.65685 85 18.3431
    endloop
  endfacet
  facet normal 0 1 -0
    outer loop
      vertex 8.90954 85 15.0905
      vertex 5.65685 85 18.3431
      vertex 9.99625 85 16.3296
    endloop
  endfacet
  facet normal 0 1 0
    outer loop
      vertex 5.65685 85 18.3431
      vertex 8.90954 85 15.0905
      vertex 4.87009 85 17.6532
    endloop
  endfacet
  facet normal 0 1 -0
    outer loop
      vertex 7.67039 85 14.0037
      vertex 4.87009 85 17.6532
      vertex 8.90954 85 15.0905
    endloop
  endfacet
  facet normal 0 1 0
    outer loop
      vertex 4.87009 85 17.6532
      vertex 7.67039 85 14.0037
      vertex 4 85 17.0718
    endloop
  endfacet
  facet normal 0 1 -0
    outer loop
      vertex 6.3 85 13.0881
      vertex 4 85 17.0718
      vertex 7.67039 85 14.0037
    endloop
  endfacet
  facet normal 0 1 0
    outer loop
      vertex 4 85 17.0718
      vertex 6.3 85 13.0881
      vertex 3.06147 85 16.609
    endloop
  endfacet
  facet normal 0 1 -0
    outer loop
      vertex 4.82181 85 12.3591
      vertex 3.06147 85 16.609
      vertex 6.3 85 13.0881
    endloop
  endfacet
  facet normal 0 1 0
    outer loop
      vertex -8 85 24
      vertex -12.5345 85 23
      vertex -12.6 85 24
    endloop
  endfacet
  facet normal 0 1 0
    outer loop
      vertex -7.93156 85 22.9558
      vertex -12.5345 85 23
      vertex -8 85 24
    endloop
  endfacet
  facet normal 0 1 0
    outer loop
      vertex -7.93156 85 22.9558
      vertex -12.4922 85 22.3554
      vertex -12.5345 85 23
    endloop
  endfacet
  facet normal 0 1 0
    outer loop
      vertex -7.72741 85 21.9294
      vertex -12.4922 85 22.3554
      vertex -7.93156 85 22.9558
    endloop
  endfacet
  facet normal 0 1 0
    outer loop
      vertex -12.1707 85 20.7389
      vertex -7.72741 85 21.9294
      vertex -7.39104 85 20.9385
    endloop
  endfacet
  facet normal 0 1 0
    outer loop
      vertex -7.72741 85 21.9294
      vertex -12.1707 85 20.7389
      vertex -12.4922 85 22.3554
    endloop
  endfacet
  facet normal 0 1 0
    outer loop
      vertex -11.6409 85 19.1782
      vertex -7.39104 85 20.9385
      vertex -6.9282 85 20
    endloop
  endfacet
  facet normal 0 1 0
    outer loop
      vertex -7.39104 85 20.9385
      vertex -11.6409 85 19.1782
      vertex -12.1707 85 20.7389
    endloop
  endfacet
  facet normal 0 1 0
    outer loop
      vertex -10.9119 85 17.7
      vertex -6.9282 85 20
      vertex -6.34683 85 19.1299
    endloop
  endfacet
  facet normal 0 1 0
    outer loop
      vertex -9.99625 85 16.3296
      vertex -6.34683 85 19.1299
      vertex -5.65685 85 18.3431
    endloop
  endfacet
  facet normal 0 1 0
    outer loop
      vertex -6.9282 85 20
      vertex -10.9119 85 17.7
      vertex -11.6409 85 19.1782
    endloop
  endfacet
  facet normal 0 1 0
    outer loop
      vertex -8.90954 85 15.0905
      vertex -5.65685 85 18.3431
      vertex -4.87009 85 17.6532
    endloop
  endfacet
  facet normal 0 1 0
    outer loop
      vertex -7.67039 85 14.0037
      vertex -4.87009 85 17.6532
      vertex -4 85 17.0718
    endloop
  endfacet
  facet normal 0 1 0
    outer loop
      vertex -6.3 85 13.0881
      vertex -4 85 17.0718
      vertex -3.06147 85 16.609
    endloop
  endfacet
  facet normal 0 1 0
    outer loop
      vertex -6.34683 85 19.1299
      vertex -9.99625 85 16.3296
      vertex -10.9119 85 17.7
    endloop
  endfacet
  facet normal 0 1 0
    outer loop
      vertex -4.82181 85 12.3591
      vertex -3.06147 85 16.609
      vertex -2.07055 85 16.2726
    endloop
  endfacet
  facet normal 0 1 0
    outer loop
      vertex -3.26112 85 11.8293
      vertex -2.07055 85 16.2726
      vertex -1.04421 85 16.0684
    endloop
  endfacet
  facet normal 0 1 0
    outer loop
      vertex -1.64463 85 11.5078
      vertex -1.04421 85 16.0684
      vertex 0 85 16
    endloop
  endfacet
  facet normal 0 1 0
    outer loop
      vertex 3.06147 85 16.609
      vertex 4.82181 85 12.3591
      vertex 2.07055 85 16.2726
    endloop
  endfacet
  facet normal 0 1 0
    outer loop
      vertex -5.65685 85 18.3431
      vertex -8.90954 85 15.0905
      vertex -9.99625 85 16.3296
    endloop
  endfacet
  facet normal 0 1 -0
    outer loop
      vertex 3.26112 85 11.8293
      vertex 2.07055 85 16.2726
      vertex 4.82181 85 12.3591
    endloop
  endfacet
  facet normal 0 1 0
    outer loop
      vertex -4.87009 85 17.6532
      vertex -7.67039 85 14.0037
      vertex -8.90954 85 15.0905
    endloop
  endfacet
  facet normal 0 1 0
    outer loop
      vertex 2.07055 85 16.2726
      vertex 3.26112 85 11.8293
      vertex 1.04421 85 16.0684
    endloop
  endfacet
  facet normal 0 1 0
    outer loop
      vertex -4 85 17.0718
      vertex -6.3 85 13.0881
      vertex -7.67039 85 14.0037
    endloop
  endfacet
  facet normal 0 1 -0
    outer loop
      vertex 1.64463 85 11.5078
      vertex 1.04421 85 16.0684
      vertex 3.26112 85 11.8293
    endloop
  endfacet
  facet normal 0 1 0
    outer loop
      vertex -3.06147 85 16.609
      vertex -4.82181 85 12.3591
      vertex -6.3 85 13.0881
    endloop
  endfacet
  facet normal 0 1 0
    outer loop
      vertex 1.04421 85 16.0684
      vertex 1.64463 85 11.5078
      vertex 0 85 16
    endloop
  endfacet
  facet normal 0 1 0
    outer loop
      vertex -2.07055 85 16.2726
      vertex -3.26112 85 11.8293
      vertex -4.82181 85 12.3591
    endloop
  endfacet
  facet normal 0 1 0
    outer loop
      vertex 0 85 11.4
      vertex 0 85 16
      vertex 1.64463 85 11.5078
    endloop
  endfacet
  facet normal 0 1 0
    outer loop
      vertex -1.04421 85 16.0684
      vertex -1.64463 85 11.5078
      vertex -3.26112 85 11.8293
    endloop
  endfacet
  facet normal 0 1 0
    outer loop
      vertex 0 85 16
      vertex 0 85 11.4
      vertex -1.64463 85 11.5078
    endloop
  endfacet
  facet normal -0.707107 0 -0.707107
    outer loop
      vertex -12 16 9
      vertex -20.5 85 17.5
      vertex -12 85 9
    endloop
  endfacet
  facet normal -0.707107 -0 -0.707107
    outer loop
      vertex -20.5 85 17.5
      vertex -12 16 9
      vertex -20.5 16 17.5
    endloop
  endfacet
  facet normal -1 0 0
    outer loop
      vertex -20.5 16 17.5
      vertex -20.5 85 23
      vertex -20.5 85 17.5
    endloop
  endfacet
  facet normal -1 0 0
    outer loop
      vertex -20.5 16 24
      vertex -20.5 85 23
      vertex -20.5 16 17.5
    endloop
  endfacet
  facet normal -1 0 0
    outer loop
      vertex -20.5 85 23
      vertex -20.5 16 24
      vertex -20.5 85 24
    endloop
  endfacet
  facet normal 0 -1 0
    outer loop
      vertex -20.5 16 17.5
      vertex -12 16 24
      vertex -20.5 16 24
    endloop
  endfacet
  facet normal 0 -1 -0
    outer loop
      vertex -12 16 24
      vertex -20.5 16 17.5
      vertex -12 16 9
    endloop
  endfacet
  facet normal 0 0 1
    outer loop
      vertex -12 16 24
      vertex -13.9697 25.3002 24
      vertex -13.95 25 24
    endloop
  endfacet
  facet normal 0 0 1
    outer loop
      vertex -8 85 24
      vertex -14.0284 25.5953 24
      vertex -13.9697 25.3002 24
    endloop
  endfacet
  facet normal 0 0 1
    outer loop
      vertex -8 85 24
      vertex -14.1251 25.8802 24
      vertex -14.0284 25.5953 24
    endloop
  endfacet
  facet normal 0 0 1
    outer loop
      vertex -8 85 24
      vertex -14.2581 26.15 24
      vertex -14.1251 25.8802 24
    endloop
  endfacet
  facet normal 0 0 1
    outer loop
      vertex -8 85 24
      vertex -14.4253 26.4002 24
      vertex -14.2581 26.15 24
    endloop
  endfacet
  facet normal 0 0 1
    outer loop
      vertex -8 85 24
      vertex -14.6237 26.6263 24
      vertex -14.4253 26.4002 24
    endloop
  endfacet
  facet normal 0 0 1
    outer loop
      vertex -8 85 24
      vertex -14.8498 26.8247 24
      vertex -14.6237 26.6263 24
    endloop
  endfacet
  facet normal 0 0 1
    outer loop
      vertex -8 85 24
      vertex -15.1 26.9919 24
      vertex -14.8498 26.8247 24
    endloop
  endfacet
  facet normal 0 0 1
    outer loop
      vertex -8 85 24
      vertex -15.3698 27.1249 24
      vertex -15.1 26.9919 24
    endloop
  endfacet
  facet normal 0 0 1
    outer loop
      vertex -8 85 24
      vertex -15.6547 27.2216 24
      vertex -15.3698 27.1249 24
    endloop
  endfacet
  facet normal 0 0 1
    outer loop
      vertex -12.6 85 24
      vertex -15.9498 27.2803 24
      vertex -15.6547 27.2216 24
    endloop
  endfacet
  facet normal 0 0 1
    outer loop
      vertex -12.6 85 24
      vertex -16.25 27.3 24
      vertex -15.9498 27.2803 24
    endloop
  endfacet
  facet normal -0 0 1
    outer loop
      vertex -20.5 85 24
      vertex -16.25 27.3 24
      vertex -12.6 85 24
    endloop
  endfacet
  facet normal 0 0 1
    outer loop
      vertex -16.25 27.3 24
      vertex -20.5 85 24
      vertex -16.5502 27.2803 24
    endloop
  endfacet
  facet normal 0 0 1
    outer loop
      vertex -16.5502 27.2803 24
      vertex -20.5 85 24
      vertex -16.8453 27.2216 24
    endloop
  endfacet
  facet normal 0 0 1
    outer loop
      vertex -16.8453 27.2216 24
      vertex -20.5 85 24
      vertex -17.1302 27.1249 24
    endloop
  endfacet
  facet normal 0 0 1
    outer loop
      vertex -17.1302 27.1249 24
      vertex -20.5 85 24
      vertex -17.4 26.9919 24
    endloop
  endfacet
  facet normal 0 0 1
    outer loop
      vertex -17.4 26.9919 24
      vertex -20.5 85 24
      vertex -17.6502 26.8247 24
    endloop
  endfacet
  facet normal 0 0 1
    outer loop
      vertex -17.6502 26.8247 24
      vertex -20.5 85 24
      vertex -17.8763 26.6263 24
    endloop
  endfacet
  facet normal 0 0 1
    outer loop
      vertex -17.8763 26.6263 24
      vertex -20.5 85 24
      vertex -18.0747 26.4002 24
    endloop
  endfacet
  facet normal 0 0 1
    outer loop
      vertex -18.0747 26.4002 24
      vertex -20.5 85 24
      vertex -18.2419 26.15 24
    endloop
  endfacet
  facet normal 0 0 1
    outer loop
      vertex -18.2419 26.15 24
      vertex -20.5 85 24
      vertex -18.3749 25.8802 24
    endloop
  endfacet
  facet normal 0 0 1
    outer loop
      vertex -18.3749 25.8802 24
      vertex -20.5 85 24
      vertex -18.4716 25.5953 24
    endloop
  endfacet
  facet normal 0 0 1
    outer loop
      vertex -20.5 16 24
      vertex -18.5303 25.3002 24
      vertex -20.5 85 24
    endloop
  endfacet
  facet normal 0 0 1
    outer loop
      vertex -18.4716 25.5953 24
      vertex -20.5 85 24
      vertex -18.5303 25.3002 24
    endloop
  endfacet
  facet normal 0 0 1
    outer loop
      vertex -8 85 24
      vertex -12 16 24
      vertex -8 3.8 24
    endloop
  endfacet
  facet normal 0 0 1
    outer loop
      vertex -15.6547 27.2216 24
      vertex -8 85 24
      vertex -12.6 85 24
    endloop
  endfacet
  facet normal -0 0 1
    outer loop
      vertex -13.9697 25.3002 24
      vertex -12 16 24
      vertex -8 85 24
    endloop
  endfacet
  facet normal -0 0 1
    outer loop
      vertex -13.9697 24.6998 24
      vertex -12 16 24
      vertex -13.95 25 24
    endloop
  endfacet
  facet normal -0 0 1
    outer loop
      vertex -14.0284 24.4047 24
      vertex -12 16 24
      vertex -13.9697 24.6998 24
    endloop
  endfacet
  facet normal -0 0 1
    outer loop
      vertex -14.1251 24.1198 24
      vertex -12 16 24
      vertex -14.0284 24.4047 24
    endloop
  endfacet
  facet normal -0 0 1
    outer loop
      vertex -14.2581 23.85 24
      vertex -12 16 24
      vertex -14.1251 24.1198 24
    endloop
  endfacet
  facet normal -0 0 1
    outer loop
      vertex -14.4253 23.5998 24
      vertex -12 16 24
      vertex -14.2581 23.85 24
    endloop
  endfacet
  facet normal -0 0 1
    outer loop
      vertex -14.6237 23.3737 24
      vertex -12 16 24
      vertex -14.4253 23.5998 24
    endloop
  endfacet
  facet normal -0 0 1
    outer loop
      vertex -14.8498 23.1753 24
      vertex -12 16 24
      vertex -14.6237 23.3737 24
    endloop
  endfacet
  facet normal -0 0 1
    outer loop
      vertex -15.1 23.0081 24
      vertex -12 16 24
      vertex -14.8498 23.1753 24
    endloop
  endfacet
  facet normal -0 0 1
    outer loop
      vertex -15.3698 22.8751 24
      vertex -12 16 24
      vertex -15.1 23.0081 24
    endloop
  endfacet
  facet normal -0 0 1
    outer loop
      vertex -15.6547 22.7784 24
      vertex -12 16 24
      vertex -15.3698 22.8751 24
    endloop
  endfacet
  facet normal -0 0 1
    outer loop
      vertex -15.9498 22.7197 24
      vertex -12 16 24
      vertex -15.6547 22.7784 24
    endloop
  endfacet
  facet normal -0 0 1
    outer loop
      vertex -16.25 22.7 24
      vertex -12 16 24
      vertex -15.9498 22.7197 24
    endloop
  endfacet
  facet normal 0 0 1
    outer loop
      vertex -20.5 16 24
      vertex -16.25 22.7 24
      vertex -16.5502 22.7197 24
    endloop
  endfacet
  facet normal 0 0 1
    outer loop
      vertex -20.5 16 24
      vertex -16.5502 22.7197 24
      vertex -16.8453 22.7784 24
    endloop
  endfacet
  facet normal 0 0 1
    outer loop
      vertex -20.5 16 24
      vertex -16.8453 22.7784 24
      vertex -17.1302 22.8751 24
    endloop
  endfacet
  facet normal 0 0 1
    outer loop
      vertex -20.5 16 24
      vertex -17.1302 22.8751 24
      vertex -17.4 23.0081 24
    endloop
  endfacet
  facet normal 0 0 1
    outer loop
      vertex -20.5 16 24
      vertex -17.4 23.0081 24
      vertex -17.6502 23.1753 24
    endloop
  endfacet
  facet normal 0 0 1
    outer loop
      vertex -20.5 16 24
      vertex -17.6502 23.1753 24
      vertex -17.8763 23.3737 24
    endloop
  endfacet
  facet normal 0 0 1
    outer loop
      vertex -20.5 16 24
      vertex -17.8763 23.3737 24
      vertex -18.0747 23.5998 24
    endloop
  endfacet
  facet normal 0 0 1
    outer loop
      vertex -16.25 22.7 24
      vertex -20.5 16 24
      vertex -12 16 24
    endloop
  endfacet
  facet normal 0 0 1
    outer loop
      vertex -18.2419 23.85 24
      vertex -20.5 16 24
      vertex -18.0747 23.5998 24
    endloop
  endfacet
  facet normal 0 0 1
    outer loop
      vertex -18.3749 24.1198 24
      vertex -20.5 16 24
      vertex -18.2419 23.85 24
    endloop
  endfacet
  facet normal 0 0 1
    outer loop
      vertex -18.4716 24.4047 24
      vertex -20.5 16 24
      vertex -18.3749 24.1198 24
    endloop
  endfacet
  facet normal 0 0 1
    outer loop
      vertex -18.5303 24.6998 24
      vertex -20.5 16 24
      vertex -18.4716 24.4047 24
    endloop
  endfacet
  facet normal 0 0 1
    outer loop
      vertex -18.55 25 24
      vertex -20.5 16 24
      vertex -18.5303 24.6998 24
    endloop
  endfacet
  facet normal 0 0 1
    outer loop
      vertex -18.5303 25.3002 24
      vertex -20.5 16 24
      vertex -18.55 25 24
    endloop
  endfacet
  facet normal 0 0 1
    outer loop
      vertex -2.8 3.8 24
      vertex -8 3.8 24
      vertex -2.8 1.3 24
    endloop
  endfacet
  facet normal 0 0 1
    outer loop
      vertex 18.5303 77.6998 24
      vertex 20.5 85 24
      vertex 18.55 78 24
    endloop
  endfacet
  facet normal 0 0 1
    outer loop
      vertex 20.5 85 24
      vertex 18.5303 78.3002 24
      vertex 18.55 78 24
    endloop
  endfacet
  facet normal 0 0 1
    outer loop
      vertex 20.5 85 24
      vertex 18.4716 78.5953 24
      vertex 18.5303 78.3002 24
    endloop
  endfacet
  facet normal 0 0 1
    outer loop
      vertex 20.5 85 24
      vertex 18.3749 78.8802 24
      vertex 18.4716 78.5953 24
    endloop
  endfacet
  facet normal 0 0 1
    outer loop
      vertex 20.5 85 24
      vertex 18.2419 79.15 24
      vertex 18.3749 78.8802 24
    endloop
  endfacet
  facet normal 0 0 1
    outer loop
      vertex 20.5 85 24
      vertex 18.0747 79.4002 24
      vertex 18.2419 79.15 24
    endloop
  endfacet
  facet normal 0 0 1
    outer loop
      vertex 20.5 85 24
      vertex 17.8763 79.6263 24
      vertex 18.0747 79.4002 24
    endloop
  endfacet
  facet normal 0 0 1
    outer loop
      vertex 20.5 85 24
      vertex 17.6502 79.8247 24
      vertex 17.8763 79.6263 24
    endloop
  endfacet
  facet normal 0 0 1
    outer loop
      vertex 20.5 85 24
      vertex 17.4 79.9919 24
      vertex 17.6502 79.8247 24
    endloop
  endfacet
  facet normal 0 0 1
    outer loop
      vertex 20.5 85 24
      vertex 17.1302 80.1249 24
      vertex 17.4 79.9919 24
    endloop
  endfacet
  facet normal 0 0 1
    outer loop
      vertex 20.5 85 24
      vertex 16.8453 80.2216 24
      vertex 17.1302 80.1249 24
    endloop
  endfacet
  facet normal 0 0 1
    outer loop
      vertex 20.5 85 24
      vertex 16.5502 80.2803 24
      vertex 16.8453 80.2216 24
    endloop
  endfacet
  facet normal 0 0 1
    outer loop
      vertex 20.5 85 24
      vertex 16.25 80.3 24
      vertex 16.5502 80.2803 24
    endloop
  endfacet
  facet normal -0 0 1
    outer loop
      vertex 12.6 85 24
      vertex 16.25 80.3 24
      vertex 20.5 85 24
    endloop
  endfacet
  facet normal 0 0 1
    outer loop
      vertex 16.25 80.3 24
      vertex 12.6 85 24
      vertex 15.9498 80.2803 24
    endloop
  endfacet
  facet normal 0 0 1
    outer loop
      vertex 15.9498 80.2803 24
      vertex 12.6 85 24
      vertex 15.6547 80.2216 24
    endloop
  endfacet
  facet normal 0 0 1
    outer loop
      vertex 15.6547 80.2216 24
      vertex 12.6 85 24
      vertex 15.3698 80.1249 24
    endloop
  endfacet
  facet normal 0 0 1
    outer loop
      vertex 15.3698 80.1249 24
      vertex 12.6 85 24
      vertex 15.1 79.9919 24
    endloop
  endfacet
  facet normal 0 0 1
    outer loop
      vertex 15.1 79.9919 24
      vertex 12.6 85 24
      vertex 14.8498 79.8247 24
    endloop
  endfacet
  facet normal 0 0 1
    outer loop
      vertex 14.0284 78.5953 24
      vertex 8 85 24
      vertex 13.9697 78.3002 24
    endloop
  endfacet
  facet normal 0 0 1
    outer loop
      vertex 14.1251 78.8802 24
      vertex 8 85 24
      vertex 14.0284 78.5953 24
    endloop
  endfacet
  facet normal 0 0 1
    outer loop
      vertex 14.2581 79.15 24
      vertex 8 85 24
      vertex 14.1251 78.8802 24
    endloop
  endfacet
  facet normal -0 0 1
    outer loop
      vertex 8 85 24
      vertex 14.2581 79.15 24
      vertex 12.6 85 24
    endloop
  endfacet
  facet normal 0 0 1
    outer loop
      vertex 14.4253 79.4002 24
      vertex 12.6 85 24
      vertex 14.2581 79.15 24
    endloop
  endfacet
  facet normal 0 0 1
    outer loop
      vertex 14.6237 79.6263 24
      vertex 12.6 85 24
      vertex 14.4253 79.4002 24
    endloop
  endfacet
  facet normal 0 0 1
    outer loop
      vertex 14.8498 79.8247 24
      vertex 12.6 85 24
      vertex 14.6237 79.6263 24
    endloop
  endfacet
  facet normal 0 0 1
    outer loop
      vertex 18.4716 77.4047 24
      vertex 20.5 85 24
      vertex 18.5303 77.6998 24
    endloop
  endfacet
  facet normal 0 0 1
    outer loop
      vertex 20.5 85 24
      vertex 18.4716 77.4047 24
      vertex 20.5 16 24
    endloop
  endfacet
  facet normal -0 0 1
    outer loop
      vertex 18.3749 77.1198 24
      vertex 20.5 16 24
      vertex 18.4716 77.4047 24
    endloop
  endfacet
  facet normal -0 0 1
    outer loop
      vertex 18.2419 76.85 24
      vertex 20.5 16 24
      vertex 18.3749 77.1198 24
    endloop
  endfacet
  facet normal -0 0 1
    outer loop
      vertex 18.0747 76.5998 24
      vertex 20.5 16 24
      vertex 18.2419 76.85 24
    endloop
  endfacet
  facet normal -0 0 1
    outer loop
      vertex 17.8763 76.3737 24
      vertex 20.5 16 24
      vertex 18.0747 76.5998 24
    endloop
  endfacet
  facet normal -0 0 1
    outer loop
      vertex 17.6502 76.1753 24
      vertex 20.5 16 24
      vertex 17.8763 76.3737 24
    endloop
  endfacet
  facet normal -0 0 1
    outer loop
      vertex 17.4 76.0081 24
      vertex 20.5 16 24
      vertex 17.6502 76.1753 24
    endloop
  endfacet
  facet normal -0 0 1
    outer loop
      vertex 17.1302 75.8751 24
      vertex 20.5 16 24
      vertex 17.4 76.0081 24
    endloop
  endfacet
  facet normal -0 0 1
    outer loop
      vertex 16.8453 75.7784 24
      vertex 20.5 16 24
      vertex 17.1302 75.8751 24
    endloop
  endfacet
  facet normal -0 0 1
    outer loop
      vertex 16.5502 75.7197 24
      vertex 20.5 16 24
      vertex 16.8453 75.7784 24
    endloop
  endfacet
  facet normal -0 0 1
    outer loop
      vertex 16.25 75.7 24
      vertex 20.5 16 24
      vertex 16.5502 75.7197 24
    endloop
  endfacet
  facet normal 0 0 1
    outer loop
      vertex 12 16 24
      vertex 16.25 75.7 24
      vertex 15.9498 75.7197 24
    endloop
  endfacet
  facet normal 0 0 1
    outer loop
      vertex 12 16 24
      vertex 15.9498 75.7197 24
      vertex 15.6547 75.7784 24
    endloop
  endfacet
  facet normal 0 0 1
    outer loop
      vertex 12 16 24
      vertex 15.6547 75.7784 24
      vertex 15.3698 75.8751 24
    endloop
  endfacet
  facet normal 0 0 1
    outer loop
      vertex 12 16 24
      vertex 15.3698 75.8751 24
      vertex 15.1 76.0081 24
    endloop
  endfacet
  facet normal 0 0 1
    outer loop
      vertex 12 16 24
      vertex 15.1 76.0081 24
      vertex 14.8498 76.1753 24
    endloop
  endfacet
  facet normal 0 0 1
    outer loop
      vertex 12 16 24
      vertex 14.8498 76.1753 24
      vertex 14.6237 76.3737 24
    endloop
  endfacet
  facet normal 0 0 1
    outer loop
      vertex 12 16 24
      vertex 14.6237 76.3737 24
      vertex 14.4253 76.5998 24
    endloop
  endfacet
  facet normal 0 0 1
    outer loop
      vertex 12 16 24
      vertex 14.4253 76.5998 24
      vertex 14.2581 76.85 24
    endloop
  endfacet
  facet normal 0 0 1
    outer loop
      vertex 8 85 24
      vertex 14.2581 76.85 24
      vertex 14.1251 77.1198 24
    endloop
  endfacet
  facet normal 0 0 1
    outer loop
      vertex 8 85 24
      vertex 14.1251 77.1198 24
      vertex 14.0284 77.4047 24
    endloop
  endfacet
  facet normal 0 0 1
    outer loop
      vertex 8 85 24
      vertex 14.0284 77.4047 24
      vertex 13.9697 77.6998 24
    endloop
  endfacet
  facet normal 0 0 1
    outer loop
      vertex 13.9697 78.3002 24
      vertex 8 85 24
      vertex 13.95 78 24
    endloop
  endfacet
  facet normal 0 0 1
    outer loop
      vertex 13.95 78 24
      vertex 8 85 24
      vertex 13.9697 77.6998 24
    endloop
  endfacet
  facet normal 0 0 1
    outer loop
      vertex 16.25 75.7 24
      vertex 12 16 24
      vertex 20.5 16 24
    endloop
  endfacet
  facet normal 0 0 1
    outer loop
      vertex 14.2581 76.85 24
      vertex 8 85 24
      vertex 12 16 24
    endloop
  endfacet
  facet normal 0 0 1
    outer loop
      vertex 8 3.8 24
      vertex 12 16 24
      vertex 8 85 24
    endloop
  endfacet
  facet normal 0 0 1
    outer loop
      vertex 12 16 24
      vertex 8 3.8 24
      vertex 12 0 24
    endloop
  endfacet
  facet normal 0 0 1
    outer loop
      vertex 2.8 1.3 24
      vertex 8 3.8 24
      vertex 2.8 3.8 24
    endloop
  endfacet
  facet normal 0 0 1
    outer loop
      vertex 8 3.8 24
      vertex 2.8 1.3 24
      vertex 12 0 24
    endloop
  endfacet
  facet normal -0 0 1
    outer loop
      vertex -2.8 1.3 24
      vertex 12 0 24
      vertex 2.8 1.3 24
    endloop
  endfacet
  facet normal 0 0 1
    outer loop
      vertex -2.8 1.3 24
      vertex -12 0 24
      vertex 12 0 24
    endloop
  endfacet
  facet normal 0 0 1
    outer loop
      vertex -8 3.8 24
      vertex -12 0 24
      vertex -2.8 1.3 24
    endloop
  endfacet
  facet normal 0 0 1
    outer loop
      vertex -12 0 24
      vertex -8 3.8 24
      vertex -12 16 24
    endloop
  endfacet
  facet normal 1 -0 0
    outer loop
      vertex 20.5 16 24
      vertex 20.5 85 23
      vertex 20.5 85 24
    endloop
  endfacet
  facet normal 1 0 0
    outer loop
      vertex 20.5 16 17.5
      vertex 20.5 85 23
      vertex 20.5 16 24
    endloop
  endfacet
  facet normal 1 0 0
    outer loop
      vertex 20.5 85 23
      vertex 20.5 16 17.5
      vertex 20.5 85 17.5
    endloop
  endfacet
  facet normal 0 -1 0
    outer loop
      vertex 12 16 24
      vertex 20.5 16 17.5
      vertex 20.5 16 24
    endloop
  endfacet
  facet normal -0 -1 0
    outer loop
      vertex 20.5 16 17.5
      vertex 12 16 24
      vertex 12 16 9
    endloop
  endfacet
  facet normal 0.707107 0 -0.707107
    outer loop
      vertex 20.5 16 17.5
      vertex 12 85 9
      vertex 20.5 85 17.5
    endloop
  endfacet
  facet normal 0.707107 0 -0.707107
    outer loop
      vertex 12 85 9
      vertex 20.5 16 17.5
      vertex 12 16 9
    endloop
  endfacet
  facet normal 0 0 1
    outer loop
      vertex -12 26 4
      vertex -22.7 21 4
      vertex -12 16 4
    endloop
  endfacet
  facet normal 0 0 1
    outer loop
      vertex -12 26 4
      vertex -22.7197 21.3002 4
      vertex -22.7 21 4
    endloop
  endfacet
  facet normal 0 0 1
    outer loop
      vertex -12 26 4
      vertex -22.7784 21.5953 4
      vertex -22.7197 21.3002 4
    endloop
  endfacet
  facet normal 0 0 1
    outer loop
      vertex -12 26 4
      vertex -22.8751 21.8802 4
      vertex -22.7784 21.5953 4
    endloop
  endfacet
  facet normal 0 0 1
    outer loop
      vertex -12 26 4
      vertex -23.0081 22.15 4
      vertex -22.8751 21.8802 4
    endloop
  endfacet
  facet normal 0 0 1
    outer loop
      vertex -12 26 4
      vertex -23.1753 22.4002 4
      vertex -23.0081 22.15 4
    endloop
  endfacet
  facet normal 0 0 1
    outer loop
      vertex -12 26 4
      vertex -23.3737 22.6263 4
      vertex -23.1753 22.4002 4
    endloop
  endfacet
  facet normal 0 0 1
    outer loop
      vertex -12 26 4
      vertex -23.5998 22.8247 4
      vertex -23.3737 22.6263 4
    endloop
  endfacet
  facet normal 0 0 1
    outer loop
      vertex -12 26 4
      vertex -23.85 22.9919 4
      vertex -23.5998 22.8247 4
    endloop
  endfacet
  facet normal 0 0 1
    outer loop
      vertex -12 26 4
      vertex -24.1198 23.1249 4
      vertex -23.85 22.9919 4
    endloop
  endfacet
  facet normal 0 0 1
    outer loop
      vertex -12 26 4
      vertex -24.4047 23.2216 4
      vertex -24.1198 23.1249 4
    endloop
  endfacet
  facet normal 0 0 1
    outer loop
      vertex -12 26 4
      vertex -24.6998 23.2803 4
      vertex -24.4047 23.2216 4
    endloop
  endfacet
  facet normal -0 0 1
    outer loop
      vertex -31 26 4
      vertex -24.6998 23.2803 4
      vertex -12 26 4
    endloop
  endfacet
  facet normal 0 0 1
    outer loop
      vertex -24.6998 23.2803 4
      vertex -31 26 4
      vertex -25 23.3 4
    endloop
  endfacet
  facet normal 0 0 1
    outer loop
      vertex -25 23.3 4
      vertex -31 26 4
      vertex -25.3002 23.2803 4
    endloop
  endfacet
  facet normal 0 0 1
    outer loop
      vertex -31 18.8485 4
      vertex -27.3 21 4
      vertex -27.2803 21.3002 4
    endloop
  endfacet
  facet normal 0 0 1
    outer loop
      vertex -25.3002 23.2803 4
      vertex -31 26 4
      vertex -25.5953 23.2216 4
    endloop
  endfacet
  facet normal 0 0 1
    outer loop
      vertex -31 26 4
      vertex -25.8802 23.1249 4
      vertex -25.5953 23.2216 4
    endloop
  endfacet
  facet normal 0 0 1
    outer loop
      vertex -31 26 4
      vertex -26.15 22.9919 4
      vertex -25.8802 23.1249 4
    endloop
  endfacet
  facet normal 0 0 1
    outer loop
      vertex -31 26 4
      vertex -26.4002 22.8247 4
      vertex -26.15 22.9919 4
    endloop
  endfacet
  facet normal 0 0 1
    outer loop
      vertex -31 26 4
      vertex -26.6263 22.6263 4
      vertex -26.4002 22.8247 4
    endloop
  endfacet
  facet normal 0 0 1
    outer loop
      vertex -31 26 4
      vertex -26.8247 22.4002 4
      vertex -26.6263 22.6263 4
    endloop
  endfacet
  facet normal 0 0 1
    outer loop
      vertex -31 26 4
      vertex -26.9919 22.15 4
      vertex -26.8247 22.4002 4
    endloop
  endfacet
  facet normal 0 0 1
    outer loop
      vertex -31 26 4
      vertex -27.1249 21.8802 4
      vertex -26.9919 22.15 4
    endloop
  endfacet
  facet normal 0 0 1
    outer loop
      vertex -31 26 4
      vertex -27.2216 21.5953 4
      vertex -27.1249 21.8802 4
    endloop
  endfacet
  facet normal 0 0 1
    outer loop
      vertex -31 18.8485 4
      vertex -27.2216 21.5953 4
      vertex -31 26 4
    endloop
  endfacet
  facet normal 0 0 1
    outer loop
      vertex -27.2216 21.5953 4
      vertex -31 18.8485 4
      vertex -27.2803 21.3002 4
    endloop
  endfacet
  facet normal 0 0 1
    outer loop
      vertex -27.3 21 4
      vertex -31 18.8485 4
      vertex -28.1515 16 4
    endloop
  endfacet
  facet normal -0 0 1
    outer loop
      vertex -22.7197 20.6998 4
      vertex -12 16 4
      vertex -22.7 21 4
    endloop
  endfacet
  facet normal -0 0 1
    outer loop
      vertex -22.7784 20.4047 4
      vertex -12 16 4
      vertex -22.7197 20.6998 4
    endloop
  endfacet
  facet normal -0 0 1
    outer loop
      vertex -22.8751 20.1198 4
      vertex -12 16 4
      vertex -22.7784 20.4047 4
    endloop
  endfacet
  facet normal -0 0 1
    outer loop
      vertex -23.0081 19.85 4
      vertex -12 16 4
      vertex -22.8751 20.1198 4
    endloop
  endfacet
  facet normal -0 0 1
    outer loop
      vertex -23.1753 19.5998 4
      vertex -12 16 4
      vertex -23.0081 19.85 4
    endloop
  endfacet
  facet normal -0 0 1
    outer loop
      vertex -23.3737 19.3737 4
      vertex -12 16 4
      vertex -23.1753 19.5998 4
    endloop
  endfacet
  facet normal -0 0 1
    outer loop
      vertex -23.5998 19.1753 4
      vertex -12 16 4
      vertex -23.3737 19.3737 4
    endloop
  endfacet
  facet normal -0 0 1
    outer loop
      vertex -23.85 19.0081 4
      vertex -12 16 4
      vertex -23.5998 19.1753 4
    endloop
  endfacet
  facet normal -0 0 1
    outer loop
      vertex -24.1198 18.8751 4
      vertex -12 16 4
      vertex -23.85 19.0081 4
    endloop
  endfacet
  facet normal 0 0 1
    outer loop
      vertex -28.1515 16 4
      vertex -24.1198 18.8751 4
      vertex -24.4047 18.7784 4
    endloop
  endfacet
  facet normal 0 0 1
    outer loop
      vertex -28.1515 16 4
      vertex -24.4047 18.7784 4
      vertex -24.6998 18.7197 4
    endloop
  endfacet
  facet normal 0 0 1
    outer loop
      vertex -28.1515 16 4
      vertex -24.6998 18.7197 4
      vertex -25 18.7 4
    endloop
  endfacet
  facet normal 0 0 1
    outer loop
      vertex -28.1515 16 4
      vertex -25 18.7 4
      vertex -25.3002 18.7197 4
    endloop
  endfacet
  facet normal 0 0 1
    outer loop
      vertex -28.1515 16 4
      vertex -25.3002 18.7197 4
      vertex -25.5953 18.7784 4
    endloop
  endfacet
  facet normal 0 0 1
    outer loop
      vertex -24.1198 18.8751 4
      vertex -28.1515 16 4
      vertex -12 16 4
    endloop
  endfacet
  facet normal 0 0 1
    outer loop
      vertex -25.8802 18.8751 4
      vertex -28.1515 16 4
      vertex -25.5953 18.7784 4
    endloop
  endfacet
  facet normal 0 0 1
    outer loop
      vertex -26.15 19.0081 4
      vertex -28.1515 16 4
      vertex -25.8802 18.8751 4
    endloop
  endfacet
  facet normal 0 0 1
    outer loop
      vertex -26.4002 19.1753 4
      vertex -28.1515 16 4
      vertex -26.15 19.0081 4
    endloop
  endfacet
  facet normal 0 0 1
    outer loop
      vertex -26.6263 19.3737 4
      vertex -28.1515 16 4
      vertex -26.4002 19.1753 4
    endloop
  endfacet
  facet normal 0 0 1
    outer loop
      vertex -26.8247 19.5998 4
      vertex -28.1515 16 4
      vertex -26.6263 19.3737 4
    endloop
  endfacet
  facet normal 0 0 1
    outer loop
      vertex -26.9919 19.85 4
      vertex -28.1515 16 4
      vertex -26.8247 19.5998 4
    endloop
  endfacet
  facet normal 0 0 1
    outer loop
      vertex -27.1249 20.1198 4
      vertex -28.1515 16 4
      vertex -26.9919 19.85 4
    endloop
  endfacet
  facet normal 0 0 1
    outer loop
      vertex -27.2216 20.4047 4
      vertex -28.1515 16 4
      vertex -27.1249 20.1198 4
    endloop
  endfacet
  facet normal 0 0 1
    outer loop
      vertex -27.2803 20.6998 4
      vertex -28.1515 16 4
      vertex -27.2216 20.4047 4
    endloop
  endfacet
  facet normal 0 0 1
    outer loop
      vertex -28.1515 16 4
      vertex -27.2803 20.6998 4
      vertex -27.3 21 4
    endloop
  endfacet
  facet normal -1 0 0
    outer loop
      vertex -31 18.8485 0
      vertex -31 26 4
      vertex -31 26 0
    endloop
  endfacet
  facet normal -1 -0 0
    outer loop
      vertex -31 26 4
      vertex -31 18.8485 0
      vertex -31 18.8485 4
    endloop
  endfacet
  facet normal 0 1 -0
    outer loop
      vertex -12 26 0
      vertex -31 26 4
      vertex -12 26 4
    endloop
  endfacet
  facet normal 0 1 0
    outer loop
      vertex -31 26 4
      vertex -12 26 0
      vertex -31 26 0
    endloop
  endfacet
  facet normal -1 0 0
    outer loop
      vertex -12 0 0
      vertex -12 16 4
      vertex -12 16 0
    endloop
  endfacet
  facet normal -1 -0 0
    outer loop
      vertex -12 16 4
      vertex -12 0 0
      vertex -12 16 9
    endloop
  endfacet
  facet normal -1 0 0
    outer loop
      vertex -12 0 24
      vertex -12 16 9
      vertex -12 0 0
    endloop
  endfacet
  facet normal -1 0 0
    outer loop
      vertex -12 16 9
      vertex -12 0 24
      vertex -12 16 24
    endloop
  endfacet
  facet normal -1 0 0
    outer loop
      vertex -12 26 4
      vertex -12 85 0
      vertex -12 26 0
    endloop
  endfacet
  facet normal -1 0 0
    outer loop
      vertex -12 85 0
      vertex -12 26 4
      vertex -12 85 9
    endloop
  endfacet
  facet normal -1 0 0
    outer loop
      vertex -12 16 9
      vertex -12 26 4
      vertex -12 16 4
    endloop
  endfacet
  facet normal -1 0 0
    outer loop
      vertex -12 26 4
      vertex -12 16 9
      vertex -12 85 9
    endloop
  endfacet
  facet normal 0 0 -1
    outer loop
      vertex -12 16 0
      vertex -22.7 21 0
      vertex -12 26 0
    endloop
  endfacet
  facet normal 0 0 -1
    outer loop
      vertex -12 16 0
      vertex -22.7197 20.6998 0
      vertex -22.7 21 0
    endloop
  endfacet
  facet normal 0 0 -1
    outer loop
      vertex -12 16 0
      vertex -22.7784 20.4047 0
      vertex -22.7197 20.6998 0
    endloop
  endfacet
  facet normal 0 0 -1
    outer loop
      vertex -12 16 0
      vertex -22.8751 20.1198 0
      vertex -22.7784 20.4047 0
    endloop
  endfacet
  facet normal 0 0 -1
    outer loop
      vertex -12 16 0
      vertex -23.0081 19.85 0
      vertex -22.8751 20.1198 0
    endloop
  endfacet
  facet normal 0 0 -1
    outer loop
      vertex -12 16 0
      vertex -23.1753 19.5998 0
      vertex -23.0081 19.85 0
    endloop
  endfacet
  facet normal 0 0 -1
    outer loop
      vertex -12 16 0
      vertex -23.3737 19.3737 0
      vertex -23.1753 19.5998 0
    endloop
  endfacet
  facet normal 0 0 -1
    outer loop
      vertex -12 16 0
      vertex -23.5998 19.1753 0
      vertex -23.3737 19.3737 0
    endloop
  endfacet
  facet normal 0 0 -1
    outer loop
      vertex -12 16 0
      vertex -23.85 19.0081 0
      vertex -23.5998 19.1753 0
    endloop
  endfacet
  facet normal 0 0 -1
    outer loop
      vertex -12 16 0
      vertex -24.1198 18.8751 0
      vertex -23.85 19.0081 0
    endloop
  endfacet
  facet normal 0 0 -1
    outer loop
      vertex -28.1515 16 0
      vertex -24.1198 18.8751 0
      vertex -12 16 0
    endloop
  endfacet
  facet normal 0 0 -1
    outer loop
      vertex -24.1198 18.8751 0
      vertex -28.1515 16 0
      vertex -24.4047 18.7784 0
    endloop
  endfacet
  facet normal 0 0 -1
    outer loop
      vertex -24.4047 18.7784 0
      vertex -28.1515 16 0
      vertex -24.6998 18.7197 0
    endloop
  endfacet
  facet normal 0 0 -1
    outer loop
      vertex -24.6998 18.7197 0
      vertex -28.1515 16 0
      vertex -25 18.7 0
    endloop
  endfacet
  facet normal -0 0 -1
    outer loop
      vertex -25 18.7 0
      vertex -28.1515 16 0
      vertex -25.3002 18.7197 0
    endloop
  endfacet
  facet normal -0 0 -1
    outer loop
      vertex -27.2216 20.4047 0
      vertex -31 18.8485 0
      vertex -27.2803 20.6998 0
    endloop
  endfacet
  facet normal -0 0 -1
    outer loop
      vertex -27.1249 20.1198 0
      vertex -31 18.8485 0
      vertex -27.2216 20.4047 0
    endloop
  endfacet
  facet normal -0 0 -1
    outer loop
      vertex -26.9919 19.85 0
      vertex -31 18.8485 0
      vertex -27.1249 20.1198 0
    endloop
  endfacet
  facet normal -0 0 -1
    outer loop
      vertex -26.8247 19.5998 0
      vertex -31 18.8485 0
      vertex -26.9919 19.85 0
    endloop
  endfacet
  facet normal 0 0 -1
    outer loop
      vertex -31 18.8485 0
      vertex -26.8247 19.5998 0
      vertex -28.1515 16 0
    endloop
  endfacet
  facet normal -0 0 -1
    outer loop
      vertex -26.6263 19.3737 0
      vertex -28.1515 16 0
      vertex -26.8247 19.5998 0
    endloop
  endfacet
  facet normal -0 0 -1
    outer loop
      vertex -26.4002 19.1753 0
      vertex -28.1515 16 0
      vertex -26.6263 19.3737 0
    endloop
  endfacet
  facet normal -0 0 -1
    outer loop
      vertex -26.15 19.0081 0
      vertex -28.1515 16 0
      vertex -26.4002 19.1753 0
    endloop
  endfacet
  facet normal -0 0 -1
    outer loop
      vertex -25.8802 18.8751 0
      vertex -28.1515 16 0
      vertex -26.15 19.0081 0
    endloop
  endfacet
  facet normal -0 0 -1
    outer loop
      vertex -25.5953 18.7784 0
      vertex -28.1515 16 0
      vertex -25.8802 18.8751 0
    endloop
  endfacet
  facet normal -0 0 -1
    outer loop
      vertex -25.3002 18.7197 0
      vertex -28.1515 16 0
      vertex -25.5953 18.7784 0
    endloop
  endfacet
  facet normal 0 0 -1
    outer loop
      vertex -22.7197 21.3002 0
      vertex -12 26 0
      vertex -22.7 21 0
    endloop
  endfacet
  facet normal 0 0 -1
    outer loop
      vertex -22.7784 21.5953 0
      vertex -12 26 0
      vertex -22.7197 21.3002 0
    endloop
  endfacet
  facet normal 0 0 -1
    outer loop
      vertex -22.8751 21.8802 0
      vertex -12 26 0
      vertex -22.7784 21.5953 0
    endloop
  endfacet
  facet normal 0 0 -1
    outer loop
      vertex -23.0081 22.15 0
      vertex -12 26 0
      vertex -22.8751 21.8802 0
    endloop
  endfacet
  facet normal 0 0 -1
    outer loop
      vertex -23.1753 22.4002 0
      vertex -12 26 0
      vertex -23.0081 22.15 0
    endloop
  endfacet
  facet normal 0 0 -1
    outer loop
      vertex -23.3737 22.6263 0
      vertex -12 26 0
      vertex -23.1753 22.4002 0
    endloop
  endfacet
  facet normal 0 0 -1
    outer loop
      vertex -23.5998 22.8247 0
      vertex -12 26 0
      vertex -23.3737 22.6263 0
    endloop
  endfacet
  facet normal 0 0 -1
    outer loop
      vertex -23.85 22.9919 0
      vertex -12 26 0
      vertex -23.5998 22.8247 0
    endloop
  endfacet
  facet normal 0 0 -1
    outer loop
      vertex -24.1198 23.1249 0
      vertex -12 26 0
      vertex -23.85 22.9919 0
    endloop
  endfacet
  facet normal 0 0 -1
    outer loop
      vertex -24.4047 23.2216 0
      vertex -12 26 0
      vertex -24.1198 23.1249 0
    endloop
  endfacet
  facet normal 0 0 -1
    outer loop
      vertex -24.6998 23.2803 0
      vertex -12 26 0
      vertex -24.4047 23.2216 0
    endloop
  endfacet
  facet normal 0 0 -1
    outer loop
      vertex -31 26 0
      vertex -24.6998 23.2803 0
      vertex -25 23.3 0
    endloop
  endfacet
  facet normal 0 0 -1
    outer loop
      vertex -31 26 0
      vertex -25 23.3 0
      vertex -25.3002 23.2803 0
    endloop
  endfacet
  facet normal 0 0 -1
    outer loop
      vertex -31 26 0
      vertex -25.3002 23.2803 0
      vertex -25.5953 23.2216 0
    endloop
  endfacet
  facet normal -0 0 -1
    outer loop
      vertex -27.2803 20.6998 0
      vertex -31 18.8485 0
      vertex -27.3 21 0
    endloop
  endfacet
  facet normal -0 0 -1
    outer loop
      vertex -27.3 21 0
      vertex -31 18.8485 0
      vertex -27.2803 21.3002 0
    endloop
  endfacet
  facet normal 0 0 -1
    outer loop
      vertex -31 18.8485 0
      vertex -27.2216 21.5953 0
      vertex -27.2803 21.3002 0
    endloop
  endfacet
  facet normal 0 0 -1
    outer loop
      vertex -31 26 0
      vertex -27.2216 21.5953 0
      vertex -31 18.8485 0
    endloop
  endfacet
  facet normal 0 0 -1
    outer loop
      vertex -27.2216 21.5953 0
      vertex -31 26 0
      vertex -27.1249 21.8802 0
    endloop
  endfacet
  facet normal 0 0 -1
    outer loop
      vertex -27.1249 21.8802 0
      vertex -31 26 0
      vertex -26.9919 22.15 0
    endloop
  endfacet
  facet normal 0 0 -1
    outer loop
      vertex -26.9919 22.15 0
      vertex -31 26 0
      vertex -26.8247 22.4002 0
    endloop
  endfacet
  facet normal 0 0 -1
    outer loop
      vertex -26.8247 22.4002 0
      vertex -31 26 0
      vertex -26.6263 22.6263 0
    endloop
  endfacet
  facet normal 0 0 -1
    outer loop
      vertex -24.6998 23.2803 0
      vertex -31 26 0
      vertex -12 26 0
    endloop
  endfacet
  facet normal 0 0 -1
    outer loop
      vertex -25.8802 23.1249 0
      vertex -31 26 0
      vertex -25.5953 23.2216 0
    endloop
  endfacet
  facet normal 0 0 -1
    outer loop
      vertex -26.15 22.9919 0
      vertex -31 26 0
      vertex -25.8802 23.1249 0
    endloop
  endfacet
  facet normal 0 0 -1
    outer loop
      vertex -26.4002 22.8247 0
      vertex -31 26 0
      vertex -26.15 22.9919 0
    endloop
  endfacet
  facet normal 0 0 -1
    outer loop
      vertex -26.6263 22.6263 0
      vertex -31 26 0
      vertex -26.4002 22.8247 0
    endloop
  endfacet
  facet normal 0 0 -1
    outer loop
      vertex 6.5 3.8 0
      vertex 12 16 0
      vertex 12 0 0
    endloop
  endfacet
  facet normal -0 0 -1
    outer loop
      vertex 12 16 0
      vertex 6.5 15.8 0
      vertex 12 26 0
    endloop
  endfacet
  facet normal 0 0 -1
    outer loop
      vertex 12 16 0
      vertex 6.5 3.8 0
      vertex 6.5 15.8 0
    endloop
  endfacet
  facet normal 0 0 -1
    outer loop
      vertex 12 0 0
      vertex -6.5 3.8 0
      vertex 6.5 3.8 0
    endloop
  endfacet
  facet normal 0 0 -1
    outer loop
      vertex -12 16 0
      vertex -6.5 3.8 0
      vertex -12 0 0
    endloop
  endfacet
  facet normal 0 0 -1
    outer loop
      vertex -12 0 0
      vertex -6.5 3.8 0
      vertex 12 0 0
    endloop
  endfacet
  facet normal 0 0 -1
    outer loop
      vertex 12 85 0
      vertex 24 108 0
      vertex 24 85 0
    endloop
  endfacet
  facet normal 0 0 -1
    outer loop
      vertex -12 26 0
      vertex 12 26 0
      vertex 6.5 15.8 0
    endloop
  endfacet
  facet normal 0 0 -1
    outer loop
      vertex -12 26 0
      vertex 6.5 15.8 0
      vertex -6.5 15.8 0
    endloop
  endfacet
  facet normal 0 0 -1
    outer loop
      vertex -6.5 3.8 0
      vertex -12 16 0
      vertex -6.5 15.8 0
    endloop
  endfacet
  facet normal 0 0 -1
    outer loop
      vertex -12 26 0
      vertex -6.5 15.8 0
      vertex -12 16 0
    endloop
  endfacet
  facet normal 0 0 -1
    outer loop
      vertex 12 26 0
      vertex -12 26 0
      vertex 12 85 0
    endloop
  endfacet
  facet normal 0 0 -1
    outer loop
      vertex -12 85 0
      vertex 12 85 0
      vertex -12 26 0
    endloop
  endfacet
  facet normal 0 0 -1
    outer loop
      vertex -12 85 0
      vertex 24 108 0
      vertex 12 85 0
    endloop
  endfacet
  facet normal 0 0 -1
    outer loop
      vertex -24 108 0
      vertex -12 85 0
      vertex -24 85 0
    endloop
  endfacet
  facet normal 0 0 -1
    outer loop
      vertex -12 85 0
      vertex -24 108 0
      vertex 24 108 0
    endloop
  endfacet
  facet normal 0 0 -1
    outer loop
      vertex 31 18.8485 0
      vertex 27.2803 20.6998 0
      vertex 27.3 21 0
    endloop
  endfacet
  facet normal 0 0 -1
    outer loop
      vertex 31 18.8485 0
      vertex 27.2216 20.4047 0
      vertex 27.2803 20.6998 0
    endloop
  endfacet
  facet normal 0 0 -1
    outer loop
      vertex 31 18.8485 0
      vertex 27.1249 20.1198 0
      vertex 27.2216 20.4047 0
    endloop
  endfacet
  facet normal 0 0 -1
    outer loop
      vertex 31 18.8485 0
      vertex 26.9919 19.85 0
      vertex 27.1249 20.1198 0
    endloop
  endfacet
  facet normal 0 0 -1
    outer loop
      vertex 31 18.8485 0
      vertex 26.8247 19.5998 0
      vertex 26.9919 19.85 0
    endloop
  endfacet
  facet normal 0 0 -1
    outer loop
      vertex 28.1515 16 0
      vertex 26.6263 19.3737 0
      vertex 26.8247 19.5998 0
    endloop
  endfacet
  facet normal 0 0 -1
    outer loop
      vertex 28.1515 16 0
      vertex 26.4002 19.1753 0
      vertex 26.6263 19.3737 0
    endloop
  endfacet
  facet normal 0 0 -1
    outer loop
      vertex 28.1515 16 0
      vertex 26.15 19.0081 0
      vertex 26.4002 19.1753 0
    endloop
  endfacet
  facet normal 0 0 -1
    outer loop
      vertex 28.1515 16 0
      vertex 25.8802 18.8751 0
      vertex 26.15 19.0081 0
    endloop
  endfacet
  facet normal 0 0 -1
    outer loop
      vertex 28.1515 16 0
      vertex 25.5953 18.7784 0
      vertex 25.8802 18.8751 0
    endloop
  endfacet
  facet normal 0 0 -1
    outer loop
      vertex 28.1515 16 0
      vertex 25.3002 18.7197 0
      vertex 25.5953 18.7784 0
    endloop
  endfacet
  facet normal 0 0 -1
    outer loop
      vertex 28.1515 16 0
      vertex 25 18.7 0
      vertex 25.3002 18.7197 0
    endloop
  endfacet
  facet normal 0 0 -1
    outer loop
      vertex 28.1515 16 0
      vertex 24.6998 18.7197 0
      vertex 25 18.7 0
    endloop
  endfacet
  facet normal 0 0 -1
    outer loop
      vertex 28.1515 16 0
      vertex 24.4047 18.7784 0
      vertex 24.6998 18.7197 0
    endloop
  endfacet
  facet normal 0 0 -1
    outer loop
      vertex 28.1515 16 0
      vertex 24.1198 18.8751 0
      vertex 24.4047 18.7784 0
    endloop
  endfacet
  facet normal 0 0 -1
    outer loop
      vertex 12 16 0
      vertex 24.1198 18.8751 0
      vertex 28.1515 16 0
    endloop
  endfacet
  facet normal -0 0 -1
    outer loop
      vertex 24.1198 18.8751 0
      vertex 12 16 0
      vertex 23.85 19.0081 0
    endloop
  endfacet
  facet normal -0 0 -1
    outer loop
      vertex 22.7197 20.6998 0
      vertex 12 16 0
      vertex 22.7 21 0
    endloop
  endfacet
  facet normal -0 0 -1
    outer loop
      vertex 22.7784 20.4047 0
      vertex 12 16 0
      vertex 22.7197 20.6998 0
    endloop
  endfacet
  facet normal -0 0 -1
    outer loop
      vertex 22.8751 20.1198 0
      vertex 12 16 0
      vertex 22.7784 20.4047 0
    endloop
  endfacet
  facet normal -0 0 -1
    outer loop
      vertex 23.0081 19.85 0
      vertex 12 16 0
      vertex 22.8751 20.1198 0
    endloop
  endfacet
  facet normal -0 0 -1
    outer loop
      vertex 23.1753 19.5998 0
      vertex 12 16 0
      vertex 23.0081 19.85 0
    endloop
  endfacet
  facet normal -0 0 -1
    outer loop
      vertex 23.3737 19.3737 0
      vertex 12 16 0
      vertex 23.1753 19.5998 0
    endloop
  endfacet
  facet normal -0 0 -1
    outer loop
      vertex 23.5998 19.1753 0
      vertex 12 16 0
      vertex 23.3737 19.3737 0
    endloop
  endfacet
  facet normal -0 0 -1
    outer loop
      vertex 23.85 19.0081 0
      vertex 12 16 0
      vertex 23.5998 19.1753 0
    endloop
  endfacet
  facet normal 0 0 -1
    outer loop
      vertex 26.8247 19.5998 0
      vertex 31 18.8485 0
      vertex 28.1515 16 0
    endloop
  endfacet
  facet normal 0 0 -1
    outer loop
      vertex 27.2803 21.3002 0
      vertex 31 18.8485 0
      vertex 27.3 21 0
    endloop
  endfacet
  facet normal 0 0 -1
    outer loop
      vertex 27.2216 21.5953 0
      vertex 31 18.8485 0
      vertex 27.2803 21.3002 0
    endloop
  endfacet
  facet normal 0 0 -1
    outer loop
      vertex 31 18.8485 0
      vertex 27.2216 21.5953 0
      vertex 31 26 0
    endloop
  endfacet
  facet normal 0 0 -1
    outer loop
      vertex 27.1249 21.8802 0
      vertex 31 26 0
      vertex 27.2216 21.5953 0
    endloop
  endfacet
  facet normal 0 0 -1
    outer loop
      vertex 26.9919 22.15 0
      vertex 31 26 0
      vertex 27.1249 21.8802 0
    endloop
  endfacet
  facet normal 0 0 -1
    outer loop
      vertex 26.8247 22.4002 0
      vertex 31 26 0
      vertex 26.9919 22.15 0
    endloop
  endfacet
  facet normal 0 0 -1
    outer loop
      vertex 26.6263 22.6263 0
      vertex 31 26 0
      vertex 26.8247 22.4002 0
    endloop
  endfacet
  facet normal 0 0 -1
    outer loop
      vertex 26.4002 22.8247 0
      vertex 31 26 0
      vertex 26.6263 22.6263 0
    endloop
  endfacet
  facet normal 0 0 -1
    outer loop
      vertex 26.15 22.9919 0
      vertex 31 26 0
      vertex 26.4002 22.8247 0
    endloop
  endfacet
  facet normal 0 0 -1
    outer loop
      vertex 25.8802 23.1249 0
      vertex 31 26 0
      vertex 26.15 22.9919 0
    endloop
  endfacet
  facet normal 0 0 -1
    outer loop
      vertex 25.5953 23.2216 0
      vertex 31 26 0
      vertex 25.8802 23.1249 0
    endloop
  endfacet
  facet normal 0 0 -1
    outer loop
      vertex 25.3002 23.2803 0
      vertex 31 26 0
      vertex 25.5953 23.2216 0
    endloop
  endfacet
  facet normal 0 0 -1
    outer loop
      vertex 25 23.3 0
      vertex 31 26 0
      vertex 25.3002 23.2803 0
    endloop
  endfacet
  facet normal 0 0 -1
    outer loop
      vertex 24.6998 23.2803 0
      vertex 31 26 0
      vertex 25 23.3 0
    endloop
  endfacet
  facet normal 0 0 -1
    outer loop
      vertex 24.4047 23.2216 0
      vertex 31 26 0
      vertex 24.6998 23.2803 0
    endloop
  endfacet
  facet normal 0 0 -1
    outer loop
      vertex 12 26 0
      vertex 24.4047 23.2216 0
      vertex 24.1198 23.1249 0
    endloop
  endfacet
  facet normal 0 0 -1
    outer loop
      vertex 12 26 0
      vertex 22.7 21 0
      vertex 12 16 0
    endloop
  endfacet
  facet normal 0 0 -1
    outer loop
      vertex 22.7 21 0
      vertex 12 26 0
      vertex 22.7197 21.3002 0
    endloop
  endfacet
  facet normal 0 0 -1
    outer loop
      vertex 22.7197 21.3002 0
      vertex 12 26 0
      vertex 22.7784 21.5953 0
    endloop
  endfacet
  facet normal 0 0 -1
    outer loop
      vertex 22.7784 21.5953 0
      vertex 12 26 0
      vertex 22.8751 21.8802 0
    endloop
  endfacet
  facet normal 0 0 -1
    outer loop
      vertex 22.8751 21.8802 0
      vertex 12 26 0
      vertex 23.0081 22.15 0
    endloop
  endfacet
  facet normal 0 0 -1
    outer loop
      vertex 23.0081 22.15 0
      vertex 12 26 0
      vertex 23.1753 22.4002 0
    endloop
  endfacet
  facet normal 0 0 -1
    outer loop
      vertex 23.1753 22.4002 0
      vertex 12 26 0
      vertex 23.3737 22.6263 0
    endloop
  endfacet
  facet normal 0 0 -1
    outer loop
      vertex 23.3737 22.6263 0
      vertex 12 26 0
      vertex 23.5998 22.8247 0
    endloop
  endfacet
  facet normal 0 0 -1
    outer loop
      vertex 24.4047 23.2216 0
      vertex 12 26 0
      vertex 31 26 0
    endloop
  endfacet
  facet normal 0 0 -1
    outer loop
      vertex 23.85 22.9919 0
      vertex 12 26 0
      vertex 24.1198 23.1249 0
    endloop
  endfacet
  facet normal 0 0 -1
    outer loop
      vertex 23.5998 22.8247 0
      vertex 12 26 0
      vertex 23.85 22.9919 0
    endloop
  endfacet
  facet normal 0 -1 0
    outer loop
      vertex -28.1515 16 0
      vertex -12 16 4
      vertex -28.1515 16 4
    endloop
  endfacet
  facet normal 0 -1 -0
    outer loop
      vertex -12 16 4
      vertex -28.1515 16 0
      vertex -12 16 0
    endloop
  endfacet
  facet normal 1 -0 0
    outer loop
      vertex 12 0 24
      vertex 12 16 9
      vertex 12 16 24
    endloop
  endfacet
  facet normal 1 0 0
    outer loop
      vertex 12 0 0
      vertex 12 16 9
      vertex 12 0 24
    endloop
  endfacet
  facet normal 1 0 0
    outer loop
      vertex 12 16 9
      vertex 12 0 0
      vertex 12 16 4
    endloop
  endfacet
  facet normal 1 0 0
    outer loop
      vertex 12 16 4
      vertex 12 0 0
      vertex 12 16 0
    endloop
  endfacet
  facet normal 1 0 0
    outer loop
      vertex 12 85 9
      vertex 12 26 4
      vertex 12 85 0
    endloop
  endfacet
  facet normal 1 -0 0
    outer loop
      vertex 12 16 9
      vertex 12 26 4
      vertex 12 85 9
    endloop
  endfacet
  facet normal 1 0 0
    outer loop
      vertex 12 26 4
      vertex 12 16 9
      vertex 12 16 4
    endloop
  endfacet
  facet normal 1 0 0
    outer loop
      vertex 12 85 0
      vertex 12 26 4
      vertex 12 26 0
    endloop
  endfacet
  facet normal -0 0 1
    outer loop
      vertex 27.2216 21.5953 4
      vertex 31 18.8485 4
      vertex 31 26 4
    endloop
  endfacet
  facet normal 0 0 1
    outer loop
      vertex 31 18.8485 4
      vertex 27.3 21 4
      vertex 27.2803 20.6998 4
    endloop
  endfacet
  facet normal 0 0 1
    outer loop
      vertex 31 18.8485 4
      vertex 27.2803 21.3002 4
      vertex 27.3 21 4
    endloop
  endfacet
  facet normal 0 0 1
    outer loop
      vertex 31 18.8485 4
      vertex 27.2216 21.5953 4
      vertex 27.2803 21.3002 4
    endloop
  endfacet
  facet normal 0 0 1
    outer loop
      vertex 31 26 4
      vertex 27.1249 21.8802 4
      vertex 27.2216 21.5953 4
    endloop
  endfacet
  facet normal 0 0 1
    outer loop
      vertex 31 26 4
      vertex 26.9919 22.15 4
      vertex 27.1249 21.8802 4
    endloop
  endfacet
  facet normal 0 0 1
    outer loop
      vertex 31 26 4
      vertex 26.8247 22.4002 4
      vertex 26.9919 22.15 4
    endloop
  endfacet
  facet normal 0 0 1
    outer loop
      vertex 31 26 4
      vertex 26.6263 22.6263 4
      vertex 26.8247 22.4002 4
    endloop
  endfacet
  facet normal 0 0 1
    outer loop
      vertex 31 26 4
      vertex 26.4002 22.8247 4
      vertex 26.6263 22.6263 4
    endloop
  endfacet
  facet normal 0 0 1
    outer loop
      vertex 31 26 4
      vertex 26.15 22.9919 4
      vertex 26.4002 22.8247 4
    endloop
  endfacet
  facet normal 0 0 1
    outer loop
      vertex 31 26 4
      vertex 25.8802 23.1249 4
      vertex 26.15 22.9919 4
    endloop
  endfacet
  facet normal 0 0 1
    outer loop
      vertex 31 26 4
      vertex 25.5953 23.2216 4
      vertex 25.8802 23.1249 4
    endloop
  endfacet
  facet normal 0 0 1
    outer loop
      vertex 31 26 4
      vertex 25.3002 23.2803 4
      vertex 25.5953 23.2216 4
    endloop
  endfacet
  facet normal 0 0 1
    outer loop
      vertex 31 26 4
      vertex 25 23.3 4
      vertex 25.3002 23.2803 4
    endloop
  endfacet
  facet normal 0 0 1
    outer loop
      vertex 31 26 4
      vertex 24.6998 23.2803 4
      vertex 25 23.3 4
    endloop
  endfacet
  facet normal 0 0 1
    outer loop
      vertex 31 26 4
      vertex 24.4047 23.2216 4
      vertex 24.6998 23.2803 4
    endloop
  endfacet
  facet normal -0 0 1
    outer loop
      vertex 12 26 4
      vertex 24.4047 23.2216 4
      vertex 31 26 4
    endloop
  endfacet
  facet normal 0 0 1
    outer loop
      vertex 22.7197 21.3002 4
      vertex 12 26 4
      vertex 22.7 21 4
    endloop
  endfacet
  facet normal 0 0 1
    outer loop
      vertex 22.7784 21.5953 4
      vertex 12 26 4
      vertex 22.7197 21.3002 4
    endloop
  endfacet
  facet normal 0 0 1
    outer loop
      vertex 22.8751 21.8802 4
      vertex 12 26 4
      vertex 22.7784 21.5953 4
    endloop
  endfacet
  facet normal 0 0 1
    outer loop
      vertex 23.0081 22.15 4
      vertex 12 26 4
      vertex 22.8751 21.8802 4
    endloop
  endfacet
  facet normal 0 0 1
    outer loop
      vertex 23.1753 22.4002 4
      vertex 12 26 4
      vertex 23.0081 22.15 4
    endloop
  endfacet
  facet normal 0 0 1
    outer loop
      vertex 23.3737 22.6263 4
      vertex 12 26 4
      vertex 23.1753 22.4002 4
    endloop
  endfacet
  facet normal 0 0 1
    outer loop
      vertex 23.5998 22.8247 4
      vertex 12 26 4
      vertex 23.3737 22.6263 4
    endloop
  endfacet
  facet normal 0 0 1
    outer loop
      vertex 23.85 22.9919 4
      vertex 12 26 4
      vertex 23.5998 22.8247 4
    endloop
  endfacet
  facet normal 0 0 1
    outer loop
      vertex 24.1198 23.1249 4
      vertex 12 26 4
      vertex 23.85 22.9919 4
    endloop
  endfacet
  facet normal 0 0 1
    outer loop
      vertex 24.4047 23.2216 4
      vertex 12 26 4
      vertex 24.1198 23.1249 4
    endloop
  endfacet
  facet normal -0 0 1
    outer loop
      vertex 27.2216 20.4047 4
      vertex 31 18.8485 4
      vertex 27.2803 20.6998 4
    endloop
  endfacet
  facet normal -0 0 1
    outer loop
      vertex 27.1249 20.1198 4
      vertex 31 18.8485 4
      vertex 27.2216 20.4047 4
    endloop
  endfacet
  facet normal -0 0 1
    outer loop
      vertex 26.9919 19.85 4
      vertex 31 18.8485 4
      vertex 27.1249 20.1198 4
    endloop
  endfacet
  facet normal -0 0 1
    outer loop
      vertex 26.8247 19.5998 4
      vertex 31 18.8485 4
      vertex 26.9919 19.85 4
    endloop
  endfacet
  facet normal 0 0 1
    outer loop
      vertex 31 18.8485 4
      vertex 26.8247 19.5998 4
      vertex 28.1515 16 4
    endloop
  endfacet
  facet normal -0 0 1
    outer loop
      vertex 26.6263 19.3737 4
      vertex 28.1515 16 4
      vertex 26.8247 19.5998 4
    endloop
  endfacet
  facet normal -0 0 1
    outer loop
      vertex 26.4002 19.1753 4
      vertex 28.1515 16 4
      vertex 26.6263 19.3737 4
    endloop
  endfacet
  facet normal -0 0 1
    outer loop
      vertex 26.15 19.0081 4
      vertex 28.1515 16 4
      vertex 26.4002 19.1753 4
    endloop
  endfacet
  facet normal -0 0 1
    outer loop
      vertex 25.8802 18.8751 4
      vertex 28.1515 16 4
      vertex 26.15 19.0081 4
    endloop
  endfacet
  facet normal -0 0 1
    outer loop
      vertex 25.5953 18.7784 4
      vertex 28.1515 16 4
      vertex 25.8802 18.8751 4
    endloop
  endfacet
  facet normal -0 0 1
    outer loop
      vertex 25.3002 18.7197 4
      vertex 28.1515 16 4
      vertex 25.5953 18.7784 4
    endloop
  endfacet
  facet normal -0 0 1
    outer loop
      vertex 25 18.7 4
      vertex 28.1515 16 4
      vertex 25.3002 18.7197 4
    endloop
  endfacet
  facet normal 0 0 1
    outer loop
      vertex 24.6998 18.7197 4
      vertex 28.1515 16 4
      vertex 25 18.7 4
    endloop
  endfacet
  facet normal 0 0 1
    outer loop
      vertex 24.4047 18.7784 4
      vertex 28.1515 16 4
      vertex 24.6998 18.7197 4
    endloop
  endfacet
  facet normal 0 0 1
    outer loop
      vertex 24.1198 18.8751 4
      vertex 28.1515 16 4
      vertex 24.4047 18.7784 4
    endloop
  endfacet
  facet normal 0 0 1
    outer loop
      vertex 12 16 4
      vertex 24.1198 18.8751 4
      vertex 23.85 19.0081 4
    endloop
  endfacet
  facet normal 0 0 1
    outer loop
      vertex 12 16 4
      vertex 23.85 19.0081 4
      vertex 23.5998 19.1753 4
    endloop
  endfacet
  facet normal 0 0 1
    outer loop
      vertex 12 16 4
      vertex 22.7 21 4
      vertex 12 26 4
    endloop
  endfacet
  facet normal 0 0 1
    outer loop
      vertex 22.7 21 4
      vertex 12 16 4
      vertex 22.7197 20.6998 4
    endloop
  endfacet
  facet normal 0 0 1
    outer loop
      vertex 22.7197 20.6998 4
      vertex 12 16 4
      vertex 22.7784 20.4047 4
    endloop
  endfacet
  facet normal 0 0 1
    outer loop
      vertex 22.7784 20.4047 4
      vertex 12 16 4
      vertex 22.8751 20.1198 4
    endloop
  endfacet
  facet normal 0 0 1
    outer loop
      vertex 22.8751 20.1198 4
      vertex 12 16 4
      vertex 23.0081 19.85 4
    endloop
  endfacet
  facet normal 0 0 1
    outer loop
      vertex 23.0081 19.85 4
      vertex 12 16 4
      vertex 23.1753 19.5998 4
    endloop
  endfacet
  facet normal 0 0 1
    outer loop
      vertex 23.1753 19.5998 4
      vertex 12 16 4
      vertex 23.3737 19.3737 4
    endloop
  endfacet
  facet normal 0 0 1
    outer loop
      vertex 23.3737 19.3737 4
      vertex 12 16 4
      vertex 23.5998 19.1753 4
    endloop
  endfacet
  facet normal 0 0 1
    outer loop
      vertex 24.1198 18.8751 4
      vertex 12 16 4
      vertex 28.1515 16 4
    endloop
  endfacet
  facet normal 1 -0 0
    outer loop
      vertex 31 18.8485 4
      vertex 31 26 0
      vertex 31 26 4
    endloop
  endfacet
  facet normal 1 0 0
    outer loop
      vertex 31 26 0
      vertex 31 18.8485 4
      vertex 31 18.8485 0
    endloop
  endfacet
  facet normal 0 -1 0
    outer loop
      vertex 12 16 0
      vertex 28.1515 16 4
      vertex 12 16 4
    endloop
  endfacet
  facet normal 0 -1 -0
    outer loop
      vertex 28.1515 16 4
      vertex 12 16 0
      vertex 28.1515 16 0
    endloop
  endfacet
  facet normal 0 1 -0
    outer loop
      vertex 31 26 0
      vertex 12 26 4
      vertex 31 26 4
    endloop
  endfacet
  facet normal 0 1 0
    outer loop
      vertex 12 26 4
      vertex 31 26 0
      vertex 12 26 0
    endloop
  endfacet
  facet normal 0 -1 0
    outer loop
      vertex -12 0 0
      vertex 12 0 24
      vertex -12 0 24
    endloop
  endfacet
  facet normal 0 -1 -0
    outer loop
      vertex 12 0 24
      vertex -12 0 0
      vertex 12 0 0
    endloop
  endfacet
  facet normal -1 0 0
    outer loop
      vertex -24 108 0
      vertex -24 99.4 15
      vertex -24 108 23
    endloop
  endfacet
  facet normal -1 0 0
    outer loop
      vertex -24 108 0
      vertex -24 93.6 15
      vertex -24 99.4 15
    endloop
  endfacet
  facet normal -1 0 0
    outer loop
      vertex -24 85 23
      vertex -24 93.6 15
      vertex -24 85 0
    endloop
  endfacet
  facet normal -1 0 0
    outer loop
      vertex -24 85 0
      vertex -24 93.6 15
      vertex -24 108 0
    endloop
  endfacet
  facet normal -1 0 0
    outer loop
      vertex -24 99.4 17.7
      vertex -24 108 23
      vertex -24 99.4 15
    endloop
  endfacet
  facet normal -1 0 0
    outer loop
      vertex -24 93.6 17.7
      vertex -24 108 23
      vertex -24 99.4 17.7
    endloop
  endfacet
  facet normal -1 0 0
    outer loop
      vertex -24 93.6 17.7
      vertex -24 85 23
      vertex -24 108 23
    endloop
  endfacet
  facet normal -1 0 0
    outer loop
      vertex -24 93.6 15
      vertex -24 85 23
      vertex -24 93.6 17.7
    endloop
  endfacet
  facet normal 0 0 1
    outer loop
      vertex 24 108 23
      vertex 21 96.5 23
      vertex 24 85 23
    endloop
  endfacet
  facet normal 0 0 1
    outer loop
      vertex 24 108 23
      vertex 20.9855 96.7219 23
      vertex 21 96.5 23
    endloop
  endfacet
  facet normal 0 0 1
    outer loop
      vertex 24 108 23
      vertex 20.9421 96.94 23
      vertex 20.9855 96.7219 23
    endloop
  endfacet
  facet normal 0 0 1
    outer loop
      vertex 24 108 23
      vertex 20.8706 97.1506 23
      vertex 20.9421 96.94 23
    endloop
  endfacet
  facet normal 0 0 1
    outer loop
      vertex 24 108 23
      vertex 20.7722 97.35 23
      vertex 20.8706 97.1506 23
    endloop
  endfacet
  facet normal 0 0 1
    outer loop
      vertex 24 108 23
      vertex 20.6487 97.5349 23
      vertex 20.7722 97.35 23
    endloop
  endfacet
  facet normal 0 0 1
    outer loop
      vertex 24 108 23
      vertex 20.5021 97.7021 23
      vertex 20.6487 97.5349 23
    endloop
  endfacet
  facet normal 0 0 1
    outer loop
      vertex 24 108 23
      vertex 20.3349 97.8487 23
      vertex 20.5021 97.7021 23
    endloop
  endfacet
  facet normal 0 0 1
    outer loop
      vertex 24 108 23
      vertex 20.15 97.9722 23
      vertex 20.3349 97.8487 23
    endloop
  endfacet
  facet normal 0 0 1
    outer loop
      vertex 24 108 23
      vertex 19.9506 98.0706 23
      vertex 20.15 97.9722 23
    endloop
  endfacet
  facet normal 0 0 1
    outer loop
      vertex 24 108 23
      vertex 19.74 98.1421 23
      vertex 19.9506 98.0706 23
    endloop
  endfacet
  facet normal 0 0 1
    outer loop
      vertex 24 108 23
      vertex 19.5219 98.1855 23
      vertex 19.74 98.1421 23
    endloop
  endfacet
  facet normal 0 0 1
    outer loop
      vertex 24 108 23
      vertex 19.3 98.2 23
      vertex 19.5219 98.1855 23
    endloop
  endfacet
  facet normal 0 0 1
    outer loop
      vertex 24 108 23
      vertex 19.0781 98.1855 23
      vertex 19.3 98.2 23
    endloop
  endfacet
  facet normal -0 0 1
    outer loop
      vertex 12.5345 108 23
      vertex 19.0781 98.1855 23
      vertex 24 108 23
    endloop
  endfacet
  facet normal 0 0 1
    outer loop
      vertex 19.0781 98.1855 23
      vertex 12.5345 108 23
      vertex 18.86 98.1421 23
    endloop
  endfacet
  facet normal 0 0 1
    outer loop
      vertex 18.86 98.1421 23
      vertex 12.5345 108 23
      vertex 18.6494 98.0706 23
    endloop
  endfacet
  facet normal 0 0 1
    outer loop
      vertex 18.6494 98.0706 23
      vertex 12.5345 108 23
      vertex 18.45 97.9722 23
    endloop
  endfacet
  facet normal 0 0 1
    outer loop
      vertex 18.45 97.9722 23
      vertex 12.5345 108 23
      vertex 18.2651 97.8487 23
    endloop
  endfacet
  facet normal 0 0 1
    outer loop
      vertex 18.2651 97.8487 23
      vertex 12.5345 108 23
      vertex 18.0979 97.7021 23
    endloop
  endfacet
  facet normal 0 0 1
    outer loop
      vertex 18.0979 97.7021 23
      vertex 12.5345 108 23
      vertex 17.9513 97.5349 23
    endloop
  endfacet
  facet normal 0 0 1
    outer loop
      vertex 17.6145 96.7219 23
      vertex 12.5345 108 23
      vertex 17.6 96.5 23
    endloop
  endfacet
  facet normal 0 0 1
    outer loop
      vertex 17.6579 96.94 23
      vertex 12.5345 108 23
      vertex 17.6145 96.7219 23
    endloop
  endfacet
  facet normal 0 0 1
    outer loop
      vertex 17.7294 97.1506 23
      vertex 12.5345 108 23
      vertex 17.6579 96.94 23
    endloop
  endfacet
  facet normal 0 0 1
    outer loop
      vertex 17.8278 97.35 23
      vertex 12.5345 108 23
      vertex 17.7294 97.1506 23
    endloop
  endfacet
  facet normal 0 0 1
    outer loop
      vertex 17.9513 97.5349 23
      vertex 12.5345 108 23
      vertex 17.8278 97.35 23
    endloop
  endfacet
  facet normal -0 0 1
    outer loop
      vertex 20.9855 96.2781 23
      vertex 24 85 23
      vertex 21 96.5 23
    endloop
  endfacet
  facet normal -0 0 1
    outer loop
      vertex 20.9421 96.06 23
      vertex 24 85 23
      vertex 20.9855 96.2781 23
    endloop
  endfacet
  facet normal -0 0 1
    outer loop
      vertex 20.8706 95.8494 23
      vertex 24 85 23
      vertex 20.9421 96.06 23
    endloop
  endfacet
  facet normal -0 0 1
    outer loop
      vertex 20.7722 95.65 23
      vertex 24 85 23
      vertex 20.8706 95.8494 23
    endloop
  endfacet
  facet normal -0 0 1
    outer loop
      vertex 20.6487 95.4651 23
      vertex 24 85 23
      vertex 20.7722 95.65 23
    endloop
  endfacet
  facet normal -0 0 1
    outer loop
      vertex 20.5021 95.2979 23
      vertex 24 85 23
      vertex 20.6487 95.4651 23
    endloop
  endfacet
  facet normal -0 0 1
    outer loop
      vertex 20.3349 95.1513 23
      vertex 24 85 23
      vertex 20.5021 95.2979 23
    endloop
  endfacet
  facet normal -0 0 1
    outer loop
      vertex 20.15 95.0278 23
      vertex 24 85 23
      vertex 20.3349 95.1513 23
    endloop
  endfacet
  facet normal -0 0 1
    outer loop
      vertex 19.9506 94.9294 23
      vertex 24 85 23
      vertex 20.15 95.0278 23
    endloop
  endfacet
  facet normal 0 0 1
    outer loop
      vertex 24 85 23
      vertex 19.9506 94.9294 23
      vertex 20.5 85 23
    endloop
  endfacet
  facet normal -0 0 1
    outer loop
      vertex 19.74 94.8579 23
      vertex 20.5 85 23
      vertex 19.9506 94.9294 23
    endloop
  endfacet
  facet normal -0 0 1
    outer loop
      vertex 19.5219 94.8145 23
      vertex 20.5 85 23
      vertex 19.74 94.8579 23
    endloop
  endfacet
  facet normal -0 0 1
    outer loop
      vertex 19.3 94.8 23
      vertex 20.5 85 23
      vertex 19.5219 94.8145 23
    endloop
  endfacet
  facet normal 0 0 1
    outer loop
      vertex 19.0781 94.8145 23
      vertex 20.5 85 23
      vertex 19.3 94.8 23
    endloop
  endfacet
  facet normal 0 0 1
    outer loop
      vertex 18.86 94.8579 23
      vertex 20.5 85 23
      vertex 19.0781 94.8145 23
    endloop
  endfacet
  facet normal 0 0 1
    outer loop
      vertex 18.6494 94.9294 23
      vertex 20.5 85 23
      vertex 18.86 94.8579 23
    endloop
  endfacet
  facet normal 0 0 1
    outer loop
      vertex 12.5345 85 23
      vertex 18.6494 94.9294 23
      vertex 18.45 95.0278 23
    endloop
  endfacet
  facet normal 0 0 1
    outer loop
      vertex 12.5345 85 23
      vertex 18.45 95.0278 23
      vertex 18.2651 95.1513 23
    endloop
  endfacet
  facet normal 0 0 1
    outer loop
      vertex 12.5345 85 23
      vertex 18.2651 95.1513 23
      vertex 18.0979 95.2979 23
    endloop
  endfacet
  facet normal 0 0 1
    outer loop
      vertex 12.5345 85 23
      vertex 18.0979 95.2979 23
      vertex 17.9513 95.4651 23
    endloop
  endfacet
  facet normal 0 0 1
    outer loop
      vertex 12.5345 85 23
      vertex 17.9513 95.4651 23
      vertex 17.8278 95.65 23
    endloop
  endfacet
  facet normal 0 0 1
    outer loop
      vertex 12.5345 85 23
      vertex 17.8278 95.65 23
      vertex 17.7294 95.8494 23
    endloop
  endfacet
  facet normal 0 0 1
    outer loop
      vertex 12.5345 85 23
      vertex 17.7294 95.8494 23
      vertex 17.6579 96.06 23
    endloop
  endfacet
  facet normal 0 0 1
    outer loop
      vertex 12.5345 85 23
      vertex 17.6 96.5 23
      vertex 12.5345 108 23
    endloop
  endfacet
  facet normal 0 0 1
    outer loop
      vertex 17.6 96.5 23
      vertex 12.5345 85 23
      vertex 17.6145 96.2781 23
    endloop
  endfacet
  facet normal 0 0 1
    outer loop
      vertex 17.6145 96.2781 23
      vertex 12.5345 85 23
      vertex 17.6579 96.06 23
    endloop
  endfacet
  facet normal 0 0 1
    outer loop
      vertex 18.6494 94.9294 23
      vertex 12.5345 85 23
      vertex 20.5 85 23
    endloop
  endfacet
  facet normal 0 0 1
    outer loop
      vertex -12.5345 108 23
      vertex -17.6 96.5 23
      vertex -12.5345 85 23
    endloop
  endfacet
  facet normal 0 0 1
    outer loop
      vertex -12.5345 108 23
      vertex -17.6145 96.7219 23
      vertex -17.6 96.5 23
    endloop
  endfacet
  facet normal 0 0 1
    outer loop
      vertex -12.5345 108 23
      vertex -17.6579 96.94 23
      vertex -17.6145 96.7219 23
    endloop
  endfacet
  facet normal 0 0 1
    outer loop
      vertex -12.5345 108 23
      vertex -17.7294 97.1506 23
      vertex -17.6579 96.94 23
    endloop
  endfacet
  facet normal 0 0 1
    outer loop
      vertex -12.5345 108 23
      vertex -17.8278 97.35 23
      vertex -17.7294 97.1506 23
    endloop
  endfacet
  facet normal 0 0 1
    outer loop
      vertex -12.5345 108 23
      vertex -17.9513 97.5349 23
      vertex -17.8278 97.35 23
    endloop
  endfacet
  facet normal 0 0 1
    outer loop
      vertex -12.5345 108 23
      vertex -18.0979 97.7021 23
      vertex -17.9513 97.5349 23
    endloop
  endfacet
  facet normal 0 0 1
    outer loop
      vertex -12.5345 108 23
      vertex -18.2651 97.8487 23
      vertex -18.0979 97.7021 23
    endloop
  endfacet
  facet normal 0 0 1
    outer loop
      vertex -12.5345 108 23
      vertex -18.45 97.9722 23
      vertex -18.2651 97.8487 23
    endloop
  endfacet
  facet normal 0 0 1
    outer loop
      vertex -12.5345 108 23
      vertex -18.6494 98.0706 23
      vertex -18.45 97.9722 23
    endloop
  endfacet
  facet normal 0 0 1
    outer loop
      vertex -12.5345 108 23
      vertex -18.86 98.1421 23
      vertex -18.6494 98.0706 23
    endloop
  endfacet
  facet normal 0 0 1
    outer loop
      vertex -12.5345 108 23
      vertex -19.0781 98.1855 23
      vertex -18.86 98.1421 23
    endloop
  endfacet
  facet normal -0 0 1
    outer loop
      vertex -24 108 23
      vertex -19.0781 98.1855 23
      vertex -12.5345 108 23
    endloop
  endfacet
  facet normal 0 0 1
    outer loop
      vertex -19.0781 98.1855 23
      vertex -24 108 23
      vertex -19.3 98.2 23
    endloop
  endfacet
  facet normal 0 0 1
    outer loop
      vertex -19.3 98.2 23
      vertex -24 108 23
      vertex -19.5219 98.1855 23
    endloop
  endfacet
  facet normal 0 0 1
    outer loop
      vertex -19.5219 98.1855 23
      vertex -24 108 23
      vertex -19.74 98.1421 23
    endloop
  endfacet
  facet normal 0 0 1
    outer loop
      vertex -19.74 98.1421 23
      vertex -24 108 23
      vertex -19.9506 98.0706 23
    endloop
  endfacet
  facet normal 0 0 1
    outer loop
      vertex -19.9506 98.0706 23
      vertex -24 108 23
      vertex -20.15 97.9722 23
    endloop
  endfacet
  facet normal 0 0 1
    outer loop
      vertex -20.15 97.9722 23
      vertex -24 108 23
      vertex -20.3349 97.8487 23
    endloop
  endfacet
  facet normal 0 0 1
    outer loop
      vertex -20.3349 97.8487 23
      vertex -24 108 23
      vertex -20.5021 97.7021 23
    endloop
  endfacet
  facet normal 0 0 1
    outer loop
      vertex -20.9855 96.7219 23
      vertex -24 108 23
      vertex -21 96.5 23
    endloop
  endfacet
  facet normal 0 0 1
    outer loop
      vertex -20.9421 96.94 23
      vertex -24 108 23
      vertex -20.9855 96.7219 23
    endloop
  endfacet
  facet normal 0 0 1
    outer loop
      vertex -20.8706 97.1506 23
      vertex -24 108 23
      vertex -20.9421 96.94 23
    endloop
  endfacet
  facet normal 0 0 1
    outer loop
      vertex -20.7722 97.35 23
      vertex -24 108 23
      vertex -20.8706 97.1506 23
    endloop
  endfacet
  facet normal 0 0 1
    outer loop
      vertex -20.6487 97.5349 23
      vertex -24 108 23
      vertex -20.7722 97.35 23
    endloop
  endfacet
  facet normal 0 0 1
    outer loop
      vertex -20.5021 97.7021 23
      vertex -24 108 23
      vertex -20.6487 97.5349 23
    endloop
  endfacet
  facet normal -0 0 1
    outer loop
      vertex -17.6145 96.2781 23
      vertex -12.5345 85 23
      vertex -17.6 96.5 23
    endloop
  endfacet
  facet normal -0 0 1
    outer loop
      vertex -17.6579 96.06 23
      vertex -12.5345 85 23
      vertex -17.6145 96.2781 23
    endloop
  endfacet
  facet normal -0 0 1
    outer loop
      vertex -17.7294 95.8494 23
      vertex -12.5345 85 23
      vertex -17.6579 96.06 23
    endloop
  endfacet
  facet normal -0 0 1
    outer loop
      vertex -17.8278 95.65 23
      vertex -12.5345 85 23
      vertex -17.7294 95.8494 23
    endloop
  endfacet
  facet normal -0 0 1
    outer loop
      vertex -17.9513 95.4651 23
      vertex -12.5345 85 23
      vertex -17.8278 95.65 23
    endloop
  endfacet
  facet normal -0 0 1
    outer loop
      vertex -18.0979 95.2979 23
      vertex -12.5345 85 23
      vertex -17.9513 95.4651 23
    endloop
  endfacet
  facet normal -0 0 1
    outer loop
      vertex -18.2651 95.1513 23
      vertex -12.5345 85 23
      vertex -18.0979 95.2979 23
    endloop
  endfacet
  facet normal -0 0 1
    outer loop
      vertex -18.45 95.0278 23
      vertex -12.5345 85 23
      vertex -18.2651 95.1513 23
    endloop
  endfacet
  facet normal -0 0 1
    outer loop
      vertex -18.6494 94.9294 23
      vertex -12.5345 85 23
      vertex -18.45 95.0278 23
    endloop
  endfacet
  facet normal 0 0 1
    outer loop
      vertex -20.5 85 23
      vertex -18.6494 94.9294 23
      vertex -18.86 94.8579 23
    endloop
  endfacet
  facet normal 0 0 1
    outer loop
      vertex -20.5 85 23
      vertex -18.86 94.8579 23
      vertex -19.0781 94.8145 23
    endloop
  endfacet
  facet normal 0 0 1
    outer loop
      vertex -20.5 85 23
      vertex -19.0781 94.8145 23
      vertex -19.3 94.8 23
    endloop
  endfacet
  facet normal 0 0 1
    outer loop
      vertex -20.5 85 23
      vertex -19.3 94.8 23
      vertex -19.5219 94.8145 23
    endloop
  endfacet
  facet normal 0 0 1
    outer loop
      vertex -20.5 85 23
      vertex -19.5219 94.8145 23
      vertex -19.74 94.8579 23
    endloop
  endfacet
  facet normal 0 0 1
    outer loop
      vertex -20.5 85 23
      vertex -19.74 94.8579 23
      vertex -19.9506 94.9294 23
    endloop
  endfacet
  facet normal 0 0 1
    outer loop
      vertex -24 85 23
      vertex -19.9506 94.9294 23
      vertex -20.15 95.0278 23
    endloop
  endfacet
  facet normal 0 0 1
    outer loop
      vertex -24 85 23
      vertex -20.15 95.0278 23
      vertex -20.3349 95.1513 23
    endloop
  endfacet
  facet normal 0 0 1
    outer loop
      vertex -18.6494 94.9294 23
      vertex -20.5 85 23
      vertex -12.5345 85 23
    endloop
  endfacet
  facet normal 0 0 1
    outer loop
      vertex -24 85 23
      vertex -20.3349 95.1513 23
      vertex -20.5021 95.2979 23
    endloop
  endfacet
  facet normal 0 0 1
    outer loop
      vertex -24 85 23
      vertex -20.5021 95.2979 23
      vertex -20.6487 95.4651 23
    endloop
  endfacet
  facet normal 0 0 1
    outer loop
      vertex -24 85 23
      vertex -20.6487 95.4651 23
      vertex -20.7722 95.65 23
    endloop
  endfacet
  facet normal 0 0 1
    outer loop
      vertex -24 85 23
      vertex -20.7722 95.65 23
      vertex -20.8706 95.8494 23
    endloop
  endfacet
  facet normal 0 0 1
    outer loop
      vertex -24 85 23
      vertex -20.8706 95.8494 23
      vertex -20.9421 96.06 23
    endloop
  endfacet
  facet normal 0 0 1
    outer loop
      vertex -24 85 23
      vertex -20.9421 96.06 23
      vertex -20.9855 96.2781 23
    endloop
  endfacet
  facet normal 0 0 1
    outer loop
      vertex -24 85 23
      vertex -20.9855 96.2781 23
      vertex -21 96.5 23
    endloop
  endfacet
  facet normal 0 0 1
    outer loop
      vertex -24 85 23
      vertex -21 96.5 23
      vertex -24 108 23
    endloop
  endfacet
  facet normal 0 0 1
    outer loop
      vertex -19.9506 94.9294 23
      vertex -24 85 23
      vertex -20.5 85 23
    endloop
  endfacet
  facet normal 1 0 0
    outer loop
      vertex 24 99.4 15
      vertex 24 108 23
      vertex 24 99.4 17.7
    endloop
  endfacet
  facet normal 1 0 0
    outer loop
      vertex 24 108 23
      vertex 24 93.6 17.7
      vertex 24 99.4 17.7
    endloop
  endfacet
  facet normal 1 0 0
    outer loop
      vertex 24 93.6 17.7
      vertex 24 85 23
      vertex 24 93.6 15
    endloop
  endfacet
  facet normal 1 -0 0
    outer loop
      vertex 24 85 23
      vertex 24 93.6 17.7
      vertex 24 108 23
    endloop
  endfacet
  facet normal 1 0 0
    outer loop
      vertex 24 108 23
      vertex 24 99.4 15
      vertex 24 108 0
    endloop
  endfacet
  facet normal 1 -0 0
    outer loop
      vertex 24 93.6 15
      vertex 24 108 0
      vertex 24 99.4 15
    endloop
  endfacet
  facet normal 1 0 0
    outer loop
      vertex 24 85 0
      vertex 24 93.6 15
      vertex 24 85 23
    endloop
  endfacet
  facet normal 1 0 0
    outer loop
      vertex 24 93.6 15
      vertex 24 85 0
      vertex 24 108 0
    endloop
  endfacet
  facet normal 0 1 0
    outer loop
      vertex 24 108 23
      vertex 12.4922 108 22.3554
      vertex 12.5345 108 23
    endloop
  endfacet
  facet normal 0 1 0
    outer loop
      vertex 24 108 23
      vertex 12.1707 108 20.7389
      vertex 12.4922 108 22.3554
    endloop
  endfacet
  facet normal 0 1 0
    outer loop
      vertex 24 108 23
      vertex 11.6409 108 19.1782
      vertex 12.1707 108 20.7389
    endloop
  endfacet
  facet normal 0 1 0
    outer loop
      vertex 24 108 23
      vertex 10.9119 108 17.7
      vertex 11.6409 108 19.1782
    endloop
  endfacet
  facet normal 0 1 -0
    outer loop
      vertex 24 108 0
      vertex 10.9119 108 17.7
      vertex 24 108 23
    endloop
  endfacet
  facet normal 0 1 0
    outer loop
      vertex 10.9119 108 17.7
      vertex 24 108 0
      vertex 9.99625 108 16.3296
    endloop
  endfacet
  facet normal 0 1 0
    outer loop
      vertex 9.99625 108 16.3296
      vertex 24 108 0
      vertex 8.90954 108 15.0905
    endloop
  endfacet
  facet normal 0 1 0
    outer loop
      vertex 8.90954 108 15.0905
      vertex 24 108 0
      vertex 7.67039 108 14.0037
    endloop
  endfacet
  facet normal 0 1 0
    outer loop
      vertex 1.64463 108 11.5078
      vertex 24 108 0
      vertex 0 108 11.4
    endloop
  endfacet
  facet normal 0 1 0
    outer loop
      vertex 3.26112 108 11.8293
      vertex 24 108 0
      vertex 1.64463 108 11.5078
    endloop
  endfacet
  facet normal 0 1 0
    outer loop
      vertex 4.82181 108 12.3591
      vertex 24 108 0
      vertex 3.26112 108 11.8293
    endloop
  endfacet
  facet normal 0 1 0
    outer loop
      vertex 6.3 108 13.0881
      vertex 24 108 0
      vertex 4.82181 108 12.3591
    endloop
  endfacet
  facet normal 0 1 0
    outer loop
      vertex 7.67039 108 14.0037
      vertex 24 108 0
      vertex 6.3 108 13.0881
    endloop
  endfacet
  facet normal 0 1 0
    outer loop
      vertex -12.4922 108 22.3554
      vertex -24 108 23
      vertex -12.5345 108 23
    endloop
  endfacet
  facet normal 0 1 0
    outer loop
      vertex -12.1707 108 20.7389
      vertex -24 108 23
      vertex -12.4922 108 22.3554
    endloop
  endfacet
  facet normal 0 1 0
    outer loop
      vertex -11.6409 108 19.1782
      vertex -24 108 23
      vertex -12.1707 108 20.7389
    endloop
  endfacet
  facet normal 0 1 0
    outer loop
      vertex -10.9119 108 17.7
      vertex -24 108 23
      vertex -11.6409 108 19.1782
    endloop
  endfacet
  facet normal 0 1 0
    outer loop
      vertex -24 108 0
      vertex -10.9119 108 17.7
      vertex -9.99625 108 16.3296
    endloop
  endfacet
  facet normal 0 1 0
    outer loop
      vertex -24 108 0
      vertex -9.99625 108 16.3296
      vertex -8.90954 108 15.0905
    endloop
  endfacet
  facet normal 0 1 0
    outer loop
      vertex -24 108 0
      vertex -8.90954 108 15.0905
      vertex -7.67039 108 14.0037
    endloop
  endfacet
  facet normal 0 1 0
    outer loop
      vertex -24 108 0
      vertex -7.67039 108 14.0037
      vertex -6.3 108 13.0881
    endloop
  endfacet
  facet normal 0 1 0
    outer loop
      vertex -24 108 0
      vertex 0 108 11.4
      vertex 24 108 0
    endloop
  endfacet
  facet normal 0 1 0
    outer loop
      vertex 0 108 11.4
      vertex -24 108 0
      vertex -1.64463 108 11.5078
    endloop
  endfacet
  facet normal 0 1 0
    outer loop
      vertex -1.64463 108 11.5078
      vertex -24 108 0
      vertex -3.26112 108 11.8293
    endloop
  endfacet
  facet normal 0 1 0
    outer loop
      vertex -10.9119 108 17.7
      vertex -24 108 0
      vertex -24 108 23
    endloop
  endfacet
  facet normal 0 1 0
    outer loop
      vertex -4.82181 108 12.3591
      vertex -24 108 0
      vertex -6.3 108 13.0881
    endloop
  endfacet
  facet normal 0 1 0
    outer loop
      vertex -3.26112 108 11.8293
      vertex -24 108 0
      vertex -4.82181 108 12.3591
    endloop
  endfacet
  facet normal -0.997854 -0.0654821 0
    outer loop
      vertex -13.95 25 20.5
      vertex -13.9697 25.3002 24
      vertex -13.9697 25.3002 20.5
    endloop
  endfacet
  facet normal -0.997854 -0.0654821 0
    outer loop
      vertex -13.9697 25.3002 24
      vertex -13.95 25 20.5
      vertex -13.95 25 24
    endloop
  endfacet
  facet normal 0.0654821 -0.997854 0
    outer loop
      vertex -16.5502 27.2803 20.5
      vertex -16.25 27.3 24
      vertex -16.5502 27.2803 24
    endloop
  endfacet
  facet normal 0.0654821 -0.997854 0
    outer loop
      vertex -16.25 27.3 24
      vertex -16.5502 27.2803 20.5
      vertex -16.25 27.3 20.5
    endloop
  endfacet
  facet normal -0.0654821 0.997854 0
    outer loop
      vertex -15.9498 22.7197 20.5
      vertex -16.25 22.7 24
      vertex -15.9498 22.7197 24
    endloop
  endfacet
  facet normal -0.0654821 0.997854 0
    outer loop
      vertex -16.25 22.7 24
      vertex -15.9498 22.7197 20.5
      vertex -16.25 22.7 20.5
    endloop
  endfacet
  facet normal 0.659563 0.751649 -0
    outer loop
      vertex -17.6502 23.1753 20.5
      vertex -17.8763 23.3737 24
      vertex -17.6502 23.1753 24
    endloop
  endfacet
  facet normal 0.659563 0.751649 0
    outer loop
      vertex -17.8763 23.3737 24
      vertex -17.6502 23.1753 20.5
      vertex -17.8763 23.3737 20.5
    endloop
  endfacet
  facet normal -0.659563 -0.751649 0
    outer loop
      vertex -14.8498 26.8247 20.5
      vertex -14.6237 26.6263 24
      vertex -14.8498 26.8247 24
    endloop
  endfacet
  facet normal -0.659563 -0.751649 -0
    outer loop
      vertex -14.6237 26.6263 24
      vertex -14.8498 26.8247 20.5
      vertex -14.6237 26.6263 20.5
    endloop
  endfacet
  facet normal 0.751649 -0.659563 0
    outer loop
      vertex -18.0747 26.4002 24
      vertex -17.8763 26.6263 20.5
      vertex -17.8763 26.6263 24
    endloop
  endfacet
  facet normal 0.751649 -0.659563 0
    outer loop
      vertex -17.8763 26.6263 20.5
      vertex -18.0747 26.4002 24
      vertex -18.0747 26.4002 20.5
    endloop
  endfacet
  facet normal 0.442153 -0.89694 0
    outer loop
      vertex -17.4 26.9919 20.5
      vertex -17.1302 27.1249 24
      vertex -17.4 26.9919 24
    endloop
  endfacet
  facet normal 0.442153 -0.89694 0
    outer loop
      vertex -17.1302 27.1249 24
      vertex -17.4 26.9919 20.5
      vertex -17.1302 27.1249 20.5
    endloop
  endfacet
  facet normal -0.89694 -0.442153 0
    outer loop
      vertex -14.1251 25.8802 20.5
      vertex -14.2581 26.15 24
      vertex -14.2581 26.15 20.5
    endloop
  endfacet
  facet normal -0.89694 -0.442153 0
    outer loop
      vertex -14.2581 26.15 24
      vertex -14.1251 25.8802 20.5
      vertex -14.1251 25.8802 24
    endloop
  endfacet
  facet normal -0.831436 -0.55562 0
    outer loop
      vertex -14.2581 26.15 20.5
      vertex -14.4253 26.4002 24
      vertex -14.4253 26.4002 20.5
    endloop
  endfacet
  facet normal -0.831436 -0.55562 0
    outer loop
      vertex -14.4253 26.4002 24
      vertex -14.2581 26.15 20.5
      vertex -14.2581 26.15 24
    endloop
  endfacet
  facet normal -0.321408 -0.946941 0
    outer loop
      vertex -15.6547 27.2216 20.5
      vertex -15.3698 27.1249 24
      vertex -15.6547 27.2216 24
    endloop
  endfacet
  facet normal -0.321408 -0.946941 -0
    outer loop
      vertex -15.3698 27.1249 24
      vertex -15.6547 27.2216 20.5
      vertex -15.3698 27.1249 20.5
    endloop
  endfacet
  facet normal -0.195093 -0.980785 0
    outer loop
      vertex -15.9498 27.2803 20.5
      vertex -15.6547 27.2216 24
      vertex -15.9498 27.2803 24
    endloop
  endfacet
  facet normal -0.195093 -0.980785 -0
    outer loop
      vertex -15.6547 27.2216 24
      vertex -15.9498 27.2803 20.5
      vertex -15.6547 27.2216 20.5
    endloop
  endfacet
  facet normal -0.442153 -0.89694 0
    outer loop
      vertex -15.3698 27.1249 20.5
      vertex -15.1 26.9919 24
      vertex -15.3698 27.1249 24
    endloop
  endfacet
  facet normal -0.442153 -0.89694 -0
    outer loop
      vertex -15.1 26.9919 24
      vertex -15.3698 27.1249 20.5
      vertex -15.1 26.9919 20.5
    endloop
  endfacet
  facet normal 0.946941 -0.321408 0
    outer loop
      vertex -18.4716 25.5953 24
      vertex -18.3749 25.8802 20.5
      vertex -18.3749 25.8802 24
    endloop
  endfacet
  facet normal 0.946941 -0.321408 0
    outer loop
      vertex -18.3749 25.8802 20.5
      vertex -18.4716 25.5953 24
      vertex -18.4716 25.5953 20.5
    endloop
  endfacet
  facet normal 0.980785 -0.195093 0
    outer loop
      vertex -18.5303 25.3002 24
      vertex -18.4716 25.5953 20.5
      vertex -18.4716 25.5953 24
    endloop
  endfacet
  facet normal 0.980785 -0.195093 0
    outer loop
      vertex -18.4716 25.5953 20.5
      vertex -18.5303 25.3002 24
      vertex -18.5303 25.3002 20.5
    endloop
  endfacet
  facet normal 0.55562 -0.831436 0
    outer loop
      vertex -17.6502 26.8247 20.5
      vertex -17.4 26.9919 24
      vertex -17.6502 26.8247 24
    endloop
  endfacet
  facet normal 0.55562 -0.831436 0
    outer loop
      vertex -17.4 26.9919 24
      vertex -17.6502 26.8247 20.5
      vertex -17.4 26.9919 20.5
    endloop
  endfacet
  facet normal 0.321408 -0.946941 0
    outer loop
      vertex -17.1302 27.1249 20.5
      vertex -16.8453 27.2216 24
      vertex -17.1302 27.1249 24
    endloop
  endfacet
  facet normal 0.321408 -0.946941 0
    outer loop
      vertex -16.8453 27.2216 24
      vertex -17.1302 27.1249 20.5
      vertex -16.8453 27.2216 20.5
    endloop
  endfacet
  facet normal -0.55562 0.831436 0
    outer loop
      vertex -14.8498 23.1753 20.5
      vertex -15.1 23.0081 24
      vertex -14.8498 23.1753 24
    endloop
  endfacet
  facet normal -0.55562 0.831436 0
    outer loop
      vertex -15.1 23.0081 24
      vertex -14.8498 23.1753 20.5
      vertex -15.1 23.0081 20.5
    endloop
  endfacet
  facet normal -0.980785 0.195093 0
    outer loop
      vertex -14.0284 24.4047 20.5
      vertex -13.9697 24.6998 24
      vertex -13.9697 24.6998 20.5
    endloop
  endfacet
  facet normal -0.980785 0.195093 0
    outer loop
      vertex -13.9697 24.6998 24
      vertex -14.0284 24.4047 20.5
      vertex -14.0284 24.4047 24
    endloop
  endfacet
  facet normal 0.195093 0.980785 -0
    outer loop
      vertex -16.5502 22.7197 20.5
      vertex -16.8453 22.7784 24
      vertex -16.5502 22.7197 24
    endloop
  endfacet
  facet normal 0.195093 0.980785 0
    outer loop
      vertex -16.8453 22.7784 24
      vertex -16.5502 22.7197 20.5
      vertex -16.8453 22.7784 20.5
    endloop
  endfacet
  facet normal 0.831436 0.55562 0
    outer loop
      vertex -18.0747 23.5998 24
      vertex -18.2419 23.85 20.5
      vertex -18.2419 23.85 24
    endloop
  endfacet
  facet normal 0.831436 0.55562 0
    outer loop
      vertex -18.2419 23.85 20.5
      vertex -18.0747 23.5998 24
      vertex -18.0747 23.5998 20.5
    endloop
  endfacet
  facet normal -0.946941 -0.321408 0
    outer loop
      vertex -14.0284 25.5953 20.5
      vertex -14.1251 25.8802 24
      vertex -14.1251 25.8802 20.5
    endloop
  endfacet
  facet normal -0.946941 -0.321408 0
    outer loop
      vertex -14.1251 25.8802 24
      vertex -14.0284 25.5953 20.5
      vertex -14.0284 25.5953 24
    endloop
  endfacet
  facet normal -0.980785 -0.195093 0
    outer loop
      vertex -13.9697 25.3002 20.5
      vertex -14.0284 25.5953 24
      vertex -14.0284 25.5953 20.5
    endloop
  endfacet
  facet normal -0.980785 -0.195093 0
    outer loop
      vertex -14.0284 25.5953 24
      vertex -13.9697 25.3002 20.5
      vertex -13.9697 25.3002 24
    endloop
  endfacet
  facet normal -0.751649 -0.659563 0
    outer loop
      vertex -14.4253 26.4002 20.5
      vertex -14.6237 26.6263 24
      vertex -14.6237 26.6263 20.5
    endloop
  endfacet
  facet normal -0.751649 -0.659563 0
    outer loop
      vertex -14.6237 26.6263 24
      vertex -14.4253 26.4002 20.5
      vertex -14.4253 26.4002 24
    endloop
  endfacet
  facet normal -0.0654821 -0.997854 0
    outer loop
      vertex -16.25 27.3 20.5
      vertex -15.9498 27.2803 24
      vertex -16.25 27.3 24
    endloop
  endfacet
  facet normal -0.0654821 -0.997854 -0
    outer loop
      vertex -15.9498 27.2803 24
      vertex -16.25 27.3 20.5
      vertex -15.9498 27.2803 20.5
    endloop
  endfacet
  facet normal -0.55562 -0.831436 0
    outer loop
      vertex -15.1 26.9919 20.5
      vertex -14.8498 26.8247 24
      vertex -15.1 26.9919 24
    endloop
  endfacet
  facet normal -0.55562 -0.831436 -0
    outer loop
      vertex -14.8498 26.8247 24
      vertex -15.1 26.9919 20.5
      vertex -14.8498 26.8247 20.5
    endloop
  endfacet
  facet normal 0 0 1
    outer loop
      vertex -13.9697 25.3002 20.5
      vertex -13.9697 24.6998 20.5
      vertex -13.95 25 20.5
    endloop
  endfacet
  facet normal 0 0 1
    outer loop
      vertex -14.0284 25.5953 20.5
      vertex -13.9697 24.6998 20.5
      vertex -13.9697 25.3002 20.5
    endloop
  endfacet
  facet normal 0 0 1
    outer loop
      vertex -14.0284 25.5953 20.5
      vertex -14.0284 24.4047 20.5
      vertex -13.9697 24.6998 20.5
    endloop
  endfacet
  facet normal 0 0 1
    outer loop
      vertex -14.1251 25.8802 20.5
      vertex -14.0284 24.4047 20.5
      vertex -14.0284 25.5953 20.5
    endloop
  endfacet
  facet normal 0 0 1
    outer loop
      vertex -14.1251 25.8802 20.5
      vertex -14.1251 24.1198 20.5
      vertex -14.0284 24.4047 20.5
    endloop
  endfacet
  facet normal 0 0 1
    outer loop
      vertex -14.2581 26.15 20.5
      vertex -14.1251 24.1198 20.5
      vertex -14.1251 25.8802 20.5
    endloop
  endfacet
  facet normal 0 0 1
    outer loop
      vertex -14.2581 26.15 20.5
      vertex -14.2581 23.85 20.5
      vertex -14.1251 24.1198 20.5
    endloop
  endfacet
  facet normal 0 0 1
    outer loop
      vertex -14.4253 26.4002 20.5
      vertex -14.2581 23.85 20.5
      vertex -14.2581 26.15 20.5
    endloop
  endfacet
  facet normal 0 0 1
    outer loop
      vertex -14.4253 26.4002 20.5
      vertex -14.4253 23.5998 20.5
      vertex -14.2581 23.85 20.5
    endloop
  endfacet
  facet normal 0 0 1
    outer loop
      vertex -14.6237 26.6263 20.5
      vertex -14.4253 23.5998 20.5
      vertex -14.4253 26.4002 20.5
    endloop
  endfacet
  facet normal 0 0 1
    outer loop
      vertex -14.6237 26.6263 20.5
      vertex -14.6237 23.3737 20.5
      vertex -14.4253 23.5998 20.5
    endloop
  endfacet
  facet normal 0 0 1
    outer loop
      vertex -14.8498 26.8247 20.5
      vertex -14.6237 23.3737 20.5
      vertex -14.6237 26.6263 20.5
    endloop
  endfacet
  facet normal 0 0 1
    outer loop
      vertex -14.8498 26.8247 20.5
      vertex -14.8498 23.1753 20.5
      vertex -14.6237 23.3737 20.5
    endloop
  endfacet
  facet normal 0 0 1
    outer loop
      vertex -15.1 26.9919 20.5
      vertex -14.8498 23.1753 20.5
      vertex -14.8498 26.8247 20.5
    endloop
  endfacet
  facet normal 0 0 1
    outer loop
      vertex -15.1 26.9919 20.5
      vertex -15.1 23.0081 20.5
      vertex -14.8498 23.1753 20.5
    endloop
  endfacet
  facet normal 0 0 1
    outer loop
      vertex -15.3698 27.1249 20.5
      vertex -15.1 23.0081 20.5
      vertex -15.1 26.9919 20.5
    endloop
  endfacet
  facet normal 0 0 1
    outer loop
      vertex -15.3698 27.1249 20.5
      vertex -15.3698 22.8751 20.5
      vertex -15.1 23.0081 20.5
    endloop
  endfacet
  facet normal 0 0 1
    outer loop
      vertex -15.6547 27.2216 20.5
      vertex -15.3698 22.8751 20.5
      vertex -15.3698 27.1249 20.5
    endloop
  endfacet
  facet normal 0 0 1
    outer loop
      vertex -15.6547 27.2216 20.5
      vertex -15.6547 22.7784 20.5
      vertex -15.3698 22.8751 20.5
    endloop
  endfacet
  facet normal 0 0 1
    outer loop
      vertex -15.9498 27.2803 20.5
      vertex -15.6547 22.7784 20.5
      vertex -15.6547 27.2216 20.5
    endloop
  endfacet
  facet normal 0 0 1
    outer loop
      vertex -15.9498 27.2803 20.5
      vertex -15.9498 22.7197 20.5
      vertex -15.6547 22.7784 20.5
    endloop
  endfacet
  facet normal 0 0 1
    outer loop
      vertex -16.25 27.3 20.5
      vertex -15.9498 22.7197 20.5
      vertex -15.9498 27.2803 20.5
    endloop
  endfacet
  facet normal 0 0 1
    outer loop
      vertex -16.25 27.3 20.5
      vertex -16.25 22.7 20.5
      vertex -15.9498 22.7197 20.5
    endloop
  endfacet
  facet normal -0 0 1
    outer loop
      vertex -16.5502 27.2803 20.5
      vertex -16.25 22.7 20.5
      vertex -16.25 27.3 20.5
    endloop
  endfacet
  facet normal 0 0 1
    outer loop
      vertex -16.5502 27.2803 20.5
      vertex -16.5502 22.7197 20.5
      vertex -16.25 22.7 20.5
    endloop
  endfacet
  facet normal -0 0 1
    outer loop
      vertex -16.8453 27.2216 20.5
      vertex -16.5502 22.7197 20.5
      vertex -16.5502 27.2803 20.5
    endloop
  endfacet
  facet normal 0 0 1
    outer loop
      vertex -16.8453 27.2216 20.5
      vertex -16.8453 22.7784 20.5
      vertex -16.5502 22.7197 20.5
    endloop
  endfacet
  facet normal -0 0 1
    outer loop
      vertex -17.1302 27.1249 20.5
      vertex -16.8453 22.7784 20.5
      vertex -16.8453 27.2216 20.5
    endloop
  endfacet
  facet normal 0 0 1
    outer loop
      vertex -17.1302 27.1249 20.5
      vertex -17.1302 22.8751 20.5
      vertex -16.8453 22.7784 20.5
    endloop
  endfacet
  facet normal -0 0 1
    outer loop
      vertex -17.4 26.9919 20.5
      vertex -17.1302 22.8751 20.5
      vertex -17.1302 27.1249 20.5
    endloop
  endfacet
  facet normal 0 0 1
    outer loop
      vertex -17.4 26.9919 20.5
      vertex -17.4 23.0081 20.5
      vertex -17.1302 22.8751 20.5
    endloop
  endfacet
  facet normal -0 0 1
    outer loop
      vertex -17.6502 26.8247 20.5
      vertex -17.4 23.0081 20.5
      vertex -17.4 26.9919 20.5
    endloop
  endfacet
  facet normal 0 0 1
    outer loop
      vertex -17.6502 26.8247 20.5
      vertex -17.6502 23.1753 20.5
      vertex -17.4 23.0081 20.5
    endloop
  endfacet
  facet normal -0 0 1
    outer loop
      vertex -17.8763 26.6263 20.5
      vertex -17.6502 23.1753 20.5
      vertex -17.6502 26.8247 20.5
    endloop
  endfacet
  facet normal 0 0 1
    outer loop
      vertex -17.8763 26.6263 20.5
      vertex -17.8763 23.3737 20.5
      vertex -17.6502 23.1753 20.5
    endloop
  endfacet
  facet normal -0 0 1
    outer loop
      vertex -18.0747 26.4002 20.5
      vertex -17.8763 23.3737 20.5
      vertex -17.8763 26.6263 20.5
    endloop
  endfacet
  facet normal 0 0 1
    outer loop
      vertex -18.0747 26.4002 20.5
      vertex -18.0747 23.5998 20.5
      vertex -17.8763 23.3737 20.5
    endloop
  endfacet
  facet normal -0 0 1
    outer loop
      vertex -18.2419 26.15 20.5
      vertex -18.0747 23.5998 20.5
      vertex -18.0747 26.4002 20.5
    endloop
  endfacet
  facet normal 0 0 1
    outer loop
      vertex -18.2419 26.15 20.5
      vertex -18.2419 23.85 20.5
      vertex -18.0747 23.5998 20.5
    endloop
  endfacet
  facet normal -0 0 1
    outer loop
      vertex -18.3749 25.8802 20.5
      vertex -18.2419 23.85 20.5
      vertex -18.2419 26.15 20.5
    endloop
  endfacet
  facet normal 0 0 1
    outer loop
      vertex -18.3749 25.8802 20.5
      vertex -18.3749 24.1198 20.5
      vertex -18.2419 23.85 20.5
    endloop
  endfacet
  facet normal -0 0 1
    outer loop
      vertex -18.4716 25.5953 20.5
      vertex -18.3749 24.1198 20.5
      vertex -18.3749 25.8802 20.5
    endloop
  endfacet
  facet normal 0 0 1
    outer loop
      vertex -18.4716 25.5953 20.5
      vertex -18.4716 24.4047 20.5
      vertex -18.3749 24.1198 20.5
    endloop
  endfacet
  facet normal -0 0 1
    outer loop
      vertex -18.5303 25.3002 20.5
      vertex -18.4716 24.4047 20.5
      vertex -18.4716 25.5953 20.5
    endloop
  endfacet
  facet normal 0 0 1
    outer loop
      vertex -18.5303 25.3002 20.5
      vertex -18.5303 24.6998 20.5
      vertex -18.4716 24.4047 20.5
    endloop
  endfacet
  facet normal 0 -0 1
    outer loop
      vertex -18.5303 24.6998 20.5
      vertex -18.5303 25.3002 20.5
      vertex -18.55 25 20.5
    endloop
  endfacet
  facet normal 0.89694 -0.442153 0
    outer loop
      vertex -18.3749 25.8802 24
      vertex -18.2419 26.15 20.5
      vertex -18.2419 26.15 24
    endloop
  endfacet
  facet normal 0.89694 -0.442153 0
    outer loop
      vertex -18.2419 26.15 20.5
      vertex -18.3749 25.8802 24
      vertex -18.3749 25.8802 20.5
    endloop
  endfacet
  facet normal 0.831436 -0.55562 0
    outer loop
      vertex -18.2419 26.15 24
      vertex -18.0747 26.4002 20.5
      vertex -18.0747 26.4002 24
    endloop
  endfacet
  facet normal 0.831436 -0.55562 0
    outer loop
      vertex -18.0747 26.4002 20.5
      vertex -18.2419 26.15 24
      vertex -18.2419 26.15 20.5
    endloop
  endfacet
  facet normal 0.997854 -0.0654821 0
    outer loop
      vertex -18.55 25 24
      vertex -18.5303 25.3002 20.5
      vertex -18.5303 25.3002 24
    endloop
  endfacet
  facet normal 0.997854 -0.0654821 0
    outer loop
      vertex -18.5303 25.3002 20.5
      vertex -18.55 25 24
      vertex -18.55 25 20.5
    endloop
  endfacet
  facet normal 0.659563 -0.751649 0
    outer loop
      vertex -17.8763 26.6263 20.5
      vertex -17.6502 26.8247 24
      vertex -17.8763 26.6263 24
    endloop
  endfacet
  facet normal 0.659563 -0.751649 0
    outer loop
      vertex -17.6502 26.8247 24
      vertex -17.8763 26.6263 20.5
      vertex -17.6502 26.8247 20.5
    endloop
  endfacet
  facet normal 0.195093 -0.980785 0
    outer loop
      vertex -16.8453 27.2216 20.5
      vertex -16.5502 27.2803 24
      vertex -16.8453 27.2216 24
    endloop
  endfacet
  facet normal 0.195093 -0.980785 0
    outer loop
      vertex -16.5502 27.2803 24
      vertex -16.8453 27.2216 20.5
      vertex -16.5502 27.2803 20.5
    endloop
  endfacet
  facet normal -0.997854 0.0654821 0
    outer loop
      vertex -13.9697 24.6998 20.5
      vertex -13.95 25 24
      vertex -13.95 25 20.5
    endloop
  endfacet
  facet normal -0.997854 0.0654821 0
    outer loop
      vertex -13.95 25 24
      vertex -13.9697 24.6998 20.5
      vertex -13.9697 24.6998 24
    endloop
  endfacet
  facet normal -0.195093 0.980785 0
    outer loop
      vertex -15.6547 22.7784 20.5
      vertex -15.9498 22.7197 24
      vertex -15.6547 22.7784 24
    endloop
  endfacet
  facet normal -0.195093 0.980785 0
    outer loop
      vertex -15.9498 22.7197 24
      vertex -15.6547 22.7784 20.5
      vertex -15.9498 22.7197 20.5
    endloop
  endfacet
  facet normal -0.442153 0.89694 0
    outer loop
      vertex -15.1 23.0081 20.5
      vertex -15.3698 22.8751 24
      vertex -15.1 23.0081 24
    endloop
  endfacet
  facet normal -0.442153 0.89694 0
    outer loop
      vertex -15.3698 22.8751 24
      vertex -15.1 23.0081 20.5
      vertex -15.3698 22.8751 20.5
    endloop
  endfacet
  facet normal -0.659563 0.751649 0
    outer loop
      vertex -14.6237 23.3737 20.5
      vertex -14.8498 23.1753 24
      vertex -14.6237 23.3737 24
    endloop
  endfacet
  facet normal -0.659563 0.751649 0
    outer loop
      vertex -14.8498 23.1753 24
      vertex -14.6237 23.3737 20.5
      vertex -14.8498 23.1753 20.5
    endloop
  endfacet
  facet normal -0.831436 0.55562 0
    outer loop
      vertex -14.4253 23.5998 20.5
      vertex -14.2581 23.85 24
      vertex -14.2581 23.85 20.5
    endloop
  endfacet
  facet normal -0.831436 0.55562 0
    outer loop
      vertex -14.2581 23.85 24
      vertex -14.4253 23.5998 20.5
      vertex -14.4253 23.5998 24
    endloop
  endfacet
  facet normal 0.55562 0.831436 -0
    outer loop
      vertex -17.4 23.0081 20.5
      vertex -17.6502 23.1753 24
      vertex -17.4 23.0081 24
    endloop
  endfacet
  facet normal 0.55562 0.831436 0
    outer loop
      vertex -17.6502 23.1753 24
      vertex -17.4 23.0081 20.5
      vertex -17.6502 23.1753 20.5
    endloop
  endfacet
  facet normal 0.321408 0.946941 -0
    outer loop
      vertex -16.8453 22.7784 20.5
      vertex -17.1302 22.8751 24
      vertex -16.8453 22.7784 24
    endloop
  endfacet
  facet normal 0.321408 0.946941 0
    outer loop
      vertex -17.1302 22.8751 24
      vertex -16.8453 22.7784 20.5
      vertex -17.1302 22.8751 20.5
    endloop
  endfacet
  facet normal 0.0654821 0.997854 -0
    outer loop
      vertex -16.25 22.7 20.5
      vertex -16.5502 22.7197 24
      vertex -16.25 22.7 24
    endloop
  endfacet
  facet normal 0.0654821 0.997854 0
    outer loop
      vertex -16.5502 22.7197 24
      vertex -16.25 22.7 20.5
      vertex -16.5502 22.7197 20.5
    endloop
  endfacet
  facet normal 0.751649 0.659563 0
    outer loop
      vertex -17.8763 23.3737 24
      vertex -18.0747 23.5998 20.5
      vertex -18.0747 23.5998 24
    endloop
  endfacet
  facet normal 0.751649 0.659563 0
    outer loop
      vertex -18.0747 23.5998 20.5
      vertex -17.8763 23.3737 24
      vertex -17.8763 23.3737 20.5
    endloop
  endfacet
  facet normal 0.89694 0.442153 0
    outer loop
      vertex -18.2419 23.85 24
      vertex -18.3749 24.1198 20.5
      vertex -18.3749 24.1198 24
    endloop
  endfacet
  facet normal 0.89694 0.442153 0
    outer loop
      vertex -18.3749 24.1198 20.5
      vertex -18.2419 23.85 24
      vertex -18.2419 23.85 20.5
    endloop
  endfacet
  facet normal 0.980785 0.195093 0
    outer loop
      vertex -18.4716 24.4047 24
      vertex -18.5303 24.6998 20.5
      vertex -18.5303 24.6998 24
    endloop
  endfacet
  facet normal 0.980785 0.195093 0
    outer loop
      vertex -18.5303 24.6998 20.5
      vertex -18.4716 24.4047 24
      vertex -18.4716 24.4047 20.5
    endloop
  endfacet
  facet normal 0.997854 0.0654821 0
    outer loop
      vertex -18.5303 24.6998 24
      vertex -18.55 25 20.5
      vertex -18.55 25 24
    endloop
  endfacet
  facet normal 0.997854 0.0654821 0
    outer loop
      vertex -18.55 25 20.5
      vertex -18.5303 24.6998 24
      vertex -18.5303 24.6998 20.5
    endloop
  endfacet
  facet normal -0.946941 0.321408 0
    outer loop
      vertex -14.1251 24.1198 20.5
      vertex -14.0284 24.4047 24
      vertex -14.0284 24.4047 20.5
    endloop
  endfacet
  facet normal -0.946941 0.321408 0
    outer loop
      vertex -14.0284 24.4047 24
      vertex -14.1251 24.1198 20.5
      vertex -14.1251 24.1198 24
    endloop
  endfacet
  facet normal -0.321408 0.946941 0
    outer loop
      vertex -15.3698 22.8751 20.5
      vertex -15.6547 22.7784 24
      vertex -15.3698 22.8751 24
    endloop
  endfacet
  facet normal -0.321408 0.946941 0
    outer loop
      vertex -15.6547 22.7784 24
      vertex -15.3698 22.8751 20.5
      vertex -15.6547 22.7784 20.5
    endloop
  endfacet
  facet normal -0.751649 0.659563 0
    outer loop
      vertex -14.6237 23.3737 20.5
      vertex -14.4253 23.5998 24
      vertex -14.4253 23.5998 20.5
    endloop
  endfacet
  facet normal -0.751649 0.659563 0
    outer loop
      vertex -14.4253 23.5998 24
      vertex -14.6237 23.3737 20.5
      vertex -14.6237 23.3737 24
    endloop
  endfacet
  facet normal 0.442153 0.89694 -0
    outer loop
      vertex -17.1302 22.8751 20.5
      vertex -17.4 23.0081 24
      vertex -17.1302 22.8751 24
    endloop
  endfacet
  facet normal 0.442153 0.89694 0
    outer loop
      vertex -17.4 23.0081 24
      vertex -17.1302 22.8751 20.5
      vertex -17.4 23.0081 20.5
    endloop
  endfacet
  facet normal 0.946941 0.321408 0
    outer loop
      vertex -18.3749 24.1198 24
      vertex -18.4716 24.4047 20.5
      vertex -18.4716 24.4047 24
    endloop
  endfacet
  facet normal 0.946941 0.321408 0
    outer loop
      vertex -18.4716 24.4047 20.5
      vertex -18.3749 24.1198 24
      vertex -18.3749 24.1198 20.5
    endloop
  endfacet
  facet normal -0.89694 0.442153 0
    outer loop
      vertex -14.2581 23.85 20.5
      vertex -14.1251 24.1198 24
      vertex -14.1251 24.1198 20.5
    endloop
  endfacet
  facet normal -0.89694 0.442153 0
    outer loop
      vertex -14.1251 24.1198 24
      vertex -14.2581 23.85 20.5
      vertex -14.2581 23.85 24
    endloop
  endfacet
  facet normal -0.946941 -0.321408 0
    outer loop
      vertex 18.4716 78.5953 20.5
      vertex 18.3749 78.8802 24
      vertex 18.3749 78.8802 20.5
    endloop
  endfacet
  facet normal -0.946941 -0.321408 0
    outer loop
      vertex 18.3749 78.8802 24
      vertex 18.4716 78.5953 20.5
      vertex 18.4716 78.5953 24
    endloop
  endfacet
  facet normal -0.997854 -0.0654821 0
    outer loop
      vertex 18.55 78 20.5
      vertex 18.5303 78.3002 24
      vertex 18.5303 78.3002 20.5
    endloop
  endfacet
  facet normal -0.997854 -0.0654821 0
    outer loop
      vertex 18.5303 78.3002 24
      vertex 18.55 78 20.5
      vertex 18.55 78 24
    endloop
  endfacet
  facet normal 0.0654821 -0.997854 0
    outer loop
      vertex 15.9498 80.2803 20.5
      vertex 16.25 80.3 24
      vertex 15.9498 80.2803 24
    endloop
  endfacet
  facet normal 0.0654821 -0.997854 0
    outer loop
      vertex 16.25 80.3 24
      vertex 15.9498 80.2803 20.5
      vertex 16.25 80.3 20.5
    endloop
  endfacet
  facet normal -0.659563 -0.751649 0
    outer loop
      vertex 17.6502 79.8247 20.5
      vertex 17.8763 79.6263 24
      vertex 17.6502 79.8247 24
    endloop
  endfacet
  facet normal -0.659563 -0.751649 -0
    outer loop
      vertex 17.8763 79.6263 24
      vertex 17.6502 79.8247 20.5
      vertex 17.8763 79.6263 20.5
    endloop
  endfacet
  facet normal 0.751649 -0.659563 0
    outer loop
      vertex 14.4253 79.4002 24
      vertex 14.6237 79.6263 20.5
      vertex 14.6237 79.6263 24
    endloop
  endfacet
  facet normal 0.751649 -0.659563 0
    outer loop
      vertex 14.6237 79.6263 20.5
      vertex 14.4253 79.4002 24
      vertex 14.4253 79.4002 20.5
    endloop
  endfacet
  facet normal 0.442153 -0.89694 0
    outer loop
      vertex 15.1 79.9919 20.5
      vertex 15.3698 80.1249 24
      vertex 15.1 79.9919 24
    endloop
  endfacet
  facet normal 0.442153 -0.89694 0
    outer loop
      vertex 15.3698 80.1249 24
      vertex 15.1 79.9919 20.5
      vertex 15.3698 80.1249 20.5
    endloop
  endfacet
  facet normal -0.89694 0.442153 0
    outer loop
      vertex 18.2419 76.85 20.5
      vertex 18.3749 77.1198 24
      vertex 18.3749 77.1198 20.5
    endloop
  endfacet
  facet normal -0.89694 0.442153 0
    outer loop
      vertex 18.3749 77.1198 24
      vertex 18.2419 76.85 20.5
      vertex 18.2419 76.85 24
    endloop
  endfacet
  facet normal 0.751649 0.659563 0
    outer loop
      vertex 14.6237 76.3737 24
      vertex 14.4253 76.5998 20.5
      vertex 14.4253 76.5998 24
    endloop
  endfacet
  facet normal 0.751649 0.659563 0
    outer loop
      vertex 14.4253 76.5998 20.5
      vertex 14.6237 76.3737 24
      vertex 14.6237 76.3737 20.5
    endloop
  endfacet
  facet normal -0.89694 -0.442153 0
    outer loop
      vertex 18.3749 78.8802 20.5
      vertex 18.2419 79.15 24
      vertex 18.2419 79.15 20.5
    endloop
  endfacet
  facet normal -0.89694 -0.442153 0
    outer loop
      vertex 18.2419 79.15 24
      vertex 18.3749 78.8802 20.5
      vertex 18.3749 78.8802 24
    endloop
  endfacet
  facet normal -0.831436 -0.55562 0
    outer loop
      vertex 18.2419 79.15 20.5
      vertex 18.0747 79.4002 24
      vertex 18.0747 79.4002 20.5
    endloop
  endfacet
  facet normal -0.831436 -0.55562 0
    outer loop
      vertex 18.0747 79.4002 24
      vertex 18.2419 79.15 20.5
      vertex 18.2419 79.15 24
    endloop
  endfacet
  facet normal -0.321408 -0.946941 0
    outer loop
      vertex 16.8453 80.2216 20.5
      vertex 17.1302 80.1249 24
      vertex 16.8453 80.2216 24
    endloop
  endfacet
  facet normal -0.321408 -0.946941 -0
    outer loop
      vertex 17.1302 80.1249 24
      vertex 16.8453 80.2216 20.5
      vertex 17.1302 80.1249 20.5
    endloop
  endfacet
  facet normal -0.195093 -0.980785 0
    outer loop
      vertex 16.5502 80.2803 20.5
      vertex 16.8453 80.2216 24
      vertex 16.5502 80.2803 24
    endloop
  endfacet
  facet normal -0.195093 -0.980785 -0
    outer loop
      vertex 16.8453 80.2216 24
      vertex 16.5502 80.2803 20.5
      vertex 16.8453 80.2216 20.5
    endloop
  endfacet
  facet normal -0.55562 -0.831436 0
    outer loop
      vertex 17.4 79.9919 20.5
      vertex 17.6502 79.8247 24
      vertex 17.4 79.9919 24
    endloop
  endfacet
  facet normal -0.55562 -0.831436 -0
    outer loop
      vertex 17.6502 79.8247 24
      vertex 17.4 79.9919 20.5
      vertex 17.6502 79.8247 20.5
    endloop
  endfacet
  facet normal 0.946941 -0.321408 0
    outer loop
      vertex 14.0284 78.5953 24
      vertex 14.1251 78.8802 20.5
      vertex 14.1251 78.8802 24
    endloop
  endfacet
  facet normal 0.946941 -0.321408 0
    outer loop
      vertex 14.1251 78.8802 20.5
      vertex 14.0284 78.5953 24
      vertex 14.0284 78.5953 20.5
    endloop
  endfacet
  facet normal 0.89694 -0.442153 0
    outer loop
      vertex 14.1251 78.8802 24
      vertex 14.2581 79.15 20.5
      vertex 14.2581 79.15 24
    endloop
  endfacet
  facet normal 0.89694 -0.442153 0
    outer loop
      vertex 14.2581 79.15 20.5
      vertex 14.1251 78.8802 24
      vertex 14.1251 78.8802 20.5
    endloop
  endfacet
  facet normal 0.980785 -0.195093 0
    outer loop
      vertex 13.9697 78.3002 24
      vertex 14.0284 78.5953 20.5
      vertex 14.0284 78.5953 24
    endloop
  endfacet
  facet normal 0.980785 -0.195093 0
    outer loop
      vertex 14.0284 78.5953 20.5
      vertex 13.9697 78.3002 24
      vertex 13.9697 78.3002 20.5
    endloop
  endfacet
  facet normal 0.997854 0.0654821 0
    outer loop
      vertex 13.9697 77.6998 24
      vertex 13.95 78 20.5
      vertex 13.95 78 24
    endloop
  endfacet
  facet normal 0.997854 0.0654821 0
    outer loop
      vertex 13.95 78 20.5
      vertex 13.9697 77.6998 24
      vertex 13.9697 77.6998 20.5
    endloop
  endfacet
  facet normal 0.55562 -0.831436 0
    outer loop
      vertex 14.8498 79.8247 20.5
      vertex 15.1 79.9919 24
      vertex 14.8498 79.8247 24
    endloop
  endfacet
  facet normal 0.55562 -0.831436 0
    outer loop
      vertex 15.1 79.9919 24
      vertex 14.8498 79.8247 20.5
      vertex 15.1 79.9919 20.5
    endloop
  endfacet
  facet normal 0.195093 -0.980785 0
    outer loop
      vertex 15.6547 80.2216 20.5
      vertex 15.9498 80.2803 24
      vertex 15.6547 80.2216 24
    endloop
  endfacet
  facet normal 0.195093 -0.980785 0
    outer loop
      vertex 15.9498 80.2803 24
      vertex 15.6547 80.2216 20.5
      vertex 15.9498 80.2803 20.5
    endloop
  endfacet
  facet normal -0.751649 0.659563 0
    outer loop
      vertex 17.8763 76.3737 20.5
      vertex 18.0747 76.5998 24
      vertex 18.0747 76.5998 20.5
    endloop
  endfacet
  facet normal -0.751649 0.659563 0
    outer loop
      vertex 18.0747 76.5998 24
      vertex 17.8763 76.3737 20.5
      vertex 17.8763 76.3737 24
    endloop
  endfacet
  facet normal -0.55562 0.831436 0
    outer loop
      vertex 17.6502 76.1753 20.5
      vertex 17.4 76.0081 24
      vertex 17.6502 76.1753 24
    endloop
  endfacet
  facet normal -0.55562 0.831436 0
    outer loop
      vertex 17.4 76.0081 24
      vertex 17.6502 76.1753 20.5
      vertex 17.4 76.0081 20.5
    endloop
  endfacet
  facet normal 0.195093 0.980785 -0
    outer loop
      vertex 15.9498 75.7197 20.5
      vertex 15.6547 75.7784 24
      vertex 15.9498 75.7197 24
    endloop
  endfacet
  facet normal 0.195093 0.980785 0
    outer loop
      vertex 15.6547 75.7784 24
      vertex 15.9498 75.7197 20.5
      vertex 15.6547 75.7784 20.5
    endloop
  endfacet
  facet normal 0.946941 0.321408 0
    outer loop
      vertex 14.1251 77.1198 24
      vertex 14.0284 77.4047 20.5
      vertex 14.0284 77.4047 24
    endloop
  endfacet
  facet normal 0.946941 0.321408 0
    outer loop
      vertex 14.0284 77.4047 20.5
      vertex 14.1251 77.1198 24
      vertex 14.1251 77.1198 20.5
    endloop
  endfacet
  facet normal 0.831436 0.55562 0
    outer loop
      vertex 14.4253 76.5998 24
      vertex 14.2581 76.85 20.5
      vertex 14.2581 76.85 24
    endloop
  endfacet
  facet normal 0.831436 0.55562 0
    outer loop
      vertex 14.2581 76.85 20.5
      vertex 14.4253 76.5998 24
      vertex 14.4253 76.5998 20.5
    endloop
  endfacet
  facet normal -0.980785 -0.195093 0
    outer loop
      vertex 18.5303 78.3002 20.5
      vertex 18.4716 78.5953 24
      vertex 18.4716 78.5953 20.5
    endloop
  endfacet
  facet normal -0.980785 -0.195093 0
    outer loop
      vertex 18.4716 78.5953 24
      vertex 18.5303 78.3002 20.5
      vertex 18.5303 78.3002 24
    endloop
  endfacet
  facet normal -0.751649 -0.659563 0
    outer loop
      vertex 18.0747 79.4002 20.5
      vertex 17.8763 79.6263 24
      vertex 17.8763 79.6263 20.5
    endloop
  endfacet
  facet normal -0.751649 -0.659563 0
    outer loop
      vertex 17.8763 79.6263 24
      vertex 18.0747 79.4002 20.5
      vertex 18.0747 79.4002 24
    endloop
  endfacet
  facet normal -0.0654821 -0.997854 0
    outer loop
      vertex 16.25 80.3 20.5
      vertex 16.5502 80.2803 24
      vertex 16.25 80.3 24
    endloop
  endfacet
  facet normal -0.0654821 -0.997854 -0
    outer loop
      vertex 16.5502 80.2803 24
      vertex 16.25 80.3 20.5
      vertex 16.5502 80.2803 20.5
    endloop
  endfacet
  facet normal -0.442153 -0.89694 0
    outer loop
      vertex 17.1302 80.1249 20.5
      vertex 17.4 79.9919 24
      vertex 17.1302 80.1249 24
    endloop
  endfacet
  facet normal -0.442153 -0.89694 -0
    outer loop
      vertex 17.4 79.9919 24
      vertex 17.1302 80.1249 20.5
      vertex 17.4 79.9919 20.5
    endloop
  endfacet
  facet normal 0 0 1
    outer loop
      vertex 18.5303 78.3002 20.5
      vertex 18.5303 77.6998 20.5
      vertex 18.55 78 20.5
    endloop
  endfacet
  facet normal 0 0 1
    outer loop
      vertex 18.4716 78.5953 20.5
      vertex 18.5303 77.6998 20.5
      vertex 18.5303 78.3002 20.5
    endloop
  endfacet
  facet normal 0 0 1
    outer loop
      vertex 18.4716 78.5953 20.5
      vertex 18.4716 77.4047 20.5
      vertex 18.5303 77.6998 20.5
    endloop
  endfacet
  facet normal 0 0 1
    outer loop
      vertex 18.3749 78.8802 20.5
      vertex 18.4716 77.4047 20.5
      vertex 18.4716 78.5953 20.5
    endloop
  endfacet
  facet normal 0 0 1
    outer loop
      vertex 18.3749 78.8802 20.5
      vertex 18.3749 77.1198 20.5
      vertex 18.4716 77.4047 20.5
    endloop
  endfacet
  facet normal 0 0 1
    outer loop
      vertex 18.2419 79.15 20.5
      vertex 18.3749 77.1198 20.5
      vertex 18.3749 78.8802 20.5
    endloop
  endfacet
  facet normal 0 0 1
    outer loop
      vertex 18.2419 79.15 20.5
      vertex 18.2419 76.85 20.5
      vertex 18.3749 77.1198 20.5
    endloop
  endfacet
  facet normal 0 0 1
    outer loop
      vertex 18.0747 79.4002 20.5
      vertex 18.2419 76.85 20.5
      vertex 18.2419 79.15 20.5
    endloop
  endfacet
  facet normal 0 0 1
    outer loop
      vertex 18.0747 79.4002 20.5
      vertex 18.0747 76.5998 20.5
      vertex 18.2419 76.85 20.5
    endloop
  endfacet
  facet normal 0 0 1
    outer loop
      vertex 17.8763 79.6263 20.5
      vertex 18.0747 76.5998 20.5
      vertex 18.0747 79.4002 20.5
    endloop
  endfacet
  facet normal 0 0 1
    outer loop
      vertex 17.8763 79.6263 20.5
      vertex 17.8763 76.3737 20.5
      vertex 18.0747 76.5998 20.5
    endloop
  endfacet
  facet normal 0 0 1
    outer loop
      vertex 17.6502 79.8247 20.5
      vertex 17.8763 76.3737 20.5
      vertex 17.8763 79.6263 20.5
    endloop
  endfacet
  facet normal 0 0 1
    outer loop
      vertex 17.6502 79.8247 20.5
      vertex 17.6502 76.1753 20.5
      vertex 17.8763 76.3737 20.5
    endloop
  endfacet
  facet normal 0 0 1
    outer loop
      vertex 17.4 79.9919 20.5
      vertex 17.6502 76.1753 20.5
      vertex 17.6502 79.8247 20.5
    endloop
  endfacet
  facet normal 0 0 1
    outer loop
      vertex 17.4 79.9919 20.5
      vertex 17.4 76.0081 20.5
      vertex 17.6502 76.1753 20.5
    endloop
  endfacet
  facet normal 0 0 1
    outer loop
      vertex 17.1302 80.1249 20.5
      vertex 17.4 76.0081 20.5
      vertex 17.4 79.9919 20.5
    endloop
  endfacet
  facet normal 0 0 1
    outer loop
      vertex 17.1302 80.1249 20.5
      vertex 17.1302 75.8751 20.5
      vertex 17.4 76.0081 20.5
    endloop
  endfacet
  facet normal 0 0 1
    outer loop
      vertex 16.8453 80.2216 20.5
      vertex 17.1302 75.8751 20.5
      vertex 17.1302 80.1249 20.5
    endloop
  endfacet
  facet normal 0 0 1
    outer loop
      vertex 16.8453 80.2216 20.5
      vertex 16.8453 75.7784 20.5
      vertex 17.1302 75.8751 20.5
    endloop
  endfacet
  facet normal 0 0 1
    outer loop
      vertex 16.5502 80.2803 20.5
      vertex 16.8453 75.7784 20.5
      vertex 16.8453 80.2216 20.5
    endloop
  endfacet
  facet normal 0 0 1
    outer loop
      vertex 16.5502 80.2803 20.5
      vertex 16.5502 75.7197 20.5
      vertex 16.8453 75.7784 20.5
    endloop
  endfacet
  facet normal 0 0 1
    outer loop
      vertex 16.25 80.3 20.5
      vertex 16.5502 75.7197 20.5
      vertex 16.5502 80.2803 20.5
    endloop
  endfacet
  facet normal 0 0 1
    outer loop
      vertex 16.25 80.3 20.5
      vertex 16.25 75.7 20.5
      vertex 16.5502 75.7197 20.5
    endloop
  endfacet
  facet normal -0 0 1
    outer loop
      vertex 15.9498 80.2803 20.5
      vertex 16.25 75.7 20.5
      vertex 16.25 80.3 20.5
    endloop
  endfacet
  facet normal 0 0 1
    outer loop
      vertex 15.9498 80.2803 20.5
      vertex 15.9498 75.7197 20.5
      vertex 16.25 75.7 20.5
    endloop
  endfacet
  facet normal -0 0 1
    outer loop
      vertex 15.6547 80.2216 20.5
      vertex 15.9498 75.7197 20.5
      vertex 15.9498 80.2803 20.5
    endloop
  endfacet
  facet normal 0 0 1
    outer loop
      vertex 15.6547 80.2216 20.5
      vertex 15.6547 75.7784 20.5
      vertex 15.9498 75.7197 20.5
    endloop
  endfacet
  facet normal -0 0 1
    outer loop
      vertex 15.3698 80.1249 20.5
      vertex 15.6547 75.7784 20.5
      vertex 15.6547 80.2216 20.5
    endloop
  endfacet
  facet normal 0 0 1
    outer loop
      vertex 15.3698 80.1249 20.5
      vertex 15.3698 75.8751 20.5
      vertex 15.6547 75.7784 20.5
    endloop
  endfacet
  facet normal -0 0 1
    outer loop
      vertex 15.1 79.9919 20.5
      vertex 15.3698 75.8751 20.5
      vertex 15.3698 80.1249 20.5
    endloop
  endfacet
  facet normal 0 0 1
    outer loop
      vertex 15.1 79.9919 20.5
      vertex 15.1 76.0081 20.5
      vertex 15.3698 75.8751 20.5
    endloop
  endfacet
  facet normal -0 0 1
    outer loop
      vertex 14.8498 79.8247 20.5
      vertex 15.1 76.0081 20.5
      vertex 15.1 79.9919 20.5
    endloop
  endfacet
  facet normal 0 0 1
    outer loop
      vertex 14.8498 79.8247 20.5
      vertex 14.8498 76.1753 20.5
      vertex 15.1 76.0081 20.5
    endloop
  endfacet
  facet normal -0 0 1
    outer loop
      vertex 14.6237 79.6263 20.5
      vertex 14.8498 76.1753 20.5
      vertex 14.8498 79.8247 20.5
    endloop
  endfacet
  facet normal 0 0 1
    outer loop
      vertex 14.6237 79.6263 20.5
      vertex 14.6237 76.3737 20.5
      vertex 14.8498 76.1753 20.5
    endloop
  endfacet
  facet normal -0 0 1
    outer loop
      vertex 14.4253 79.4002 20.5
      vertex 14.6237 76.3737 20.5
      vertex 14.6237 79.6263 20.5
    endloop
  endfacet
  facet normal 0 0 1
    outer loop
      vertex 14.4253 79.4002 20.5
      vertex 14.4253 76.5998 20.5
      vertex 14.6237 76.3737 20.5
    endloop
  endfacet
  facet normal -0 0 1
    outer loop
      vertex 14.2581 79.15 20.5
      vertex 14.4253 76.5998 20.5
      vertex 14.4253 79.4002 20.5
    endloop
  endfacet
  facet normal 0 0 1
    outer loop
      vertex 14.2581 79.15 20.5
      vertex 14.2581 76.85 20.5
      vertex 14.4253 76.5998 20.5
    endloop
  endfacet
  facet normal -0 0 1
    outer loop
      vertex 14.1251 78.8802 20.5
      vertex 14.2581 76.85 20.5
      vertex 14.2581 79.15 20.5
    endloop
  endfacet
  facet normal 0 0 1
    outer loop
      vertex 14.1251 78.8802 20.5
      vertex 14.1251 77.1198 20.5
      vertex 14.2581 76.85 20.5
    endloop
  endfacet
  facet normal -0 0 1
    outer loop
      vertex 14.0284 78.5953 20.5
      vertex 14.1251 77.1198 20.5
      vertex 14.1251 78.8802 20.5
    endloop
  endfacet
  facet normal 0 0 1
    outer loop
      vertex 14.0284 78.5953 20.5
      vertex 14.0284 77.4047 20.5
      vertex 14.1251 77.1198 20.5
    endloop
  endfacet
  facet normal -0 0 1
    outer loop
      vertex 13.9697 78.3002 20.5
      vertex 14.0284 77.4047 20.5
      vertex 14.0284 78.5953 20.5
    endloop
  endfacet
  facet normal 0 0 1
    outer loop
      vertex 13.9697 78.3002 20.5
      vertex 13.9697 77.6998 20.5
      vertex 14.0284 77.4047 20.5
    endloop
  endfacet
  facet normal 0 -0 1
    outer loop
      vertex 13.9697 77.6998 20.5
      vertex 13.9697 78.3002 20.5
      vertex 13.95 78 20.5
    endloop
  endfacet
  facet normal 0.997854 -0.0654821 0
    outer loop
      vertex 13.95 78 24
      vertex 13.9697 78.3002 20.5
      vertex 13.9697 78.3002 24
    endloop
  endfacet
  facet normal 0.997854 -0.0654821 0
    outer loop
      vertex 13.9697 78.3002 20.5
      vertex 13.95 78 24
      vertex 13.95 78 20.5
    endloop
  endfacet
  facet normal 0.659563 -0.751649 0
    outer loop
      vertex 14.6237 79.6263 20.5
      vertex 14.8498 79.8247 24
      vertex 14.6237 79.6263 24
    endloop
  endfacet
  facet normal 0.659563 -0.751649 0
    outer loop
      vertex 14.8498 79.8247 24
      vertex 14.6237 79.6263 20.5
      vertex 14.8498 79.8247 20.5
    endloop
  endfacet
  facet normal 0.321408 -0.946941 0
    outer loop
      vertex 15.3698 80.1249 20.5
      vertex 15.6547 80.2216 24
      vertex 15.3698 80.1249 24
    endloop
  endfacet
  facet normal 0.321408 -0.946941 0
    outer loop
      vertex 15.6547 80.2216 24
      vertex 15.3698 80.1249 20.5
      vertex 15.6547 80.2216 20.5
    endloop
  endfacet
  facet normal -0.997854 0.0654821 0
    outer loop
      vertex 18.5303 77.6998 20.5
      vertex 18.55 78 24
      vertex 18.55 78 20.5
    endloop
  endfacet
  facet normal -0.997854 0.0654821 0
    outer loop
      vertex 18.55 78 24
      vertex 18.5303 77.6998 20.5
      vertex 18.5303 77.6998 24
    endloop
  endfacet
  facet normal -0.442153 0.89694 0
    outer loop
      vertex 17.4 76.0081 20.5
      vertex 17.1302 75.8751 24
      vertex 17.4 76.0081 24
    endloop
  endfacet
  facet normal -0.442153 0.89694 0
    outer loop
      vertex 17.1302 75.8751 24
      vertex 17.4 76.0081 20.5
      vertex 17.1302 75.8751 20.5
    endloop
  endfacet
  facet normal -0.195093 0.980785 0
    outer loop
      vertex 16.8453 75.7784 20.5
      vertex 16.5502 75.7197 24
      vertex 16.8453 75.7784 24
    endloop
  endfacet
  facet normal -0.195093 0.980785 0
    outer loop
      vertex 16.5502 75.7197 24
      vertex 16.8453 75.7784 20.5
      vertex 16.5502 75.7197 20.5
    endloop
  endfacet
  facet normal -0.321408 0.946941 0
    outer loop
      vertex 17.1302 75.8751 20.5
      vertex 16.8453 75.7784 24
      vertex 17.1302 75.8751 24
    endloop
  endfacet
  facet normal -0.321408 0.946941 0
    outer loop
      vertex 16.8453 75.7784 24
      vertex 17.1302 75.8751 20.5
      vertex 16.8453 75.7784 20.5
    endloop
  endfacet
  facet normal -0.659563 0.751649 0
    outer loop
      vertex 17.8763 76.3737 20.5
      vertex 17.6502 76.1753 24
      vertex 17.8763 76.3737 24
    endloop
  endfacet
  facet normal -0.659563 0.751649 0
    outer loop
      vertex 17.6502 76.1753 24
      vertex 17.8763 76.3737 20.5
      vertex 17.6502 76.1753 20.5
    endloop
  endfacet
  facet normal -0.831436 0.55562 0
    outer loop
      vertex 18.0747 76.5998 20.5
      vertex 18.2419 76.85 24
      vertex 18.2419 76.85 20.5
    endloop
  endfacet
  facet normal -0.831436 0.55562 0
    outer loop
      vertex 18.2419 76.85 24
      vertex 18.0747 76.5998 20.5
      vertex 18.0747 76.5998 24
    endloop
  endfacet
  facet normal 0.0654821 0.997854 -0
    outer loop
      vertex 16.25 75.7 20.5
      vertex 15.9498 75.7197 24
      vertex 16.25 75.7 24
    endloop
  endfacet
  facet normal 0.0654821 0.997854 0
    outer loop
      vertex 15.9498 75.7197 24
      vertex 16.25 75.7 20.5
      vertex 15.9498 75.7197 20.5
    endloop
  endfacet
  facet normal 0.442153 0.89694 -0
    outer loop
      vertex 15.3698 75.8751 20.5
      vertex 15.1 76.0081 24
      vertex 15.3698 75.8751 24
    endloop
  endfacet
  facet normal 0.442153 0.89694 0
    outer loop
      vertex 15.1 76.0081 24
      vertex 15.3698 75.8751 20.5
      vertex 15.1 76.0081 20.5
    endloop
  endfacet
  facet normal 0.55562 0.831436 -0
    outer loop
      vertex 15.1 76.0081 20.5
      vertex 14.8498 76.1753 24
      vertex 15.1 76.0081 24
    endloop
  endfacet
  facet normal 0.55562 0.831436 0
    outer loop
      vertex 14.8498 76.1753 24
      vertex 15.1 76.0081 20.5
      vertex 14.8498 76.1753 20.5
    endloop
  endfacet
  facet normal 0.321408 0.946941 -0
    outer loop
      vertex 15.6547 75.7784 20.5
      vertex 15.3698 75.8751 24
      vertex 15.6547 75.7784 24
    endloop
  endfacet
  facet normal 0.321408 0.946941 0
    outer loop
      vertex 15.3698 75.8751 24
      vertex 15.6547 75.7784 20.5
      vertex 15.3698 75.8751 20.5
    endloop
  endfacet
  facet normal -0.0654821 0.997854 0
    outer loop
      vertex 16.5502 75.7197 20.5
      vertex 16.25 75.7 24
      vertex 16.5502 75.7197 24
    endloop
  endfacet
  facet normal -0.0654821 0.997854 0
    outer loop
      vertex 16.25 75.7 24
      vertex 16.5502 75.7197 20.5
      vertex 16.25 75.7 20.5
    endloop
  endfacet
  facet normal 0.659563 0.751649 -0
    outer loop
      vertex 14.8498 76.1753 20.5
      vertex 14.6237 76.3737 24
      vertex 14.8498 76.1753 24
    endloop
  endfacet
  facet normal 0.659563 0.751649 0
    outer loop
      vertex 14.6237 76.3737 24
      vertex 14.8498 76.1753 20.5
      vertex 14.6237 76.3737 20.5
    endloop
  endfacet
  facet normal 0.89694 0.442153 0
    outer loop
      vertex 14.2581 76.85 24
      vertex 14.1251 77.1198 20.5
      vertex 14.1251 77.1198 24
    endloop
  endfacet
  facet normal 0.89694 0.442153 0
    outer loop
      vertex 14.1251 77.1198 20.5
      vertex 14.2581 76.85 24
      vertex 14.2581 76.85 20.5
    endloop
  endfacet
  facet normal 0.980785 0.195093 0
    outer loop
      vertex 14.0284 77.4047 24
      vertex 13.9697 77.6998 20.5
      vertex 13.9697 77.6998 24
    endloop
  endfacet
  facet normal 0.980785 0.195093 0
    outer loop
      vertex 13.9697 77.6998 20.5
      vertex 14.0284 77.4047 24
      vertex 14.0284 77.4047 20.5
    endloop
  endfacet
  facet normal 0.831436 -0.55562 0
    outer loop
      vertex 14.2581 79.15 24
      vertex 14.4253 79.4002 20.5
      vertex 14.4253 79.4002 24
    endloop
  endfacet
  facet normal 0.831436 -0.55562 0
    outer loop
      vertex 14.4253 79.4002 20.5
      vertex 14.2581 79.15 24
      vertex 14.2581 79.15 20.5
    endloop
  endfacet
  facet normal -0.946941 0.321408 0
    outer loop
      vertex 18.3749 77.1198 20.5
      vertex 18.4716 77.4047 24
      vertex 18.4716 77.4047 20.5
    endloop
  endfacet
  facet normal -0.946941 0.321408 0
    outer loop
      vertex 18.4716 77.4047 24
      vertex 18.3749 77.1198 20.5
      vertex 18.3749 77.1198 24
    endloop
  endfacet
  facet normal -0.980785 0.195093 0
    outer loop
      vertex 18.4716 77.4047 20.5
      vertex 18.5303 77.6998 24
      vertex 18.5303 77.6998 20.5
    endloop
  endfacet
  facet normal -0.980785 0.195093 0
    outer loop
      vertex 18.5303 77.6998 24
      vertex 18.4716 77.4047 20.5
      vertex 18.4716 77.4047 24
    endloop
  endfacet
  facet normal 0.997872 -0.0652057 0
    outer loop
      vertex -21 96.5 15
      vertex -20.9855 96.7219 11
      vertex -20.9855 96.7219 15
    endloop
  endfacet
  facet normal 0.997872 -0.0652057 0
    outer loop
      vertex -20.9855 96.7219 11
      vertex -21 96.5 15
      vertex -21 96.5 11
    endloop
  endfacet
  facet normal 0.997872 -0.0652057 0
    outer loop
      vertex -21 96.5 23
      vertex -20.9855 96.7219 17.7
      vertex -20.9855 96.7219 23
    endloop
  endfacet
  facet normal 0.997872 -0.0652057 0
    outer loop
      vertex -20.9855 96.7219 17.7
      vertex -21 96.5 23
      vertex -21 96.5 17.7
    endloop
  endfacet
  facet normal -0.997872 0.0652057 0
    outer loop
      vertex -17.6145 96.2781 11
      vertex -17.6 96.5 15
      vertex -17.6 96.5 11
    endloop
  endfacet
  facet normal -0.997872 0.0652057 0
    outer loop
      vertex -17.6 96.5 15
      vertex -17.6145 96.2781 11
      vertex -17.6145 96.2781 15
    endloop
  endfacet
  facet normal -0.997872 0.0652057 0
    outer loop
      vertex -17.6145 96.2781 17.7
      vertex -17.6 96.5 23
      vertex -17.6 96.5 17.7
    endloop
  endfacet
  facet normal -0.997872 0.0652057 0
    outer loop
      vertex -17.6 96.5 23
      vertex -17.6145 96.2781 17.7
      vertex -17.6145 96.2781 23
    endloop
  endfacet
  facet normal -0.0652057 -0.997872 0
    outer loop
      vertex -19.3 98.2 11
      vertex -19.0781 98.1855 15
      vertex -19.3 98.2 15
    endloop
  endfacet
  facet normal -0.0652057 -0.997872 -0
    outer loop
      vertex -19.0781 98.1855 15
      vertex -19.3 98.2 11
      vertex -19.0781 98.1855 11
    endloop
  endfacet
  facet normal -0.0652057 -0.997872 0
    outer loop
      vertex -19.3 98.2 17.7
      vertex -19.0781 98.1855 23
      vertex -19.3 98.2 23
    endloop
  endfacet
  facet normal -0.0652057 -0.997872 -0
    outer loop
      vertex -19.0781 98.1855 23
      vertex -19.3 98.2 17.7
      vertex -19.0781 98.1855 17.7
    endloop
  endfacet
  facet normal 0.0652057 0.997872 -0
    outer loop
      vertex -19.3 94.8 11
      vertex -19.5219 94.8145 15
      vertex -19.3 94.8 15
    endloop
  endfacet
  facet normal 0.0652057 0.997872 0
    outer loop
      vertex -19.5219 94.8145 15
      vertex -19.3 94.8 11
      vertex -19.5219 94.8145 11
    endloop
  endfacet
  facet normal 0.0652057 0.997872 -0
    outer loop
      vertex -19.3 94.8 17.7
      vertex -19.5219 94.8145 23
      vertex -19.3 94.8 23
    endloop
  endfacet
  facet normal 0.0652057 0.997872 0
    outer loop
      vertex -19.5219 94.8145 23
      vertex -19.3 94.8 17.7
      vertex -19.5219 94.8145 17.7
    endloop
  endfacet
  facet normal 0.659268 -0.751908 0
    outer loop
      vertex -20.5021 97.7021 11
      vertex -20.3349 97.8487 15
      vertex -20.5021 97.7021 15
    endloop
  endfacet
  facet normal 0.659268 -0.751908 0
    outer loop
      vertex -20.3349 97.8487 15
      vertex -20.5021 97.7021 11
      vertex -20.3349 97.8487 11
    endloop
  endfacet
  facet normal 0.659268 -0.751908 0
    outer loop
      vertex -20.5021 97.7021 17.7
      vertex -20.3349 97.8487 23
      vertex -20.5021 97.7021 23
    endloop
  endfacet
  facet normal 0.659268 -0.751908 0
    outer loop
      vertex -20.3349 97.8487 23
      vertex -20.5021 97.7021 17.7
      vertex -20.3349 97.8487 17.7
    endloop
  endfacet
  facet normal -0.751908 -0.659268 0
    outer loop
      vertex -17.9513 97.5349 11
      vertex -18.0979 97.7021 15
      vertex -18.0979 97.7021 11
    endloop
  endfacet
  facet normal -0.751908 -0.659268 0
    outer loop
      vertex -18.0979 97.7021 15
      vertex -17.9513 97.5349 11
      vertex -17.9513 97.5349 15
    endloop
  endfacet
  facet normal -0.751908 -0.659268 0
    outer loop
      vertex -17.9513 97.5349 17.7
      vertex -18.0979 97.7021 23
      vertex -18.0979 97.7021 17.7
    endloop
  endfacet
  facet normal -0.751908 -0.659268 0
    outer loop
      vertex -18.0979 97.7021 23
      vertex -17.9513 97.5349 17.7
      vertex -17.9513 97.5349 23
    endloop
  endfacet
  facet normal -0.44253 -0.896754 0
    outer loop
      vertex -18.6494 98.0706 11
      vertex -18.45 97.9722 15
      vertex -18.6494 98.0706 15
    endloop
  endfacet
  facet normal -0.44253 -0.896754 -0
    outer loop
      vertex -18.45 97.9722 15
      vertex -18.6494 98.0706 11
      vertex -18.45 97.9722 11
    endloop
  endfacet
  facet normal -0.44253 -0.896754 0
    outer loop
      vertex -18.6494 98.0706 17.7
      vertex -18.45 97.9722 23
      vertex -18.6494 98.0706 23
    endloop
  endfacet
  facet normal -0.44253 -0.896754 -0
    outer loop
      vertex -18.45 97.9722 23
      vertex -18.6494 98.0706 17.7
      vertex -18.45 97.9722 17.7
    endloop
  endfacet
  facet normal 0.896754 -0.44253 0
    outer loop
      vertex -20.8706 97.1506 15
      vertex -20.7722 97.35 11
      vertex -20.7722 97.35 15
    endloop
  endfacet
  facet normal 0.896754 -0.44253 0
    outer loop
      vertex -20.7722 97.35 11
      vertex -20.8706 97.1506 15
      vertex -20.8706 97.1506 11
    endloop
  endfacet
  facet normal 0.896754 -0.44253 0
    outer loop
      vertex -20.8706 97.1506 23
      vertex -20.7722 97.35 17.7
      vertex -20.7722 97.35 23
    endloop
  endfacet
  facet normal 0.896754 -0.44253 0
    outer loop
      vertex -20.7722 97.35 17.7
      vertex -20.8706 97.1506 23
      vertex -20.8706 97.1506 17.7
    endloop
  endfacet
  facet normal 0.98077 -0.195165 0
    outer loop
      vertex -20.9855 96.7219 15
      vertex -20.9421 96.94 11
      vertex -20.9421 96.94 15
    endloop
  endfacet
  facet normal 0.98077 -0.195165 0
    outer loop
      vertex -20.9421 96.94 11
      vertex -20.9855 96.7219 15
      vertex -20.9855 96.7219 11
    endloop
  endfacet
  facet normal 0.98077 -0.195165 0
    outer loop
      vertex -20.9855 96.7219 23
      vertex -20.9421 96.94 17.7
      vertex -20.9421 96.94 23
    endloop
  endfacet
  facet normal 0.98077 -0.195165 0
    outer loop
      vertex -20.9421 96.94 17.7
      vertex -20.9855 96.7219 23
      vertex -20.9855 96.7219 17.7
    endloop
  endfacet
  facet normal 0.831566 -0.555426 0
    outer loop
      vertex -20.7722 97.35 15
      vertex -20.6487 97.5349 11
      vertex -20.6487 97.5349 15
    endloop
  endfacet
  facet normal 0.831566 -0.555426 0
    outer loop
      vertex -20.6487 97.5349 11
      vertex -20.7722 97.35 15
      vertex -20.7722 97.35 11
    endloop
  endfacet
  facet normal 0.831566 -0.555426 0
    outer loop
      vertex -20.7722 97.35 23
      vertex -20.6487 97.5349 17.7
      vertex -20.6487 97.5349 23
    endloop
  endfacet
  facet normal 0.831566 -0.555426 0
    outer loop
      vertex -20.6487 97.5349 17.7
      vertex -20.7722 97.35 23
      vertex -20.7722 97.35 17.7
    endloop
  endfacet
  facet normal 0.321484 -0.946915 0
    outer loop
      vertex -19.9506 98.0706 11
      vertex -19.74 98.1421 15
      vertex -19.9506 98.0706 15
    endloop
  endfacet
  facet normal 0.321484 -0.946915 0
    outer loop
      vertex -19.74 98.1421 15
      vertex -19.9506 98.0706 11
      vertex -19.74 98.1421 11
    endloop
  endfacet
  facet normal 0.321484 -0.946915 0
    outer loop
      vertex -19.9506 98.0706 17.7
      vertex -19.74 98.1421 23
      vertex -19.9506 98.0706 23
    endloop
  endfacet
  facet normal 0.321484 -0.946915 0
    outer loop
      vertex -19.74 98.1421 23
      vertex -19.9506 98.0706 17.7
      vertex -19.74 98.1421 17.7
    endloop
  endfacet
  facet normal 0.44253 -0.896754 0
    outer loop
      vertex -20.15 97.9722 11
      vertex -19.9506 98.0706 15
      vertex -20.15 97.9722 15
    endloop
  endfacet
  facet normal 0.44253 -0.896754 0
    outer loop
      vertex -19.9506 98.0706 15
      vertex -20.15 97.9722 11
      vertex -19.9506 98.0706 11
    endloop
  endfacet
  facet normal 0.44253 -0.896754 0
    outer loop
      vertex -20.15 97.9722 17.7
      vertex -19.9506 98.0706 23
      vertex -20.15 97.9722 23
    endloop
  endfacet
  facet normal 0.44253 -0.896754 0
    outer loop
      vertex -19.9506 98.0706 23
      vertex -20.15 97.9722 17.7
      vertex -19.9506 98.0706 17.7
    endloop
  endfacet
  facet normal -0.896754 -0.44253 0
    outer loop
      vertex -17.7294 97.1506 11
      vertex -17.8278 97.35 15
      vertex -17.8278 97.35 11
    endloop
  endfacet
  facet normal -0.896754 -0.44253 0
    outer loop
      vertex -17.8278 97.35 15
      vertex -17.7294 97.1506 11
      vertex -17.7294 97.1506 15
    endloop
  endfacet
  facet normal -0.896754 -0.44253 0
    outer loop
      vertex -17.7294 97.1506 17.7
      vertex -17.8278 97.35 23
      vertex -17.8278 97.35 17.7
    endloop
  endfacet
  facet normal -0.896754 -0.44253 0
    outer loop
      vertex -17.8278 97.35 23
      vertex -17.7294 97.1506 17.7
      vertex -17.7294 97.1506 23
    endloop
  endfacet
  facet normal -0.831566 -0.555426 0
    outer loop
      vertex -17.8278 97.35 11
      vertex -17.9513 97.5349 15
      vertex -17.9513 97.5349 11
    endloop
  endfacet
  facet normal -0.831566 -0.555426 0
    outer loop
      vertex -17.9513 97.5349 15
      vertex -17.8278 97.35 11
      vertex -17.8278 97.35 15
    endloop
  endfacet
  facet normal -0.831566 -0.555426 0
    outer loop
      vertex -17.8278 97.35 17.7
      vertex -17.9513 97.5349 23
      vertex -17.9513 97.5349 17.7
    endloop
  endfacet
  facet normal -0.831566 -0.555426 0
    outer loop
      vertex -17.9513 97.5349 23
      vertex -17.8278 97.35 17.7
      vertex -17.8278 97.35 23
    endloop
  endfacet
  facet normal -0.98077 -0.195165 0
    outer loop
      vertex -17.6145 96.7219 11
      vertex -17.6579 96.94 15
      vertex -17.6579 96.94 11
    endloop
  endfacet
  facet normal -0.98077 -0.195165 0
    outer loop
      vertex -17.6579 96.94 15
      vertex -17.6145 96.7219 11
      vertex -17.6145 96.7219 15
    endloop
  endfacet
  facet normal -0.98077 -0.195165 0
    outer loop
      vertex -17.6145 96.7219 17.7
      vertex -17.6579 96.94 23
      vertex -17.6579 96.94 17.7
    endloop
  endfacet
  facet normal -0.98077 -0.195165 0
    outer loop
      vertex -17.6579 96.94 23
      vertex -17.6145 96.7219 17.7
      vertex -17.6145 96.7219 23
    endloop
  endfacet
  facet normal -0.555426 -0.831566 0
    outer loop
      vertex -18.45 97.9722 11
      vertex -18.2651 97.8487 15
      vertex -18.45 97.9722 15
    endloop
  endfacet
  facet normal -0.555426 -0.831566 -0
    outer loop
      vertex -18.2651 97.8487 15
      vertex -18.45 97.9722 11
      vertex -18.2651 97.8487 11
    endloop
  endfacet
  facet normal -0.555426 -0.831566 0
    outer loop
      vertex -18.45 97.9722 17.7
      vertex -18.2651 97.8487 23
      vertex -18.45 97.9722 23
    endloop
  endfacet
  facet normal -0.555426 -0.831566 -0
    outer loop
      vertex -18.2651 97.8487 23
      vertex -18.45 97.9722 17.7
      vertex -18.2651 97.8487 17.7
    endloop
  endfacet
  facet normal -0.195165 -0.98077 0
    outer loop
      vertex -19.0781 98.1855 11
      vertex -18.86 98.1421 15
      vertex -19.0781 98.1855 15
    endloop
  endfacet
  facet normal -0.195165 -0.98077 -0
    outer loop
      vertex -18.86 98.1421 15
      vertex -19.0781 98.1855 11
      vertex -18.86 98.1421 11
    endloop
  endfacet
  facet normal -0.195165 -0.98077 0
    outer loop
      vertex -19.0781 98.1855 17.7
      vertex -18.86 98.1421 23
      vertex -19.0781 98.1855 23
    endloop
  endfacet
  facet normal -0.195165 -0.98077 -0
    outer loop
      vertex -18.86 98.1421 23
      vertex -19.0781 98.1855 17.7
      vertex -18.86 98.1421 17.7
    endloop
  endfacet
  facet normal 0.946915 -0.321484 0
    outer loop
      vertex -20.9421 96.94 15
      vertex -20.8706 97.1506 11
      vertex -20.8706 97.1506 15
    endloop
  endfacet
  facet normal 0.946915 -0.321484 0
    outer loop
      vertex -20.8706 97.1506 11
      vertex -20.9421 96.94 15
      vertex -20.9421 96.94 11
    endloop
  endfacet
  facet normal 0.946915 -0.321484 0
    outer loop
      vertex -20.9421 96.94 23
      vertex -20.8706 97.1506 17.7
      vertex -20.8706 97.1506 23
    endloop
  endfacet
  facet normal 0.946915 -0.321484 0
    outer loop
      vertex -20.8706 97.1506 17.7
      vertex -20.9421 96.94 23
      vertex -20.9421 96.94 17.7
    endloop
  endfacet
  facet normal 0.751908 -0.659268 0
    outer loop
      vertex -20.6487 97.5349 15
      vertex -20.5021 97.7021 11
      vertex -20.5021 97.7021 15
    endloop
  endfacet
  facet normal 0.751908 -0.659268 0
    outer loop
      vertex -20.5021 97.7021 11
      vertex -20.6487 97.5349 15
      vertex -20.6487 97.5349 11
    endloop
  endfacet
  facet normal 0.751908 -0.659268 0
    outer loop
      vertex -20.6487 97.5349 23
      vertex -20.5021 97.7021 17.7
      vertex -20.5021 97.7021 23
    endloop
  endfacet
  facet normal 0.751908 -0.659268 0
    outer loop
      vertex -20.5021 97.7021 17.7
      vertex -20.6487 97.5349 23
      vertex -20.6487 97.5349 17.7
    endloop
  endfacet
  facet normal 0.195165 -0.98077 0
    outer loop
      vertex -19.74 98.1421 11
      vertex -19.5219 98.1855 15
      vertex -19.74 98.1421 15
    endloop
  endfacet
  facet normal 0.195165 -0.98077 0
    outer loop
      vertex -19.5219 98.1855 15
      vertex -19.74 98.1421 11
      vertex -19.5219 98.1855 11
    endloop
  endfacet
  facet normal 0.195165 -0.98077 0
    outer loop
      vertex -19.74 98.1421 17.7
      vertex -19.5219 98.1855 23
      vertex -19.74 98.1421 23
    endloop
  endfacet
  facet normal 0.195165 -0.98077 0
    outer loop
      vertex -19.5219 98.1855 23
      vertex -19.74 98.1421 17.7
      vertex -19.5219 98.1855 17.7
    endloop
  endfacet
  facet normal 0.0652057 -0.997872 0
    outer loop
      vertex -19.5219 98.1855 11
      vertex -19.3 98.2 15
      vertex -19.5219 98.1855 15
    endloop
  endfacet
  facet normal 0.0652057 -0.997872 0
    outer loop
      vertex -19.3 98.2 15
      vertex -19.5219 98.1855 11
      vertex -19.3 98.2 11
    endloop
  endfacet
  facet normal 0.0652057 -0.997872 0
    outer loop
      vertex -19.5219 98.1855 17.7
      vertex -19.3 98.2 23
      vertex -19.5219 98.1855 23
    endloop
  endfacet
  facet normal 0.0652057 -0.997872 0
    outer loop
      vertex -19.3 98.2 23
      vertex -19.5219 98.1855 17.7
      vertex -19.3 98.2 17.7
    endloop
  endfacet
  facet normal 0.555426 -0.831566 0
    outer loop
      vertex -20.3349 97.8487 11
      vertex -20.15 97.9722 15
      vertex -20.3349 97.8487 15
    endloop
  endfacet
  facet normal 0.555426 -0.831566 0
    outer loop
      vertex -20.15 97.9722 15
      vertex -20.3349 97.8487 11
      vertex -20.15 97.9722 11
    endloop
  endfacet
  facet normal 0.555426 -0.831566 0
    outer loop
      vertex -20.3349 97.8487 17.7
      vertex -20.15 97.9722 23
      vertex -20.3349 97.8487 23
    endloop
  endfacet
  facet normal 0.555426 -0.831566 0
    outer loop
      vertex -20.15 97.9722 23
      vertex -20.3349 97.8487 17.7
      vertex -20.15 97.9722 17.7
    endloop
  endfacet
  facet normal 0 0 1
    outer loop
      vertex -17.6145 96.7219 11
      vertex -17.6145 96.2781 11
      vertex -17.6 96.5 11
    endloop
  endfacet
  facet normal 0 0 1
    outer loop
      vertex -17.6579 96.94 11
      vertex -17.6145 96.2781 11
      vertex -17.6145 96.7219 11
    endloop
  endfacet
  facet normal 0 0 1
    outer loop
      vertex -17.6579 96.94 11
      vertex -17.6579 96.06 11
      vertex -17.6145 96.2781 11
    endloop
  endfacet
  facet normal 0 0 1
    outer loop
      vertex -17.7294 97.1506 11
      vertex -17.6579 96.06 11
      vertex -17.6579 96.94 11
    endloop
  endfacet
  facet normal 0 0 1
    outer loop
      vertex -17.7294 97.1506 11
      vertex -17.7294 95.8494 11
      vertex -17.6579 96.06 11
    endloop
  endfacet
  facet normal 0 0 1
    outer loop
      vertex -17.8278 97.35 11
      vertex -17.7294 95.8494 11
      vertex -17.7294 97.1506 11
    endloop
  endfacet
  facet normal 0 0 1
    outer loop
      vertex -17.8278 97.35 11
      vertex -17.8278 95.65 11
      vertex -17.7294 95.8494 11
    endloop
  endfacet
  facet normal 0 0 1
    outer loop
      vertex -17.9513 97.5349 11
      vertex -17.8278 95.65 11
      vertex -17.8278 97.35 11
    endloop
  endfacet
  facet normal 0 0 1
    outer loop
      vertex -17.9513 97.5349 11
      vertex -17.9513 95.4651 11
      vertex -17.8278 95.65 11
    endloop
  endfacet
  facet normal 0 0 1
    outer loop
      vertex -18.0979 97.7021 11
      vertex -17.9513 95.4651 11
      vertex -17.9513 97.5349 11
    endloop
  endfacet
  facet normal 0 0 1
    outer loop
      vertex -18.0979 97.7021 11
      vertex -18.0979 95.2979 11
      vertex -17.9513 95.4651 11
    endloop
  endfacet
  facet normal 0 0 1
    outer loop
      vertex -18.2651 97.8487 11
      vertex -18.0979 95.2979 11
      vertex -18.0979 97.7021 11
    endloop
  endfacet
  facet normal 0 0 1
    outer loop
      vertex -18.2651 97.8487 11
      vertex -18.2651 95.1513 11
      vertex -18.0979 95.2979 11
    endloop
  endfacet
  facet normal 0 0 1
    outer loop
      vertex -18.45 97.9722 11
      vertex -18.2651 95.1513 11
      vertex -18.2651 97.8487 11
    endloop
  endfacet
  facet normal 0 0 1
    outer loop
      vertex -18.45 97.9722 11
      vertex -18.45 95.0278 11
      vertex -18.2651 95.1513 11
    endloop
  endfacet
  facet normal 0 0 1
    outer loop
      vertex -18.6494 98.0706 11
      vertex -18.45 95.0278 11
      vertex -18.45 97.9722 11
    endloop
  endfacet
  facet normal 0 0 1
    outer loop
      vertex -18.6494 98.0706 11
      vertex -18.6494 94.9294 11
      vertex -18.45 95.0278 11
    endloop
  endfacet
  facet normal 0 0 1
    outer loop
      vertex -18.86 98.1421 11
      vertex -18.6494 94.9294 11
      vertex -18.6494 98.0706 11
    endloop
  endfacet
  facet normal 0 0 1
    outer loop
      vertex -18.86 98.1421 11
      vertex -18.86 94.8579 11
      vertex -18.6494 94.9294 11
    endloop
  endfacet
  facet normal 0 0 1
    outer loop
      vertex -19.0781 98.1855 11
      vertex -18.86 94.8579 11
      vertex -18.86 98.1421 11
    endloop
  endfacet
  facet normal 0 0 1
    outer loop
      vertex -19.0781 98.1855 11
      vertex -19.0781 94.8145 11
      vertex -18.86 94.8579 11
    endloop
  endfacet
  facet normal 0 0 1
    outer loop
      vertex -19.3 98.2 11
      vertex -19.0781 94.8145 11
      vertex -19.0781 98.1855 11
    endloop
  endfacet
  facet normal 0 0 1
    outer loop
      vertex -19.3 98.2 11
      vertex -19.3 94.8 11
      vertex -19.0781 94.8145 11
    endloop
  endfacet
  facet normal -0 0 1
    outer loop
      vertex -19.5219 98.1855 11
      vertex -19.3 94.8 11
      vertex -19.3 98.2 11
    endloop
  endfacet
  facet normal 0 0 1
    outer loop
      vertex -19.5219 98.1855 11
      vertex -19.5219 94.8145 11
      vertex -19.3 94.8 11
    endloop
  endfacet
  facet normal -0 0 1
    outer loop
      vertex -19.74 98.1421 11
      vertex -19.5219 94.8145 11
      vertex -19.5219 98.1855 11
    endloop
  endfacet
  facet normal 0 0 1
    outer loop
      vertex -19.74 98.1421 11
      vertex -19.74 94.8579 11
      vertex -19.5219 94.8145 11
    endloop
  endfacet
  facet normal -0 0 1
    outer loop
      vertex -19.9506 98.0706 11
      vertex -19.74 94.8579 11
      vertex -19.74 98.1421 11
    endloop
  endfacet
  facet normal 0 0 1
    outer loop
      vertex -19.9506 98.0706 11
      vertex -19.9506 94.9294 11
      vertex -19.74 94.8579 11
    endloop
  endfacet
  facet normal -0 0 1
    outer loop
      vertex -20.15 97.9722 11
      vertex -19.9506 94.9294 11
      vertex -19.9506 98.0706 11
    endloop
  endfacet
  facet normal 0 0 1
    outer loop
      vertex -20.15 97.9722 11
      vertex -20.15 95.0278 11
      vertex -19.9506 94.9294 11
    endloop
  endfacet
  facet normal -0 0 1
    outer loop
      vertex -20.3349 97.8487 11
      vertex -20.15 95.0278 11
      vertex -20.15 97.9722 11
    endloop
  endfacet
  facet normal 0 0 1
    outer loop
      vertex -20.3349 97.8487 11
      vertex -20.3349 95.1513 11
      vertex -20.15 95.0278 11
    endloop
  endfacet
  facet normal -0 0 1
    outer loop
      vertex -20.5021 97.7021 11
      vertex -20.3349 95.1513 11
      vertex -20.3349 97.8487 11
    endloop
  endfacet
  facet normal 0 0 1
    outer loop
      vertex -20.5021 97.7021 11
      vertex -20.5021 95.2979 11
      vertex -20.3349 95.1513 11
    endloop
  endfacet
  facet normal -0 0 1
    outer loop
      vertex -20.6487 97.5349 11
      vertex -20.5021 95.2979 11
      vertex -20.5021 97.7021 11
    endloop
  endfacet
  facet normal 0 0 1
    outer loop
      vertex -20.6487 97.5349 11
      vertex -20.6487 95.4651 11
      vertex -20.5021 95.2979 11
    endloop
  endfacet
  facet normal -0 0 1
    outer loop
      vertex -20.7722 97.35 11
      vertex -20.6487 95.4651 11
      vertex -20.6487 97.5349 11
    endloop
  endfacet
  facet normal 0 0 1
    outer loop
      vertex -20.7722 97.35 11
      vertex -20.7722 95.65 11
      vertex -20.6487 95.4651 11
    endloop
  endfacet
  facet normal -0 0 1
    outer loop
      vertex -20.8706 97.1506 11
      vertex -20.7722 95.65 11
      vertex -20.7722 97.35 11
    endloop
  endfacet
  facet normal 0 0 1
    outer loop
      vertex -20.8706 97.1506 11
      vertex -20.8706 95.8494 11
      vertex -20.7722 95.65 11
    endloop
  endfacet
  facet normal -0 0 1
    outer loop
      vertex -20.9421 96.94 11
      vertex -20.8706 95.8494 11
      vertex -20.8706 97.1506 11
    endloop
  endfacet
  facet normal 0 0 1
    outer loop
      vertex -20.9421 96.94 11
      vertex -20.9421 96.06 11
      vertex -20.8706 95.8494 11
    endloop
  endfacet
  facet normal -0 0 1
    outer loop
      vertex -20.9855 96.7219 11
      vertex -20.9421 96.06 11
      vertex -20.9421 96.94 11
    endloop
  endfacet
  facet normal 0 0 1
    outer loop
      vertex -20.9855 96.7219 11
      vertex -20.9855 96.2781 11
      vertex -20.9421 96.06 11
    endloop
  endfacet
  facet normal 0 -0 1
    outer loop
      vertex -20.9855 96.2781 11
      vertex -20.9855 96.7219 11
      vertex -21 96.5 11
    endloop
  endfacet
  facet normal -0.946915 -0.321484 0
    outer loop
      vertex -17.6579 96.94 11
      vertex -17.7294 97.1506 15
      vertex -17.7294 97.1506 11
    endloop
  endfacet
  facet normal -0.946915 -0.321484 0
    outer loop
      vertex -17.7294 97.1506 15
      vertex -17.6579 96.94 11
      vertex -17.6579 96.94 15
    endloop
  endfacet
  facet normal -0.946915 -0.321484 0
    outer loop
      vertex -17.6579 96.94 17.7
      vertex -17.7294 97.1506 23
      vertex -17.7294 97.1506 17.7
    endloop
  endfacet
  facet normal -0.946915 -0.321484 0
    outer loop
      vertex -17.7294 97.1506 23
      vertex -17.6579 96.94 17.7
      vertex -17.6579 96.94 23
    endloop
  endfacet
  facet normal -0.997872 -0.0652057 0
    outer loop
      vertex -17.6 96.5 11
      vertex -17.6145 96.7219 15
      vertex -17.6145 96.7219 11
    endloop
  endfacet
  facet normal -0.997872 -0.0652057 0
    outer loop
      vertex -17.6145 96.7219 15
      vertex -17.6 96.5 11
      vertex -17.6 96.5 15
    endloop
  endfacet
  facet normal -0.997872 -0.0652057 0
    outer loop
      vertex -17.6 96.5 17.7
      vertex -17.6145 96.7219 23
      vertex -17.6145 96.7219 17.7
    endloop
  endfacet
  facet normal -0.997872 -0.0652057 0
    outer loop
      vertex -17.6145 96.7219 23
      vertex -17.6 96.5 17.7
      vertex -17.6 96.5 23
    endloop
  endfacet
  facet normal 0.997872 0.0652057 0
    outer loop
      vertex -20.9855 96.2781 15
      vertex -21 96.5 11
      vertex -21 96.5 15
    endloop
  endfacet
  facet normal 0.997872 0.0652057 0
    outer loop
      vertex -21 96.5 11
      vertex -20.9855 96.2781 15
      vertex -20.9855 96.2781 11
    endloop
  endfacet
  facet normal 0.997872 0.0652057 0
    outer loop
      vertex -20.9855 96.2781 23
      vertex -21 96.5 17.7
      vertex -21 96.5 23
    endloop
  endfacet
  facet normal 0.997872 0.0652057 0
    outer loop
      vertex -21 96.5 17.7
      vertex -20.9855 96.2781 23
      vertex -20.9855 96.2781 17.7
    endloop
  endfacet
  facet normal 0.751908 0.659268 0
    outer loop
      vertex -20.5021 95.2979 15
      vertex -20.6487 95.4651 11
      vertex -20.6487 95.4651 15
    endloop
  endfacet
  facet normal 0.751908 0.659268 0
    outer loop
      vertex -20.6487 95.4651 11
      vertex -20.5021 95.2979 15
      vertex -20.5021 95.2979 11
    endloop
  endfacet
  facet normal 0.751908 0.659268 0
    outer loop
      vertex -20.5021 95.2979 23
      vertex -20.6487 95.4651 17.7
      vertex -20.6487 95.4651 23
    endloop
  endfacet
  facet normal 0.751908 0.659268 0
    outer loop
      vertex -20.6487 95.4651 17.7
      vertex -20.5021 95.2979 23
      vertex -20.5021 95.2979 17.7
    endloop
  endfacet
  facet normal 0.946915 0.321484 0
    outer loop
      vertex -20.8706 95.8494 15
      vertex -20.9421 96.06 11
      vertex -20.9421 96.06 15
    endloop
  endfacet
  facet normal 0.946915 0.321484 0
    outer loop
      vertex -20.9421 96.06 11
      vertex -20.8706 95.8494 15
      vertex -20.8706 95.8494 11
    endloop
  endfacet
  facet normal 0.946915 0.321484 0
    outer loop
      vertex -20.8706 95.8494 23
      vertex -20.9421 96.06 17.7
      vertex -20.9421 96.06 23
    endloop
  endfacet
  facet normal 0.946915 0.321484 0
    outer loop
      vertex -20.9421 96.06 17.7
      vertex -20.8706 95.8494 23
      vertex -20.8706 95.8494 17.7
    endloop
  endfacet
  facet normal 0.98077 0.195165 0
    outer loop
      vertex -20.9421 96.06 15
      vertex -20.9855 96.2781 11
      vertex -20.9855 96.2781 15
    endloop
  endfacet
  facet normal 0.98077 0.195165 0
    outer loop
      vertex -20.9855 96.2781 11
      vertex -20.9421 96.06 15
      vertex -20.9421 96.06 11
    endloop
  endfacet
  facet normal 0.98077 0.195165 0
    outer loop
      vertex -20.9421 96.06 23
      vertex -20.9855 96.2781 17.7
      vertex -20.9855 96.2781 23
    endloop
  endfacet
  facet normal 0.98077 0.195165 0
    outer loop
      vertex -20.9855 96.2781 17.7
      vertex -20.9421 96.06 23
      vertex -20.9421 96.06 17.7
    endloop
  endfacet
  facet normal -0.98077 0.195165 0
    outer loop
      vertex -17.6579 96.06 11
      vertex -17.6145 96.2781 15
      vertex -17.6145 96.2781 11
    endloop
  endfacet
  facet normal -0.98077 0.195165 0
    outer loop
      vertex -17.6145 96.2781 15
      vertex -17.6579 96.06 11
      vertex -17.6579 96.06 15
    endloop
  endfacet
  facet normal -0.98077 0.195165 0
    outer loop
      vertex -17.6579 96.06 17.7
      vertex -17.6145 96.2781 23
      vertex -17.6145 96.2781 17.7
    endloop
  endfacet
  facet normal -0.98077 0.195165 0
    outer loop
      vertex -17.6145 96.2781 23
      vertex -17.6579 96.06 17.7
      vertex -17.6579 96.06 23
    endloop
  endfacet
  facet normal 0.44253 0.896754 -0
    outer loop
      vertex -19.9506 94.9294 11
      vertex -20.15 95.0278 15
      vertex -19.9506 94.9294 15
    endloop
  endfacet
  facet normal 0.44253 0.896754 0
    outer loop
      vertex -20.15 95.0278 15
      vertex -19.9506 94.9294 11
      vertex -20.15 95.0278 11
    endloop
  endfacet
  facet normal 0.44253 0.896754 -0
    outer loop
      vertex -19.9506 94.9294 17.7
      vertex -20.15 95.0278 23
      vertex -19.9506 94.9294 23
    endloop
  endfacet
  facet normal 0.44253 0.896754 0
    outer loop
      vertex -20.15 95.0278 23
      vertex -19.9506 94.9294 17.7
      vertex -20.15 95.0278 17.7
    endloop
  endfacet
  facet normal -0.659268 -0.751908 0
    outer loop
      vertex -18.2651 97.8487 11
      vertex -18.0979 97.7021 15
      vertex -18.2651 97.8487 15
    endloop
  endfacet
  facet normal -0.659268 -0.751908 -0
    outer loop
      vertex -18.0979 97.7021 15
      vertex -18.2651 97.8487 11
      vertex -18.0979 97.7021 11
    endloop
  endfacet
  facet normal -0.659268 -0.751908 0
    outer loop
      vertex -18.2651 97.8487 17.7
      vertex -18.0979 97.7021 23
      vertex -18.2651 97.8487 23
    endloop
  endfacet
  facet normal -0.659268 -0.751908 -0
    outer loop
      vertex -18.0979 97.7021 23
      vertex -18.2651 97.8487 17.7
      vertex -18.0979 97.7021 17.7
    endloop
  endfacet
  facet normal -0.321484 -0.946915 0
    outer loop
      vertex -18.86 98.1421 11
      vertex -18.6494 98.0706 15
      vertex -18.86 98.1421 15
    endloop
  endfacet
  facet normal -0.321484 -0.946915 -0
    outer loop
      vertex -18.6494 98.0706 15
      vertex -18.86 98.1421 11
      vertex -18.6494 98.0706 11
    endloop
  endfacet
  facet normal -0.321484 -0.946915 0
    outer loop
      vertex -18.86 98.1421 17.7
      vertex -18.6494 98.0706 23
      vertex -18.86 98.1421 23
    endloop
  endfacet
  facet normal -0.321484 -0.946915 -0
    outer loop
      vertex -18.6494 98.0706 23
      vertex -18.86 98.1421 17.7
      vertex -18.6494 98.0706 17.7
    endloop
  endfacet
  facet normal 0.555426 0.831566 -0
    outer loop
      vertex -20.15 95.0278 11
      vertex -20.3349 95.1513 15
      vertex -20.15 95.0278 15
    endloop
  endfacet
  facet normal 0.555426 0.831566 0
    outer loop
      vertex -20.3349 95.1513 15
      vertex -20.15 95.0278 11
      vertex -20.3349 95.1513 11
    endloop
  endfacet
  facet normal 0.555426 0.831566 -0
    outer loop
      vertex -20.15 95.0278 17.7
      vertex -20.3349 95.1513 23
      vertex -20.15 95.0278 23
    endloop
  endfacet
  facet normal 0.555426 0.831566 0
    outer loop
      vertex -20.3349 95.1513 23
      vertex -20.15 95.0278 17.7
      vertex -20.3349 95.1513 17.7
    endloop
  endfacet
  facet normal 0.659268 0.751908 -0
    outer loop
      vertex -20.3349 95.1513 11
      vertex -20.5021 95.2979 15
      vertex -20.3349 95.1513 15
    endloop
  endfacet
  facet normal 0.659268 0.751908 0
    outer loop
      vertex -20.5021 95.2979 15
      vertex -20.3349 95.1513 11
      vertex -20.5021 95.2979 11
    endloop
  endfacet
  facet normal 0.659268 0.751908 -0
    outer loop
      vertex -20.3349 95.1513 17.7
      vertex -20.5021 95.2979 23
      vertex -20.3349 95.1513 23
    endloop
  endfacet
  facet normal 0.659268 0.751908 0
    outer loop
      vertex -20.5021 95.2979 23
      vertex -20.3349 95.1513 17.7
      vertex -20.5021 95.2979 17.7
    endloop
  endfacet
  facet normal 0.831566 0.555426 0
    outer loop
      vertex -20.6487 95.4651 15
      vertex -20.7722 95.65 11
      vertex -20.7722 95.65 15
    endloop
  endfacet
  facet normal 0.831566 0.555426 0
    outer loop
      vertex -20.7722 95.65 11
      vertex -20.6487 95.4651 15
      vertex -20.6487 95.4651 11
    endloop
  endfacet
  facet normal 0.831566 0.555426 0
    outer loop
      vertex -20.6487 95.4651 23
      vertex -20.7722 95.65 17.7
      vertex -20.7722 95.65 23
    endloop
  endfacet
  facet normal 0.831566 0.555426 0
    outer loop
      vertex -20.7722 95.65 17.7
      vertex -20.6487 95.4651 23
      vertex -20.6487 95.4651 17.7
    endloop
  endfacet
  facet normal -0.195165 0.98077 0
    outer loop
      vertex -18.86 94.8579 17.7
      vertex -19.0781 94.8145 23
      vertex -18.86 94.8579 23
    endloop
  endfacet
  facet normal -0.195165 0.98077 0
    outer loop
      vertex -19.0781 94.8145 23
      vertex -18.86 94.8579 17.7
      vertex -19.0781 94.8145 17.7
    endloop
  endfacet
  facet normal -0.195165 0.98077 0
    outer loop
      vertex -18.86 94.8579 11
      vertex -19.0781 94.8145 15
      vertex -18.86 94.8579 15
    endloop
  endfacet
  facet normal -0.195165 0.98077 0
    outer loop
      vertex -19.0781 94.8145 15
      vertex -18.86 94.8579 11
      vertex -19.0781 94.8145 11
    endloop
  endfacet
  facet normal -0.659268 0.751908 0
    outer loop
      vertex -18.0979 95.2979 17.7
      vertex -18.2651 95.1513 23
      vertex -18.0979 95.2979 23
    endloop
  endfacet
  facet normal -0.659268 0.751908 0
    outer loop
      vertex -18.2651 95.1513 23
      vertex -18.0979 95.2979 17.7
      vertex -18.2651 95.1513 17.7
    endloop
  endfacet
  facet normal -0.659268 0.751908 0
    outer loop
      vertex -18.0979 95.2979 11
      vertex -18.2651 95.1513 15
      vertex -18.0979 95.2979 15
    endloop
  endfacet
  facet normal -0.659268 0.751908 0
    outer loop
      vertex -18.2651 95.1513 15
      vertex -18.0979 95.2979 11
      vertex -18.2651 95.1513 11
    endloop
  endfacet
  facet normal -0.831566 0.555426 0
    outer loop
      vertex -17.9513 95.4651 11
      vertex -17.8278 95.65 15
      vertex -17.8278 95.65 11
    endloop
  endfacet
  facet normal -0.831566 0.555426 0
    outer loop
      vertex -17.8278 95.65 15
      vertex -17.9513 95.4651 11
      vertex -17.9513 95.4651 15
    endloop
  endfacet
  facet normal -0.831566 0.555426 0
    outer loop
      vertex -17.9513 95.4651 17.7
      vertex -17.8278 95.65 23
      vertex -17.8278 95.65 17.7
    endloop
  endfacet
  facet normal -0.831566 0.555426 0
    outer loop
      vertex -17.8278 95.65 23
      vertex -17.9513 95.4651 17.7
      vertex -17.9513 95.4651 23
    endloop
  endfacet
  facet normal -0.946915 0.321484 0
    outer loop
      vertex -17.7294 95.8494 11
      vertex -17.6579 96.06 15
      vertex -17.6579 96.06 11
    endloop
  endfacet
  facet normal -0.946915 0.321484 0
    outer loop
      vertex -17.6579 96.06 15
      vertex -17.7294 95.8494 11
      vertex -17.7294 95.8494 15
    endloop
  endfacet
  facet normal -0.946915 0.321484 0
    outer loop
      vertex -17.7294 95.8494 17.7
      vertex -17.6579 96.06 23
      vertex -17.6579 96.06 17.7
    endloop
  endfacet
  facet normal -0.946915 0.321484 0
    outer loop
      vertex -17.6579 96.06 23
      vertex -17.7294 95.8494 17.7
      vertex -17.7294 95.8494 23
    endloop
  endfacet
  facet normal -0.896754 0.44253 0
    outer loop
      vertex -17.8278 95.65 11
      vertex -17.7294 95.8494 15
      vertex -17.7294 95.8494 11
    endloop
  endfacet
  facet normal -0.896754 0.44253 0
    outer loop
      vertex -17.7294 95.8494 15
      vertex -17.8278 95.65 11
      vertex -17.8278 95.65 15
    endloop
  endfacet
  facet normal -0.896754 0.44253 0
    outer loop
      vertex -17.8278 95.65 17.7
      vertex -17.7294 95.8494 23
      vertex -17.7294 95.8494 17.7
    endloop
  endfacet
  facet normal -0.896754 0.44253 0
    outer loop
      vertex -17.7294 95.8494 23
      vertex -17.8278 95.65 17.7
      vertex -17.8278 95.65 23
    endloop
  endfacet
  facet normal 0.321484 0.946915 -0
    outer loop
      vertex -19.74 94.8579 17.7
      vertex -19.9506 94.9294 23
      vertex -19.74 94.8579 23
    endloop
  endfacet
  facet normal 0.321484 0.946915 0
    outer loop
      vertex -19.9506 94.9294 23
      vertex -19.74 94.8579 17.7
      vertex -19.9506 94.9294 17.7
    endloop
  endfacet
  facet normal 0.321484 0.946915 -0
    outer loop
      vertex -19.74 94.8579 11
      vertex -19.9506 94.9294 15
      vertex -19.74 94.8579 15
    endloop
  endfacet
  facet normal 0.321484 0.946915 0
    outer loop
      vertex -19.9506 94.9294 15
      vertex -19.74 94.8579 11
      vertex -19.9506 94.9294 11
    endloop
  endfacet
  facet normal 0.195165 0.98077 -0
    outer loop
      vertex -19.5219 94.8145 17.7
      vertex -19.74 94.8579 23
      vertex -19.5219 94.8145 23
    endloop
  endfacet
  facet normal 0.195165 0.98077 0
    outer loop
      vertex -19.74 94.8579 23
      vertex -19.5219 94.8145 17.7
      vertex -19.74 94.8579 17.7
    endloop
  endfacet
  facet normal 0.195165 0.98077 -0
    outer loop
      vertex -19.5219 94.8145 11
      vertex -19.74 94.8579 15
      vertex -19.5219 94.8145 15
    endloop
  endfacet
  facet normal 0.195165 0.98077 0
    outer loop
      vertex -19.74 94.8579 15
      vertex -19.5219 94.8145 11
      vertex -19.74 94.8579 11
    endloop
  endfacet
  facet normal 0.896754 0.44253 0
    outer loop
      vertex -20.7722 95.65 15
      vertex -20.8706 95.8494 11
      vertex -20.8706 95.8494 15
    endloop
  endfacet
  facet normal 0.896754 0.44253 0
    outer loop
      vertex -20.8706 95.8494 11
      vertex -20.7722 95.65 15
      vertex -20.7722 95.65 11
    endloop
  endfacet
  facet normal 0.896754 0.44253 0
    outer loop
      vertex -20.7722 95.65 23
      vertex -20.8706 95.8494 17.7
      vertex -20.8706 95.8494 23
    endloop
  endfacet
  facet normal 0.896754 0.44253 0
    outer loop
      vertex -20.8706 95.8494 17.7
      vertex -20.7722 95.65 23
      vertex -20.7722 95.65 17.7
    endloop
  endfacet
  facet normal -0.0652057 0.997872 0
    outer loop
      vertex -19.0781 94.8145 11
      vertex -19.3 94.8 15
      vertex -19.0781 94.8145 15
    endloop
  endfacet
  facet normal -0.0652057 0.997872 0
    outer loop
      vertex -19.3 94.8 15
      vertex -19.0781 94.8145 11
      vertex -19.3 94.8 11
    endloop
  endfacet
  facet normal -0.0652057 0.997872 0
    outer loop
      vertex -19.0781 94.8145 17.7
      vertex -19.3 94.8 23
      vertex -19.0781 94.8145 23
    endloop
  endfacet
  facet normal -0.0652057 0.997872 0
    outer loop
      vertex -19.3 94.8 23
      vertex -19.0781 94.8145 17.7
      vertex -19.3 94.8 17.7
    endloop
  endfacet
  facet normal -0.44253 0.896754 0
    outer loop
      vertex -18.45 95.0278 17.7
      vertex -18.6494 94.9294 23
      vertex -18.45 95.0278 23
    endloop
  endfacet
  facet normal -0.44253 0.896754 0
    outer loop
      vertex -18.6494 94.9294 23
      vertex -18.45 95.0278 17.7
      vertex -18.6494 94.9294 17.7
    endloop
  endfacet
  facet normal -0.44253 0.896754 0
    outer loop
      vertex -18.45 95.0278 11
      vertex -18.6494 94.9294 15
      vertex -18.45 95.0278 15
    endloop
  endfacet
  facet normal -0.44253 0.896754 0
    outer loop
      vertex -18.6494 94.9294 15
      vertex -18.45 95.0278 11
      vertex -18.6494 94.9294 11
    endloop
  endfacet
  facet normal -0.321484 0.946915 0
    outer loop
      vertex -18.6494 94.9294 11
      vertex -18.86 94.8579 15
      vertex -18.6494 94.9294 15
    endloop
  endfacet
  facet normal -0.321484 0.946915 0
    outer loop
      vertex -18.86 94.8579 15
      vertex -18.6494 94.9294 11
      vertex -18.86 94.8579 11
    endloop
  endfacet
  facet normal -0.321484 0.946915 0
    outer loop
      vertex -18.6494 94.9294 17.7
      vertex -18.86 94.8579 23
      vertex -18.6494 94.9294 23
    endloop
  endfacet
  facet normal -0.321484 0.946915 0
    outer loop
      vertex -18.86 94.8579 23
      vertex -18.6494 94.9294 17.7
      vertex -18.86 94.8579 17.7
    endloop
  endfacet
  facet normal -0.555426 0.831566 0
    outer loop
      vertex -18.2651 95.1513 11
      vertex -18.45 95.0278 15
      vertex -18.2651 95.1513 15
    endloop
  endfacet
  facet normal -0.555426 0.831566 0
    outer loop
      vertex -18.45 95.0278 15
      vertex -18.2651 95.1513 11
      vertex -18.45 95.0278 11
    endloop
  endfacet
  facet normal -0.555426 0.831566 0
    outer loop
      vertex -18.2651 95.1513 17.7
      vertex -18.45 95.0278 23
      vertex -18.2651 95.1513 23
    endloop
  endfacet
  facet normal -0.555426 0.831566 0
    outer loop
      vertex -18.45 95.0278 23
      vertex -18.2651 95.1513 17.7
      vertex -18.45 95.0278 17.7
    endloop
  endfacet
  facet normal -0.751908 0.659268 0
    outer loop
      vertex -18.0979 95.2979 17.7
      vertex -17.9513 95.4651 23
      vertex -17.9513 95.4651 17.7
    endloop
  endfacet
  facet normal -0.751908 0.659268 0
    outer loop
      vertex -17.9513 95.4651 23
      vertex -18.0979 95.2979 17.7
      vertex -18.0979 95.2979 23
    endloop
  endfacet
  facet normal -0.751908 0.659268 0
    outer loop
      vertex -18.0979 95.2979 11
      vertex -17.9513 95.4651 15
      vertex -17.9513 95.4651 11
    endloop
  endfacet
  facet normal -0.751908 0.659268 0
    outer loop
      vertex -17.9513 95.4651 15
      vertex -18.0979 95.2979 11
      vertex -18.0979 95.2979 15
    endloop
  endfacet
  facet normal 0 -1 0
    outer loop
      vertex -24 99.4 15
      vertex -17.6257 99.4 17.7
      vertex -24 99.4 17.7
    endloop
  endfacet
  facet normal 0 -1 -0
    outer loop
      vertex -17.6257 99.4 17.7
      vertex -24 99.4 15
      vertex -17.6257 99.4 15
    endloop
  endfacet
  facet normal 0 1 -0
    outer loop
      vertex -17.6257 93.6 15
      vertex -24 93.6 17.7
      vertex -17.6257 93.6 17.7
    endloop
  endfacet
  facet normal 0 1 0
    outer loop
      vertex -24 93.6 17.7
      vertex -17.6257 93.6 15
      vertex -24 93.6 15
    endloop
  endfacet
  facet normal -0 0 -1
    outer loop
      vertex -15.9514 96.5 17.7
      vertex -17.6145 96.2781 17.7
      vertex -17.6 96.5 17.7
    endloop
  endfacet
  facet normal 0 0 -1
    outer loop
      vertex -17.8278 95.65 17.7
      vertex -15.9514 96.5 17.7
      vertex -17.6257 93.6 17.7
    endloop
  endfacet
  facet normal 0 0 -1
    outer loop
      vertex -15.9514 96.5 17.7
      vertex -17.6579 96.06 17.7
      vertex -17.6145 96.2781 17.7
    endloop
  endfacet
  facet normal 0 0 -1
    outer loop
      vertex -15.9514 96.5 17.7
      vertex -17.7294 95.8494 17.7
      vertex -17.6579 96.06 17.7
    endloop
  endfacet
  facet normal 0 0 -1
    outer loop
      vertex -15.9514 96.5 17.7
      vertex -17.8278 95.65 17.7
      vertex -17.7294 95.8494 17.7
    endloop
  endfacet
  facet normal 0 0 -1
    outer loop
      vertex -17.6257 93.6 17.7
      vertex -17.9513 95.4651 17.7
      vertex -17.8278 95.65 17.7
    endloop
  endfacet
  facet normal 0 0 -1
    outer loop
      vertex -17.6257 93.6 17.7
      vertex -18.0979 95.2979 17.7
      vertex -17.9513 95.4651 17.7
    endloop
  endfacet
  facet normal 0 0 -1
    outer loop
      vertex -17.6257 93.6 17.7
      vertex -18.2651 95.1513 17.7
      vertex -18.0979 95.2979 17.7
    endloop
  endfacet
  facet normal 0 0 -1
    outer loop
      vertex -17.6257 93.6 17.7
      vertex -18.45 95.0278 17.7
      vertex -18.2651 95.1513 17.7
    endloop
  endfacet
  facet normal 0 0 -1
    outer loop
      vertex -17.6257 93.6 17.7
      vertex -18.6494 94.9294 17.7
      vertex -18.45 95.0278 17.7
    endloop
  endfacet
  facet normal 0 0 -1
    outer loop
      vertex -17.6257 93.6 17.7
      vertex -18.86 94.8579 17.7
      vertex -18.6494 94.9294 17.7
    endloop
  endfacet
  facet normal 0 0 -1
    outer loop
      vertex -17.6257 93.6 17.7
      vertex -19.0781 94.8145 17.7
      vertex -18.86 94.8579 17.7
    endloop
  endfacet
  facet normal 0 0 -1
    outer loop
      vertex -17.6257 93.6 17.7
      vertex -19.3 94.8 17.7
      vertex -19.0781 94.8145 17.7
    endloop
  endfacet
  facet normal 0 0 -1
    outer loop
      vertex -17.6257 93.6 17.7
      vertex -19.5219 94.8145 17.7
      vertex -19.3 94.8 17.7
    endloop
  endfacet
  facet normal 0 0 -1
    outer loop
      vertex -17.6257 93.6 17.7
      vertex -19.74 94.8579 17.7
      vertex -19.5219 94.8145 17.7
    endloop
  endfacet
  facet normal 0 0 -1
    outer loop
      vertex -24 93.6 17.7
      vertex -19.74 94.8579 17.7
      vertex -17.6257 93.6 17.7
    endloop
  endfacet
  facet normal -0 0 -1
    outer loop
      vertex -19.74 94.8579 17.7
      vertex -24 93.6 17.7
      vertex -19.9506 94.9294 17.7
    endloop
  endfacet
  facet normal -0 0 -1
    outer loop
      vertex -20.9855 96.2781 17.7
      vertex -24 93.6 17.7
      vertex -21 96.5 17.7
    endloop
  endfacet
  facet normal -0 0 -1
    outer loop
      vertex -20.9421 96.06 17.7
      vertex -24 93.6 17.7
      vertex -20.9855 96.2781 17.7
    endloop
  endfacet
  facet normal -0 0 -1
    outer loop
      vertex -20.8706 95.8494 17.7
      vertex -24 93.6 17.7
      vertex -20.9421 96.06 17.7
    endloop
  endfacet
  facet normal -0 0 -1
    outer loop
      vertex -20.7722 95.65 17.7
      vertex -24 93.6 17.7
      vertex -20.8706 95.8494 17.7
    endloop
  endfacet
  facet normal -0 0 -1
    outer loop
      vertex -20.6487 95.4651 17.7
      vertex -24 93.6 17.7
      vertex -20.7722 95.65 17.7
    endloop
  endfacet
  facet normal -0 0 -1
    outer loop
      vertex -20.5021 95.2979 17.7
      vertex -24 93.6 17.7
      vertex -20.6487 95.4651 17.7
    endloop
  endfacet
  facet normal -0 0 -1
    outer loop
      vertex -20.3349 95.1513 17.7
      vertex -24 93.6 17.7
      vertex -20.5021 95.2979 17.7
    endloop
  endfacet
  facet normal -0 0 -1
    outer loop
      vertex -20.15 95.0278 17.7
      vertex -24 93.6 17.7
      vertex -20.3349 95.1513 17.7
    endloop
  endfacet
  facet normal -0 0 -1
    outer loop
      vertex -19.9506 94.9294 17.7
      vertex -24 93.6 17.7
      vertex -20.15 95.0278 17.7
    endloop
  endfacet
  facet normal 0 0 -1
    outer loop
      vertex -17.6145 96.7219 17.7
      vertex -15.9514 96.5 17.7
      vertex -17.6 96.5 17.7
    endloop
  endfacet
  facet normal 0 0 -1
    outer loop
      vertex -17.6579 96.94 17.7
      vertex -15.9514 96.5 17.7
      vertex -17.6145 96.7219 17.7
    endloop
  endfacet
  facet normal 0 0 -1
    outer loop
      vertex -17.7294 97.1506 17.7
      vertex -15.9514 96.5 17.7
      vertex -17.6579 96.94 17.7
    endloop
  endfacet
  facet normal 0 0 -1
    outer loop
      vertex -17.8278 97.35 17.7
      vertex -15.9514 96.5 17.7
      vertex -17.7294 97.1506 17.7
    endloop
  endfacet
  facet normal 0 0 -1
    outer loop
      vertex -15.9514 96.5 17.7
      vertex -17.8278 97.35 17.7
      vertex -17.6257 99.4 17.7
    endloop
  endfacet
  facet normal 0 0 -1
    outer loop
      vertex -17.9513 97.5349 17.7
      vertex -17.6257 99.4 17.7
      vertex -17.8278 97.35 17.7
    endloop
  endfacet
  facet normal 0 0 -1
    outer loop
      vertex -18.0979 97.7021 17.7
      vertex -17.6257 99.4 17.7
      vertex -17.9513 97.5349 17.7
    endloop
  endfacet
  facet normal 0 0 -1
    outer loop
      vertex -18.2651 97.8487 17.7
      vertex -17.6257 99.4 17.7
      vertex -18.0979 97.7021 17.7
    endloop
  endfacet
  facet normal 0 0 -1
    outer loop
      vertex -18.45 97.9722 17.7
      vertex -17.6257 99.4 17.7
      vertex -18.2651 97.8487 17.7
    endloop
  endfacet
  facet normal 0 0 -1
    outer loop
      vertex -18.6494 98.0706 17.7
      vertex -17.6257 99.4 17.7
      vertex -18.45 97.9722 17.7
    endloop
  endfacet
  facet normal 0 0 -1
    outer loop
      vertex -18.86 98.1421 17.7
      vertex -17.6257 99.4 17.7
      vertex -18.6494 98.0706 17.7
    endloop
  endfacet
  facet normal 0 0 -1
    outer loop
      vertex -19.0781 98.1855 17.7
      vertex -17.6257 99.4 17.7
      vertex -18.86 98.1421 17.7
    endloop
  endfacet
  facet normal 0 0 -1
    outer loop
      vertex -19.3 98.2 17.7
      vertex -17.6257 99.4 17.7
      vertex -19.0781 98.1855 17.7
    endloop
  endfacet
  facet normal 0 0 -1
    outer loop
      vertex -19.5219 98.1855 17.7
      vertex -17.6257 99.4 17.7
      vertex -19.3 98.2 17.7
    endloop
  endfacet
  facet normal 0 0 -1
    outer loop
      vertex -19.74 98.1421 17.7
      vertex -17.6257 99.4 17.7
      vertex -19.5219 98.1855 17.7
    endloop
  endfacet
  facet normal 0 0 -1
    outer loop
      vertex -24 99.4 17.7
      vertex -19.74 98.1421 17.7
      vertex -19.9506 98.0706 17.7
    endloop
  endfacet
  facet normal 0 0 -1
    outer loop
      vertex -24 99.4 17.7
      vertex -19.9506 98.0706 17.7
      vertex -20.15 97.9722 17.7
    endloop
  endfacet
  facet normal 0 0 -1
    outer loop
      vertex -24 99.4 17.7
      vertex -21 96.5 17.7
      vertex -24 93.6 17.7
    endloop
  endfacet
  facet normal 0 0 -1
    outer loop
      vertex -21 96.5 17.7
      vertex -24 99.4 17.7
      vertex -20.9855 96.7219 17.7
    endloop
  endfacet
  facet normal 0 0 -1
    outer loop
      vertex -20.9855 96.7219 17.7
      vertex -24 99.4 17.7
      vertex -20.9421 96.94 17.7
    endloop
  endfacet
  facet normal 0 0 -1
    outer loop
      vertex -20.9421 96.94 17.7
      vertex -24 99.4 17.7
      vertex -20.8706 97.1506 17.7
    endloop
  endfacet
  facet normal 0 0 -1
    outer loop
      vertex -20.8706 97.1506 17.7
      vertex -24 99.4 17.7
      vertex -20.7722 97.35 17.7
    endloop
  endfacet
  facet normal 0 0 -1
    outer loop
      vertex -19.74 98.1421 17.7
      vertex -24 99.4 17.7
      vertex -17.6257 99.4 17.7
    endloop
  endfacet
  facet normal 0 0 -1
    outer loop
      vertex -20.3349 97.8487 17.7
      vertex -24 99.4 17.7
      vertex -20.15 97.9722 17.7
    endloop
  endfacet
  facet normal 0 0 -1
    outer loop
      vertex -20.5021 97.7021 17.7
      vertex -24 99.4 17.7
      vertex -20.3349 97.8487 17.7
    endloop
  endfacet
  facet normal 0 0 -1
    outer loop
      vertex -20.6487 97.5349 17.7
      vertex -24 99.4 17.7
      vertex -20.5021 97.7021 17.7
    endloop
  endfacet
  facet normal 0 0 -1
    outer loop
      vertex -20.7722 97.35 17.7
      vertex -24 99.4 17.7
      vertex -20.6487 97.5349 17.7
    endloop
  endfacet
  facet normal -0.866027 -0.499996 0
    outer loop
      vertex -15.9514 96.5 15
      vertex -17.6257 99.4 17.7
      vertex -17.6257 99.4 15
    endloop
  endfacet
  facet normal -0.866027 -0.499996 0
    outer loop
      vertex -17.6257 99.4 17.7
      vertex -15.9514 96.5 15
      vertex -15.9514 96.5 17.7
    endloop
  endfacet
  facet normal 0 0 1
    outer loop
      vertex -15.9514 96.5 15
      vertex -17.6145 96.7219 15
      vertex -17.6 96.5 15
    endloop
  endfacet
  facet normal -0 0 1
    outer loop
      vertex -17.8278 97.35 15
      vertex -15.9514 96.5 15
      vertex -17.6257 99.4 15
    endloop
  endfacet
  facet normal 0 0 1
    outer loop
      vertex -15.9514 96.5 15
      vertex -17.6579 96.94 15
      vertex -17.6145 96.7219 15
    endloop
  endfacet
  facet normal 0 0 1
    outer loop
      vertex -15.9514 96.5 15
      vertex -17.7294 97.1506 15
      vertex -17.6579 96.94 15
    endloop
  endfacet
  facet normal 0 0 1
    outer loop
      vertex -15.9514 96.5 15
      vertex -17.8278 97.35 15
      vertex -17.7294 97.1506 15
    endloop
  endfacet
  facet normal 0 0 1
    outer loop
      vertex -17.6257 99.4 15
      vertex -17.9513 97.5349 15
      vertex -17.8278 97.35 15
    endloop
  endfacet
  facet normal 0 0 1
    outer loop
      vertex -17.6257 99.4 15
      vertex -18.0979 97.7021 15
      vertex -17.9513 97.5349 15
    endloop
  endfacet
  facet normal 0 0 1
    outer loop
      vertex -17.6257 99.4 15
      vertex -18.2651 97.8487 15
      vertex -18.0979 97.7021 15
    endloop
  endfacet
  facet normal 0 0 1
    outer loop
      vertex -17.6257 99.4 15
      vertex -18.45 97.9722 15
      vertex -18.2651 97.8487 15
    endloop
  endfacet
  facet normal 0 0 1
    outer loop
      vertex -17.6257 99.4 15
      vertex -18.6494 98.0706 15
      vertex -18.45 97.9722 15
    endloop
  endfacet
  facet normal 0 0 1
    outer loop
      vertex -17.6257 99.4 15
      vertex -18.86 98.1421 15
      vertex -18.6494 98.0706 15
    endloop
  endfacet
  facet normal 0 0 1
    outer loop
      vertex -17.6257 99.4 15
      vertex -19.0781 98.1855 15
      vertex -18.86 98.1421 15
    endloop
  endfacet
  facet normal 0 0 1
    outer loop
      vertex -17.6257 99.4 15
      vertex -19.3 98.2 15
      vertex -19.0781 98.1855 15
    endloop
  endfacet
  facet normal 0 0 1
    outer loop
      vertex -17.6257 99.4 15
      vertex -19.5219 98.1855 15
      vertex -19.3 98.2 15
    endloop
  endfacet
  facet normal 0 0 1
    outer loop
      vertex -17.6257 99.4 15
      vertex -19.74 98.1421 15
      vertex -19.5219 98.1855 15
    endloop
  endfacet
  facet normal -0 0 1
    outer loop
      vertex -24 99.4 15
      vertex -19.74 98.1421 15
      vertex -17.6257 99.4 15
    endloop
  endfacet
  facet normal 0 0 1
    outer loop
      vertex -19.74 98.1421 15
      vertex -24 99.4 15
      vertex -19.9506 98.0706 15
    endloop
  endfacet
  facet normal 0 0 1
    outer loop
      vertex -20.9855 96.7219 15
      vertex -24 99.4 15
      vertex -21 96.5 15
    endloop
  endfacet
  facet normal 0 0 1
    outer loop
      vertex -20.9421 96.94 15
      vertex -24 99.4 15
      vertex -20.9855 96.7219 15
    endloop
  endfacet
  facet normal 0 0 1
    outer loop
      vertex -20.8706 97.1506 15
      vertex -24 99.4 15
      vertex -20.9421 96.94 15
    endloop
  endfacet
  facet normal 0 0 1
    outer loop
      vertex -20.7722 97.35 15
      vertex -24 99.4 15
      vertex -20.8706 97.1506 15
    endloop
  endfacet
  facet normal 0 0 1
    outer loop
      vertex -20.6487 97.5349 15
      vertex -24 99.4 15
      vertex -20.7722 97.35 15
    endloop
  endfacet
  facet normal 0 0 1
    outer loop
      vertex -20.5021 97.7021 15
      vertex -24 99.4 15
      vertex -20.6487 97.5349 15
    endloop
  endfacet
  facet normal 0 0 1
    outer loop
      vertex -20.3349 97.8487 15
      vertex -24 99.4 15
      vertex -20.5021 97.7021 15
    endloop
  endfacet
  facet normal 0 0 1
    outer loop
      vertex -20.15 97.9722 15
      vertex -24 99.4 15
      vertex -20.3349 97.8487 15
    endloop
  endfacet
  facet normal 0 0 1
    outer loop
      vertex -19.9506 98.0706 15
      vertex -24 99.4 15
      vertex -20.15 97.9722 15
    endloop
  endfacet
  facet normal 0 0 1
    outer loop
      vertex -17.6145 96.2781 15
      vertex -15.9514 96.5 15
      vertex -17.6 96.5 15
    endloop
  endfacet
  facet normal 0 0 1
    outer loop
      vertex -17.6579 96.06 15
      vertex -15.9514 96.5 15
      vertex -17.6145 96.2781 15
    endloop
  endfacet
  facet normal 0 0 1
    outer loop
      vertex -17.7294 95.8494 15
      vertex -15.9514 96.5 15
      vertex -17.6579 96.06 15
    endloop
  endfacet
  facet normal 0 0 1
    outer loop
      vertex -17.8278 95.65 15
      vertex -15.9514 96.5 15
      vertex -17.7294 95.8494 15
    endloop
  endfacet
  facet normal 0 0 1
    outer loop
      vertex -15.9514 96.5 15
      vertex -17.8278 95.65 15
      vertex -17.6257 93.6 15
    endloop
  endfacet
  facet normal -0 0 1
    outer loop
      vertex -17.9513 95.4651 15
      vertex -17.6257 93.6 15
      vertex -17.8278 95.65 15
    endloop
  endfacet
  facet normal -0 0 1
    outer loop
      vertex -18.0979 95.2979 15
      vertex -17.6257 93.6 15
      vertex -17.9513 95.4651 15
    endloop
  endfacet
  facet normal -0 0 1
    outer loop
      vertex -18.2651 95.1513 15
      vertex -17.6257 93.6 15
      vertex -18.0979 95.2979 15
    endloop
  endfacet
  facet normal -0 0 1
    outer loop
      vertex -18.45 95.0278 15
      vertex -17.6257 93.6 15
      vertex -18.2651 95.1513 15
    endloop
  endfacet
  facet normal -0 0 1
    outer loop
      vertex -18.6494 94.9294 15
      vertex -17.6257 93.6 15
      vertex -18.45 95.0278 15
    endloop
  endfacet
  facet normal -0 0 1
    outer loop
      vertex -18.86 94.8579 15
      vertex -17.6257 93.6 15
      vertex -18.6494 94.9294 15
    endloop
  endfacet
  facet normal -0 0 1
    outer loop
      vertex -19.0781 94.8145 15
      vertex -17.6257 93.6 15
      vertex -18.86 94.8579 15
    endloop
  endfacet
  facet normal -0 0 1
    outer loop
      vertex -19.3 94.8 15
      vertex -17.6257 93.6 15
      vertex -19.0781 94.8145 15
    endloop
  endfacet
  facet normal 0 0 1
    outer loop
      vertex -19.5219 94.8145 15
      vertex -17.6257 93.6 15
      vertex -19.3 94.8 15
    endloop
  endfacet
  facet normal 0 0 1
    outer loop
      vertex -19.74 94.8579 15
      vertex -17.6257 93.6 15
      vertex -19.5219 94.8145 15
    endloop
  endfacet
  facet normal 0 0 1
    outer loop
      vertex -24 93.6 15
      vertex -19.74 94.8579 15
      vertex -19.9506 94.9294 15
    endloop
  endfacet
  facet normal 0 0 1
    outer loop
      vertex -24 93.6 15
      vertex -19.9506 94.9294 15
      vertex -20.15 95.0278 15
    endloop
  endfacet
  facet normal 0 0 1
    outer loop
      vertex -24 93.6 15
      vertex -21 96.5 15
      vertex -24 99.4 15
    endloop
  endfacet
  facet normal 0 0 1
    outer loop
      vertex -21 96.5 15
      vertex -24 93.6 15
      vertex -20.9855 96.2781 15
    endloop
  endfacet
  facet normal 0 0 1
    outer loop
      vertex -20.9855 96.2781 15
      vertex -24 93.6 15
      vertex -20.9421 96.06 15
    endloop
  endfacet
  facet normal 0 0 1
    outer loop
      vertex -20.9421 96.06 15
      vertex -24 93.6 15
      vertex -20.8706 95.8494 15
    endloop
  endfacet
  facet normal 0 0 1
    outer loop
      vertex -20.8706 95.8494 15
      vertex -24 93.6 15
      vertex -20.7722 95.65 15
    endloop
  endfacet
  facet normal 0 0 1
    outer loop
      vertex -19.74 94.8579 15
      vertex -24 93.6 15
      vertex -17.6257 93.6 15
    endloop
  endfacet
  facet normal 0 0 1
    outer loop
      vertex -20.3349 95.1513 15
      vertex -24 93.6 15
      vertex -20.15 95.0278 15
    endloop
  endfacet
  facet normal 0 0 1
    outer loop
      vertex -20.5021 95.2979 15
      vertex -24 93.6 15
      vertex -20.3349 95.1513 15
    endloop
  endfacet
  facet normal 0 0 1
    outer loop
      vertex -20.6487 95.4651 15
      vertex -24 93.6 15
      vertex -20.5021 95.2979 15
    endloop
  endfacet
  facet normal 0 0 1
    outer loop
      vertex -20.7722 95.65 15
      vertex -24 93.6 15
      vertex -20.6487 95.4651 15
    endloop
  endfacet
  facet normal -0.866027 0.499996 0
    outer loop
      vertex -17.6257 93.6 15
      vertex -15.9514 96.5 17.7
      vertex -15.9514 96.5 15
    endloop
  endfacet
  facet normal -0.866027 0.499996 0
    outer loop
      vertex -15.9514 96.5 17.7
      vertex -17.6257 93.6 15
      vertex -17.6257 93.6 17.7
    endloop
  endfacet
  facet normal -0.997872 -0.0652057 0
    outer loop
      vertex 21 96.5 11
      vertex 20.9855 96.7219 15
      vertex 20.9855 96.7219 11
    endloop
  endfacet
  facet normal -0.997872 -0.0652057 0
    outer loop
      vertex 20.9855 96.7219 15
      vertex 21 96.5 11
      vertex 21 96.5 15
    endloop
  endfacet
  facet normal -0.997872 -0.0652057 0
    outer loop
      vertex 21 96.5 17.7
      vertex 20.9855 96.7219 23
      vertex 20.9855 96.7219 17.7
    endloop
  endfacet
  facet normal -0.997872 -0.0652057 0
    outer loop
      vertex 20.9855 96.7219 23
      vertex 21 96.5 17.7
      vertex 21 96.5 23
    endloop
  endfacet
  facet normal 0.997872 0.0652057 0
    outer loop
      vertex 17.6145 96.2781 15
      vertex 17.6 96.5 11
      vertex 17.6 96.5 15
    endloop
  endfacet
  facet normal 0.997872 0.0652057 0
    outer loop
      vertex 17.6 96.5 11
      vertex 17.6145 96.2781 15
      vertex 17.6145 96.2781 11
    endloop
  endfacet
  facet normal 0.997872 0.0652057 0
    outer loop
      vertex 17.6145 96.2781 23
      vertex 17.6 96.5 17.7
      vertex 17.6 96.5 23
    endloop
  endfacet
  facet normal 0.997872 0.0652057 0
    outer loop
      vertex 17.6 96.5 17.7
      vertex 17.6145 96.2781 23
      vertex 17.6145 96.2781 17.7
    endloop
  endfacet
  facet normal 0.0652057 -0.997872 0
    outer loop
      vertex 19.0781 98.1855 11
      vertex 19.3 98.2 15
      vertex 19.0781 98.1855 15
    endloop
  endfacet
  facet normal 0.0652057 -0.997872 0
    outer loop
      vertex 19.3 98.2 15
      vertex 19.0781 98.1855 11
      vertex 19.3 98.2 11
    endloop
  endfacet
  facet normal 0.0652057 -0.997872 0
    outer loop
      vertex 19.0781 98.1855 17.7
      vertex 19.3 98.2 23
      vertex 19.0781 98.1855 23
    endloop
  endfacet
  facet normal 0.0652057 -0.997872 0
    outer loop
      vertex 19.3 98.2 23
      vertex 19.0781 98.1855 17.7
      vertex 19.3 98.2 17.7
    endloop
  endfacet
  facet normal -0.0652057 0.997872 0
    outer loop
      vertex 19.5219 94.8145 11
      vertex 19.3 94.8 15
      vertex 19.5219 94.8145 15
    endloop
  endfacet
  facet normal -0.0652057 0.997872 0
    outer loop
      vertex 19.3 94.8 15
      vertex 19.5219 94.8145 11
      vertex 19.3 94.8 11
    endloop
  endfacet
  facet normal -0.0652057 0.997872 0
    outer loop
      vertex 19.5219 94.8145 17.7
      vertex 19.3 94.8 23
      vertex 19.5219 94.8145 23
    endloop
  endfacet
  facet normal -0.0652057 0.997872 0
    outer loop
      vertex 19.3 94.8 23
      vertex 19.5219 94.8145 17.7
      vertex 19.3 94.8 17.7
    endloop
  endfacet
  facet normal -0.659268 -0.751908 0
    outer loop
      vertex 20.3349 97.8487 11
      vertex 20.5021 97.7021 15
      vertex 20.3349 97.8487 15
    endloop
  endfacet
  facet normal -0.659268 -0.751908 -0
    outer loop
      vertex 20.5021 97.7021 15
      vertex 20.3349 97.8487 11
      vertex 20.5021 97.7021 11
    endloop
  endfacet
  facet normal -0.659268 -0.751908 0
    outer loop
      vertex 20.3349 97.8487 17.7
      vertex 20.5021 97.7021 23
      vertex 20.3349 97.8487 23
    endloop
  endfacet
  facet normal -0.659268 -0.751908 -0
    outer loop
      vertex 20.5021 97.7021 23
      vertex 20.3349 97.8487 17.7
      vertex 20.5021 97.7021 17.7
    endloop
  endfacet
  facet normal 0.751908 -0.659268 0
    outer loop
      vertex 17.9513 97.5349 15
      vertex 18.0979 97.7021 11
      vertex 18.0979 97.7021 15
    endloop
  endfacet
  facet normal 0.751908 -0.659268 0
    outer loop
      vertex 18.0979 97.7021 11
      vertex 17.9513 97.5349 15
      vertex 17.9513 97.5349 11
    endloop
  endfacet
  facet normal 0.751908 -0.659268 0
    outer loop
      vertex 17.9513 97.5349 23
      vertex 18.0979 97.7021 17.7
      vertex 18.0979 97.7021 23
    endloop
  endfacet
  facet normal 0.751908 -0.659268 0
    outer loop
      vertex 18.0979 97.7021 17.7
      vertex 17.9513 97.5349 23
      vertex 17.9513 97.5349 17.7
    endloop
  endfacet
  facet normal 0.44253 -0.896754 0
    outer loop
      vertex 18.45 97.9722 11
      vertex 18.6494 98.0706 15
      vertex 18.45 97.9722 15
    endloop
  endfacet
  facet normal 0.44253 -0.896754 0
    outer loop
      vertex 18.6494 98.0706 15
      vertex 18.45 97.9722 11
      vertex 18.6494 98.0706 11
    endloop
  endfacet
  facet normal 0.44253 -0.896754 0
    outer loop
      vertex 18.45 97.9722 17.7
      vertex 18.6494 98.0706 23
      vertex 18.45 97.9722 23
    endloop
  endfacet
  facet normal 0.44253 -0.896754 0
    outer loop
      vertex 18.6494 98.0706 23
      vertex 18.45 97.9722 17.7
      vertex 18.6494 98.0706 17.7
    endloop
  endfacet
  facet normal -0.896754 -0.44253 0
    outer loop
      vertex 20.8706 97.1506 11
      vertex 20.7722 97.35 15
      vertex 20.7722 97.35 11
    endloop
  endfacet
  facet normal -0.896754 -0.44253 0
    outer loop
      vertex 20.7722 97.35 15
      vertex 20.8706 97.1506 11
      vertex 20.8706 97.1506 15
    endloop
  endfacet
  facet normal -0.896754 -0.44253 0
    outer loop
      vertex 20.8706 97.1506 17.7
      vertex 20.7722 97.35 23
      vertex 20.7722 97.35 17.7
    endloop
  endfacet
  facet normal -0.896754 -0.44253 0
    outer loop
      vertex 20.7722 97.35 23
      vertex 20.8706 97.1506 17.7
      vertex 20.8706 97.1506 23
    endloop
  endfacet
  facet normal -0.98077 -0.195165 0
    outer loop
      vertex 20.9855 96.7219 11
      vertex 20.9421 96.94 15
      vertex 20.9421 96.94 11
    endloop
  endfacet
  facet normal -0.98077 -0.195165 0
    outer loop
      vertex 20.9421 96.94 15
      vertex 20.9855 96.7219 11
      vertex 20.9855 96.7219 15
    endloop
  endfacet
  facet normal -0.98077 -0.195165 0
    outer loop
      vertex 20.9855 96.7219 17.7
      vertex 20.9421 96.94 23
      vertex 20.9421 96.94 17.7
    endloop
  endfacet
  facet normal -0.98077 -0.195165 0
    outer loop
      vertex 20.9421 96.94 23
      vertex 20.9855 96.7219 17.7
      vertex 20.9855 96.7219 23
    endloop
  endfacet
  facet normal -0.831566 -0.555426 0
    outer loop
      vertex 20.7722 97.35 11
      vertex 20.6487 97.5349 15
      vertex 20.6487 97.5349 11
    endloop
  endfacet
  facet normal -0.831566 -0.555426 0
    outer loop
      vertex 20.6487 97.5349 15
      vertex 20.7722 97.35 11
      vertex 20.7722 97.35 15
    endloop
  endfacet
  facet normal -0.831566 -0.555426 0
    outer loop
      vertex 20.7722 97.35 17.7
      vertex 20.6487 97.5349 23
      vertex 20.6487 97.5349 17.7
    endloop
  endfacet
  facet normal -0.831566 -0.555426 0
    outer loop
      vertex 20.6487 97.5349 23
      vertex 20.7722 97.35 17.7
      vertex 20.7722 97.35 23
    endloop
  endfacet
  facet normal -0.321484 -0.946915 0
    outer loop
      vertex 19.74 98.1421 11
      vertex 19.9506 98.0706 15
      vertex 19.74 98.1421 15
    endloop
  endfacet
  facet normal -0.321484 -0.946915 -0
    outer loop
      vertex 19.9506 98.0706 15
      vertex 19.74 98.1421 11
      vertex 19.9506 98.0706 11
    endloop
  endfacet
  facet normal -0.321484 -0.946915 0
    outer loop
      vertex 19.74 98.1421 17.7
      vertex 19.9506 98.0706 23
      vertex 19.74 98.1421 23
    endloop
  endfacet
  facet normal -0.321484 -0.946915 -0
    outer loop
      vertex 19.9506 98.0706 23
      vertex 19.74 98.1421 17.7
      vertex 19.9506 98.0706 17.7
    endloop
  endfacet
  facet normal -0.44253 -0.896754 0
    outer loop
      vertex 19.9506 98.0706 11
      vertex 20.15 97.9722 15
      vertex 19.9506 98.0706 15
    endloop
  endfacet
  facet normal -0.44253 -0.896754 -0
    outer loop
      vertex 20.15 97.9722 15
      vertex 19.9506 98.0706 11
      vertex 20.15 97.9722 11
    endloop
  endfacet
  facet normal -0.44253 -0.896754 0
    outer loop
      vertex 19.9506 98.0706 17.7
      vertex 20.15 97.9722 23
      vertex 19.9506 98.0706 23
    endloop
  endfacet
  facet normal -0.44253 -0.896754 -0
    outer loop
      vertex 20.15 97.9722 23
      vertex 19.9506 98.0706 17.7
      vertex 20.15 97.9722 17.7
    endloop
  endfacet
  facet normal 0.946915 -0.321484 0
    outer loop
      vertex 17.6579 96.94 15
      vertex 17.7294 97.1506 11
      vertex 17.7294 97.1506 15
    endloop
  endfacet
  facet normal 0.946915 -0.321484 0
    outer loop
      vertex 17.7294 97.1506 11
      vertex 17.6579 96.94 15
      vertex 17.6579 96.94 11
    endloop
  endfacet
  facet normal 0.946915 -0.321484 0
    outer loop
      vertex 17.6579 96.94 23
      vertex 17.7294 97.1506 17.7
      vertex 17.7294 97.1506 23
    endloop
  endfacet
  facet normal 0.946915 -0.321484 0
    outer loop
      vertex 17.7294 97.1506 17.7
      vertex 17.6579 96.94 23
      vertex 17.6579 96.94 17.7
    endloop
  endfacet
  facet normal 0.831566 -0.555426 0
    outer loop
      vertex 17.8278 97.35 15
      vertex 17.9513 97.5349 11
      vertex 17.9513 97.5349 15
    endloop
  endfacet
  facet normal 0.831566 -0.555426 0
    outer loop
      vertex 17.9513 97.5349 11
      vertex 17.8278 97.35 15
      vertex 17.8278 97.35 11
    endloop
  endfacet
  facet normal 0.831566 -0.555426 0
    outer loop
      vertex 17.8278 97.35 23
      vertex 17.9513 97.5349 17.7
      vertex 17.9513 97.5349 23
    endloop
  endfacet
  facet normal 0.831566 -0.555426 0
    outer loop
      vertex 17.9513 97.5349 17.7
      vertex 17.8278 97.35 23
      vertex 17.8278 97.35 17.7
    endloop
  endfacet
  facet normal 0.98077 -0.195165 0
    outer loop
      vertex 17.6145 96.7219 15
      vertex 17.6579 96.94 11
      vertex 17.6579 96.94 15
    endloop
  endfacet
  facet normal 0.98077 -0.195165 0
    outer loop
      vertex 17.6579 96.94 11
      vertex 17.6145 96.7219 15
      vertex 17.6145 96.7219 11
    endloop
  endfacet
  facet normal 0.98077 -0.195165 0
    outer loop
      vertex 17.6145 96.7219 23
      vertex 17.6579 96.94 17.7
      vertex 17.6579 96.94 23
    endloop
  endfacet
  facet normal 0.98077 -0.195165 0
    outer loop
      vertex 17.6579 96.94 17.7
      vertex 17.6145 96.7219 23
      vertex 17.6145 96.7219 17.7
    endloop
  endfacet
  facet normal 0.555426 -0.831566 0
    outer loop
      vertex 18.2651 97.8487 11
      vertex 18.45 97.9722 15
      vertex 18.2651 97.8487 15
    endloop
  endfacet
  facet normal 0.555426 -0.831566 0
    outer loop
      vertex 18.45 97.9722 15
      vertex 18.2651 97.8487 11
      vertex 18.45 97.9722 11
    endloop
  endfacet
  facet normal 0.555426 -0.831566 0
    outer loop
      vertex 18.2651 97.8487 17.7
      vertex 18.45 97.9722 23
      vertex 18.2651 97.8487 23
    endloop
  endfacet
  facet normal 0.555426 -0.831566 0
    outer loop
      vertex 18.45 97.9722 23
      vertex 18.2651 97.8487 17.7
      vertex 18.45 97.9722 17.7
    endloop
  endfacet
  facet normal 0.195165 -0.98077 0
    outer loop
      vertex 18.86 98.1421 11
      vertex 19.0781 98.1855 15
      vertex 18.86 98.1421 15
    endloop
  endfacet
  facet normal 0.195165 -0.98077 0
    outer loop
      vertex 19.0781 98.1855 15
      vertex 18.86 98.1421 11
      vertex 19.0781 98.1855 11
    endloop
  endfacet
  facet normal 0.195165 -0.98077 0
    outer loop
      vertex 18.86 98.1421 17.7
      vertex 19.0781 98.1855 23
      vertex 18.86 98.1421 23
    endloop
  endfacet
  facet normal 0.195165 -0.98077 0
    outer loop
      vertex 19.0781 98.1855 23
      vertex 18.86 98.1421 17.7
      vertex 19.0781 98.1855 17.7
    endloop
  endfacet
  facet normal -0.44253 0.896754 0
    outer loop
      vertex 20.15 95.0278 11
      vertex 19.9506 94.9294 15
      vertex 20.15 95.0278 15
    endloop
  endfacet
  facet normal -0.44253 0.896754 0
    outer loop
      vertex 19.9506 94.9294 15
      vertex 20.15 95.0278 11
      vertex 19.9506 94.9294 11
    endloop
  endfacet
  facet normal -0.44253 0.896754 0
    outer loop
      vertex 20.15 95.0278 17.7
      vertex 19.9506 94.9294 23
      vertex 20.15 95.0278 23
    endloop
  endfacet
  facet normal -0.44253 0.896754 0
    outer loop
      vertex 19.9506 94.9294 23
      vertex 20.15 95.0278 17.7
      vertex 19.9506 94.9294 17.7
    endloop
  endfacet
  facet normal -0.946915 -0.321484 0
    outer loop
      vertex 20.9421 96.94 11
      vertex 20.8706 97.1506 15
      vertex 20.8706 97.1506 11
    endloop
  endfacet
  facet normal -0.946915 -0.321484 0
    outer loop
      vertex 20.8706 97.1506 15
      vertex 20.9421 96.94 11
      vertex 20.9421 96.94 15
    endloop
  endfacet
  facet normal -0.946915 -0.321484 0
    outer loop
      vertex 20.9421 96.94 17.7
      vertex 20.8706 97.1506 23
      vertex 20.8706 97.1506 17.7
    endloop
  endfacet
  facet normal -0.946915 -0.321484 0
    outer loop
      vertex 20.8706 97.1506 23
      vertex 20.9421 96.94 17.7
      vertex 20.9421 96.94 23
    endloop
  endfacet
  facet normal -0.751908 -0.659268 0
    outer loop
      vertex 20.6487 97.5349 11
      vertex 20.5021 97.7021 15
      vertex 20.5021 97.7021 11
    endloop
  endfacet
  facet normal -0.751908 -0.659268 0
    outer loop
      vertex 20.5021 97.7021 15
      vertex 20.6487 97.5349 11
      vertex 20.6487 97.5349 15
    endloop
  endfacet
  facet normal -0.751908 -0.659268 0
    outer loop
      vertex 20.6487 97.5349 17.7
      vertex 20.5021 97.7021 23
      vertex 20.5021 97.7021 17.7
    endloop
  endfacet
  facet normal -0.751908 -0.659268 0
    outer loop
      vertex 20.5021 97.7021 23
      vertex 20.6487 97.5349 17.7
      vertex 20.6487 97.5349 23
    endloop
  endfacet
  facet normal -0.195165 -0.98077 0
    outer loop
      vertex 19.5219 98.1855 11
      vertex 19.74 98.1421 15
      vertex 19.5219 98.1855 15
    endloop
  endfacet
  facet normal -0.195165 -0.98077 -0
    outer loop
      vertex 19.74 98.1421 15
      vertex 19.5219 98.1855 11
      vertex 19.74 98.1421 11
    endloop
  endfacet
  facet normal -0.195165 -0.98077 0
    outer loop
      vertex 19.5219 98.1855 17.7
      vertex 19.74 98.1421 23
      vertex 19.5219 98.1855 23
    endloop
  endfacet
  facet normal -0.195165 -0.98077 -0
    outer loop
      vertex 19.74 98.1421 23
      vertex 19.5219 98.1855 17.7
      vertex 19.74 98.1421 17.7
    endloop
  endfacet
  facet normal -0.0652057 -0.997872 0
    outer loop
      vertex 19.3 98.2 11
      vertex 19.5219 98.1855 15
      vertex 19.3 98.2 15
    endloop
  endfacet
  facet normal -0.0652057 -0.997872 -0
    outer loop
      vertex 19.5219 98.1855 15
      vertex 19.3 98.2 11
      vertex 19.5219 98.1855 11
    endloop
  endfacet
  facet normal -0.0652057 -0.997872 0
    outer loop
      vertex 19.3 98.2 17.7
      vertex 19.5219 98.1855 23
      vertex 19.3 98.2 23
    endloop
  endfacet
  facet normal -0.0652057 -0.997872 -0
    outer loop
      vertex 19.5219 98.1855 23
      vertex 19.3 98.2 17.7
      vertex 19.5219 98.1855 17.7
    endloop
  endfacet
  facet normal -0.555426 -0.831566 0
    outer loop
      vertex 20.15 97.9722 11
      vertex 20.3349 97.8487 15
      vertex 20.15 97.9722 15
    endloop
  endfacet
  facet normal -0.555426 -0.831566 -0
    outer loop
      vertex 20.3349 97.8487 15
      vertex 20.15 97.9722 11
      vertex 20.3349 97.8487 11
    endloop
  endfacet
  facet normal -0.555426 -0.831566 0
    outer loop
      vertex 20.15 97.9722 17.7
      vertex 20.3349 97.8487 23
      vertex 20.15 97.9722 23
    endloop
  endfacet
  facet normal -0.555426 -0.831566 -0
    outer loop
      vertex 20.3349 97.8487 23
      vertex 20.15 97.9722 17.7
      vertex 20.3349 97.8487 17.7
    endloop
  endfacet
  facet normal 0 0 1
    outer loop
      vertex 20.9855 96.7219 11
      vertex 20.9855 96.2781 11
      vertex 21 96.5 11
    endloop
  endfacet
  facet normal 0 0 1
    outer loop
      vertex 20.9421 96.94 11
      vertex 20.9855 96.2781 11
      vertex 20.9855 96.7219 11
    endloop
  endfacet
  facet normal 0 0 1
    outer loop
      vertex 20.9421 96.94 11
      vertex 20.9421 96.06 11
      vertex 20.9855 96.2781 11
    endloop
  endfacet
  facet normal 0 0 1
    outer loop
      vertex 20.8706 97.1506 11
      vertex 20.9421 96.06 11
      vertex 20.9421 96.94 11
    endloop
  endfacet
  facet normal 0 0 1
    outer loop
      vertex 20.8706 97.1506 11
      vertex 20.8706 95.8494 11
      vertex 20.9421 96.06 11
    endloop
  endfacet
  facet normal 0 0 1
    outer loop
      vertex 20.7722 97.35 11
      vertex 20.8706 95.8494 11
      vertex 20.8706 97.1506 11
    endloop
  endfacet
  facet normal 0 0 1
    outer loop
      vertex 20.7722 97.35 11
      vertex 20.7722 95.65 11
      vertex 20.8706 95.8494 11
    endloop
  endfacet
  facet normal 0 0 1
    outer loop
      vertex 20.6487 97.5349 11
      vertex 20.7722 95.65 11
      vertex 20.7722 97.35 11
    endloop
  endfacet
  facet normal 0 0 1
    outer loop
      vertex 20.6487 97.5349 11
      vertex 20.6487 95.4651 11
      vertex 20.7722 95.65 11
    endloop
  endfacet
  facet normal 0 0 1
    outer loop
      vertex 20.5021 97.7021 11
      vertex 20.6487 95.4651 11
      vertex 20.6487 97.5349 11
    endloop
  endfacet
  facet normal 0 0 1
    outer loop
      vertex 20.5021 97.7021 11
      vertex 20.5021 95.2979 11
      vertex 20.6487 95.4651 11
    endloop
  endfacet
  facet normal 0 0 1
    outer loop
      vertex 20.3349 97.8487 11
      vertex 20.5021 95.2979 11
      vertex 20.5021 97.7021 11
    endloop
  endfacet
  facet normal 0 0 1
    outer loop
      vertex 20.3349 97.8487 11
      vertex 20.3349 95.1513 11
      vertex 20.5021 95.2979 11
    endloop
  endfacet
  facet normal 0 0 1
    outer loop
      vertex 20.15 97.9722 11
      vertex 20.3349 95.1513 11
      vertex 20.3349 97.8487 11
    endloop
  endfacet
  facet normal 0 0 1
    outer loop
      vertex 20.15 97.9722 11
      vertex 20.15 95.0278 11
      vertex 20.3349 95.1513 11
    endloop
  endfacet
  facet normal 0 0 1
    outer loop
      vertex 19.9506 98.0706 11
      vertex 20.15 95.0278 11
      vertex 20.15 97.9722 11
    endloop
  endfacet
  facet normal 0 0 1
    outer loop
      vertex 19.9506 98.0706 11
      vertex 19.9506 94.9294 11
      vertex 20.15 95.0278 11
    endloop
  endfacet
  facet normal 0 0 1
    outer loop
      vertex 19.74 98.1421 11
      vertex 19.9506 94.9294 11
      vertex 19.9506 98.0706 11
    endloop
  endfacet
  facet normal 0 0 1
    outer loop
      vertex 19.74 98.1421 11
      vertex 19.74 94.8579 11
      vertex 19.9506 94.9294 11
    endloop
  endfacet
  facet normal 0 0 1
    outer loop
      vertex 19.5219 98.1855 11
      vertex 19.74 94.8579 11
      vertex 19.74 98.1421 11
    endloop
  endfacet
  facet normal 0 0 1
    outer loop
      vertex 19.5219 98.1855 11
      vertex 19.5219 94.8145 11
      vertex 19.74 94.8579 11
    endloop
  endfacet
  facet normal 0 0 1
    outer loop
      vertex 19.3 98.2 11
      vertex 19.5219 94.8145 11
      vertex 19.5219 98.1855 11
    endloop
  endfacet
  facet normal 0 0 1
    outer loop
      vertex 19.3 98.2 11
      vertex 19.3 94.8 11
      vertex 19.5219 94.8145 11
    endloop
  endfacet
  facet normal -0 0 1
    outer loop
      vertex 19.0781 98.1855 11
      vertex 19.3 94.8 11
      vertex 19.3 98.2 11
    endloop
  endfacet
  facet normal 0 0 1
    outer loop
      vertex 19.0781 98.1855 11
      vertex 19.0781 94.8145 11
      vertex 19.3 94.8 11
    endloop
  endfacet
  facet normal -0 0 1
    outer loop
      vertex 18.86 98.1421 11
      vertex 19.0781 94.8145 11
      vertex 19.0781 98.1855 11
    endloop
  endfacet
  facet normal 0 0 1
    outer loop
      vertex 18.86 98.1421 11
      vertex 18.86 94.8579 11
      vertex 19.0781 94.8145 11
    endloop
  endfacet
  facet normal -0 0 1
    outer loop
      vertex 18.6494 98.0706 11
      vertex 18.86 94.8579 11
      vertex 18.86 98.1421 11
    endloop
  endfacet
  facet normal 0 0 1
    outer loop
      vertex 18.6494 98.0706 11
      vertex 18.6494 94.9294 11
      vertex 18.86 94.8579 11
    endloop
  endfacet
  facet normal -0 0 1
    outer loop
      vertex 18.45 97.9722 11
      vertex 18.6494 94.9294 11
      vertex 18.6494 98.0706 11
    endloop
  endfacet
  facet normal 0 0 1
    outer loop
      vertex 18.45 97.9722 11
      vertex 18.45 95.0278 11
      vertex 18.6494 94.9294 11
    endloop
  endfacet
  facet normal -0 0 1
    outer loop
      vertex 18.2651 97.8487 11
      vertex 18.45 95.0278 11
      vertex 18.45 97.9722 11
    endloop
  endfacet
  facet normal 0 0 1
    outer loop
      vertex 18.2651 97.8487 11
      vertex 18.2651 95.1513 11
      vertex 18.45 95.0278 11
    endloop
  endfacet
  facet normal -0 0 1
    outer loop
      vertex 18.0979 97.7021 11
      vertex 18.2651 95.1513 11
      vertex 18.2651 97.8487 11
    endloop
  endfacet
  facet normal 0 0 1
    outer loop
      vertex 18.0979 97.7021 11
      vertex 18.0979 95.2979 11
      vertex 18.2651 95.1513 11
    endloop
  endfacet
  facet normal -0 0 1
    outer loop
      vertex 17.9513 97.5349 11
      vertex 18.0979 95.2979 11
      vertex 18.0979 97.7021 11
    endloop
  endfacet
  facet normal 0 0 1
    outer loop
      vertex 17.9513 97.5349 11
      vertex 17.9513 95.4651 11
      vertex 18.0979 95.2979 11
    endloop
  endfacet
  facet normal -0 0 1
    outer loop
      vertex 17.8278 97.35 11
      vertex 17.9513 95.4651 11
      vertex 17.9513 97.5349 11
    endloop
  endfacet
  facet normal 0 0 1
    outer loop
      vertex 17.8278 97.35 11
      vertex 17.8278 95.65 11
      vertex 17.9513 95.4651 11
    endloop
  endfacet
  facet normal -0 0 1
    outer loop
      vertex 17.7294 97.1506 11
      vertex 17.8278 95.65 11
      vertex 17.8278 97.35 11
    endloop
  endfacet
  facet normal 0 0 1
    outer loop
      vertex 17.7294 97.1506 11
      vertex 17.7294 95.8494 11
      vertex 17.8278 95.65 11
    endloop
  endfacet
  facet normal -0 0 1
    outer loop
      vertex 17.6579 96.94 11
      vertex 17.7294 95.8494 11
      vertex 17.7294 97.1506 11
    endloop
  endfacet
  facet normal 0 0 1
    outer loop
      vertex 17.6579 96.94 11
      vertex 17.6579 96.06 11
      vertex 17.7294 95.8494 11
    endloop
  endfacet
  facet normal -0 0 1
    outer loop
      vertex 17.6145 96.7219 11
      vertex 17.6579 96.06 11
      vertex 17.6579 96.94 11
    endloop
  endfacet
  facet normal 0 0 1
    outer loop
      vertex 17.6145 96.7219 11
      vertex 17.6145 96.2781 11
      vertex 17.6579 96.06 11
    endloop
  endfacet
  facet normal 0 -0 1
    outer loop
      vertex 17.6145 96.2781 11
      vertex 17.6145 96.7219 11
      vertex 17.6 96.5 11
    endloop
  endfacet
  facet normal 0.896754 -0.44253 0
    outer loop
      vertex 17.7294 97.1506 15
      vertex 17.8278 97.35 11
      vertex 17.8278 97.35 15
    endloop
  endfacet
  facet normal 0.896754 -0.44253 0
    outer loop
      vertex 17.8278 97.35 11
      vertex 17.7294 97.1506 15
      vertex 17.7294 97.1506 11
    endloop
  endfacet
  facet normal 0.896754 -0.44253 0
    outer loop
      vertex 17.7294 97.1506 23
      vertex 17.8278 97.35 17.7
      vertex 17.8278 97.35 23
    endloop
  endfacet
  facet normal 0.896754 -0.44253 0
    outer loop
      vertex 17.8278 97.35 17.7
      vertex 17.7294 97.1506 23
      vertex 17.7294 97.1506 17.7
    endloop
  endfacet
  facet normal 0.997872 -0.0652057 0
    outer loop
      vertex 17.6 96.5 15
      vertex 17.6145 96.7219 11
      vertex 17.6145 96.7219 15
    endloop
  endfacet
  facet normal 0.997872 -0.0652057 0
    outer loop
      vertex 17.6145 96.7219 11
      vertex 17.6 96.5 15
      vertex 17.6 96.5 11
    endloop
  endfacet
  facet normal 0.997872 -0.0652057 0
    outer loop
      vertex 17.6 96.5 23
      vertex 17.6145 96.7219 17.7
      vertex 17.6145 96.7219 23
    endloop
  endfacet
  facet normal 0.997872 -0.0652057 0
    outer loop
      vertex 17.6145 96.7219 17.7
      vertex 17.6 96.5 23
      vertex 17.6 96.5 17.7
    endloop
  endfacet
  facet normal 0.659268 -0.751908 0
    outer loop
      vertex 18.0979 97.7021 11
      vertex 18.2651 97.8487 15
      vertex 18.0979 97.7021 15
    endloop
  endfacet
  facet normal 0.659268 -0.751908 0
    outer loop
      vertex 18.2651 97.8487 15
      vertex 18.0979 97.7021 11
      vertex 18.2651 97.8487 11
    endloop
  endfacet
  facet normal 0.659268 -0.751908 0
    outer loop
      vertex 18.0979 97.7021 17.7
      vertex 18.2651 97.8487 23
      vertex 18.0979 97.7021 23
    endloop
  endfacet
  facet normal 0.659268 -0.751908 0
    outer loop
      vertex 18.2651 97.8487 23
      vertex 18.0979 97.7021 17.7
      vertex 18.2651 97.8487 17.7
    endloop
  endfacet
  facet normal 0.321484 -0.946915 0
    outer loop
      vertex 18.6494 98.0706 11
      vertex 18.86 98.1421 15
      vertex 18.6494 98.0706 15
    endloop
  endfacet
  facet normal 0.321484 -0.946915 0
    outer loop
      vertex 18.86 98.1421 15
      vertex 18.6494 98.0706 11
      vertex 18.86 98.1421 11
    endloop
  endfacet
  facet normal 0.321484 -0.946915 0
    outer loop
      vertex 18.6494 98.0706 17.7
      vertex 18.86 98.1421 23
      vertex 18.6494 98.0706 23
    endloop
  endfacet
  facet normal 0.321484 -0.946915 0
    outer loop
      vertex 18.86 98.1421 23
      vertex 18.6494 98.0706 17.7
      vertex 18.86 98.1421 17.7
    endloop
  endfacet
  facet normal -0.751908 0.659268 0
    outer loop
      vertex 20.5021 95.2979 11
      vertex 20.6487 95.4651 15
      vertex 20.6487 95.4651 11
    endloop
  endfacet
  facet normal -0.751908 0.659268 0
    outer loop
      vertex 20.6487 95.4651 15
      vertex 20.5021 95.2979 11
      vertex 20.5021 95.2979 15
    endloop
  endfacet
  facet normal -0.751908 0.659268 0
    outer loop
      vertex 20.5021 95.2979 17.7
      vertex 20.6487 95.4651 23
      vertex 20.6487 95.4651 17.7
    endloop
  endfacet
  facet normal -0.751908 0.659268 0
    outer loop
      vertex 20.6487 95.4651 23
      vertex 20.5021 95.2979 17.7
      vertex 20.5021 95.2979 23
    endloop
  endfacet
  facet normal -0.946915 0.321484 0
    outer loop
      vertex 20.8706 95.8494 11
      vertex 20.9421 96.06 15
      vertex 20.9421 96.06 11
    endloop
  endfacet
  facet normal -0.946915 0.321484 0
    outer loop
      vertex 20.9421 96.06 15
      vertex 20.8706 95.8494 11
      vertex 20.8706 95.8494 15
    endloop
  endfacet
  facet normal -0.946915 0.321484 0
    outer loop
      vertex 20.8706 95.8494 17.7
      vertex 20.9421 96.06 23
      vertex 20.9421 96.06 17.7
    endloop
  endfacet
  facet normal -0.946915 0.321484 0
    outer loop
      vertex 20.9421 96.06 23
      vertex 20.8706 95.8494 17.7
      vertex 20.8706 95.8494 23
    endloop
  endfacet
  facet normal -0.98077 0.195165 0
    outer loop
      vertex 20.9421 96.06 11
      vertex 20.9855 96.2781 15
      vertex 20.9855 96.2781 11
    endloop
  endfacet
  facet normal -0.98077 0.195165 0
    outer loop
      vertex 20.9855 96.2781 15
      vertex 20.9421 96.06 11
      vertex 20.9421 96.06 15
    endloop
  endfacet
  facet normal -0.98077 0.195165 0
    outer loop
      vertex 20.9421 96.06 17.7
      vertex 20.9855 96.2781 23
      vertex 20.9855 96.2781 17.7
    endloop
  endfacet
  facet normal -0.98077 0.195165 0
    outer loop
      vertex 20.9855 96.2781 23
      vertex 20.9421 96.06 17.7
      vertex 20.9421 96.06 23
    endloop
  endfacet
  facet normal 0.555426 0.831566 -0
    outer loop
      vertex 18.45 95.0278 17.7
      vertex 18.2651 95.1513 23
      vertex 18.45 95.0278 23
    endloop
  endfacet
  facet normal 0.555426 0.831566 0
    outer loop
      vertex 18.2651 95.1513 23
      vertex 18.45 95.0278 17.7
      vertex 18.2651 95.1513 17.7
    endloop
  endfacet
  facet normal 0.555426 0.831566 -0
    outer loop
      vertex 18.45 95.0278 11
      vertex 18.2651 95.1513 15
      vertex 18.45 95.0278 15
    endloop
  endfacet
  facet normal 0.555426 0.831566 0
    outer loop
      vertex 18.2651 95.1513 15
      vertex 18.45 95.0278 11
      vertex 18.2651 95.1513 11
    endloop
  endfacet
  facet normal 0.831566 0.555426 0
    outer loop
      vertex 17.9513 95.4651 23
      vertex 17.8278 95.65 17.7
      vertex 17.8278 95.65 23
    endloop
  endfacet
  facet normal 0.831566 0.555426 0
    outer loop
      vertex 17.8278 95.65 17.7
      vertex 17.9513 95.4651 23
      vertex 17.9513 95.4651 17.7
    endloop
  endfacet
  facet normal 0.831566 0.555426 0
    outer loop
      vertex 17.9513 95.4651 15
      vertex 17.8278 95.65 11
      vertex 17.8278 95.65 15
    endloop
  endfacet
  facet normal 0.831566 0.555426 0
    outer loop
      vertex 17.8278 95.65 11
      vertex 17.9513 95.4651 15
      vertex 17.9513 95.4651 11
    endloop
  endfacet
  facet normal 0.659268 0.751908 -0
    outer loop
      vertex 18.2651 95.1513 17.7
      vertex 18.0979 95.2979 23
      vertex 18.2651 95.1513 23
    endloop
  endfacet
  facet normal 0.659268 0.751908 0
    outer loop
      vertex 18.0979 95.2979 23
      vertex 18.2651 95.1513 17.7
      vertex 18.0979 95.2979 17.7
    endloop
  endfacet
  facet normal 0.659268 0.751908 -0
    outer loop
      vertex 18.2651 95.1513 11
      vertex 18.0979 95.2979 15
      vertex 18.2651 95.1513 15
    endloop
  endfacet
  facet normal 0.659268 0.751908 0
    outer loop
      vertex 18.0979 95.2979 15
      vertex 18.2651 95.1513 11
      vertex 18.0979 95.2979 11
    endloop
  endfacet
  facet normal -0.555426 0.831566 0
    outer loop
      vertex 20.3349 95.1513 11
      vertex 20.15 95.0278 15
      vertex 20.3349 95.1513 15
    endloop
  endfacet
  facet normal -0.555426 0.831566 0
    outer loop
      vertex 20.15 95.0278 15
      vertex 20.3349 95.1513 11
      vertex 20.15 95.0278 11
    endloop
  endfacet
  facet normal -0.555426 0.831566 0
    outer loop
      vertex 20.3349 95.1513 17.7
      vertex 20.15 95.0278 23
      vertex 20.3349 95.1513 23
    endloop
  endfacet
  facet normal -0.555426 0.831566 0
    outer loop
      vertex 20.15 95.0278 23
      vertex 20.3349 95.1513 17.7
      vertex 20.15 95.0278 17.7
    endloop
  endfacet
  facet normal -0.659268 0.751908 0
    outer loop
      vertex 20.5021 95.2979 11
      vertex 20.3349 95.1513 15
      vertex 20.5021 95.2979 15
    endloop
  endfacet
  facet normal -0.659268 0.751908 0
    outer loop
      vertex 20.3349 95.1513 15
      vertex 20.5021 95.2979 11
      vertex 20.3349 95.1513 11
    endloop
  endfacet
  facet normal -0.659268 0.751908 0
    outer loop
      vertex 20.5021 95.2979 17.7
      vertex 20.3349 95.1513 23
      vertex 20.5021 95.2979 23
    endloop
  endfacet
  facet normal -0.659268 0.751908 0
    outer loop
      vertex 20.3349 95.1513 23
      vertex 20.5021 95.2979 17.7
      vertex 20.3349 95.1513 17.7
    endloop
  endfacet
  facet normal -0.831566 0.555426 0
    outer loop
      vertex 20.6487 95.4651 11
      vertex 20.7722 95.65 15
      vertex 20.7722 95.65 11
    endloop
  endfacet
  facet normal -0.831566 0.555426 0
    outer loop
      vertex 20.7722 95.65 15
      vertex 20.6487 95.4651 11
      vertex 20.6487 95.4651 15
    endloop
  endfacet
  facet normal -0.831566 0.555426 0
    outer loop
      vertex 20.6487 95.4651 17.7
      vertex 20.7722 95.65 23
      vertex 20.7722 95.65 17.7
    endloop
  endfacet
  facet normal -0.831566 0.555426 0
    outer loop
      vertex 20.7722 95.65 23
      vertex 20.6487 95.4651 17.7
      vertex 20.6487 95.4651 23
    endloop
  endfacet
  facet normal -0.997872 0.0652057 0
    outer loop
      vertex 20.9855 96.2781 11
      vertex 21 96.5 15
      vertex 21 96.5 11
    endloop
  endfacet
  facet normal -0.997872 0.0652057 0
    outer loop
      vertex 21 96.5 15
      vertex 20.9855 96.2781 11
      vertex 20.9855 96.2781 15
    endloop
  endfacet
  facet normal -0.997872 0.0652057 0
    outer loop
      vertex 20.9855 96.2781 17.7
      vertex 21 96.5 23
      vertex 21 96.5 17.7
    endloop
  endfacet
  facet normal -0.997872 0.0652057 0
    outer loop
      vertex 21 96.5 23
      vertex 20.9855 96.2781 17.7
      vertex 20.9855 96.2781 23
    endloop
  endfacet
  facet normal 0.195165 0.98077 -0
    outer loop
      vertex 19.0781 94.8145 17.7
      vertex 18.86 94.8579 23
      vertex 19.0781 94.8145 23
    endloop
  endfacet
  facet normal 0.195165 0.98077 0
    outer loop
      vertex 18.86 94.8579 23
      vertex 19.0781 94.8145 17.7
      vertex 18.86 94.8579 17.7
    endloop
  endfacet
  facet normal 0.195165 0.98077 -0
    outer loop
      vertex 19.0781 94.8145 11
      vertex 18.86 94.8579 15
      vertex 19.0781 94.8145 15
    endloop
  endfacet
  facet normal 0.195165 0.98077 0
    outer loop
      vertex 18.86 94.8579 15
      vertex 19.0781 94.8145 11
      vertex 18.86 94.8579 11
    endloop
  endfacet
  facet normal 0.946915 0.321484 0
    outer loop
      vertex 17.7294 95.8494 23
      vertex 17.6579 96.06 17.7
      vertex 17.6579 96.06 23
    endloop
  endfacet
  facet normal 0.946915 0.321484 0
    outer loop
      vertex 17.6579 96.06 17.7
      vertex 17.7294 95.8494 23
      vertex 17.7294 95.8494 17.7
    endloop
  endfacet
  facet normal 0.946915 0.321484 0
    outer loop
      vertex 17.7294 95.8494 15
      vertex 17.6579 96.06 11
      vertex 17.6579 96.06 15
    endloop
  endfacet
  facet normal 0.946915 0.321484 0
    outer loop
      vertex 17.6579 96.06 11
      vertex 17.7294 95.8494 15
      vertex 17.7294 95.8494 11
    endloop
  endfacet
  facet normal 0.98077 0.195165 0
    outer loop
      vertex 17.6579 96.06 15
      vertex 17.6145 96.2781 11
      vertex 17.6145 96.2781 15
    endloop
  endfacet
  facet normal 0.98077 0.195165 0
    outer loop
      vertex 17.6145 96.2781 11
      vertex 17.6579 96.06 15
      vertex 17.6579 96.06 11
    endloop
  endfacet
  facet normal 0.98077 0.195165 0
    outer loop
      vertex 17.6579 96.06 23
      vertex 17.6145 96.2781 17.7
      vertex 17.6145 96.2781 23
    endloop
  endfacet
  facet normal 0.98077 0.195165 0
    outer loop
      vertex 17.6145 96.2781 17.7
      vertex 17.6579 96.06 23
      vertex 17.6579 96.06 17.7
    endloop
  endfacet
  facet normal 0.896754 0.44253 0
    outer loop
      vertex 17.8278 95.65 23
      vertex 17.7294 95.8494 17.7
      vertex 17.7294 95.8494 23
    endloop
  endfacet
  facet normal 0.896754 0.44253 0
    outer loop
      vertex 17.7294 95.8494 17.7
      vertex 17.8278 95.65 23
      vertex 17.8278 95.65 17.7
    endloop
  endfacet
  facet normal 0.896754 0.44253 0
    outer loop
      vertex 17.8278 95.65 15
      vertex 17.7294 95.8494 11
      vertex 17.7294 95.8494 15
    endloop
  endfacet
  facet normal 0.896754 0.44253 0
    outer loop
      vertex 17.7294 95.8494 11
      vertex 17.8278 95.65 15
      vertex 17.8278 95.65 11
    endloop
  endfacet
  facet normal -0.321484 0.946915 0
    outer loop
      vertex 19.9506 94.9294 17.7
      vertex 19.74 94.8579 23
      vertex 19.9506 94.9294 23
    endloop
  endfacet
  facet normal -0.321484 0.946915 0
    outer loop
      vertex 19.74 94.8579 23
      vertex 19.9506 94.9294 17.7
      vertex 19.74 94.8579 17.7
    endloop
  endfacet
  facet normal -0.321484 0.946915 0
    outer loop
      vertex 19.9506 94.9294 11
      vertex 19.74 94.8579 15
      vertex 19.9506 94.9294 15
    endloop
  endfacet
  facet normal -0.321484 0.946915 0
    outer loop
      vertex 19.74 94.8579 15
      vertex 19.9506 94.9294 11
      vertex 19.74 94.8579 11
    endloop
  endfacet
  facet normal -0.195165 0.98077 0
    outer loop
      vertex 19.74 94.8579 17.7
      vertex 19.5219 94.8145 23
      vertex 19.74 94.8579 23
    endloop
  endfacet
  facet normal -0.195165 0.98077 0
    outer loop
      vertex 19.5219 94.8145 23
      vertex 19.74 94.8579 17.7
      vertex 19.5219 94.8145 17.7
    endloop
  endfacet
  facet normal -0.195165 0.98077 0
    outer loop
      vertex 19.74 94.8579 11
      vertex 19.5219 94.8145 15
      vertex 19.74 94.8579 15
    endloop
  endfacet
  facet normal -0.195165 0.98077 0
    outer loop
      vertex 19.5219 94.8145 15
      vertex 19.74 94.8579 11
      vertex 19.5219 94.8145 11
    endloop
  endfacet
  facet normal -0.896754 0.44253 0
    outer loop
      vertex 20.7722 95.65 11
      vertex 20.8706 95.8494 15
      vertex 20.8706 95.8494 11
    endloop
  endfacet
  facet normal -0.896754 0.44253 0
    outer loop
      vertex 20.8706 95.8494 15
      vertex 20.7722 95.65 11
      vertex 20.7722 95.65 15
    endloop
  endfacet
  facet normal -0.896754 0.44253 0
    outer loop
      vertex 20.7722 95.65 17.7
      vertex 20.8706 95.8494 23
      vertex 20.8706 95.8494 17.7
    endloop
  endfacet
  facet normal -0.896754 0.44253 0
    outer loop
      vertex 20.8706 95.8494 23
      vertex 20.7722 95.65 17.7
      vertex 20.7722 95.65 23
    endloop
  endfacet
  facet normal 0.321484 0.946915 -0
    outer loop
      vertex 18.86 94.8579 11
      vertex 18.6494 94.9294 15
      vertex 18.86 94.8579 15
    endloop
  endfacet
  facet normal 0.321484 0.946915 0
    outer loop
      vertex 18.6494 94.9294 15
      vertex 18.86 94.8579 11
      vertex 18.6494 94.9294 11
    endloop
  endfacet
  facet normal 0.321484 0.946915 -0
    outer loop
      vertex 18.86 94.8579 17.7
      vertex 18.6494 94.9294 23
      vertex 18.86 94.8579 23
    endloop
  endfacet
  facet normal 0.321484 0.946915 0
    outer loop
      vertex 18.6494 94.9294 23
      vertex 18.86 94.8579 17.7
      vertex 18.6494 94.9294 17.7
    endloop
  endfacet
  facet normal 0.751908 0.659268 0
    outer loop
      vertex 18.0979 95.2979 23
      vertex 17.9513 95.4651 17.7
      vertex 17.9513 95.4651 23
    endloop
  endfacet
  facet normal 0.751908 0.659268 0
    outer loop
      vertex 17.9513 95.4651 17.7
      vertex 18.0979 95.2979 23
      vertex 18.0979 95.2979 17.7
    endloop
  endfacet
  facet normal 0.751908 0.659268 0
    outer loop
      vertex 18.0979 95.2979 15
      vertex 17.9513 95.4651 11
      vertex 17.9513 95.4651 15
    endloop
  endfacet
  facet normal 0.751908 0.659268 0
    outer loop
      vertex 17.9513 95.4651 11
      vertex 18.0979 95.2979 15
      vertex 18.0979 95.2979 11
    endloop
  endfacet
  facet normal 0.0652057 0.997872 -0
    outer loop
      vertex 19.3 94.8 11
      vertex 19.0781 94.8145 15
      vertex 19.3 94.8 15
    endloop
  endfacet
  facet normal 0.0652057 0.997872 0
    outer loop
      vertex 19.0781 94.8145 15
      vertex 19.3 94.8 11
      vertex 19.0781 94.8145 11
    endloop
  endfacet
  facet normal 0.0652057 0.997872 -0
    outer loop
      vertex 19.3 94.8 17.7
      vertex 19.0781 94.8145 23
      vertex 19.3 94.8 23
    endloop
  endfacet
  facet normal 0.0652057 0.997872 0
    outer loop
      vertex 19.0781 94.8145 23
      vertex 19.3 94.8 17.7
      vertex 19.0781 94.8145 17.7
    endloop
  endfacet
  facet normal 0.44253 0.896754 -0
    outer loop
      vertex 18.6494 94.9294 11
      vertex 18.45 95.0278 15
      vertex 18.6494 94.9294 15
    endloop
  endfacet
  facet normal 0.44253 0.896754 0
    outer loop
      vertex 18.45 95.0278 15
      vertex 18.6494 94.9294 11
      vertex 18.45 95.0278 11
    endloop
  endfacet
  facet normal 0.44253 0.896754 -0
    outer loop
      vertex 18.6494 94.9294 17.7
      vertex 18.45 95.0278 23
      vertex 18.6494 94.9294 23
    endloop
  endfacet
  facet normal 0.44253 0.896754 0
    outer loop
      vertex 18.45 95.0278 23
      vertex 18.6494 94.9294 17.7
      vertex 18.45 95.0278 17.7
    endloop
  endfacet
  facet normal 0 -1 0
    outer loop
      vertex 17.6257 99.4 15
      vertex 24 99.4 17.7
      vertex 17.6257 99.4 17.7
    endloop
  endfacet
  facet normal 0 -1 -0
    outer loop
      vertex 24 99.4 17.7
      vertex 17.6257 99.4 15
      vertex 24 99.4 15
    endloop
  endfacet
  facet normal 0 1 -0
    outer loop
      vertex 24 93.6 15
      vertex 17.6257 93.6 17.7
      vertex 24 93.6 17.7
    endloop
  endfacet
  facet normal 0 1 0
    outer loop
      vertex 17.6257 93.6 17.7
      vertex 24 93.6 15
      vertex 17.6257 93.6 15
    endloop
  endfacet
  facet normal 0 0 -1
    outer loop
      vertex 24 93.6 17.7
      vertex 21 96.5 17.7
      vertex 24 99.4 17.7
    endloop
  endfacet
  facet normal 0 0 -1
    outer loop
      vertex 24 93.6 17.7
      vertex 20.9855 96.2781 17.7
      vertex 21 96.5 17.7
    endloop
  endfacet
  facet normal 0 0 -1
    outer loop
      vertex 24 93.6 17.7
      vertex 20.9421 96.06 17.7
      vertex 20.9855 96.2781 17.7
    endloop
  endfacet
  facet normal 0 0 -1
    outer loop
      vertex 24 93.6 17.7
      vertex 20.8706 95.8494 17.7
      vertex 20.9421 96.06 17.7
    endloop
  endfacet
  facet normal 0 0 -1
    outer loop
      vertex 24 93.6 17.7
      vertex 20.7722 95.65 17.7
      vertex 20.8706 95.8494 17.7
    endloop
  endfacet
  facet normal 0 0 -1
    outer loop
      vertex 24 93.6 17.7
      vertex 20.6487 95.4651 17.7
      vertex 20.7722 95.65 17.7
    endloop
  endfacet
  facet normal 0 0 -1
    outer loop
      vertex 24 93.6 17.7
      vertex 20.5021 95.2979 17.7
      vertex 20.6487 95.4651 17.7
    endloop
  endfacet
  facet normal 0 0 -1
    outer loop
      vertex 24 93.6 17.7
      vertex 20.3349 95.1513 17.7
      vertex 20.5021 95.2979 17.7
    endloop
  endfacet
  facet normal 0 0 -1
    outer loop
      vertex 24 93.6 17.7
      vertex 20.15 95.0278 17.7
      vertex 20.3349 95.1513 17.7
    endloop
  endfacet
  facet normal 0 0 -1
    outer loop
      vertex 24 93.6 17.7
      vertex 19.9506 94.9294 17.7
      vertex 20.15 95.0278 17.7
    endloop
  endfacet
  facet normal 0 0 -1
    outer loop
      vertex 24 93.6 17.7
      vertex 19.74 94.8579 17.7
      vertex 19.9506 94.9294 17.7
    endloop
  endfacet
  facet normal 0 0 -1
    outer loop
      vertex 17.6257 93.6 17.7
      vertex 19.74 94.8579 17.7
      vertex 24 93.6 17.7
    endloop
  endfacet
  facet normal 0 0 -1
    outer loop
      vertex 19.74 94.8579 17.7
      vertex 17.6257 93.6 17.7
      vertex 19.5219 94.8145 17.7
    endloop
  endfacet
  facet normal 0 0 -1
    outer loop
      vertex 19.5219 94.8145 17.7
      vertex 17.6257 93.6 17.7
      vertex 19.3 94.8 17.7
    endloop
  endfacet
  facet normal -0 0 -1
    outer loop
      vertex 19.3 94.8 17.7
      vertex 17.6257 93.6 17.7
      vertex 19.0781 94.8145 17.7
    endloop
  endfacet
  facet normal -0 0 -1
    outer loop
      vertex 19.0781 94.8145 17.7
      vertex 17.6257 93.6 17.7
      vertex 18.86 94.8579 17.7
    endloop
  endfacet
  facet normal 0 0 -1
    outer loop
      vertex 17.6257 93.6 17.7
      vertex 18.6494 94.9294 17.7
      vertex 18.86 94.8579 17.7
    endloop
  endfacet
  facet normal 0 0 -1
    outer loop
      vertex 17.6257 93.6 17.7
      vertex 18.45 95.0278 17.7
      vertex 18.6494 94.9294 17.7
    endloop
  endfacet
  facet normal 0 0 -1
    outer loop
      vertex 17.6257 93.6 17.7
      vertex 18.2651 95.1513 17.7
      vertex 18.45 95.0278 17.7
    endloop
  endfacet
  facet normal 0 0 -1
    outer loop
      vertex 17.6257 93.6 17.7
      vertex 18.0979 95.2979 17.7
      vertex 18.2651 95.1513 17.7
    endloop
  endfacet
  facet normal 0 0 -1
    outer loop
      vertex 17.6257 93.6 17.7
      vertex 17.9513 95.4651 17.7
      vertex 18.0979 95.2979 17.7
    endloop
  endfacet
  facet normal 0 0 -1
    outer loop
      vertex 17.6257 93.6 17.7
      vertex 17.8278 95.65 17.7
      vertex 17.9513 95.4651 17.7
    endloop
  endfacet
  facet normal 0 0 -1
    outer loop
      vertex 15.9514 96.5 17.7
      vertex 17.8278 95.65 17.7
      vertex 17.6257 93.6 17.7
    endloop
  endfacet
  facet normal 0 0 -1
    outer loop
      vertex 17.8278 95.65 17.7
      vertex 15.9514 96.5 17.7
      vertex 17.7294 95.8494 17.7
    endloop
  endfacet
  facet normal 0 0 -1
    outer loop
      vertex 17.7294 95.8494 17.7
      vertex 15.9514 96.5 17.7
      vertex 17.6579 96.06 17.7
    endloop
  endfacet
  facet normal 0 0 -1
    outer loop
      vertex 17.6579 96.06 17.7
      vertex 15.9514 96.5 17.7
      vertex 17.6145 96.2781 17.7
    endloop
  endfacet
  facet normal 0 0 -1
    outer loop
      vertex 17.6145 96.2781 17.7
      vertex 15.9514 96.5 17.7
      vertex 17.6 96.5 17.7
    endloop
  endfacet
  facet normal 0 0 -1
    outer loop
      vertex 20.9855 96.7219 17.7
      vertex 24 99.4 17.7
      vertex 21 96.5 17.7
    endloop
  endfacet
  facet normal 0 0 -1
    outer loop
      vertex 20.9421 96.94 17.7
      vertex 24 99.4 17.7
      vertex 20.9855 96.7219 17.7
    endloop
  endfacet
  facet normal 0 0 -1
    outer loop
      vertex 20.8706 97.1506 17.7
      vertex 24 99.4 17.7
      vertex 20.9421 96.94 17.7
    endloop
  endfacet
  facet normal 0 0 -1
    outer loop
      vertex 20.7722 97.35 17.7
      vertex 24 99.4 17.7
      vertex 20.8706 97.1506 17.7
    endloop
  endfacet
  facet normal 0 0 -1
    outer loop
      vertex 20.6487 97.5349 17.7
      vertex 24 99.4 17.7
      vertex 20.7722 97.35 17.7
    endloop
  endfacet
  facet normal 0 0 -1
    outer loop
      vertex 20.5021 97.7021 17.7
      vertex 24 99.4 17.7
      vertex 20.6487 97.5349 17.7
    endloop
  endfacet
  facet normal 0 0 -1
    outer loop
      vertex 20.3349 97.8487 17.7
      vertex 24 99.4 17.7
      vertex 20.5021 97.7021 17.7
    endloop
  endfacet
  facet normal 0 0 -1
    outer loop
      vertex 20.15 97.9722 17.7
      vertex 24 99.4 17.7
      vertex 20.3349 97.8487 17.7
    endloop
  endfacet
  facet normal 0 0 -1
    outer loop
      vertex 19.9506 98.0706 17.7
      vertex 24 99.4 17.7
      vertex 20.15 97.9722 17.7
    endloop
  endfacet
  facet normal 0 0 -1
    outer loop
      vertex 19.74 98.1421 17.7
      vertex 24 99.4 17.7
      vertex 19.9506 98.0706 17.7
    endloop
  endfacet
  facet normal 0 0 -1
    outer loop
      vertex 17.6257 99.4 17.7
      vertex 19.74 98.1421 17.7
      vertex 19.5219 98.1855 17.7
    endloop
  endfacet
  facet normal 0 0 -1
    outer loop
      vertex 17.6257 99.4 17.7
      vertex 19.5219 98.1855 17.7
      vertex 19.3 98.2 17.7
    endloop
  endfacet
  facet normal 0 0 -1
    outer loop
      vertex 17.6257 99.4 17.7
      vertex 19.3 98.2 17.7
      vertex 19.0781 98.1855 17.7
    endloop
  endfacet
  facet normal 0 0 -1
    outer loop
      vertex 17.6257 99.4 17.7
      vertex 19.0781 98.1855 17.7
      vertex 18.86 98.1421 17.7
    endloop
  endfacet
  facet normal 0 0 -1
    outer loop
      vertex 19.74 98.1421 17.7
      vertex 17.6257 99.4 17.7
      vertex 24 99.4 17.7
    endloop
  endfacet
  facet normal 0 0 -1
    outer loop
      vertex 18.6494 98.0706 17.7
      vertex 17.6257 99.4 17.7
      vertex 18.86 98.1421 17.7
    endloop
  endfacet
  facet normal 0 0 -1
    outer loop
      vertex 18.45 97.9722 17.7
      vertex 17.6257 99.4 17.7
      vertex 18.6494 98.0706 17.7
    endloop
  endfacet
  facet normal 0 0 -1
    outer loop
      vertex 18.2651 97.8487 17.7
      vertex 17.6257 99.4 17.7
      vertex 18.45 97.9722 17.7
    endloop
  endfacet
  facet normal 0 0 -1
    outer loop
      vertex 18.0979 97.7021 17.7
      vertex 17.6257 99.4 17.7
      vertex 18.2651 97.8487 17.7
    endloop
  endfacet
  facet normal 0 0 -1
    outer loop
      vertex 17.9513 97.5349 17.7
      vertex 17.6257 99.4 17.7
      vertex 18.0979 97.7021 17.7
    endloop
  endfacet
  facet normal 0 0 -1
    outer loop
      vertex 17.8278 97.35 17.7
      vertex 17.6257 99.4 17.7
      vertex 17.9513 97.5349 17.7
    endloop
  endfacet
  facet normal 0 0 -1
    outer loop
      vertex 15.9514 96.5 17.7
      vertex 17.8278 97.35 17.7
      vertex 17.7294 97.1506 17.7
    endloop
  endfacet
  facet normal 0 0 -1
    outer loop
      vertex 15.9514 96.5 17.7
      vertex 17.7294 97.1506 17.7
      vertex 17.6579 96.94 17.7
    endloop
  endfacet
  facet normal 0 0 -1
    outer loop
      vertex 15.9514 96.5 17.7
      vertex 17.6579 96.94 17.7
      vertex 17.6145 96.7219 17.7
    endloop
  endfacet
  facet normal 0 0 -1
    outer loop
      vertex 15.9514 96.5 17.7
      vertex 17.6145 96.7219 17.7
      vertex 17.6 96.5 17.7
    endloop
  endfacet
  facet normal -0 0 -1
    outer loop
      vertex 17.8278 97.35 17.7
      vertex 15.9514 96.5 17.7
      vertex 17.6257 99.4 17.7
    endloop
  endfacet
  facet normal 0.866027 -0.499996 0
    outer loop
      vertex 15.9514 96.5 17.7
      vertex 17.6257 99.4 15
      vertex 17.6257 99.4 17.7
    endloop
  endfacet
  facet normal 0.866027 -0.499996 0
    outer loop
      vertex 17.6257 99.4 15
      vertex 15.9514 96.5 17.7
      vertex 15.9514 96.5 15
    endloop
  endfacet
  facet normal 0 0 1
    outer loop
      vertex 24 99.4 15
      vertex 21 96.5 15
      vertex 24 93.6 15
    endloop
  endfacet
  facet normal 0 0 1
    outer loop
      vertex 24 99.4 15
      vertex 20.9855 96.7219 15
      vertex 21 96.5 15
    endloop
  endfacet
  facet normal 0 0 1
    outer loop
      vertex 24 99.4 15
      vertex 20.9421 96.94 15
      vertex 20.9855 96.7219 15
    endloop
  endfacet
  facet normal 0 0 1
    outer loop
      vertex 24 99.4 15
      vertex 20.8706 97.1506 15
      vertex 20.9421 96.94 15
    endloop
  endfacet
  facet normal 0 0 1
    outer loop
      vertex 24 99.4 15
      vertex 20.7722 97.35 15
      vertex 20.8706 97.1506 15
    endloop
  endfacet
  facet normal 0 0 1
    outer loop
      vertex 24 99.4 15
      vertex 20.6487 97.5349 15
      vertex 20.7722 97.35 15
    endloop
  endfacet
  facet normal 0 0 1
    outer loop
      vertex 24 99.4 15
      vertex 20.5021 97.7021 15
      vertex 20.6487 97.5349 15
    endloop
  endfacet
  facet normal 0 0 1
    outer loop
      vertex 24 99.4 15
      vertex 20.3349 97.8487 15
      vertex 20.5021 97.7021 15
    endloop
  endfacet
  facet normal 0 0 1
    outer loop
      vertex 24 99.4 15
      vertex 20.15 97.9722 15
      vertex 20.3349 97.8487 15
    endloop
  endfacet
  facet normal 0 0 1
    outer loop
      vertex 24 99.4 15
      vertex 19.9506 98.0706 15
      vertex 20.15 97.9722 15
    endloop
  endfacet
  facet normal 0 0 1
    outer loop
      vertex 24 99.4 15
      vertex 19.74 98.1421 15
      vertex 19.9506 98.0706 15
    endloop
  endfacet
  facet normal -0 0 1
    outer loop
      vertex 17.6257 99.4 15
      vertex 19.74 98.1421 15
      vertex 24 99.4 15
    endloop
  endfacet
  facet normal 0 0 1
    outer loop
      vertex 19.74 98.1421 15
      vertex 17.6257 99.4 15
      vertex 19.5219 98.1855 15
    endloop
  endfacet
  facet normal 0 0 1
    outer loop
      vertex 19.5219 98.1855 15
      vertex 17.6257 99.4 15
      vertex 19.3 98.2 15
    endloop
  endfacet
  facet normal 0 0 1
    outer loop
      vertex 19.3 98.2 15
      vertex 17.6257 99.4 15
      vertex 19.0781 98.1855 15
    endloop
  endfacet
  facet normal 0 0 1
    outer loop
      vertex 19.0781 98.1855 15
      vertex 17.6257 99.4 15
      vertex 18.86 98.1421 15
    endloop
  endfacet
  facet normal 0 0 1
    outer loop
      vertex 17.6257 99.4 15
      vertex 18.6494 98.0706 15
      vertex 18.86 98.1421 15
    endloop
  endfacet
  facet normal 0 0 1
    outer loop
      vertex 17.6257 99.4 15
      vertex 18.45 97.9722 15
      vertex 18.6494 98.0706 15
    endloop
  endfacet
  facet normal 0 0 1
    outer loop
      vertex 17.6257 99.4 15
      vertex 18.2651 97.8487 15
      vertex 18.45 97.9722 15
    endloop
  endfacet
  facet normal 0 0 1
    outer loop
      vertex 17.6257 99.4 15
      vertex 18.0979 97.7021 15
      vertex 18.2651 97.8487 15
    endloop
  endfacet
  facet normal 0 0 1
    outer loop
      vertex 17.6257 99.4 15
      vertex 17.9513 97.5349 15
      vertex 18.0979 97.7021 15
    endloop
  endfacet
  facet normal 0 0 1
    outer loop
      vertex 17.6257 99.4 15
      vertex 17.8278 97.35 15
      vertex 17.9513 97.5349 15
    endloop
  endfacet
  facet normal 0 0 1
    outer loop
      vertex 15.9514 96.5 15
      vertex 17.8278 97.35 15
      vertex 17.6257 99.4 15
    endloop
  endfacet
  facet normal 0 0 1
    outer loop
      vertex 17.8278 97.35 15
      vertex 15.9514 96.5 15
      vertex 17.7294 97.1506 15
    endloop
  endfacet
  facet normal 0 0 1
    outer loop
      vertex 17.7294 97.1506 15
      vertex 15.9514 96.5 15
      vertex 17.6579 96.94 15
    endloop
  endfacet
  facet normal 0 0 1
    outer loop
      vertex 17.6579 96.94 15
      vertex 15.9514 96.5 15
      vertex 17.6145 96.7219 15
    endloop
  endfacet
  facet normal 0 0 1
    outer loop
      vertex 17.6145 96.7219 15
      vertex 15.9514 96.5 15
      vertex 17.6 96.5 15
    endloop
  endfacet
  facet normal -0 0 1
    outer loop
      vertex 20.9855 96.2781 15
      vertex 24 93.6 15
      vertex 21 96.5 15
    endloop
  endfacet
  facet normal -0 0 1
    outer loop
      vertex 20.9421 96.06 15
      vertex 24 93.6 15
      vertex 20.9855 96.2781 15
    endloop
  endfacet
  facet normal -0 0 1
    outer loop
      vertex 20.8706 95.8494 15
      vertex 24 93.6 15
      vertex 20.9421 96.06 15
    endloop
  endfacet
  facet normal -0 0 1
    outer loop
      vertex 20.7722 95.65 15
      vertex 24 93.6 15
      vertex 20.8706 95.8494 15
    endloop
  endfacet
  facet normal -0 0 1
    outer loop
      vertex 20.6487 95.4651 15
      vertex 24 93.6 15
      vertex 20.7722 95.65 15
    endloop
  endfacet
  facet normal -0 0 1
    outer loop
      vertex 20.5021 95.2979 15
      vertex 24 93.6 15
      vertex 20.6487 95.4651 15
    endloop
  endfacet
  facet normal -0 0 1
    outer loop
      vertex 20.3349 95.1513 15
      vertex 24 93.6 15
      vertex 20.5021 95.2979 15
    endloop
  endfacet
  facet normal -0 0 1
    outer loop
      vertex 20.15 95.0278 15
      vertex 24 93.6 15
      vertex 20.3349 95.1513 15
    endloop
  endfacet
  facet normal -0 0 1
    outer loop
      vertex 19.9506 94.9294 15
      vertex 24 93.6 15
      vertex 20.15 95.0278 15
    endloop
  endfacet
  facet normal -0 0 1
    outer loop
      vertex 19.74 94.8579 15
      vertex 24 93.6 15
      vertex 19.9506 94.9294 15
    endloop
  endfacet
  facet normal 0 0 1
    outer loop
      vertex 17.6257 93.6 15
      vertex 19.74 94.8579 15
      vertex 19.5219 94.8145 15
    endloop
  endfacet
  facet normal 0 0 1
    outer loop
      vertex 17.6257 93.6 15
      vertex 19.5219 94.8145 15
      vertex 19.3 94.8 15
    endloop
  endfacet
  facet normal 0 0 1
    outer loop
      vertex 17.6257 93.6 15
      vertex 19.3 94.8 15
      vertex 19.0781 94.8145 15
    endloop
  endfacet
  facet normal 0 0 1
    outer loop
      vertex 17.6257 93.6 15
      vertex 19.0781 94.8145 15
      vertex 18.86 94.8579 15
    endloop
  endfacet
  facet normal 0 0 1
    outer loop
      vertex 19.74 94.8579 15
      vertex 17.6257 93.6 15
      vertex 24 93.6 15
    endloop
  endfacet
  facet normal 0 0 1
    outer loop
      vertex 18.6494 94.9294 15
      vertex 17.6257 93.6 15
      vertex 18.86 94.8579 15
    endloop
  endfacet
  facet normal 0 0 1
    outer loop
      vertex 18.45 95.0278 15
      vertex 17.6257 93.6 15
      vertex 18.6494 94.9294 15
    endloop
  endfacet
  facet normal 0 0 1
    outer loop
      vertex 18.2651 95.1513 15
      vertex 17.6257 93.6 15
      vertex 18.45 95.0278 15
    endloop
  endfacet
  facet normal 0 0 1
    outer loop
      vertex 18.0979 95.2979 15
      vertex 17.6257 93.6 15
      vertex 18.2651 95.1513 15
    endloop
  endfacet
  facet normal 0 0 1
    outer loop
      vertex 17.9513 95.4651 15
      vertex 17.6257 93.6 15
      vertex 18.0979 95.2979 15
    endloop
  endfacet
  facet normal 0 0 1
    outer loop
      vertex 17.8278 95.65 15
      vertex 17.6257 93.6 15
      vertex 17.9513 95.4651 15
    endloop
  endfacet
  facet normal 0 0 1
    outer loop
      vertex 15.9514 96.5 15
      vertex 17.8278 95.65 15
      vertex 17.7294 95.8494 15
    endloop
  endfacet
  facet normal 0 0 1
    outer loop
      vertex 15.9514 96.5 15
      vertex 17.7294 95.8494 15
      vertex 17.6579 96.06 15
    endloop
  endfacet
  facet normal 0 0 1
    outer loop
      vertex 15.9514 96.5 15
      vertex 17.6579 96.06 15
      vertex 17.6145 96.2781 15
    endloop
  endfacet
  facet normal -0 0 1
    outer loop
      vertex 15.9514 96.5 15
      vertex 17.6145 96.2781 15
      vertex 17.6 96.5 15
    endloop
  endfacet
  facet normal 0 0 1
    outer loop
      vertex 17.8278 95.65 15
      vertex 15.9514 96.5 15
      vertex 17.6257 93.6 15
    endloop
  endfacet
  facet normal 0.866027 0.499996 0
    outer loop
      vertex 17.6257 93.6 17.7
      vertex 15.9514 96.5 15
      vertex 15.9514 96.5 17.7
    endloop
  endfacet
  facet normal 0.866027 0.499996 0
    outer loop
      vertex 15.9514 96.5 15
      vertex 17.6257 93.6 17.7
      vertex 17.6257 93.6 15
    endloop
  endfacet
  facet normal 0.980785 -0.195093 0
    outer loop
      vertex -27.2803 21.3002 4
      vertex -27.2216 21.5953 0
      vertex -27.2216 21.5953 4
    endloop
  endfacet
  facet normal 0.980785 -0.195093 0
    outer loop
      vertex -27.2216 21.5953 0
      vertex -27.2803 21.3002 4
      vertex -27.2803 21.3002 0
    endloop
  endfacet
  facet normal -0.980785 0.195093 0
    outer loop
      vertex -22.7784 20.4047 0
      vertex -22.7197 20.6998 4
      vertex -22.7197 20.6998 0
    endloop
  endfacet
  facet normal -0.980785 0.195093 0
    outer loop
      vertex -22.7197 20.6998 4
      vertex -22.7784 20.4047 0
      vertex -22.7784 20.4047 4
    endloop
  endfacet
  facet normal 0.195093 0.980785 -0
    outer loop
      vertex -25.3002 18.7197 0
      vertex -25.5953 18.7784 4
      vertex -25.3002 18.7197 4
    endloop
  endfacet
  facet normal 0.195093 0.980785 0
    outer loop
      vertex -25.5953 18.7784 4
      vertex -25.3002 18.7197 0
      vertex -25.5953 18.7784 0
    endloop
  endfacet
  facet normal -0.442153 -0.89694 0
    outer loop
      vertex -24.1198 23.1249 0
      vertex -23.85 22.9919 4
      vertex -24.1198 23.1249 4
    endloop
  endfacet
  facet normal -0.442153 -0.89694 -0
    outer loop
      vertex -23.85 22.9919 4
      vertex -24.1198 23.1249 0
      vertex -23.85 22.9919 0
    endloop
  endfacet
  facet normal 0.442153 -0.89694 0
    outer loop
      vertex -26.15 22.9919 0
      vertex -25.8802 23.1249 4
      vertex -26.15 22.9919 4
    endloop
  endfacet
  facet normal 0.442153 -0.89694 0
    outer loop
      vertex -25.8802 23.1249 4
      vertex -26.15 22.9919 0
      vertex -25.8802 23.1249 0
    endloop
  endfacet
  facet normal 0.946941 -0.321408 0
    outer loop
      vertex -27.2216 21.5953 4
      vertex -27.1249 21.8802 0
      vertex -27.1249 21.8802 4
    endloop
  endfacet
  facet normal 0.946941 -0.321408 0
    outer loop
      vertex -27.1249 21.8802 0
      vertex -27.2216 21.5953 4
      vertex -27.2216 21.5953 0
    endloop
  endfacet
  facet normal 0.831436 0.55562 0
    outer loop
      vertex -26.8247 19.5998 4
      vertex -26.9919 19.85 0
      vertex -26.9919 19.85 4
    endloop
  endfacet
  facet normal 0.831436 0.55562 0
    outer loop
      vertex -26.9919 19.85 0
      vertex -26.8247 19.5998 4
      vertex -26.8247 19.5998 0
    endloop
  endfacet
  facet normal -0.946941 -0.321408 0
    outer loop
      vertex -22.7784 21.5953 0
      vertex -22.8751 21.8802 4
      vertex -22.8751 21.8802 0
    endloop
  endfacet
  facet normal -0.946941 -0.321408 0
    outer loop
      vertex -22.8751 21.8802 4
      vertex -22.7784 21.5953 0
      vertex -22.7784 21.5953 4
    endloop
  endfacet
  facet normal -0.89694 -0.442153 0
    outer loop
      vertex -22.8751 21.8802 0
      vertex -23.0081 22.15 4
      vertex -23.0081 22.15 0
    endloop
  endfacet
  facet normal -0.89694 -0.442153 0
    outer loop
      vertex -23.0081 22.15 4
      vertex -22.8751 21.8802 0
      vertex -22.8751 21.8802 4
    endloop
  endfacet
  facet normal -0.831436 -0.55562 0
    outer loop
      vertex -23.0081 22.15 0
      vertex -23.1753 22.4002 4
      vertex -23.1753 22.4002 0
    endloop
  endfacet
  facet normal -0.831436 -0.55562 0
    outer loop
      vertex -23.1753 22.4002 4
      vertex -23.0081 22.15 0
      vertex -23.0081 22.15 4
    endloop
  endfacet
  facet normal -0.751649 -0.659563 0
    outer loop
      vertex -23.1753 22.4002 0
      vertex -23.3737 22.6263 4
      vertex -23.3737 22.6263 0
    endloop
  endfacet
  facet normal -0.751649 -0.659563 0
    outer loop
      vertex -23.3737 22.6263 4
      vertex -23.1753 22.4002 0
      vertex -23.1753 22.4002 4
    endloop
  endfacet
  facet normal -0.321408 -0.946941 0
    outer loop
      vertex -24.4047 23.2216 0
      vertex -24.1198 23.1249 4
      vertex -24.4047 23.2216 4
    endloop
  endfacet
  facet normal -0.321408 -0.946941 -0
    outer loop
      vertex -24.1198 23.1249 4
      vertex -24.4047 23.2216 0
      vertex -24.1198 23.1249 0
    endloop
  endfacet
  facet normal -0.195093 -0.980785 0
    outer loop
      vertex -24.6998 23.2803 0
      vertex -24.4047 23.2216 4
      vertex -24.6998 23.2803 4
    endloop
  endfacet
  facet normal -0.195093 -0.980785 -0
    outer loop
      vertex -24.4047 23.2216 4
      vertex -24.6998 23.2803 0
      vertex -24.4047 23.2216 0
    endloop
  endfacet
  facet normal 0.997854 0.0654821 0
    outer loop
      vertex -27.2803 20.6998 4
      vertex -27.3 21 0
      vertex -27.3 21 4
    endloop
  endfacet
  facet normal 0.997854 0.0654821 0
    outer loop
      vertex -27.3 21 0
      vertex -27.2803 20.6998 4
      vertex -27.2803 20.6998 0
    endloop
  endfacet
  facet normal 0.831436 -0.55562 0
    outer loop
      vertex -26.9919 22.15 4
      vertex -26.8247 22.4002 0
      vertex -26.8247 22.4002 4
    endloop
  endfacet
  facet normal 0.831436 -0.55562 0
    outer loop
      vertex -26.8247 22.4002 0
      vertex -26.9919 22.15 4
      vertex -26.9919 22.15 0
    endloop
  endfacet
  facet normal 0.55562 -0.831436 0
    outer loop
      vertex -26.4002 22.8247 0
      vertex -26.15 22.9919 4
      vertex -26.4002 22.8247 4
    endloop
  endfacet
  facet normal 0.55562 -0.831436 0
    outer loop
      vertex -26.15 22.9919 4
      vertex -26.4002 22.8247 0
      vertex -26.15 22.9919 0
    endloop
  endfacet
  facet normal 0.659563 -0.751649 0
    outer loop
      vertex -26.6263 22.6263 0
      vertex -26.4002 22.8247 4
      vertex -26.6263 22.6263 4
    endloop
  endfacet
  facet normal 0.659563 -0.751649 0
    outer loop
      vertex -26.4002 22.8247 4
      vertex -26.6263 22.6263 0
      vertex -26.4002 22.8247 0
    endloop
  endfacet
  facet normal -0.442153 0.89694 0
    outer loop
      vertex -23.85 19.0081 0
      vertex -24.1198 18.8751 4
      vertex -23.85 19.0081 4
    endloop
  endfacet
  facet normal -0.442153 0.89694 0
    outer loop
      vertex -24.1198 18.8751 4
      vertex -23.85 19.0081 0
      vertex -24.1198 18.8751 0
    endloop
  endfacet
  facet normal -0.831436 0.55562 0
    outer loop
      vertex -23.1753 19.5998 0
      vertex -23.0081 19.85 4
      vertex -23.0081 19.85 0
    endloop
  endfacet
  facet normal -0.831436 0.55562 0
    outer loop
      vertex -23.0081 19.85 4
      vertex -23.1753 19.5998 0
      vertex -23.1753 19.5998 4
    endloop
  endfacet
  facet normal -0.751649 0.659563 0
    outer loop
      vertex -23.3737 19.3737 0
      vertex -23.1753 19.5998 4
      vertex -23.1753 19.5998 0
    endloop
  endfacet
  facet normal -0.751649 0.659563 0
    outer loop
      vertex -23.1753 19.5998 4
      vertex -23.3737 19.3737 0
      vertex -23.3737 19.3737 4
    endloop
  endfacet
  facet normal -0.55562 0.831436 0
    outer loop
      vertex -23.5998 19.1753 0
      vertex -23.85 19.0081 4
      vertex -23.5998 19.1753 4
    endloop
  endfacet
  facet normal -0.55562 0.831436 0
    outer loop
      vertex -23.85 19.0081 4
      vertex -23.5998 19.1753 0
      vertex -23.85 19.0081 0
    endloop
  endfacet
  facet normal -0.0654821 0.997854 0
    outer loop
      vertex -24.6998 18.7197 0
      vertex -25 18.7 4
      vertex -24.6998 18.7197 4
    endloop
  endfacet
  facet normal -0.0654821 0.997854 0
    outer loop
      vertex -25 18.7 4
      vertex -24.6998 18.7197 0
      vertex -25 18.7 0
    endloop
  endfacet
  facet normal 0.321408 0.946941 -0
    outer loop
      vertex -25.5953 18.7784 0
      vertex -25.8802 18.8751 4
      vertex -25.5953 18.7784 4
    endloop
  endfacet
  facet normal 0.321408 0.946941 0
    outer loop
      vertex -25.8802 18.8751 4
      vertex -25.5953 18.7784 0
      vertex -25.8802 18.8751 0
    endloop
  endfacet
  facet normal 0.442153 0.89694 -0
    outer loop
      vertex -25.8802 18.8751 0
      vertex -26.15 19.0081 4
      vertex -25.8802 18.8751 4
    endloop
  endfacet
  facet normal 0.442153 0.89694 0
    outer loop
      vertex -26.15 19.0081 4
      vertex -25.8802 18.8751 0
      vertex -26.15 19.0081 0
    endloop
  endfacet
  facet normal 0.946941 0.321408 0
    outer loop
      vertex -27.1249 20.1198 4
      vertex -27.2216 20.4047 0
      vertex -27.2216 20.4047 4
    endloop
  endfacet
  facet normal 0.946941 0.321408 0
    outer loop
      vertex -27.2216 20.4047 0
      vertex -27.1249 20.1198 4
      vertex -27.1249 20.1198 0
    endloop
  endfacet
  facet normal -0.659563 -0.751649 0
    outer loop
      vertex -23.5998 22.8247 0
      vertex -23.3737 22.6263 4
      vertex -23.5998 22.8247 4
    endloop
  endfacet
  facet normal -0.659563 -0.751649 -0
    outer loop
      vertex -23.3737 22.6263 4
      vertex -23.5998 22.8247 0
      vertex -23.3737 22.6263 0
    endloop
  endfacet
  facet normal 0.0654821 -0.997854 0
    outer loop
      vertex -25.3002 23.2803 0
      vertex -25 23.3 4
      vertex -25.3002 23.2803 4
    endloop
  endfacet
  facet normal 0.0654821 -0.997854 0
    outer loop
      vertex -25 23.3 4
      vertex -25.3002 23.2803 0
      vertex -25 23.3 0
    endloop
  endfacet
  facet normal 0.89694 -0.442153 0
    outer loop
      vertex -27.1249 21.8802 4
      vertex -26.9919 22.15 0
      vertex -26.9919 22.15 4
    endloop
  endfacet
  facet normal 0.89694 -0.442153 0
    outer loop
      vertex -26.9919 22.15 0
      vertex -27.1249 21.8802 4
      vertex -27.1249 21.8802 0
    endloop
  endfacet
  facet normal 0.195093 -0.980785 0
    outer loop
      vertex -25.5953 23.2216 0
      vertex -25.3002 23.2803 4
      vertex -25.5953 23.2216 4
    endloop
  endfacet
  facet normal 0.195093 -0.980785 0
    outer loop
      vertex -25.3002 23.2803 4
      vertex -25.5953 23.2216 0
      vertex -25.3002 23.2803 0
    endloop
  endfacet
  facet normal 0.321408 -0.946941 0
    outer loop
      vertex -25.8802 23.1249 0
      vertex -25.5953 23.2216 4
      vertex -25.8802 23.1249 4
    endloop
  endfacet
  facet normal 0.321408 -0.946941 0
    outer loop
      vertex -25.5953 23.2216 4
      vertex -25.8802 23.1249 0
      vertex -25.5953 23.2216 0
    endloop
  endfacet
  facet normal 0.751649 -0.659563 0
    outer loop
      vertex -26.8247 22.4002 4
      vertex -26.6263 22.6263 0
      vertex -26.6263 22.6263 4
    endloop
  endfacet
  facet normal 0.751649 -0.659563 0
    outer loop
      vertex -26.6263 22.6263 0
      vertex -26.8247 22.4002 4
      vertex -26.8247 22.4002 0
    endloop
  endfacet
  facet normal -0.997854 -0.0654821 0
    outer loop
      vertex -22.7 21 0
      vertex -22.7197 21.3002 4
      vertex -22.7197 21.3002 0
    endloop
  endfacet
  facet normal -0.997854 -0.0654821 0
    outer loop
      vertex -22.7197 21.3002 4
      vertex -22.7 21 0
      vertex -22.7 21 4
    endloop
  endfacet
  facet normal -0.195093 0.980785 0
    outer loop
      vertex -24.4047 18.7784 0
      vertex -24.6998 18.7197 4
      vertex -24.4047 18.7784 4
    endloop
  endfacet
  facet normal -0.195093 0.980785 0
    outer loop
      vertex -24.6998 18.7197 4
      vertex -24.4047 18.7784 0
      vertex -24.6998 18.7197 0
    endloop
  endfacet
  facet normal -0.946941 0.321408 0
    outer loop
      vertex -22.8751 20.1198 0
      vertex -22.7784 20.4047 4
      vertex -22.7784 20.4047 0
    endloop
  endfacet
  facet normal -0.946941 0.321408 0
    outer loop
      vertex -22.7784 20.4047 4
      vertex -22.8751 20.1198 0
      vertex -22.8751 20.1198 4
    endloop
  endfacet
  facet normal -0.321408 0.946941 0
    outer loop
      vertex -24.1198 18.8751 0
      vertex -24.4047 18.7784 4
      vertex -24.1198 18.8751 4
    endloop
  endfacet
  facet normal -0.321408 0.946941 0
    outer loop
      vertex -24.4047 18.7784 4
      vertex -24.1198 18.8751 0
      vertex -24.4047 18.7784 0
    endloop
  endfacet
  facet normal -0.659563 0.751649 0
    outer loop
      vertex -23.3737 19.3737 0
      vertex -23.5998 19.1753 4
      vertex -23.3737 19.3737 4
    endloop
  endfacet
  facet normal -0.659563 0.751649 0
    outer loop
      vertex -23.5998 19.1753 4
      vertex -23.3737 19.3737 0
      vertex -23.5998 19.1753 0
    endloop
  endfacet
  facet normal 0.0654821 0.997854 -0
    outer loop
      vertex -25 18.7 0
      vertex -25.3002 18.7197 4
      vertex -25 18.7 4
    endloop
  endfacet
  facet normal 0.0654821 0.997854 0
    outer loop
      vertex -25.3002 18.7197 4
      vertex -25 18.7 0
      vertex -25.3002 18.7197 0
    endloop
  endfacet
  facet normal 0.55562 0.831436 -0
    outer loop
      vertex -26.15 19.0081 0
      vertex -26.4002 19.1753 4
      vertex -26.15 19.0081 4
    endloop
  endfacet
  facet normal 0.55562 0.831436 0
    outer loop
      vertex -26.4002 19.1753 4
      vertex -26.15 19.0081 0
      vertex -26.4002 19.1753 0
    endloop
  endfacet
  facet normal 0.89694 0.442153 0
    outer loop
      vertex -26.9919 19.85 4
      vertex -27.1249 20.1198 0
      vertex -27.1249 20.1198 4
    endloop
  endfacet
  facet normal 0.89694 0.442153 0
    outer loop
      vertex -27.1249 20.1198 0
      vertex -26.9919 19.85 4
      vertex -26.9919 19.85 0
    endloop
  endfacet
  facet normal 0.980785 0.195093 0
    outer loop
      vertex -27.2216 20.4047 4
      vertex -27.2803 20.6998 0
      vertex -27.2803 20.6998 4
    endloop
  endfacet
  facet normal 0.980785 0.195093 0
    outer loop
      vertex -27.2803 20.6998 0
      vertex -27.2216 20.4047 4
      vertex -27.2216 20.4047 0
    endloop
  endfacet
  facet normal 0.751649 0.659563 0
    outer loop
      vertex -26.6263 19.3737 4
      vertex -26.8247 19.5998 0
      vertex -26.8247 19.5998 4
    endloop
  endfacet
  facet normal 0.751649 0.659563 0
    outer loop
      vertex -26.8247 19.5998 0
      vertex -26.6263 19.3737 4
      vertex -26.6263 19.3737 0
    endloop
  endfacet
  facet normal 0.659563 0.751649 -0
    outer loop
      vertex -26.4002 19.1753 0
      vertex -26.6263 19.3737 4
      vertex -26.4002 19.1753 4
    endloop
  endfacet
  facet normal 0.659563 0.751649 0
    outer loop
      vertex -26.6263 19.3737 4
      vertex -26.4002 19.1753 0
      vertex -26.6263 19.3737 0
    endloop
  endfacet
  facet normal -0.980785 -0.195093 0
    outer loop
      vertex -22.7197 21.3002 0
      vertex -22.7784 21.5953 4
      vertex -22.7784 21.5953 0
    endloop
  endfacet
  facet normal -0.980785 -0.195093 0
    outer loop
      vertex -22.7784 21.5953 4
      vertex -22.7197 21.3002 0
      vertex -22.7197 21.3002 4
    endloop
  endfacet
  facet normal -0.55562 -0.831436 0
    outer loop
      vertex -23.85 22.9919 0
      vertex -23.5998 22.8247 4
      vertex -23.85 22.9919 4
    endloop
  endfacet
  facet normal -0.55562 -0.831436 -0
    outer loop
      vertex -23.5998 22.8247 4
      vertex -23.85 22.9919 0
      vertex -23.5998 22.8247 0
    endloop
  endfacet
  facet normal -0.0654821 -0.997854 0
    outer loop
      vertex -25 23.3 0
      vertex -24.6998 23.2803 4
      vertex -25 23.3 4
    endloop
  endfacet
  facet normal -0.0654821 -0.997854 -0
    outer loop
      vertex -24.6998 23.2803 4
      vertex -25 23.3 0
      vertex -24.6998 23.2803 0
    endloop
  endfacet
  facet normal 0.997854 -0.0654821 0
    outer loop
      vertex -27.3 21 4
      vertex -27.2803 21.3002 0
      vertex -27.2803 21.3002 4
    endloop
  endfacet
  facet normal 0.997854 -0.0654821 0
    outer loop
      vertex -27.2803 21.3002 0
      vertex -27.3 21 4
      vertex -27.3 21 0
    endloop
  endfacet
  facet normal -0.997854 0.0654821 0
    outer loop
      vertex -22.7197 20.6998 0
      vertex -22.7 21 4
      vertex -22.7 21 0
    endloop
  endfacet
  facet normal -0.997854 0.0654821 0
    outer loop
      vertex -22.7 21 4
      vertex -22.7197 20.6998 0
      vertex -22.7197 20.6998 4
    endloop
  endfacet
  facet normal -0.89694 0.442153 0
    outer loop
      vertex -23.0081 19.85 0
      vertex -22.8751 20.1198 4
      vertex -22.8751 20.1198 0
    endloop
  endfacet
  facet normal -0.89694 0.442153 0
    outer loop
      vertex -22.8751 20.1198 4
      vertex -23.0081 19.85 0
      vertex -23.0081 19.85 4
    endloop
  endfacet
  facet normal -0.55562 -0.831436 0
    outer loop
      vertex 26.15 22.9919 0
      vertex 26.4002 22.8247 4
      vertex 26.15 22.9919 4
    endloop
  endfacet
  facet normal -0.55562 -0.831436 -0
    outer loop
      vertex 26.4002 22.8247 4
      vertex 26.15 22.9919 0
      vertex 26.4002 22.8247 0
    endloop
  endfacet
  facet normal -0.980785 0.195093 0
    outer loop
      vertex 27.2216 20.4047 0
      vertex 27.2803 20.6998 4
      vertex 27.2803 20.6998 0
    endloop
  endfacet
  facet normal -0.980785 0.195093 0
    outer loop
      vertex 27.2803 20.6998 4
      vertex 27.2216 20.4047 0
      vertex 27.2216 20.4047 4
    endloop
  endfacet
  facet normal 0.195093 0.980785 -0
    outer loop
      vertex 24.6998 18.7197 0
      vertex 24.4047 18.7784 4
      vertex 24.6998 18.7197 4
    endloop
  endfacet
  facet normal 0.195093 0.980785 0
    outer loop
      vertex 24.4047 18.7784 4
      vertex 24.6998 18.7197 0
      vertex 24.4047 18.7784 0
    endloop
  endfacet
  facet normal 0.442153 -0.89694 0
    outer loop
      vertex 23.85 22.9919 0
      vertex 24.1198 23.1249 4
      vertex 23.85 22.9919 4
    endloop
  endfacet
  facet normal 0.442153 -0.89694 0
    outer loop
      vertex 24.1198 23.1249 4
      vertex 23.85 22.9919 0
      vertex 24.1198 23.1249 0
    endloop
  endfacet
  facet normal 0.946941 -0.321408 0
    outer loop
      vertex 22.7784 21.5953 4
      vertex 22.8751 21.8802 0
      vertex 22.8751 21.8802 4
    endloop
  endfacet
  facet normal 0.946941 -0.321408 0
    outer loop
      vertex 22.8751 21.8802 0
      vertex 22.7784 21.5953 4
      vertex 22.7784 21.5953 0
    endloop
  endfacet
  facet normal -0.997854 0.0654821 0
    outer loop
      vertex 27.2803 20.6998 0
      vertex 27.3 21 4
      vertex 27.3 21 0
    endloop
  endfacet
  facet normal -0.997854 0.0654821 0
    outer loop
      vertex 27.3 21 4
      vertex 27.2803 20.6998 0
      vertex 27.2803 20.6998 4
    endloop
  endfacet
  facet normal -0.89694 -0.442153 0
    outer loop
      vertex 27.1249 21.8802 0
      vertex 26.9919 22.15 4
      vertex 26.9919 22.15 0
    endloop
  endfacet
  facet normal -0.89694 -0.442153 0
    outer loop
      vertex 26.9919 22.15 4
      vertex 27.1249 21.8802 0
      vertex 27.1249 21.8802 4
    endloop
  endfacet
  facet normal -0.831436 -0.55562 0
    outer loop
      vertex 26.9919 22.15 0
      vertex 26.8247 22.4002 4
      vertex 26.8247 22.4002 0
    endloop
  endfacet
  facet normal -0.831436 -0.55562 0
    outer loop
      vertex 26.8247 22.4002 4
      vertex 26.9919 22.15 0
      vertex 26.9919 22.15 4
    endloop
  endfacet
  facet normal -0.321408 -0.946941 0
    outer loop
      vertex 25.5953 23.2216 0
      vertex 25.8802 23.1249 4
      vertex 25.5953 23.2216 4
    endloop
  endfacet
  facet normal -0.321408 -0.946941 -0
    outer loop
      vertex 25.8802 23.1249 4
      vertex 25.5953 23.2216 0
      vertex 25.8802 23.1249 0
    endloop
  endfacet
  facet normal -0.0654821 -0.997854 0
    outer loop
      vertex 25 23.3 0
      vertex 25.3002 23.2803 4
      vertex 25 23.3 4
    endloop
  endfacet
  facet normal -0.0654821 -0.997854 -0
    outer loop
      vertex 25.3002 23.2803 4
      vertex 25 23.3 0
      vertex 25.3002 23.2803 0
    endloop
  endfacet
  facet normal 0.997854 -0.0654821 0
    outer loop
      vertex 22.7 21 4
      vertex 22.7197 21.3002 0
      vertex 22.7197 21.3002 4
    endloop
  endfacet
  facet normal 0.997854 -0.0654821 0
    outer loop
      vertex 22.7197 21.3002 0
      vertex 22.7 21 4
      vertex 22.7 21 0
    endloop
  endfacet
  facet normal 0.831436 -0.55562 0
    outer loop
      vertex 23.0081 22.15 4
      vertex 23.1753 22.4002 0
      vertex 23.1753 22.4002 4
    endloop
  endfacet
  facet normal 0.831436 -0.55562 0
    outer loop
      vertex 23.1753 22.4002 0
      vertex 23.0081 22.15 4
      vertex 23.0081 22.15 0
    endloop
  endfacet
  facet normal 0.55562 -0.831436 0
    outer loop
      vertex 23.5998 22.8247 0
      vertex 23.85 22.9919 4
      vertex 23.5998 22.8247 4
    endloop
  endfacet
  facet normal 0.55562 -0.831436 0
    outer loop
      vertex 23.85 22.9919 4
      vertex 23.5998 22.8247 0
      vertex 23.85 22.9919 0
    endloop
  endfacet
  facet normal 0.321408 -0.946941 0
    outer loop
      vertex 24.1198 23.1249 0
      vertex 24.4047 23.2216 4
      vertex 24.1198 23.1249 4
    endloop
  endfacet
  facet normal 0.321408 -0.946941 0
    outer loop
      vertex 24.4047 23.2216 4
      vertex 24.1198 23.1249 0
      vertex 24.4047 23.2216 0
    endloop
  endfacet
  facet normal -0.831436 0.55562 0
    outer loop
      vertex 26.8247 19.5998 0
      vertex 26.9919 19.85 4
      vertex 26.9919 19.85 0
    endloop
  endfacet
  facet normal -0.831436 0.55562 0
    outer loop
      vertex 26.9919 19.85 4
      vertex 26.8247 19.5998 0
      vertex 26.8247 19.5998 4
    endloop
  endfacet
  facet normal -0.946941 0.321408 0
    outer loop
      vertex 27.1249 20.1198 0
      vertex 27.2216 20.4047 4
      vertex 27.2216 20.4047 0
    endloop
  endfacet
  facet normal -0.946941 0.321408 0
    outer loop
      vertex 27.2216 20.4047 4
      vertex 27.1249 20.1198 0
      vertex 27.1249 20.1198 4
    endloop
  endfacet
  facet normal -0.442153 0.89694 0
    outer loop
      vertex 26.15 19.0081 0
      vertex 25.8802 18.8751 4
      vertex 26.15 19.0081 4
    endloop
  endfacet
  facet normal -0.442153 0.89694 0
    outer loop
      vertex 25.8802 18.8751 4
      vertex 26.15 19.0081 0
      vertex 25.8802 18.8751 0
    endloop
  endfacet
  facet normal -0.55562 0.831436 0
    outer loop
      vertex 26.4002 19.1753 0
      vertex 26.15 19.0081 4
      vertex 26.4002 19.1753 4
    endloop
  endfacet
  facet normal -0.55562 0.831436 0
    outer loop
      vertex 26.15 19.0081 4
      vertex 26.4002 19.1753 0
      vertex 26.15 19.0081 0
    endloop
  endfacet
  facet normal 0.0654821 0.997854 -0
    outer loop
      vertex 25 18.7 0
      vertex 24.6998 18.7197 4
      vertex 25 18.7 4
    endloop
  endfacet
  facet normal 0.0654821 0.997854 0
    outer loop
      vertex 24.6998 18.7197 4
      vertex 25 18.7 0
      vertex 24.6998 18.7197 0
    endloop
  endfacet
  facet normal 0.55562 0.831436 -0
    outer loop
      vertex 23.85 19.0081 0
      vertex 23.5998 19.1753 4
      vertex 23.85 19.0081 4
    endloop
  endfacet
  facet normal 0.55562 0.831436 0
    outer loop
      vertex 23.5998 19.1753 4
      vertex 23.85 19.0081 0
      vertex 23.5998 19.1753 0
    endloop
  endfacet
  facet normal 0.831436 0.55562 0
    outer loop
      vertex 23.1753 19.5998 4
      vertex 23.0081 19.85 0
      vertex 23.0081 19.85 4
    endloop
  endfacet
  facet normal 0.831436 0.55562 0
    outer loop
      vertex 23.0081 19.85 0
      vertex 23.1753 19.5998 4
      vertex 23.1753 19.5998 0
    endloop
  endfacet
  facet normal -0.980785 -0.195093 0
    outer loop
      vertex 27.2803 21.3002 0
      vertex 27.2216 21.5953 4
      vertex 27.2216 21.5953 0
    endloop
  endfacet
  facet normal -0.980785 -0.195093 0
    outer loop
      vertex 27.2216 21.5953 4
      vertex 27.2803 21.3002 0
      vertex 27.2803 21.3002 4
    endloop
  endfacet
  facet normal -0.946941 -0.321408 0
    outer loop
      vertex 27.2216 21.5953 0
      vertex 27.1249 21.8802 4
      vertex 27.1249 21.8802 0
    endloop
  endfacet
  facet normal -0.946941 -0.321408 0
    outer loop
      vertex 27.1249 21.8802 4
      vertex 27.2216 21.5953 0
      vertex 27.2216 21.5953 4
    endloop
  endfacet
  facet normal -0.751649 -0.659563 0
    outer loop
      vertex 26.8247 22.4002 0
      vertex 26.6263 22.6263 4
      vertex 26.6263 22.6263 0
    endloop
  endfacet
  facet normal -0.751649 -0.659563 0
    outer loop
      vertex 26.6263 22.6263 4
      vertex 26.8247 22.4002 0
      vertex 26.8247 22.4002 4
    endloop
  endfacet
  facet normal -0.659563 -0.751649 0
    outer loop
      vertex 26.4002 22.8247 0
      vertex 26.6263 22.6263 4
      vertex 26.4002 22.8247 4
    endloop
  endfacet
  facet normal -0.659563 -0.751649 -0
    outer loop
      vertex 26.6263 22.6263 4
      vertex 26.4002 22.8247 0
      vertex 26.6263 22.6263 0
    endloop
  endfacet
  facet normal -0.442153 -0.89694 0
    outer loop
      vertex 25.8802 23.1249 0
      vertex 26.15 22.9919 4
      vertex 25.8802 23.1249 4
    endloop
  endfacet
  facet normal -0.442153 -0.89694 -0
    outer loop
      vertex 26.15 22.9919 4
      vertex 25.8802 23.1249 0
      vertex 26.15 22.9919 0
    endloop
  endfacet
  facet normal 0.0654821 -0.997854 0
    outer loop
      vertex 24.6998 23.2803 0
      vertex 25 23.3 4
      vertex 24.6998 23.2803 4
    endloop
  endfacet
  facet normal 0.0654821 -0.997854 0
    outer loop
      vertex 25 23.3 4
      vertex 24.6998 23.2803 0
      vertex 25 23.3 0
    endloop
  endfacet
  facet normal -0.195093 -0.980785 0
    outer loop
      vertex 25.3002 23.2803 0
      vertex 25.5953 23.2216 4
      vertex 25.3002 23.2803 4
    endloop
  endfacet
  facet normal -0.195093 -0.980785 -0
    outer loop
      vertex 25.5953 23.2216 4
      vertex 25.3002 23.2803 0
      vertex 25.5953 23.2216 0
    endloop
  endfacet
  facet normal 0.980785 -0.195093 0
    outer loop
      vertex 22.7197 21.3002 4
      vertex 22.7784 21.5953 0
      vertex 22.7784 21.5953 4
    endloop
  endfacet
  facet normal 0.980785 -0.195093 0
    outer loop
      vertex 22.7784 21.5953 0
      vertex 22.7197 21.3002 4
      vertex 22.7197 21.3002 0
    endloop
  endfacet
  facet normal 0.89694 -0.442153 0
    outer loop
      vertex 22.8751 21.8802 4
      vertex 23.0081 22.15 0
      vertex 23.0081 22.15 4
    endloop
  endfacet
  facet normal 0.89694 -0.442153 0
    outer loop
      vertex 23.0081 22.15 0
      vertex 22.8751 21.8802 4
      vertex 22.8751 21.8802 0
    endloop
  endfacet
  facet normal 0.195093 -0.980785 0
    outer loop
      vertex 24.4047 23.2216 0
      vertex 24.6998 23.2803 4
      vertex 24.4047 23.2216 4
    endloop
  endfacet
  facet normal 0.195093 -0.980785 0
    outer loop
      vertex 24.6998 23.2803 4
      vertex 24.4047 23.2216 0
      vertex 24.6998 23.2803 0
    endloop
  endfacet
  facet normal 0.659563 -0.751649 0
    outer loop
      vertex 23.3737 22.6263 0
      vertex 23.5998 22.8247 4
      vertex 23.3737 22.6263 4
    endloop
  endfacet
  facet normal 0.659563 -0.751649 0
    outer loop
      vertex 23.5998 22.8247 4
      vertex 23.3737 22.6263 0
      vertex 23.5998 22.8247 0
    endloop
  endfacet
  facet normal 0.751649 -0.659563 0
    outer loop
      vertex 23.1753 22.4002 4
      vertex 23.3737 22.6263 0
      vertex 23.3737 22.6263 4
    endloop
  endfacet
  facet normal 0.751649 -0.659563 0
    outer loop
      vertex 23.3737 22.6263 0
      vertex 23.1753 22.4002 4
      vertex 23.1753 22.4002 0
    endloop
  endfacet
  facet normal -0.997854 -0.0654821 0
    outer loop
      vertex 27.3 21 0
      vertex 27.2803 21.3002 4
      vertex 27.2803 21.3002 0
    endloop
  endfacet
  facet normal -0.997854 -0.0654821 0
    outer loop
      vertex 27.2803 21.3002 4
      vertex 27.3 21 0
      vertex 27.3 21 4
    endloop
  endfacet
  facet normal -0.195093 0.980785 0
    outer loop
      vertex 25.5953 18.7784 0
      vertex 25.3002 18.7197 4
      vertex 25.5953 18.7784 4
    endloop
  endfacet
  facet normal -0.195093 0.980785 0
    outer loop
      vertex 25.3002 18.7197 4
      vertex 25.5953 18.7784 0
      vertex 25.3002 18.7197 0
    endloop
  endfacet
  facet normal -0.659563 0.751649 0
    outer loop
      vertex 26.6263 19.3737 0
      vertex 26.4002 19.1753 4
      vertex 26.6263 19.3737 4
    endloop
  endfacet
  facet normal -0.659563 0.751649 0
    outer loop
      vertex 26.4002 19.1753 4
      vertex 26.6263 19.3737 0
      vertex 26.4002 19.1753 0
    endloop
  endfacet
  facet normal 0.321408 0.946941 -0
    outer loop
      vertex 24.4047 18.7784 0
      vertex 24.1198 18.8751 4
      vertex 24.4047 18.7784 4
    endloop
  endfacet
  facet normal 0.321408 0.946941 0
    outer loop
      vertex 24.1198 18.8751 4
      vertex 24.4047 18.7784 0
      vertex 24.1198 18.8751 0
    endloop
  endfacet
  facet normal 0.89694 0.442153 0
    outer loop
      vertex 23.0081 19.85 4
      vertex 22.8751 20.1198 0
      vertex 22.8751 20.1198 4
    endloop
  endfacet
  facet normal 0.89694 0.442153 0
    outer loop
      vertex 22.8751 20.1198 0
      vertex 23.0081 19.85 4
      vertex 23.0081 19.85 0
    endloop
  endfacet
  facet normal 0.980785 0.195093 0
    outer loop
      vertex 22.7784 20.4047 4
      vertex 22.7197 20.6998 0
      vertex 22.7197 20.6998 4
    endloop
  endfacet
  facet normal 0.980785 0.195093 0
    outer loop
      vertex 22.7197 20.6998 0
      vertex 22.7784 20.4047 4
      vertex 22.7784 20.4047 0
    endloop
  endfacet
  facet normal 0.751649 0.659563 0
    outer loop
      vertex 23.3737 19.3737 4
      vertex 23.1753 19.5998 0
      vertex 23.1753 19.5998 4
    endloop
  endfacet
  facet normal 0.751649 0.659563 0
    outer loop
      vertex 23.1753 19.5998 0
      vertex 23.3737 19.3737 4
      vertex 23.3737 19.3737 0
    endloop
  endfacet
  facet normal 0.997854 0.0654821 0
    outer loop
      vertex 22.7197 20.6998 4
      vertex 22.7 21 0
      vertex 22.7 21 4
    endloop
  endfacet
  facet normal 0.997854 0.0654821 0
    outer loop
      vertex 22.7 21 0
      vertex 22.7197 20.6998 4
      vertex 22.7197 20.6998 0
    endloop
  endfacet
  facet normal -0.89694 0.442153 0
    outer loop
      vertex 26.9919 19.85 0
      vertex 27.1249 20.1198 4
      vertex 27.1249 20.1198 0
    endloop
  endfacet
  facet normal -0.89694 0.442153 0
    outer loop
      vertex 27.1249 20.1198 4
      vertex 26.9919 19.85 0
      vertex 26.9919 19.85 4
    endloop
  endfacet
  facet normal -0.321408 0.946941 0
    outer loop
      vertex 25.8802 18.8751 0
      vertex 25.5953 18.7784 4
      vertex 25.8802 18.8751 4
    endloop
  endfacet
  facet normal -0.321408 0.946941 0
    outer loop
      vertex 25.5953 18.7784 4
      vertex 25.8802 18.8751 0
      vertex 25.5953 18.7784 0
    endloop
  endfacet
  facet normal -0.751649 0.659563 0
    outer loop
      vertex 26.6263 19.3737 0
      vertex 26.8247 19.5998 4
      vertex 26.8247 19.5998 0
    endloop
  endfacet
  facet normal -0.751649 0.659563 0
    outer loop
      vertex 26.8247 19.5998 4
      vertex 26.6263 19.3737 0
      vertex 26.6263 19.3737 4
    endloop
  endfacet
  facet normal -0.0654821 0.997854 0
    outer loop
      vertex 25.3002 18.7197 0
      vertex 25 18.7 4
      vertex 25.3002 18.7197 4
    endloop
  endfacet
  facet normal -0.0654821 0.997854 0
    outer loop
      vertex 25 18.7 4
      vertex 25.3002 18.7197 0
      vertex 25 18.7 0
    endloop
  endfacet
  facet normal 0.442153 0.89694 -0
    outer loop
      vertex 24.1198 18.8751 0
      vertex 23.85 19.0081 4
      vertex 24.1198 18.8751 4
    endloop
  endfacet
  facet normal 0.442153 0.89694 0
    outer loop
      vertex 23.85 19.0081 4
      vertex 24.1198 18.8751 0
      vertex 23.85 19.0081 0
    endloop
  endfacet
  facet normal 0.946941 0.321408 0
    outer loop
      vertex 22.8751 20.1198 4
      vertex 22.7784 20.4047 0
      vertex 22.7784 20.4047 4
    endloop
  endfacet
  facet normal 0.946941 0.321408 0
    outer loop
      vertex 22.7784 20.4047 0
      vertex 22.8751 20.1198 4
      vertex 22.8751 20.1198 0
    endloop
  endfacet
  facet normal 0.659563 0.751649 -0
    outer loop
      vertex 23.5998 19.1753 0
      vertex 23.3737 19.3737 4
      vertex 23.5998 19.1753 4
    endloop
  endfacet
  facet normal 0.659563 0.751649 0
    outer loop
      vertex 23.3737 19.3737 4
      vertex 23.5998 19.1753 0
      vertex 23.3737 19.3737 0
    endloop
  endfacet
  facet normal -0.442264 0 0.896885
    outer loop
      vertex 3.06147 85 16.609
      vertex 4 15.8 17.0718
      vertex 4 85 17.0718
    endloop
  endfacet
  facet normal -0.442264 0 0.896885
    outer loop
      vertex 4 15.8 17.0718
      vertex 3.06147 85 16.609
      vertex 3.06147 15.8 16.609
    endloop
  endfacet
  facet normal 0.442264 0 0.896885
    outer loop
      vertex -4 85 17.0718
      vertex -3.06147 15.8 16.609
      vertex -3.06147 85 16.609
    endloop
  endfacet
  facet normal 0.442264 0 0.896885
    outer loop
      vertex -3.06147 15.8 16.609
      vertex -4 85 17.0718
      vertex -4 15.8 17.0718
    endloop
  endfacet
  facet normal 0.946929 -0 0.321444
    outer loop
      vertex -7.72741 3.8 21.9294
      vertex -7.39104 85 20.9385
      vertex -7.72741 85 21.9294
    endloop
  endfacet
  facet normal 0.946929 0 0.321444
    outer loop
      vertex -7.39104 85 20.9385
      vertex -7.72741 3.8 21.9294
      vertex -7.39104 3.8 20.9385
    endloop
  endfacet
  facet normal -0.946929 0 0.321444
    outer loop
      vertex 7.39104 3.8 20.9385
      vertex 7.72741 85 21.9294
      vertex 7.39104 85 20.9385
    endloop
  endfacet
  facet normal -0.946929 0 0.321444
    outer loop
      vertex 7.72741 85 21.9294
      vertex 7.39104 3.8 20.9385
      vertex 7.72741 3.8 21.9294
    endloop
  endfacet
  facet normal -0.896864 0 0.442306
    outer loop
      vertex 6.9282 3.8 20
      vertex 7.39104 85 20.9385
      vertex 6.9282 85 20
    endloop
  endfacet
  facet normal -0.896864 0 0.442306
    outer loop
      vertex 7.39104 85 20.9385
      vertex 6.9282 3.8 20
      vertex 7.39104 3.8 20.9385
    endloop
  endfacet
  facet normal -0.831475 0 0.555562
    outer loop
      vertex 6.34683 15.8 19.1299
      vertex 6.9282 85 20
      vertex 6.34683 85 19.1299
    endloop
  endfacet
  facet normal -0.83143 -1.21685e-06 0.555629
    outer loop
      vertex 6.5 15.8 19.3591
      vertex 6.9282 85 20
      vertex 6.34683 15.8 19.1299
    endloop
  endfacet
  facet normal -0.831491 0 0.555538
    outer loop
      vertex 6.9282 3.8 20
      vertex 6.5 15.8 19.3591
      vertex 6.5 3.8 19.3591
    endloop
  endfacet
  facet normal -0.831491 0 0.555538
    outer loop
      vertex 6.5 15.8 19.3591
      vertex 6.9282 3.8 20
      vertex 6.9282 85 20
    endloop
  endfacet
  facet normal -0.751852 0 0.659332
    outer loop
      vertex 5.65685 15.8 18.3431
      vertex 6.34683 85 19.1299
      vertex 5.65685 85 18.3431
    endloop
  endfacet
  facet normal -0.751852 0 0.659332
    outer loop
      vertex 6.34683 85 19.1299
      vertex 5.65685 15.8 18.3431
      vertex 6.34683 15.8 19.1299
    endloop
  endfacet
  facet normal -0.321463 0 0.946922
    outer loop
      vertex 2.07055 85 16.2726
      vertex 3.06147 15.8 16.609
      vertex 3.06147 85 16.609
    endloop
  endfacet
  facet normal -0.321463 0 0.946922
    outer loop
      vertex 3.06147 15.8 16.609
      vertex 2.07055 85 16.2726
      vertex 2.07055 15.8 16.2726
    endloop
  endfacet
  facet normal -0.195135 0 0.980776
    outer loop
      vertex 1.04421 85 16.0684
      vertex 2.07055 15.8 16.2726
      vertex 2.07055 85 16.2726
    endloop
  endfacet
  facet normal -0.195135 0 0.980776
    outer loop
      vertex 2.07055 15.8 16.2726
      vertex 1.04421 85 16.0684
      vertex 1.04421 15.8 16.0684
    endloop
  endfacet
  facet normal 0.997859 -0 0.0654027
    outer loop
      vertex -8 3.8 24
      vertex -7.93156 85 22.9558
      vertex -8 85 24
    endloop
  endfacet
  facet normal 0.997859 0 0.0654027
    outer loop
      vertex -7.93156 85 22.9558
      vertex -8 3.8 24
      vertex -7.93156 3.8 22.9558
    endloop
  endfacet
  facet normal 0.831475 -3.20557e-07 0.555562
    outer loop
      vertex -6.9282 85 20
      vertex -6.5 15.8 19.3591
      vertex -6.34683 85 19.1299
    endloop
  endfacet
  facet normal 0.831491 -0 0.555538
    outer loop
      vertex -6.9282 3.8 20
      vertex -6.5 15.8 19.3591
      vertex -6.9282 85 20
    endloop
  endfacet
  facet normal 0.831491 0 0.555538
    outer loop
      vertex -6.5 15.8 19.3591
      vertex -6.9282 3.8 20
      vertex -6.5 3.8 19.3591
    endloop
  endfacet
  facet normal 0.83143 0 0.555629
    outer loop
      vertex -6.34683 85 19.1299
      vertex -6.5 15.8 19.3591
      vertex -6.34683 15.8 19.1299
    endloop
  endfacet
  facet normal 0.751852 -0 0.659332
    outer loop
      vertex -6.34683 15.8 19.1299
      vertex -5.65685 85 18.3431
      vertex -6.34683 85 19.1299
    endloop
  endfacet
  facet normal 0.751852 0 0.659332
    outer loop
      vertex -5.65685 85 18.3431
      vertex -6.34683 15.8 19.1299
      vertex -5.65685 15.8 18.3431
    endloop
  endfacet
  facet normal -0.997859 0 0.0654027
    outer loop
      vertex 7.93156 3.8 22.9558
      vertex 8 85 24
      vertex 7.93156 85 22.9558
    endloop
  endfacet
  facet normal -0.997859 0 0.0654027
    outer loop
      vertex 8 85 24
      vertex 7.93156 3.8 22.9558
      vertex 8 3.8 24
    endloop
  endfacet
  facet normal 0 1 0
    outer loop
      vertex 8 3.8 24
      vertex 2.77604 3.8 23.6345
      vertex 2.8 3.8 24
    endloop
  endfacet
  facet normal 0 1 -0
    outer loop
      vertex 7.93156 3.8 22.9558
      vertex 2.77604 3.8 23.6345
      vertex 8 3.8 24
    endloop
  endfacet
  facet normal 0 1 0
    outer loop
      vertex 2.77604 3.8 23.6345
      vertex 7.93156 3.8 22.9558
      vertex 2.70459 3.8 23.2753
    endloop
  endfacet
  facet normal 0 1 -0
    outer loop
      vertex 7.72741 3.8 21.9294
      vertex 2.70459 3.8 23.2753
      vertex 7.93156 3.8 22.9558
    endloop
  endfacet
  facet normal 0 1 0
    outer loop
      vertex 2.70459 3.8 23.2753
      vertex 7.72741 3.8 21.9294
      vertex 2.58686 3.8 22.9285
    endloop
  endfacet
  facet normal 0 1 -0
    outer loop
      vertex 7.39104 3.8 20.9385
      vertex 2.58686 3.8 22.9285
      vertex 7.72741 3.8 21.9294
    endloop
  endfacet
  facet normal 0 1 0
    outer loop
      vertex 2.58686 3.8 22.9285
      vertex 7.39104 3.8 20.9385
      vertex 2.42487 3.8 22.6
    endloop
  endfacet
  facet normal 0 1 -0
    outer loop
      vertex 6.9282 3.8 20
      vertex 2.42487 3.8 22.6
      vertex 7.39104 3.8 20.9385
    endloop
  endfacet
  facet normal 0 1 -0
    outer loop
      vertex 6.5 3.8 19.3591
      vertex 2.42487 3.8 22.6
      vertex 6.9282 3.8 20
    endloop
  endfacet
  facet normal 0 1 0
    outer loop
      vertex 2.42487 3.8 22.6
      vertex 6.5 3.8 19.3591
      vertex 2.22139 3.8 22.2955
    endloop
  endfacet
  facet normal 0 1 0
    outer loop
      vertex 2.22139 3.8 22.2955
      vertex 6.5 3.8 19.3591
      vertex 1.9799 3.8 22.0201
    endloop
  endfacet
  facet normal 0 1 0
    outer loop
      vertex 1.9799 3.8 22.0201
      vertex 6.5 3.8 19.3591
      vertex 1.70453 3.8 21.7786
    endloop
  endfacet
  facet normal 0 1 0
    outer loop
      vertex 1.70453 3.8 21.7786
      vertex 6.5 3.8 19.3591
      vertex 1.4 3.8 21.5751
    endloop
  endfacet
  facet normal 0 1 0
    outer loop
      vertex 1.07151 3.8 21.4131
      vertex 6.5 3.8 19.3591
      vertex 0.724693 3.8 21.2954
    endloop
  endfacet
  facet normal 0 1 0
    outer loop
      vertex 1.4 3.8 21.5751
      vertex 6.5 3.8 19.3591
      vertex 1.07151 3.8 21.4131
    endloop
  endfacet
  facet normal 0 1 0
    outer loop
      vertex -2.77604 3.8 23.6345
      vertex -8 3.8 24
      vertex -2.8 3.8 24
    endloop
  endfacet
  facet normal 0 1 0
    outer loop
      vertex -7.93156 3.8 22.9558
      vertex -2.77604 3.8 23.6345
      vertex -2.70459 3.8 23.2753
    endloop
  endfacet
  facet normal 0 1 0
    outer loop
      vertex -2.77604 3.8 23.6345
      vertex -7.93156 3.8 22.9558
      vertex -8 3.8 24
    endloop
  endfacet
  facet normal 0 1 0
    outer loop
      vertex -7.72741 3.8 21.9294
      vertex -2.70459 3.8 23.2753
      vertex -2.58686 3.8 22.9285
    endloop
  endfacet
  facet normal 0 1 0
    outer loop
      vertex -7.39104 3.8 20.9385
      vertex -2.58686 3.8 22.9285
      vertex -2.42487 3.8 22.6
    endloop
  endfacet
  facet normal 0 1 0
    outer loop
      vertex -6.5 3.8 19.3591
      vertex -2.42487 3.8 22.6
      vertex -2.22139 3.8 22.2955
    endloop
  endfacet
  facet normal 0 1 0
    outer loop
      vertex -6.5 3.8 19.3591
      vertex -2.22139 3.8 22.2955
      vertex -1.9799 3.8 22.0201
    endloop
  endfacet
  facet normal 0 1 0
    outer loop
      vertex -2.70459 3.8 23.2753
      vertex -7.72741 3.8 21.9294
      vertex -7.93156 3.8 22.9558
    endloop
  endfacet
  facet normal 0 1 0
    outer loop
      vertex -6.5 3.8 19.3591
      vertex -1.9799 3.8 22.0201
      vertex -1.70453 3.8 21.7786
    endloop
  endfacet
  facet normal 0 1 0
    outer loop
      vertex -6.5 3.8 19.3591
      vertex -1.70453 3.8 21.7786
      vertex -1.4 3.8 21.5751
    endloop
  endfacet
  facet normal 0 1 0
    outer loop
      vertex -6.5 3.8 19.3591
      vertex -1.4 3.8 21.5751
      vertex -1.07151 3.8 21.4131
    endloop
  endfacet
  facet normal 0 1 0
    outer loop
      vertex -6.5 3.8 19.3591
      vertex -1.07151 3.8 21.4131
      vertex -0.724693 3.8 21.2954
    endloop
  endfacet
  facet normal 0 1 0
    outer loop
      vertex -6.5 3.8 19.3591
      vertex -0.724693 3.8 21.2954
      vertex -0.365473 3.8 21.224
    endloop
  endfacet
  facet normal 0 1 0
    outer loop
      vertex -2.58686 3.8 22.9285
      vertex -7.39104 3.8 20.9385
      vertex -7.72741 3.8 21.9294
    endloop
  endfacet
  facet normal 0 1 0
    outer loop
      vertex -6.5 3.8 19.3591
      vertex -0.365473 3.8 21.224
      vertex 0 3.8 21.2
    endloop
  endfacet
  facet normal 0 1 0
    outer loop
      vertex 0.724693 3.8 21.2954
      vertex 6.5 3.8 19.3591
      vertex 0.365473 3.8 21.224
    endloop
  endfacet
  facet normal 0 1 0
    outer loop
      vertex 0.365473 3.8 21.224
      vertex 6.5 3.8 19.3591
      vertex 0 3.8 21.2
    endloop
  endfacet
  facet normal 0 1 -0
    outer loop
      vertex 6.5 3.8 0
      vertex 0 3.8 21.2
      vertex 6.5 3.8 19.3591
    endloop
  endfacet
  facet normal 0 1 0
    outer loop
      vertex -2.42487 3.8 22.6
      vertex -6.5 3.8 19.3591
      vertex -6.9282 3.8 20
    endloop
  endfacet
  facet normal 0 1 0
    outer loop
      vertex -2.42487 3.8 22.6
      vertex -6.9282 3.8 20
      vertex -7.39104 3.8 20.9385
    endloop
  endfacet
  facet normal 0 1 0
    outer loop
      vertex -6.5 3.8 0
      vertex 0 3.8 21.2
      vertex 6.5 3.8 0
    endloop
  endfacet
  facet normal 0 1 0
    outer loop
      vertex 0 3.8 21.2
      vertex -6.5 3.8 0
      vertex -6.5 3.8 19.3591
    endloop
  endfacet
  facet normal -0.659308 0 0.751873
    outer loop
      vertex 4.87009 85 17.6532
      vertex 5.65685 15.8 18.3431
      vertex 5.65685 85 18.3431
    endloop
  endfacet
  facet normal -0.659308 0 0.751873
    outer loop
      vertex 5.65685 15.8 18.3431
      vertex 4.87009 85 17.6532
      vertex 4.87009 15.8 17.6532
    endloop
  endfacet
  facet normal 0.065364 0 0.997861
    outer loop
      vertex -1.04421 85 16.0684
      vertex 0 15.8 16
      vertex 0 85 16
    endloop
  endfacet
  facet normal 0.065364 0 0.997861
    outer loop
      vertex 0 15.8 16
      vertex -1.04421 85 16.0684
      vertex -1.04421 15.8 16.0684
    endloop
  endfacet
  facet normal 0.980788 -0 0.195078
    outer loop
      vertex -7.93156 3.8 22.9558
      vertex -7.72741 85 21.9294
      vertex -7.93156 85 22.9558
    endloop
  endfacet
  facet normal 0.980788 0 0.195078
    outer loop
      vertex -7.72741 85 21.9294
      vertex -7.93156 3.8 22.9558
      vertex -7.72741 3.8 21.9294
    endloop
  endfacet
  facet normal 0.896864 -0 0.442306
    outer loop
      vertex -7.39104 3.8 20.9385
      vertex -6.9282 85 20
      vertex -7.39104 85 20.9385
    endloop
  endfacet
  facet normal 0.896864 0 0.442306
    outer loop
      vertex -6.9282 85 20
      vertex -7.39104 3.8 20.9385
      vertex -6.9282 3.8 20
    endloop
  endfacet
  facet normal 0.195135 0 0.980776
    outer loop
      vertex -2.07055 85 16.2726
      vertex -1.04421 15.8 16.0684
      vertex -1.04421 85 16.0684
    endloop
  endfacet
  facet normal 0.195135 0 0.980776
    outer loop
      vertex -1.04421 15.8 16.0684
      vertex -2.07055 85 16.2726
      vertex -2.07055 15.8 16.2726
    endloop
  endfacet
  facet normal 0.321463 0 0.946922
    outer loop
      vertex -3.06147 85 16.609
      vertex -2.07055 15.8 16.2726
      vertex -2.07055 85 16.2726
    endloop
  endfacet
  facet normal 0.321463 0 0.946922
    outer loop
      vertex -2.07055 15.8 16.2726
      vertex -3.06147 85 16.609
      vertex -3.06147 15.8 16.609
    endloop
  endfacet
  facet normal 0.555586 0 0.831459
    outer loop
      vertex -4.87009 85 17.6532
      vertex -4 15.8 17.0718
      vertex -4 85 17.0718
    endloop
  endfacet
  facet normal 0.555586 0 0.831459
    outer loop
      vertex -4 15.8 17.0718
      vertex -4.87009 85 17.6532
      vertex -4.87009 15.8 17.6532
    endloop
  endfacet
  facet normal 0.659308 0 0.751873
    outer loop
      vertex -5.65685 85 18.3431
      vertex -4.87009 15.8 17.6532
      vertex -4.87009 85 17.6532
    endloop
  endfacet
  facet normal 0.659308 0 0.751873
    outer loop
      vertex -4.87009 15.8 17.6532
      vertex -5.65685 85 18.3431
      vertex -5.65685 15.8 18.3431
    endloop
  endfacet
  facet normal -0.980788 0 0.195078
    outer loop
      vertex 7.72741 3.8 21.9294
      vertex 7.93156 85 22.9558
      vertex 7.72741 85 21.9294
    endloop
  endfacet
  facet normal -0.980788 0 0.195078
    outer loop
      vertex 7.93156 85 22.9558
      vertex 7.72741 3.8 21.9294
      vertex 7.93156 3.8 22.9558
    endloop
  endfacet
  facet normal -0.555586 0 0.831459
    outer loop
      vertex 4 85 17.0718
      vertex 4.87009 15.8 17.6532
      vertex 4.87009 85 17.6532
    endloop
  endfacet
  facet normal -0.555586 0 0.831459
    outer loop
      vertex 4.87009 15.8 17.6532
      vertex 4 85 17.0718
      vertex 4 15.8 17.0718
    endloop
  endfacet
  facet normal -0.065364 0 0.997861
    outer loop
      vertex 0 85 16
      vertex 1.04421 15.8 16.0684
      vertex 1.04421 85 16.0684
    endloop
  endfacet
  facet normal -0.065364 0 0.997861
    outer loop
      vertex 1.04421 15.8 16.0684
      vertex 0 85 16
      vertex 0 15.8 16
    endloop
  endfacet
  facet normal 0.946928 -0 0.321447
    outer loop
      vertex -12.1707 85 20.7389
      vertex -11.6409 108 19.1782
      vertex -12.1707 108 20.7389
    endloop
  endfacet
  facet normal 0.946928 0 0.321447
    outer loop
      vertex -11.6409 108 19.1782
      vertex -12.1707 85 20.7389
      vertex -11.6409 85 19.1782
    endloop
  endfacet
  facet normal -0.442307 0 0.896864
    outer loop
      vertex 4.82181 108 12.3591
      vertex 6.3 85 13.0881
      vertex 6.3 108 13.0881
    endloop
  endfacet
  facet normal -0.442307 0 0.896864
    outer loop
      vertex 6.3 85 13.0881
      vertex 4.82181 108 12.3591
      vertex 4.82181 85 12.3591
    endloop
  endfacet
  facet normal 0.321449 0 0.946927
    outer loop
      vertex -4.82181 108 12.3591
      vertex -3.26112 85 11.8293
      vertex -3.26112 108 11.8293
    endloop
  endfacet
  facet normal 0.321449 0 0.946927
    outer loop
      vertex -3.26112 85 11.8293
      vertex -4.82181 108 12.3591
      vertex -4.82181 85 12.3591
    endloop
  endfacet
  facet normal 0.896865 -0 0.442305
    outer loop
      vertex -11.6409 85 19.1782
      vertex -10.9119 108 17.7
      vertex -11.6409 108 19.1782
    endloop
  endfacet
  facet normal 0.896865 0 0.442305
    outer loop
      vertex -10.9119 108 17.7
      vertex -11.6409 85 19.1782
      vertex -10.9119 85 17.7
    endloop
  endfacet
  facet normal -0.946928 0 0.321447
    outer loop
      vertex 11.6409 85 19.1782
      vertex 12.1707 108 20.7389
      vertex 11.6409 108 19.1782
    endloop
  endfacet
  facet normal -0.946928 0 0.321447
    outer loop
      vertex 12.1707 108 20.7389
      vertex 11.6409 85 19.1782
      vertex 12.1707 85 20.7389
    endloop
  endfacet
  facet normal -0.831476 0 0.555561
    outer loop
      vertex 9.99625 85 16.3296
      vertex 10.9119 108 17.7
      vertex 9.99625 108 16.3296
    endloop
  endfacet
  facet normal -0.831476 0 0.555561
    outer loop
      vertex 10.9119 108 17.7
      vertex 9.99625 85 16.3296
      vertex 10.9119 85 17.7
    endloop
  endfacet
  facet normal -0.751825 0 0.659362
    outer loop
      vertex 8.90954 85 15.0905
      vertex 9.99625 108 16.3296
      vertex 8.90954 108 15.0905
    endloop
  endfacet
  facet normal -0.751825 0 0.659362
    outer loop
      vertex 9.99625 108 16.3296
      vertex 8.90954 85 15.0905
      vertex 9.99625 85 16.3296
    endloop
  endfacet
  facet normal -0.321449 0 0.946927
    outer loop
      vertex 3.26112 108 11.8293
      vertex 4.82181 85 12.3591
      vertex 4.82181 108 12.3591
    endloop
  endfacet
  facet normal -0.321449 0 0.946927
    outer loop
      vertex 4.82181 85 12.3591
      vertex 3.26112 108 11.8293
      vertex 3.26112 85 11.8293
    endloop
  endfacet
  facet normal -0.0654063 0 0.997859
    outer loop
      vertex 0 108 11.4
      vertex 1.64463 85 11.5078
      vertex 1.64463 108 11.5078
    endloop
  endfacet
  facet normal -0.0654063 0 0.997859
    outer loop
      vertex 1.64463 85 11.5078
      vertex 0 108 11.4
      vertex 0 85 11.4
    endloop
  endfacet
  facet normal 0.751825 -0 0.659362
    outer loop
      vertex -9.99625 85 16.3296
      vertex -8.90954 108 15.0905
      vertex -9.99625 108 16.3296
    endloop
  endfacet
  facet normal 0.751825 0 0.659362
    outer loop
      vertex -8.90954 108 15.0905
      vertex -9.99625 85 16.3296
      vertex -8.90954 85 15.0905
    endloop
  endfacet
  facet normal 0.659378 0 0.751811
    outer loop
      vertex -8.90954 108 15.0905
      vertex -7.67039 85 14.0037
      vertex -7.67039 108 14.0037
    endloop
  endfacet
  facet normal 0.659378 0 0.751811
    outer loop
      vertex -7.67039 85 14.0037
      vertex -8.90954 108 15.0905
      vertex -8.90954 85 15.0905
    endloop
  endfacet
  facet normal -0.997854 0 0.0654813
    outer loop
      vertex 12.4922 85 22.3554
      vertex 12.5345 108 23
      vertex 12.4922 108 22.3554
    endloop
  endfacet
  facet normal -0.997854 0 0.0654813
    outer loop
      vertex 12.5345 108 23
      vertex 12.4922 85 22.3554
      vertex 12.5345 85 23
    endloop
  endfacet
  facet normal -0.98079 0 0.195066
    outer loop
      vertex 12.1707 85 20.7389
      vertex 12.4922 108 22.3554
      vertex 12.1707 108 20.7389
    endloop
  endfacet
  facet normal -0.98079 0 0.195066
    outer loop
      vertex 12.4922 108 22.3554
      vertex 12.1707 85 20.7389
      vertex 12.4922 85 22.3554
    endloop
  endfacet
  facet normal -0.896865 0 0.442305
    outer loop
      vertex 10.9119 85 17.7
      vertex 11.6409 108 19.1782
      vertex 10.9119 108 17.7
    endloop
  endfacet
  facet normal -0.896865 0 0.442305
    outer loop
      vertex 11.6409 108 19.1782
      vertex 10.9119 85 17.7
      vertex 11.6409 85 19.1782
    endloop
  endfacet
  facet normal -0.659378 0 0.751811
    outer loop
      vertex 7.67039 108 14.0037
      vertex 8.90954 85 15.0905
      vertex 8.90954 108 15.0905
    endloop
  endfacet
  facet normal -0.659378 0 0.751811
    outer loop
      vertex 8.90954 85 15.0905
      vertex 7.67039 108 14.0037
      vertex 7.67039 85 14.0037
    endloop
  endfacet
  facet normal -0.195067 0 0.98079
    outer loop
      vertex 1.64463 108 11.5078
      vertex 3.26112 85 11.8293
      vertex 3.26112 108 11.8293
    endloop
  endfacet
  facet normal -0.195067 0 0.98079
    outer loop
      vertex 3.26112 85 11.8293
      vertex 1.64463 108 11.5078
      vertex 1.64463 85 11.5078
    endloop
  endfacet
  facet normal 0.997854 -0 0.0654813
    outer loop
      vertex -12.5345 85 23
      vertex -12.4922 108 22.3554
      vertex -12.5345 108 23
    endloop
  endfacet
  facet normal 0.997854 0 0.0654813
    outer loop
      vertex -12.4922 108 22.3554
      vertex -12.5345 85 23
      vertex -12.4922 85 22.3554
    endloop
  endfacet
  facet normal 0.98079 -0 0.195066
    outer loop
      vertex -12.4922 85 22.3554
      vertex -12.1707 108 20.7389
      vertex -12.4922 108 22.3554
    endloop
  endfacet
  facet normal 0.98079 0 0.195066
    outer loop
      vertex -12.1707 108 20.7389
      vertex -12.4922 85 22.3554
      vertex -12.1707 85 20.7389
    endloop
  endfacet
  facet normal 0.0654063 0 0.997859
    outer loop
      vertex -1.64463 108 11.5078
      vertex 0 85 11.4
      vertex 0 108 11.4
    endloop
  endfacet
  facet normal 0.0654063 0 0.997859
    outer loop
      vertex 0 85 11.4
      vertex -1.64463 108 11.5078
      vertex -1.64463 85 11.5078
    endloop
  endfacet
  facet normal 0.195067 0 0.98079
    outer loop
      vertex -3.26112 108 11.8293
      vertex -1.64463 85 11.5078
      vertex -1.64463 108 11.5078
    endloop
  endfacet
  facet normal 0.195067 0 0.98079
    outer loop
      vertex -1.64463 85 11.5078
      vertex -3.26112 108 11.8293
      vertex -3.26112 85 11.8293
    endloop
  endfacet
  facet normal 0.442307 0 0.896864
    outer loop
      vertex -6.3 108 13.0881
      vertex -4.82181 85 12.3591
      vertex -4.82181 108 12.3591
    endloop
  endfacet
  facet normal 0.442307 0 0.896864
    outer loop
      vertex -4.82181 85 12.3591
      vertex -6.3 108 13.0881
      vertex -6.3 85 13.0881
    endloop
  endfacet
  facet normal 0.555543 0 0.831488
    outer loop
      vertex -7.67039 108 14.0037
      vertex -6.3 85 13.0881
      vertex -6.3 108 13.0881
    endloop
  endfacet
  facet normal 0.555543 0 0.831488
    outer loop
      vertex -6.3 85 13.0881
      vertex -7.67039 108 14.0037
      vertex -7.67039 85 14.0037
    endloop
  endfacet
  facet normal -0.555543 0 0.831488
    outer loop
      vertex 6.3 108 13.0881
      vertex 7.67039 85 14.0037
      vertex 7.67039 108 14.0037
    endloop
  endfacet
  facet normal -0.555543 0 0.831488
    outer loop
      vertex 7.67039 85 14.0037
      vertex 6.3 108 13.0881
      vertex 6.3 85 13.0881
    endloop
  endfacet
  facet normal 0.831476 -0 0.555561
    outer loop
      vertex -10.9119 85 17.7
      vertex -9.99625 108 16.3296
      vertex -10.9119 108 17.7
    endloop
  endfacet
  facet normal 0.831476 0 0.555561
    outer loop
      vertex -9.99625 108 16.3296
      vertex -10.9119 85 17.7
      vertex -9.99625 85 16.3296
    endloop
  endfacet
  facet normal -0.555607 0 0.831445
    outer loop
      vertex 1.4 3.8 21.5751
      vertex 1.70453 1.3 21.7786
      vertex 1.70453 3.8 21.7786
    endloop
  endfacet
  facet normal -0.555607 0 0.831445
    outer loop
      vertex 1.70453 1.3 21.7786
      vertex 1.4 3.8 21.5751
      vertex 1.4 1.3 21.5751
    endloop
  endfacet
  facet normal 0.946924 -0 0.321457
    outer loop
      vertex -2.70459 1.3 23.2753
      vertex -2.58686 3.8 22.9285
      vertex -2.70459 3.8 23.2753
    endloop
  endfacet
  facet normal 0.946924 0 0.321457
    outer loop
      vertex -2.58686 3.8 22.9285
      vertex -2.70459 1.3 23.2753
      vertex -2.58686 1.3 22.9285
    endloop
  endfacet
  facet normal 0.32137 0 0.946954
    outer loop
      vertex -1.07151 3.8 21.4131
      vertex -0.724693 1.3 21.2954
      vertex -0.724693 3.8 21.2954
    endloop
  endfacet
  facet normal 0.32137 0 0.946954
    outer loop
      vertex -0.724693 1.3 21.2954
      vertex -1.07151 3.8 21.4131
      vertex -1.07151 1.3 21.4131
    endloop
  endfacet
  facet normal 0.896882 -0 0.442271
    outer loop
      vertex -2.58686 1.3 22.9285
      vertex -2.42487 3.8 22.6
      vertex -2.58686 3.8 22.9285
    endloop
  endfacet
  facet normal 0.896882 0 0.442271
    outer loop
      vertex -2.42487 3.8 22.6
      vertex -2.58686 1.3 22.9285
      vertex -2.42487 1.3 22.6
    endloop
  endfacet
  facet normal -0.896882 0 0.442271
    outer loop
      vertex 2.42487 1.3 22.6
      vertex 2.58686 3.8 22.9285
      vertex 2.42487 3.8 22.6
    endloop
  endfacet
  facet normal -0.896882 0 0.442271
    outer loop
      vertex 2.58686 3.8 22.9285
      vertex 2.42487 1.3 22.6
      vertex 2.58686 1.3 22.9285
    endloop
  endfacet
  facet normal -0.831445 0 0.555607
    outer loop
      vertex 2.22139 1.3 22.2955
      vertex 2.42487 3.8 22.6
      vertex 2.22139 3.8 22.2955
    endloop
  endfacet
  facet normal -0.831445 0 0.555607
    outer loop
      vertex 2.42487 3.8 22.6
      vertex 2.22139 1.3 22.2955
      vertex 2.42487 1.3 22.6
    endloop
  endfacet
  facet normal -0.442303 0 0.896866
    outer loop
      vertex 1.07151 3.8 21.4131
      vertex 1.4 1.3 21.5751
      vertex 1.4 3.8 21.5751
    endloop
  endfacet
  facet normal -0.442303 0 0.896866
    outer loop
      vertex 1.4 1.3 21.5751
      vertex 1.07151 3.8 21.4131
      vertex 1.07151 1.3 21.4131
    endloop
  endfacet
  facet normal -0.32137 0 0.946954
    outer loop
      vertex 0.724693 3.8 21.2954
      vertex 1.07151 1.3 21.4131
      vertex 1.07151 3.8 21.4131
    endloop
  endfacet
  facet normal -0.32137 0 0.946954
    outer loop
      vertex 1.07151 1.3 21.4131
      vertex 0.724693 3.8 21.2954
      vertex 0.724693 1.3 21.2954
    endloop
  endfacet
  facet normal -0.19495 0 0.980813
    outer loop
      vertex 0.365473 3.8 21.224
      vertex 0.724693 1.3 21.2954
      vertex 0.724693 3.8 21.2954
    endloop
  endfacet
  facet normal -0.19495 0 0.980813
    outer loop
      vertex 0.724693 1.3 21.2954
      vertex 0.365473 3.8 21.224
      vertex 0.365473 1.3 21.224
    endloop
  endfacet
  facet normal 0.980785 -0 0.195092
    outer loop
      vertex -2.77604 1.3 23.6345
      vertex -2.70459 3.8 23.2753
      vertex -2.77604 3.8 23.6345
    endloop
  endfacet
  facet normal 0.980785 0 0.195092
    outer loop
      vertex -2.70459 3.8 23.2753
      vertex -2.77604 1.3 23.6345
      vertex -2.70459 1.3 23.2753
    endloop
  endfacet
  facet normal 0.751879 -0 0.659301
    outer loop
      vertex -2.22139 1.3 22.2955
      vertex -1.9799 3.8 22.0201
      vertex -2.22139 3.8 22.2955
    endloop
  endfacet
  facet normal 0.751879 0 0.659301
    outer loop
      vertex -1.9799 3.8 22.0201
      vertex -2.22139 1.3 22.2955
      vertex -1.9799 1.3 22.0201
    endloop
  endfacet
  facet normal 0.19495 0 0.980813
    outer loop
      vertex -0.724693 3.8 21.2954
      vertex -0.365473 1.3 21.224
      vertex -0.365473 3.8 21.224
    endloop
  endfacet
  facet normal 0.19495 0 0.980813
    outer loop
      vertex -0.365473 1.3 21.224
      vertex -0.724693 3.8 21.2954
      vertex -0.724693 1.3 21.2954
    endloop
  endfacet
  facet normal 0.659357 0 0.75183
    outer loop
      vertex -1.9799 3.8 22.0201
      vertex -1.70453 1.3 21.7786
      vertex -1.70453 3.8 21.7786
    endloop
  endfacet
  facet normal 0.659357 0 0.75183
    outer loop
      vertex -1.70453 1.3 21.7786
      vertex -1.9799 3.8 22.0201
      vertex -1.9799 1.3 22.0201
    endloop
  endfacet
  facet normal -0.997858 0 0.0654136
    outer loop
      vertex 2.77604 1.3 23.6345
      vertex 2.8 3.8 24
      vertex 2.77604 3.8 23.6345
    endloop
  endfacet
  facet normal -0.997858 0 0.0654136
    outer loop
      vertex 2.8 3.8 24
      vertex 2.77604 1.3 23.6345
      vertex 2.8 1.3 24
    endloop
  endfacet
  facet normal -0.980785 0 0.195092
    outer loop
      vertex 2.70459 1.3 23.2753
      vertex 2.77604 3.8 23.6345
      vertex 2.70459 3.8 23.2753
    endloop
  endfacet
  facet normal -0.980785 0 0.195092
    outer loop
      vertex 2.77604 3.8 23.6345
      vertex 2.70459 1.3 23.2753
      vertex 2.77604 1.3 23.6345
    endloop
  endfacet
  facet normal -0.946924 0 0.321457
    outer loop
      vertex 2.58686 1.3 22.9285
      vertex 2.70459 3.8 23.2753
      vertex 2.58686 3.8 22.9285
    endloop
  endfacet
  facet normal -0.946924 0 0.321457
    outer loop
      vertex 2.70459 3.8 23.2753
      vertex 2.58686 1.3 22.9285
      vertex 2.70459 1.3 23.2753
    endloop
  endfacet
  facet normal -0.751879 0 0.659301
    outer loop
      vertex 1.9799 1.3 22.0201
      vertex 2.22139 3.8 22.2955
      vertex 1.9799 3.8 22.0201
    endloop
  endfacet
  facet normal -0.751879 0 0.659301
    outer loop
      vertex 2.22139 3.8 22.2955
      vertex 1.9799 1.3 22.0201
      vertex 2.22139 1.3 22.2955
    endloop
  endfacet
  facet normal -0.659357 0 0.75183
    outer loop
      vertex 1.70453 3.8 21.7786
      vertex 1.9799 1.3 22.0201
      vertex 1.9799 3.8 22.0201
    endloop
  endfacet
  facet normal -0.659357 0 0.75183
    outer loop
      vertex 1.9799 1.3 22.0201
      vertex 1.70453 3.8 21.7786
      vertex 1.70453 1.3 21.7786
    endloop
  endfacet
  facet normal -0.0655272 0 0.997851
    outer loop
      vertex 0 3.8 21.2
      vertex 0.365473 1.3 21.224
      vertex 0.365473 3.8 21.224
    endloop
  endfacet
  facet normal -0.0655272 0 0.997851
    outer loop
      vertex 0.365473 1.3 21.224
      vertex 0 3.8 21.2
      vertex 0 1.3 21.2
    endloop
  endfacet
  facet normal 0.997858 -0 0.0654136
    outer loop
      vertex -2.8 1.3 24
      vertex -2.77604 3.8 23.6345
      vertex -2.8 3.8 24
    endloop
  endfacet
  facet normal 0.997858 0 0.0654136
    outer loop
      vertex -2.77604 3.8 23.6345
      vertex -2.8 1.3 24
      vertex -2.77604 1.3 23.6345
    endloop
  endfacet
  facet normal 0.831445 -0 0.555607
    outer loop
      vertex -2.42487 1.3 22.6
      vertex -2.22139 3.8 22.2955
      vertex -2.42487 3.8 22.6
    endloop
  endfacet
  facet normal 0.831445 0 0.555607
    outer loop
      vertex -2.22139 3.8 22.2955
      vertex -2.42487 1.3 22.6
      vertex -2.22139 1.3 22.2955
    endloop
  endfacet
  facet normal 0.0655272 0 0.997851
    outer loop
      vertex -0.365473 3.8 21.224
      vertex 0 1.3 21.2
      vertex 0 3.8 21.2
    endloop
  endfacet
  facet normal 0.0655272 0 0.997851
    outer loop
      vertex 0 1.3 21.2
      vertex -0.365473 3.8 21.224
      vertex -0.365473 1.3 21.224
    endloop
  endfacet
  facet normal 0.555607 0 0.831445
    outer loop
      vertex -1.70453 3.8 21.7786
      vertex -1.4 1.3 21.5751
      vertex -1.4 3.8 21.5751
    endloop
  endfacet
  facet normal 0.555607 0 0.831445
    outer loop
      vertex -1.4 1.3 21.5751
      vertex -1.70453 3.8 21.7786
      vertex -1.70453 1.3 21.7786
    endloop
  endfacet
  facet normal 0.442303 0 0.896866
    outer loop
      vertex -1.4 3.8 21.5751
      vertex -1.07151 1.3 21.4131
      vertex -1.07151 3.8 21.4131
    endloop
  endfacet
  facet normal 0.442303 0 0.896866
    outer loop
      vertex -1.07151 1.3 21.4131
      vertex -1.4 3.8 21.5751
      vertex -1.4 1.3 21.5751
    endloop
  endfacet
  facet normal 0 1 -0
    outer loop
      vertex 2.77604 1.3 23.6345
      vertex -2.8 1.3 24
      vertex 2.8 1.3 24
    endloop
  endfacet
  facet normal 0 1 0
    outer loop
      vertex 2.77604 1.3 23.6345
      vertex -2.77604 1.3 23.6345
      vertex -2.8 1.3 24
    endloop
  endfacet
  facet normal 0 1 -0
    outer loop
      vertex 2.70459 1.3 23.2753
      vertex -2.77604 1.3 23.6345
      vertex 2.77604 1.3 23.6345
    endloop
  endfacet
  facet normal 0 1 0
    outer loop
      vertex 2.70459 1.3 23.2753
      vertex -2.70459 1.3 23.2753
      vertex -2.77604 1.3 23.6345
    endloop
  endfacet
  facet normal 0 1 -0
    outer loop
      vertex 2.58686 1.3 22.9285
      vertex -2.70459 1.3 23.2753
      vertex 2.70459 1.3 23.2753
    endloop
  endfacet
  facet normal 0 1 0
    outer loop
      vertex 2.58686 1.3 22.9285
      vertex -2.58686 1.3 22.9285
      vertex -2.70459 1.3 23.2753
    endloop
  endfacet
  facet normal 0 1 -0
    outer loop
      vertex 2.42487 1.3 22.6
      vertex -2.58686 1.3 22.9285
      vertex 2.58686 1.3 22.9285
    endloop
  endfacet
  facet normal 0 1 0
    outer loop
      vertex 2.42487 1.3 22.6
      vertex -2.42487 1.3 22.6
      vertex -2.58686 1.3 22.9285
    endloop
  endfacet
  facet normal 0 1 -0
    outer loop
      vertex 2.22139 1.3 22.2955
      vertex -2.42487 1.3 22.6
      vertex 2.42487 1.3 22.6
    endloop
  endfacet
  facet normal 0 1 0
    outer loop
      vertex 2.22139 1.3 22.2955
      vertex -2.22139 1.3 22.2955
      vertex -2.42487 1.3 22.6
    endloop
  endfacet
  facet normal 0 1 -0
    outer loop
      vertex 1.9799 1.3 22.0201
      vertex -2.22139 1.3 22.2955
      vertex 2.22139 1.3 22.2955
    endloop
  endfacet
  facet normal 0 1 0
    outer loop
      vertex 1.9799 1.3 22.0201
      vertex -1.9799 1.3 22.0201
      vertex -2.22139 1.3 22.2955
    endloop
  endfacet
  facet normal 0 1 -0
    outer loop
      vertex 1.70453 1.3 21.7786
      vertex -1.9799 1.3 22.0201
      vertex 1.9799 1.3 22.0201
    endloop
  endfacet
  facet normal 0 1 0
    outer loop
      vertex 1.70453 1.3 21.7786
      vertex -1.70453 1.3 21.7786
      vertex -1.9799 1.3 22.0201
    endloop
  endfacet
  facet normal 0 1 -0
    outer loop
      vertex 1.4 1.3 21.5751
      vertex -1.70453 1.3 21.7786
      vertex 1.70453 1.3 21.7786
    endloop
  endfacet
  facet normal 0 1 0
    outer loop
      vertex 1.4 1.3 21.5751
      vertex -1.4 1.3 21.5751
      vertex -1.70453 1.3 21.7786
    endloop
  endfacet
  facet normal 0 1 -0
    outer loop
      vertex 1.07151 1.3 21.4131
      vertex -1.4 1.3 21.5751
      vertex 1.4 1.3 21.5751
    endloop
  endfacet
  facet normal 0 1 0
    outer loop
      vertex 1.07151 1.3 21.4131
      vertex -1.07151 1.3 21.4131
      vertex -1.4 1.3 21.5751
    endloop
  endfacet
  facet normal 0 1 -0
    outer loop
      vertex 0.724693 1.3 21.2954
      vertex -1.07151 1.3 21.4131
      vertex 1.07151 1.3 21.4131
    endloop
  endfacet
  facet normal 0 1 0
    outer loop
      vertex 0.724693 1.3 21.2954
      vertex -0.724693 1.3 21.2954
      vertex -1.07151 1.3 21.4131
    endloop
  endfacet
  facet normal 0 1 -0
    outer loop
      vertex 0.365473 1.3 21.224
      vertex -0.724693 1.3 21.2954
      vertex 0.724693 1.3 21.2954
    endloop
  endfacet
  facet normal 0 1 0
    outer loop
      vertex 0.365473 1.3 21.224
      vertex -0.365473 1.3 21.224
      vertex -0.724693 1.3 21.2954
    endloop
  endfacet
  facet normal -0 1 0
    outer loop
      vertex -0.365473 1.3 21.224
      vertex 0.365473 1.3 21.224
      vertex 0 1.3 21.2
    endloop
  endfacet
  facet normal 1 -0 0
    outer loop
      vertex -6.5 3.8 19.3591
      vertex -6.5 15.8 0
      vertex -6.5 15.8 19.3591
    endloop
  endfacet
  facet normal 1 0 0
    outer loop
      vertex -6.5 15.8 0
      vertex -6.5 3.8 19.3591
      vertex -6.5 3.8 0
    endloop
  endfacet
  facet normal -1 0 0
    outer loop
      vertex 6.5 3.8 0
      vertex 6.5 15.8 19.3591
      vertex 6.5 15.8 0
    endloop
  endfacet
  facet normal -1 -0 0
    outer loop
      vertex 6.5 15.8 19.3591
      vertex 6.5 3.8 0
      vertex 6.5 3.8 19.3591
    endloop
  endfacet
  facet normal 0 -1 -0
    outer loop
      vertex -1.04421 15.8 16.0684
      vertex -6.5 15.8 0
      vertex 0 15.8 16
    endloop
  endfacet
  facet normal 0 -1 -0
    outer loop
      vertex -2.07055 15.8 16.2726
      vertex -6.5 15.8 0
      vertex -1.04421 15.8 16.0684
    endloop
  endfacet
  facet normal 0 -1 -0
    outer loop
      vertex -3.06147 15.8 16.609
      vertex -6.5 15.8 0
      vertex -2.07055 15.8 16.2726
    endloop
  endfacet
  facet normal 0 -1 -0
    outer loop
      vertex -4 15.8 17.0718
      vertex -6.5 15.8 0
      vertex -3.06147 15.8 16.609
    endloop
  endfacet
  facet normal 0 -1 -0
    outer loop
      vertex -4.87009 15.8 17.6532
      vertex -6.5 15.8 0
      vertex -4 15.8 17.0718
    endloop
  endfacet
  facet normal 0 -1 -0
    outer loop
      vertex -5.65685 15.8 18.3431
      vertex -6.5 15.8 0
      vertex -4.87009 15.8 17.6532
    endloop
  endfacet
  facet normal 0 -1 -0
    outer loop
      vertex -6.34683 15.8 19.1299
      vertex -6.5 15.8 0
      vertex -5.65685 15.8 18.3431
    endloop
  endfacet
  facet normal 0 -1 0
    outer loop
      vertex -6.5 15.8 0
      vertex -6.34683 15.8 19.1299
      vertex -6.5 15.8 19.3591
    endloop
  endfacet
  facet normal 0 -1 0
    outer loop
      vertex 6.5 15.8 0
      vertex 0 15.8 16
      vertex -6.5 15.8 0
    endloop
  endfacet
  facet normal 0 -1 0
    outer loop
      vertex 0 15.8 16
      vertex 6.5 15.8 0
      vertex 1.04421 15.8 16.0684
    endloop
  endfacet
  facet normal 0 -1 0
    outer loop
      vertex 1.04421 15.8 16.0684
      vertex 6.5 15.8 0
      vertex 2.07055 15.8 16.2726
    endloop
  endfacet
  facet normal 0 -1 0
    outer loop
      vertex 2.07055 15.8 16.2726
      vertex 6.5 15.8 0
      vertex 3.06147 15.8 16.609
    endloop
  endfacet
  facet normal 0 -1 0
    outer loop
      vertex 3.06147 15.8 16.609
      vertex 6.5 15.8 0
      vertex 4 15.8 17.0718
    endloop
  endfacet
  facet normal 0 -1 0
    outer loop
      vertex 4 15.8 17.0718
      vertex 6.5 15.8 0
      vertex 4.87009 15.8 17.6532
    endloop
  endfacet
  facet normal 0 -1 0
    outer loop
      vertex 4.87009 15.8 17.6532
      vertex 6.5 15.8 0
      vertex 5.65685 15.8 18.3431
    endloop
  endfacet
  facet normal 0 -1 0
    outer loop
      vertex 6.34683 15.8 19.1299
      vertex 6.5 15.8 0
      vertex 6.5 15.8 19.3591
    endloop
  endfacet
  facet normal 0 -1 0
    outer loop
      vertex 5.65685 15.8 18.3431
      vertex 6.5 15.8 0
      vertex 6.34683 15.8 19.1299
    endloop
  endfacet
  facet normal -0.707107 -0.707107 0
    outer loop
      vertex -28.1515 16 0
      vertex -31 18.8485 4
      vertex -31 18.8485 0
    endloop
  endfacet
  facet normal -0.707107 -0.707107 0
    outer loop
      vertex -31 18.8485 4
      vertex -28.1515 16 0
      vertex -28.1515 16 4
    endloop
  endfacet
  facet normal 0.707107 -0.707107 0
    outer loop
      vertex 28.1515 16 4
      vertex 31 18.8485 0
      vertex 31 18.8485 4
    endloop
  endfacet
  facet normal 0.707107 -0.707107 0
    outer loop
      vertex 31 18.8485 0
      vertex 28.1515 16 4
      vertex 28.1515 16 0
    endloop
  endfacet
endsolid OpenSCAD_Model
