solid OpenSCAD_Model
  facet normal -1 0 0
    outer loop
      vertex -154 -10.35 0
      vertex -154 10.35 12
      vertex -154 10.35 0
    endloop
  endfacet
  facet normal -1 -0 0
    outer loop
      vertex -154 10.35 12
      vertex -154 -10.35 0
      vertex -154 -10.35 12
    endloop
  endfacet
  facet normal 0 0 1
    outer loop
      vertex -126 10.35 12
      vertex -127.25 0 12
      vertex -126 -10.35 12
    endloop
  endfacet
  facet normal 0 0 1
    outer loop
      vertex -126 10.35 12
      vertex -127.274 0.358947 12
      vertex -127.25 0 12
    endloop
  endfacet
  facet normal 0 0 1
    outer loop
      vertex -126 10.35 12
      vertex -127.344 0.711752 12
      vertex -127.274 0.358947 12
    endloop
  endfacet
  facet normal 0 0 1
    outer loop
      vertex -126 10.35 12
      vertex -127.459 1.05238 12
      vertex -127.344 0.711752 12
    endloop
  endfacet
  facet normal 0 0 1
    outer loop
      vertex -126 10.35 12
      vertex -127.618 1.375 12
      vertex -127.459 1.05238 12
    endloop
  endfacet
  facet normal 0 0 1
    outer loop
      vertex -126 10.35 12
      vertex -127.818 1.67409 12
      vertex -127.618 1.375 12
    endloop
  endfacet
  facet normal 0 0 1
    outer loop
      vertex -126 10.35 12
      vertex -128.055 1.94454 12
      vertex -127.818 1.67409 12
    endloop
  endfacet
  facet normal 0 0 1
    outer loop
      vertex -126 10.35 12
      vertex -128.326 2.18172 12
      vertex -128.055 1.94454 12
    endloop
  endfacet
  facet normal 0 0 1
    outer loop
      vertex -126 10.35 12
      vertex -128.625 2.38157 12
      vertex -128.326 2.18172 12
    endloop
  endfacet
  facet normal 0 0 1
    outer loop
      vertex -126 10.35 12
      vertex -128.948 2.54067 12
      vertex -128.625 2.38157 12
    endloop
  endfacet
  facet normal 0 0 1
    outer loop
      vertex -126 10.35 12
      vertex -129.288 2.6563 12
      vertex -128.948 2.54067 12
    endloop
  endfacet
  facet normal 0 0 1
    outer loop
      vertex -126 10.35 12
      vertex -129.641 2.72647 12
      vertex -129.288 2.6563 12
    endloop
  endfacet
  facet normal 0 0 1
    outer loop
      vertex -126 10.35 12
      vertex -130 2.75 12
      vertex -129.641 2.72647 12
    endloop
  endfacet
  facet normal 0 0 1
    outer loop
      vertex -126 10.35 12
      vertex -130.359 2.72647 12
      vertex -130 2.75 12
    endloop
  endfacet
  facet normal 0 0 1
    outer loop
      vertex -126 10.35 12
      vertex -130.712 2.6563 12
      vertex -130.359 2.72647 12
    endloop
  endfacet
  facet normal 0 0 1
    outer loop
      vertex -126 10.35 12
      vertex -131.052 2.54067 12
      vertex -130.712 2.6563 12
    endloop
  endfacet
  facet normal 0 0 1
    outer loop
      vertex -126 10.35 12
      vertex -131.375 2.38157 12
      vertex -131.052 2.54067 12
    endloop
  endfacet
  facet normal 0 0 1
    outer loop
      vertex -143.625 2.38157 12
      vertex -131.375 2.38157 12
      vertex -126 10.35 12
    endloop
  endfacet
  facet normal 0 0 1
    outer loop
      vertex -131.375 2.38157 12
      vertex -143.625 2.38157 12
      vertex -131.674 2.18172 12
    endloop
  endfacet
  facet normal 0 -0 1
    outer loop
      vertex -143.326 2.18172 12
      vertex -131.674 2.18172 12
      vertex -143.625 2.38157 12
    endloop
  endfacet
  facet normal 0 0 1
    outer loop
      vertex -132.726 0.358947 12
      vertex -142.25 0 12
      vertex -132.75 0 12
    endloop
  endfacet
  facet normal 0 0 1
    outer loop
      vertex -142.274 0.358947 12
      vertex -132.726 0.358947 12
      vertex -132.656 0.711752 12
    endloop
  endfacet
  facet normal 0 0 1
    outer loop
      vertex -142.344 0.711752 12
      vertex -132.656 0.711752 12
      vertex -132.541 1.05238 12
    endloop
  endfacet
  facet normal 0 0 1
    outer loop
      vertex -142.459 1.05238 12
      vertex -132.541 1.05238 12
      vertex -132.382 1.375 12
    endloop
  endfacet
  facet normal 0 0 1
    outer loop
      vertex -142.618 1.375 12
      vertex -132.382 1.375 12
      vertex -132.182 1.67409 12
    endloop
  endfacet
  facet normal 0 0 1
    outer loop
      vertex -131.674 2.18172 12
      vertex -143.326 2.18172 12
      vertex -131.945 1.94454 12
    endloop
  endfacet
  facet normal 0 0 1
    outer loop
      vertex -132.726 0.358947 12
      vertex -142.274 0.358947 12
      vertex -142.25 0 12
    endloop
  endfacet
  facet normal 0 0 1
    outer loop
      vertex -132.656 0.711752 12
      vertex -142.344 0.711752 12
      vertex -142.274 0.358947 12
    endloop
  endfacet
  facet normal 0 0 1
    outer loop
      vertex -132.541 1.05238 12
      vertex -142.459 1.05238 12
      vertex -142.344 0.711752 12
    endloop
  endfacet
  facet normal 0 0 1
    outer loop
      vertex -132.382 1.375 12
      vertex -142.618 1.375 12
      vertex -142.459 1.05238 12
    endloop
  endfacet
  facet normal 0 0 1
    outer loop
      vertex -132.182 1.67409 12
      vertex -142.818 1.67409 12
      vertex -142.618 1.375 12
    endloop
  endfacet
  facet normal 0 0 1
    outer loop
      vertex -132.182 1.67409 12
      vertex -143.055 1.94454 12
      vertex -142.818 1.67409 12
    endloop
  endfacet
  facet normal 0 0 1
    outer loop
      vertex -131.945 1.94454 12
      vertex -143.055 1.94454 12
      vertex -132.182 1.67409 12
    endloop
  endfacet
  facet normal 0 -0 1
    outer loop
      vertex -143.055 1.94454 12
      vertex -131.945 1.94454 12
      vertex -143.326 2.18172 12
    endloop
  endfacet
  facet normal 0 0 1
    outer loop
      vertex -126 10.35 12
      vertex -143.948 2.54067 12
      vertex -143.625 2.38157 12
    endloop
  endfacet
  facet normal 0 0 1
    outer loop
      vertex -126 10.35 12
      vertex -144.288 2.6563 12
      vertex -143.948 2.54067 12
    endloop
  endfacet
  facet normal -0 0 1
    outer loop
      vertex -154 10.35 12
      vertex -144.288 2.6563 12
      vertex -126 10.35 12
    endloop
  endfacet
  facet normal 0 0 1
    outer loop
      vertex -144.288 2.6563 12
      vertex -154 10.35 12
      vertex -144.641 2.72647 12
    endloop
  endfacet
  facet normal 0 0 1
    outer loop
      vertex -144.641 2.72647 12
      vertex -154 10.35 12
      vertex -145 2.75 12
    endloop
  endfacet
  facet normal 0 0 1
    outer loop
      vertex -145 2.75 12
      vertex -154 10.35 12
      vertex -145.359 2.72647 12
    endloop
  endfacet
  facet normal 0 0 1
    outer loop
      vertex -145.359 2.72647 12
      vertex -154 10.35 12
      vertex -145.712 2.6563 12
    endloop
  endfacet
  facet normal 0 0 1
    outer loop
      vertex -147.726 0.358947 12
      vertex -154 10.35 12
      vertex -147.75 0 12
    endloop
  endfacet
  facet normal 0 0 1
    outer loop
      vertex -147.656 0.711752 12
      vertex -154 10.35 12
      vertex -147.726 0.358947 12
    endloop
  endfacet
  facet normal 0 0 1
    outer loop
      vertex -147.541 1.05238 12
      vertex -154 10.35 12
      vertex -147.656 0.711752 12
    endloop
  endfacet
  facet normal 0 0 1
    outer loop
      vertex -147.382 1.375 12
      vertex -154 10.35 12
      vertex -147.541 1.05238 12
    endloop
  endfacet
  facet normal 0 0 1
    outer loop
      vertex -147.182 1.67409 12
      vertex -154 10.35 12
      vertex -147.382 1.375 12
    endloop
  endfacet
  facet normal 0 0 1
    outer loop
      vertex -146.945 1.94454 12
      vertex -154 10.35 12
      vertex -147.182 1.67409 12
    endloop
  endfacet
  facet normal 0 0 1
    outer loop
      vertex -146.674 2.18172 12
      vertex -154 10.35 12
      vertex -146.945 1.94454 12
    endloop
  endfacet
  facet normal 0 0 1
    outer loop
      vertex -146.375 2.38157 12
      vertex -154 10.35 12
      vertex -146.674 2.18172 12
    endloop
  endfacet
  facet normal 0 0 1
    outer loop
      vertex -146.052 2.54067 12
      vertex -154 10.35 12
      vertex -146.375 2.38157 12
    endloop
  endfacet
  facet normal 0 0 1
    outer loop
      vertex -145.712 2.6563 12
      vertex -154 10.35 12
      vertex -146.052 2.54067 12
    endloop
  endfacet
  facet normal -0 0 1
    outer loop
      vertex -127.274 -0.358947 12
      vertex -126 -10.35 12
      vertex -127.25 0 12
    endloop
  endfacet
  facet normal -0 0 1
    outer loop
      vertex -127.344 -0.711752 12
      vertex -126 -10.35 12
      vertex -127.274 -0.358947 12
    endloop
  endfacet
  facet normal -0 0 1
    outer loop
      vertex -127.459 -1.05238 12
      vertex -126 -10.35 12
      vertex -127.344 -0.711752 12
    endloop
  endfacet
  facet normal -0 0 1
    outer loop
      vertex -127.618 -1.375 12
      vertex -126 -10.35 12
      vertex -127.459 -1.05238 12
    endloop
  endfacet
  facet normal -0 0 1
    outer loop
      vertex -127.818 -1.67409 12
      vertex -126 -10.35 12
      vertex -127.618 -1.375 12
    endloop
  endfacet
  facet normal -0 0 1
    outer loop
      vertex -128.055 -1.94454 12
      vertex -126 -10.35 12
      vertex -127.818 -1.67409 12
    endloop
  endfacet
  facet normal -0 0 1
    outer loop
      vertex -128.326 -2.18172 12
      vertex -126 -10.35 12
      vertex -128.055 -1.94454 12
    endloop
  endfacet
  facet normal -0 0 1
    outer loop
      vertex -128.625 -2.38157 12
      vertex -126 -10.35 12
      vertex -128.326 -2.18172 12
    endloop
  endfacet
  facet normal -0 0 1
    outer loop
      vertex -128.948 -2.54067 12
      vertex -126 -10.35 12
      vertex -128.625 -2.38157 12
    endloop
  endfacet
  facet normal -0 0 1
    outer loop
      vertex -129.288 -2.6563 12
      vertex -126 -10.35 12
      vertex -128.948 -2.54067 12
    endloop
  endfacet
  facet normal -0 0 1
    outer loop
      vertex -129.641 -2.72647 12
      vertex -126 -10.35 12
      vertex -129.288 -2.6563 12
    endloop
  endfacet
  facet normal -0 0 1
    outer loop
      vertex -130 -2.75 12
      vertex -126 -10.35 12
      vertex -129.641 -2.72647 12
    endloop
  endfacet
  facet normal 0 0 1
    outer loop
      vertex -130.359 -2.72647 12
      vertex -126 -10.35 12
      vertex -130 -2.75 12
    endloop
  endfacet
  facet normal 0 0 1
    outer loop
      vertex -130.712 -2.6563 12
      vertex -126 -10.35 12
      vertex -130.359 -2.72647 12
    endloop
  endfacet
  facet normal 0 0 1
    outer loop
      vertex -131.052 -2.54067 12
      vertex -126 -10.35 12
      vertex -130.712 -2.6563 12
    endloop
  endfacet
  facet normal 0 0 1
    outer loop
      vertex -131.375 -2.38157 12
      vertex -126 -10.35 12
      vertex -131.052 -2.54067 12
    endloop
  endfacet
  facet normal 0 0 1
    outer loop
      vertex -143.625 -2.38157 12
      vertex -131.375 -2.38157 12
      vertex -131.674 -2.18172 12
    endloop
  endfacet
  facet normal 0 0 1
    outer loop
      vertex -143.326 -2.18172 12
      vertex -131.674 -2.18172 12
      vertex -131.945 -1.94454 12
    endloop
  endfacet
  facet normal 0 0 1
    outer loop
      vertex -143.055 -1.94454 12
      vertex -131.945 -1.94454 12
      vertex -132.182 -1.67409 12
    endloop
  endfacet
  facet normal -0 0 1
    outer loop
      vertex -142.25 0 12
      vertex -132.726 -0.358947 12
      vertex -132.75 0 12
    endloop
  endfacet
  facet normal 0 0 1
    outer loop
      vertex -142.274 -0.358947 12
      vertex -132.726 -0.358947 12
      vertex -142.25 0 12
    endloop
  endfacet
  facet normal 0 0 1
    outer loop
      vertex -132.726 -0.358947 12
      vertex -142.274 -0.358947 12
      vertex -132.656 -0.711752 12
    endloop
  endfacet
  facet normal 0 0 1
    outer loop
      vertex -142.344 -0.711752 12
      vertex -132.656 -0.711752 12
      vertex -142.274 -0.358947 12
    endloop
  endfacet
  facet normal 0 0 1
    outer loop
      vertex -132.656 -0.711752 12
      vertex -142.344 -0.711752 12
      vertex -132.541 -1.05238 12
    endloop
  endfacet
  facet normal 0 0 1
    outer loop
      vertex -142.459 -1.05238 12
      vertex -132.541 -1.05238 12
      vertex -142.344 -0.711752 12
    endloop
  endfacet
  facet normal 0 0 1
    outer loop
      vertex -132.541 -1.05238 12
      vertex -142.459 -1.05238 12
      vertex -132.382 -1.375 12
    endloop
  endfacet
  facet normal 0 0 1
    outer loop
      vertex -142.618 -1.375 12
      vertex -132.382 -1.375 12
      vertex -142.459 -1.05238 12
    endloop
  endfacet
  facet normal 0 0 1
    outer loop
      vertex -132.382 -1.375 12
      vertex -142.618 -1.375 12
      vertex -132.182 -1.67409 12
    endloop
  endfacet
  facet normal 0 0 1
    outer loop
      vertex -142.818 -1.67409 12
      vertex -132.182 -1.67409 12
      vertex -142.618 -1.375 12
    endloop
  endfacet
  facet normal 0 0 1
    outer loop
      vertex -143.055 -1.94454 12
      vertex -132.182 -1.67409 12
      vertex -142.818 -1.67409 12
    endloop
  endfacet
  facet normal 0 0 1
    outer loop
      vertex -131.945 -1.94454 12
      vertex -143.055 -1.94454 12
      vertex -143.326 -2.18172 12
    endloop
  endfacet
  facet normal 0 0 1
    outer loop
      vertex -131.674 -2.18172 12
      vertex -143.326 -2.18172 12
      vertex -143.625 -2.38157 12
    endloop
  endfacet
  facet normal 0 0 1
    outer loop
      vertex -131.375 -2.38157 12
      vertex -143.625 -2.38157 12
      vertex -126 -10.35 12
    endloop
  endfacet
  facet normal -0 0 1
    outer loop
      vertex -143.948 -2.54067 12
      vertex -126 -10.35 12
      vertex -143.625 -2.38157 12
    endloop
  endfacet
  facet normal -0 0 1
    outer loop
      vertex -144.288 -2.6563 12
      vertex -126 -10.35 12
      vertex -143.948 -2.54067 12
    endloop
  endfacet
  facet normal 0 0 1
    outer loop
      vertex -154 -10.35 12
      vertex -144.288 -2.6563 12
      vertex -144.641 -2.72647 12
    endloop
  endfacet
  facet normal 0 0 1
    outer loop
      vertex -154 -10.35 12
      vertex -144.641 -2.72647 12
      vertex -145 -2.75 12
    endloop
  endfacet
  facet normal 0 0 1
    outer loop
      vertex -154 -10.35 12
      vertex -145 -2.75 12
      vertex -145.359 -2.72647 12
    endloop
  endfacet
  facet normal 0 0 1
    outer loop
      vertex -154 -10.35 12
      vertex -145.359 -2.72647 12
      vertex -145.712 -2.6563 12
    endloop
  endfacet
  facet normal 0 0 1
    outer loop
      vertex -154 -10.35 12
      vertex -145.712 -2.6563 12
      vertex -146.052 -2.54067 12
    endloop
  endfacet
  facet normal 0 0 1
    outer loop
      vertex -154 -10.35 12
      vertex -147.75 0 12
      vertex -154 10.35 12
    endloop
  endfacet
  facet normal 0 0 1
    outer loop
      vertex -147.75 0 12
      vertex -154 -10.35 12
      vertex -147.726 -0.358947 12
    endloop
  endfacet
  facet normal 0 0 1
    outer loop
      vertex -147.726 -0.358947 12
      vertex -154 -10.35 12
      vertex -147.656 -0.711752 12
    endloop
  endfacet
  facet normal 0 0 1
    outer loop
      vertex -147.656 -0.711752 12
      vertex -154 -10.35 12
      vertex -147.541 -1.05238 12
    endloop
  endfacet
  facet normal 0 0 1
    outer loop
      vertex -144.288 -2.6563 12
      vertex -154 -10.35 12
      vertex -126 -10.35 12
    endloop
  endfacet
  facet normal 0 0 1
    outer loop
      vertex -146.375 -2.38157 12
      vertex -154 -10.35 12
      vertex -146.052 -2.54067 12
    endloop
  endfacet
  facet normal 0 0 1
    outer loop
      vertex -146.674 -2.18172 12
      vertex -154 -10.35 12
      vertex -146.375 -2.38157 12
    endloop
  endfacet
  facet normal 0 0 1
    outer loop
      vertex -146.945 -1.94454 12
      vertex -154 -10.35 12
      vertex -146.674 -2.18172 12
    endloop
  endfacet
  facet normal 0 0 1
    outer loop
      vertex -147.182 -1.67409 12
      vertex -154 -10.35 12
      vertex -146.945 -1.94454 12
    endloop
  endfacet
  facet normal 0 0 1
    outer loop
      vertex -147.382 -1.375 12
      vertex -154 -10.35 12
      vertex -147.182 -1.67409 12
    endloop
  endfacet
  facet normal 0 0 1
    outer loop
      vertex -147.541 -1.05238 12
      vertex -154 -10.35 12
      vertex -147.382 -1.375 12
    endloop
  endfacet
  facet normal 1 0 0
    outer loop
      vertex -126 10.35 12
      vertex -126 8 6
      vertex -126 10.35 0
    endloop
  endfacet
  facet normal 1 0 0
    outer loop
      vertex -126 10.35 12
      vertex -126 -8 6
      vertex -126 8 6
    endloop
  endfacet
  facet normal 1 -0 0
    outer loop
      vertex -126 -10.35 12
      vertex -126 -8 6
      vertex -126 10.35 12
    endloop
  endfacet
  facet normal 1 0 0
    outer loop
      vertex -126 -10.35 0
      vertex -126 -8 6
      vertex -126 -10.35 12
    endloop
  endfacet
  facet normal 1 0 0
    outer loop
      vertex -126 -8 6
      vertex -126 -10.35 0
      vertex -126 -8 0
    endloop
  endfacet
  facet normal 1 0 0
    outer loop
      vertex -126 10.35 0
      vertex -126 8 6
      vertex -126 8 0
    endloop
  endfacet
  facet normal 0 1 0
    outer loop
      vertex -146 10.35 6
      vertex -126 10.35 12
      vertex -130 10.35 6
    endloop
  endfacet
  facet normal 0 1 -0
    outer loop
      vertex -126 10.35 0
      vertex -130 10.35 6
      vertex -126 10.35 12
    endloop
  endfacet
  facet normal 0 1 0
    outer loop
      vertex -130 10.35 6
      vertex -126 10.35 0
      vertex -130 10.35 0
    endloop
  endfacet
  facet normal 0 1 0
    outer loop
      vertex -126 10.35 12
      vertex -146 10.35 6
      vertex -154 10.35 12
    endloop
  endfacet
  facet normal 0 1 0
    outer loop
      vertex -154 10.35 0
      vertex -146 10.35 6
      vertex -146 10.35 0
    endloop
  endfacet
  facet normal 0 1 0
    outer loop
      vertex -146 10.35 6
      vertex -154 10.35 0
      vertex -154 10.35 12
    endloop
  endfacet
  facet normal 0 0 -1
    outer loop
      vertex -146.191 4.44326 0
      vertex -146 10.35 0
      vertex -145.6 4.56065 0
    endloop
  endfacet
  facet normal 0 0 -1
    outer loop
      vertex -146.76 4.24985 0
      vertex -146 10.35 0
      vertex -146.191 4.44326 0
    endloop
  endfacet
  facet normal 0 0 -1
    outer loop
      vertex -147.3 3.98372 0
      vertex -146 10.35 0
      vertex -146.76 4.24985 0
    endloop
  endfacet
  facet normal 0 0 -1
    outer loop
      vertex -154 10.35 0
      vertex -147.3 3.98372 0
      vertex -147.8 3.64942 0
    endloop
  endfacet
  facet normal 0 0 -1
    outer loop
      vertex -154 10.35 0
      vertex -147.8 3.64942 0
      vertex -148.253 3.25269 0
    endloop
  endfacet
  facet normal 0 0 -1
    outer loop
      vertex -154 10.35 0
      vertex -148.253 3.25269 0
      vertex -148.649 2.8003 0
    endloop
  endfacet
  facet normal 0 0 -1
    outer loop
      vertex -154 10.35 0
      vertex -148.649 2.8003 0
      vertex -148.984 2.3 0
    endloop
  endfacet
  facet normal 0 0 -1
    outer loop
      vertex -154 10.35 0
      vertex -148.984 2.3 0
      vertex -149.25 1.76034 0
    endloop
  endfacet
  facet normal 0 0 -1
    outer loop
      vertex -154 10.35 0
      vertex -149.6 0 0
      vertex -154 -10.35 0
    endloop
  endfacet
  facet normal 0 0 -1
    outer loop
      vertex -149.6 0 0
      vertex -154 10.35 0
      vertex -149.561 0.60042 0
    endloop
  endfacet
  facet normal 0 0 -1
    outer loop
      vertex -149.561 0.60042 0
      vertex -154 10.35 0
      vertex -149.443 1.19057 0
    endloop
  endfacet
  facet normal 0 0 -1
    outer loop
      vertex -149.443 1.19057 0
      vertex -154 10.35 0
      vertex -149.25 1.76034 0
    endloop
  endfacet
  facet normal 0 0 -1
    outer loop
      vertex -147.3 3.98372 0
      vertex -154 10.35 0
      vertex -146 10.35 0
    endloop
  endfacet
  facet normal 0 0 -1
    outer loop
      vertex -146 -10.35 0
      vertex -130 -10.35 0
      vertex -130 -26 0
    endloop
  endfacet
  facet normal 0 0 -1
    outer loop
      vertex -130 -10.35 0
      vertex -130.6 -4.56065 0
      vertex -130 -4.6 0
    endloop
  endfacet
  facet normal 0 0 -1
    outer loop
      vertex -130 -10.35 0
      vertex -131.191 -4.44326 0
      vertex -130.6 -4.56065 0
    endloop
  endfacet
  facet normal 0 0 -1
    outer loop
      vertex -130 -10.35 0
      vertex -131.76 -4.24985 0
      vertex -131.191 -4.44326 0
    endloop
  endfacet
  facet normal 0 -0 -1
    outer loop
      vertex -142.2 -3.64942 0
      vertex -130 -10.35 0
      vertex -146 -10.35 0
    endloop
  endfacet
  facet normal 0 0 -1
    outer loop
      vertex -130 -10.35 0
      vertex -132.3 -3.98372 0
      vertex -131.76 -4.24985 0
    endloop
  endfacet
  facet normal 0 0 -1
    outer loop
      vertex -130 -10.35 0
      vertex -132.8 -3.64942 0
      vertex -132.3 -3.98372 0
    endloop
  endfacet
  facet normal 0 0 -1
    outer loop
      vertex -130 -10.35 0
      vertex -142.2 -3.64942 0
      vertex -132.8 -3.64942 0
    endloop
  endfacet
  facet normal 0 0 -1
    outer loop
      vertex -132.8 -3.64942 0
      vertex -142.2 -3.64942 0
      vertex -133.253 -3.25269 0
    endloop
  endfacet
  facet normal 0 -0 -1
    outer loop
      vertex -141.747 -3.25269 0
      vertex -133.253 -3.25269 0
      vertex -142.2 -3.64942 0
    endloop
  endfacet
  facet normal 0 0 -1
    outer loop
      vertex -133.253 -3.25269 0
      vertex -141.747 -3.25269 0
      vertex -133.649 -2.8003 0
    endloop
  endfacet
  facet normal 0 -0 -1
    outer loop
      vertex -141.351 -2.8003 0
      vertex -133.649 -2.8003 0
      vertex -141.747 -3.25269 0
    endloop
  endfacet
  facet normal 0 0 -1
    outer loop
      vertex -130 26 0
      vertex -135.72 19.6998 0
      vertex -135.7 20 0
    endloop
  endfacet
  facet normal 0 0 -1
    outer loop
      vertex -134.561 0.60042 0
      vertex -135.778 19.4047 0
      vertex -135.72 19.6998 0
    endloop
  endfacet
  facet normal 0 0 -1
    outer loop
      vertex -134.561 0.60042 0
      vertex -135.875 19.1198 0
      vertex -135.778 19.4047 0
    endloop
  endfacet
  facet normal 0 0 -1
    outer loop
      vertex -140.4 0 0
      vertex -134.6 0 0
      vertex -134.561 -0.60042 0
    endloop
  endfacet
  facet normal 0 0 -1
    outer loop
      vertex -134.561 0.60042 0
      vertex -136.008 18.85 0
      vertex -135.875 19.1198 0
    endloop
  endfacet
  facet normal 0 0 -1
    outer loop
      vertex -134.561 0.60042 0
      vertex -136.175 18.5998 0
      vertex -136.008 18.85 0
    endloop
  endfacet
  facet normal 0 0 -1
    outer loop
      vertex -134.561 0.60042 0
      vertex -136.374 18.3737 0
      vertex -136.175 18.5998 0
    endloop
  endfacet
  facet normal 0 0 -1
    outer loop
      vertex -134.561 0.60042 0
      vertex -136.6 18.1753 0
      vertex -136.374 18.3737 0
    endloop
  endfacet
  facet normal 0 0 -1
    outer loop
      vertex -134.561 0.60042 0
      vertex -136.85 18.0081 0
      vertex -136.6 18.1753 0
    endloop
  endfacet
  facet normal 0 0 -1
    outer loop
      vertex -134.561 0.60042 0
      vertex -137.12 17.8751 0
      vertex -136.85 18.0081 0
    endloop
  endfacet
  facet normal 0 0 -1
    outer loop
      vertex -134.561 0.60042 0
      vertex -141.351 2.8003 0
      vertex -141.747 3.25269 0
    endloop
  endfacet
  facet normal 0 0 -1
    outer loop
      vertex -134.561 0.60042 0
      vertex -137.405 17.7784 0
      vertex -137.12 17.8751 0
    endloop
  endfacet
  facet normal 0 0 -1
    outer loop
      vertex -134.561 0.60042 0
      vertex -141.747 3.25269 0
      vertex -137.405 17.7784 0
    endloop
  endfacet
  facet normal 0 0 -1
    outer loop
      vertex -133.649 -2.8003 0
      vertex -141.351 -2.8003 0
      vertex -133.984 -2.3 0
    endloop
  endfacet
  facet normal 0 0 -1
    outer loop
      vertex -134.561 0.60042 0
      vertex -140.439 0.60042 0
      vertex -140.557 1.19057 0
    endloop
  endfacet
  facet normal 0 0 -1
    outer loop
      vertex -134.561 0.60042 0
      vertex -140.557 1.19057 0
      vertex -140.75 1.76034 0
    endloop
  endfacet
  facet normal 0 0 -1
    outer loop
      vertex -134.561 0.60042 0
      vertex -140.75 1.76034 0
      vertex -141.016 2.3 0
    endloop
  endfacet
  facet normal 0 0 -1
    outer loop
      vertex -134.561 0.60042 0
      vertex -141.016 2.3 0
      vertex -141.351 2.8003 0
    endloop
  endfacet
  facet normal 0 0 -1
    outer loop
      vertex -137.405 17.7784 0
      vertex -141.747 3.25269 0
      vertex -137.7 17.7197 0
    endloop
  endfacet
  facet normal 0 0 -1
    outer loop
      vertex -142.2 3.64942 0
      vertex -137.7 17.7197 0
      vertex -141.747 3.25269 0
    endloop
  endfacet
  facet normal 0 0 -1
    outer loop
      vertex -137.7 17.7197 0
      vertex -142.2 3.64942 0
      vertex -138 17.7 0
    endloop
  endfacet
  facet normal 0 0 -1
    outer loop
      vertex -142.7 3.98372 0
      vertex -138 17.7 0
      vertex -142.2 3.64942 0
    endloop
  endfacet
  facet normal 0 0 -1
    outer loop
      vertex -146 10.35 0
      vertex -138 17.7 0
      vertex -142.7 3.98372 0
    endloop
  endfacet
  facet normal -0 0 -1
    outer loop
      vertex -138 17.7 0
      vertex -146 10.35 0
      vertex -138.3 17.7197 0
    endloop
  endfacet
  facet normal -0 0 -1
    outer loop
      vertex -138.595 17.7784 0
      vertex -146 10.35 0
      vertex -138.88 17.8751 0
    endloop
  endfacet
  facet normal -0 0 -1
    outer loop
      vertex -138.3 17.7197 0
      vertex -146 10.35 0
      vertex -138.595 17.7784 0
    endloop
  endfacet
  facet normal 0 0 -1
    outer loop
      vertex -134.6 0 0
      vertex -140.4 0 0
      vertex -140.439 0.60042 0
    endloop
  endfacet
  facet normal 0 0 -1
    outer loop
      vertex -134.561 -0.60042 0
      vertex -140.439 -0.60042 0
      vertex -140.4 0 0
    endloop
  endfacet
  facet normal -0 0 -1
    outer loop
      vertex -134.561 -0.60042 0
      vertex -140.557 -1.19057 0
      vertex -140.439 -0.60042 0
    endloop
  endfacet
  facet normal 0 0 -1
    outer loop
      vertex -134.443 -1.19057 0
      vertex -140.557 -1.19057 0
      vertex -134.561 -0.60042 0
    endloop
  endfacet
  facet normal 0 -0 -1
    outer loop
      vertex -140.557 -1.19057 0
      vertex -134.443 -1.19057 0
      vertex -140.75 -1.76034 0
    endloop
  endfacet
  facet normal 0 0 -1
    outer loop
      vertex -134.25 -1.76034 0
      vertex -140.75 -1.76034 0
      vertex -134.443 -1.19057 0
    endloop
  endfacet
  facet normal 0 -0 -1
    outer loop
      vertex -140.75 -1.76034 0
      vertex -134.25 -1.76034 0
      vertex -141.016 -2.3 0
    endloop
  endfacet
  facet normal 0 -0 -1
    outer loop
      vertex -141.016 -2.3 0
      vertex -133.984 -2.3 0
      vertex -141.351 -2.8003 0
    endloop
  endfacet
  facet normal 0 0 -1
    outer loop
      vertex -133.984 -2.3 0
      vertex -141.016 -2.3 0
      vertex -134.25 -1.76034 0
    endloop
  endfacet
  facet normal 0 0 -1
    outer loop
      vertex -142.2 -3.64942 0
      vertex -146 -10.35 0
      vertex -142.7 -3.98372 0
    endloop
  endfacet
  facet normal 0 0 -1
    outer loop
      vertex -142.7 -3.98372 0
      vertex -146 -10.35 0
      vertex -143.24 -4.24985 0
    endloop
  endfacet
  facet normal 0 0 -1
    outer loop
      vertex -143.24 -4.24985 0
      vertex -146 -10.35 0
      vertex -143.809 -4.44326 0
    endloop
  endfacet
  facet normal 0 0 -1
    outer loop
      vertex -143.809 -4.44326 0
      vertex -146 -10.35 0
      vertex -144.4 -4.56065 0
    endloop
  endfacet
  facet normal 0 0 -1
    outer loop
      vertex -144.4 -4.56065 0
      vertex -146 -10.35 0
      vertex -145 -4.6 0
    endloop
  endfacet
  facet normal 0 0 -1
    outer loop
      vertex -146 -10.35 0
      vertex -130 -26 0
      vertex -146 -26 0
    endloop
  endfacet
  facet normal -0 0 -1
    outer loop
      vertex -145 -4.6 0
      vertex -146 -10.35 0
      vertex -145.6 -4.56065 0
    endloop
  endfacet
  facet normal 0 0 -1
    outer loop
      vertex -146 -10.35 0
      vertex -146.191 -4.44326 0
      vertex -145.6 -4.56065 0
    endloop
  endfacet
  facet normal 0 0 -1
    outer loop
      vertex -146 -10.35 0
      vertex -146.76 -4.24985 0
      vertex -146.191 -4.44326 0
    endloop
  endfacet
  facet normal 0 0 -1
    outer loop
      vertex -146 -10.35 0
      vertex -147.3 -3.98372 0
      vertex -146.76 -4.24985 0
    endloop
  endfacet
  facet normal 0 0 -1
    outer loop
      vertex -154 -10.35 0
      vertex -147.3 -3.98372 0
      vertex -146 -10.35 0
    endloop
  endfacet
  facet normal -0 0 -1
    outer loop
      vertex -147.3 -3.98372 0
      vertex -154 -10.35 0
      vertex -147.8 -3.64942 0
    endloop
  endfacet
  facet normal -0 0 -1
    outer loop
      vertex -147.8 -3.64942 0
      vertex -154 -10.35 0
      vertex -148.253 -3.25269 0
    endloop
  endfacet
  facet normal -0 0 -1
    outer loop
      vertex -148.253 -3.25269 0
      vertex -154 -10.35 0
      vertex -148.649 -2.8003 0
    endloop
  endfacet
  facet normal -0 0 -1
    outer loop
      vertex -148.649 -2.8003 0
      vertex -154 -10.35 0
      vertex -148.984 -2.3 0
    endloop
  endfacet
  facet normal -0 0 -1
    outer loop
      vertex -149.561 -0.60042 0
      vertex -154 -10.35 0
      vertex -149.6 0 0
    endloop
  endfacet
  facet normal -0 0 -1
    outer loop
      vertex -149.443 -1.19057 0
      vertex -154 -10.35 0
      vertex -149.561 -0.60042 0
    endloop
  endfacet
  facet normal -0 0 -1
    outer loop
      vertex -149.25 -1.76034 0
      vertex -154 -10.35 0
      vertex -149.443 -1.19057 0
    endloop
  endfacet
  facet normal -0 0 -1
    outer loop
      vertex -148.984 -2.3 0
      vertex -154 -10.35 0
      vertex -149.25 -1.76034 0
    endloop
  endfacet
  facet normal 0 0 -1
    outer loop
      vertex -130 -10.35 0
      vertex -126 -8 0
      vertex -126 -10.35 0
    endloop
  endfacet
  facet normal 0 0 -1
    outer loop
      vertex -126 -8 0
      vertex -126.351 -2.8003 0
      vertex -126.016 -2.3 0
    endloop
  endfacet
  facet normal 0 0 -1
    outer loop
      vertex -126 -8 0
      vertex -126.747 -3.25269 0
      vertex -126.351 -2.8003 0
    endloop
  endfacet
  facet normal 0 0 -1
    outer loop
      vertex -126 -8 0
      vertex -127.2 -3.64942 0
      vertex -126.747 -3.25269 0
    endloop
  endfacet
  facet normal 0 0 -1
    outer loop
      vertex -126 -8 0
      vertex -127.7 -3.98372 0
      vertex -127.2 -3.64942 0
    endloop
  endfacet
  facet normal 0 0 -1
    outer loop
      vertex -126 -8 0
      vertex -128.24 -4.24985 0
      vertex -127.7 -3.98372 0
    endloop
  endfacet
  facet normal 0 0 -1
    outer loop
      vertex -126 -8 0
      vertex -128.809 -4.44326 0
      vertex -128.24 -4.24985 0
    endloop
  endfacet
  facet normal 0 -0 -1
    outer loop
      vertex -129.4 -4.56065 0
      vertex -126 -8 0
      vertex -130 -10.35 0
    endloop
  endfacet
  facet normal 0 0 -1
    outer loop
      vertex -126 -8 0
      vertex -129.4 -4.56065 0
      vertex -128.809 -4.44326 0
    endloop
  endfacet
  facet normal 0 0 -1
    outer loop
      vertex -129.4 -4.56065 0
      vertex -130 -10.35 0
      vertex -130 -4.6 0
    endloop
  endfacet
  facet normal 0 0 -1
    outer loop
      vertex -82 -8 0
      vertex -125.4 0 0
      vertex -82 8 0
    endloop
  endfacet
  facet normal 0 0 -1
    outer loop
      vertex -82 -8 0
      vertex -125.439 -0.60042 0
      vertex -125.4 0 0
    endloop
  endfacet
  facet normal 0 0 -1
    outer loop
      vertex -82 -8 0
      vertex -125.557 -1.19057 0
      vertex -125.439 -0.60042 0
    endloop
  endfacet
  facet normal 0 0 -1
    outer loop
      vertex -126 -8 0
      vertex -125.557 -1.19057 0
      vertex -82 -8 0
    endloop
  endfacet
  facet normal 0 0 -1
    outer loop
      vertex -125.557 -1.19057 0
      vertex -126 -8 0
      vertex -125.75 -1.76034 0
    endloop
  endfacet
  facet normal 0 0 -1
    outer loop
      vertex -125.75 -1.76034 0
      vertex -126 -8 0
      vertex -126.016 -2.3 0
    endloop
  endfacet
  facet normal 0 0 -1
    outer loop
      vertex -125.439 0.60042 0
      vertex -82 8 0
      vertex -125.4 0 0
    endloop
  endfacet
  facet normal 0 0 -1
    outer loop
      vertex -125.557 1.19057 0
      vertex -82 8 0
      vertex -125.439 0.60042 0
    endloop
  endfacet
  facet normal 0 0 -1
    outer loop
      vertex -126 8 0
      vertex -125.557 1.19057 0
      vertex -125.75 1.76034 0
    endloop
  endfacet
  facet normal 0 0 -1
    outer loop
      vertex -125.557 1.19057 0
      vertex -126 8 0
      vertex -82 8 0
    endloop
  endfacet
  facet normal 0 0 -1
    outer loop
      vertex -126.016 2.3 0
      vertex -126 8 0
      vertex -125.75 1.76034 0
    endloop
  endfacet
  facet normal 0 0 -1
    outer loop
      vertex -126.351 2.8003 0
      vertex -126 8 0
      vertex -126.016 2.3 0
    endloop
  endfacet
  facet normal 0 0 -1
    outer loop
      vertex -126.747 3.25269 0
      vertex -126 8 0
      vertex -126.351 2.8003 0
    endloop
  endfacet
  facet normal 0 0 -1
    outer loop
      vertex -127.2 3.64942 0
      vertex -126 8 0
      vertex -126.747 3.25269 0
    endloop
  endfacet
  facet normal 0 0 -1
    outer loop
      vertex -127.7 3.98372 0
      vertex -126 8 0
      vertex -127.2 3.64942 0
    endloop
  endfacet
  facet normal 0 0 -1
    outer loop
      vertex -128.24 4.24985 0
      vertex -126 8 0
      vertex -127.7 3.98372 0
    endloop
  endfacet
  facet normal 0 0 -1
    outer loop
      vertex -128.809 4.44326 0
      vertex -126 8 0
      vertex -128.24 4.24985 0
    endloop
  endfacet
  facet normal 0 0 -1
    outer loop
      vertex -129.4 4.56065 0
      vertex -126 8 0
      vertex -128.809 4.44326 0
    endloop
  endfacet
  facet normal -0 0 -1
    outer loop
      vertex -126 8 0
      vertex -129.4 4.56065 0
      vertex -130 10.35 0
    endloop
  endfacet
  facet normal 0 0 -1
    outer loop
      vertex -130 10.35 0
      vertex -129.4 4.56065 0
      vertex -130 4.6 0
    endloop
  endfacet
  facet normal 0 0 -1
    outer loop
      vertex -126 8 0
      vertex -130 10.35 0
      vertex -126 10.35 0
    endloop
  endfacet
  facet normal 0 0 -1
    outer loop
      vertex -130.6 4.56065 0
      vertex -130 10.35 0
      vertex -130 4.6 0
    endloop
  endfacet
  facet normal 0 0 -1
    outer loop
      vertex -131.191 4.44326 0
      vertex -130 10.35 0
      vertex -130.6 4.56065 0
    endloop
  endfacet
  facet normal 0 0 -1
    outer loop
      vertex -131.76 4.24985 0
      vertex -130 10.35 0
      vertex -131.191 4.44326 0
    endloop
  endfacet
  facet normal 0 0 -1
    outer loop
      vertex -132.3 3.98372 0
      vertex -130 10.35 0
      vertex -131.76 4.24985 0
    endloop
  endfacet
  facet normal 0 0 -1
    outer loop
      vertex -132.8 3.64942 0
      vertex -130 10.35 0
      vertex -132.3 3.98372 0
    endloop
  endfacet
  facet normal 0 0 -1
    outer loop
      vertex -133.253 3.25269 0
      vertex -130 10.35 0
      vertex -132.8 3.64942 0
    endloop
  endfacet
  facet normal 0 0 -1
    outer loop
      vertex -135.72 19.6998 0
      vertex -130 10.35 0
      vertex -133.253 3.25269 0
    endloop
  endfacet
  facet normal 0 0 -1
    outer loop
      vertex -135.72 19.6998 0
      vertex -133.253 3.25269 0
      vertex -133.649 2.8003 0
    endloop
  endfacet
  facet normal 0 0 -1
    outer loop
      vertex -135.72 19.6998 0
      vertex -133.649 2.8003 0
      vertex -133.984 2.3 0
    endloop
  endfacet
  facet normal 0 0 -1
    outer loop
      vertex -135.72 19.6998 0
      vertex -133.984 2.3 0
      vertex -134.25 1.76034 0
    endloop
  endfacet
  facet normal 0 0 -1
    outer loop
      vertex -135.72 19.6998 0
      vertex -134.25 1.76034 0
      vertex -134.443 1.19057 0
    endloop
  endfacet
  facet normal 0 0 -1
    outer loop
      vertex -135.72 19.6998 0
      vertex -134.443 1.19057 0
      vertex -134.561 0.60042 0
    endloop
  endfacet
  facet normal 0 0 -1
    outer loop
      vertex -140.439 0.60042 0
      vertex -134.561 0.60042 0
      vertex -134.6 0 0
    endloop
  endfacet
  facet normal 0 0 -1
    outer loop
      vertex -135.72 19.6998 0
      vertex -130 26 0
      vertex -130 10.35 0
    endloop
  endfacet
  facet normal 0 0 -1
    outer loop
      vertex -135.72 20.3002 0
      vertex -130 26 0
      vertex -135.7 20 0
    endloop
  endfacet
  facet normal 0 0 -1
    outer loop
      vertex -135.778 20.5953 0
      vertex -130 26 0
      vertex -135.72 20.3002 0
    endloop
  endfacet
  facet normal 0 0 -1
    outer loop
      vertex -135.875 20.8802 0
      vertex -130 26 0
      vertex -135.778 20.5953 0
    endloop
  endfacet
  facet normal 0 0 -1
    outer loop
      vertex -136.008 21.15 0
      vertex -130 26 0
      vertex -135.875 20.8802 0
    endloop
  endfacet
  facet normal 0 0 -1
    outer loop
      vertex -136.175 21.4002 0
      vertex -130 26 0
      vertex -136.008 21.15 0
    endloop
  endfacet
  facet normal 0 0 -1
    outer loop
      vertex -136.374 21.6263 0
      vertex -130 26 0
      vertex -136.175 21.4002 0
    endloop
  endfacet
  facet normal 0 0 -1
    outer loop
      vertex -136.6 21.8247 0
      vertex -130 26 0
      vertex -136.374 21.6263 0
    endloop
  endfacet
  facet normal 0 0 -1
    outer loop
      vertex -136.85 21.9919 0
      vertex -130 26 0
      vertex -136.6 21.8247 0
    endloop
  endfacet
  facet normal 0 0 -1
    outer loop
      vertex -137.12 22.1249 0
      vertex -130 26 0
      vertex -136.85 21.9919 0
    endloop
  endfacet
  facet normal 0 0 -1
    outer loop
      vertex -137.405 22.2216 0
      vertex -130 26 0
      vertex -137.12 22.1249 0
    endloop
  endfacet
  facet normal 0 0 -1
    outer loop
      vertex -137.7 22.2803 0
      vertex -130 26 0
      vertex -137.405 22.2216 0
    endloop
  endfacet
  facet normal 0 0 -1
    outer loop
      vertex -138 22.3 0
      vertex -130 26 0
      vertex -137.7 22.2803 0
    endloop
  endfacet
  facet normal 0 0 -1
    outer loop
      vertex -146 26 0
      vertex -138 22.3 0
      vertex -138.3 22.2803 0
    endloop
  endfacet
  facet normal 0 0 -1
    outer loop
      vertex -146 26 0
      vertex -138.3 22.2803 0
      vertex -138.595 22.2216 0
    endloop
  endfacet
  facet normal 0 0 -1
    outer loop
      vertex -146 26 0
      vertex -138.595 22.2216 0
      vertex -138.88 22.1249 0
    endloop
  endfacet
  facet normal -0 0 -1
    outer loop
      vertex -139.15 18.0081 0
      vertex -146 10.35 0
      vertex -139.4 18.1753 0
    endloop
  endfacet
  facet normal -0 0 -1
    outer loop
      vertex -139.4 18.1753 0
      vertex -146 10.35 0
      vertex -139.626 18.3737 0
    endloop
  endfacet
  facet normal -0 0 -1
    outer loop
      vertex -139.626 18.3737 0
      vertex -146 10.35 0
      vertex -139.825 18.5998 0
    endloop
  endfacet
  facet normal -0 0 -1
    outer loop
      vertex -139.825 18.5998 0
      vertex -146 10.35 0
      vertex -139.992 18.85 0
    endloop
  endfacet
  facet normal -0 0 -1
    outer loop
      vertex -139.992 18.85 0
      vertex -146 10.35 0
      vertex -140.125 19.1198 0
    endloop
  endfacet
  facet normal -0 0 -1
    outer loop
      vertex -140.125 19.1198 0
      vertex -146 10.35 0
      vertex -140.222 19.4047 0
    endloop
  endfacet
  facet normal -0 0 -1
    outer loop
      vertex -140.222 19.4047 0
      vertex -146 10.35 0
      vertex -140.28 19.6998 0
    endloop
  endfacet
  facet normal 0 0 -1
    outer loop
      vertex -146 26 0
      vertex -140.28 19.6998 0
      vertex -146 10.35 0
    endloop
  endfacet
  facet normal -0 0 -1
    outer loop
      vertex -138.88 17.8751 0
      vertex -146 10.35 0
      vertex -139.15 18.0081 0
    endloop
  endfacet
  facet normal 0 0 -1
    outer loop
      vertex -146 10.35 0
      vertex -142.7 3.98372 0
      vertex -143.24 4.24985 0
    endloop
  endfacet
  facet normal 0 0 -1
    outer loop
      vertex -146 10.35 0
      vertex -143.24 4.24985 0
      vertex -143.809 4.44326 0
    endloop
  endfacet
  facet normal 0 0 -1
    outer loop
      vertex -140.28 19.6998 0
      vertex -146 26 0
      vertex -140.3 20 0
    endloop
  endfacet
  facet normal 0 0 -1
    outer loop
      vertex -146 10.35 0
      vertex -143.809 4.44326 0
      vertex -144.4 4.56065 0
    endloop
  endfacet
  facet normal 0 0 -1
    outer loop
      vertex -146 10.35 0
      vertex -144.4 4.56065 0
      vertex -145 4.6 0
    endloop
  endfacet
  facet normal 0 0 -1
    outer loop
      vertex -146 10.35 0
      vertex -145 4.6 0
      vertex -145.6 4.56065 0
    endloop
  endfacet
  facet normal 0 0 -1
    outer loop
      vertex -140.3 20 0
      vertex -146 26 0
      vertex -140.28 20.3002 0
    endloop
  endfacet
  facet normal 0 0 -1
    outer loop
      vertex -140.28 20.3002 0
      vertex -146 26 0
      vertex -140.222 20.5953 0
    endloop
  endfacet
  facet normal 0 0 -1
    outer loop
      vertex -140.222 20.5953 0
      vertex -146 26 0
      vertex -140.125 20.8802 0
    endloop
  endfacet
  facet normal 0 0 -1
    outer loop
      vertex -138 22.3 0
      vertex -146 26 0
      vertex -130 26 0
    endloop
  endfacet
  facet normal 0 0 -1
    outer loop
      vertex -139.15 21.9919 0
      vertex -146 26 0
      vertex -138.88 22.1249 0
    endloop
  endfacet
  facet normal 0 0 -1
    outer loop
      vertex -139.4 21.8247 0
      vertex -146 26 0
      vertex -139.15 21.9919 0
    endloop
  endfacet
  facet normal 0 0 -1
    outer loop
      vertex -139.626 21.6263 0
      vertex -146 26 0
      vertex -139.4 21.8247 0
    endloop
  endfacet
  facet normal 0 0 -1
    outer loop
      vertex -139.825 21.4002 0
      vertex -146 26 0
      vertex -139.626 21.6263 0
    endloop
  endfacet
  facet normal 0 0 -1
    outer loop
      vertex -139.992 21.15 0
      vertex -146 26 0
      vertex -139.825 21.4002 0
    endloop
  endfacet
  facet normal 0 0 -1
    outer loop
      vertex -140.125 20.8802 0
      vertex -146 26 0
      vertex -139.992 21.15 0
    endloop
  endfacet
  facet normal 0 0 -1
    outer loop
      vertex -71.7197 -15.6998 0
      vertex -66 -22 0
      vertex -71.7 -16 0
    endloop
  endfacet
  facet normal 0 0 -1
    outer loop
      vertex -66 -22 0
      vertex -71.7197 -16.3002 0
      vertex -71.7 -16 0
    endloop
  endfacet
  facet normal 0 0 -1
    outer loop
      vertex -66 -22 0
      vertex -71.7784 -16.5953 0
      vertex -71.7197 -16.3002 0
    endloop
  endfacet
  facet normal 0 0 -1
    outer loop
      vertex -66 -22 0
      vertex -71.8751 -16.8802 0
      vertex -71.7784 -16.5953 0
    endloop
  endfacet
  facet normal 0 0 -1
    outer loop
      vertex -66 -22 0
      vertex -72.0081 -17.15 0
      vertex -71.8751 -16.8802 0
    endloop
  endfacet
  facet normal 0 0 -1
    outer loop
      vertex -66 -22 0
      vertex -72.1753 -17.4002 0
      vertex -72.0081 -17.15 0
    endloop
  endfacet
  facet normal 0 0 -1
    outer loop
      vertex -66 -22 0
      vertex -72.3737 -17.6263 0
      vertex -72.1753 -17.4002 0
    endloop
  endfacet
  facet normal 0 0 -1
    outer loop
      vertex -66 -22 0
      vertex -72.5998 -17.8247 0
      vertex -72.3737 -17.6263 0
    endloop
  endfacet
  facet normal 0 0 -1
    outer loop
      vertex -66 -22 0
      vertex -72.85 -17.9919 0
      vertex -72.5998 -17.8247 0
    endloop
  endfacet
  facet normal 0 0 -1
    outer loop
      vertex -66 -22 0
      vertex -73.1198 -18.1249 0
      vertex -72.85 -17.9919 0
    endloop
  endfacet
  facet normal 0 0 -1
    outer loop
      vertex -66 -22 0
      vertex -73.4047 -18.2216 0
      vertex -73.1198 -18.1249 0
    endloop
  endfacet
  facet normal 0 0 -1
    outer loop
      vertex -66 -22 0
      vertex -73.6998 -18.2803 0
      vertex -73.4047 -18.2216 0
    endloop
  endfacet
  facet normal 0 0 -1
    outer loop
      vertex -66 -22 0
      vertex -74 -18.3 0
      vertex -73.6998 -18.2803 0
    endloop
  endfacet
  facet normal 0 0 -1
    outer loop
      vertex -82 -22 0
      vertex -74 -18.3 0
      vertex -66 -22 0
    endloop
  endfacet
  facet normal -0 0 -1
    outer loop
      vertex -74 -18.3 0
      vertex -82 -22 0
      vertex -74.3002 -18.2803 0
    endloop
  endfacet
  facet normal -0 0 -1
    outer loop
      vertex -74.3002 -18.2803 0
      vertex -82 -22 0
      vertex -74.5953 -18.2216 0
    endloop
  endfacet
  facet normal -0 0 -1
    outer loop
      vertex -76.2803 -16.3002 0
      vertex -82 -22 0
      vertex -76.3 -16 0
    endloop
  endfacet
  facet normal -0 0 -1
    outer loop
      vertex -76.2216 -16.5953 0
      vertex -82 -22 0
      vertex -76.2803 -16.3002 0
    endloop
  endfacet
  facet normal -0 0 -1
    outer loop
      vertex -76.1249 -16.8802 0
      vertex -82 -22 0
      vertex -76.2216 -16.5953 0
    endloop
  endfacet
  facet normal -0 0 -1
    outer loop
      vertex -75.9919 -17.15 0
      vertex -82 -22 0
      vertex -76.1249 -16.8802 0
    endloop
  endfacet
  facet normal -0 0 -1
    outer loop
      vertex -75.8247 -17.4002 0
      vertex -82 -22 0
      vertex -75.9919 -17.15 0
    endloop
  endfacet
  facet normal -0 0 -1
    outer loop
      vertex -75.6263 -17.6263 0
      vertex -82 -22 0
      vertex -75.8247 -17.4002 0
    endloop
  endfacet
  facet normal -0 0 -1
    outer loop
      vertex -75.4002 -17.8247 0
      vertex -82 -22 0
      vertex -75.6263 -17.6263 0
    endloop
  endfacet
  facet normal -0 0 -1
    outer loop
      vertex -75.15 -17.9919 0
      vertex -82 -22 0
      vertex -75.4002 -17.8247 0
    endloop
  endfacet
  facet normal -0 0 -1
    outer loop
      vertex -74.8802 -18.1249 0
      vertex -82 -22 0
      vertex -75.15 -17.9919 0
    endloop
  endfacet
  facet normal -0 0 -1
    outer loop
      vertex -74.5953 -18.2216 0
      vertex -82 -22 0
      vertex -74.8802 -18.1249 0
    endloop
  endfacet
  facet normal 0 0 -1
    outer loop
      vertex -71.7784 -15.4047 0
      vertex -66 -22 0
      vertex -71.7197 -15.6998 0
    endloop
  endfacet
  facet normal 0 0 -1
    outer loop
      vertex -71.8751 -15.1198 0
      vertex -66 -22 0
      vertex -71.7784 -15.4047 0
    endloop
  endfacet
  facet normal 0 0 -1
    outer loop
      vertex -72.0081 -14.85 0
      vertex -66 -22 0
      vertex -71.8751 -15.1198 0
    endloop
  endfacet
  facet normal 0 0 -1
    outer loop
      vertex -66 -22 0
      vertex -72.0081 -14.85 0
      vertex -66 22 0
    endloop
  endfacet
  facet normal 0 0 -1
    outer loop
      vertex -72.1753 -14.5998 0
      vertex -66 22 0
      vertex -72.0081 -14.85 0
    endloop
  endfacet
  facet normal 0 0 -1
    outer loop
      vertex -72.3737 -14.3737 0
      vertex -66 22 0
      vertex -72.1753 -14.5998 0
    endloop
  endfacet
  facet normal 0 0 -1
    outer loop
      vertex -72.5998 -14.1753 0
      vertex -66 22 0
      vertex -72.3737 -14.3737 0
    endloop
  endfacet
  facet normal 0 0 -1
    outer loop
      vertex -72.85 -14.0081 0
      vertex -66 22 0
      vertex -72.5998 -14.1753 0
    endloop
  endfacet
  facet normal 0 0 -1
    outer loop
      vertex -82 8 0
      vertex -72.85 -14.0081 0
      vertex -73.1198 -13.8751 0
    endloop
  endfacet
  facet normal 0 0 -1
    outer loop
      vertex -82 8 0
      vertex -73.1198 -13.8751 0
      vertex -73.4047 -13.7784 0
    endloop
  endfacet
  facet normal 0 0 -1
    outer loop
      vertex -82 -8 0
      vertex -73.4047 -13.7784 0
      vertex -73.6998 -13.7197 0
    endloop
  endfacet
  facet normal 0 0 -1
    outer loop
      vertex -82 -8 0
      vertex -73.6998 -13.7197 0
      vertex -74 -13.7 0
    endloop
  endfacet
  facet normal 0 0 -1
    outer loop
      vertex -82 -8 0
      vertex -74 -13.7 0
      vertex -74.3002 -13.7197 0
    endloop
  endfacet
  facet normal 0 0 -1
    outer loop
      vertex -82 -8 0
      vertex -74.3002 -13.7197 0
      vertex -74.5953 -13.7784 0
    endloop
  endfacet
  facet normal 0 0 -1
    outer loop
      vertex -82 -8 0
      vertex -74.5953 -13.7784 0
      vertex -74.8802 -13.8751 0
    endloop
  endfacet
  facet normal 0 0 -1
    outer loop
      vertex -82 -8 0
      vertex -74.8802 -13.8751 0
      vertex -75.15 -14.0081 0
    endloop
  endfacet
  facet normal 0 0 -1
    outer loop
      vertex -82 -8 0
      vertex -75.15 -14.0081 0
      vertex -75.4002 -14.1753 0
    endloop
  endfacet
  facet normal 0 0 -1
    outer loop
      vertex -82 -8 0
      vertex -75.4002 -14.1753 0
      vertex -75.6263 -14.3737 0
    endloop
  endfacet
  facet normal 0 0 -1
    outer loop
      vertex -82 -8 0
      vertex -75.6263 -14.3737 0
      vertex -75.8247 -14.5998 0
    endloop
  endfacet
  facet normal 0 0 -1
    outer loop
      vertex -82 -8 0
      vertex -75.8247 -14.5998 0
      vertex -75.9919 -14.85 0
    endloop
  endfacet
  facet normal 0 0 -1
    outer loop
      vertex -82 -8 0
      vertex -75.9919 -14.85 0
      vertex -76.1249 -15.1198 0
    endloop
  endfacet
  facet normal 0 0 -1
    outer loop
      vertex -82 -8 0
      vertex -76.1249 -15.1198 0
      vertex -76.2216 -15.4047 0
    endloop
  endfacet
  facet normal 0 0 -1
    outer loop
      vertex -82 -22 0
      vertex -76.2803 -15.6998 0
      vertex -76.3 -16 0
    endloop
  endfacet
  facet normal 0 0 -1
    outer loop
      vertex -82 -8 0
      vertex -76.2803 -15.6998 0
      vertex -82 -22 0
    endloop
  endfacet
  facet normal 0 0 -1
    outer loop
      vertex -76.2803 -15.6998 0
      vertex -82 -8 0
      vertex -76.2216 -15.4047 0
    endloop
  endfacet
  facet normal 0 0 -1
    outer loop
      vertex -73.4047 -13.7784 0
      vertex -82 -8 0
      vertex -82 8 0
    endloop
  endfacet
  facet normal 0 0 -1
    outer loop
      vertex -72.85 -14.0081 0
      vertex -82 8 0
      vertex -66 22 0
    endloop
  endfacet
  facet normal -0 0 -1
    outer loop
      vertex -66 22 0
      vertex -82 8 0
      vertex -82 22 0
    endloop
  endfacet
  facet normal 0 -1 0
    outer loop
      vertex -154 -10.35 12
      vertex -146 -10.35 6
      vertex -126 -10.35 12
    endloop
  endfacet
  facet normal 0 -1 0
    outer loop
      vertex -154 -10.35 0
      vertex -146 -10.35 6
      vertex -154 -10.35 12
    endloop
  endfacet
  facet normal 0 -1 -0
    outer loop
      vertex -146 -10.35 6
      vertex -154 -10.35 0
      vertex -146 -10.35 0
    endloop
  endfacet
  facet normal 0 -1 0
    outer loop
      vertex -130 -10.35 6
      vertex -126 -10.35 12
      vertex -146 -10.35 6
    endloop
  endfacet
  facet normal 0 -1 0
    outer loop
      vertex -126 -10.35 0
      vertex -130 -10.35 6
      vertex -130 -10.35 0
    endloop
  endfacet
  facet normal 0 -1 0
    outer loop
      vertex -130 -10.35 6
      vertex -126 -10.35 0
      vertex -126 -10.35 12
    endloop
  endfacet
  facet normal -1 0 0
    outer loop
      vertex -146 -26 0
      vertex -146 -10.35 6
      vertex -146 -10.35 0
    endloop
  endfacet
  facet normal -1 -0 0
    outer loop
      vertex -146 -10.35 6
      vertex -146 -26 0
      vertex -146 -26 6
    endloop
  endfacet
  facet normal -1 0 0
    outer loop
      vertex -146 10.35 0
      vertex -146 26 6
      vertex -146 26 0
    endloop
  endfacet
  facet normal -1 -0 0
    outer loop
      vertex -146 26 6
      vertex -146 10.35 0
      vertex -146 10.35 6
    endloop
  endfacet
  facet normal -0 0 1
    outer loop
      vertex -146 -10.35 6
      vertex -130 -26 6
      vertex -130 -10.35 6
    endloop
  endfacet
  facet normal 0 0 1
    outer loop
      vertex -130 -26 6
      vertex -146 -10.35 6
      vertex -146 -26 6
    endloop
  endfacet
  facet normal 0 0 1
    outer loop
      vertex -135.72 19.6998 6
      vertex -130 26 6
      vertex -135.7 20 6
    endloop
  endfacet
  facet normal 0 0 1
    outer loop
      vertex -130 26 6
      vertex -135.72 20.3002 6
      vertex -135.7 20 6
    endloop
  endfacet
  facet normal 0 0 1
    outer loop
      vertex -130 26 6
      vertex -135.778 20.5953 6
      vertex -135.72 20.3002 6
    endloop
  endfacet
  facet normal 0 0 1
    outer loop
      vertex -130 26 6
      vertex -135.875 20.8802 6
      vertex -135.778 20.5953 6
    endloop
  endfacet
  facet normal 0 0 1
    outer loop
      vertex -130 26 6
      vertex -136.008 21.15 6
      vertex -135.875 20.8802 6
    endloop
  endfacet
  facet normal 0 0 1
    outer loop
      vertex -130 26 6
      vertex -136.175 21.4002 6
      vertex -136.008 21.15 6
    endloop
  endfacet
  facet normal 0 0 1
    outer loop
      vertex -130 26 6
      vertex -136.374 21.6263 6
      vertex -136.175 21.4002 6
    endloop
  endfacet
  facet normal 0 0 1
    outer loop
      vertex -130 26 6
      vertex -136.6 21.8247 6
      vertex -136.374 21.6263 6
    endloop
  endfacet
  facet normal 0 0 1
    outer loop
      vertex -130 26 6
      vertex -136.85 21.9919 6
      vertex -136.6 21.8247 6
    endloop
  endfacet
  facet normal 0 0 1
    outer loop
      vertex -130 26 6
      vertex -137.12 22.1249 6
      vertex -136.85 21.9919 6
    endloop
  endfacet
  facet normal 0 0 1
    outer loop
      vertex -130 26 6
      vertex -137.405 22.2216 6
      vertex -137.12 22.1249 6
    endloop
  endfacet
  facet normal 0 0 1
    outer loop
      vertex -130 26 6
      vertex -137.7 22.2803 6
      vertex -137.405 22.2216 6
    endloop
  endfacet
  facet normal 0 0 1
    outer loop
      vertex -130 26 6
      vertex -138 22.3 6
      vertex -137.7 22.2803 6
    endloop
  endfacet
  facet normal -0 0 1
    outer loop
      vertex -146 26 6
      vertex -138 22.3 6
      vertex -130 26 6
    endloop
  endfacet
  facet normal 0 0 1
    outer loop
      vertex -138 22.3 6
      vertex -146 26 6
      vertex -138.3 22.2803 6
    endloop
  endfacet
  facet normal 0 0 1
    outer loop
      vertex -138.3 22.2803 6
      vertex -146 26 6
      vertex -138.595 22.2216 6
    endloop
  endfacet
  facet normal 0 0 1
    outer loop
      vertex -140.28 20.3002 6
      vertex -146 26 6
      vertex -140.3 20 6
    endloop
  endfacet
  facet normal 0 0 1
    outer loop
      vertex -140.222 20.5953 6
      vertex -146 26 6
      vertex -140.28 20.3002 6
    endloop
  endfacet
  facet normal 0 0 1
    outer loop
      vertex -140.125 20.8802 6
      vertex -146 26 6
      vertex -140.222 20.5953 6
    endloop
  endfacet
  facet normal 0 0 1
    outer loop
      vertex -139.992 21.15 6
      vertex -146 26 6
      vertex -140.125 20.8802 6
    endloop
  endfacet
  facet normal 0 0 1
    outer loop
      vertex -139.825 21.4002 6
      vertex -146 26 6
      vertex -139.992 21.15 6
    endloop
  endfacet
  facet normal 0 0 1
    outer loop
      vertex -139.626 21.6263 6
      vertex -146 26 6
      vertex -139.825 21.4002 6
    endloop
  endfacet
  facet normal 0 0 1
    outer loop
      vertex -139.4 21.8247 6
      vertex -146 26 6
      vertex -139.626 21.6263 6
    endloop
  endfacet
  facet normal 0 0 1
    outer loop
      vertex -139.15 21.9919 6
      vertex -146 26 6
      vertex -139.4 21.8247 6
    endloop
  endfacet
  facet normal 0 0 1
    outer loop
      vertex -138.88 22.1249 6
      vertex -146 26 6
      vertex -139.15 21.9919 6
    endloop
  endfacet
  facet normal 0 0 1
    outer loop
      vertex -138.595 22.2216 6
      vertex -146 26 6
      vertex -138.88 22.1249 6
    endloop
  endfacet
  facet normal 0 0 1
    outer loop
      vertex -130 26 6
      vertex -135.72 19.6998 6
      vertex -130 10.35 6
    endloop
  endfacet
  facet normal -0 0 1
    outer loop
      vertex -135.778 19.4047 6
      vertex -130 10.35 6
      vertex -135.72 19.6998 6
    endloop
  endfacet
  facet normal -0 0 1
    outer loop
      vertex -135.875 19.1198 6
      vertex -130 10.35 6
      vertex -135.778 19.4047 6
    endloop
  endfacet
  facet normal -0 0 1
    outer loop
      vertex -136.008 18.85 6
      vertex -130 10.35 6
      vertex -135.875 19.1198 6
    endloop
  endfacet
  facet normal -0 0 1
    outer loop
      vertex -136.175 18.5998 6
      vertex -130 10.35 6
      vertex -136.008 18.85 6
    endloop
  endfacet
  facet normal -0 0 1
    outer loop
      vertex -136.374 18.3737 6
      vertex -130 10.35 6
      vertex -136.175 18.5998 6
    endloop
  endfacet
  facet normal -0 0 1
    outer loop
      vertex -136.6 18.1753 6
      vertex -130 10.35 6
      vertex -136.374 18.3737 6
    endloop
  endfacet
  facet normal -0 0 1
    outer loop
      vertex -136.85 18.0081 6
      vertex -130 10.35 6
      vertex -136.6 18.1753 6
    endloop
  endfacet
  facet normal -0 0 1
    outer loop
      vertex -137.12 17.8751 6
      vertex -130 10.35 6
      vertex -136.85 18.0081 6
    endloop
  endfacet
  facet normal -0 0 1
    outer loop
      vertex -137.405 17.7784 6
      vertex -130 10.35 6
      vertex -137.12 17.8751 6
    endloop
  endfacet
  facet normal -0 0 1
    outer loop
      vertex -137.7 17.7197 6
      vertex -130 10.35 6
      vertex -137.405 17.7784 6
    endloop
  endfacet
  facet normal -0 0 1
    outer loop
      vertex -138 17.7 6
      vertex -130 10.35 6
      vertex -137.7 17.7197 6
    endloop
  endfacet
  facet normal 0 0 1
    outer loop
      vertex -146 10.35 6
      vertex -138 17.7 6
      vertex -138.3 17.7197 6
    endloop
  endfacet
  facet normal 0 0 1
    outer loop
      vertex -146 10.35 6
      vertex -138.3 17.7197 6
      vertex -138.595 17.7784 6
    endloop
  endfacet
  facet normal 0 0 1
    outer loop
      vertex -146 10.35 6
      vertex -138.595 17.7784 6
      vertex -138.88 17.8751 6
    endloop
  endfacet
  facet normal 0 0 1
    outer loop
      vertex -146 10.35 6
      vertex -138.88 17.8751 6
      vertex -139.15 18.0081 6
    endloop
  endfacet
  facet normal 0 0 1
    outer loop
      vertex -146 10.35 6
      vertex -139.15 18.0081 6
      vertex -139.4 18.1753 6
    endloop
  endfacet
  facet normal 0 0 1
    outer loop
      vertex -146 26 6
      vertex -140.28 19.6998 6
      vertex -140.3 20 6
    endloop
  endfacet
  facet normal 0 0 1
    outer loop
      vertex -146 10.35 6
      vertex -140.28 19.6998 6
      vertex -146 26 6
    endloop
  endfacet
  facet normal 0 0 1
    outer loop
      vertex -140.28 19.6998 6
      vertex -146 10.35 6
      vertex -140.222 19.4047 6
    endloop
  endfacet
  facet normal 0 0 1
    outer loop
      vertex -140.222 19.4047 6
      vertex -146 10.35 6
      vertex -140.125 19.1198 6
    endloop
  endfacet
  facet normal 0 0 1
    outer loop
      vertex -140.125 19.1198 6
      vertex -146 10.35 6
      vertex -139.992 18.85 6
    endloop
  endfacet
  facet normal 0 0 1
    outer loop
      vertex -138 17.7 6
      vertex -146 10.35 6
      vertex -130 10.35 6
    endloop
  endfacet
  facet normal 0 0 1
    outer loop
      vertex -139.626 18.3737 6
      vertex -146 10.35 6
      vertex -139.4 18.1753 6
    endloop
  endfacet
  facet normal 0 0 1
    outer loop
      vertex -139.825 18.5998 6
      vertex -146 10.35 6
      vertex -139.626 18.3737 6
    endloop
  endfacet
  facet normal 0 0 1
    outer loop
      vertex -139.992 18.85 6
      vertex -146 10.35 6
      vertex -139.825 18.5998 6
    endloop
  endfacet
  facet normal 1 -0 0
    outer loop
      vertex -130 -26 6
      vertex -130 -10.35 0
      vertex -130 -10.35 6
    endloop
  endfacet
  facet normal 1 0 0
    outer loop
      vertex -130 -10.35 0
      vertex -130 -26 6
      vertex -130 -26 0
    endloop
  endfacet
  facet normal 1 -0 0
    outer loop
      vertex -130 10.35 6
      vertex -130 26 0
      vertex -130 26 6
    endloop
  endfacet
  facet normal 1 0 0
    outer loop
      vertex -130 26 0
      vertex -130 10.35 6
      vertex -130 10.35 0
    endloop
  endfacet
  facet normal 0 1 -0
    outer loop
      vertex -130 26 0
      vertex -146 26 6
      vertex -130 26 6
    endloop
  endfacet
  facet normal 0 1 0
    outer loop
      vertex -146 26 6
      vertex -130 26 0
      vertex -146 26 0
    endloop
  endfacet
  facet normal 0 -1 0
    outer loop
      vertex -146 -26 0
      vertex -130 -26 6
      vertex -146 -26 6
    endloop
  endfacet
  facet normal 0 -1 -0
    outer loop
      vertex -130 -26 6
      vertex -146 -26 0
      vertex -130 -26 0
    endloop
  endfacet
  facet normal -0 0 1
    outer loop
      vertex -126 8 6
      vertex -82 -8 6
      vertex -82 8 6
    endloop
  endfacet
  facet normal 0 0 1
    outer loop
      vertex -82 -8 6
      vertex -126 8 6
      vertex -126 -8 6
    endloop
  endfacet
  facet normal 0 0 1
    outer loop
      vertex -66 -22 6
      vertex -71.7197 -15.6998 6
      vertex -71.7 -16 6
    endloop
  endfacet
  facet normal 0 0 1
    outer loop
      vertex -66 -22 6
      vertex -71.7784 -15.4047 6
      vertex -71.7197 -15.6998 6
    endloop
  endfacet
  facet normal 0 0 1
    outer loop
      vertex -70 -6.35 6
      vertex -71.8751 -15.1198 6
      vertex -71.7784 -15.4047 6
    endloop
  endfacet
  facet normal 0 0 1
    outer loop
      vertex -70 -6.35 6
      vertex -72.0081 -14.85 6
      vertex -71.8751 -15.1198 6
    endloop
  endfacet
  facet normal 0 0 1
    outer loop
      vertex -70 -6.35 6
      vertex -72.1753 -14.5998 6
      vertex -72.0081 -14.85 6
    endloop
  endfacet
  facet normal 0 0 1
    outer loop
      vertex -70 -6.35 6
      vertex -72.3737 -14.3737 6
      vertex -72.1753 -14.5998 6
    endloop
  endfacet
  facet normal 0 0 1
    outer loop
      vertex -70 -6.35 6
      vertex -72.5998 -14.1753 6
      vertex -72.3737 -14.3737 6
    endloop
  endfacet
  facet normal 0 0 1
    outer loop
      vertex -70 -6.35 6
      vertex -72.85 -14.0081 6
      vertex -72.5998 -14.1753 6
    endloop
  endfacet
  facet normal 0 0 1
    outer loop
      vertex -70 -6.35 6
      vertex -73.1198 -13.8751 6
      vertex -72.85 -14.0081 6
    endloop
  endfacet
  facet normal 0 0 1
    outer loop
      vertex -70 -6.35 6
      vertex -73.4047 -13.7784 6
      vertex -73.1198 -13.8751 6
    endloop
  endfacet
  facet normal 0 0 1
    outer loop
      vertex -70 -6.35 6
      vertex -73.6998 -13.7197 6
      vertex -73.4047 -13.7784 6
    endloop
  endfacet
  facet normal 0 0 1
    outer loop
      vertex -70 -6.35 6
      vertex -74 -13.7 6
      vertex -73.6998 -13.7197 6
    endloop
  endfacet
  facet normal -0 0 1
    outer loop
      vertex -78 -6.35 6
      vertex -74 -13.7 6
      vertex -70 -6.35 6
    endloop
  endfacet
  facet normal 0 0 1
    outer loop
      vertex -74 -13.7 6
      vertex -78 -6.35 6
      vertex -74.3002 -13.7197 6
    endloop
  endfacet
  facet normal 0 0 1
    outer loop
      vertex -74.3002 -13.7197 6
      vertex -78 -6.35 6
      vertex -74.5953 -13.7784 6
    endloop
  endfacet
  facet normal 0 0 1
    outer loop
      vertex -74.5953 -13.7784 6
      vertex -78 -6.35 6
      vertex -74.8802 -13.8751 6
    endloop
  endfacet
  facet normal 0 0 1
    outer loop
      vertex -74.8802 -13.8751 6
      vertex -78 -6.35 6
      vertex -75.15 -14.0081 6
    endloop
  endfacet
  facet normal 0 0 1
    outer loop
      vertex -75.15 -14.0081 6
      vertex -78 -6.35 6
      vertex -75.4002 -14.1753 6
    endloop
  endfacet
  facet normal 0 0 1
    outer loop
      vertex -75.4002 -14.1753 6
      vertex -78 -6.35 6
      vertex -75.6263 -14.3737 6
    endloop
  endfacet
  facet normal 0 0 1
    outer loop
      vertex -76.2216 -15.4047 6
      vertex -82 -8 6
      vertex -76.2803 -15.6998 6
    endloop
  endfacet
  facet normal 0 0 1
    outer loop
      vertex -76.1249 -15.1198 6
      vertex -82 -8 6
      vertex -76.2216 -15.4047 6
    endloop
  endfacet
  facet normal 0 0 1
    outer loop
      vertex -75.9919 -14.85 6
      vertex -82 -8 6
      vertex -76.1249 -15.1198 6
    endloop
  endfacet
  facet normal 0 0 1
    outer loop
      vertex -75.8247 -14.5998 6
      vertex -82 -8 6
      vertex -75.9919 -14.85 6
    endloop
  endfacet
  facet normal 0 0 1
    outer loop
      vertex -75.6263 -14.3737 6
      vertex -82 -8 6
      vertex -75.8247 -14.5998 6
    endloop
  endfacet
  facet normal -0 0 1
    outer loop
      vertex -82 -8 6
      vertex -75.6263 -14.3737 6
      vertex -78 -6.35 6
    endloop
  endfacet
  facet normal 0 0 1
    outer loop
      vertex -66 22 6
      vertex -70 6.35 6
      vertex -66 -22 6
    endloop
  endfacet
  facet normal 0 0 1
    outer loop
      vertex -66 22 6
      vertex -78 6.35 6
      vertex -70 6.35 6
    endloop
  endfacet
  facet normal -0 0 1
    outer loop
      vertex -82 8 6
      vertex -78 6.35 6
      vertex -82 22 6
    endloop
  endfacet
  facet normal -0 0 1
    outer loop
      vertex -82 22 6
      vertex -78 6.35 6
      vertex -66 22 6
    endloop
  endfacet
  facet normal -0 0 1
    outer loop
      vertex -70 -6.35 6
      vertex -66 -22 6
      vertex -70 6.35 6
    endloop
  endfacet
  facet normal -0 0 1
    outer loop
      vertex -71.7784 -15.4047 6
      vertex -66 -22 6
      vertex -70 -6.35 6
    endloop
  endfacet
  facet normal -0 0 1
    outer loop
      vertex -71.7197 -16.3002 6
      vertex -66 -22 6
      vertex -71.7 -16 6
    endloop
  endfacet
  facet normal -0 0 1
    outer loop
      vertex -71.7784 -16.5953 6
      vertex -66 -22 6
      vertex -71.7197 -16.3002 6
    endloop
  endfacet
  facet normal -0 0 1
    outer loop
      vertex -71.8751 -16.8802 6
      vertex -66 -22 6
      vertex -71.7784 -16.5953 6
    endloop
  endfacet
  facet normal -0 0 1
    outer loop
      vertex -72.0081 -17.15 6
      vertex -66 -22 6
      vertex -71.8751 -16.8802 6
    endloop
  endfacet
  facet normal -0 0 1
    outer loop
      vertex -72.1753 -17.4002 6
      vertex -66 -22 6
      vertex -72.0081 -17.15 6
    endloop
  endfacet
  facet normal -0 0 1
    outer loop
      vertex -72.3737 -17.6263 6
      vertex -66 -22 6
      vertex -72.1753 -17.4002 6
    endloop
  endfacet
  facet normal -0 0 1
    outer loop
      vertex -72.5998 -17.8247 6
      vertex -66 -22 6
      vertex -72.3737 -17.6263 6
    endloop
  endfacet
  facet normal -0 0 1
    outer loop
      vertex -72.85 -17.9919 6
      vertex -66 -22 6
      vertex -72.5998 -17.8247 6
    endloop
  endfacet
  facet normal -0 0 1
    outer loop
      vertex -73.1198 -18.1249 6
      vertex -66 -22 6
      vertex -72.85 -17.9919 6
    endloop
  endfacet
  facet normal -0 0 1
    outer loop
      vertex -73.4047 -18.2216 6
      vertex -66 -22 6
      vertex -73.1198 -18.1249 6
    endloop
  endfacet
  facet normal -0 0 1
    outer loop
      vertex -73.6998 -18.2803 6
      vertex -66 -22 6
      vertex -73.4047 -18.2216 6
    endloop
  endfacet
  facet normal -0 0 1
    outer loop
      vertex -74 -18.3 6
      vertex -66 -22 6
      vertex -73.6998 -18.2803 6
    endloop
  endfacet
  facet normal 0 0 1
    outer loop
      vertex -82 -22 6
      vertex -74 -18.3 6
      vertex -74.3002 -18.2803 6
    endloop
  endfacet
  facet normal 0 0 1
    outer loop
      vertex -82 -22 6
      vertex -74.3002 -18.2803 6
      vertex -74.5953 -18.2216 6
    endloop
  endfacet
  facet normal 0 0 1
    outer loop
      vertex -82 -22 6
      vertex -74.5953 -18.2216 6
      vertex -74.8802 -18.1249 6
    endloop
  endfacet
  facet normal 0 0 1
    outer loop
      vertex -82 -22 6
      vertex -76.2803 -15.6998 6
      vertex -82 -8 6
    endloop
  endfacet
  facet normal 0 0 1
    outer loop
      vertex -78 6.35 6
      vertex -82 8 6
      vertex -78 -6.35 6
    endloop
  endfacet
  facet normal 0 0 1
    outer loop
      vertex -82 -8 6
      vertex -78 -6.35 6
      vertex -82 8 6
    endloop
  endfacet
  facet normal 0 0 1
    outer loop
      vertex -76.2803 -15.6998 6
      vertex -82 -22 6
      vertex -76.3 -16 6
    endloop
  endfacet
  facet normal 0 0 1
    outer loop
      vertex -76.3 -16 6
      vertex -82 -22 6
      vertex -76.2803 -16.3002 6
    endloop
  endfacet
  facet normal 0 0 1
    outer loop
      vertex -76.2803 -16.3002 6
      vertex -82 -22 6
      vertex -76.2216 -16.5953 6
    endloop
  endfacet
  facet normal 0 0 1
    outer loop
      vertex -76.2216 -16.5953 6
      vertex -82 -22 6
      vertex -76.1249 -16.8802 6
    endloop
  endfacet
  facet normal 0 0 1
    outer loop
      vertex -74 -18.3 6
      vertex -82 -22 6
      vertex -66 -22 6
    endloop
  endfacet
  facet normal 0 0 1
    outer loop
      vertex -75.15 -17.9919 6
      vertex -82 -22 6
      vertex -74.8802 -18.1249 6
    endloop
  endfacet
  facet normal 0 0 1
    outer loop
      vertex -75.4002 -17.8247 6
      vertex -82 -22 6
      vertex -75.15 -17.9919 6
    endloop
  endfacet
  facet normal 0 0 1
    outer loop
      vertex -75.6263 -17.6263 6
      vertex -82 -22 6
      vertex -75.4002 -17.8247 6
    endloop
  endfacet
  facet normal 0 0 1
    outer loop
      vertex -75.8247 -17.4002 6
      vertex -82 -22 6
      vertex -75.6263 -17.6263 6
    endloop
  endfacet
  facet normal 0 0 1
    outer loop
      vertex -75.9919 -17.15 6
      vertex -82 -22 6
      vertex -75.8247 -17.4002 6
    endloop
  endfacet
  facet normal 0 0 1
    outer loop
      vertex -76.1249 -16.8802 6
      vertex -82 -22 6
      vertex -75.9919 -17.15 6
    endloop
  endfacet
  facet normal 1 -0 0
    outer loop
      vertex -66 -22 6
      vertex -66 22 0
      vertex -66 22 6
    endloop
  endfacet
  facet normal 1 0 0
    outer loop
      vertex -66 22 0
      vertex -66 -22 6
      vertex -66 -22 0
    endloop
  endfacet
  facet normal 0 1 -0
    outer loop
      vertex -82 8 0
      vertex -126 8 6
      vertex -82 8 6
    endloop
  endfacet
  facet normal 0 1 0
    outer loop
      vertex -126 8 6
      vertex -82 8 0
      vertex -126 8 0
    endloop
  endfacet
  facet normal 0 -1 0
    outer loop
      vertex -126 -8 0
      vertex -82 -8 6
      vertex -126 -8 6
    endloop
  endfacet
  facet normal 0 -1 -0
    outer loop
      vertex -82 -8 6
      vertex -126 -8 0
      vertex -82 -8 0
    endloop
  endfacet
  facet normal -1 0 0
    outer loop
      vertex -82 -22 0
      vertex -82 -8 6
      vertex -82 -8 0
    endloop
  endfacet
  facet normal -1 -0 0
    outer loop
      vertex -82 -8 6
      vertex -82 -22 0
      vertex -82 -22 6
    endloop
  endfacet
  facet normal -1 0 0
    outer loop
      vertex -82 8 0
      vertex -82 22 6
      vertex -82 22 0
    endloop
  endfacet
  facet normal -1 -0 0
    outer loop
      vertex -82 22 6
      vertex -82 8 0
      vertex -82 8 6
    endloop
  endfacet
  facet normal 0 -1 0
    outer loop
      vertex -82 -22 0
      vertex -66 -22 6
      vertex -82 -22 6
    endloop
  endfacet
  facet normal 0 -1 -0
    outer loop
      vertex -66 -22 6
      vertex -82 -22 0
      vertex -66 -22 0
    endloop
  endfacet
  facet normal 0 1 -0
    outer loop
      vertex -66 22 0
      vertex -82 22 6
      vertex -66 22 6
    endloop
  endfacet
  facet normal 0 1 0
    outer loop
      vertex -82 22 6
      vertex -66 22 0
      vertex -82 22 0
    endloop
  endfacet
  facet normal -1 0 0
    outer loop
      vertex -78 -6.35 6
      vertex -78 6.35 11
      vertex -78 6.35 6
    endloop
  endfacet
  facet normal -1 -0 0
    outer loop
      vertex -78 6.35 11
      vertex -78 -6.35 6
      vertex -78 -6.35 11
    endloop
  endfacet
  facet normal -0 0 1
    outer loop
      vertex -78 6.35 11
      vertex -70 -6.35 11
      vertex -70 6.35 11
    endloop
  endfacet
  facet normal 0 0 1
    outer loop
      vertex -70 -6.35 11
      vertex -78 6.35 11
      vertex -78 -6.35 11
    endloop
  endfacet
  facet normal 1 -0 0
    outer loop
      vertex -70 -6.35 11
      vertex -70 6.35 6
      vertex -70 6.35 11
    endloop
  endfacet
  facet normal 1 0 0
    outer loop
      vertex -70 6.35 6
      vertex -70 -6.35 11
      vertex -70 -6.35 6
    endloop
  endfacet
  facet normal 0 1 -0
    outer loop
      vertex -70 6.35 6
      vertex -78 6.35 11
      vertex -70 6.35 11
    endloop
  endfacet
  facet normal 0 1 0
    outer loop
      vertex -78 6.35 11
      vertex -70 6.35 6
      vertex -78 6.35 6
    endloop
  endfacet
  facet normal 0 -1 0
    outer loop
      vertex -78 -6.35 6
      vertex -70 -6.35 11
      vertex -78 -6.35 11
    endloop
  endfacet
  facet normal 0 -1 -0
    outer loop
      vertex -70 -6.35 11
      vertex -78 -6.35 6
      vertex -70 -6.35 6
    endloop
  endfacet
  facet normal -0.997772 -0.0667133 0
    outer loop
      vertex -142.25 0 5.79
      vertex -142.274 0.358947 12
      vertex -142.274 0.358947 5.79
    endloop
  endfacet
  facet normal -0.997772 -0.0667133 0
    outer loop
      vertex -142.274 0.358947 12
      vertex -142.25 0 5.79
      vertex -142.25 0 12
    endloop
  endfacet
  facet normal 0.997772 -0.0667133 0
    outer loop
      vertex -147.75 0 12
      vertex -147.726 0.358947 5.79
      vertex -147.726 0.358947 12
    endloop
  endfacet
  facet normal 0.997772 -0.0667133 0
    outer loop
      vertex -147.726 0.358947 5.79
      vertex -147.75 0 12
      vertex -147.75 0 5.79
    endloop
  endfacet
  facet normal -0.0654028 -0.997859 0
    outer loop
      vertex -145 2.75 5.79
      vertex -144.641 2.72647 12
      vertex -145 2.75 12
    endloop
  endfacet
  facet normal -0.0654028 -0.997859 -0
    outer loop
      vertex -144.641 2.72647 12
      vertex -145 2.75 5.79
      vertex -144.641 2.72647 5.79
    endloop
  endfacet
  facet normal 0.0654028 0.997859 -0
    outer loop
      vertex -145 -2.75 5.79
      vertex -145.359 -2.72647 12
      vertex -145 -2.75 12
    endloop
  endfacet
  facet normal 0.0654028 0.997859 0
    outer loop
      vertex -145.359 -2.72647 12
      vertex -145 -2.75 5.79
      vertex -145.359 -2.72647 5.79
    endloop
  endfacet
  facet normal 0.752086 0.659066 0
    outer loop
      vertex -146.945 -1.94454 12
      vertex -147.182 -1.67409 5.79
      vertex -147.182 -1.67409 12
    endloop
  endfacet
  facet normal 0.752086 0.659066 0
    outer loop
      vertex -147.182 -1.67409 5.79
      vertex -146.945 -1.94454 12
      vertex -146.945 -1.94454 5.79
    endloop
  endfacet
  facet normal -0.752086 -0.659066 0
    outer loop
      vertex -142.818 1.67409 5.79
      vertex -143.055 1.94454 12
      vertex -143.055 1.94454 5.79
    endloop
  endfacet
  facet normal -0.752086 -0.659066 0
    outer loop
      vertex -143.055 1.94454 12
      vertex -142.818 1.67409 5.79
      vertex -142.818 1.67409 12
    endloop
  endfacet
  facet normal 0.658591 -0.752501 0
    outer loop
      vertex -146.945 1.94454 5.79
      vertex -146.674 2.18172 12
      vertex -146.945 1.94454 12
    endloop
  endfacet
  facet normal 0.658591 -0.752501 0
    outer loop
      vertex -146.674 2.18172 12
      vertex -146.945 1.94454 5.79
      vertex -146.674 2.18172 5.79
    endloop
  endfacet
  facet normal 0.321978 -0.946747 0
    outer loop
      vertex -146.052 2.54067 5.79
      vertex -145.712 2.6563 12
      vertex -146.052 2.54067 12
    endloop
  endfacet
  facet normal 0.321978 -0.946747 0
    outer loop
      vertex -145.712 2.6563 12
      vertex -146.052 2.54067 5.79
      vertex -145.712 2.6563 5.79
    endloop
  endfacet
  facet normal -0.94746 -0.319874 0
    outer loop
      vertex -142.344 0.711752 5.79
      vertex -142.459 1.05238 12
      vertex -142.459 1.05238 5.79
    endloop
  endfacet
  facet normal -0.94746 -0.319874 0
    outer loop
      vertex -142.459 1.05238 12
      vertex -142.344 0.711752 5.79
      vertex -142.344 0.711752 12
    endloop
  endfacet
  facet normal -0.980879 -0.194616 0
    outer loop
      vertex -142.274 0.358947 5.79
      vertex -142.344 0.711752 12
      vertex -142.344 0.711752 5.79
    endloop
  endfacet
  facet normal -0.980879 -0.194616 0
    outer loop
      vertex -142.344 0.711752 12
      vertex -142.274 0.358947 5.79
      vertex -142.274 0.358947 12
    endloop
  endfacet
  facet normal -0.896981 -0.442068 0
    outer loop
      vertex -142.459 1.05238 5.79
      vertex -142.618 1.375 12
      vertex -142.618 1.375 5.79
    endloop
  endfacet
  facet normal -0.896981 -0.442068 0
    outer loop
      vertex -142.618 1.375 12
      vertex -142.459 1.05238 5.79
      vertex -142.459 1.05238 12
    endloop
  endfacet
  facet normal -0.441873 -0.897078 0
    outer loop
      vertex -143.948 2.54067 5.79
      vertex -143.625 2.38157 12
      vertex -143.948 2.54067 12
    endloop
  endfacet
  facet normal -0.441873 -0.897078 -0
    outer loop
      vertex -143.625 2.38157 12
      vertex -143.948 2.54067 5.79
      vertex -143.625 2.38157 5.79
    endloop
  endfacet
  facet normal -0.321978 -0.946747 0
    outer loop
      vertex -144.288 2.6563 5.79
      vertex -143.948 2.54067 12
      vertex -144.288 2.6563 12
    endloop
  endfacet
  facet normal -0.321978 -0.946747 -0
    outer loop
      vertex -143.948 2.54067 12
      vertex -144.288 2.6563 5.79
      vertex -143.948 2.54067 5.79
    endloop
  endfacet
  facet normal -0.555694 -0.831387 0
    outer loop
      vertex -143.625 2.38157 5.79
      vertex -143.326 2.18172 12
      vertex -143.625 2.38157 12
    endloop
  endfacet
  facet normal -0.555694 -0.831387 -0
    outer loop
      vertex -143.326 2.18172 12
      vertex -143.625 2.38157 5.79
      vertex -143.326 2.18172 5.79
    endloop
  endfacet
  facet normal 0.896981 -0.442068 0
    outer loop
      vertex -147.541 1.05238 12
      vertex -147.382 1.375 5.79
      vertex -147.382 1.375 12
    endloop
  endfacet
  facet normal 0.896981 -0.442068 0
    outer loop
      vertex -147.382 1.375 5.79
      vertex -147.541 1.05238 12
      vertex -147.541 1.05238 5.79
    endloop
  endfacet
  facet normal 0.94746 -0.319874 0
    outer loop
      vertex -147.656 0.711752 12
      vertex -147.541 1.05238 5.79
      vertex -147.541 1.05238 12
    endloop
  endfacet
  facet normal 0.94746 -0.319874 0
    outer loop
      vertex -147.541 1.05238 5.79
      vertex -147.656 0.711752 12
      vertex -147.656 0.711752 5.79
    endloop
  endfacet
  facet normal 0.441873 -0.897078 0
    outer loop
      vertex -146.375 2.38157 5.79
      vertex -146.052 2.54067 12
      vertex -146.375 2.38157 12
    endloop
  endfacet
  facet normal 0.441873 -0.897078 0
    outer loop
      vertex -146.052 2.54067 12
      vertex -146.375 2.38157 5.79
      vertex -146.052 2.54067 5.79
    endloop
  endfacet
  facet normal 0.194967 -0.98081 0
    outer loop
      vertex -145.712 2.6563 5.79
      vertex -145.359 2.72647 12
      vertex -145.712 2.6563 12
    endloop
  endfacet
  facet normal 0.194967 -0.98081 0
    outer loop
      vertex -145.359 2.72647 12
      vertex -145.712 2.6563 5.79
      vertex -145.359 2.72647 5.79
    endloop
  endfacet
  facet normal -0.441873 0.897078 0
    outer loop
      vertex -143.625 -2.38157 5.79
      vertex -143.948 -2.54067 12
      vertex -143.625 -2.38157 12
    endloop
  endfacet
  facet normal -0.441873 0.897078 0
    outer loop
      vertex -143.948 -2.54067 12
      vertex -143.625 -2.38157 5.79
      vertex -143.948 -2.54067 5.79
    endloop
  endfacet
  facet normal -0.980879 0.194616 0
    outer loop
      vertex -142.344 -0.711752 5.79
      vertex -142.274 -0.358947 12
      vertex -142.274 -0.358947 5.79
    endloop
  endfacet
  facet normal -0.980879 0.194616 0
    outer loop
      vertex -142.274 -0.358947 12
      vertex -142.344 -0.711752 5.79
      vertex -142.344 -0.711752 12
    endloop
  endfacet
  facet normal 0.321978 0.946747 -0
    outer loop
      vertex -145.712 -2.6563 5.79
      vertex -146.052 -2.54067 12
      vertex -145.712 -2.6563 12
    endloop
  endfacet
  facet normal 0.321978 0.946747 0
    outer loop
      vertex -146.052 -2.54067 12
      vertex -145.712 -2.6563 5.79
      vertex -146.052 -2.54067 5.79
    endloop
  endfacet
  facet normal 0.896981 0.442068 0
    outer loop
      vertex -147.382 -1.375 12
      vertex -147.541 -1.05238 5.79
      vertex -147.541 -1.05238 12
    endloop
  endfacet
  facet normal 0.896981 0.442068 0
    outer loop
      vertex -147.541 -1.05238 5.79
      vertex -147.382 -1.375 12
      vertex -147.382 -1.375 5.79
    endloop
  endfacet
  facet normal -0.831271 -0.555867 0
    outer loop
      vertex -142.618 1.375 5.79
      vertex -142.818 1.67409 12
      vertex -142.818 1.67409 5.79
    endloop
  endfacet
  facet normal -0.831271 -0.555867 0
    outer loop
      vertex -142.818 1.67409 12
      vertex -142.618 1.375 5.79
      vertex -142.618 1.375 12
    endloop
  endfacet
  facet normal -0.194967 -0.98081 0
    outer loop
      vertex -144.641 2.72647 5.79
      vertex -144.288 2.6563 12
      vertex -144.641 2.72647 12
    endloop
  endfacet
  facet normal -0.194967 -0.98081 -0
    outer loop
      vertex -144.288 2.6563 12
      vertex -144.641 2.72647 5.79
      vertex -144.288 2.6563 5.79
    endloop
  endfacet
  facet normal -0.658591 -0.752501 0
    outer loop
      vertex -143.326 2.18172 5.79
      vertex -143.055 1.94454 12
      vertex -143.326 2.18172 12
    endloop
  endfacet
  facet normal -0.658591 -0.752501 -0
    outer loop
      vertex -143.055 1.94454 12
      vertex -143.326 2.18172 5.79
      vertex -143.055 1.94454 5.79
    endloop
  endfacet
  facet normal 0.831271 -0.555867 0
    outer loop
      vertex -147.382 1.375 12
      vertex -147.182 1.67409 5.79
      vertex -147.182 1.67409 12
    endloop
  endfacet
  facet normal 0.831271 -0.555867 0
    outer loop
      vertex -147.182 1.67409 5.79
      vertex -147.382 1.375 12
      vertex -147.382 1.375 5.79
    endloop
  endfacet
  facet normal 0.752086 -0.659066 0
    outer loop
      vertex -147.182 1.67409 12
      vertex -146.945 1.94454 5.79
      vertex -146.945 1.94454 12
    endloop
  endfacet
  facet normal 0.752086 -0.659066 0
    outer loop
      vertex -146.945 1.94454 5.79
      vertex -147.182 1.67409 12
      vertex -147.182 1.67409 5.79
    endloop
  endfacet
  facet normal 0.980879 -0.194616 0
    outer loop
      vertex -147.726 0.358947 12
      vertex -147.656 0.711752 5.79
      vertex -147.656 0.711752 12
    endloop
  endfacet
  facet normal 0.980879 -0.194616 0
    outer loop
      vertex -147.656 0.711752 5.79
      vertex -147.726 0.358947 12
      vertex -147.726 0.358947 5.79
    endloop
  endfacet
  facet normal 0.555694 -0.831387 0
    outer loop
      vertex -146.674 2.18172 5.79
      vertex -146.375 2.38157 12
      vertex -146.674 2.18172 12
    endloop
  endfacet
  facet normal 0.555694 -0.831387 0
    outer loop
      vertex -146.375 2.38157 12
      vertex -146.674 2.18172 5.79
      vertex -146.375 2.38157 5.79
    endloop
  endfacet
  facet normal 0.0654028 -0.997859 0
    outer loop
      vertex -145.359 2.72647 5.79
      vertex -145 2.75 12
      vertex -145.359 2.72647 12
    endloop
  endfacet
  facet normal 0.0654028 -0.997859 0
    outer loop
      vertex -145 2.75 12
      vertex -145.359 2.72647 5.79
      vertex -145 2.75 5.79
    endloop
  endfacet
  facet normal -0.997772 0.0667133 0
    outer loop
      vertex -142.274 -0.358947 5.79
      vertex -142.25 0 12
      vertex -142.25 0 5.79
    endloop
  endfacet
  facet normal -0.997772 0.0667133 0
    outer loop
      vertex -142.25 0 12
      vertex -142.274 -0.358947 5.79
      vertex -142.274 -0.358947 12
    endloop
  endfacet
  facet normal -0.0654028 0.997859 0
    outer loop
      vertex -144.641 -2.72647 5.79
      vertex -145 -2.75 12
      vertex -144.641 -2.72647 12
    endloop
  endfacet
  facet normal -0.0654028 0.997859 0
    outer loop
      vertex -145 -2.75 12
      vertex -144.641 -2.72647 5.79
      vertex -145 -2.75 5.79
    endloop
  endfacet
  facet normal -0.321978 0.946747 0
    outer loop
      vertex -143.948 -2.54067 5.79
      vertex -144.288 -2.6563 12
      vertex -143.948 -2.54067 12
    endloop
  endfacet
  facet normal -0.321978 0.946747 0
    outer loop
      vertex -144.288 -2.6563 12
      vertex -143.948 -2.54067 5.79
      vertex -144.288 -2.6563 5.79
    endloop
  endfacet
  facet normal -0.555694 0.831387 0
    outer loop
      vertex -143.326 -2.18172 5.79
      vertex -143.625 -2.38157 12
      vertex -143.326 -2.18172 12
    endloop
  endfacet
  facet normal -0.555694 0.831387 0
    outer loop
      vertex -143.625 -2.38157 12
      vertex -143.326 -2.18172 5.79
      vertex -143.625 -2.38157 5.79
    endloop
  endfacet
  facet normal -0.752086 0.659066 0
    outer loop
      vertex -143.055 -1.94454 5.79
      vertex -142.818 -1.67409 12
      vertex -142.818 -1.67409 5.79
    endloop
  endfacet
  facet normal -0.752086 0.659066 0
    outer loop
      vertex -142.818 -1.67409 12
      vertex -143.055 -1.94454 5.79
      vertex -143.055 -1.94454 12
    endloop
  endfacet
  facet normal -0.896981 0.442068 0
    outer loop
      vertex -142.618 -1.375 5.79
      vertex -142.459 -1.05238 12
      vertex -142.459 -1.05238 5.79
    endloop
  endfacet
  facet normal -0.896981 0.442068 0
    outer loop
      vertex -142.459 -1.05238 12
      vertex -142.618 -1.375 5.79
      vertex -142.618 -1.375 12
    endloop
  endfacet
  facet normal 0.658591 0.752501 -0
    outer loop
      vertex -146.674 -2.18172 5.79
      vertex -146.945 -1.94454 12
      vertex -146.674 -2.18172 12
    endloop
  endfacet
  facet normal 0.658591 0.752501 0
    outer loop
      vertex -146.945 -1.94454 12
      vertex -146.674 -2.18172 5.79
      vertex -146.945 -1.94454 5.79
    endloop
  endfacet
  facet normal 0.441873 0.897078 -0
    outer loop
      vertex -146.052 -2.54067 5.79
      vertex -146.375 -2.38157 12
      vertex -146.052 -2.54067 12
    endloop
  endfacet
  facet normal 0.441873 0.897078 0
    outer loop
      vertex -146.375 -2.38157 12
      vertex -146.052 -2.54067 5.79
      vertex -146.375 -2.38157 5.79
    endloop
  endfacet
  facet normal 0.194967 0.98081 -0
    outer loop
      vertex -145.359 -2.72647 5.79
      vertex -145.712 -2.6563 12
      vertex -145.359 -2.72647 12
    endloop
  endfacet
  facet normal 0.194967 0.98081 0
    outer loop
      vertex -145.712 -2.6563 12
      vertex -145.359 -2.72647 5.79
      vertex -145.712 -2.6563 5.79
    endloop
  endfacet
  facet normal 0.831271 0.555867 0
    outer loop
      vertex -147.182 -1.67409 12
      vertex -147.382 -1.375 5.79
      vertex -147.382 -1.375 12
    endloop
  endfacet
  facet normal 0.831271 0.555867 0
    outer loop
      vertex -147.382 -1.375 5.79
      vertex -147.182 -1.67409 12
      vertex -147.182 -1.67409 5.79
    endloop
  endfacet
  facet normal 0.94746 0.319874 0
    outer loop
      vertex -147.541 -1.05238 12
      vertex -147.656 -0.711752 5.79
      vertex -147.656 -0.711752 12
    endloop
  endfacet
  facet normal 0.94746 0.319874 0
    outer loop
      vertex -147.656 -0.711752 5.79
      vertex -147.541 -1.05238 12
      vertex -147.541 -1.05238 5.79
    endloop
  endfacet
  facet normal 0.997772 0.0667133 0
    outer loop
      vertex -147.726 -0.358947 12
      vertex -147.75 0 5.79
      vertex -147.75 0 12
    endloop
  endfacet
  facet normal 0.997772 0.0667133 0
    outer loop
      vertex -147.75 0 5.79
      vertex -147.726 -0.358947 12
      vertex -147.726 -0.358947 5.79
    endloop
  endfacet
  facet normal -0.194967 0.98081 0
    outer loop
      vertex -144.288 -2.6563 5.79
      vertex -144.641 -2.72647 12
      vertex -144.288 -2.6563 12
    endloop
  endfacet
  facet normal -0.194967 0.98081 0
    outer loop
      vertex -144.641 -2.72647 12
      vertex -144.288 -2.6563 5.79
      vertex -144.641 -2.72647 5.79
    endloop
  endfacet
  facet normal -0.658591 0.752501 0
    outer loop
      vertex -143.055 -1.94454 5.79
      vertex -143.326 -2.18172 12
      vertex -143.055 -1.94454 12
    endloop
  endfacet
  facet normal -0.658591 0.752501 0
    outer loop
      vertex -143.326 -2.18172 12
      vertex -143.055 -1.94454 5.79
      vertex -143.326 -2.18172 5.79
    endloop
  endfacet
  facet normal -0.831271 0.555867 0
    outer loop
      vertex -142.818 -1.67409 5.79
      vertex -142.618 -1.375 12
      vertex -142.618 -1.375 5.79
    endloop
  endfacet
  facet normal -0.831271 0.555867 0
    outer loop
      vertex -142.618 -1.375 12
      vertex -142.818 -1.67409 5.79
      vertex -142.818 -1.67409 12
    endloop
  endfacet
  facet normal -0.94746 0.319874 0
    outer loop
      vertex -142.459 -1.05238 5.79
      vertex -142.344 -0.711752 12
      vertex -142.344 -0.711752 5.79
    endloop
  endfacet
  facet normal -0.94746 0.319874 0
    outer loop
      vertex -142.344 -0.711752 12
      vertex -142.459 -1.05238 5.79
      vertex -142.459 -1.05238 12
    endloop
  endfacet
  facet normal 0.555694 0.831387 -0
    outer loop
      vertex -146.375 -2.38157 5.79
      vertex -146.674 -2.18172 12
      vertex -146.375 -2.38157 12
    endloop
  endfacet
  facet normal 0.555694 0.831387 0
    outer loop
      vertex -146.674 -2.18172 12
      vertex -146.375 -2.38157 5.79
      vertex -146.674 -2.18172 5.79
    endloop
  endfacet
  facet normal 0.980879 0.194616 0
    outer loop
      vertex -147.656 -0.711752 12
      vertex -147.726 -0.358947 5.79
      vertex -147.726 -0.358947 12
    endloop
  endfacet
  facet normal 0.980879 0.194616 0
    outer loop
      vertex -147.726 -0.358947 5.79
      vertex -147.656 -0.711752 12
      vertex -147.656 -0.711752 5.79
    endloop
  endfacet
  facet normal -0.896959 -0.442114 0
    outer loop
      vertex -140.75 1.76034 0
      vertex -141.016 2.3 5.79
      vertex -141.016 2.3 0
    endloop
  endfacet
  facet normal -0.896959 -0.442114 0
    outer loop
      vertex -141.016 2.3 5.79
      vertex -140.75 1.76034 0
      vertex -140.75 1.76034 5.79
    endloop
  endfacet
  facet normal -0.830924 -0.556385 0
    outer loop
      vertex -141.016 2.3 0
      vertex -141.351 2.8003 5.79
      vertex -141.351 2.8003 0
    endloop
  endfacet
  facet normal -0.830924 -0.556385 0
    outer loop
      vertex -141.351 2.8003 5.79
      vertex -141.016 2.3 0
      vertex -141.016 2.3 5.79
    endloop
  endfacet
  facet normal -0.321828 -0.946798 0
    outer loop
      vertex -143.809 4.44326 0
      vertex -143.24 4.24985 5.79
      vertex -143.809 4.44326 5.79
    endloop
  endfacet
  facet normal -0.321828 -0.946798 -0
    outer loop
      vertex -143.24 4.24985 5.79
      vertex -143.809 4.44326 0
      vertex -143.24 4.24985 0
    endloop
  endfacet
  facet normal 0.442063 -0.896984 0
    outer loop
      vertex -147.3 3.98372 0
      vertex -146.76 4.24985 5.79
      vertex -147.3 3.98372 5.79
    endloop
  endfacet
  facet normal 0.442063 -0.896984 0
    outer loop
      vertex -146.76 4.24985 5.79
      vertex -147.3 3.98372 0
      vertex -146.76 4.24985 0
    endloop
  endfacet
  facet normal 0.896959 -0.442114 0
    outer loop
      vertex -149.25 1.76034 5.79
      vertex -148.984 2.3 0
      vertex -148.984 2.3 5.79
    endloop
  endfacet
  facet normal 0.896959 -0.442114 0
    outer loop
      vertex -148.984 2.3 0
      vertex -149.25 1.76034 5.79
      vertex -149.25 1.76034 0
    endloop
  endfacet
  facet normal -0.98059 0.196068 0
    outer loop
      vertex -140.557 -1.19057 0
      vertex -140.439 -0.60042 5.79
      vertex -140.439 -0.60042 0
    endloop
  endfacet
  facet normal -0.98059 0.196068 0
    outer loop
      vertex -140.439 -0.60042 5.79
      vertex -140.557 -1.19057 0
      vertex -140.557 -1.19057 5.79
    endloop
  endfacet
  facet normal -0.0654427 -0.997856 0
    outer loop
      vertex -145 4.6 0
      vertex -144.4 4.56065 5.79
      vertex -145 4.6 5.79
    endloop
  endfacet
  facet normal -0.0654427 -0.997856 -0
    outer loop
      vertex -144.4 4.56065 5.79
      vertex -145 4.6 0
      vertex -144.4 4.56065 0
    endloop
  endfacet
  facet normal -0.442063 -0.896984 0
    outer loop
      vertex -143.24 4.24985 0
      vertex -142.7 3.98372 5.79
      vertex -143.24 4.24985 5.79
    endloop
  endfacet
  facet normal -0.442063 -0.896984 -0
    outer loop
      vertex -142.7 3.98372 5.79
      vertex -143.24 4.24985 0
      vertex -142.7 3.98372 0
    endloop
  endfacet
  facet normal 0.997897 -0.0648179 0
    outer loop
      vertex -149.6 0 5.79
      vertex -149.561 0.60042 0
      vertex -149.561 0.60042 5.79
    endloop
  endfacet
  facet normal 0.997897 -0.0648179 0
    outer loop
      vertex -149.561 0.60042 0
      vertex -149.6 0 5.79
      vertex -149.6 0 0
    endloop
  endfacet
  facet normal 0.830924 -0.556385 0
    outer loop
      vertex -148.984 2.3 5.79
      vertex -148.649 2.8003 0
      vertex -148.649 2.8003 5.79
    endloop
  endfacet
  facet normal 0.830924 -0.556385 0
    outer loop
      vertex -148.649 2.8003 0
      vertex -148.984 2.3 5.79
      vertex -148.984 2.3 0
    endloop
  endfacet
  facet normal 0.555812 -0.831308 0
    outer loop
      vertex -147.8 3.64942 0
      vertex -147.3 3.98372 5.79
      vertex -147.8 3.64942 5.79
    endloop
  endfacet
  facet normal 0.555812 -0.831308 0
    outer loop
      vertex -147.3 3.98372 5.79
      vertex -147.8 3.64942 0
      vertex -147.3 3.98372 0
    endloop
  endfacet
  facet normal 0.321828 -0.946798 0
    outer loop
      vertex -146.76 4.24985 0
      vertex -146.191 4.44326 5.79
      vertex -146.76 4.24985 5.79
    endloop
  endfacet
  facet normal 0.321828 -0.946798 0
    outer loop
      vertex -146.191 4.44326 5.79
      vertex -146.76 4.24985 0
      vertex -146.191 4.44326 0
    endloop
  endfacet
  facet normal -0.997897 0.0648179 0
    outer loop
      vertex -140.439 -0.60042 0
      vertex -140.4 0 5.79
      vertex -140.4 0 0
    endloop
  endfacet
  facet normal -0.997897 0.0648179 0
    outer loop
      vertex -140.4 0 5.79
      vertex -140.439 -0.60042 0
      vertex -140.439 -0.60042 5.79
    endloop
  endfacet
  facet normal -0.947138 0.320827 0
    outer loop
      vertex -140.75 -1.76034 0
      vertex -140.557 -1.19057 5.79
      vertex -140.557 -1.19057 0
    endloop
  endfacet
  facet normal -0.947138 0.320827 0
    outer loop
      vertex -140.557 -1.19057 5.79
      vertex -140.75 -1.76034 0
      vertex -140.75 -1.76034 5.79
    endloop
  endfacet
  facet normal -0.555812 0.831308 0
    outer loop
      vertex -142.2 -3.64942 0
      vertex -142.7 -3.98372 5.79
      vertex -142.2 -3.64942 5.79
    endloop
  endfacet
  facet normal -0.555812 0.831308 0
    outer loop
      vertex -142.7 -3.98372 5.79
      vertex -142.2 -3.64942 0
      vertex -142.7 -3.98372 0
    endloop
  endfacet
  facet normal -0.98059 -0.196068 0
    outer loop
      vertex -140.439 0.60042 0
      vertex -140.557 1.19057 5.79
      vertex -140.557 1.19057 0
    endloop
  endfacet
  facet normal -0.98059 -0.196068 0
    outer loop
      vertex -140.557 1.19057 5.79
      vertex -140.439 0.60042 0
      vertex -140.439 0.60042 5.79
    endloop
  endfacet
  facet normal -0.947138 -0.320827 0
    outer loop
      vertex -140.557 1.19057 0
      vertex -140.75 1.76034 5.79
      vertex -140.75 1.76034 0
    endloop
  endfacet
  facet normal -0.947138 -0.320827 0
    outer loop
      vertex -140.75 1.76034 5.79
      vertex -140.557 1.19057 0
      vertex -140.557 1.19057 5.79
    endloop
  endfacet
  facet normal -0.658838 -0.752284 0
    outer loop
      vertex -142.2 3.64942 0
      vertex -141.747 3.25269 5.79
      vertex -142.2 3.64942 5.79
    endloop
  endfacet
  facet normal -0.658838 -0.752284 -0
    outer loop
      vertex -141.747 3.25269 5.79
      vertex -142.2 3.64942 0
      vertex -141.747 3.25269 0
    endloop
  endfacet
  facet normal -0.752446 -0.658654 0
    outer loop
      vertex -141.351 2.8003 0
      vertex -141.747 3.25269 5.79
      vertex -141.747 3.25269 0
    endloop
  endfacet
  facet normal -0.752446 -0.658654 0
    outer loop
      vertex -141.747 3.25269 5.79
      vertex -141.351 2.8003 0
      vertex -141.351 2.8003 5.79
    endloop
  endfacet
  facet normal 0.0654427 -0.997856 0
    outer loop
      vertex -145.6 4.56065 0
      vertex -145 4.6 5.79
      vertex -145.6 4.56065 5.79
    endloop
  endfacet
  facet normal 0.0654427 -0.997856 0
    outer loop
      vertex -145 4.6 5.79
      vertex -145.6 4.56065 0
      vertex -145 4.6 0
    endloop
  endfacet
  facet normal -0.194823 -0.980838 0
    outer loop
      vertex -144.4 4.56065 0
      vertex -143.809 4.44326 5.79
      vertex -144.4 4.56065 5.79
    endloop
  endfacet
  facet normal -0.194823 -0.980838 -0
    outer loop
      vertex -143.809 4.44326 5.79
      vertex -144.4 4.56065 0
      vertex -143.809 4.44326 0
    endloop
  endfacet
  facet normal -0.555812 -0.831308 0
    outer loop
      vertex -142.7 3.98372 0
      vertex -142.2 3.64942 5.79
      vertex -142.7 3.98372 5.79
    endloop
  endfacet
  facet normal -0.555812 -0.831308 -0
    outer loop
      vertex -142.2 3.64942 5.79
      vertex -142.7 3.98372 0
      vertex -142.2 3.64942 0
    endloop
  endfacet
  facet normal 0 0 -1
    outer loop
      vertex -142.25 0 5.79
      vertex -140.4 0 5.79
      vertex -140.439 -0.60042 5.79
    endloop
  endfacet
  facet normal 0 0 -1
    outer loop
      vertex -142.274 -0.358947 5.79
      vertex -140.439 -0.60042 5.79
      vertex -140.557 -1.19057 5.79
    endloop
  endfacet
  facet normal 0 0 -1
    outer loop
      vertex -140.4 0 5.79
      vertex -142.25 0 5.79
      vertex -140.439 0.60042 5.79
    endloop
  endfacet
  facet normal 0 0 -1
    outer loop
      vertex -142.344 -0.711752 5.79
      vertex -140.557 -1.19057 5.79
      vertex -140.75 -1.76034 5.79
    endloop
  endfacet
  facet normal 0 0 -1
    outer loop
      vertex -142.274 0.358947 5.79
      vertex -140.439 0.60042 5.79
      vertex -142.25 0 5.79
    endloop
  endfacet
  facet normal 0 0 -1
    outer loop
      vertex -142.459 -1.05238 5.79
      vertex -140.75 -1.76034 5.79
      vertex -141.016 -2.3 5.79
    endloop
  endfacet
  facet normal -0 0 -1
    outer loop
      vertex -140.439 0.60042 5.79
      vertex -142.274 0.358947 5.79
      vertex -140.557 1.19057 5.79
    endloop
  endfacet
  facet normal 0 0 -1
    outer loop
      vertex -142.618 -1.375 5.79
      vertex -141.016 -2.3 5.79
      vertex -141.351 -2.8003 5.79
    endloop
  endfacet
  facet normal 0 0 -1
    outer loop
      vertex -142.344 0.711752 5.79
      vertex -140.557 1.19057 5.79
      vertex -142.274 0.358947 5.79
    endloop
  endfacet
  facet normal 0 0 -1
    outer loop
      vertex -142.818 -1.67409 5.79
      vertex -141.351 -2.8003 5.79
      vertex -141.747 -3.25269 5.79
    endloop
  endfacet
  facet normal -0 0 -1
    outer loop
      vertex -140.557 1.19057 5.79
      vertex -142.344 0.711752 5.79
      vertex -140.75 1.76034 5.79
    endloop
  endfacet
  facet normal 0 0 -1
    outer loop
      vertex -143.055 -1.94454 5.79
      vertex -141.747 -3.25269 5.79
      vertex -142.2 -3.64942 5.79
    endloop
  endfacet
  facet normal 0 0 -1
    outer loop
      vertex -142.459 1.05238 5.79
      vertex -140.75 1.76034 5.79
      vertex -142.344 0.711752 5.79
    endloop
  endfacet
  facet normal -0 0 -1
    outer loop
      vertex -140.75 1.76034 5.79
      vertex -142.459 1.05238 5.79
      vertex -141.016 2.3 5.79
    endloop
  endfacet
  facet normal 0 0 -1
    outer loop
      vertex -140.439 -0.60042 5.79
      vertex -142.274 -0.358947 5.79
      vertex -142.25 0 5.79
    endloop
  endfacet
  facet normal 0 0 -1
    outer loop
      vertex -140.557 -1.19057 5.79
      vertex -142.344 -0.711752 5.79
      vertex -142.274 -0.358947 5.79
    endloop
  endfacet
  facet normal 0 0 -1
    outer loop
      vertex -140.75 -1.76034 5.79
      vertex -142.459 -1.05238 5.79
      vertex -142.344 -0.711752 5.79
    endloop
  endfacet
  facet normal 0 0 -1
    outer loop
      vertex -141.016 -2.3 5.79
      vertex -142.618 -1.375 5.79
      vertex -142.459 -1.05238 5.79
    endloop
  endfacet
  facet normal 0 0 -1
    outer loop
      vertex -143.326 -2.18172 5.79
      vertex -142.2 -3.64942 5.79
      vertex -142.7 -3.98372 5.79
    endloop
  endfacet
  facet normal 0 0 -1
    outer loop
      vertex -141.351 -2.8003 5.79
      vertex -142.818 -1.67409 5.79
      vertex -142.618 -1.375 5.79
    endloop
  endfacet
  facet normal 0 0 -1
    outer loop
      vertex -141.747 -3.25269 5.79
      vertex -143.055 -1.94454 5.79
      vertex -142.818 -1.67409 5.79
    endloop
  endfacet
  facet normal 0 0 -1
    outer loop
      vertex -143.625 -2.38157 5.79
      vertex -142.7 -3.98372 5.79
      vertex -143.24 -4.24985 5.79
    endloop
  endfacet
  facet normal 0 0 -1
    outer loop
      vertex -142.2 -3.64942 5.79
      vertex -143.326 -2.18172 5.79
      vertex -143.055 -1.94454 5.79
    endloop
  endfacet
  facet normal 0 0 -1
    outer loop
      vertex -142.7 -3.98372 5.79
      vertex -143.625 -2.38157 5.79
      vertex -143.326 -2.18172 5.79
    endloop
  endfacet
  facet normal 0 0 -1
    outer loop
      vertex -143.948 -2.54067 5.79
      vertex -143.24 -4.24985 5.79
      vertex -143.809 -4.44326 5.79
    endloop
  endfacet
  facet normal 0 0 -1
    outer loop
      vertex -143.24 -4.24985 5.79
      vertex -143.948 -2.54067 5.79
      vertex -143.625 -2.38157 5.79
    endloop
  endfacet
  facet normal 0 0 -1
    outer loop
      vertex -143.809 -4.44326 5.79
      vertex -144.288 -2.6563 5.79
      vertex -143.948 -2.54067 5.79
    endloop
  endfacet
  facet normal 0 0 -1
    outer loop
      vertex -144.4 -4.56065 5.79
      vertex -144.288 -2.6563 5.79
      vertex -143.809 -4.44326 5.79
    endloop
  endfacet
  facet normal 0 0 -1
    outer loop
      vertex -144.4 -4.56065 5.79
      vertex -144.641 -2.72647 5.79
      vertex -144.288 -2.6563 5.79
    endloop
  endfacet
  facet normal 0 0 -1
    outer loop
      vertex -145 -4.6 5.79
      vertex -144.641 -2.72647 5.79
      vertex -144.4 -4.56065 5.79
    endloop
  endfacet
  facet normal 0 0 -1
    outer loop
      vertex -145 -4.6 5.79
      vertex -145 -2.75 5.79
      vertex -144.641 -2.72647 5.79
    endloop
  endfacet
  facet normal 0 0 -1
    outer loop
      vertex -145 -4.6 5.79
      vertex -145.359 -2.72647 5.79
      vertex -145 -2.75 5.79
    endloop
  endfacet
  facet normal 0 0 -1
    outer loop
      vertex -145.6 -4.56065 5.79
      vertex -145.359 -2.72647 5.79
      vertex -145 -4.6 5.79
    endloop
  endfacet
  facet normal 0 0 -1
    outer loop
      vertex -145.6 -4.56065 5.79
      vertex -145.712 -2.6563 5.79
      vertex -145.359 -2.72647 5.79
    endloop
  endfacet
  facet normal 0 0 -1
    outer loop
      vertex -146.191 -4.44326 5.79
      vertex -145.712 -2.6563 5.79
      vertex -145.6 -4.56065 5.79
    endloop
  endfacet
  facet normal -0 0 -1
    outer loop
      vertex -145.712 -2.6563 5.79
      vertex -146.191 -4.44326 5.79
      vertex -146.052 -2.54067 5.79
    endloop
  endfacet
  facet normal 0 0 -1
    outer loop
      vertex -146.76 -4.24985 5.79
      vertex -146.052 -2.54067 5.79
      vertex -146.191 -4.44326 5.79
    endloop
  endfacet
  facet normal -0 0 -1
    outer loop
      vertex -146.052 -2.54067 5.79
      vertex -146.76 -4.24985 5.79
      vertex -146.375 -2.38157 5.79
    endloop
  endfacet
  facet normal 0 0 -1
    outer loop
      vertex -147.3 -3.98372 5.79
      vertex -146.375 -2.38157 5.79
      vertex -146.76 -4.24985 5.79
    endloop
  endfacet
  facet normal -0 0 -1
    outer loop
      vertex -146.375 -2.38157 5.79
      vertex -147.3 -3.98372 5.79
      vertex -146.674 -2.18172 5.79
    endloop
  endfacet
  facet normal 0 0 -1
    outer loop
      vertex -147.8 -3.64942 5.79
      vertex -146.674 -2.18172 5.79
      vertex -147.3 -3.98372 5.79
    endloop
  endfacet
  facet normal -0 0 -1
    outer loop
      vertex -146.674 -2.18172 5.79
      vertex -147.8 -3.64942 5.79
      vertex -146.945 -1.94454 5.79
    endloop
  endfacet
  facet normal 0 0 -1
    outer loop
      vertex -148.253 -3.25269 5.79
      vertex -146.945 -1.94454 5.79
      vertex -147.8 -3.64942 5.79
    endloop
  endfacet
  facet normal -0 0 -1
    outer loop
      vertex -146.945 -1.94454 5.79
      vertex -148.253 -3.25269 5.79
      vertex -147.182 -1.67409 5.79
    endloop
  endfacet
  facet normal 0 0 -1
    outer loop
      vertex -148.649 -2.8003 5.79
      vertex -147.182 -1.67409 5.79
      vertex -148.253 -3.25269 5.79
    endloop
  endfacet
  facet normal -0 0 -1
    outer loop
      vertex -147.182 -1.67409 5.79
      vertex -148.649 -2.8003 5.79
      vertex -147.382 -1.375 5.79
    endloop
  endfacet
  facet normal -0 0 -1
    outer loop
      vertex -147.382 -1.375 5.79
      vertex -148.984 -2.3 5.79
      vertex -147.541 -1.05238 5.79
    endloop
  endfacet
  facet normal 0 0 -1
    outer loop
      vertex -148.984 -2.3 5.79
      vertex -147.382 -1.375 5.79
      vertex -148.649 -2.8003 5.79
    endloop
  endfacet
  facet normal 0 0 -1
    outer loop
      vertex -142.618 1.375 5.79
      vertex -141.016 2.3 5.79
      vertex -142.459 1.05238 5.79
    endloop
  endfacet
  facet normal -0 0 -1
    outer loop
      vertex -141.016 2.3 5.79
      vertex -142.618 1.375 5.79
      vertex -141.351 2.8003 5.79
    endloop
  endfacet
  facet normal 0 0 -1
    outer loop
      vertex -142.818 1.67409 5.79
      vertex -141.351 2.8003 5.79
      vertex -142.618 1.375 5.79
    endloop
  endfacet
  facet normal -0 0 -1
    outer loop
      vertex -141.351 2.8003 5.79
      vertex -142.818 1.67409 5.79
      vertex -141.747 3.25269 5.79
    endloop
  endfacet
  facet normal 0 0 -1
    outer loop
      vertex -143.055 1.94454 5.79
      vertex -141.747 3.25269 5.79
      vertex -142.818 1.67409 5.79
    endloop
  endfacet
  facet normal -0 0 -1
    outer loop
      vertex -141.747 3.25269 5.79
      vertex -143.055 1.94454 5.79
      vertex -142.2 3.64942 5.79
    endloop
  endfacet
  facet normal 0 0 -1
    outer loop
      vertex -143.326 2.18172 5.79
      vertex -142.2 3.64942 5.79
      vertex -143.055 1.94454 5.79
    endloop
  endfacet
  facet normal -0 0 -1
    outer loop
      vertex -142.2 3.64942 5.79
      vertex -143.326 2.18172 5.79
      vertex -142.7 3.98372 5.79
    endloop
  endfacet
  facet normal 0 0 -1
    outer loop
      vertex -143.625 2.38157 5.79
      vertex -142.7 3.98372 5.79
      vertex -143.326 2.18172 5.79
    endloop
  endfacet
  facet normal -0 0 -1
    outer loop
      vertex -142.7 3.98372 5.79
      vertex -143.625 2.38157 5.79
      vertex -143.24 4.24985 5.79
    endloop
  endfacet
  facet normal 0 0 -1
    outer loop
      vertex -143.948 2.54067 5.79
      vertex -143.24 4.24985 5.79
      vertex -143.625 2.38157 5.79
    endloop
  endfacet
  facet normal -0 0 -1
    outer loop
      vertex -143.24 4.24985 5.79
      vertex -143.948 2.54067 5.79
      vertex -143.809 4.44326 5.79
    endloop
  endfacet
  facet normal 0 0 -1
    outer loop
      vertex -144.288 2.6563 5.79
      vertex -143.809 4.44326 5.79
      vertex -143.948 2.54067 5.79
    endloop
  endfacet
  facet normal 0 0 -1
    outer loop
      vertex -144.288 2.6563 5.79
      vertex -144.4 4.56065 5.79
      vertex -143.809 4.44326 5.79
    endloop
  endfacet
  facet normal 0 0 -1
    outer loop
      vertex -144.641 2.72647 5.79
      vertex -144.4 4.56065 5.79
      vertex -144.288 2.6563 5.79
    endloop
  endfacet
  facet normal 0 0 -1
    outer loop
      vertex -145 2.75 5.79
      vertex -144.4 4.56065 5.79
      vertex -144.641 2.72647 5.79
    endloop
  endfacet
  facet normal 0 0 -1
    outer loop
      vertex -145 2.75 5.79
      vertex -145 4.6 5.79
      vertex -144.4 4.56065 5.79
    endloop
  endfacet
  facet normal 0 0 -1
    outer loop
      vertex -145.359 2.72647 5.79
      vertex -145 4.6 5.79
      vertex -145 2.75 5.79
    endloop
  endfacet
  facet normal 0 0 -1
    outer loop
      vertex -145.359 2.72647 5.79
      vertex -145.6 4.56065 5.79
      vertex -145 4.6 5.79
    endloop
  endfacet
  facet normal 0 0 -1
    outer loop
      vertex -145.712 2.6563 5.79
      vertex -145.6 4.56065 5.79
      vertex -145.359 2.72647 5.79
    endloop
  endfacet
  facet normal 0 0 -1
    outer loop
      vertex -146.191 4.44326 5.79
      vertex -145.712 2.6563 5.79
      vertex -146.052 2.54067 5.79
    endloop
  endfacet
  facet normal 0 0 -1
    outer loop
      vertex -145.712 2.6563 5.79
      vertex -146.191 4.44326 5.79
      vertex -145.6 4.56065 5.79
    endloop
  endfacet
  facet normal 0 0 -1
    outer loop
      vertex -146.76 4.24985 5.79
      vertex -146.052 2.54067 5.79
      vertex -146.375 2.38157 5.79
    endloop
  endfacet
  facet normal 0 0 -1
    outer loop
      vertex -147.3 3.98372 5.79
      vertex -146.375 2.38157 5.79
      vertex -146.674 2.18172 5.79
    endloop
  endfacet
  facet normal 0 0 -1
    outer loop
      vertex -146.052 2.54067 5.79
      vertex -146.76 4.24985 5.79
      vertex -146.191 4.44326 5.79
    endloop
  endfacet
  facet normal 0 0 -1
    outer loop
      vertex -147.8 3.64942 5.79
      vertex -146.674 2.18172 5.79
      vertex -146.945 1.94454 5.79
    endloop
  endfacet
  facet normal 0 0 -1
    outer loop
      vertex -148.253 3.25269 5.79
      vertex -146.945 1.94454 5.79
      vertex -147.182 1.67409 5.79
    endloop
  endfacet
  facet normal 0 0 -1
    outer loop
      vertex -146.375 2.38157 5.79
      vertex -147.3 3.98372 5.79
      vertex -146.76 4.24985 5.79
    endloop
  endfacet
  facet normal 0 0 -1
    outer loop
      vertex -148.649 2.8003 5.79
      vertex -147.182 1.67409 5.79
      vertex -147.382 1.375 5.79
    endloop
  endfacet
  facet normal 0 0 -1
    outer loop
      vertex -148.984 2.3 5.79
      vertex -147.382 1.375 5.79
      vertex -147.541 1.05238 5.79
    endloop
  endfacet
  facet normal 0 0 -1
    outer loop
      vertex -149.25 1.76034 5.79
      vertex -147.541 1.05238 5.79
      vertex -147.656 0.711752 5.79
    endloop
  endfacet
  facet normal 0 0 -1
    outer loop
      vertex -149.443 1.19057 5.79
      vertex -147.656 0.711752 5.79
      vertex -147.726 0.358947 5.79
    endloop
  endfacet
  facet normal 0 0 -1
    outer loop
      vertex -146.674 2.18172 5.79
      vertex -147.8 3.64942 5.79
      vertex -147.3 3.98372 5.79
    endloop
  endfacet
  facet normal 0 0 -1
    outer loop
      vertex -149.561 0.60042 5.79
      vertex -147.726 0.358947 5.79
      vertex -147.75 0 5.79
    endloop
  endfacet
  facet normal 0 0 -1
    outer loop
      vertex -149.25 -1.76034 5.79
      vertex -147.541 -1.05238 5.79
      vertex -148.984 -2.3 5.79
    endloop
  endfacet
  facet normal -0 0 -1
    outer loop
      vertex -147.541 -1.05238 5.79
      vertex -149.25 -1.76034 5.79
      vertex -147.656 -0.711752 5.79
    endloop
  endfacet
  facet normal 0 0 -1
    outer loop
      vertex -146.945 1.94454 5.79
      vertex -148.253 3.25269 5.79
      vertex -147.8 3.64942 5.79
    endloop
  endfacet
  facet normal 0 0 -1
    outer loop
      vertex -149.443 -1.19057 5.79
      vertex -147.656 -0.711752 5.79
      vertex -149.25 -1.76034 5.79
    endloop
  endfacet
  facet normal 0 0 -1
    outer loop
      vertex -147.182 1.67409 5.79
      vertex -148.649 2.8003 5.79
      vertex -148.253 3.25269 5.79
    endloop
  endfacet
  facet normal -0 0 -1
    outer loop
      vertex -147.656 -0.711752 5.79
      vertex -149.443 -1.19057 5.79
      vertex -147.726 -0.358947 5.79
    endloop
  endfacet
  facet normal 0 0 -1
    outer loop
      vertex -147.382 1.375 5.79
      vertex -148.984 2.3 5.79
      vertex -148.649 2.8003 5.79
    endloop
  endfacet
  facet normal 0 0 -1
    outer loop
      vertex -149.561 -0.60042 5.79
      vertex -147.726 -0.358947 5.79
      vertex -149.443 -1.19057 5.79
    endloop
  endfacet
  facet normal 0 0 -1
    outer loop
      vertex -147.541 1.05238 5.79
      vertex -149.25 1.76034 5.79
      vertex -148.984 2.3 5.79
    endloop
  endfacet
  facet normal -0 0 -1
    outer loop
      vertex -147.726 -0.358947 5.79
      vertex -149.561 -0.60042 5.79
      vertex -147.75 0 5.79
    endloop
  endfacet
  facet normal 0 0 -1
    outer loop
      vertex -147.656 0.711752 5.79
      vertex -149.443 1.19057 5.79
      vertex -149.25 1.76034 5.79
    endloop
  endfacet
  facet normal 0 0 -1
    outer loop
      vertex -149.6 0 5.79
      vertex -147.75 0 5.79
      vertex -149.561 -0.60042 5.79
    endloop
  endfacet
  facet normal 0 0 -1
    outer loop
      vertex -147.726 0.358947 5.79
      vertex -149.561 0.60042 5.79
      vertex -149.443 1.19057 5.79
    endloop
  endfacet
  facet normal 0 0 -1
    outer loop
      vertex -147.75 0 5.79
      vertex -149.6 0 5.79
      vertex -149.561 0.60042 5.79
    endloop
  endfacet
  facet normal 0.947138 -0.320827 0
    outer loop
      vertex -149.443 1.19057 5.79
      vertex -149.25 1.76034 0
      vertex -149.25 1.76034 5.79
    endloop
  endfacet
  facet normal 0.947138 -0.320827 0
    outer loop
      vertex -149.25 1.76034 0
      vertex -149.443 1.19057 5.79
      vertex -149.443 1.19057 0
    endloop
  endfacet
  facet normal 0.98059 -0.196068 0
    outer loop
      vertex -149.561 0.60042 5.79
      vertex -149.443 1.19057 0
      vertex -149.443 1.19057 5.79
    endloop
  endfacet
  facet normal 0.98059 -0.196068 0
    outer loop
      vertex -149.443 1.19057 0
      vertex -149.561 0.60042 5.79
      vertex -149.561 0.60042 0
    endloop
  endfacet
  facet normal 0.194823 -0.980838 0
    outer loop
      vertex -146.191 4.44326 0
      vertex -145.6 4.56065 5.79
      vertex -146.191 4.44326 5.79
    endloop
  endfacet
  facet normal 0.194823 -0.980838 0
    outer loop
      vertex -145.6 4.56065 5.79
      vertex -146.191 4.44326 0
      vertex -145.6 4.56065 0
    endloop
  endfacet
  facet normal 0.658838 -0.752284 0
    outer loop
      vertex -148.253 3.25269 0
      vertex -147.8 3.64942 5.79
      vertex -148.253 3.25269 5.79
    endloop
  endfacet
  facet normal 0.658838 -0.752284 0
    outer loop
      vertex -147.8 3.64942 5.79
      vertex -148.253 3.25269 0
      vertex -147.8 3.64942 0
    endloop
  endfacet
  facet normal 0.752446 -0.658654 0
    outer loop
      vertex -148.649 2.8003 5.79
      vertex -148.253 3.25269 0
      vertex -148.253 3.25269 5.79
    endloop
  endfacet
  facet normal 0.752446 -0.658654 0
    outer loop
      vertex -148.253 3.25269 0
      vertex -148.649 2.8003 5.79
      vertex -148.649 2.8003 0
    endloop
  endfacet
  facet normal -0.997897 -0.0648179 0
    outer loop
      vertex -140.4 0 0
      vertex -140.439 0.60042 5.79
      vertex -140.439 0.60042 0
    endloop
  endfacet
  facet normal -0.997897 -0.0648179 0
    outer loop
      vertex -140.439 0.60042 5.79
      vertex -140.4 0 0
      vertex -140.4 0 5.79
    endloop
  endfacet
  facet normal -0.830924 0.556385 0
    outer loop
      vertex -141.351 -2.8003 0
      vertex -141.016 -2.3 5.79
      vertex -141.016 -2.3 0
    endloop
  endfacet
  facet normal -0.830924 0.556385 0
    outer loop
      vertex -141.016 -2.3 5.79
      vertex -141.351 -2.8003 0
      vertex -141.351 -2.8003 5.79
    endloop
  endfacet
  facet normal 0.997897 0.0648179 0
    outer loop
      vertex -149.561 -0.60042 5.79
      vertex -149.6 0 0
      vertex -149.6 0 5.79
    endloop
  endfacet
  facet normal 0.997897 0.0648179 0
    outer loop
      vertex -149.6 0 0
      vertex -149.561 -0.60042 5.79
      vertex -149.561 -0.60042 0
    endloop
  endfacet
  facet normal 0.896959 0.442114 0
    outer loop
      vertex -148.984 -2.3 5.79
      vertex -149.25 -1.76034 0
      vertex -149.25 -1.76034 5.79
    endloop
  endfacet
  facet normal 0.896959 0.442114 0
    outer loop
      vertex -149.25 -1.76034 0
      vertex -148.984 -2.3 5.79
      vertex -148.984 -2.3 0
    endloop
  endfacet
  facet normal -0.194823 0.980838 0
    outer loop
      vertex -143.809 -4.44326 0
      vertex -144.4 -4.56065 5.79
      vertex -143.809 -4.44326 5.79
    endloop
  endfacet
  facet normal -0.194823 0.980838 0
    outer loop
      vertex -144.4 -4.56065 5.79
      vertex -143.809 -4.44326 0
      vertex -144.4 -4.56065 0
    endloop
  endfacet
  facet normal -0.658838 0.752284 0
    outer loop
      vertex -141.747 -3.25269 0
      vertex -142.2 -3.64942 5.79
      vertex -141.747 -3.25269 5.79
    endloop
  endfacet
  facet normal -0.658838 0.752284 0
    outer loop
      vertex -142.2 -3.64942 5.79
      vertex -141.747 -3.25269 0
      vertex -142.2 -3.64942 0
    endloop
  endfacet
  facet normal -0.896959 0.442114 0
    outer loop
      vertex -141.016 -2.3 0
      vertex -140.75 -1.76034 5.79
      vertex -140.75 -1.76034 0
    endloop
  endfacet
  facet normal -0.896959 0.442114 0
    outer loop
      vertex -140.75 -1.76034 5.79
      vertex -141.016 -2.3 0
      vertex -141.016 -2.3 5.79
    endloop
  endfacet
  facet normal 0.0654427 0.997856 -0
    outer loop
      vertex -145 -4.6 0
      vertex -145.6 -4.56065 5.79
      vertex -145 -4.6 5.79
    endloop
  endfacet
  facet normal 0.0654427 0.997856 0
    outer loop
      vertex -145.6 -4.56065 5.79
      vertex -145 -4.6 0
      vertex -145.6 -4.56065 0
    endloop
  endfacet
  facet normal 0.947138 0.320827 0
    outer loop
      vertex -149.25 -1.76034 5.79
      vertex -149.443 -1.19057 0
      vertex -149.443 -1.19057 5.79
    endloop
  endfacet
  facet normal 0.947138 0.320827 0
    outer loop
      vertex -149.443 -1.19057 0
      vertex -149.25 -1.76034 5.79
      vertex -149.25 -1.76034 0
    endloop
  endfacet
  facet normal 0.98059 0.196068 0
    outer loop
      vertex -149.443 -1.19057 5.79
      vertex -149.561 -0.60042 0
      vertex -149.561 -0.60042 5.79
    endloop
  endfacet
  facet normal 0.98059 0.196068 0
    outer loop
      vertex -149.561 -0.60042 0
      vertex -149.443 -1.19057 5.79
      vertex -149.443 -1.19057 0
    endloop
  endfacet
  facet normal -0.442063 0.896984 0
    outer loop
      vertex -142.7 -3.98372 0
      vertex -143.24 -4.24985 5.79
      vertex -142.7 -3.98372 5.79
    endloop
  endfacet
  facet normal -0.442063 0.896984 0
    outer loop
      vertex -143.24 -4.24985 5.79
      vertex -142.7 -3.98372 0
      vertex -143.24 -4.24985 0
    endloop
  endfacet
  facet normal -0.321828 0.946798 0
    outer loop
      vertex -143.24 -4.24985 0
      vertex -143.809 -4.44326 5.79
      vertex -143.24 -4.24985 5.79
    endloop
  endfacet
  facet normal -0.321828 0.946798 0
    outer loop
      vertex -143.809 -4.44326 5.79
      vertex -143.24 -4.24985 0
      vertex -143.809 -4.44326 0
    endloop
  endfacet
  facet normal 0.321828 0.946798 -0
    outer loop
      vertex -146.191 -4.44326 0
      vertex -146.76 -4.24985 5.79
      vertex -146.191 -4.44326 5.79
    endloop
  endfacet
  facet normal 0.321828 0.946798 0
    outer loop
      vertex -146.76 -4.24985 5.79
      vertex -146.191 -4.44326 0
      vertex -146.76 -4.24985 0
    endloop
  endfacet
  facet normal -0.0654427 0.997856 0
    outer loop
      vertex -144.4 -4.56065 0
      vertex -145 -4.6 5.79
      vertex -144.4 -4.56065 5.79
    endloop
  endfacet
  facet normal -0.0654427 0.997856 0
    outer loop
      vertex -145 -4.6 5.79
      vertex -144.4 -4.56065 0
      vertex -145 -4.6 0
    endloop
  endfacet
  facet normal 0.194823 0.980838 -0
    outer loop
      vertex -145.6 -4.56065 0
      vertex -146.191 -4.44326 5.79
      vertex -145.6 -4.56065 5.79
    endloop
  endfacet
  facet normal 0.194823 0.980838 0
    outer loop
      vertex -146.191 -4.44326 5.79
      vertex -145.6 -4.56065 0
      vertex -146.191 -4.44326 0
    endloop
  endfacet
  facet normal 0.752446 0.658654 0
    outer loop
      vertex -148.253 -3.25269 5.79
      vertex -148.649 -2.8003 0
      vertex -148.649 -2.8003 5.79
    endloop
  endfacet
  facet normal 0.752446 0.658654 0
    outer loop
      vertex -148.649 -2.8003 0
      vertex -148.253 -3.25269 5.79
      vertex -148.253 -3.25269 0
    endloop
  endfacet
  facet normal 0.658838 0.752284 -0
    outer loop
      vertex -147.8 -3.64942 0
      vertex -148.253 -3.25269 5.79
      vertex -147.8 -3.64942 5.79
    endloop
  endfacet
  facet normal 0.658838 0.752284 0
    outer loop
      vertex -148.253 -3.25269 5.79
      vertex -147.8 -3.64942 0
      vertex -148.253 -3.25269 0
    endloop
  endfacet
  facet normal -0.752446 0.658654 0
    outer loop
      vertex -141.747 -3.25269 0
      vertex -141.351 -2.8003 5.79
      vertex -141.351 -2.8003 0
    endloop
  endfacet
  facet normal -0.752446 0.658654 0
    outer loop
      vertex -141.351 -2.8003 5.79
      vertex -141.747 -3.25269 0
      vertex -141.747 -3.25269 5.79
    endloop
  endfacet
  facet normal 0.830924 0.556385 0
    outer loop
      vertex -148.649 -2.8003 5.79
      vertex -148.984 -2.3 0
      vertex -148.984 -2.3 5.79
    endloop
  endfacet
  facet normal 0.830924 0.556385 0
    outer loop
      vertex -148.984 -2.3 0
      vertex -148.649 -2.8003 5.79
      vertex -148.649 -2.8003 0
    endloop
  endfacet
  facet normal 0.442063 0.896984 -0
    outer loop
      vertex -146.76 -4.24985 0
      vertex -147.3 -3.98372 5.79
      vertex -146.76 -4.24985 5.79
    endloop
  endfacet
  facet normal 0.442063 0.896984 0
    outer loop
      vertex -147.3 -3.98372 5.79
      vertex -146.76 -4.24985 0
      vertex -147.3 -3.98372 0
    endloop
  endfacet
  facet normal 0.555812 0.831308 -0
    outer loop
      vertex -147.3 -3.98372 0
      vertex -147.8 -3.64942 5.79
      vertex -147.3 -3.98372 5.79
    endloop
  endfacet
  facet normal 0.555812 0.831308 0
    outer loop
      vertex -147.8 -3.64942 5.79
      vertex -147.3 -3.98372 0
      vertex -147.8 -3.64942 0
    endloop
  endfacet
  facet normal -0.658591 -0.752501 0
    outer loop
      vertex -128.326 2.18172 5.79
      vertex -128.055 1.94454 12
      vertex -128.326 2.18172 12
    endloop
  endfacet
  facet normal -0.658591 -0.752501 -0
    outer loop
      vertex -128.055 1.94454 12
      vertex -128.326 2.18172 5.79
      vertex -128.055 1.94454 5.79
    endloop
  endfacet
  facet normal -0.980879 0.194616 0
    outer loop
      vertex -127.344 -0.711752 5.79
      vertex -127.274 -0.358947 12
      vertex -127.274 -0.358947 5.79
    endloop
  endfacet
  facet normal -0.980879 0.194616 0
    outer loop
      vertex -127.274 -0.358947 12
      vertex -127.344 -0.711752 5.79
      vertex -127.344 -0.711752 12
    endloop
  endfacet
  facet normal 0.321978 0.946747 -0
    outer loop
      vertex -130.712 -2.6563 5.79
      vertex -131.052 -2.54067 12
      vertex -130.712 -2.6563 12
    endloop
  endfacet
  facet normal 0.321978 0.946747 0
    outer loop
      vertex -131.052 -2.54067 12
      vertex -130.712 -2.6563 5.79
      vertex -131.052 -2.54067 5.79
    endloop
  endfacet
  facet normal 0.321978 -0.946747 0
    outer loop
      vertex -131.052 2.54067 5.79
      vertex -130.712 2.6563 12
      vertex -131.052 2.54067 12
    endloop
  endfacet
  facet normal 0.321978 -0.946747 0
    outer loop
      vertex -130.712 2.6563 12
      vertex -131.052 2.54067 5.79
      vertex -130.712 2.6563 5.79
    endloop
  endfacet
  facet normal 0.896981 -0.442068 0
    outer loop
      vertex -132.541 1.05238 12
      vertex -132.382 1.375 5.79
      vertex -132.382 1.375 12
    endloop
  endfacet
  facet normal 0.896981 -0.442068 0
    outer loop
      vertex -132.382 1.375 5.79
      vertex -132.541 1.05238 12
      vertex -132.541 1.05238 5.79
    endloop
  endfacet
  facet normal -0.94746 -0.319874 0
    outer loop
      vertex -127.344 0.711752 5.79
      vertex -127.459 1.05238 12
      vertex -127.459 1.05238 5.79
    endloop
  endfacet
  facet normal -0.94746 -0.319874 0
    outer loop
      vertex -127.459 1.05238 12
      vertex -127.344 0.711752 5.79
      vertex -127.344 0.711752 12
    endloop
  endfacet
  facet normal -0.896981 -0.442068 0
    outer loop
      vertex -127.459 1.05238 5.79
      vertex -127.618 1.375 12
      vertex -127.618 1.375 5.79
    endloop
  endfacet
  facet normal -0.896981 -0.442068 0
    outer loop
      vertex -127.618 1.375 12
      vertex -127.459 1.05238 5.79
      vertex -127.459 1.05238 12
    endloop
  endfacet
  facet normal -0.441873 -0.897078 0
    outer loop
      vertex -128.948 2.54067 5.79
      vertex -128.625 2.38157 12
      vertex -128.948 2.54067 12
    endloop
  endfacet
  facet normal -0.441873 -0.897078 -0
    outer loop
      vertex -128.625 2.38157 12
      vertex -128.948 2.54067 5.79
      vertex -128.625 2.38157 5.79
    endloop
  endfacet
  facet normal -0.321978 -0.946747 0
    outer loop
      vertex -129.288 2.6563 5.79
      vertex -128.948 2.54067 12
      vertex -129.288 2.6563 12
    endloop
  endfacet
  facet normal -0.321978 -0.946747 -0
    outer loop
      vertex -128.948 2.54067 12
      vertex -129.288 2.6563 5.79
      vertex -128.948 2.54067 5.79
    endloop
  endfacet
  facet normal -0.194967 -0.98081 0
    outer loop
      vertex -129.641 2.72647 5.79
      vertex -129.288 2.6563 12
      vertex -129.641 2.72647 12
    endloop
  endfacet
  facet normal -0.194967 -0.98081 -0
    outer loop
      vertex -129.288 2.6563 12
      vertex -129.641 2.72647 5.79
      vertex -129.288 2.6563 5.79
    endloop
  endfacet
  facet normal 0.980879 -0.194616 0
    outer loop
      vertex -132.726 0.358947 12
      vertex -132.656 0.711752 5.79
      vertex -132.656 0.711752 12
    endloop
  endfacet
  facet normal 0.980879 -0.194616 0
    outer loop
      vertex -132.656 0.711752 5.79
      vertex -132.726 0.358947 12
      vertex -132.726 0.358947 5.79
    endloop
  endfacet
  facet normal 0.752086 -0.659066 0
    outer loop
      vertex -132.182 1.67409 12
      vertex -131.945 1.94454 5.79
      vertex -131.945 1.94454 12
    endloop
  endfacet
  facet normal 0.752086 -0.659066 0
    outer loop
      vertex -131.945 1.94454 5.79
      vertex -132.182 1.67409 12
      vertex -132.182 1.67409 5.79
    endloop
  endfacet
  facet normal 0.441873 -0.897078 0
    outer loop
      vertex -131.375 2.38157 5.79
      vertex -131.052 2.54067 12
      vertex -131.375 2.38157 12
    endloop
  endfacet
  facet normal 0.441873 -0.897078 0
    outer loop
      vertex -131.052 2.54067 12
      vertex -131.375 2.38157 5.79
      vertex -131.052 2.54067 5.79
    endloop
  endfacet
  facet normal 0.194967 -0.98081 0
    outer loop
      vertex -130.712 2.6563 5.79
      vertex -130.359 2.72647 12
      vertex -130.712 2.6563 12
    endloop
  endfacet
  facet normal 0.194967 -0.98081 0
    outer loop
      vertex -130.359 2.72647 12
      vertex -130.712 2.6563 5.79
      vertex -130.359 2.72647 5.79
    endloop
  endfacet
  facet normal -0.997772 -0.0667133 0
    outer loop
      vertex -127.25 0 5.79
      vertex -127.274 0.358947 12
      vertex -127.274 0.358947 5.79
    endloop
  endfacet
  facet normal -0.997772 -0.0667133 0
    outer loop
      vertex -127.274 0.358947 12
      vertex -127.25 0 5.79
      vertex -127.25 0 12
    endloop
  endfacet
  facet normal -0.94746 0.319874 0
    outer loop
      vertex -127.459 -1.05238 5.79
      vertex -127.344 -0.711752 12
      vertex -127.344 -0.711752 5.79
    endloop
  endfacet
  facet normal -0.94746 0.319874 0
    outer loop
      vertex -127.344 -0.711752 12
      vertex -127.459 -1.05238 5.79
      vertex -127.459 -1.05238 12
    endloop
  endfacet
  facet normal -0.321978 0.946747 0
    outer loop
      vertex -128.948 -2.54067 5.79
      vertex -129.288 -2.6563 12
      vertex -128.948 -2.54067 12
    endloop
  endfacet
  facet normal -0.321978 0.946747 0
    outer loop
      vertex -129.288 -2.6563 12
      vertex -128.948 -2.54067 5.79
      vertex -129.288 -2.6563 5.79
    endloop
  endfacet
  facet normal -0.441873 0.897078 0
    outer loop
      vertex -128.625 -2.38157 5.79
      vertex -128.948 -2.54067 12
      vertex -128.625 -2.38157 12
    endloop
  endfacet
  facet normal -0.441873 0.897078 0
    outer loop
      vertex -128.948 -2.54067 12
      vertex -128.625 -2.38157 5.79
      vertex -128.948 -2.54067 5.79
    endloop
  endfacet
  facet normal 0.194967 0.98081 -0
    outer loop
      vertex -130.359 -2.72647 5.79
      vertex -130.712 -2.6563 12
      vertex -130.359 -2.72647 12
    endloop
  endfacet
  facet normal 0.194967 0.98081 0
    outer loop
      vertex -130.712 -2.6563 12
      vertex -130.359 -2.72647 5.79
      vertex -130.712 -2.6563 5.79
    endloop
  endfacet
  facet normal 0.658591 0.752501 -0
    outer loop
      vertex -131.674 -2.18172 5.79
      vertex -131.945 -1.94454 12
      vertex -131.674 -2.18172 12
    endloop
  endfacet
  facet normal 0.658591 0.752501 0
    outer loop
      vertex -131.945 -1.94454 12
      vertex -131.674 -2.18172 5.79
      vertex -131.945 -1.94454 5.79
    endloop
  endfacet
  facet normal 0.896981 0.442068 0
    outer loop
      vertex -132.382 -1.375 12
      vertex -132.541 -1.05238 5.79
      vertex -132.541 -1.05238 12
    endloop
  endfacet
  facet normal 0.896981 0.442068 0
    outer loop
      vertex -132.541 -1.05238 5.79
      vertex -132.382 -1.375 12
      vertex -132.382 -1.375 5.79
    endloop
  endfacet
  facet normal -0.980879 -0.194616 0
    outer loop
      vertex -127.274 0.358947 5.79
      vertex -127.344 0.711752 12
      vertex -127.344 0.711752 5.79
    endloop
  endfacet
  facet normal -0.980879 -0.194616 0
    outer loop
      vertex -127.344 0.711752 12
      vertex -127.274 0.358947 5.79
      vertex -127.274 0.358947 12
    endloop
  endfacet
  facet normal -0.831271 -0.555867 0
    outer loop
      vertex -127.618 1.375 5.79
      vertex -127.818 1.67409 12
      vertex -127.818 1.67409 5.79
    endloop
  endfacet
  facet normal -0.831271 -0.555867 0
    outer loop
      vertex -127.818 1.67409 12
      vertex -127.618 1.375 5.79
      vertex -127.618 1.375 12
    endloop
  endfacet
  facet normal -0.752086 -0.659066 0
    outer loop
      vertex -127.818 1.67409 5.79
      vertex -128.055 1.94454 12
      vertex -128.055 1.94454 5.79
    endloop
  endfacet
  facet normal -0.752086 -0.659066 0
    outer loop
      vertex -128.055 1.94454 12
      vertex -127.818 1.67409 5.79
      vertex -127.818 1.67409 12
    endloop
  endfacet
  facet normal -0.555694 -0.831387 0
    outer loop
      vertex -128.625 2.38157 5.79
      vertex -128.326 2.18172 12
      vertex -128.625 2.38157 12
    endloop
  endfacet
  facet normal -0.555694 -0.831387 -0
    outer loop
      vertex -128.326 2.18172 12
      vertex -128.625 2.38157 5.79
      vertex -128.326 2.18172 5.79
    endloop
  endfacet
  facet normal -0.0654028 -0.997859 0
    outer loop
      vertex -130 2.75 5.79
      vertex -129.641 2.72647 12
      vertex -130 2.75 12
    endloop
  endfacet
  facet normal -0.0654028 -0.997859 -0
    outer loop
      vertex -129.641 2.72647 12
      vertex -130 2.75 5.79
      vertex -129.641 2.72647 5.79
    endloop
  endfacet
  facet normal 0.997772 -0.0667133 0
    outer loop
      vertex -132.75 0 12
      vertex -132.726 0.358947 5.79
      vertex -132.726 0.358947 12
    endloop
  endfacet
  facet normal 0.997772 -0.0667133 0
    outer loop
      vertex -132.726 0.358947 5.79
      vertex -132.75 0 12
      vertex -132.75 0 5.79
    endloop
  endfacet
  facet normal 0.94746 -0.319874 0
    outer loop
      vertex -132.656 0.711752 12
      vertex -132.541 1.05238 5.79
      vertex -132.541 1.05238 12
    endloop
  endfacet
  facet normal 0.94746 -0.319874 0
    outer loop
      vertex -132.541 1.05238 5.79
      vertex -132.656 0.711752 12
      vertex -132.656 0.711752 5.79
    endloop
  endfacet
  facet normal 0.831271 -0.555867 0
    outer loop
      vertex -132.382 1.375 12
      vertex -132.182 1.67409 5.79
      vertex -132.182 1.67409 12
    endloop
  endfacet
  facet normal 0.831271 -0.555867 0
    outer loop
      vertex -132.182 1.67409 5.79
      vertex -132.382 1.375 12
      vertex -132.382 1.375 5.79
    endloop
  endfacet
  facet normal 0.0654028 -0.997859 0
    outer loop
      vertex -130.359 2.72647 5.79
      vertex -130 2.75 12
      vertex -130.359 2.72647 12
    endloop
  endfacet
  facet normal 0.0654028 -0.997859 0
    outer loop
      vertex -130 2.75 12
      vertex -130.359 2.72647 5.79
      vertex -130 2.75 5.79
    endloop
  endfacet
  facet normal 0.555694 -0.831387 0
    outer loop
      vertex -131.674 2.18172 5.79
      vertex -131.375 2.38157 12
      vertex -131.674 2.18172 12
    endloop
  endfacet
  facet normal 0.555694 -0.831387 0
    outer loop
      vertex -131.375 2.38157 12
      vertex -131.674 2.18172 5.79
      vertex -131.375 2.38157 5.79
    endloop
  endfacet
  facet normal 0.658591 -0.752501 0
    outer loop
      vertex -131.945 1.94454 5.79
      vertex -131.674 2.18172 12
      vertex -131.945 1.94454 12
    endloop
  endfacet
  facet normal 0.658591 -0.752501 0
    outer loop
      vertex -131.674 2.18172 12
      vertex -131.945 1.94454 5.79
      vertex -131.674 2.18172 5.79
    endloop
  endfacet
  facet normal -0.997772 0.0667133 0
    outer loop
      vertex -127.274 -0.358947 5.79
      vertex -127.25 0 12
      vertex -127.25 0 5.79
    endloop
  endfacet
  facet normal -0.997772 0.0667133 0
    outer loop
      vertex -127.25 0 12
      vertex -127.274 -0.358947 5.79
      vertex -127.274 -0.358947 12
    endloop
  endfacet
  facet normal -0.0654028 0.997859 0
    outer loop
      vertex -129.641 -2.72647 5.79
      vertex -130 -2.75 12
      vertex -129.641 -2.72647 12
    endloop
  endfacet
  facet normal -0.0654028 0.997859 0
    outer loop
      vertex -130 -2.75 12
      vertex -129.641 -2.72647 5.79
      vertex -130 -2.75 5.79
    endloop
  endfacet
  facet normal -0.752086 0.659066 0
    outer loop
      vertex -128.055 -1.94454 5.79
      vertex -127.818 -1.67409 12
      vertex -127.818 -1.67409 5.79
    endloop
  endfacet
  facet normal -0.752086 0.659066 0
    outer loop
      vertex -127.818 -1.67409 12
      vertex -128.055 -1.94454 5.79
      vertex -128.055 -1.94454 12
    endloop
  endfacet
  facet normal -0.896981 0.442068 0
    outer loop
      vertex -127.618 -1.375 5.79
      vertex -127.459 -1.05238 12
      vertex -127.459 -1.05238 5.79
    endloop
  endfacet
  facet normal -0.896981 0.442068 0
    outer loop
      vertex -127.459 -1.05238 12
      vertex -127.618 -1.375 5.79
      vertex -127.618 -1.375 12
    endloop
  endfacet
  facet normal -0.194967 0.98081 0
    outer loop
      vertex -129.288 -2.6563 5.79
      vertex -129.641 -2.72647 12
      vertex -129.288 -2.6563 12
    endloop
  endfacet
  facet normal -0.194967 0.98081 0
    outer loop
      vertex -129.641 -2.72647 12
      vertex -129.288 -2.6563 5.79
      vertex -129.641 -2.72647 5.79
    endloop
  endfacet
  facet normal -0.555694 0.831387 0
    outer loop
      vertex -128.326 -2.18172 5.79
      vertex -128.625 -2.38157 12
      vertex -128.326 -2.18172 12
    endloop
  endfacet
  facet normal -0.555694 0.831387 0
    outer loop
      vertex -128.625 -2.38157 12
      vertex -128.326 -2.18172 5.79
      vertex -128.625 -2.38157 5.79
    endloop
  endfacet
  facet normal 0.0654028 0.997859 -0
    outer loop
      vertex -130 -2.75 5.79
      vertex -130.359 -2.72647 12
      vertex -130 -2.75 12
    endloop
  endfacet
  facet normal 0.0654028 0.997859 0
    outer loop
      vertex -130.359 -2.72647 12
      vertex -130 -2.75 5.79
      vertex -130.359 -2.72647 5.79
    endloop
  endfacet
  facet normal 0.441873 0.897078 -0
    outer loop
      vertex -131.052 -2.54067 5.79
      vertex -131.375 -2.38157 12
      vertex -131.052 -2.54067 12
    endloop
  endfacet
  facet normal 0.441873 0.897078 0
    outer loop
      vertex -131.375 -2.38157 12
      vertex -131.052 -2.54067 5.79
      vertex -131.375 -2.38157 5.79
    endloop
  endfacet
  facet normal 0.94746 0.319874 0
    outer loop
      vertex -132.541 -1.05238 12
      vertex -132.656 -0.711752 5.79
      vertex -132.656 -0.711752 12
    endloop
  endfacet
  facet normal 0.94746 0.319874 0
    outer loop
      vertex -132.656 -0.711752 5.79
      vertex -132.541 -1.05238 12
      vertex -132.541 -1.05238 5.79
    endloop
  endfacet
  facet normal 0.997772 0.0667133 0
    outer loop
      vertex -132.726 -0.358947 12
      vertex -132.75 0 5.79
      vertex -132.75 0 12
    endloop
  endfacet
  facet normal 0.997772 0.0667133 0
    outer loop
      vertex -132.75 0 5.79
      vertex -132.726 -0.358947 12
      vertex -132.726 -0.358947 5.79
    endloop
  endfacet
  facet normal 0.831271 0.555867 0
    outer loop
      vertex -132.182 -1.67409 12
      vertex -132.382 -1.375 5.79
      vertex -132.382 -1.375 12
    endloop
  endfacet
  facet normal 0.831271 0.555867 0
    outer loop
      vertex -132.382 -1.375 5.79
      vertex -132.182 -1.67409 12
      vertex -132.182 -1.67409 5.79
    endloop
  endfacet
  facet normal -0.831271 0.555867 0
    outer loop
      vertex -127.818 -1.67409 5.79
      vertex -127.618 -1.375 12
      vertex -127.618 -1.375 5.79
    endloop
  endfacet
  facet normal -0.831271 0.555867 0
    outer loop
      vertex -127.618 -1.375 12
      vertex -127.818 -1.67409 5.79
      vertex -127.818 -1.67409 12
    endloop
  endfacet
  facet normal -0.658591 0.752501 0
    outer loop
      vertex -128.055 -1.94454 5.79
      vertex -128.326 -2.18172 12
      vertex -128.055 -1.94454 12
    endloop
  endfacet
  facet normal -0.658591 0.752501 0
    outer loop
      vertex -128.326 -2.18172 12
      vertex -128.055 -1.94454 5.79
      vertex -128.326 -2.18172 5.79
    endloop
  endfacet
  facet normal 0.555694 0.831387 -0
    outer loop
      vertex -131.375 -2.38157 5.79
      vertex -131.674 -2.18172 12
      vertex -131.375 -2.38157 12
    endloop
  endfacet
  facet normal 0.555694 0.831387 0
    outer loop
      vertex -131.674 -2.18172 12
      vertex -131.375 -2.38157 5.79
      vertex -131.674 -2.18172 5.79
    endloop
  endfacet
  facet normal 0.980879 0.194616 0
    outer loop
      vertex -132.656 -0.711752 12
      vertex -132.726 -0.358947 5.79
      vertex -132.726 -0.358947 12
    endloop
  endfacet
  facet normal 0.980879 0.194616 0
    outer loop
      vertex -132.726 -0.358947 5.79
      vertex -132.656 -0.711752 12
      vertex -132.656 -0.711752 5.79
    endloop
  endfacet
  facet normal 0.752086 0.659066 0
    outer loop
      vertex -131.945 -1.94454 12
      vertex -132.182 -1.67409 5.79
      vertex -132.182 -1.67409 12
    endloop
  endfacet
  facet normal 0.752086 0.659066 0
    outer loop
      vertex -132.182 -1.67409 5.79
      vertex -131.945 -1.94454 12
      vertex -131.945 -1.94454 5.79
    endloop
  endfacet
  facet normal -0.896959 -0.442114 0
    outer loop
      vertex -125.75 1.76034 0
      vertex -126.016 2.3 5.79
      vertex -126.016 2.3 0
    endloop
  endfacet
  facet normal -0.896959 -0.442114 0
    outer loop
      vertex -126.016 2.3 5.79
      vertex -125.75 1.76034 0
      vertex -125.75 1.76034 5.79
    endloop
  endfacet
  facet normal -0.830924 -0.556385 0
    outer loop
      vertex -126.016 2.3 0
      vertex -126.351 2.8003 5.79
      vertex -126.351 2.8003 0
    endloop
  endfacet
  facet normal -0.830924 -0.556385 0
    outer loop
      vertex -126.351 2.8003 5.79
      vertex -126.016 2.3 0
      vertex -126.016 2.3 5.79
    endloop
  endfacet
  facet normal -0.194823 -0.980838 0
    outer loop
      vertex -129.4 4.56065 0
      vertex -128.809 4.44326 5.79
      vertex -129.4 4.56065 5.79
    endloop
  endfacet
  facet normal -0.194823 -0.980838 -0
    outer loop
      vertex -128.809 4.44326 5.79
      vertex -129.4 4.56065 0
      vertex -128.809 4.44326 0
    endloop
  endfacet
  facet normal -0.321828 -0.946798 0
    outer loop
      vertex -128.809 4.44326 0
      vertex -128.24 4.24985 5.79
      vertex -128.809 4.44326 5.79
    endloop
  endfacet
  facet normal -0.321828 -0.946798 -0
    outer loop
      vertex -128.24 4.24985 5.79
      vertex -128.809 4.44326 0
      vertex -128.24 4.24985 0
    endloop
  endfacet
  facet normal 0.442063 -0.896984 0
    outer loop
      vertex -132.3 3.98372 0
      vertex -131.76 4.24985 5.79
      vertex -132.3 3.98372 5.79
    endloop
  endfacet
  facet normal 0.442063 -0.896984 0
    outer loop
      vertex -131.76 4.24985 5.79
      vertex -132.3 3.98372 0
      vertex -131.76 4.24985 0
    endloop
  endfacet
  facet normal 0.896959 -0.442114 0
    outer loop
      vertex -134.25 1.76034 5.79
      vertex -133.984 2.3 0
      vertex -133.984 2.3 5.79
    endloop
  endfacet
  facet normal 0.896959 -0.442114 0
    outer loop
      vertex -133.984 2.3 0
      vertex -134.25 1.76034 5.79
      vertex -134.25 1.76034 0
    endloop
  endfacet
  facet normal -0.98059 0.196068 0
    outer loop
      vertex -125.557 -1.19057 0
      vertex -125.439 -0.60042 5.79
      vertex -125.439 -0.60042 0
    endloop
  endfacet
  facet normal -0.98059 0.196068 0
    outer loop
      vertex -125.439 -0.60042 5.79
      vertex -125.557 -1.19057 0
      vertex -125.557 -1.19057 5.79
    endloop
  endfacet
  facet normal -0.0654427 -0.997856 0
    outer loop
      vertex -130 4.6 0
      vertex -129.4 4.56065 5.79
      vertex -130 4.6 5.79
    endloop
  endfacet
  facet normal -0.0654427 -0.997856 -0
    outer loop
      vertex -129.4 4.56065 5.79
      vertex -130 4.6 0
      vertex -129.4 4.56065 0
    endloop
  endfacet
  facet normal -0.442063 -0.896984 0
    outer loop
      vertex -128.24 4.24985 0
      vertex -127.7 3.98372 5.79
      vertex -128.24 4.24985 5.79
    endloop
  endfacet
  facet normal -0.442063 -0.896984 -0
    outer loop
      vertex -127.7 3.98372 5.79
      vertex -128.24 4.24985 0
      vertex -127.7 3.98372 0
    endloop
  endfacet
  facet normal 0.997897 -0.0648179 0
    outer loop
      vertex -134.6 0 5.79
      vertex -134.561 0.60042 0
      vertex -134.561 0.60042 5.79
    endloop
  endfacet
  facet normal 0.997897 -0.0648179 0
    outer loop
      vertex -134.561 0.60042 0
      vertex -134.6 0 5.79
      vertex -134.6 0 0
    endloop
  endfacet
  facet normal 0.830924 -0.556385 0
    outer loop
      vertex -133.984 2.3 5.79
      vertex -133.649 2.8003 0
      vertex -133.649 2.8003 5.79
    endloop
  endfacet
  facet normal 0.830924 -0.556385 0
    outer loop
      vertex -133.649 2.8003 0
      vertex -133.984 2.3 5.79
      vertex -133.984 2.3 0
    endloop
  endfacet
  facet normal 0.555812 -0.831308 0
    outer loop
      vertex -132.8 3.64942 0
      vertex -132.3 3.98372 5.79
      vertex -132.8 3.64942 5.79
    endloop
  endfacet
  facet normal 0.555812 -0.831308 0
    outer loop
      vertex -132.3 3.98372 5.79
      vertex -132.8 3.64942 0
      vertex -132.3 3.98372 0
    endloop
  endfacet
  facet normal 0.321828 -0.946798 0
    outer loop
      vertex -131.76 4.24985 0
      vertex -131.191 4.44326 5.79
      vertex -131.76 4.24985 5.79
    endloop
  endfacet
  facet normal 0.321828 -0.946798 0
    outer loop
      vertex -131.191 4.44326 5.79
      vertex -131.76 4.24985 0
      vertex -131.191 4.44326 0
    endloop
  endfacet
  facet normal -0.997897 0.0648179 0
    outer loop
      vertex -125.439 -0.60042 0
      vertex -125.4 0 5.79
      vertex -125.4 0 0
    endloop
  endfacet
  facet normal -0.997897 0.0648179 0
    outer loop
      vertex -125.4 0 5.79
      vertex -125.439 -0.60042 0
      vertex -125.439 -0.60042 5.79
    endloop
  endfacet
  facet normal -0.947138 0.320827 0
    outer loop
      vertex -125.75 -1.76034 0
      vertex -125.557 -1.19057 5.79
      vertex -125.557 -1.19057 0
    endloop
  endfacet
  facet normal -0.947138 0.320827 0
    outer loop
      vertex -125.557 -1.19057 5.79
      vertex -125.75 -1.76034 0
      vertex -125.75 -1.76034 5.79
    endloop
  endfacet
  facet normal -0.555812 0.831308 0
    outer loop
      vertex -127.2 -3.64942 0
      vertex -127.7 -3.98372 5.79
      vertex -127.2 -3.64942 5.79
    endloop
  endfacet
  facet normal -0.555812 0.831308 0
    outer loop
      vertex -127.7 -3.98372 5.79
      vertex -127.2 -3.64942 0
      vertex -127.7 -3.98372 0
    endloop
  endfacet
  facet normal -0.98059 -0.196068 0
    outer loop
      vertex -125.439 0.60042 0
      vertex -125.557 1.19057 5.79
      vertex -125.557 1.19057 0
    endloop
  endfacet
  facet normal -0.98059 -0.196068 0
    outer loop
      vertex -125.557 1.19057 5.79
      vertex -125.439 0.60042 0
      vertex -125.439 0.60042 5.79
    endloop
  endfacet
  facet normal -0.947138 -0.320827 0
    outer loop
      vertex -125.557 1.19057 0
      vertex -125.75 1.76034 5.79
      vertex -125.75 1.76034 0
    endloop
  endfacet
  facet normal -0.947138 -0.320827 0
    outer loop
      vertex -125.75 1.76034 5.79
      vertex -125.557 1.19057 0
      vertex -125.557 1.19057 5.79
    endloop
  endfacet
  facet normal -0.658838 -0.752284 0
    outer loop
      vertex -127.2 3.64942 0
      vertex -126.747 3.25269 5.79
      vertex -127.2 3.64942 5.79
    endloop
  endfacet
  facet normal -0.658838 -0.752284 -0
    outer loop
      vertex -126.747 3.25269 5.79
      vertex -127.2 3.64942 0
      vertex -126.747 3.25269 0
    endloop
  endfacet
  facet normal -0.752446 -0.658654 0
    outer loop
      vertex -126.351 2.8003 0
      vertex -126.747 3.25269 5.79
      vertex -126.747 3.25269 0
    endloop
  endfacet
  facet normal -0.752446 -0.658654 0
    outer loop
      vertex -126.747 3.25269 5.79
      vertex -126.351 2.8003 0
      vertex -126.351 2.8003 5.79
    endloop
  endfacet
  facet normal 0.0654427 -0.997856 0
    outer loop
      vertex -130.6 4.56065 0
      vertex -130 4.6 5.79
      vertex -130.6 4.56065 5.79
    endloop
  endfacet
  facet normal 0.0654427 -0.997856 0
    outer loop
      vertex -130 4.6 5.79
      vertex -130.6 4.56065 0
      vertex -130 4.6 0
    endloop
  endfacet
  facet normal -0.555812 -0.831308 0
    outer loop
      vertex -127.7 3.98372 0
      vertex -127.2 3.64942 5.79
      vertex -127.7 3.98372 5.79
    endloop
  endfacet
  facet normal -0.555812 -0.831308 -0
    outer loop
      vertex -127.2 3.64942 5.79
      vertex -127.7 3.98372 0
      vertex -127.2 3.64942 0
    endloop
  endfacet
  facet normal 0 0 -1
    outer loop
      vertex -127.25 0 5.79
      vertex -125.4 0 5.79
      vertex -125.439 -0.60042 5.79
    endloop
  endfacet
  facet normal 0 0 -1
    outer loop
      vertex -127.274 -0.358947 5.79
      vertex -125.439 -0.60042 5.79
      vertex -125.557 -1.19057 5.79
    endloop
  endfacet
  facet normal 0 0 -1
    outer loop
      vertex -125.4 0 5.79
      vertex -127.25 0 5.79
      vertex -125.439 0.60042 5.79
    endloop
  endfacet
  facet normal 0 0 -1
    outer loop
      vertex -127.344 -0.711752 5.79
      vertex -125.557 -1.19057 5.79
      vertex -125.75 -1.76034 5.79
    endloop
  endfacet
  facet normal 0 0 -1
    outer loop
      vertex -127.274 0.358947 5.79
      vertex -125.439 0.60042 5.79
      vertex -127.25 0 5.79
    endloop
  endfacet
  facet normal 0 0 -1
    outer loop
      vertex -127.459 -1.05238 5.79
      vertex -125.75 -1.76034 5.79
      vertex -126.016 -2.3 5.79
    endloop
  endfacet
  facet normal -0 0 -1
    outer loop
      vertex -125.439 0.60042 5.79
      vertex -127.274 0.358947 5.79
      vertex -125.557 1.19057 5.79
    endloop
  endfacet
  facet normal 0 0 -1
    outer loop
      vertex -127.618 -1.375 5.79
      vertex -126.016 -2.3 5.79
      vertex -126.351 -2.8003 5.79
    endloop
  endfacet
  facet normal 0 0 -1
    outer loop
      vertex -127.344 0.711752 5.79
      vertex -125.557 1.19057 5.79
      vertex -127.274 0.358947 5.79
    endloop
  endfacet
  facet normal 0 0 -1
    outer loop
      vertex -127.818 -1.67409 5.79
      vertex -126.351 -2.8003 5.79
      vertex -126.747 -3.25269 5.79
    endloop
  endfacet
  facet normal -0 0 -1
    outer loop
      vertex -125.557 1.19057 5.79
      vertex -127.344 0.711752 5.79
      vertex -125.75 1.76034 5.79
    endloop
  endfacet
  facet normal 0 0 -1
    outer loop
      vertex -128.055 -1.94454 5.79
      vertex -126.747 -3.25269 5.79
      vertex -127.2 -3.64942 5.79
    endloop
  endfacet
  facet normal 0 0 -1
    outer loop
      vertex -127.459 1.05238 5.79
      vertex -125.75 1.76034 5.79
      vertex -127.344 0.711752 5.79
    endloop
  endfacet
  facet normal -0 0 -1
    outer loop
      vertex -125.75 1.76034 5.79
      vertex -127.459 1.05238 5.79
      vertex -126.016 2.3 5.79
    endloop
  endfacet
  facet normal 0 0 -1
    outer loop
      vertex -125.439 -0.60042 5.79
      vertex -127.274 -0.358947 5.79
      vertex -127.25 0 5.79
    endloop
  endfacet
  facet normal 0 0 -1
    outer loop
      vertex -125.557 -1.19057 5.79
      vertex -127.344 -0.711752 5.79
      vertex -127.274 -0.358947 5.79
    endloop
  endfacet
  facet normal 0 0 -1
    outer loop
      vertex -125.75 -1.76034 5.79
      vertex -127.459 -1.05238 5.79
      vertex -127.344 -0.711752 5.79
    endloop
  endfacet
  facet normal 0 0 -1
    outer loop
      vertex -126.016 -2.3 5.79
      vertex -127.618 -1.375 5.79
      vertex -127.459 -1.05238 5.79
    endloop
  endfacet
  facet normal 0 0 -1
    outer loop
      vertex -128.326 -2.18172 5.79
      vertex -127.2 -3.64942 5.79
      vertex -127.7 -3.98372 5.79
    endloop
  endfacet
  facet normal 0 0 -1
    outer loop
      vertex -126.351 -2.8003 5.79
      vertex -127.818 -1.67409 5.79
      vertex -127.618 -1.375 5.79
    endloop
  endfacet
  facet normal 0 0 -1
    outer loop
      vertex -126.747 -3.25269 5.79
      vertex -128.055 -1.94454 5.79
      vertex -127.818 -1.67409 5.79
    endloop
  endfacet
  facet normal 0 0 -1
    outer loop
      vertex -128.625 -2.38157 5.79
      vertex -127.7 -3.98372 5.79
      vertex -128.24 -4.24985 5.79
    endloop
  endfacet
  facet normal 0 0 -1
    outer loop
      vertex -127.2 -3.64942 5.79
      vertex -128.326 -2.18172 5.79
      vertex -128.055 -1.94454 5.79
    endloop
  endfacet
  facet normal 0 0 -1
    outer loop
      vertex -127.7 -3.98372 5.79
      vertex -128.625 -2.38157 5.79
      vertex -128.326 -2.18172 5.79
    endloop
  endfacet
  facet normal 0 0 -1
    outer loop
      vertex -128.948 -2.54067 5.79
      vertex -128.24 -4.24985 5.79
      vertex -128.809 -4.44326 5.79
    endloop
  endfacet
  facet normal 0 0 -1
    outer loop
      vertex -128.24 -4.24985 5.79
      vertex -128.948 -2.54067 5.79
      vertex -128.625 -2.38157 5.79
    endloop
  endfacet
  facet normal 0 0 -1
    outer loop
      vertex -128.809 -4.44326 5.79
      vertex -129.288 -2.6563 5.79
      vertex -128.948 -2.54067 5.79
    endloop
  endfacet
  facet normal 0 0 -1
    outer loop
      vertex -129.4 -4.56065 5.79
      vertex -129.288 -2.6563 5.79
      vertex -128.809 -4.44326 5.79
    endloop
  endfacet
  facet normal 0 0 -1
    outer loop
      vertex -129.4 -4.56065 5.79
      vertex -129.641 -2.72647 5.79
      vertex -129.288 -2.6563 5.79
    endloop
  endfacet
  facet normal 0 0 -1
    outer loop
      vertex -130 -4.6 5.79
      vertex -129.641 -2.72647 5.79
      vertex -129.4 -4.56065 5.79
    endloop
  endfacet
  facet normal 0 0 -1
    outer loop
      vertex -130 -4.6 5.79
      vertex -130 -2.75 5.79
      vertex -129.641 -2.72647 5.79
    endloop
  endfacet
  facet normal 0 0 -1
    outer loop
      vertex -130 -4.6 5.79
      vertex -130.359 -2.72647 5.79
      vertex -130 -2.75 5.79
    endloop
  endfacet
  facet normal 0 0 -1
    outer loop
      vertex -130.6 -4.56065 5.79
      vertex -130.359 -2.72647 5.79
      vertex -130 -4.6 5.79
    endloop
  endfacet
  facet normal 0 0 -1
    outer loop
      vertex -130.6 -4.56065 5.79
      vertex -130.712 -2.6563 5.79
      vertex -130.359 -2.72647 5.79
    endloop
  endfacet
  facet normal 0 0 -1
    outer loop
      vertex -131.191 -4.44326 5.79
      vertex -130.712 -2.6563 5.79
      vertex -130.6 -4.56065 5.79
    endloop
  endfacet
  facet normal -0 0 -1
    outer loop
      vertex -130.712 -2.6563 5.79
      vertex -131.191 -4.44326 5.79
      vertex -131.052 -2.54067 5.79
    endloop
  endfacet
  facet normal 0 0 -1
    outer loop
      vertex -131.76 -4.24985 5.79
      vertex -131.052 -2.54067 5.79
      vertex -131.191 -4.44326 5.79
    endloop
  endfacet
  facet normal -0 0 -1
    outer loop
      vertex -131.052 -2.54067 5.79
      vertex -131.76 -4.24985 5.79
      vertex -131.375 -2.38157 5.79
    endloop
  endfacet
  facet normal 0 0 -1
    outer loop
      vertex -132.3 -3.98372 5.79
      vertex -131.375 -2.38157 5.79
      vertex -131.76 -4.24985 5.79
    endloop
  endfacet
  facet normal -0 0 -1
    outer loop
      vertex -131.375 -2.38157 5.79
      vertex -132.3 -3.98372 5.79
      vertex -131.674 -2.18172 5.79
    endloop
  endfacet
  facet normal 0 0 -1
    outer loop
      vertex -132.8 -3.64942 5.79
      vertex -131.674 -2.18172 5.79
      vertex -132.3 -3.98372 5.79
    endloop
  endfacet
  facet normal -0 0 -1
    outer loop
      vertex -131.674 -2.18172 5.79
      vertex -132.8 -3.64942 5.79
      vertex -131.945 -1.94454 5.79
    endloop
  endfacet
  facet normal 0 0 -1
    outer loop
      vertex -133.253 -3.25269 5.79
      vertex -131.945 -1.94454 5.79
      vertex -132.8 -3.64942 5.79
    endloop
  endfacet
  facet normal -0 0 -1
    outer loop
      vertex -131.945 -1.94454 5.79
      vertex -133.253 -3.25269 5.79
      vertex -132.182 -1.67409 5.79
    endloop
  endfacet
  facet normal 0 0 -1
    outer loop
      vertex -133.649 -2.8003 5.79
      vertex -132.182 -1.67409 5.79
      vertex -133.253 -3.25269 5.79
    endloop
  endfacet
  facet normal -0 0 -1
    outer loop
      vertex -132.182 -1.67409 5.79
      vertex -133.649 -2.8003 5.79
      vertex -132.382 -1.375 5.79
    endloop
  endfacet
  facet normal -0 0 -1
    outer loop
      vertex -132.382 -1.375 5.79
      vertex -133.984 -2.3 5.79
      vertex -132.541 -1.05238 5.79
    endloop
  endfacet
  facet normal 0 0 -1
    outer loop
      vertex -133.984 -2.3 5.79
      vertex -132.382 -1.375 5.79
      vertex -133.649 -2.8003 5.79
    endloop
  endfacet
  facet normal 0 0 -1
    outer loop
      vertex -127.618 1.375 5.79
      vertex -126.016 2.3 5.79
      vertex -127.459 1.05238 5.79
    endloop
  endfacet
  facet normal -0 0 -1
    outer loop
      vertex -126.016 2.3 5.79
      vertex -127.618 1.375 5.79
      vertex -126.351 2.8003 5.79
    endloop
  endfacet
  facet normal 0 0 -1
    outer loop
      vertex -127.818 1.67409 5.79
      vertex -126.351 2.8003 5.79
      vertex -127.618 1.375 5.79
    endloop
  endfacet
  facet normal -0 0 -1
    outer loop
      vertex -126.351 2.8003 5.79
      vertex -127.818 1.67409 5.79
      vertex -126.747 3.25269 5.79
    endloop
  endfacet
  facet normal 0 0 -1
    outer loop
      vertex -128.055 1.94454 5.79
      vertex -126.747 3.25269 5.79
      vertex -127.818 1.67409 5.79
    endloop
  endfacet
  facet normal -0 0 -1
    outer loop
      vertex -126.747 3.25269 5.79
      vertex -128.055 1.94454 5.79
      vertex -127.2 3.64942 5.79
    endloop
  endfacet
  facet normal 0 0 -1
    outer loop
      vertex -128.326 2.18172 5.79
      vertex -127.2 3.64942 5.79
      vertex -128.055 1.94454 5.79
    endloop
  endfacet
  facet normal -0 0 -1
    outer loop
      vertex -127.2 3.64942 5.79
      vertex -128.326 2.18172 5.79
      vertex -127.7 3.98372 5.79
    endloop
  endfacet
  facet normal 0 0 -1
    outer loop
      vertex -128.625 2.38157 5.79
      vertex -127.7 3.98372 5.79
      vertex -128.326 2.18172 5.79
    endloop
  endfacet
  facet normal -0 0 -1
    outer loop
      vertex -127.7 3.98372 5.79
      vertex -128.625 2.38157 5.79
      vertex -128.24 4.24985 5.79
    endloop
  endfacet
  facet normal 0 0 -1
    outer loop
      vertex -128.948 2.54067 5.79
      vertex -128.24 4.24985 5.79
      vertex -128.625 2.38157 5.79
    endloop
  endfacet
  facet normal -0 0 -1
    outer loop
      vertex -128.24 4.24985 5.79
      vertex -128.948 2.54067 5.79
      vertex -128.809 4.44326 5.79
    endloop
  endfacet
  facet normal 0 0 -1
    outer loop
      vertex -129.288 2.6563 5.79
      vertex -128.809 4.44326 5.79
      vertex -128.948 2.54067 5.79
    endloop
  endfacet
  facet normal 0 0 -1
    outer loop
      vertex -129.288 2.6563 5.79
      vertex -129.4 4.56065 5.79
      vertex -128.809 4.44326 5.79
    endloop
  endfacet
  facet normal 0 0 -1
    outer loop
      vertex -129.641 2.72647 5.79
      vertex -129.4 4.56065 5.79
      vertex -129.288 2.6563 5.79
    endloop
  endfacet
  facet normal 0 0 -1
    outer loop
      vertex -130 2.75 5.79
      vertex -129.4 4.56065 5.79
      vertex -129.641 2.72647 5.79
    endloop
  endfacet
  facet normal 0 0 -1
    outer loop
      vertex -130 2.75 5.79
      vertex -130 4.6 5.79
      vertex -129.4 4.56065 5.79
    endloop
  endfacet
  facet normal 0 0 -1
    outer loop
      vertex -130.359 2.72647 5.79
      vertex -130 4.6 5.79
      vertex -130 2.75 5.79
    endloop
  endfacet
  facet normal 0 0 -1
    outer loop
      vertex -130.359 2.72647 5.79
      vertex -130.6 4.56065 5.79
      vertex -130 4.6 5.79
    endloop
  endfacet
  facet normal 0 0 -1
    outer loop
      vertex -130.712 2.6563 5.79
      vertex -130.6 4.56065 5.79
      vertex -130.359 2.72647 5.79
    endloop
  endfacet
  facet normal 0 0 -1
    outer loop
      vertex -131.191 4.44326 5.79
      vertex -130.712 2.6563 5.79
      vertex -131.052 2.54067 5.79
    endloop
  endfacet
  facet normal 0 0 -1
    outer loop
      vertex -130.712 2.6563 5.79
      vertex -131.191 4.44326 5.79
      vertex -130.6 4.56065 5.79
    endloop
  endfacet
  facet normal 0 0 -1
    outer loop
      vertex -131.76 4.24985 5.79
      vertex -131.052 2.54067 5.79
      vertex -131.375 2.38157 5.79
    endloop
  endfacet
  facet normal 0 0 -1
    outer loop
      vertex -132.3 3.98372 5.79
      vertex -131.375 2.38157 5.79
      vertex -131.674 2.18172 5.79
    endloop
  endfacet
  facet normal 0 0 -1
    outer loop
      vertex -131.052 2.54067 5.79
      vertex -131.76 4.24985 5.79
      vertex -131.191 4.44326 5.79
    endloop
  endfacet
  facet normal 0 0 -1
    outer loop
      vertex -132.8 3.64942 5.79
      vertex -131.674 2.18172 5.79
      vertex -131.945 1.94454 5.79
    endloop
  endfacet
  facet normal 0 0 -1
    outer loop
      vertex -133.253 3.25269 5.79
      vertex -131.945 1.94454 5.79
      vertex -132.182 1.67409 5.79
    endloop
  endfacet
  facet normal 0 0 -1
    outer loop
      vertex -131.375 2.38157 5.79
      vertex -132.3 3.98372 5.79
      vertex -131.76 4.24985 5.79
    endloop
  endfacet
  facet normal 0 0 -1
    outer loop
      vertex -133.649 2.8003 5.79
      vertex -132.182 1.67409 5.79
      vertex -132.382 1.375 5.79
    endloop
  endfacet
  facet normal 0 0 -1
    outer loop
      vertex -133.984 2.3 5.79
      vertex -132.382 1.375 5.79
      vertex -132.541 1.05238 5.79
    endloop
  endfacet
  facet normal 0 0 -1
    outer loop
      vertex -134.25 1.76034 5.79
      vertex -132.541 1.05238 5.79
      vertex -132.656 0.711752 5.79
    endloop
  endfacet
  facet normal 0 0 -1
    outer loop
      vertex -134.443 1.19057 5.79
      vertex -132.656 0.711752 5.79
      vertex -132.726 0.358947 5.79
    endloop
  endfacet
  facet normal 0 0 -1
    outer loop
      vertex -131.674 2.18172 5.79
      vertex -132.8 3.64942 5.79
      vertex -132.3 3.98372 5.79
    endloop
  endfacet
  facet normal 0 0 -1
    outer loop
      vertex -134.561 0.60042 5.79
      vertex -132.726 0.358947 5.79
      vertex -132.75 0 5.79
    endloop
  endfacet
  facet normal 0 0 -1
    outer loop
      vertex -134.25 -1.76034 5.79
      vertex -132.541 -1.05238 5.79
      vertex -133.984 -2.3 5.79
    endloop
  endfacet
  facet normal -0 0 -1
    outer loop
      vertex -132.541 -1.05238 5.79
      vertex -134.25 -1.76034 5.79
      vertex -132.656 -0.711752 5.79
    endloop
  endfacet
  facet normal 0 0 -1
    outer loop
      vertex -131.945 1.94454 5.79
      vertex -133.253 3.25269 5.79
      vertex -132.8 3.64942 5.79
    endloop
  endfacet
  facet normal 0 0 -1
    outer loop
      vertex -134.443 -1.19057 5.79
      vertex -132.656 -0.711752 5.79
      vertex -134.25 -1.76034 5.79
    endloop
  endfacet
  facet normal 0 0 -1
    outer loop
      vertex -132.182 1.67409 5.79
      vertex -133.649 2.8003 5.79
      vertex -133.253 3.25269 5.79
    endloop
  endfacet
  facet normal -0 0 -1
    outer loop
      vertex -132.656 -0.711752 5.79
      vertex -134.443 -1.19057 5.79
      vertex -132.726 -0.358947 5.79
    endloop
  endfacet
  facet normal 0 0 -1
    outer loop
      vertex -132.382 1.375 5.79
      vertex -133.984 2.3 5.79
      vertex -133.649 2.8003 5.79
    endloop
  endfacet
  facet normal 0 0 -1
    outer loop
      vertex -134.561 -0.60042 5.79
      vertex -132.726 -0.358947 5.79
      vertex -134.443 -1.19057 5.79
    endloop
  endfacet
  facet normal 0 0 -1
    outer loop
      vertex -132.541 1.05238 5.79
      vertex -134.25 1.76034 5.79
      vertex -133.984 2.3 5.79
    endloop
  endfacet
  facet normal -0 0 -1
    outer loop
      vertex -132.726 -0.358947 5.79
      vertex -134.561 -0.60042 5.79
      vertex -132.75 0 5.79
    endloop
  endfacet
  facet normal 0 0 -1
    outer loop
      vertex -132.656 0.711752 5.79
      vertex -134.443 1.19057 5.79
      vertex -134.25 1.76034 5.79
    endloop
  endfacet
  facet normal 0 0 -1
    outer loop
      vertex -134.6 0 5.79
      vertex -132.75 0 5.79
      vertex -134.561 -0.60042 5.79
    endloop
  endfacet
  facet normal 0 0 -1
    outer loop
      vertex -132.726 0.358947 5.79
      vertex -134.561 0.60042 5.79
      vertex -134.443 1.19057 5.79
    endloop
  endfacet
  facet normal 0 0 -1
    outer loop
      vertex -132.75 0 5.79
      vertex -134.6 0 5.79
      vertex -134.561 0.60042 5.79
    endloop
  endfacet
  facet normal 0.947138 -0.320827 0
    outer loop
      vertex -134.443 1.19057 5.79
      vertex -134.25 1.76034 0
      vertex -134.25 1.76034 5.79
    endloop
  endfacet
  facet normal 0.947138 -0.320827 0
    outer loop
      vertex -134.25 1.76034 0
      vertex -134.443 1.19057 5.79
      vertex -134.443 1.19057 0
    endloop
  endfacet
  facet normal 0.98059 -0.196068 0
    outer loop
      vertex -134.561 0.60042 5.79
      vertex -134.443 1.19057 0
      vertex -134.443 1.19057 5.79
    endloop
  endfacet
  facet normal 0.98059 -0.196068 0
    outer loop
      vertex -134.443 1.19057 0
      vertex -134.561 0.60042 5.79
      vertex -134.561 0.60042 0
    endloop
  endfacet
  facet normal 0.194823 -0.980838 0
    outer loop
      vertex -131.191 4.44326 0
      vertex -130.6 4.56065 5.79
      vertex -131.191 4.44326 5.79
    endloop
  endfacet
  facet normal 0.194823 -0.980838 0
    outer loop
      vertex -130.6 4.56065 5.79
      vertex -131.191 4.44326 0
      vertex -130.6 4.56065 0
    endloop
  endfacet
  facet normal 0.658838 -0.752284 0
    outer loop
      vertex -133.253 3.25269 0
      vertex -132.8 3.64942 5.79
      vertex -133.253 3.25269 5.79
    endloop
  endfacet
  facet normal 0.658838 -0.752284 0
    outer loop
      vertex -132.8 3.64942 5.79
      vertex -133.253 3.25269 0
      vertex -132.8 3.64942 0
    endloop
  endfacet
  facet normal 0.752446 -0.658654 0
    outer loop
      vertex -133.649 2.8003 5.79
      vertex -133.253 3.25269 0
      vertex -133.253 3.25269 5.79
    endloop
  endfacet
  facet normal 0.752446 -0.658654 0
    outer loop
      vertex -133.253 3.25269 0
      vertex -133.649 2.8003 5.79
      vertex -133.649 2.8003 0
    endloop
  endfacet
  facet normal -0.997897 -0.0648179 0
    outer loop
      vertex -125.4 0 0
      vertex -125.439 0.60042 5.79
      vertex -125.439 0.60042 0
    endloop
  endfacet
  facet normal -0.997897 -0.0648179 0
    outer loop
      vertex -125.439 0.60042 5.79
      vertex -125.4 0 0
      vertex -125.4 0 5.79
    endloop
  endfacet
  facet normal -0.830924 0.556385 0
    outer loop
      vertex -126.351 -2.8003 0
      vertex -126.016 -2.3 5.79
      vertex -126.016 -2.3 0
    endloop
  endfacet
  facet normal -0.830924 0.556385 0
    outer loop
      vertex -126.016 -2.3 5.79
      vertex -126.351 -2.8003 0
      vertex -126.351 -2.8003 5.79
    endloop
  endfacet
  facet normal 0.997897 0.0648179 0
    outer loop
      vertex -134.561 -0.60042 5.79
      vertex -134.6 0 0
      vertex -134.6 0 5.79
    endloop
  endfacet
  facet normal 0.997897 0.0648179 0
    outer loop
      vertex -134.6 0 0
      vertex -134.561 -0.60042 5.79
      vertex -134.561 -0.60042 0
    endloop
  endfacet
  facet normal 0.896959 0.442114 0
    outer loop
      vertex -133.984 -2.3 5.79
      vertex -134.25 -1.76034 0
      vertex -134.25 -1.76034 5.79
    endloop
  endfacet
  facet normal 0.896959 0.442114 0
    outer loop
      vertex -134.25 -1.76034 0
      vertex -133.984 -2.3 5.79
      vertex -133.984 -2.3 0
    endloop
  endfacet
  facet normal -0.194823 0.980838 0
    outer loop
      vertex -128.809 -4.44326 0
      vertex -129.4 -4.56065 5.79
      vertex -128.809 -4.44326 5.79
    endloop
  endfacet
  facet normal -0.194823 0.980838 0
    outer loop
      vertex -129.4 -4.56065 5.79
      vertex -128.809 -4.44326 0
      vertex -129.4 -4.56065 0
    endloop
  endfacet
  facet normal -0.658838 0.752284 0
    outer loop
      vertex -126.747 -3.25269 0
      vertex -127.2 -3.64942 5.79
      vertex -126.747 -3.25269 5.79
    endloop
  endfacet
  facet normal -0.658838 0.752284 0
    outer loop
      vertex -127.2 -3.64942 5.79
      vertex -126.747 -3.25269 0
      vertex -127.2 -3.64942 0
    endloop
  endfacet
  facet normal -0.896959 0.442114 0
    outer loop
      vertex -126.016 -2.3 0
      vertex -125.75 -1.76034 5.79
      vertex -125.75 -1.76034 0
    endloop
  endfacet
  facet normal -0.896959 0.442114 0
    outer loop
      vertex -125.75 -1.76034 5.79
      vertex -126.016 -2.3 0
      vertex -126.016 -2.3 5.79
    endloop
  endfacet
  facet normal 0.947138 0.320827 0
    outer loop
      vertex -134.25 -1.76034 5.79
      vertex -134.443 -1.19057 0
      vertex -134.443 -1.19057 5.79
    endloop
  endfacet
  facet normal 0.947138 0.320827 0
    outer loop
      vertex -134.443 -1.19057 0
      vertex -134.25 -1.76034 5.79
      vertex -134.25 -1.76034 0
    endloop
  endfacet
  facet normal 0.98059 0.196068 0
    outer loop
      vertex -134.443 -1.19057 5.79
      vertex -134.561 -0.60042 0
      vertex -134.561 -0.60042 5.79
    endloop
  endfacet
  facet normal 0.98059 0.196068 0
    outer loop
      vertex -134.561 -0.60042 0
      vertex -134.443 -1.19057 5.79
      vertex -134.443 -1.19057 0
    endloop
  endfacet
  facet normal -0.442063 0.896984 0
    outer loop
      vertex -127.7 -3.98372 0
      vertex -128.24 -4.24985 5.79
      vertex -127.7 -3.98372 5.79
    endloop
  endfacet
  facet normal -0.442063 0.896984 0
    outer loop
      vertex -128.24 -4.24985 5.79
      vertex -127.7 -3.98372 0
      vertex -128.24 -4.24985 0
    endloop
  endfacet
  facet normal -0.321828 0.946798 0
    outer loop
      vertex -128.24 -4.24985 0
      vertex -128.809 -4.44326 5.79
      vertex -128.24 -4.24985 5.79
    endloop
  endfacet
  facet normal -0.321828 0.946798 0
    outer loop
      vertex -128.809 -4.44326 5.79
      vertex -128.24 -4.24985 0
      vertex -128.809 -4.44326 0
    endloop
  endfacet
  facet normal 0.321828 0.946798 -0
    outer loop
      vertex -131.191 -4.44326 0
      vertex -131.76 -4.24985 5.79
      vertex -131.191 -4.44326 5.79
    endloop
  endfacet
  facet normal 0.321828 0.946798 0
    outer loop
      vertex -131.76 -4.24985 5.79
      vertex -131.191 -4.44326 0
      vertex -131.76 -4.24985 0
    endloop
  endfacet
  facet normal -0.0654427 0.997856 0
    outer loop
      vertex -129.4 -4.56065 0
      vertex -130 -4.6 5.79
      vertex -129.4 -4.56065 5.79
    endloop
  endfacet
  facet normal -0.0654427 0.997856 0
    outer loop
      vertex -130 -4.6 5.79
      vertex -129.4 -4.56065 0
      vertex -130 -4.6 0
    endloop
  endfacet
  facet normal 0.0654427 0.997856 -0
    outer loop
      vertex -130 -4.6 0
      vertex -130.6 -4.56065 5.79
      vertex -130 -4.6 5.79
    endloop
  endfacet
  facet normal 0.0654427 0.997856 0
    outer loop
      vertex -130.6 -4.56065 5.79
      vertex -130 -4.6 0
      vertex -130.6 -4.56065 0
    endloop
  endfacet
  facet normal 0.194823 0.980838 -0
    outer loop
      vertex -130.6 -4.56065 0
      vertex -131.191 -4.44326 5.79
      vertex -130.6 -4.56065 5.79
    endloop
  endfacet
  facet normal 0.194823 0.980838 0
    outer loop
      vertex -131.191 -4.44326 5.79
      vertex -130.6 -4.56065 0
      vertex -131.191 -4.44326 0
    endloop
  endfacet
  facet normal 0.752446 0.658654 0
    outer loop
      vertex -133.253 -3.25269 5.79
      vertex -133.649 -2.8003 0
      vertex -133.649 -2.8003 5.79
    endloop
  endfacet
  facet normal 0.752446 0.658654 0
    outer loop
      vertex -133.649 -2.8003 0
      vertex -133.253 -3.25269 5.79
      vertex -133.253 -3.25269 0
    endloop
  endfacet
  facet normal 0.658838 0.752284 -0
    outer loop
      vertex -132.8 -3.64942 0
      vertex -133.253 -3.25269 5.79
      vertex -132.8 -3.64942 5.79
    endloop
  endfacet
  facet normal 0.658838 0.752284 0
    outer loop
      vertex -133.253 -3.25269 5.79
      vertex -132.8 -3.64942 0
      vertex -133.253 -3.25269 0
    endloop
  endfacet
  facet normal -0.752446 0.658654 0
    outer loop
      vertex -126.747 -3.25269 0
      vertex -126.351 -2.8003 5.79
      vertex -126.351 -2.8003 0
    endloop
  endfacet
  facet normal -0.752446 0.658654 0
    outer loop
      vertex -126.351 -2.8003 5.79
      vertex -126.747 -3.25269 0
      vertex -126.747 -3.25269 5.79
    endloop
  endfacet
  facet normal 0.830924 0.556385 0
    outer loop
      vertex -133.649 -2.8003 5.79
      vertex -133.984 -2.3 0
      vertex -133.984 -2.3 5.79
    endloop
  endfacet
  facet normal 0.830924 0.556385 0
    outer loop
      vertex -133.984 -2.3 0
      vertex -133.649 -2.8003 5.79
      vertex -133.649 -2.8003 0
    endloop
  endfacet
  facet normal 0.442063 0.896984 -0
    outer loop
      vertex -131.76 -4.24985 0
      vertex -132.3 -3.98372 5.79
      vertex -131.76 -4.24985 5.79
    endloop
  endfacet
  facet normal 0.442063 0.896984 0
    outer loop
      vertex -132.3 -3.98372 5.79
      vertex -131.76 -4.24985 0
      vertex -132.3 -3.98372 0
    endloop
  endfacet
  facet normal 0.555812 0.831308 -0
    outer loop
      vertex -132.3 -3.98372 0
      vertex -132.8 -3.64942 5.79
      vertex -132.3 -3.98372 5.79
    endloop
  endfacet
  facet normal 0.555812 0.831308 0
    outer loop
      vertex -132.8 -3.64942 5.79
      vertex -132.3 -3.98372 0
      vertex -132.8 -3.64942 0
    endloop
  endfacet
  facet normal -0.997788 -0.0664749 0
    outer loop
      vertex -135.7 20 0
      vertex -135.72 20.3002 6
      vertex -135.72 20.3002 0
    endloop
  endfacet
  facet normal -0.997788 -0.0664749 0
    outer loop
      vertex -135.72 20.3002 6
      vertex -135.7 20 0
      vertex -135.7 20 6
    endloop
  endfacet
  facet normal 0.0655255 -0.997851 0
    outer loop
      vertex -138.3 22.2803 0
      vertex -138 22.3 6
      vertex -138.3 22.2803 6
    endloop
  endfacet
  facet normal 0.0655255 -0.997851 0
    outer loop
      vertex -138 22.3 6
      vertex -138.3 22.2803 0
      vertex -138 22.3 0
    endloop
  endfacet
  facet normal -0.0655255 0.997851 0
    outer loop
      vertex -137.7 17.7197 0
      vertex -138 17.7 6
      vertex -137.7 17.7197 6
    endloop
  endfacet
  facet normal -0.0655255 0.997851 0
    outer loop
      vertex -138 17.7 6
      vertex -137.7 17.7197 0
      vertex -138 17.7 0
    endloop
  endfacet
  facet normal 0.659728 0.751505 -0
    outer loop
      vertex -139.4 18.1753 0
      vertex -139.626 18.3737 6
      vertex -139.4 18.1753 6
    endloop
  endfacet
  facet normal 0.659728 0.751505 0
    outer loop
      vertex -139.626 18.3737 6
      vertex -139.4 18.1753 0
      vertex -139.626 18.3737 0
    endloop
  endfacet
  facet normal -0.659728 -0.751505 0
    outer loop
      vertex -136.6 21.8247 0
      vertex -136.374 21.6263 6
      vertex -136.6 21.8247 6
    endloop
  endfacet
  facet normal -0.659728 -0.751505 -0
    outer loop
      vertex -136.374 21.6263 6
      vertex -136.6 21.8247 0
      vertex -136.374 21.6263 0
    endloop
  endfacet
  facet normal 0.750661 -0.660688 0
    outer loop
      vertex -139.825 21.4002 6
      vertex -139.626 21.6263 0
      vertex -139.626 21.6263 6
    endloop
  endfacet
  facet normal 0.750661 -0.660688 0
    outer loop
      vertex -139.626 21.6263 0
      vertex -139.825 21.4002 6
      vertex -139.825 21.4002 0
    endloop
  endfacet
  facet normal 0.44189 -0.897069 0
    outer loop
      vertex -139.15 21.9919 0
      vertex -138.88 22.1249 6
      vertex -139.15 21.9919 6
    endloop
  endfacet
  facet normal 0.44189 -0.897069 0
    outer loop
      vertex -138.88 22.1249 6
      vertex -139.15 21.9919 0
      vertex -138.88 22.1249 0
    endloop
  endfacet
  facet normal -0.89694 -0.442153 0
    outer loop
      vertex -135.875 20.8802 0
      vertex -136.008 21.15 6
      vertex -136.008 21.15 0
    endloop
  endfacet
  facet normal -0.89694 -0.442153 0
    outer loop
      vertex -136.008 21.15 6
      vertex -135.875 20.8802 0
      vertex -135.875 20.8802 6
    endloop
  endfacet
  facet normal -0.831743 -0.55516 0
    outer loop
      vertex -136.008 21.15 0
      vertex -136.175 21.4002 6
      vertex -136.175 21.4002 0
    endloop
  endfacet
  facet normal -0.831743 -0.55516 0
    outer loop
      vertex -136.175 21.4002 6
      vertex -136.008 21.15 0
      vertex -136.008 21.15 6
    endloop
  endfacet
  facet normal -0.321307 -0.946975 0
    outer loop
      vertex -137.405 22.2216 0
      vertex -137.12 22.1249 6
      vertex -137.405 22.2216 6
    endloop
  endfacet
  facet normal -0.321307 -0.946975 -0
    outer loop
      vertex -137.12 22.1249 6
      vertex -137.405 22.2216 0
      vertex -137.12 22.1249 0
    endloop
  endfacet
  facet normal -0.195157 -0.980772 0
    outer loop
      vertex -137.7 22.2803 0
      vertex -137.405 22.2216 6
      vertex -137.7 22.2803 6
    endloop
  endfacet
  facet normal -0.195157 -0.980772 -0
    outer loop
      vertex -137.405 22.2216 6
      vertex -137.7 22.2803 0
      vertex -137.405 22.2216 0
    endloop
  endfacet
  facet normal -0.44189 -0.897069 0
    outer loop
      vertex -137.12 22.1249 0
      vertex -136.85 21.9919 6
      vertex -137.12 22.1249 6
    endloop
  endfacet
  facet normal -0.44189 -0.897069 -0
    outer loop
      vertex -136.85 21.9919 6
      vertex -137.12 22.1249 0
      vertex -136.85 21.9919 0
    endloop
  endfacet
  facet normal 0.946637 -0.322302 0
    outer loop
      vertex -140.222 20.5953 6
      vertex -140.125 20.8802 0
      vertex -140.125 20.8802 6
    endloop
  endfacet
  facet normal 0.946637 -0.322302 0
    outer loop
      vertex -140.125 20.8802 0
      vertex -140.222 20.5953 6
      vertex -140.222 20.5953 0
    endloop
  endfacet
  facet normal 0.981227 -0.192854 0
    outer loop
      vertex -140.28 20.3002 6
      vertex -140.222 20.5953 0
      vertex -140.222 20.5953 6
    endloop
  endfacet
  facet normal 0.981227 -0.192854 0
    outer loop
      vertex -140.222 20.5953 0
      vertex -140.28 20.3002 6
      vertex -140.28 20.3002 0
    endloop
  endfacet
  facet normal 0.555927 -0.831231 0
    outer loop
      vertex -139.4 21.8247 0
      vertex -139.15 21.9919 6
      vertex -139.4 21.8247 6
    endloop
  endfacet
  facet normal 0.555927 -0.831231 0
    outer loop
      vertex -139.15 21.9919 6
      vertex -139.4 21.8247 0
      vertex -139.15 21.9919 0
    endloop
  endfacet
  facet normal 0.321307 -0.946975 0
    outer loop
      vertex -138.88 22.1249 0
      vertex -138.595 22.2216 6
      vertex -138.88 22.1249 6
    endloop
  endfacet
  facet normal 0.321307 -0.946975 0
    outer loop
      vertex -138.595 22.2216 6
      vertex -138.88 22.1249 0
      vertex -138.595 22.2216 0
    endloop
  endfacet
  facet normal -0.555927 0.831231 0
    outer loop
      vertex -136.6 18.1753 0
      vertex -136.85 18.0081 6
      vertex -136.6 18.1753 6
    endloop
  endfacet
  facet normal -0.555927 0.831231 0
    outer loop
      vertex -136.85 18.0081 6
      vertex -136.6 18.1753 0
      vertex -136.85 18.0081 0
    endloop
  endfacet
  facet normal -0.981227 0.192854 0
    outer loop
      vertex -135.778 19.4047 0
      vertex -135.72 19.6998 6
      vertex -135.72 19.6998 0
    endloop
  endfacet
  facet normal -0.981227 0.192854 0
    outer loop
      vertex -135.72 19.6998 6
      vertex -135.778 19.4047 0
      vertex -135.778 19.4047 6
    endloop
  endfacet
  facet normal 0.195157 0.980772 -0
    outer loop
      vertex -138.3 17.7197 0
      vertex -138.595 17.7784 6
      vertex -138.3 17.7197 6
    endloop
  endfacet
  facet normal 0.195157 0.980772 0
    outer loop
      vertex -138.595 17.7784 6
      vertex -138.3 17.7197 0
      vertex -138.595 17.7784 0
    endloop
  endfacet
  facet normal 0.831743 0.55516 0
    outer loop
      vertex -139.825 18.5998 6
      vertex -139.992 18.85 0
      vertex -139.992 18.85 6
    endloop
  endfacet
  facet normal 0.831743 0.55516 0
    outer loop
      vertex -139.992 18.85 0
      vertex -139.825 18.5998 6
      vertex -139.825 18.5998 0
    endloop
  endfacet
  facet normal -0.946637 -0.322302 0
    outer loop
      vertex -135.778 20.5953 0
      vertex -135.875 20.8802 6
      vertex -135.875 20.8802 0
    endloop
  endfacet
  facet normal -0.946637 -0.322302 0
    outer loop
      vertex -135.875 20.8802 6
      vertex -135.778 20.5953 0
      vertex -135.778 20.5953 6
    endloop
  endfacet
  facet normal -0.981227 -0.192854 0
    outer loop
      vertex -135.72 20.3002 0
      vertex -135.778 20.5953 6
      vertex -135.778 20.5953 0
    endloop
  endfacet
  facet normal -0.981227 -0.192854 0
    outer loop
      vertex -135.778 20.5953 6
      vertex -135.72 20.3002 0
      vertex -135.72 20.3002 6
    endloop
  endfacet
  facet normal -0.750661 -0.660688 0
    outer loop
      vertex -136.175 21.4002 0
      vertex -136.374 21.6263 6
      vertex -136.374 21.6263 0
    endloop
  endfacet
  facet normal -0.750661 -0.660688 0
    outer loop
      vertex -136.374 21.6263 6
      vertex -136.175 21.4002 0
      vertex -136.175 21.4002 6
    endloop
  endfacet
  facet normal -0.0655255 -0.997851 0
    outer loop
      vertex -138 22.3 0
      vertex -137.7 22.2803 6
      vertex -138 22.3 6
    endloop
  endfacet
  facet normal -0.0655255 -0.997851 -0
    outer loop
      vertex -137.7 22.2803 6
      vertex -138 22.3 0
      vertex -137.7 22.2803 0
    endloop
  endfacet
  facet normal -0.555927 -0.831231 0
    outer loop
      vertex -136.85 21.9919 0
      vertex -136.6 21.8247 6
      vertex -136.85 21.9919 6
    endloop
  endfacet
  facet normal -0.555927 -0.831231 -0
    outer loop
      vertex -136.6 21.8247 6
      vertex -136.85 21.9919 0
      vertex -136.6 21.8247 0
    endloop
  endfacet
  facet normal 0.89694 -0.442153 0
    outer loop
      vertex -140.125 20.8802 6
      vertex -139.992 21.15 0
      vertex -139.992 21.15 6
    endloop
  endfacet
  facet normal 0.89694 -0.442153 0
    outer loop
      vertex -139.992 21.15 0
      vertex -140.125 20.8802 6
      vertex -140.125 20.8802 0
    endloop
  endfacet
  facet normal 0.831743 -0.55516 0
    outer loop
      vertex -139.992 21.15 6
      vertex -139.825 21.4002 0
      vertex -139.825 21.4002 6
    endloop
  endfacet
  facet normal 0.831743 -0.55516 0
    outer loop
      vertex -139.825 21.4002 0
      vertex -139.992 21.15 6
      vertex -139.992 21.15 0
    endloop
  endfacet
  facet normal 0.997788 -0.0664749 0
    outer loop
      vertex -140.3 20 6
      vertex -140.28 20.3002 0
      vertex -140.28 20.3002 6
    endloop
  endfacet
  facet normal 0.997788 -0.0664749 0
    outer loop
      vertex -140.28 20.3002 0
      vertex -140.3 20 6
      vertex -140.3 20 0
    endloop
  endfacet
  facet normal 0.659728 -0.751505 0
    outer loop
      vertex -139.626 21.6263 0
      vertex -139.4 21.8247 6
      vertex -139.626 21.6263 6
    endloop
  endfacet
  facet normal 0.659728 -0.751505 0
    outer loop
      vertex -139.4 21.8247 6
      vertex -139.626 21.6263 0
      vertex -139.4 21.8247 0
    endloop
  endfacet
  facet normal 0.195157 -0.980772 0
    outer loop
      vertex -138.595 22.2216 0
      vertex -138.3 22.2803 6
      vertex -138.595 22.2216 6
    endloop
  endfacet
  facet normal 0.195157 -0.980772 0
    outer loop
      vertex -138.3 22.2803 6
      vertex -138.595 22.2216 0
      vertex -138.3 22.2803 0
    endloop
  endfacet
  facet normal -0.997788 0.0664749 0
    outer loop
      vertex -135.72 19.6998 0
      vertex -135.7 20 6
      vertex -135.7 20 0
    endloop
  endfacet
  facet normal -0.997788 0.0664749 0
    outer loop
      vertex -135.7 20 6
      vertex -135.72 19.6998 0
      vertex -135.72 19.6998 6
    endloop
  endfacet
  facet normal -0.195157 0.980772 0
    outer loop
      vertex -137.405 17.7784 0
      vertex -137.7 17.7197 6
      vertex -137.405 17.7784 6
    endloop
  endfacet
  facet normal -0.195157 0.980772 0
    outer loop
      vertex -137.7 17.7197 6
      vertex -137.405 17.7784 0
      vertex -137.7 17.7197 0
    endloop
  endfacet
  facet normal -0.44189 0.897069 0
    outer loop
      vertex -136.85 18.0081 0
      vertex -137.12 17.8751 6
      vertex -136.85 18.0081 6
    endloop
  endfacet
  facet normal -0.44189 0.897069 0
    outer loop
      vertex -137.12 17.8751 6
      vertex -136.85 18.0081 0
      vertex -137.12 17.8751 0
    endloop
  endfacet
  facet normal -0.659728 0.751505 0
    outer loop
      vertex -136.374 18.3737 0
      vertex -136.6 18.1753 6
      vertex -136.374 18.3737 6
    endloop
  endfacet
  facet normal -0.659728 0.751505 0
    outer loop
      vertex -136.6 18.1753 6
      vertex -136.374 18.3737 0
      vertex -136.6 18.1753 0
    endloop
  endfacet
  facet normal -0.831743 0.55516 0
    outer loop
      vertex -136.175 18.5998 0
      vertex -136.008 18.85 6
      vertex -136.008 18.85 0
    endloop
  endfacet
  facet normal -0.831743 0.55516 0
    outer loop
      vertex -136.008 18.85 6
      vertex -136.175 18.5998 0
      vertex -136.175 18.5998 6
    endloop
  endfacet
  facet normal 0.555927 0.831231 -0
    outer loop
      vertex -139.15 18.0081 0
      vertex -139.4 18.1753 6
      vertex -139.15 18.0081 6
    endloop
  endfacet
  facet normal 0.555927 0.831231 0
    outer loop
      vertex -139.4 18.1753 6
      vertex -139.15 18.0081 0
      vertex -139.4 18.1753 0
    endloop
  endfacet
  facet normal 0.321307 0.946975 -0
    outer loop
      vertex -138.595 17.7784 0
      vertex -138.88 17.8751 6
      vertex -138.595 17.7784 6
    endloop
  endfacet
  facet normal 0.321307 0.946975 0
    outer loop
      vertex -138.88 17.8751 6
      vertex -138.595 17.7784 0
      vertex -138.88 17.8751 0
    endloop
  endfacet
  facet normal 0.0655255 0.997851 -0
    outer loop
      vertex -138 17.7 0
      vertex -138.3 17.7197 6
      vertex -138 17.7 6
    endloop
  endfacet
  facet normal 0.0655255 0.997851 0
    outer loop
      vertex -138.3 17.7197 6
      vertex -138 17.7 0
      vertex -138.3 17.7197 0
    endloop
  endfacet
  facet normal 0.750661 0.660688 0
    outer loop
      vertex -139.626 18.3737 6
      vertex -139.825 18.5998 0
      vertex -139.825 18.5998 6
    endloop
  endfacet
  facet normal 0.750661 0.660688 0
    outer loop
      vertex -139.825 18.5998 0
      vertex -139.626 18.3737 6
      vertex -139.626 18.3737 0
    endloop
  endfacet
  facet normal 0.89694 0.442153 0
    outer loop
      vertex -139.992 18.85 6
      vertex -140.125 19.1198 0
      vertex -140.125 19.1198 6
    endloop
  endfacet
  facet normal 0.89694 0.442153 0
    outer loop
      vertex -140.125 19.1198 0
      vertex -139.992 18.85 6
      vertex -139.992 18.85 0
    endloop
  endfacet
  facet normal 0.981227 0.192854 0
    outer loop
      vertex -140.222 19.4047 6
      vertex -140.28 19.6998 0
      vertex -140.28 19.6998 6
    endloop
  endfacet
  facet normal 0.981227 0.192854 0
    outer loop
      vertex -140.28 19.6998 0
      vertex -140.222 19.4047 6
      vertex -140.222 19.4047 0
    endloop
  endfacet
  facet normal 0.997788 0.0664749 0
    outer loop
      vertex -140.28 19.6998 6
      vertex -140.3 20 0
      vertex -140.3 20 6
    endloop
  endfacet
  facet normal 0.997788 0.0664749 0
    outer loop
      vertex -140.3 20 0
      vertex -140.28 19.6998 6
      vertex -140.28 19.6998 0
    endloop
  endfacet
  facet normal -0.946637 0.322302 0
    outer loop
      vertex -135.875 19.1198 0
      vertex -135.778 19.4047 6
      vertex -135.778 19.4047 0
    endloop
  endfacet
  facet normal -0.946637 0.322302 0
    outer loop
      vertex -135.778 19.4047 6
      vertex -135.875 19.1198 0
      vertex -135.875 19.1198 6
    endloop
  endfacet
  facet normal -0.321307 0.946975 0
    outer loop
      vertex -137.12 17.8751 0
      vertex -137.405 17.7784 6
      vertex -137.12 17.8751 6
    endloop
  endfacet
  facet normal -0.321307 0.946975 0
    outer loop
      vertex -137.405 17.7784 6
      vertex -137.12 17.8751 0
      vertex -137.405 17.7784 0
    endloop
  endfacet
  facet normal -0.750661 0.660688 0
    outer loop
      vertex -136.374 18.3737 0
      vertex -136.175 18.5998 6
      vertex -136.175 18.5998 0
    endloop
  endfacet
  facet normal -0.750661 0.660688 0
    outer loop
      vertex -136.175 18.5998 6
      vertex -136.374 18.3737 0
      vertex -136.374 18.3737 6
    endloop
  endfacet
  facet normal 0.44189 0.897069 -0
    outer loop
      vertex -138.88 17.8751 0
      vertex -139.15 18.0081 6
      vertex -138.88 17.8751 6
    endloop
  endfacet
  facet normal 0.44189 0.897069 0
    outer loop
      vertex -139.15 18.0081 6
      vertex -138.88 17.8751 0
      vertex -139.15 18.0081 0
    endloop
  endfacet
  facet normal 0.946637 0.322302 0
    outer loop
      vertex -140.125 19.1198 6
      vertex -140.222 19.4047 0
      vertex -140.222 19.4047 6
    endloop
  endfacet
  facet normal 0.946637 0.322302 0
    outer loop
      vertex -140.222 19.4047 0
      vertex -140.125 19.1198 6
      vertex -140.125 19.1198 0
    endloop
  endfacet
  facet normal -0.89694 0.442153 0
    outer loop
      vertex -136.008 18.85 0
      vertex -135.875 19.1198 6
      vertex -135.875 19.1198 0
    endloop
  endfacet
  facet normal -0.89694 0.442153 0
    outer loop
      vertex -135.875 19.1198 6
      vertex -136.008 18.85 0
      vertex -136.008 18.85 6
    endloop
  endfacet
  facet normal -0.997854 -0.0654821 0
    outer loop
      vertex -71.7 -16 0
      vertex -71.7197 -15.6998 6
      vertex -71.7197 -15.6998 0
    endloop
  endfacet
  facet normal -0.997854 -0.0654821 0
    outer loop
      vertex -71.7197 -15.6998 6
      vertex -71.7 -16 0
      vertex -71.7 -16 6
    endloop
  endfacet
  facet normal 0.997854 -0.0654821 0
    outer loop
      vertex -76.3 -16 6
      vertex -76.2803 -15.6998 0
      vertex -76.2803 -15.6998 6
    endloop
  endfacet
  facet normal 0.997854 -0.0654821 0
    outer loop
      vertex -76.2803 -15.6998 0
      vertex -76.3 -16 6
      vertex -76.3 -16 0
    endloop
  endfacet
  facet normal 0.0654821 -0.997854 0
    outer loop
      vertex -74.3002 -13.7197 0
      vertex -74 -13.7 6
      vertex -74.3002 -13.7197 6
    endloop
  endfacet
  facet normal 0.0654821 -0.997854 0
    outer loop
      vertex -74 -13.7 6
      vertex -74.3002 -13.7197 0
      vertex -74 -13.7 0
    endloop
  endfacet
  facet normal -0.0654821 0.997854 0
    outer loop
      vertex -73.6998 -18.2803 0
      vertex -74 -18.3 6
      vertex -73.6998 -18.2803 6
    endloop
  endfacet
  facet normal -0.0654821 0.997854 0
    outer loop
      vertex -74 -18.3 6
      vertex -73.6998 -18.2803 0
      vertex -74 -18.3 0
    endloop
  endfacet
  facet normal -0.659563 -0.751649 0
    outer loop
      vertex -72.5998 -14.1753 0
      vertex -72.3737 -14.3737 6
      vertex -72.5998 -14.1753 6
    endloop
  endfacet
  facet normal -0.659563 -0.751649 -0
    outer loop
      vertex -72.3737 -14.3737 6
      vertex -72.5998 -14.1753 0
      vertex -72.3737 -14.3737 0
    endloop
  endfacet
  facet normal 0.751649 -0.659563 0
    outer loop
      vertex -75.8247 -14.5998 6
      vertex -75.6263 -14.3737 0
      vertex -75.6263 -14.3737 6
    endloop
  endfacet
  facet normal 0.751649 -0.659563 0
    outer loop
      vertex -75.6263 -14.3737 0
      vertex -75.8247 -14.5998 6
      vertex -75.8247 -14.5998 0
    endloop
  endfacet
  facet normal 0.442153 -0.89694 0
    outer loop
      vertex -75.15 -14.0081 0
      vertex -74.8802 -13.8751 6
      vertex -75.15 -14.0081 6
    endloop
  endfacet
  facet normal 0.442153 -0.89694 0
    outer loop
      vertex -74.8802 -13.8751 6
      vertex -75.15 -14.0081 0
      vertex -74.8802 -13.8751 0
    endloop
  endfacet
  facet normal -0.89694 -0.442153 0
    outer loop
      vertex -71.8751 -15.1198 0
      vertex -72.0081 -14.85 6
      vertex -72.0081 -14.85 0
    endloop
  endfacet
  facet normal -0.89694 -0.442153 0
    outer loop
      vertex -72.0081 -14.85 6
      vertex -71.8751 -15.1198 0
      vertex -71.8751 -15.1198 6
    endloop
  endfacet
  facet normal -0.831436 -0.55562 0
    outer loop
      vertex -72.0081 -14.85 0
      vertex -72.1753 -14.5998 6
      vertex -72.1753 -14.5998 0
    endloop
  endfacet
  facet normal -0.831436 -0.55562 0
    outer loop
      vertex -72.1753 -14.5998 6
      vertex -72.0081 -14.85 0
      vertex -72.0081 -14.85 6
    endloop
  endfacet
  facet normal -0.321408 -0.946941 0
    outer loop
      vertex -73.4047 -13.7784 0
      vertex -73.1198 -13.8751 6
      vertex -73.4047 -13.7784 6
    endloop
  endfacet
  facet normal -0.321408 -0.946941 -0
    outer loop
      vertex -73.1198 -13.8751 6
      vertex -73.4047 -13.7784 0
      vertex -73.1198 -13.8751 0
    endloop
  endfacet
  facet normal -0.195093 -0.980785 0
    outer loop
      vertex -73.6998 -13.7197 0
      vertex -73.4047 -13.7784 6
      vertex -73.6998 -13.7197 6
    endloop
  endfacet
  facet normal -0.195093 -0.980785 -0
    outer loop
      vertex -73.4047 -13.7784 6
      vertex -73.6998 -13.7197 0
      vertex -73.4047 -13.7784 0
    endloop
  endfacet
  facet normal -0.442153 -0.89694 0
    outer loop
      vertex -73.1198 -13.8751 0
      vertex -72.85 -14.0081 6
      vertex -73.1198 -13.8751 6
    endloop
  endfacet
  facet normal -0.442153 -0.89694 -0
    outer loop
      vertex -72.85 -14.0081 6
      vertex -73.1198 -13.8751 0
      vertex -72.85 -14.0081 0
    endloop
  endfacet
  facet normal 0.89694 -0.442153 0
    outer loop
      vertex -76.1249 -15.1198 6
      vertex -75.9919 -14.85 0
      vertex -75.9919 -14.85 6
    endloop
  endfacet
  facet normal 0.89694 -0.442153 0
    outer loop
      vertex -75.9919 -14.85 0
      vertex -76.1249 -15.1198 6
      vertex -76.1249 -15.1198 0
    endloop
  endfacet
  facet normal 0.831436 -0.55562 0
    outer loop
      vertex -75.9919 -14.85 6
      vertex -75.8247 -14.5998 0
      vertex -75.8247 -14.5998 6
    endloop
  endfacet
  facet normal 0.831436 -0.55562 0
    outer loop
      vertex -75.8247 -14.5998 0
      vertex -75.9919 -14.85 6
      vertex -75.9919 -14.85 0
    endloop
  endfacet
  facet normal 0.55562 -0.831436 0
    outer loop
      vertex -75.4002 -14.1753 0
      vertex -75.15 -14.0081 6
      vertex -75.4002 -14.1753 6
    endloop
  endfacet
  facet normal 0.55562 -0.831436 0
    outer loop
      vertex -75.15 -14.0081 6
      vertex -75.4002 -14.1753 0
      vertex -75.15 -14.0081 0
    endloop
  endfacet
  facet normal 0.321408 -0.946941 0
    outer loop
      vertex -74.8802 -13.8751 0
      vertex -74.5953 -13.7784 6
      vertex -74.8802 -13.8751 6
    endloop
  endfacet
  facet normal 0.321408 -0.946941 0
    outer loop
      vertex -74.5953 -13.7784 6
      vertex -74.8802 -13.8751 0
      vertex -74.5953 -13.7784 0
    endloop
  endfacet
  facet normal -0.195093 0.980785 0
    outer loop
      vertex -73.4047 -18.2216 0
      vertex -73.6998 -18.2803 6
      vertex -73.4047 -18.2216 6
    endloop
  endfacet
  facet normal -0.195093 0.980785 0
    outer loop
      vertex -73.6998 -18.2803 6
      vertex -73.4047 -18.2216 0
      vertex -73.6998 -18.2803 0
    endloop
  endfacet
  facet normal -0.442153 0.89694 0
    outer loop
      vertex -72.85 -17.9919 0
      vertex -73.1198 -18.1249 6
      vertex -72.85 -17.9919 6
    endloop
  endfacet
  facet normal -0.442153 0.89694 0
    outer loop
      vertex -73.1198 -18.1249 6
      vertex -72.85 -17.9919 0
      vertex -73.1198 -18.1249 0
    endloop
  endfacet
  facet normal -0.946941 -0.321408 0
    outer loop
      vertex -71.7784 -15.4047 0
      vertex -71.8751 -15.1198 6
      vertex -71.8751 -15.1198 0
    endloop
  endfacet
  facet normal -0.946941 -0.321408 0
    outer loop
      vertex -71.8751 -15.1198 6
      vertex -71.7784 -15.4047 0
      vertex -71.7784 -15.4047 6
    endloop
  endfacet
  facet normal -0.980785 -0.195093 0
    outer loop
      vertex -71.7197 -15.6998 0
      vertex -71.7784 -15.4047 6
      vertex -71.7784 -15.4047 0
    endloop
  endfacet
  facet normal -0.980785 -0.195093 0
    outer loop
      vertex -71.7784 -15.4047 6
      vertex -71.7197 -15.6998 0
      vertex -71.7197 -15.6998 6
    endloop
  endfacet
  facet normal -0.751649 -0.659563 0
    outer loop
      vertex -72.1753 -14.5998 0
      vertex -72.3737 -14.3737 6
      vertex -72.3737 -14.3737 0
    endloop
  endfacet
  facet normal -0.751649 -0.659563 0
    outer loop
      vertex -72.3737 -14.3737 6
      vertex -72.1753 -14.5998 0
      vertex -72.1753 -14.5998 6
    endloop
  endfacet
  facet normal -0.0654821 -0.997854 0
    outer loop
      vertex -74 -13.7 0
      vertex -73.6998 -13.7197 6
      vertex -74 -13.7 6
    endloop
  endfacet
  facet normal -0.0654821 -0.997854 -0
    outer loop
      vertex -73.6998 -13.7197 6
      vertex -74 -13.7 0
      vertex -73.6998 -13.7197 0
    endloop
  endfacet
  facet normal -0.55562 -0.831436 0
    outer loop
      vertex -72.85 -14.0081 0
      vertex -72.5998 -14.1753 6
      vertex -72.85 -14.0081 6
    endloop
  endfacet
  facet normal -0.55562 -0.831436 -0
    outer loop
      vertex -72.5998 -14.1753 6
      vertex -72.85 -14.0081 0
      vertex -72.5998 -14.1753 0
    endloop
  endfacet
  facet normal 0.946941 -0.321408 0
    outer loop
      vertex -76.2216 -15.4047 6
      vertex -76.1249 -15.1198 0
      vertex -76.1249 -15.1198 6
    endloop
  endfacet
  facet normal 0.946941 -0.321408 0
    outer loop
      vertex -76.1249 -15.1198 0
      vertex -76.2216 -15.4047 6
      vertex -76.2216 -15.4047 0
    endloop
  endfacet
  facet normal 0.980785 -0.195093 0
    outer loop
      vertex -76.2803 -15.6998 6
      vertex -76.2216 -15.4047 0
      vertex -76.2216 -15.4047 6
    endloop
  endfacet
  facet normal 0.980785 -0.195093 0
    outer loop
      vertex -76.2216 -15.4047 0
      vertex -76.2803 -15.6998 6
      vertex -76.2803 -15.6998 0
    endloop
  endfacet
  facet normal 0.659563 -0.751649 0
    outer loop
      vertex -75.6263 -14.3737 0
      vertex -75.4002 -14.1753 6
      vertex -75.6263 -14.3737 6
    endloop
  endfacet
  facet normal 0.659563 -0.751649 0
    outer loop
      vertex -75.4002 -14.1753 6
      vertex -75.6263 -14.3737 0
      vertex -75.4002 -14.1753 0
    endloop
  endfacet
  facet normal 0.195093 -0.980785 0
    outer loop
      vertex -74.5953 -13.7784 0
      vertex -74.3002 -13.7197 6
      vertex -74.5953 -13.7784 6
    endloop
  endfacet
  facet normal 0.195093 -0.980785 0
    outer loop
      vertex -74.3002 -13.7197 6
      vertex -74.5953 -13.7784 0
      vertex -74.3002 -13.7197 0
    endloop
  endfacet
  facet normal -0.997854 0.0654821 0
    outer loop
      vertex -71.7197 -16.3002 0
      vertex -71.7 -16 6
      vertex -71.7 -16 0
    endloop
  endfacet
  facet normal -0.997854 0.0654821 0
    outer loop
      vertex -71.7 -16 6
      vertex -71.7197 -16.3002 0
      vertex -71.7197 -16.3002 6
    endloop
  endfacet
  facet normal -0.946941 0.321408 0
    outer loop
      vertex -71.8751 -16.8802 0
      vertex -71.7784 -16.5953 6
      vertex -71.7784 -16.5953 0
    endloop
  endfacet
  facet normal -0.946941 0.321408 0
    outer loop
      vertex -71.7784 -16.5953 6
      vertex -71.8751 -16.8802 0
      vertex -71.8751 -16.8802 6
    endloop
  endfacet
  facet normal -0.980785 0.195093 0
    outer loop
      vertex -71.7784 -16.5953 0
      vertex -71.7197 -16.3002 6
      vertex -71.7197 -16.3002 0
    endloop
  endfacet
  facet normal -0.980785 0.195093 0
    outer loop
      vertex -71.7197 -16.3002 6
      vertex -71.7784 -16.5953 0
      vertex -71.7784 -16.5953 6
    endloop
  endfacet
  facet normal 0.89694 0.442153 0
    outer loop
      vertex -75.9919 -17.15 6
      vertex -76.1249 -16.8802 0
      vertex -76.1249 -16.8802 6
    endloop
  endfacet
  facet normal 0.89694 0.442153 0
    outer loop
      vertex -76.1249 -16.8802 0
      vertex -75.9919 -17.15 6
      vertex -75.9919 -17.15 0
    endloop
  endfacet
  facet normal -0.55562 0.831436 0
    outer loop
      vertex -72.5998 -17.8247 0
      vertex -72.85 -17.9919 6
      vertex -72.5998 -17.8247 6
    endloop
  endfacet
  facet normal -0.55562 0.831436 0
    outer loop
      vertex -72.85 -17.9919 6
      vertex -72.5998 -17.8247 0
      vertex -72.85 -17.9919 0
    endloop
  endfacet
  facet normal 0.980785 0.195093 0
    outer loop
      vertex -76.2216 -16.5953 6
      vertex -76.2803 -16.3002 0
      vertex -76.2803 -16.3002 6
    endloop
  endfacet
  facet normal 0.980785 0.195093 0
    outer loop
      vertex -76.2803 -16.3002 0
      vertex -76.2216 -16.5953 6
      vertex -76.2216 -16.5953 0
    endloop
  endfacet
  facet normal 0.997854 0.0654821 0
    outer loop
      vertex -76.2803 -16.3002 6
      vertex -76.3 -16 0
      vertex -76.3 -16 6
    endloop
  endfacet
  facet normal 0.997854 0.0654821 0
    outer loop
      vertex -76.3 -16 0
      vertex -76.2803 -16.3002 6
      vertex -76.2803 -16.3002 0
    endloop
  endfacet
  facet normal 0.946941 0.321408 0
    outer loop
      vertex -76.1249 -16.8802 6
      vertex -76.2216 -16.5953 0
      vertex -76.2216 -16.5953 6
    endloop
  endfacet
  facet normal 0.946941 0.321408 0
    outer loop
      vertex -76.2216 -16.5953 0
      vertex -76.1249 -16.8802 6
      vertex -76.1249 -16.8802 0
    endloop
  endfacet
  facet normal -0.659563 0.751649 0
    outer loop
      vertex -72.3737 -17.6263 0
      vertex -72.5998 -17.8247 6
      vertex -72.3737 -17.6263 6
    endloop
  endfacet
  facet normal -0.659563 0.751649 0
    outer loop
      vertex -72.5998 -17.8247 6
      vertex -72.3737 -17.6263 0
      vertex -72.5998 -17.8247 0
    endloop
  endfacet
  facet normal -0.321408 0.946941 0
    outer loop
      vertex -73.1198 -18.1249 0
      vertex -73.4047 -18.2216 6
      vertex -73.1198 -18.1249 6
    endloop
  endfacet
  facet normal -0.321408 0.946941 0
    outer loop
      vertex -73.4047 -18.2216 6
      vertex -73.1198 -18.1249 0
      vertex -73.4047 -18.2216 0
    endloop
  endfacet
  facet normal -0.89694 0.442153 0
    outer loop
      vertex -72.0081 -17.15 0
      vertex -71.8751 -16.8802 6
      vertex -71.8751 -16.8802 0
    endloop
  endfacet
  facet normal -0.89694 0.442153 0
    outer loop
      vertex -71.8751 -16.8802 6
      vertex -72.0081 -17.15 0
      vertex -72.0081 -17.15 6
    endloop
  endfacet
  facet normal -0.831436 0.55562 0
    outer loop
      vertex -72.1753 -17.4002 0
      vertex -72.0081 -17.15 6
      vertex -72.0081 -17.15 0
    endloop
  endfacet
  facet normal -0.831436 0.55562 0
    outer loop
      vertex -72.0081 -17.15 6
      vertex -72.1753 -17.4002 0
      vertex -72.1753 -17.4002 6
    endloop
  endfacet
  facet normal 0.0654821 0.997854 -0
    outer loop
      vertex -74 -18.3 0
      vertex -74.3002 -18.2803 6
      vertex -74 -18.3 6
    endloop
  endfacet
  facet normal 0.0654821 0.997854 0
    outer loop
      vertex -74.3002 -18.2803 6
      vertex -74 -18.3 0
      vertex -74.3002 -18.2803 0
    endloop
  endfacet
  facet normal 0.321408 0.946941 -0
    outer loop
      vertex -74.5953 -18.2216 0
      vertex -74.8802 -18.1249 6
      vertex -74.5953 -18.2216 6
    endloop
  endfacet
  facet normal 0.321408 0.946941 0
    outer loop
      vertex -74.8802 -18.1249 6
      vertex -74.5953 -18.2216 0
      vertex -74.8802 -18.1249 0
    endloop
  endfacet
  facet normal 0.195093 0.980785 -0
    outer loop
      vertex -74.3002 -18.2803 0
      vertex -74.5953 -18.2216 6
      vertex -74.3002 -18.2803 6
    endloop
  endfacet
  facet normal 0.195093 0.980785 0
    outer loop
      vertex -74.5953 -18.2216 6
      vertex -74.3002 -18.2803 0
      vertex -74.5953 -18.2216 0
    endloop
  endfacet
  facet normal 0.751649 0.659563 0
    outer loop
      vertex -75.6263 -17.6263 6
      vertex -75.8247 -17.4002 0
      vertex -75.8247 -17.4002 6
    endloop
  endfacet
  facet normal 0.751649 0.659563 0
    outer loop
      vertex -75.8247 -17.4002 0
      vertex -75.6263 -17.6263 6
      vertex -75.6263 -17.6263 0
    endloop
  endfacet
  facet normal 0.659563 0.751649 -0
    outer loop
      vertex -75.4002 -17.8247 0
      vertex -75.6263 -17.6263 6
      vertex -75.4002 -17.8247 6
    endloop
  endfacet
  facet normal 0.659563 0.751649 0
    outer loop
      vertex -75.6263 -17.6263 6
      vertex -75.4002 -17.8247 0
      vertex -75.6263 -17.6263 0
    endloop
  endfacet
  facet normal -0.751649 0.659563 0
    outer loop
      vertex -72.3737 -17.6263 0
      vertex -72.1753 -17.4002 6
      vertex -72.1753 -17.4002 0
    endloop
  endfacet
  facet normal -0.751649 0.659563 0
    outer loop
      vertex -72.1753 -17.4002 6
      vertex -72.3737 -17.6263 0
      vertex -72.3737 -17.6263 6
    endloop
  endfacet
  facet normal 0.55562 0.831436 -0
    outer loop
      vertex -75.15 -17.9919 0
      vertex -75.4002 -17.8247 6
      vertex -75.15 -17.9919 6
    endloop
  endfacet
  facet normal 0.55562 0.831436 0
    outer loop
      vertex -75.4002 -17.8247 6
      vertex -75.15 -17.9919 0
      vertex -75.4002 -17.8247 0
    endloop
  endfacet
  facet normal 0.831436 0.55562 0
    outer loop
      vertex -75.8247 -17.4002 6
      vertex -75.9919 -17.15 0
      vertex -75.9919 -17.15 6
    endloop
  endfacet
  facet normal 0.831436 0.55562 0
    outer loop
      vertex -75.9919 -17.15 0
      vertex -75.8247 -17.4002 6
      vertex -75.8247 -17.4002 0
    endloop
  endfacet
  facet normal 0.442153 0.89694 -0
    outer loop
      vertex -74.8802 -18.1249 0
      vertex -75.15 -17.9919 6
      vertex -74.8802 -18.1249 6
    endloop
  endfacet
  facet normal 0.442153 0.89694 0
    outer loop
      vertex -75.15 -17.9919 6
      vertex -74.8802 -18.1249 0
      vertex -75.15 -17.9919 0
    endloop
  endfacet
endsolid OpenSCAD_Model
